2026/03/27 12:34:54 - mmengine - INFO - 
------------------------------------------------------------
System environment:
    sys.platform: linux
    Python: 3.10.20 (main, Mar 11 2026, 17:46:40) [GCC 14.3.0]
    CUDA available: True
    MUSA available: False
    numpy_random_seed: 2030892426
    GPU 0: NVIDIA GeForce RTX 3080 Ti
    CUDA_HOME: /usr/local/cuda
    NVCC: Cuda compilation tools, release 11.4, V11.4.48
    GCC: gcc (Ubuntu 9.4.0-1ubuntu1~20.04.2) 9.4.0
    PyTorch: 2.4.0+cu121
    PyTorch compiling details: PyTorch built with:
  - GCC 9.3
  - C++ Version: 201703
  - Intel(R) oneAPI Math Kernel Library Version 2022.2-Product Build 20220804 for Intel(R) 64 architecture applications
  - Intel(R) MKL-DNN v3.4.2 (Git Hash 1137e04ec0b5251ca2b4400a4fd3c667ce843d67)
  - OpenMP 201511 (a.k.a. OpenMP 4.5)
  - LAPACK is enabled (usually provided by MKL)
  - NNPACK is enabled
  - CPU capability usage: AVX512
  - CUDA Runtime 12.1
  - NVCC architecture flags: -gencode;arch=compute_50,code=sm_50;-gencode;arch=compute_60,code=sm_60;-gencode;arch=compute_70,code=sm_70;-gencode;arch=compute_75,code=sm_75;-gencode;arch=compute_80,code=sm_80;-gencode;arch=compute_86,code=sm_86;-gencode;arch=compute_90,code=sm_90
  - CuDNN 90.1  (built against CUDA 12.4)
  - Magma 2.6.1
  - Build settings: BLAS_INFO=mkl, BUILD_TYPE=Release, CUDA_VERSION=12.1, CUDNN_VERSION=9.1.0, CXX_COMPILER=/opt/rh/devtoolset-9/root/usr/bin/c++, CXX_FLAGS= -D_GLIBCXX_USE_CXX11_ABI=0 -fabi-version=11 -fvisibility-inlines-hidden -DUSE_PTHREADPOOL -DNDEBUG -DUSE_KINETO -DLIBKINETO_NOROCTRACER -DUSE_FBGEMM -DUSE_PYTORCH_QNNPACK -DUSE_XNNPACK -DSYMBOLICATE_MOBILE_DEBUG_HANDLE -O2 -fPIC -Wall -Wextra -Werror=return-type -Werror=non-virtual-dtor -Werror=bool-operation -Wnarrowing -Wno-missing-field-initializers -Wno-type-limits -Wno-array-bounds -Wno-unknown-pragmas -Wno-unused-parameter -Wno-unused-function -Wno-unused-result -Wno-strict-overflow -Wno-strict-aliasing -Wno-stringop-overflow -Wsuggest-override -Wno-psabi -Wno-error=pedantic -Wno-error=old-style-cast -Wno-missing-braces -fdiagnostics-color=always -faligned-new -Wno-unused-but-set-variable -Wno-maybe-uninitialized -fno-math-errno -fno-trapping-math -Werror=format -Wno-stringop-overflow, LAPACK_INFO=mkl, PERF_WITH_AVX=1, PERF_WITH_AVX2=1, PERF_WITH_AVX512=1, TORCH_VERSION=2.4.0, USE_CUDA=ON, USE_CUDNN=ON, USE_CUSPARSELT=1, USE_EXCEPTION_PTR=1, USE_GFLAGS=OFF, USE_GLOG=OFF, USE_GLOO=ON, USE_MKL=ON, USE_MKLDNN=ON, USE_MPI=OFF, USE_NCCL=1, USE_NNPACK=ON, USE_OPENMP=ON, USE_ROCM=OFF, USE_ROCM_KERNEL_ASSERT=OFF, 

    TorchVision: 0.19.0+cu121
    OpenCV: 4.13.0
    MMEngine: 0.10.7

Runtime environment:
    cudnn_benchmark: False
    mp_cfg: {'mp_start_method': 'fork', 'opencv_num_threads': 0}
    dist_cfg: {'backend': 'nccl'}
    seed: 2030892426
    Distributed launcher: none
    Distributed training: False
    GPU number: 1
------------------------------------------------------------

2026/03/27 12:34:54 - mmengine - INFO - Config:
angle_version = 'le90'
auto_scale_lr = dict(base_batch_size=4, enable=False)
backend_args = None
custom_imports = dict(
    allow_failed_imports=False, imports=[
        'projects.GSDet_baseline.gsdet',
    ])
data_root = 'data/split_ss_fair1m1.0/'
dataset_type = 'FAIRDataset'
default_hooks = dict(
    checkpoint=dict(interval=1, type='CheckpointHook'),
    logger=dict(interval=50, type='LoggerHook'),
    param_scheduler=dict(type='ParamSchedulerHook'),
    sampler_seed=dict(type='DistSamplerSeedHook'),
    timer=dict(type='IterTimerHook'),
    visualization=dict(type='mmdet.DetVisualizationHook'))
default_scope = 'mmrotate'
env_cfg = dict(
    cudnn_benchmark=False,
    dist_cfg=dict(backend='nccl'),
    mp_cfg=dict(mp_start_method='fork', opencv_num_threads=0))
hbox2hbox = 4
hbox2rbox = 1
launcher = 'none'
load_from = None
log_level = 'INFO'
log_processor = dict(by_epoch=True, type='LogProcessor', window_size=50)
model = dict(
    backbone=dict(
        depth=50,
        frozen_stages=1,
        norm_cfg=dict(requires_grad=True, type='BN'),
        norm_eval=True,
        num_stages=4,
        out_indices=(
            0,
            1,
            2,
            3,
        ),
        style='pytorch',
        type='mmdet.ResNet'),
    data_preprocessor=dict(
        bgr_to_rgb=True,
        boxtype2tensor=False,
        mean=[
            123.675,
            116.28,
            103.53,
        ],
        pad_size_divisor=32,
        std=[
            58.395,
            57.12,
            57.375,
        ],
        type='mmdet.DetDataPreprocessor'),
    init_cfg=dict(
        checkpoint=
        'https://www.modelscope.cn/models/wokaikaixinxin/ai4rs/resolve/master/GSDet_baseline/pretrain/diffusiondet_r50_fpn_500-proposals_1-step_crop-ms-480-800-450k_coco_new2.pth',
        type='Pretrained'),
    neck=dict(
        in_channels=[
            256,
            512,
            1024,
            2048,
        ],
        num_outs=5,
        out_channels=256,
        type='mmdet.FPN'),
    roi_head=dict(
        angle_version='le90',
        bbox_head=[
            dict(
                act_cfg=dict(inplace=True, type='ReLU'),
                angle_version='le90',
                bbox_coder=dict(
                    angle_version='le90',
                    target_means=[
                        0.0,
                        0.0,
                        0.0,
                        0.0,
                        0.0,
                        0.0,
                    ],
                    target_stds=[
                        0.1,
                        0.1,
                        0.1,
                        0.1,
                        0.1,
                        0.1,
                    ],
                    type='MidpointOffsetCoderv2',
                    use_box_type=False),
                cls_predictor_cfg=dict(type='mmdet.Linear'),
                dim_feedforward=2048,
                dropout=0.0,
                dynamic_conv=dict(dynamic_dim=64, dynamic_num=2),
                feat_channels=256,
                loss_bbox=dict(loss_weight=2.0, type='mmdet.L1Loss'),
                loss_cls=dict(
                    alpha=0.25,
                    gamma=2.0,
                    loss_weight=2.0,
                    type='mmdet.FocalLoss',
                    use_sigmoid=True),
                loss_iou=dict(
                    loss_weight=5.0, mode='linear', type='RotatedIoULoss'),
                num_classes=37,
                num_cls_convs=1,
                num_heads=8,
                num_reg_convs=3,
                pooler_resolution=7,
                reg_predictor_cfg=dict(type='mmdet.Linear'),
                type='Hbox2RboxLayer'),
            dict(
                act_cfg=dict(inplace=True, type='ReLU'),
                angle_version='le90',
                bbox_coder=dict(
                    angle_version='le90',
                    edge_swap=True,
                    norm_factor=None,
                    proj_xy=True,
                    target_means=(
                        0.0,
                        0.0,
                        0.0,
                        0.0,
                        0.0,
                    ),
                    target_stds=(
                        1.0,
                        1.0,
                        1.0,
                        1.0,
                        1.0,
                    ),
                    type='DeltaXYWHTRBBoxCoder',
                    use_box_type=False),
                cls_predictor_cfg=dict(type='mmdet.Linear'),
                dim_feedforward=2048,
                dropout=0.0,
                dynamic_conv=dict(dynamic_dim=64, dynamic_num=2),
                feat_channels=256,
                loss_bbox=dict(loss_weight=2.0, type='mmdet.L1Loss'),
                loss_cls=dict(
                    alpha=0.25,
                    gamma=2.0,
                    loss_weight=2.0,
                    type='mmdet.FocalLoss',
                    use_sigmoid=True),
                loss_iou=dict(
                    loss_weight=5.0, mode='linear', type='RotatedIoULoss'),
                num_classes=37,
                num_cls_convs=1,
                num_heads=8,
                num_reg_convs=3,
                pooler_resolution=7,
                reg_predictor_cfg=dict(type='mmdet.Linear'),
                type='Rbox2RboxLayer'),
        ],
        bbox_roi_extractor=[
            dict(
                featmap_strides=[
                    4,
                    8,
                    16,
                    32,
                ],
                out_channels=256,
                roi_layer=dict(
                    output_size=7, sampling_ratio=0, type='RoIAlign'),
                type='mmdet.SingleRoIExtractor'),
            dict(
                featmap_strides=[
                    4,
                    8,
                    16,
                    32,
                ],
                out_channels=256,
                roi_layer=dict(
                    clockwise=True,
                    out_size=7,
                    sample_num=2,
                    type='RoIAlignRotated'),
                type='RotatedSingleRoIExtractor'),
        ],
        num_proposals=900,
        num_stages=2,
        stage_loss_weights=[
            1,
            1,
        ],
        type='Decoder'),
    rpn_head=dict(
        criterion=dict(
            assigner=dict(
                candidate_topk=5,
                center_radius=2.5,
                match_costs=[
                    dict(
                        alpha=0.25,
                        eps=1e-08,
                        gamma=2.0,
                        type='mmdet.FocalLossCost',
                        weight=2.0),
                    dict(
                        box_format='xyxy', type='mmdet.BBoxL1Cost',
                        weight=5.0),
                    dict(iou_mode='giou', type='mmdet.IoUCost', weight=2.0),
                ],
                type='Hbox2HboxLayerMatcher'),
            loss_bbox=dict(
                loss_weight=5.0, reduction='sum', type='mmdet.L1Loss'),
            loss_cls=dict(
                alpha=0.25,
                gamma=2.0,
                loss_weight=2.0,
                reduction='sum',
                type='mmdet.FocalLoss',
                use_sigmoid=True),
            loss_giou=dict(
                loss_weight=2.0, reduction='sum', type='mmdet.GIoULoss'),
            num_classes=37,
            type='Hbox2HboxLayerCriterion'),
        deep_supervision=True,
        feat_channels=256,
        num_classes=37,
        num_heads=4,
        num_proposals=900,
        prior_prob=0.01,
        roi_extractor=dict(
            featmap_strides=[
                4,
                8,
                16,
                32,
                64,
            ],
            out_channels=256,
            roi_layer=dict(output_size=7, sampling_ratio=2, type='RoIAlign'),
            type='mmdet.SingleRoIExtractor'),
        single_head=dict(
            act_cfg=dict(inplace=True, type='ReLU'),
            dim_feedforward=2048,
            dropout=0.0,
            dynamic_conv=dict(dynamic_dim=64, dynamic_num=2),
            num_cls_convs=1,
            num_heads=8,
            num_reg_convs=3,
            type='SingleHbox2HboxHead'),
        type='Hbox2HboxLayer'),
    test_cfg=dict(
        rcnn=dict(
            max_per_img=900,
            nms=dict(iou_threshold=0.6, type='nms_rotated'),
            use_nms=True),
        rpn=None),
    train_cfg=dict(
        rcnn=[
            dict(
                assigner=dict(
                    cls_cost=dict(type='mmdet.FocalLossCost', weight=2.0),
                    iou_cost=dict(
                        iou_mode='iou', type='RotatedIoUCost', weight=5.0),
                    reg_cost=dict(
                        angle_version='le90',
                        box_format='xywht',
                        type='RBBoxL1Cost',
                        weight=2.0),
                    topk=2,
                    type='TopkHungarianAssigner'),
                pos_weight=1,
                sampler=dict(type='mmdet.PseudoSampler')),
            dict(
                assigner=dict(
                    cls_cost=dict(type='mmdet.FocalLossCost', weight=2.0),
                    iou_cost=dict(
                        iou_mode='iou', type='RotatedIoUCost', weight=5.0),
                    reg_cost=dict(
                        angle_version='le90',
                        box_format='xywht',
                        type='RBBoxL1Cost',
                        weight=2.0),
                    topk=2,
                    type='TopkHungarianAssigner'),
                pos_weight=1,
                sampler=dict(type='mmdet.PseudoSampler')),
        ],
        rpn=None),
    type='GSDet')
num_classes = 37
num_proposals = 900
optim_wrapper = dict(
    clip_grad=dict(max_norm=1.0, norm_type=2),
    optimizer=dict(lr=2.5e-05, type='AdamW', weight_decay=0.0001),
    type='OptimWrapper')
param_scheduler = [
    dict(
        begin=0,
        by_epoch=False,
        end=500,
        start_factor=0.3333333333333333,
        type='LinearLR'),
    dict(
        begin=0,
        by_epoch=True,
        end=24,
        gamma=0.1,
        milestones=[
            16,
            22,
        ],
        type='MultiStepLR'),
]
pretrain = 'https://www.modelscope.cn/models/wokaikaixinxin/ai4rs/resolve/master/GSDet_baseline/pretrain/diffusiondet_r50_fpn_500-proposals_1-step_crop-ms-480-800-450k_coco_new2.pth'
rbox2rbox = 1
resume = True
test_cfg = dict(type='TestLoop')
test_dataloader = dict(
    batch_size=4,
    dataset=dict(
        data_prefix=dict(img_path='test/images/'),
        data_root='data/split_ss_fair1m1.0/',
        pipeline=[
            dict(backend_args=None, type='mmdet.LoadImageFromFile'),
            dict(keep_ratio=True, scale=(
                1024,
                1024,
            ), type='mmdet.Resize'),
            dict(
                meta_keys=(
                    'img_id',
                    'img_path',
                    'ori_shape',
                    'img_shape',
                    'scale_factor',
                ),
                type='mmdet.PackDetInputs'),
        ],
        test_mode=True,
        type='FAIRDataset'),
    drop_last=False,
    num_workers=2,
    persistent_workers=True,
    sampler=dict(shuffle=False, type='DefaultSampler'))
test_evaluator = dict(
    format_only=True,
    merge_patches=True,
    outfile_prefix='./work_dirs/fair1m1.0/Task1',
    type='FAIRMetric')
test_pipeline = [
    dict(backend_args=None, type='mmdet.LoadImageFromFile'),
    dict(keep_ratio=True, scale=(
        1024,
        1024,
    ), type='mmdet.Resize'),
    dict(
        meta_keys=(
            'img_id',
            'img_path',
            'ori_shape',
            'img_shape',
            'scale_factor',
        ),
        type='mmdet.PackDetInputs'),
]
train_cfg = dict(max_epochs=24, type='EpochBasedTrainLoop', val_interval=6)
train_dataloader = dict(
    batch_sampler=None,
    batch_size=2,
    dataset=dict(
        ann_file='train/annfiles/',
        data_prefix=dict(img_path='train/images/'),
        data_root='data/split_ss_fair1m1.0/',
        filter_cfg=dict(filter_empty_gt=True),
        pipeline=[
            dict(backend_args=None, type='mmdet.LoadImageFromFile'),
            dict(
                box_type='qbox', type='mmdet.LoadAnnotations', with_bbox=True),
            dict(
                box_type_mapping=dict(gt_bboxes='rbox'),
                type='ConvertBoxType'),
            dict(keep_ratio=True, scale=(
                1024,
                1024,
            ), type='mmdet.Resize'),
            dict(
                direction=[
                    'horizontal',
                    'vertical',
                    'diagonal',
                ],
                prob=0.75,
                type='mmdet.RandomFlip'),
            dict(type='mmdet.PackDetInputs'),
        ],
        type='FAIRDataset'),
    num_workers=2,
    persistent_workers=True,
    sampler=dict(shuffle=True, type='DefaultSampler'))
train_pipeline = [
    dict(backend_args=None, type='mmdet.LoadImageFromFile'),
    dict(box_type='qbox', type='mmdet.LoadAnnotations', with_bbox=True),
    dict(box_type_mapping=dict(gt_bboxes='rbox'), type='ConvertBoxType'),
    dict(keep_ratio=True, scale=(
        1024,
        1024,
    ), type='mmdet.Resize'),
    dict(
        direction=[
            'horizontal',
            'vertical',
            'diagonal',
        ],
        prob=0.75,
        type='mmdet.RandomFlip'),
    dict(type='mmdet.PackDetInputs'),
]
val_cfg = dict(type='ValLoop')
val_dataloader = dict(
    batch_size=4,
    dataset=dict(
        ann_file='train/annfiles/',
        data_prefix=dict(img_path='train/images/'),
        data_root='data/split_ss_fair1m1.0/',
        pipeline=[
            dict(backend_args=None, type='mmdet.LoadImageFromFile'),
            dict(keep_ratio=True, scale=(
                1024,
                1024,
            ), type='mmdet.Resize'),
            dict(
                box_type='qbox', type='mmdet.LoadAnnotations', with_bbox=True),
            dict(
                box_type_mapping=dict(gt_bboxes='rbox'),
                type='ConvertBoxType'),
            dict(
                meta_keys=(
                    'img_id',
                    'img_path',
                    'ori_shape',
                    'img_shape',
                    'scale_factor',
                ),
                type='mmdet.PackDetInputs'),
        ],
        test_mode=True,
        type='FAIRDataset'),
    drop_last=False,
    num_workers=2,
    persistent_workers=True,
    sampler=dict(shuffle=False, type='DefaultSampler'))
val_evaluator = dict(metric='mAP', type='FAIRMetric')
val_pipeline = [
    dict(backend_args=None, type='mmdet.LoadImageFromFile'),
    dict(keep_ratio=True, scale=(
        1024,
        1024,
    ), type='mmdet.Resize'),
    dict(box_type='qbox', type='mmdet.LoadAnnotations', with_bbox=True),
    dict(box_type_mapping=dict(gt_bboxes='rbox'), type='ConvertBoxType'),
    dict(
        meta_keys=(
            'img_id',
            'img_path',
            'ori_shape',
            'img_shape',
            'scale_factor',
        ),
        type='mmdet.PackDetInputs'),
]
vis_backends = [
    dict(type='LocalVisBackend'),
]
visualizer = dict(
    name='visualizer',
    type='RotLocalVisualizer',
    vis_backends=[
        dict(type='LocalVisBackend'),
    ])
work_dir = 'work_dirs/gsdet_fair1m_2gpu'

2026/03/27 12:34:56 - mmengine - INFO - Distributed training is not used, all SyncBatchNorm (SyncBN) layers in the model will be automatically reverted to BatchNormXd layers if they are used.
2026/03/27 12:34:56 - mmengine - INFO - Hooks will be executed in the following order:
before_run:
(VERY_HIGH   ) RuntimeInfoHook                    
(BELOW_NORMAL) LoggerHook                         
 -------------------- 
before_train:
(VERY_HIGH   ) RuntimeInfoHook                    
(NORMAL      ) IterTimerHook                      
(VERY_LOW    ) CheckpointHook                     
 -------------------- 
before_train_epoch:
(VERY_HIGH   ) RuntimeInfoHook                    
(NORMAL      ) IterTimerHook                      
(NORMAL      ) DistSamplerSeedHook                
 -------------------- 
before_train_iter:
(VERY_HIGH   ) RuntimeInfoHook                    
(NORMAL      ) IterTimerHook                      
 -------------------- 
after_train_iter:
(VERY_HIGH   ) RuntimeInfoHook                    
(NORMAL      ) IterTimerHook                      
(BELOW_NORMAL) LoggerHook                         
(LOW         ) ParamSchedulerHook                 
(VERY_LOW    ) CheckpointHook                     
 -------------------- 
after_train_epoch:
(NORMAL      ) IterTimerHook                      
(LOW         ) ParamSchedulerHook                 
(VERY_LOW    ) CheckpointHook                     
 -------------------- 
before_val:
(VERY_HIGH   ) RuntimeInfoHook                    
 -------------------- 
before_val_epoch:
(NORMAL      ) IterTimerHook                      
 -------------------- 
before_val_iter:
(NORMAL      ) IterTimerHook                      
 -------------------- 
after_val_iter:
(NORMAL      ) IterTimerHook                      
(NORMAL      ) DetVisualizationHook               
(BELOW_NORMAL) LoggerHook                         
 -------------------- 
after_val_epoch:
(VERY_HIGH   ) RuntimeInfoHook                    
(NORMAL      ) IterTimerHook                      
(BELOW_NORMAL) LoggerHook                         
(LOW         ) ParamSchedulerHook                 
(VERY_LOW    ) CheckpointHook                     
 -------------------- 
after_val:
(VERY_HIGH   ) RuntimeInfoHook                    
 -------------------- 
after_train:
(VERY_HIGH   ) RuntimeInfoHook                    
(VERY_LOW    ) CheckpointHook                     
 -------------------- 
before_test:
(VERY_HIGH   ) RuntimeInfoHook                    
 -------------------- 
before_test_epoch:
(NORMAL      ) IterTimerHook                      
 -------------------- 
before_test_iter:
(NORMAL      ) IterTimerHook                      
 -------------------- 
after_test_iter:
(NORMAL      ) IterTimerHook                      
(NORMAL      ) DetVisualizationHook               
(BELOW_NORMAL) LoggerHook                         
 -------------------- 
after_test_epoch:
(VERY_HIGH   ) RuntimeInfoHook                    
(NORMAL      ) IterTimerHook                      
(BELOW_NORMAL) LoggerHook                         
 -------------------- 
after_test:
(VERY_HIGH   ) RuntimeInfoHook                    
 -------------------- 
after_run:
(BELOW_NORMAL) LoggerHook                         
 -------------------- 
2026/03/27 12:35:38 - mmengine - WARNING - Failed to search registry with scope "mmrotate" in the "optim_wrapper" registry tree. As a workaround, the current "optim_wrapper" registry in "mmengine" is used to build instance. This may cause unexpected failure when running the built modules. Please check whether "mmrotate" is a correct scope, or whether the registry is initialized.
2026/03/27 12:35:42 - mmengine - INFO - load model from: https://www.modelscope.cn/models/wokaikaixinxin/ai4rs/resolve/master/GSDet_baseline/pretrain/diffusiondet_r50_fpn_500-proposals_1-step_crop-ms-480-800-450k_coco_new2.pth
2026/03/27 12:35:42 - mmengine - INFO - Loads checkpoint by http backend from path: https://www.modelscope.cn/models/wokaikaixinxin/ai4rs/resolve/master/GSDet_baseline/pretrain/diffusiondet_r50_fpn_500-proposals_1-step_crop-ms-480-800-450k_coco_new2.pth
2026/03/27 12:35:43 - mmengine - WARNING - The model and loaded state dict do not match exactly

size mismatch for rpn_head.head_series.0.class_logits.weight: copying a param with shape torch.Size([80, 256]) from checkpoint, the shape in current model is torch.Size([37, 256]).
size mismatch for rpn_head.head_series.0.class_logits.bias: copying a param with shape torch.Size([80]) from checkpoint, the shape in current model is torch.Size([37]).
size mismatch for rpn_head.head_series.1.class_logits.weight: copying a param with shape torch.Size([80, 256]) from checkpoint, the shape in current model is torch.Size([37, 256]).
size mismatch for rpn_head.head_series.1.class_logits.bias: copying a param with shape torch.Size([80]) from checkpoint, the shape in current model is torch.Size([37]).
size mismatch for rpn_head.head_series.2.class_logits.weight: copying a param with shape torch.Size([80, 256]) from checkpoint, the shape in current model is torch.Size([37, 256]).
size mismatch for rpn_head.head_series.2.class_logits.bias: copying a param with shape torch.Size([80]) from checkpoint, the shape in current model is torch.Size([37]).
size mismatch for rpn_head.head_series.3.class_logits.weight: copying a param with shape torch.Size([80, 256]) from checkpoint, the shape in current model is torch.Size([37, 256]).
size mismatch for rpn_head.head_series.3.class_logits.bias: copying a param with shape torch.Size([80]) from checkpoint, the shape in current model is torch.Size([37]).
unexpected key in source state_dict: bbox_head.betas, bbox_head.alphas_cumprod, bbox_head.alphas_cumprod_prev, bbox_head.sqrt_alphas_cumprod, bbox_head.sqrt_one_minus_alphas_cumprod, bbox_head.log_one_minus_alphas_cumprod, bbox_head.sqrt_recip_alphas_cumprod, bbox_head.sqrt_recipm1_alphas_cumprod, bbox_head.posterior_variance, bbox_head.posterior_log_variance_clipped, bbox_head.posterior_mean_coef1, bbox_head.posterior_mean_coef2, bbox_head.head_series.4.self_attn.in_proj_weight, bbox_head.head_series.4.self_attn.in_proj_bias, bbox_head.head_series.4.self_attn.out_proj.weight, bbox_head.head_series.4.self_attn.out_proj.bias, bbox_head.head_series.4.inst_interact.dynamic_layer.weight, bbox_head.head_series.4.inst_interact.dynamic_layer.bias, bbox_head.head_series.4.inst_interact.norm1.weight, bbox_head.head_series.4.inst_interact.norm1.bias, bbox_head.head_series.4.inst_interact.norm2.weight, bbox_head.head_series.4.inst_interact.norm2.bias, bbox_head.head_series.4.inst_interact.out_layer.weight, bbox_head.head_series.4.inst_interact.out_layer.bias, bbox_head.head_series.4.inst_interact.norm3.weight, bbox_head.head_series.4.inst_interact.norm3.bias, bbox_head.head_series.4.linear1.weight, bbox_head.head_series.4.linear1.bias, bbox_head.head_series.4.linear2.weight, bbox_head.head_series.4.linear2.bias, bbox_head.head_series.4.norm1.weight, bbox_head.head_series.4.norm1.bias, bbox_head.head_series.4.norm2.weight, bbox_head.head_series.4.norm2.bias, bbox_head.head_series.4.norm3.weight, bbox_head.head_series.4.norm3.bias, bbox_head.head_series.4.block_time_mlp.1.weight, bbox_head.head_series.4.block_time_mlp.1.bias, bbox_head.head_series.4.cls_module.0.weight, bbox_head.head_series.4.cls_module.1.weight, bbox_head.head_series.4.cls_module.1.bias, bbox_head.head_series.4.reg_module.0.weight, bbox_head.head_series.4.reg_module.1.weight, bbox_head.head_series.4.reg_module.1.bias, bbox_head.head_series.4.reg_module.3.weight, bbox_head.head_series.4.reg_module.4.weight, bbox_head.head_series.4.reg_module.4.bias, bbox_head.head_series.4.reg_module.6.weight, bbox_head.head_series.4.reg_module.7.weight, bbox_head.head_series.4.reg_module.7.bias, bbox_head.head_series.4.class_logits.weight, bbox_head.head_series.4.class_logits.bias, bbox_head.head_series.4.bboxes_delta.weight, bbox_head.head_series.4.bboxes_delta.bias, bbox_head.head_series.5.self_attn.in_proj_weight, bbox_head.head_series.5.self_attn.in_proj_bias, bbox_head.head_series.5.self_attn.out_proj.weight, bbox_head.head_series.5.self_attn.out_proj.bias, bbox_head.head_series.5.inst_interact.dynamic_layer.weight, bbox_head.head_series.5.inst_interact.dynamic_layer.bias, bbox_head.head_series.5.inst_interact.norm1.weight, bbox_head.head_series.5.inst_interact.norm1.bias, bbox_head.head_series.5.inst_interact.norm2.weight, bbox_head.head_series.5.inst_interact.norm2.bias, bbox_head.head_series.5.inst_interact.out_layer.weight, bbox_head.head_series.5.inst_interact.out_layer.bias, bbox_head.head_series.5.inst_interact.norm3.weight, bbox_head.head_series.5.inst_interact.norm3.bias, bbox_head.head_series.5.linear1.weight, bbox_head.head_series.5.linear1.bias, bbox_head.head_series.5.linear2.weight, bbox_head.head_series.5.linear2.bias, bbox_head.head_series.5.norm1.weight, bbox_head.head_series.5.norm1.bias, bbox_head.head_series.5.norm2.weight, bbox_head.head_series.5.norm2.bias, bbox_head.head_series.5.norm3.weight, bbox_head.head_series.5.norm3.bias, bbox_head.head_series.5.block_time_mlp.1.weight, bbox_head.head_series.5.block_time_mlp.1.bias, bbox_head.head_series.5.cls_module.0.weight, bbox_head.head_series.5.cls_module.1.weight, bbox_head.head_series.5.cls_module.1.bias, bbox_head.head_series.5.reg_module.0.weight, bbox_head.head_series.5.reg_module.1.weight, bbox_head.head_series.5.reg_module.1.bias, bbox_head.head_series.5.reg_module.3.weight, bbox_head.head_series.5.reg_module.4.weight, bbox_head.head_series.5.reg_module.4.bias, bbox_head.head_series.5.reg_module.6.weight, bbox_head.head_series.5.reg_module.7.weight, bbox_head.head_series.5.reg_module.7.bias, bbox_head.head_series.5.class_logits.weight, bbox_head.head_series.5.class_logits.bias, bbox_head.head_series.5.bboxes_delta.weight, bbox_head.head_series.5.bboxes_delta.bias, bbox_head.time_mlp.1.weight, bbox_head.time_mlp.1.bias, bbox_head.time_mlp.3.weight, bbox_head.time_mlp.3.bias, rpn_head.head_series.0.block_time_mlp.1.weight, rpn_head.head_series.0.block_time_mlp.1.bias, rpn_head.head_series.1.block_time_mlp.1.weight, rpn_head.head_series.1.block_time_mlp.1.bias, rpn_head.head_series.2.block_time_mlp.1.weight, rpn_head.head_series.2.block_time_mlp.1.bias, rpn_head.head_series.3.block_time_mlp.1.weight, rpn_head.head_series.3.block_time_mlp.1.bias

missing keys in source state_dict: roi_head.bbox_head.0.fc_cls.weight, roi_head.bbox_head.0.fc_cls.bias, roi_head.bbox_head.0.fc_reg.weight, roi_head.bbox_head.0.fc_reg.bias, roi_head.bbox_head.0.self_attn.in_proj_weight, roi_head.bbox_head.0.self_attn.in_proj_bias, roi_head.bbox_head.0.self_attn.out_proj.weight, roi_head.bbox_head.0.self_attn.out_proj.bias, roi_head.bbox_head.0.inst_interact.dynamic_layer.weight, roi_head.bbox_head.0.inst_interact.dynamic_layer.bias, roi_head.bbox_head.0.inst_interact.norm1.weight, roi_head.bbox_head.0.inst_interact.norm1.bias, roi_head.bbox_head.0.inst_interact.norm2.weight, roi_head.bbox_head.0.inst_interact.norm2.bias, roi_head.bbox_head.0.inst_interact.out_layer.weight, roi_head.bbox_head.0.inst_interact.out_layer.bias, roi_head.bbox_head.0.inst_interact.norm3.weight, roi_head.bbox_head.0.inst_interact.norm3.bias, roi_head.bbox_head.0.linear1.weight, roi_head.bbox_head.0.linear1.bias, roi_head.bbox_head.0.linear2.weight, roi_head.bbox_head.0.linear2.bias, roi_head.bbox_head.0.norm1.weight, roi_head.bbox_head.0.norm1.bias, roi_head.bbox_head.0.norm2.weight, roi_head.bbox_head.0.norm2.bias, roi_head.bbox_head.0.norm3.weight, roi_head.bbox_head.0.norm3.bias, roi_head.bbox_head.0.cls_module.0.weight, roi_head.bbox_head.0.cls_module.1.weight, roi_head.bbox_head.0.cls_module.1.bias, roi_head.bbox_head.0.reg_module.0.weight, roi_head.bbox_head.0.reg_module.1.weight, roi_head.bbox_head.0.reg_module.1.bias, roi_head.bbox_head.0.reg_module.3.weight, roi_head.bbox_head.0.reg_module.4.weight, roi_head.bbox_head.0.reg_module.4.bias, roi_head.bbox_head.0.reg_module.6.weight, roi_head.bbox_head.0.reg_module.7.weight, roi_head.bbox_head.0.reg_module.7.bias, roi_head.bbox_head.1.fc_cls.weight, roi_head.bbox_head.1.fc_cls.bias, roi_head.bbox_head.1.fc_reg.weight, roi_head.bbox_head.1.fc_reg.bias, roi_head.bbox_head.1.self_attn.in_proj_weight, roi_head.bbox_head.1.self_attn.in_proj_bias, roi_head.bbox_head.1.self_attn.out_proj.weight, roi_head.bbox_head.1.self_attn.out_proj.bias, roi_head.bbox_head.1.inst_interact.dynamic_layer.weight, roi_head.bbox_head.1.inst_interact.dynamic_layer.bias, roi_head.bbox_head.1.inst_interact.norm1.weight, roi_head.bbox_head.1.inst_interact.norm1.bias, roi_head.bbox_head.1.inst_interact.norm2.weight, roi_head.bbox_head.1.inst_interact.norm2.bias, roi_head.bbox_head.1.inst_interact.out_layer.weight, roi_head.bbox_head.1.inst_interact.out_layer.bias, roi_head.bbox_head.1.inst_interact.norm3.weight, roi_head.bbox_head.1.inst_interact.norm3.bias, roi_head.bbox_head.1.linear1.weight, roi_head.bbox_head.1.linear1.bias, roi_head.bbox_head.1.linear2.weight, roi_head.bbox_head.1.linear2.bias, roi_head.bbox_head.1.norm1.weight, roi_head.bbox_head.1.norm1.bias, roi_head.bbox_head.1.norm2.weight, roi_head.bbox_head.1.norm2.bias, roi_head.bbox_head.1.norm3.weight, roi_head.bbox_head.1.norm3.bias, roi_head.bbox_head.1.cls_module.0.weight, roi_head.bbox_head.1.cls_module.1.weight, roi_head.bbox_head.1.cls_module.1.bias, roi_head.bbox_head.1.reg_module.0.weight, roi_head.bbox_head.1.reg_module.1.weight, roi_head.bbox_head.1.reg_module.1.bias, roi_head.bbox_head.1.reg_module.3.weight, roi_head.bbox_head.1.reg_module.4.weight, roi_head.bbox_head.1.reg_module.4.bias, roi_head.bbox_head.1.reg_module.6.weight, roi_head.bbox_head.1.reg_module.7.weight, roi_head.bbox_head.1.reg_module.7.bias

Name of parameter - Initialization information

backbone.conv1.weight - torch.Size([64, 3, 7, 7]): 
PretrainedInit: load from https://www.modelscope.cn/models/wokaikaixinxin/ai4rs/resolve/master/GSDet_baseline/pretrain/diffusiondet_r50_fpn_500-proposals_1-step_crop-ms-480-800-450k_coco_new2.pth 

backbone.bn1.weight - torch.Size([64]): 
PretrainedInit: load from https://www.modelscope.cn/models/wokaikaixinxin/ai4rs/resolve/master/GSDet_baseline/pretrain/diffusiondet_r50_fpn_500-proposals_1-step_crop-ms-480-800-450k_coco_new2.pth 

backbone.bn1.bias - torch.Size([64]): 
PretrainedInit: load from https://www.modelscope.cn/models/wokaikaixinxin/ai4rs/resolve/master/GSDet_baseline/pretrain/diffusiondet_r50_fpn_500-proposals_1-step_crop-ms-480-800-450k_coco_new2.pth 

backbone.layer1.0.conv1.weight - torch.Size([64, 64, 1, 1]): 
PretrainedInit: load from https://www.modelscope.cn/models/wokaikaixinxin/ai4rs/resolve/master/GSDet_baseline/pretrain/diffusiondet_r50_fpn_500-proposals_1-step_crop-ms-480-800-450k_coco_new2.pth 

backbone.layer1.0.bn1.weight - torch.Size([64]): 
PretrainedInit: load from https://www.modelscope.cn/models/wokaikaixinxin/ai4rs/resolve/master/GSDet_baseline/pretrain/diffusiondet_r50_fpn_500-proposals_1-step_crop-ms-480-800-450k_coco_new2.pth 

backbone.layer1.0.bn1.bias - torch.Size([64]): 
PretrainedInit: load from https://www.modelscope.cn/models/wokaikaixinxin/ai4rs/resolve/master/GSDet_baseline/pretrain/diffusiondet_r50_fpn_500-proposals_1-step_crop-ms-480-800-450k_coco_new2.pth 

backbone.layer1.0.conv2.weight - torch.Size([64, 64, 3, 3]): 
PretrainedInit: load from https://www.modelscope.cn/models/wokaikaixinxin/ai4rs/resolve/master/GSDet_baseline/pretrain/diffusiondet_r50_fpn_500-proposals_1-step_crop-ms-480-800-450k_coco_new2.pth 

backbone.layer1.0.bn2.weight - torch.Size([64]): 
PretrainedInit: load from https://www.modelscope.cn/models/wokaikaixinxin/ai4rs/resolve/master/GSDet_baseline/pretrain/diffusiondet_r50_fpn_500-proposals_1-step_crop-ms-480-800-450k_coco_new2.pth 

backbone.layer1.0.bn2.bias - torch.Size([64]): 
PretrainedInit: load from https://www.modelscope.cn/models/wokaikaixinxin/ai4rs/resolve/master/GSDet_baseline/pretrain/diffusiondet_r50_fpn_500-proposals_1-step_crop-ms-480-800-450k_coco_new2.pth 

backbone.layer1.0.conv3.weight - torch.Size([256, 64, 1, 1]): 
PretrainedInit: load from https://www.modelscope.cn/models/wokaikaixinxin/ai4rs/resolve/master/GSDet_baseline/pretrain/diffusiondet_r50_fpn_500-proposals_1-step_crop-ms-480-800-450k_coco_new2.pth 

backbone.layer1.0.bn3.weight - torch.Size([256]): 
PretrainedInit: load from https://www.modelscope.cn/models/wokaikaixinxin/ai4rs/resolve/master/GSDet_baseline/pretrain/diffusiondet_r50_fpn_500-proposals_1-step_crop-ms-480-800-450k_coco_new2.pth 

backbone.layer1.0.bn3.bias - torch.Size([256]): 
PretrainedInit: load from https://www.modelscope.cn/models/wokaikaixinxin/ai4rs/resolve/master/GSDet_baseline/pretrain/diffusiondet_r50_fpn_500-proposals_1-step_crop-ms-480-800-450k_coco_new2.pth 

backbone.layer1.0.downsample.0.weight - torch.Size([256, 64, 1, 1]): 
PretrainedInit: load from https://www.modelscope.cn/models/wokaikaixinxin/ai4rs/resolve/master/GSDet_baseline/pretrain/diffusiondet_r50_fpn_500-proposals_1-step_crop-ms-480-800-450k_coco_new2.pth 

backbone.layer1.0.downsample.1.weight - torch.Size([256]): 
PretrainedInit: load from https://www.modelscope.cn/models/wokaikaixinxin/ai4rs/resolve/master/GSDet_baseline/pretrain/diffusiondet_r50_fpn_500-proposals_1-step_crop-ms-480-800-450k_coco_new2.pth 

backbone.layer1.0.downsample.1.bias - torch.Size([256]): 
PretrainedInit: load from https://www.modelscope.cn/models/wokaikaixinxin/ai4rs/resolve/master/GSDet_baseline/pretrain/diffusiondet_r50_fpn_500-proposals_1-step_crop-ms-480-800-450k_coco_new2.pth 

backbone.layer1.1.conv1.weight - torch.Size([64, 256, 1, 1]): 
PretrainedInit: load from https://www.modelscope.cn/models/wokaikaixinxin/ai4rs/resolve/master/GSDet_baseline/pretrain/diffusiondet_r50_fpn_500-proposals_1-step_crop-ms-480-800-450k_coco_new2.pth 

backbone.layer1.1.bn1.weight - torch.Size([64]): 
PretrainedInit: load from https://www.modelscope.cn/models/wokaikaixinxin/ai4rs/resolve/master/GSDet_baseline/pretrain/diffusiondet_r50_fpn_500-proposals_1-step_crop-ms-480-800-450k_coco_new2.pth 

backbone.layer1.1.bn1.bias - torch.Size([64]): 
PretrainedInit: load from https://www.modelscope.cn/models/wokaikaixinxin/ai4rs/resolve/master/GSDet_baseline/pretrain/diffusiondet_r50_fpn_500-proposals_1-step_crop-ms-480-800-450k_coco_new2.pth 

backbone.layer1.1.conv2.weight - torch.Size([64, 64, 3, 3]): 
PretrainedInit: load from https://www.modelscope.cn/models/wokaikaixinxin/ai4rs/resolve/master/GSDet_baseline/pretrain/diffusiondet_r50_fpn_500-proposals_1-step_crop-ms-480-800-450k_coco_new2.pth 

backbone.layer1.1.bn2.weight - torch.Size([64]): 
PretrainedInit: load from https://www.modelscope.cn/models/wokaikaixinxin/ai4rs/resolve/master/GSDet_baseline/pretrain/diffusiondet_r50_fpn_500-proposals_1-step_crop-ms-480-800-450k_coco_new2.pth 

backbone.layer1.1.bn2.bias - torch.Size([64]): 
PretrainedInit: load from https://www.modelscope.cn/models/wokaikaixinxin/ai4rs/resolve/master/GSDet_baseline/pretrain/diffusiondet_r50_fpn_500-proposals_1-step_crop-ms-480-800-450k_coco_new2.pth 

backbone.layer1.1.conv3.weight - torch.Size([256, 64, 1, 1]): 
PretrainedInit: load from https://www.modelscope.cn/models/wokaikaixinxin/ai4rs/resolve/master/GSDet_baseline/pretrain/diffusiondet_r50_fpn_500-proposals_1-step_crop-ms-480-800-450k_coco_new2.pth 

backbone.layer1.1.bn3.weight - torch.Size([256]): 
PretrainedInit: load from https://www.modelscope.cn/models/wokaikaixinxin/ai4rs/resolve/master/GSDet_baseline/pretrain/diffusiondet_r50_fpn_500-proposals_1-step_crop-ms-480-800-450k_coco_new2.pth 

backbone.layer1.1.bn3.bias - torch.Size([256]): 
PretrainedInit: load from https://www.modelscope.cn/models/wokaikaixinxin/ai4rs/resolve/master/GSDet_baseline/pretrain/diffusiondet_r50_fpn_500-proposals_1-step_crop-ms-480-800-450k_coco_new2.pth 

backbone.layer1.2.conv1.weight - torch.Size([64, 256, 1, 1]): 
PretrainedInit: load from https://www.modelscope.cn/models/wokaikaixinxin/ai4rs/resolve/master/GSDet_baseline/pretrain/diffusiondet_r50_fpn_500-proposals_1-step_crop-ms-480-800-450k_coco_new2.pth 

backbone.layer1.2.bn1.weight - torch.Size([64]): 
PretrainedInit: load from https://www.modelscope.cn/models/wokaikaixinxin/ai4rs/resolve/master/GSDet_baseline/pretrain/diffusiondet_r50_fpn_500-proposals_1-step_crop-ms-480-800-450k_coco_new2.pth 

backbone.layer1.2.bn1.bias - torch.Size([64]): 
PretrainedInit: load from https://www.modelscope.cn/models/wokaikaixinxin/ai4rs/resolve/master/GSDet_baseline/pretrain/diffusiondet_r50_fpn_500-proposals_1-step_crop-ms-480-800-450k_coco_new2.pth 

backbone.layer1.2.conv2.weight - torch.Size([64, 64, 3, 3]): 
PretrainedInit: load from https://www.modelscope.cn/models/wokaikaixinxin/ai4rs/resolve/master/GSDet_baseline/pretrain/diffusiondet_r50_fpn_500-proposals_1-step_crop-ms-480-800-450k_coco_new2.pth 

backbone.layer1.2.bn2.weight - torch.Size([64]): 
PretrainedInit: load from https://www.modelscope.cn/models/wokaikaixinxin/ai4rs/resolve/master/GSDet_baseline/pretrain/diffusiondet_r50_fpn_500-proposals_1-step_crop-ms-480-800-450k_coco_new2.pth 

backbone.layer1.2.bn2.bias - torch.Size([64]): 
PretrainedInit: load from https://www.modelscope.cn/models/wokaikaixinxin/ai4rs/resolve/master/GSDet_baseline/pretrain/diffusiondet_r50_fpn_500-proposals_1-step_crop-ms-480-800-450k_coco_new2.pth 

backbone.layer1.2.conv3.weight - torch.Size([256, 64, 1, 1]): 
PretrainedInit: load from https://www.modelscope.cn/models/wokaikaixinxin/ai4rs/resolve/master/GSDet_baseline/pretrain/diffusiondet_r50_fpn_500-proposals_1-step_crop-ms-480-800-450k_coco_new2.pth 

backbone.layer1.2.bn3.weight - torch.Size([256]): 
PretrainedInit: load from https://www.modelscope.cn/models/wokaikaixinxin/ai4rs/resolve/master/GSDet_baseline/pretrain/diffusiondet_r50_fpn_500-proposals_1-step_crop-ms-480-800-450k_coco_new2.pth 

backbone.layer1.2.bn3.bias - torch.Size([256]): 
PretrainedInit: load from https://www.modelscope.cn/models/wokaikaixinxin/ai4rs/resolve/master/GSDet_baseline/pretrain/diffusiondet_r50_fpn_500-proposals_1-step_crop-ms-480-800-450k_coco_new2.pth 

backbone.layer2.0.conv1.weight - torch.Size([128, 256, 1, 1]): 
PretrainedInit: load from https://www.modelscope.cn/models/wokaikaixinxin/ai4rs/resolve/master/GSDet_baseline/pretrain/diffusiondet_r50_fpn_500-proposals_1-step_crop-ms-480-800-450k_coco_new2.pth 

backbone.layer2.0.bn1.weight - torch.Size([128]): 
PretrainedInit: load from https://www.modelscope.cn/models/wokaikaixinxin/ai4rs/resolve/master/GSDet_baseline/pretrain/diffusiondet_r50_fpn_500-proposals_1-step_crop-ms-480-800-450k_coco_new2.pth 

backbone.layer2.0.bn1.bias - torch.Size([128]): 
PretrainedInit: load from https://www.modelscope.cn/models/wokaikaixinxin/ai4rs/resolve/master/GSDet_baseline/pretrain/diffusiondet_r50_fpn_500-proposals_1-step_crop-ms-480-800-450k_coco_new2.pth 

backbone.layer2.0.conv2.weight - torch.Size([128, 128, 3, 3]): 
PretrainedInit: load from https://www.modelscope.cn/models/wokaikaixinxin/ai4rs/resolve/master/GSDet_baseline/pretrain/diffusiondet_r50_fpn_500-proposals_1-step_crop-ms-480-800-450k_coco_new2.pth 

backbone.layer2.0.bn2.weight - torch.Size([128]): 
PretrainedInit: load from https://www.modelscope.cn/models/wokaikaixinxin/ai4rs/resolve/master/GSDet_baseline/pretrain/diffusiondet_r50_fpn_500-proposals_1-step_crop-ms-480-800-450k_coco_new2.pth 

backbone.layer2.0.bn2.bias - torch.Size([128]): 
PretrainedInit: load from https://www.modelscope.cn/models/wokaikaixinxin/ai4rs/resolve/master/GSDet_baseline/pretrain/diffusiondet_r50_fpn_500-proposals_1-step_crop-ms-480-800-450k_coco_new2.pth 

backbone.layer2.0.conv3.weight - torch.Size([512, 128, 1, 1]): 
PretrainedInit: load from https://www.modelscope.cn/models/wokaikaixinxin/ai4rs/resolve/master/GSDet_baseline/pretrain/diffusiondet_r50_fpn_500-proposals_1-step_crop-ms-480-800-450k_coco_new2.pth 

backbone.layer2.0.bn3.weight - torch.Size([512]): 
PretrainedInit: load from https://www.modelscope.cn/models/wokaikaixinxin/ai4rs/resolve/master/GSDet_baseline/pretrain/diffusiondet_r50_fpn_500-proposals_1-step_crop-ms-480-800-450k_coco_new2.pth 

backbone.layer2.0.bn3.bias - torch.Size([512]): 
PretrainedInit: load from https://www.modelscope.cn/models/wokaikaixinxin/ai4rs/resolve/master/GSDet_baseline/pretrain/diffusiondet_r50_fpn_500-proposals_1-step_crop-ms-480-800-450k_coco_new2.pth 

backbone.layer2.0.downsample.0.weight - torch.Size([512, 256, 1, 1]): 
PretrainedInit: load from https://www.modelscope.cn/models/wokaikaixinxin/ai4rs/resolve/master/GSDet_baseline/pretrain/diffusiondet_r50_fpn_500-proposals_1-step_crop-ms-480-800-450k_coco_new2.pth 

backbone.layer2.0.downsample.1.weight - torch.Size([512]): 
PretrainedInit: load from https://www.modelscope.cn/models/wokaikaixinxin/ai4rs/resolve/master/GSDet_baseline/pretrain/diffusiondet_r50_fpn_500-proposals_1-step_crop-ms-480-800-450k_coco_new2.pth 

backbone.layer2.0.downsample.1.bias - torch.Size([512]): 
PretrainedInit: load from https://www.modelscope.cn/models/wokaikaixinxin/ai4rs/resolve/master/GSDet_baseline/pretrain/diffusiondet_r50_fpn_500-proposals_1-step_crop-ms-480-800-450k_coco_new2.pth 

backbone.layer2.1.conv1.weight - torch.Size([128, 512, 1, 1]): 
PretrainedInit: load from https://www.modelscope.cn/models/wokaikaixinxin/ai4rs/resolve/master/GSDet_baseline/pretrain/diffusiondet_r50_fpn_500-proposals_1-step_crop-ms-480-800-450k_coco_new2.pth 

backbone.layer2.1.bn1.weight - torch.Size([128]): 
PretrainedInit: load from https://www.modelscope.cn/models/wokaikaixinxin/ai4rs/resolve/master/GSDet_baseline/pretrain/diffusiondet_r50_fpn_500-proposals_1-step_crop-ms-480-800-450k_coco_new2.pth 

backbone.layer2.1.bn1.bias - torch.Size([128]): 
PretrainedInit: load from https://www.modelscope.cn/models/wokaikaixinxin/ai4rs/resolve/master/GSDet_baseline/pretrain/diffusiondet_r50_fpn_500-proposals_1-step_crop-ms-480-800-450k_coco_new2.pth 

backbone.layer2.1.conv2.weight - torch.Size([128, 128, 3, 3]): 
PretrainedInit: load from https://www.modelscope.cn/models/wokaikaixinxin/ai4rs/resolve/master/GSDet_baseline/pretrain/diffusiondet_r50_fpn_500-proposals_1-step_crop-ms-480-800-450k_coco_new2.pth 

backbone.layer2.1.bn2.weight - torch.Size([128]): 
PretrainedInit: load from https://www.modelscope.cn/models/wokaikaixinxin/ai4rs/resolve/master/GSDet_baseline/pretrain/diffusiondet_r50_fpn_500-proposals_1-step_crop-ms-480-800-450k_coco_new2.pth 

backbone.layer2.1.bn2.bias - torch.Size([128]): 
PretrainedInit: load from https://www.modelscope.cn/models/wokaikaixinxin/ai4rs/resolve/master/GSDet_baseline/pretrain/diffusiondet_r50_fpn_500-proposals_1-step_crop-ms-480-800-450k_coco_new2.pth 

backbone.layer2.1.conv3.weight - torch.Size([512, 128, 1, 1]): 
PretrainedInit: load from https://www.modelscope.cn/models/wokaikaixinxin/ai4rs/resolve/master/GSDet_baseline/pretrain/diffusiondet_r50_fpn_500-proposals_1-step_crop-ms-480-800-450k_coco_new2.pth 

backbone.layer2.1.bn3.weight - torch.Size([512]): 
PretrainedInit: load from https://www.modelscope.cn/models/wokaikaixinxin/ai4rs/resolve/master/GSDet_baseline/pretrain/diffusiondet_r50_fpn_500-proposals_1-step_crop-ms-480-800-450k_coco_new2.pth 

backbone.layer2.1.bn3.bias - torch.Size([512]): 
PretrainedInit: load from https://www.modelscope.cn/models/wokaikaixinxin/ai4rs/resolve/master/GSDet_baseline/pretrain/diffusiondet_r50_fpn_500-proposals_1-step_crop-ms-480-800-450k_coco_new2.pth 

backbone.layer2.2.conv1.weight - torch.Size([128, 512, 1, 1]): 
PretrainedInit: load from https://www.modelscope.cn/models/wokaikaixinxin/ai4rs/resolve/master/GSDet_baseline/pretrain/diffusiondet_r50_fpn_500-proposals_1-step_crop-ms-480-800-450k_coco_new2.pth 

backbone.layer2.2.bn1.weight - torch.Size([128]): 
PretrainedInit: load from https://www.modelscope.cn/models/wokaikaixinxin/ai4rs/resolve/master/GSDet_baseline/pretrain/diffusiondet_r50_fpn_500-proposals_1-step_crop-ms-480-800-450k_coco_new2.pth 

backbone.layer2.2.bn1.bias - torch.Size([128]): 
PretrainedInit: load from https://www.modelscope.cn/models/wokaikaixinxin/ai4rs/resolve/master/GSDet_baseline/pretrain/diffusiondet_r50_fpn_500-proposals_1-step_crop-ms-480-800-450k_coco_new2.pth 

backbone.layer2.2.conv2.weight - torch.Size([128, 128, 3, 3]): 
PretrainedInit: load from https://www.modelscope.cn/models/wokaikaixinxin/ai4rs/resolve/master/GSDet_baseline/pretrain/diffusiondet_r50_fpn_500-proposals_1-step_crop-ms-480-800-450k_coco_new2.pth 

backbone.layer2.2.bn2.weight - torch.Size([128]): 
PretrainedInit: load from https://www.modelscope.cn/models/wokaikaixinxin/ai4rs/resolve/master/GSDet_baseline/pretrain/diffusiondet_r50_fpn_500-proposals_1-step_crop-ms-480-800-450k_coco_new2.pth 

backbone.layer2.2.bn2.bias - torch.Size([128]): 
PretrainedInit: load from https://www.modelscope.cn/models/wokaikaixinxin/ai4rs/resolve/master/GSDet_baseline/pretrain/diffusiondet_r50_fpn_500-proposals_1-step_crop-ms-480-800-450k_coco_new2.pth 

backbone.layer2.2.conv3.weight - torch.Size([512, 128, 1, 1]): 
PretrainedInit: load from https://www.modelscope.cn/models/wokaikaixinxin/ai4rs/resolve/master/GSDet_baseline/pretrain/diffusiondet_r50_fpn_500-proposals_1-step_crop-ms-480-800-450k_coco_new2.pth 

backbone.layer2.2.bn3.weight - torch.Size([512]): 
PretrainedInit: load from https://www.modelscope.cn/models/wokaikaixinxin/ai4rs/resolve/master/GSDet_baseline/pretrain/diffusiondet_r50_fpn_500-proposals_1-step_crop-ms-480-800-450k_coco_new2.pth 

backbone.layer2.2.bn3.bias - torch.Size([512]): 
PretrainedInit: load from https://www.modelscope.cn/models/wokaikaixinxin/ai4rs/resolve/master/GSDet_baseline/pretrain/diffusiondet_r50_fpn_500-proposals_1-step_crop-ms-480-800-450k_coco_new2.pth 

backbone.layer2.3.conv1.weight - torch.Size([128, 512, 1, 1]): 
PretrainedInit: load from https://www.modelscope.cn/models/wokaikaixinxin/ai4rs/resolve/master/GSDet_baseline/pretrain/diffusiondet_r50_fpn_500-proposals_1-step_crop-ms-480-800-450k_coco_new2.pth 

backbone.layer2.3.bn1.weight - torch.Size([128]): 
PretrainedInit: load from https://www.modelscope.cn/models/wokaikaixinxin/ai4rs/resolve/master/GSDet_baseline/pretrain/diffusiondet_r50_fpn_500-proposals_1-step_crop-ms-480-800-450k_coco_new2.pth 

backbone.layer2.3.bn1.bias - torch.Size([128]): 
PretrainedInit: load from https://www.modelscope.cn/models/wokaikaixinxin/ai4rs/resolve/master/GSDet_baseline/pretrain/diffusiondet_r50_fpn_500-proposals_1-step_crop-ms-480-800-450k_coco_new2.pth 

backbone.layer2.3.conv2.weight - torch.Size([128, 128, 3, 3]): 
PretrainedInit: load from https://www.modelscope.cn/models/wokaikaixinxin/ai4rs/resolve/master/GSDet_baseline/pretrain/diffusiondet_r50_fpn_500-proposals_1-step_crop-ms-480-800-450k_coco_new2.pth 

backbone.layer2.3.bn2.weight - torch.Size([128]): 
PretrainedInit: load from https://www.modelscope.cn/models/wokaikaixinxin/ai4rs/resolve/master/GSDet_baseline/pretrain/diffusiondet_r50_fpn_500-proposals_1-step_crop-ms-480-800-450k_coco_new2.pth 

backbone.layer2.3.bn2.bias - torch.Size([128]): 
PretrainedInit: load from https://www.modelscope.cn/models/wokaikaixinxin/ai4rs/resolve/master/GSDet_baseline/pretrain/diffusiondet_r50_fpn_500-proposals_1-step_crop-ms-480-800-450k_coco_new2.pth 

backbone.layer2.3.conv3.weight - torch.Size([512, 128, 1, 1]): 
PretrainedInit: load from https://www.modelscope.cn/models/wokaikaixinxin/ai4rs/resolve/master/GSDet_baseline/pretrain/diffusiondet_r50_fpn_500-proposals_1-step_crop-ms-480-800-450k_coco_new2.pth 

backbone.layer2.3.bn3.weight - torch.Size([512]): 
PretrainedInit: load from https://www.modelscope.cn/models/wokaikaixinxin/ai4rs/resolve/master/GSDet_baseline/pretrain/diffusiondet_r50_fpn_500-proposals_1-step_crop-ms-480-800-450k_coco_new2.pth 

backbone.layer2.3.bn3.bias - torch.Size([512]): 
PretrainedInit: load from https://www.modelscope.cn/models/wokaikaixinxin/ai4rs/resolve/master/GSDet_baseline/pretrain/diffusiondet_r50_fpn_500-proposals_1-step_crop-ms-480-800-450k_coco_new2.pth 

backbone.layer3.0.conv1.weight - torch.Size([256, 512, 1, 1]): 
PretrainedInit: load from https://www.modelscope.cn/models/wokaikaixinxin/ai4rs/resolve/master/GSDet_baseline/pretrain/diffusiondet_r50_fpn_500-proposals_1-step_crop-ms-480-800-450k_coco_new2.pth 

backbone.layer3.0.bn1.weight - torch.Size([256]): 
PretrainedInit: load from https://www.modelscope.cn/models/wokaikaixinxin/ai4rs/resolve/master/GSDet_baseline/pretrain/diffusiondet_r50_fpn_500-proposals_1-step_crop-ms-480-800-450k_coco_new2.pth 

backbone.layer3.0.bn1.bias - torch.Size([256]): 
PretrainedInit: load from https://www.modelscope.cn/models/wokaikaixinxin/ai4rs/resolve/master/GSDet_baseline/pretrain/diffusiondet_r50_fpn_500-proposals_1-step_crop-ms-480-800-450k_coco_new2.pth 

backbone.layer3.0.conv2.weight - torch.Size([256, 256, 3, 3]): 
PretrainedInit: load from https://www.modelscope.cn/models/wokaikaixinxin/ai4rs/resolve/master/GSDet_baseline/pretrain/diffusiondet_r50_fpn_500-proposals_1-step_crop-ms-480-800-450k_coco_new2.pth 

backbone.layer3.0.bn2.weight - torch.Size([256]): 
PretrainedInit: load from https://www.modelscope.cn/models/wokaikaixinxin/ai4rs/resolve/master/GSDet_baseline/pretrain/diffusiondet_r50_fpn_500-proposals_1-step_crop-ms-480-800-450k_coco_new2.pth 

backbone.layer3.0.bn2.bias - torch.Size([256]): 
PretrainedInit: load from https://www.modelscope.cn/models/wokaikaixinxin/ai4rs/resolve/master/GSDet_baseline/pretrain/diffusiondet_r50_fpn_500-proposals_1-step_crop-ms-480-800-450k_coco_new2.pth 

backbone.layer3.0.conv3.weight - torch.Size([1024, 256, 1, 1]): 
PretrainedInit: load from https://www.modelscope.cn/models/wokaikaixinxin/ai4rs/resolve/master/GSDet_baseline/pretrain/diffusiondet_r50_fpn_500-proposals_1-step_crop-ms-480-800-450k_coco_new2.pth 

backbone.layer3.0.bn3.weight - torch.Size([1024]): 
PretrainedInit: load from https://www.modelscope.cn/models/wokaikaixinxin/ai4rs/resolve/master/GSDet_baseline/pretrain/diffusiondet_r50_fpn_500-proposals_1-step_crop-ms-480-800-450k_coco_new2.pth 

backbone.layer3.0.bn3.bias - torch.Size([1024]): 
PretrainedInit: load from https://www.modelscope.cn/models/wokaikaixinxin/ai4rs/resolve/master/GSDet_baseline/pretrain/diffusiondet_r50_fpn_500-proposals_1-step_crop-ms-480-800-450k_coco_new2.pth 

backbone.layer3.0.downsample.0.weight - torch.Size([1024, 512, 1, 1]): 
PretrainedInit: load from https://www.modelscope.cn/models/wokaikaixinxin/ai4rs/resolve/master/GSDet_baseline/pretrain/diffusiondet_r50_fpn_500-proposals_1-step_crop-ms-480-800-450k_coco_new2.pth 

backbone.layer3.0.downsample.1.weight - torch.Size([1024]): 
PretrainedInit: load from https://www.modelscope.cn/models/wokaikaixinxin/ai4rs/resolve/master/GSDet_baseline/pretrain/diffusiondet_r50_fpn_500-proposals_1-step_crop-ms-480-800-450k_coco_new2.pth 

backbone.layer3.0.downsample.1.bias - torch.Size([1024]): 
PretrainedInit: load from https://www.modelscope.cn/models/wokaikaixinxin/ai4rs/resolve/master/GSDet_baseline/pretrain/diffusiondet_r50_fpn_500-proposals_1-step_crop-ms-480-800-450k_coco_new2.pth 

backbone.layer3.1.conv1.weight - torch.Size([256, 1024, 1, 1]): 
PretrainedInit: load from https://www.modelscope.cn/models/wokaikaixinxin/ai4rs/resolve/master/GSDet_baseline/pretrain/diffusiondet_r50_fpn_500-proposals_1-step_crop-ms-480-800-450k_coco_new2.pth 

backbone.layer3.1.bn1.weight - torch.Size([256]): 
PretrainedInit: load from https://www.modelscope.cn/models/wokaikaixinxin/ai4rs/resolve/master/GSDet_baseline/pretrain/diffusiondet_r50_fpn_500-proposals_1-step_crop-ms-480-800-450k_coco_new2.pth 

backbone.layer3.1.bn1.bias - torch.Size([256]): 
PretrainedInit: load from https://www.modelscope.cn/models/wokaikaixinxin/ai4rs/resolve/master/GSDet_baseline/pretrain/diffusiondet_r50_fpn_500-proposals_1-step_crop-ms-480-800-450k_coco_new2.pth 

backbone.layer3.1.conv2.weight - torch.Size([256, 256, 3, 3]): 
PretrainedInit: load from https://www.modelscope.cn/models/wokaikaixinxin/ai4rs/resolve/master/GSDet_baseline/pretrain/diffusiondet_r50_fpn_500-proposals_1-step_crop-ms-480-800-450k_coco_new2.pth 

backbone.layer3.1.bn2.weight - torch.Size([256]): 
PretrainedInit: load from https://www.modelscope.cn/models/wokaikaixinxin/ai4rs/resolve/master/GSDet_baseline/pretrain/diffusiondet_r50_fpn_500-proposals_1-step_crop-ms-480-800-450k_coco_new2.pth 

backbone.layer3.1.bn2.bias - torch.Size([256]): 
PretrainedInit: load from https://www.modelscope.cn/models/wokaikaixinxin/ai4rs/resolve/master/GSDet_baseline/pretrain/diffusiondet_r50_fpn_500-proposals_1-step_crop-ms-480-800-450k_coco_new2.pth 

backbone.layer3.1.conv3.weight - torch.Size([1024, 256, 1, 1]): 
PretrainedInit: load from https://www.modelscope.cn/models/wokaikaixinxin/ai4rs/resolve/master/GSDet_baseline/pretrain/diffusiondet_r50_fpn_500-proposals_1-step_crop-ms-480-800-450k_coco_new2.pth 

backbone.layer3.1.bn3.weight - torch.Size([1024]): 
PretrainedInit: load from https://www.modelscope.cn/models/wokaikaixinxin/ai4rs/resolve/master/GSDet_baseline/pretrain/diffusiondet_r50_fpn_500-proposals_1-step_crop-ms-480-800-450k_coco_new2.pth 

backbone.layer3.1.bn3.bias - torch.Size([1024]): 
PretrainedInit: load from https://www.modelscope.cn/models/wokaikaixinxin/ai4rs/resolve/master/GSDet_baseline/pretrain/diffusiondet_r50_fpn_500-proposals_1-step_crop-ms-480-800-450k_coco_new2.pth 

backbone.layer3.2.conv1.weight - torch.Size([256, 1024, 1, 1]): 
PretrainedInit: load from https://www.modelscope.cn/models/wokaikaixinxin/ai4rs/resolve/master/GSDet_baseline/pretrain/diffusiondet_r50_fpn_500-proposals_1-step_crop-ms-480-800-450k_coco_new2.pth 

backbone.layer3.2.bn1.weight - torch.Size([256]): 
PretrainedInit: load from https://www.modelscope.cn/models/wokaikaixinxin/ai4rs/resolve/master/GSDet_baseline/pretrain/diffusiondet_r50_fpn_500-proposals_1-step_crop-ms-480-800-450k_coco_new2.pth 

backbone.layer3.2.bn1.bias - torch.Size([256]): 
PretrainedInit: load from https://www.modelscope.cn/models/wokaikaixinxin/ai4rs/resolve/master/GSDet_baseline/pretrain/diffusiondet_r50_fpn_500-proposals_1-step_crop-ms-480-800-450k_coco_new2.pth 

backbone.layer3.2.conv2.weight - torch.Size([256, 256, 3, 3]): 
PretrainedInit: load from https://www.modelscope.cn/models/wokaikaixinxin/ai4rs/resolve/master/GSDet_baseline/pretrain/diffusiondet_r50_fpn_500-proposals_1-step_crop-ms-480-800-450k_coco_new2.pth 

backbone.layer3.2.bn2.weight - torch.Size([256]): 
PretrainedInit: load from https://www.modelscope.cn/models/wokaikaixinxin/ai4rs/resolve/master/GSDet_baseline/pretrain/diffusiondet_r50_fpn_500-proposals_1-step_crop-ms-480-800-450k_coco_new2.pth 

backbone.layer3.2.bn2.bias - torch.Size([256]): 
PretrainedInit: load from https://www.modelscope.cn/models/wokaikaixinxin/ai4rs/resolve/master/GSDet_baseline/pretrain/diffusiondet_r50_fpn_500-proposals_1-step_crop-ms-480-800-450k_coco_new2.pth 

backbone.layer3.2.conv3.weight - torch.Size([1024, 256, 1, 1]): 
PretrainedInit: load from https://www.modelscope.cn/models/wokaikaixinxin/ai4rs/resolve/master/GSDet_baseline/pretrain/diffusiondet_r50_fpn_500-proposals_1-step_crop-ms-480-800-450k_coco_new2.pth 

backbone.layer3.2.bn3.weight - torch.Size([1024]): 
PretrainedInit: load from https://www.modelscope.cn/models/wokaikaixinxin/ai4rs/resolve/master/GSDet_baseline/pretrain/diffusiondet_r50_fpn_500-proposals_1-step_crop-ms-480-800-450k_coco_new2.pth 

backbone.layer3.2.bn3.bias - torch.Size([1024]): 
PretrainedInit: load from https://www.modelscope.cn/models/wokaikaixinxin/ai4rs/resolve/master/GSDet_baseline/pretrain/diffusiondet_r50_fpn_500-proposals_1-step_crop-ms-480-800-450k_coco_new2.pth 

backbone.layer3.3.conv1.weight - torch.Size([256, 1024, 1, 1]): 
PretrainedInit: load from https://www.modelscope.cn/models/wokaikaixinxin/ai4rs/resolve/master/GSDet_baseline/pretrain/diffusiondet_r50_fpn_500-proposals_1-step_crop-ms-480-800-450k_coco_new2.pth 

backbone.layer3.3.bn1.weight - torch.Size([256]): 
PretrainedInit: load from https://www.modelscope.cn/models/wokaikaixinxin/ai4rs/resolve/master/GSDet_baseline/pretrain/diffusiondet_r50_fpn_500-proposals_1-step_crop-ms-480-800-450k_coco_new2.pth 

backbone.layer3.3.bn1.bias - torch.Size([256]): 
PretrainedInit: load from https://www.modelscope.cn/models/wokaikaixinxin/ai4rs/resolve/master/GSDet_baseline/pretrain/diffusiondet_r50_fpn_500-proposals_1-step_crop-ms-480-800-450k_coco_new2.pth 

backbone.layer3.3.conv2.weight - torch.Size([256, 256, 3, 3]): 
PretrainedInit: load from https://www.modelscope.cn/models/wokaikaixinxin/ai4rs/resolve/master/GSDet_baseline/pretrain/diffusiondet_r50_fpn_500-proposals_1-step_crop-ms-480-800-450k_coco_new2.pth 

backbone.layer3.3.bn2.weight - torch.Size([256]): 
PretrainedInit: load from https://www.modelscope.cn/models/wokaikaixinxin/ai4rs/resolve/master/GSDet_baseline/pretrain/diffusiondet_r50_fpn_500-proposals_1-step_crop-ms-480-800-450k_coco_new2.pth 

backbone.layer3.3.bn2.bias - torch.Size([256]): 
PretrainedInit: load from https://www.modelscope.cn/models/wokaikaixinxin/ai4rs/resolve/master/GSDet_baseline/pretrain/diffusiondet_r50_fpn_500-proposals_1-step_crop-ms-480-800-450k_coco_new2.pth 

backbone.layer3.3.conv3.weight - torch.Size([1024, 256, 1, 1]): 
PretrainedInit: load from https://www.modelscope.cn/models/wokaikaixinxin/ai4rs/resolve/master/GSDet_baseline/pretrain/diffusiondet_r50_fpn_500-proposals_1-step_crop-ms-480-800-450k_coco_new2.pth 

backbone.layer3.3.bn3.weight - torch.Size([1024]): 
PretrainedInit: load from https://www.modelscope.cn/models/wokaikaixinxin/ai4rs/resolve/master/GSDet_baseline/pretrain/diffusiondet_r50_fpn_500-proposals_1-step_crop-ms-480-800-450k_coco_new2.pth 

backbone.layer3.3.bn3.bias - torch.Size([1024]): 
PretrainedInit: load from https://www.modelscope.cn/models/wokaikaixinxin/ai4rs/resolve/master/GSDet_baseline/pretrain/diffusiondet_r50_fpn_500-proposals_1-step_crop-ms-480-800-450k_coco_new2.pth 

backbone.layer3.4.conv1.weight - torch.Size([256, 1024, 1, 1]): 
PretrainedInit: load from https://www.modelscope.cn/models/wokaikaixinxin/ai4rs/resolve/master/GSDet_baseline/pretrain/diffusiondet_r50_fpn_500-proposals_1-step_crop-ms-480-800-450k_coco_new2.pth 

backbone.layer3.4.bn1.weight - torch.Size([256]): 
PretrainedInit: load from https://www.modelscope.cn/models/wokaikaixinxin/ai4rs/resolve/master/GSDet_baseline/pretrain/diffusiondet_r50_fpn_500-proposals_1-step_crop-ms-480-800-450k_coco_new2.pth 

backbone.layer3.4.bn1.bias - torch.Size([256]): 
PretrainedInit: load from https://www.modelscope.cn/models/wokaikaixinxin/ai4rs/resolve/master/GSDet_baseline/pretrain/diffusiondet_r50_fpn_500-proposals_1-step_crop-ms-480-800-450k_coco_new2.pth 

backbone.layer3.4.conv2.weight - torch.Size([256, 256, 3, 3]): 
PretrainedInit: load from https://www.modelscope.cn/models/wokaikaixinxin/ai4rs/resolve/master/GSDet_baseline/pretrain/diffusiondet_r50_fpn_500-proposals_1-step_crop-ms-480-800-450k_coco_new2.pth 

backbone.layer3.4.bn2.weight - torch.Size([256]): 
PretrainedInit: load from https://www.modelscope.cn/models/wokaikaixinxin/ai4rs/resolve/master/GSDet_baseline/pretrain/diffusiondet_r50_fpn_500-proposals_1-step_crop-ms-480-800-450k_coco_new2.pth 

backbone.layer3.4.bn2.bias - torch.Size([256]): 
PretrainedInit: load from https://www.modelscope.cn/models/wokaikaixinxin/ai4rs/resolve/master/GSDet_baseline/pretrain/diffusiondet_r50_fpn_500-proposals_1-step_crop-ms-480-800-450k_coco_new2.pth 

backbone.layer3.4.conv3.weight - torch.Size([1024, 256, 1, 1]): 
PretrainedInit: load from https://www.modelscope.cn/models/wokaikaixinxin/ai4rs/resolve/master/GSDet_baseline/pretrain/diffusiondet_r50_fpn_500-proposals_1-step_crop-ms-480-800-450k_coco_new2.pth 

backbone.layer3.4.bn3.weight - torch.Size([1024]): 
PretrainedInit: load from https://www.modelscope.cn/models/wokaikaixinxin/ai4rs/resolve/master/GSDet_baseline/pretrain/diffusiondet_r50_fpn_500-proposals_1-step_crop-ms-480-800-450k_coco_new2.pth 

backbone.layer3.4.bn3.bias - torch.Size([1024]): 
PretrainedInit: load from https://www.modelscope.cn/models/wokaikaixinxin/ai4rs/resolve/master/GSDet_baseline/pretrain/diffusiondet_r50_fpn_500-proposals_1-step_crop-ms-480-800-450k_coco_new2.pth 

backbone.layer3.5.conv1.weight - torch.Size([256, 1024, 1, 1]): 
PretrainedInit: load from https://www.modelscope.cn/models/wokaikaixinxin/ai4rs/resolve/master/GSDet_baseline/pretrain/diffusiondet_r50_fpn_500-proposals_1-step_crop-ms-480-800-450k_coco_new2.pth 

backbone.layer3.5.bn1.weight - torch.Size([256]): 
PretrainedInit: load from https://www.modelscope.cn/models/wokaikaixinxin/ai4rs/resolve/master/GSDet_baseline/pretrain/diffusiondet_r50_fpn_500-proposals_1-step_crop-ms-480-800-450k_coco_new2.pth 

backbone.layer3.5.bn1.bias - torch.Size([256]): 
PretrainedInit: load from https://www.modelscope.cn/models/wokaikaixinxin/ai4rs/resolve/master/GSDet_baseline/pretrain/diffusiondet_r50_fpn_500-proposals_1-step_crop-ms-480-800-450k_coco_new2.pth 

backbone.layer3.5.conv2.weight - torch.Size([256, 256, 3, 3]): 
PretrainedInit: load from https://www.modelscope.cn/models/wokaikaixinxin/ai4rs/resolve/master/GSDet_baseline/pretrain/diffusiondet_r50_fpn_500-proposals_1-step_crop-ms-480-800-450k_coco_new2.pth 

backbone.layer3.5.bn2.weight - torch.Size([256]): 
PretrainedInit: load from https://www.modelscope.cn/models/wokaikaixinxin/ai4rs/resolve/master/GSDet_baseline/pretrain/diffusiondet_r50_fpn_500-proposals_1-step_crop-ms-480-800-450k_coco_new2.pth 

backbone.layer3.5.bn2.bias - torch.Size([256]): 
PretrainedInit: load from https://www.modelscope.cn/models/wokaikaixinxin/ai4rs/resolve/master/GSDet_baseline/pretrain/diffusiondet_r50_fpn_500-proposals_1-step_crop-ms-480-800-450k_coco_new2.pth 

backbone.layer3.5.conv3.weight - torch.Size([1024, 256, 1, 1]): 
PretrainedInit: load from https://www.modelscope.cn/models/wokaikaixinxin/ai4rs/resolve/master/GSDet_baseline/pretrain/diffusiondet_r50_fpn_500-proposals_1-step_crop-ms-480-800-450k_coco_new2.pth 

backbone.layer3.5.bn3.weight - torch.Size([1024]): 
PretrainedInit: load from https://www.modelscope.cn/models/wokaikaixinxin/ai4rs/resolve/master/GSDet_baseline/pretrain/diffusiondet_r50_fpn_500-proposals_1-step_crop-ms-480-800-450k_coco_new2.pth 

backbone.layer3.5.bn3.bias - torch.Size([1024]): 
PretrainedInit: load from https://www.modelscope.cn/models/wokaikaixinxin/ai4rs/resolve/master/GSDet_baseline/pretrain/diffusiondet_r50_fpn_500-proposals_1-step_crop-ms-480-800-450k_coco_new2.pth 

backbone.layer4.0.conv1.weight - torch.Size([512, 1024, 1, 1]): 
PretrainedInit: load from https://www.modelscope.cn/models/wokaikaixinxin/ai4rs/resolve/master/GSDet_baseline/pretrain/diffusiondet_r50_fpn_500-proposals_1-step_crop-ms-480-800-450k_coco_new2.pth 

backbone.layer4.0.bn1.weight - torch.Size([512]): 
PretrainedInit: load from https://www.modelscope.cn/models/wokaikaixinxin/ai4rs/resolve/master/GSDet_baseline/pretrain/diffusiondet_r50_fpn_500-proposals_1-step_crop-ms-480-800-450k_coco_new2.pth 

backbone.layer4.0.bn1.bias - torch.Size([512]): 
PretrainedInit: load from https://www.modelscope.cn/models/wokaikaixinxin/ai4rs/resolve/master/GSDet_baseline/pretrain/diffusiondet_r50_fpn_500-proposals_1-step_crop-ms-480-800-450k_coco_new2.pth 

backbone.layer4.0.conv2.weight - torch.Size([512, 512, 3, 3]): 
PretrainedInit: load from https://www.modelscope.cn/models/wokaikaixinxin/ai4rs/resolve/master/GSDet_baseline/pretrain/diffusiondet_r50_fpn_500-proposals_1-step_crop-ms-480-800-450k_coco_new2.pth 

backbone.layer4.0.bn2.weight - torch.Size([512]): 
PretrainedInit: load from https://www.modelscope.cn/models/wokaikaixinxin/ai4rs/resolve/master/GSDet_baseline/pretrain/diffusiondet_r50_fpn_500-proposals_1-step_crop-ms-480-800-450k_coco_new2.pth 

backbone.layer4.0.bn2.bias - torch.Size([512]): 
PretrainedInit: load from https://www.modelscope.cn/models/wokaikaixinxin/ai4rs/resolve/master/GSDet_baseline/pretrain/diffusiondet_r50_fpn_500-proposals_1-step_crop-ms-480-800-450k_coco_new2.pth 

backbone.layer4.0.conv3.weight - torch.Size([2048, 512, 1, 1]): 
PretrainedInit: load from https://www.modelscope.cn/models/wokaikaixinxin/ai4rs/resolve/master/GSDet_baseline/pretrain/diffusiondet_r50_fpn_500-proposals_1-step_crop-ms-480-800-450k_coco_new2.pth 

backbone.layer4.0.bn3.weight - torch.Size([2048]): 
PretrainedInit: load from https://www.modelscope.cn/models/wokaikaixinxin/ai4rs/resolve/master/GSDet_baseline/pretrain/diffusiondet_r50_fpn_500-proposals_1-step_crop-ms-480-800-450k_coco_new2.pth 

backbone.layer4.0.bn3.bias - torch.Size([2048]): 
PretrainedInit: load from https://www.modelscope.cn/models/wokaikaixinxin/ai4rs/resolve/master/GSDet_baseline/pretrain/diffusiondet_r50_fpn_500-proposals_1-step_crop-ms-480-800-450k_coco_new2.pth 

backbone.layer4.0.downsample.0.weight - torch.Size([2048, 1024, 1, 1]): 
PretrainedInit: load from https://www.modelscope.cn/models/wokaikaixinxin/ai4rs/resolve/master/GSDet_baseline/pretrain/diffusiondet_r50_fpn_500-proposals_1-step_crop-ms-480-800-450k_coco_new2.pth 

backbone.layer4.0.downsample.1.weight - torch.Size([2048]): 
PretrainedInit: load from https://www.modelscope.cn/models/wokaikaixinxin/ai4rs/resolve/master/GSDet_baseline/pretrain/diffusiondet_r50_fpn_500-proposals_1-step_crop-ms-480-800-450k_coco_new2.pth 

backbone.layer4.0.downsample.1.bias - torch.Size([2048]): 
PretrainedInit: load from https://www.modelscope.cn/models/wokaikaixinxin/ai4rs/resolve/master/GSDet_baseline/pretrain/diffusiondet_r50_fpn_500-proposals_1-step_crop-ms-480-800-450k_coco_new2.pth 

backbone.layer4.1.conv1.weight - torch.Size([512, 2048, 1, 1]): 
PretrainedInit: load from https://www.modelscope.cn/models/wokaikaixinxin/ai4rs/resolve/master/GSDet_baseline/pretrain/diffusiondet_r50_fpn_500-proposals_1-step_crop-ms-480-800-450k_coco_new2.pth 

backbone.layer4.1.bn1.weight - torch.Size([512]): 
PretrainedInit: load from https://www.modelscope.cn/models/wokaikaixinxin/ai4rs/resolve/master/GSDet_baseline/pretrain/diffusiondet_r50_fpn_500-proposals_1-step_crop-ms-480-800-450k_coco_new2.pth 

backbone.layer4.1.bn1.bias - torch.Size([512]): 
PretrainedInit: load from https://www.modelscope.cn/models/wokaikaixinxin/ai4rs/resolve/master/GSDet_baseline/pretrain/diffusiondet_r50_fpn_500-proposals_1-step_crop-ms-480-800-450k_coco_new2.pth 

backbone.layer4.1.conv2.weight - torch.Size([512, 512, 3, 3]): 
PretrainedInit: load from https://www.modelscope.cn/models/wokaikaixinxin/ai4rs/resolve/master/GSDet_baseline/pretrain/diffusiondet_r50_fpn_500-proposals_1-step_crop-ms-480-800-450k_coco_new2.pth 

backbone.layer4.1.bn2.weight - torch.Size([512]): 
PretrainedInit: load from https://www.modelscope.cn/models/wokaikaixinxin/ai4rs/resolve/master/GSDet_baseline/pretrain/diffusiondet_r50_fpn_500-proposals_1-step_crop-ms-480-800-450k_coco_new2.pth 

backbone.layer4.1.bn2.bias - torch.Size([512]): 
PretrainedInit: load from https://www.modelscope.cn/models/wokaikaixinxin/ai4rs/resolve/master/GSDet_baseline/pretrain/diffusiondet_r50_fpn_500-proposals_1-step_crop-ms-480-800-450k_coco_new2.pth 

backbone.layer4.1.conv3.weight - torch.Size([2048, 512, 1, 1]): 
PretrainedInit: load from https://www.modelscope.cn/models/wokaikaixinxin/ai4rs/resolve/master/GSDet_baseline/pretrain/diffusiondet_r50_fpn_500-proposals_1-step_crop-ms-480-800-450k_coco_new2.pth 

backbone.layer4.1.bn3.weight - torch.Size([2048]): 
PretrainedInit: load from https://www.modelscope.cn/models/wokaikaixinxin/ai4rs/resolve/master/GSDet_baseline/pretrain/diffusiondet_r50_fpn_500-proposals_1-step_crop-ms-480-800-450k_coco_new2.pth 

backbone.layer4.1.bn3.bias - torch.Size([2048]): 
PretrainedInit: load from https://www.modelscope.cn/models/wokaikaixinxin/ai4rs/resolve/master/GSDet_baseline/pretrain/diffusiondet_r50_fpn_500-proposals_1-step_crop-ms-480-800-450k_coco_new2.pth 

backbone.layer4.2.conv1.weight - torch.Size([512, 2048, 1, 1]): 
PretrainedInit: load from https://www.modelscope.cn/models/wokaikaixinxin/ai4rs/resolve/master/GSDet_baseline/pretrain/diffusiondet_r50_fpn_500-proposals_1-step_crop-ms-480-800-450k_coco_new2.pth 

backbone.layer4.2.bn1.weight - torch.Size([512]): 
PretrainedInit: load from https://www.modelscope.cn/models/wokaikaixinxin/ai4rs/resolve/master/GSDet_baseline/pretrain/diffusiondet_r50_fpn_500-proposals_1-step_crop-ms-480-800-450k_coco_new2.pth 

backbone.layer4.2.bn1.bias - torch.Size([512]): 
PretrainedInit: load from https://www.modelscope.cn/models/wokaikaixinxin/ai4rs/resolve/master/GSDet_baseline/pretrain/diffusiondet_r50_fpn_500-proposals_1-step_crop-ms-480-800-450k_coco_new2.pth 

backbone.layer4.2.conv2.weight - torch.Size([512, 512, 3, 3]): 
PretrainedInit: load from https://www.modelscope.cn/models/wokaikaixinxin/ai4rs/resolve/master/GSDet_baseline/pretrain/diffusiondet_r50_fpn_500-proposals_1-step_crop-ms-480-800-450k_coco_new2.pth 

backbone.layer4.2.bn2.weight - torch.Size([512]): 
PretrainedInit: load from https://www.modelscope.cn/models/wokaikaixinxin/ai4rs/resolve/master/GSDet_baseline/pretrain/diffusiondet_r50_fpn_500-proposals_1-step_crop-ms-480-800-450k_coco_new2.pth 

backbone.layer4.2.bn2.bias - torch.Size([512]): 
PretrainedInit: load from https://www.modelscope.cn/models/wokaikaixinxin/ai4rs/resolve/master/GSDet_baseline/pretrain/diffusiondet_r50_fpn_500-proposals_1-step_crop-ms-480-800-450k_coco_new2.pth 

backbone.layer4.2.conv3.weight - torch.Size([2048, 512, 1, 1]): 
PretrainedInit: load from https://www.modelscope.cn/models/wokaikaixinxin/ai4rs/resolve/master/GSDet_baseline/pretrain/diffusiondet_r50_fpn_500-proposals_1-step_crop-ms-480-800-450k_coco_new2.pth 

backbone.layer4.2.bn3.weight - torch.Size([2048]): 
PretrainedInit: load from https://www.modelscope.cn/models/wokaikaixinxin/ai4rs/resolve/master/GSDet_baseline/pretrain/diffusiondet_r50_fpn_500-proposals_1-step_crop-ms-480-800-450k_coco_new2.pth 

backbone.layer4.2.bn3.bias - torch.Size([2048]): 
PretrainedInit: load from https://www.modelscope.cn/models/wokaikaixinxin/ai4rs/resolve/master/GSDet_baseline/pretrain/diffusiondet_r50_fpn_500-proposals_1-step_crop-ms-480-800-450k_coco_new2.pth 

neck.lateral_convs.0.conv.weight - torch.Size([256, 256, 1, 1]): 
PretrainedInit: load from https://www.modelscope.cn/models/wokaikaixinxin/ai4rs/resolve/master/GSDet_baseline/pretrain/diffusiondet_r50_fpn_500-proposals_1-step_crop-ms-480-800-450k_coco_new2.pth 

neck.lateral_convs.0.conv.bias - torch.Size([256]): 
PretrainedInit: load from https://www.modelscope.cn/models/wokaikaixinxin/ai4rs/resolve/master/GSDet_baseline/pretrain/diffusiondet_r50_fpn_500-proposals_1-step_crop-ms-480-800-450k_coco_new2.pth 

neck.lateral_convs.1.conv.weight - torch.Size([256, 512, 1, 1]): 
PretrainedInit: load from https://www.modelscope.cn/models/wokaikaixinxin/ai4rs/resolve/master/GSDet_baseline/pretrain/diffusiondet_r50_fpn_500-proposals_1-step_crop-ms-480-800-450k_coco_new2.pth 

neck.lateral_convs.1.conv.bias - torch.Size([256]): 
PretrainedInit: load from https://www.modelscope.cn/models/wokaikaixinxin/ai4rs/resolve/master/GSDet_baseline/pretrain/diffusiondet_r50_fpn_500-proposals_1-step_crop-ms-480-800-450k_coco_new2.pth 

neck.lateral_convs.2.conv.weight - torch.Size([256, 1024, 1, 1]): 
PretrainedInit: load from https://www.modelscope.cn/models/wokaikaixinxin/ai4rs/resolve/master/GSDet_baseline/pretrain/diffusiondet_r50_fpn_500-proposals_1-step_crop-ms-480-800-450k_coco_new2.pth 

neck.lateral_convs.2.conv.bias - torch.Size([256]): 
PretrainedInit: load from https://www.modelscope.cn/models/wokaikaixinxin/ai4rs/resolve/master/GSDet_baseline/pretrain/diffusiondet_r50_fpn_500-proposals_1-step_crop-ms-480-800-450k_coco_new2.pth 

neck.lateral_convs.3.conv.weight - torch.Size([256, 2048, 1, 1]): 
PretrainedInit: load from https://www.modelscope.cn/models/wokaikaixinxin/ai4rs/resolve/master/GSDet_baseline/pretrain/diffusiondet_r50_fpn_500-proposals_1-step_crop-ms-480-800-450k_coco_new2.pth 

neck.lateral_convs.3.conv.bias - torch.Size([256]): 
PretrainedInit: load from https://www.modelscope.cn/models/wokaikaixinxin/ai4rs/resolve/master/GSDet_baseline/pretrain/diffusiondet_r50_fpn_500-proposals_1-step_crop-ms-480-800-450k_coco_new2.pth 

neck.fpn_convs.0.conv.weight - torch.Size([256, 256, 3, 3]): 
PretrainedInit: load from https://www.modelscope.cn/models/wokaikaixinxin/ai4rs/resolve/master/GSDet_baseline/pretrain/diffusiondet_r50_fpn_500-proposals_1-step_crop-ms-480-800-450k_coco_new2.pth 

neck.fpn_convs.0.conv.bias - torch.Size([256]): 
PretrainedInit: load from https://www.modelscope.cn/models/wokaikaixinxin/ai4rs/resolve/master/GSDet_baseline/pretrain/diffusiondet_r50_fpn_500-proposals_1-step_crop-ms-480-800-450k_coco_new2.pth 

neck.fpn_convs.1.conv.weight - torch.Size([256, 256, 3, 3]): 
PretrainedInit: load from https://www.modelscope.cn/models/wokaikaixinxin/ai4rs/resolve/master/GSDet_baseline/pretrain/diffusiondet_r50_fpn_500-proposals_1-step_crop-ms-480-800-450k_coco_new2.pth 

neck.fpn_convs.1.conv.bias - torch.Size([256]): 
PretrainedInit: load from https://www.modelscope.cn/models/wokaikaixinxin/ai4rs/resolve/master/GSDet_baseline/pretrain/diffusiondet_r50_fpn_500-proposals_1-step_crop-ms-480-800-450k_coco_new2.pth 

neck.fpn_convs.2.conv.weight - torch.Size([256, 256, 3, 3]): 
PretrainedInit: load from https://www.modelscope.cn/models/wokaikaixinxin/ai4rs/resolve/master/GSDet_baseline/pretrain/diffusiondet_r50_fpn_500-proposals_1-step_crop-ms-480-800-450k_coco_new2.pth 

neck.fpn_convs.2.conv.bias - torch.Size([256]): 
PretrainedInit: load from https://www.modelscope.cn/models/wokaikaixinxin/ai4rs/resolve/master/GSDet_baseline/pretrain/diffusiondet_r50_fpn_500-proposals_1-step_crop-ms-480-800-450k_coco_new2.pth 

neck.fpn_convs.3.conv.weight - torch.Size([256, 256, 3, 3]): 
PretrainedInit: load from https://www.modelscope.cn/models/wokaikaixinxin/ai4rs/resolve/master/GSDet_baseline/pretrain/diffusiondet_r50_fpn_500-proposals_1-step_crop-ms-480-800-450k_coco_new2.pth 

neck.fpn_convs.3.conv.bias - torch.Size([256]): 
PretrainedInit: load from https://www.modelscope.cn/models/wokaikaixinxin/ai4rs/resolve/master/GSDet_baseline/pretrain/diffusiondet_r50_fpn_500-proposals_1-step_crop-ms-480-800-450k_coco_new2.pth 

rpn_head.head_series.0.self_attn.in_proj_weight - torch.Size([768, 256]): 
PretrainedInit: load from https://www.modelscope.cn/models/wokaikaixinxin/ai4rs/resolve/master/GSDet_baseline/pretrain/diffusiondet_r50_fpn_500-proposals_1-step_crop-ms-480-800-450k_coco_new2.pth 

rpn_head.head_series.0.self_attn.in_proj_bias - torch.Size([768]): 
PretrainedInit: load from https://www.modelscope.cn/models/wokaikaixinxin/ai4rs/resolve/master/GSDet_baseline/pretrain/diffusiondet_r50_fpn_500-proposals_1-step_crop-ms-480-800-450k_coco_new2.pth 

rpn_head.head_series.0.self_attn.out_proj.weight - torch.Size([256, 256]): 
PretrainedInit: load from https://www.modelscope.cn/models/wokaikaixinxin/ai4rs/resolve/master/GSDet_baseline/pretrain/diffusiondet_r50_fpn_500-proposals_1-step_crop-ms-480-800-450k_coco_new2.pth 

rpn_head.head_series.0.self_attn.out_proj.bias - torch.Size([256]): 
PretrainedInit: load from https://www.modelscope.cn/models/wokaikaixinxin/ai4rs/resolve/master/GSDet_baseline/pretrain/diffusiondet_r50_fpn_500-proposals_1-step_crop-ms-480-800-450k_coco_new2.pth 

rpn_head.head_series.0.inst_interact.dynamic_layer.weight - torch.Size([32768, 256]): 
PretrainedInit: load from https://www.modelscope.cn/models/wokaikaixinxin/ai4rs/resolve/master/GSDet_baseline/pretrain/diffusiondet_r50_fpn_500-proposals_1-step_crop-ms-480-800-450k_coco_new2.pth 

rpn_head.head_series.0.inst_interact.dynamic_layer.bias - torch.Size([32768]): 
PretrainedInit: load from https://www.modelscope.cn/models/wokaikaixinxin/ai4rs/resolve/master/GSDet_baseline/pretrain/diffusiondet_r50_fpn_500-proposals_1-step_crop-ms-480-800-450k_coco_new2.pth 

rpn_head.head_series.0.inst_interact.norm1.weight - torch.Size([64]): 
PretrainedInit: load from https://www.modelscope.cn/models/wokaikaixinxin/ai4rs/resolve/master/GSDet_baseline/pretrain/diffusiondet_r50_fpn_500-proposals_1-step_crop-ms-480-800-450k_coco_new2.pth 

rpn_head.head_series.0.inst_interact.norm1.bias - torch.Size([64]): 
PretrainedInit: load from https://www.modelscope.cn/models/wokaikaixinxin/ai4rs/resolve/master/GSDet_baseline/pretrain/diffusiondet_r50_fpn_500-proposals_1-step_crop-ms-480-800-450k_coco_new2.pth 

rpn_head.head_series.0.inst_interact.norm2.weight - torch.Size([256]): 
PretrainedInit: load from https://www.modelscope.cn/models/wokaikaixinxin/ai4rs/resolve/master/GSDet_baseline/pretrain/diffusiondet_r50_fpn_500-proposals_1-step_crop-ms-480-800-450k_coco_new2.pth 

rpn_head.head_series.0.inst_interact.norm2.bias - torch.Size([256]): 
PretrainedInit: load from https://www.modelscope.cn/models/wokaikaixinxin/ai4rs/resolve/master/GSDet_baseline/pretrain/diffusiondet_r50_fpn_500-proposals_1-step_crop-ms-480-800-450k_coco_new2.pth 

rpn_head.head_series.0.inst_interact.out_layer.weight - torch.Size([256, 12544]): 
PretrainedInit: load from https://www.modelscope.cn/models/wokaikaixinxin/ai4rs/resolve/master/GSDet_baseline/pretrain/diffusiondet_r50_fpn_500-proposals_1-step_crop-ms-480-800-450k_coco_new2.pth 

rpn_head.head_series.0.inst_interact.out_layer.bias - torch.Size([256]): 
PretrainedInit: load from https://www.modelscope.cn/models/wokaikaixinxin/ai4rs/resolve/master/GSDet_baseline/pretrain/diffusiondet_r50_fpn_500-proposals_1-step_crop-ms-480-800-450k_coco_new2.pth 

rpn_head.head_series.0.inst_interact.norm3.weight - torch.Size([256]): 
PretrainedInit: load from https://www.modelscope.cn/models/wokaikaixinxin/ai4rs/resolve/master/GSDet_baseline/pretrain/diffusiondet_r50_fpn_500-proposals_1-step_crop-ms-480-800-450k_coco_new2.pth 

rpn_head.head_series.0.inst_interact.norm3.bias - torch.Size([256]): 
PretrainedInit: load from https://www.modelscope.cn/models/wokaikaixinxin/ai4rs/resolve/master/GSDet_baseline/pretrain/diffusiondet_r50_fpn_500-proposals_1-step_crop-ms-480-800-450k_coco_new2.pth 

rpn_head.head_series.0.linear1.weight - torch.Size([2048, 256]): 
PretrainedInit: load from https://www.modelscope.cn/models/wokaikaixinxin/ai4rs/resolve/master/GSDet_baseline/pretrain/diffusiondet_r50_fpn_500-proposals_1-step_crop-ms-480-800-450k_coco_new2.pth 

rpn_head.head_series.0.linear1.bias - torch.Size([2048]): 
PretrainedInit: load from https://www.modelscope.cn/models/wokaikaixinxin/ai4rs/resolve/master/GSDet_baseline/pretrain/diffusiondet_r50_fpn_500-proposals_1-step_crop-ms-480-800-450k_coco_new2.pth 

rpn_head.head_series.0.linear2.weight - torch.Size([256, 2048]): 
PretrainedInit: load from https://www.modelscope.cn/models/wokaikaixinxin/ai4rs/resolve/master/GSDet_baseline/pretrain/diffusiondet_r50_fpn_500-proposals_1-step_crop-ms-480-800-450k_coco_new2.pth 

rpn_head.head_series.0.linear2.bias - torch.Size([256]): 
PretrainedInit: load from https://www.modelscope.cn/models/wokaikaixinxin/ai4rs/resolve/master/GSDet_baseline/pretrain/diffusiondet_r50_fpn_500-proposals_1-step_crop-ms-480-800-450k_coco_new2.pth 

rpn_head.head_series.0.norm1.weight - torch.Size([256]): 
PretrainedInit: load from https://www.modelscope.cn/models/wokaikaixinxin/ai4rs/resolve/master/GSDet_baseline/pretrain/diffusiondet_r50_fpn_500-proposals_1-step_crop-ms-480-800-450k_coco_new2.pth 

rpn_head.head_series.0.norm1.bias - torch.Size([256]): 
PretrainedInit: load from https://www.modelscope.cn/models/wokaikaixinxin/ai4rs/resolve/master/GSDet_baseline/pretrain/diffusiondet_r50_fpn_500-proposals_1-step_crop-ms-480-800-450k_coco_new2.pth 

rpn_head.head_series.0.norm2.weight - torch.Size([256]): 
PretrainedInit: load from https://www.modelscope.cn/models/wokaikaixinxin/ai4rs/resolve/master/GSDet_baseline/pretrain/diffusiondet_r50_fpn_500-proposals_1-step_crop-ms-480-800-450k_coco_new2.pth 

rpn_head.head_series.0.norm2.bias - torch.Size([256]): 
PretrainedInit: load from https://www.modelscope.cn/models/wokaikaixinxin/ai4rs/resolve/master/GSDet_baseline/pretrain/diffusiondet_r50_fpn_500-proposals_1-step_crop-ms-480-800-450k_coco_new2.pth 

rpn_head.head_series.0.norm3.weight - torch.Size([256]): 
PretrainedInit: load from https://www.modelscope.cn/models/wokaikaixinxin/ai4rs/resolve/master/GSDet_baseline/pretrain/diffusiondet_r50_fpn_500-proposals_1-step_crop-ms-480-800-450k_coco_new2.pth 

rpn_head.head_series.0.norm3.bias - torch.Size([256]): 
PretrainedInit: load from https://www.modelscope.cn/models/wokaikaixinxin/ai4rs/resolve/master/GSDet_baseline/pretrain/diffusiondet_r50_fpn_500-proposals_1-step_crop-ms-480-800-450k_coco_new2.pth 

rpn_head.head_series.0.cls_module.0.weight - torch.Size([256, 256]): 
PretrainedInit: load from https://www.modelscope.cn/models/wokaikaixinxin/ai4rs/resolve/master/GSDet_baseline/pretrain/diffusiondet_r50_fpn_500-proposals_1-step_crop-ms-480-800-450k_coco_new2.pth 

rpn_head.head_series.0.cls_module.1.weight - torch.Size([256]): 
PretrainedInit: load from https://www.modelscope.cn/models/wokaikaixinxin/ai4rs/resolve/master/GSDet_baseline/pretrain/diffusiondet_r50_fpn_500-proposals_1-step_crop-ms-480-800-450k_coco_new2.pth 

rpn_head.head_series.0.cls_module.1.bias - torch.Size([256]): 
PretrainedInit: load from https://www.modelscope.cn/models/wokaikaixinxin/ai4rs/resolve/master/GSDet_baseline/pretrain/diffusiondet_r50_fpn_500-proposals_1-step_crop-ms-480-800-450k_coco_new2.pth 

rpn_head.head_series.0.reg_module.0.weight - torch.Size([256, 256]): 
PretrainedInit: load from https://www.modelscope.cn/models/wokaikaixinxin/ai4rs/resolve/master/GSDet_baseline/pretrain/diffusiondet_r50_fpn_500-proposals_1-step_crop-ms-480-800-450k_coco_new2.pth 

rpn_head.head_series.0.reg_module.1.weight - torch.Size([256]): 
PretrainedInit: load from https://www.modelscope.cn/models/wokaikaixinxin/ai4rs/resolve/master/GSDet_baseline/pretrain/diffusiondet_r50_fpn_500-proposals_1-step_crop-ms-480-800-450k_coco_new2.pth 

rpn_head.head_series.0.reg_module.1.bias - torch.Size([256]): 
PretrainedInit: load from https://www.modelscope.cn/models/wokaikaixinxin/ai4rs/resolve/master/GSDet_baseline/pretrain/diffusiondet_r50_fpn_500-proposals_1-step_crop-ms-480-800-450k_coco_new2.pth 

rpn_head.head_series.0.reg_module.3.weight - torch.Size([256, 256]): 
PretrainedInit: load from https://www.modelscope.cn/models/wokaikaixinxin/ai4rs/resolve/master/GSDet_baseline/pretrain/diffusiondet_r50_fpn_500-proposals_1-step_crop-ms-480-800-450k_coco_new2.pth 

rpn_head.head_series.0.reg_module.4.weight - torch.Size([256]): 
PretrainedInit: load from https://www.modelscope.cn/models/wokaikaixinxin/ai4rs/resolve/master/GSDet_baseline/pretrain/diffusiondet_r50_fpn_500-proposals_1-step_crop-ms-480-800-450k_coco_new2.pth 

rpn_head.head_series.0.reg_module.4.bias - torch.Size([256]): 
PretrainedInit: load from https://www.modelscope.cn/models/wokaikaixinxin/ai4rs/resolve/master/GSDet_baseline/pretrain/diffusiondet_r50_fpn_500-proposals_1-step_crop-ms-480-800-450k_coco_new2.pth 

rpn_head.head_series.0.reg_module.6.weight - torch.Size([256, 256]): 
PretrainedInit: load from https://www.modelscope.cn/models/wokaikaixinxin/ai4rs/resolve/master/GSDet_baseline/pretrain/diffusiondet_r50_fpn_500-proposals_1-step_crop-ms-480-800-450k_coco_new2.pth 

rpn_head.head_series.0.reg_module.7.weight - torch.Size([256]): 
PretrainedInit: load from https://www.modelscope.cn/models/wokaikaixinxin/ai4rs/resolve/master/GSDet_baseline/pretrain/diffusiondet_r50_fpn_500-proposals_1-step_crop-ms-480-800-450k_coco_new2.pth 

rpn_head.head_series.0.reg_module.7.bias - torch.Size([256]): 
PretrainedInit: load from https://www.modelscope.cn/models/wokaikaixinxin/ai4rs/resolve/master/GSDet_baseline/pretrain/diffusiondet_r50_fpn_500-proposals_1-step_crop-ms-480-800-450k_coco_new2.pth 

rpn_head.head_series.0.class_logits.weight - torch.Size([37, 256]): 
The value is the same before and after calling `init_weights` of GSDet  

rpn_head.head_series.0.class_logits.bias - torch.Size([37]): 
The value is the same before and after calling `init_weights` of GSDet  

rpn_head.head_series.0.bboxes_delta.weight - torch.Size([4, 256]): 
PretrainedInit: load from https://www.modelscope.cn/models/wokaikaixinxin/ai4rs/resolve/master/GSDet_baseline/pretrain/diffusiondet_r50_fpn_500-proposals_1-step_crop-ms-480-800-450k_coco_new2.pth 

rpn_head.head_series.0.bboxes_delta.bias - torch.Size([4]): 
PretrainedInit: load from https://www.modelscope.cn/models/wokaikaixinxin/ai4rs/resolve/master/GSDet_baseline/pretrain/diffusiondet_r50_fpn_500-proposals_1-step_crop-ms-480-800-450k_coco_new2.pth 

rpn_head.head_series.1.self_attn.in_proj_weight - torch.Size([768, 256]): 
PretrainedInit: load from https://www.modelscope.cn/models/wokaikaixinxin/ai4rs/resolve/master/GSDet_baseline/pretrain/diffusiondet_r50_fpn_500-proposals_1-step_crop-ms-480-800-450k_coco_new2.pth 

rpn_head.head_series.1.self_attn.in_proj_bias - torch.Size([768]): 
PretrainedInit: load from https://www.modelscope.cn/models/wokaikaixinxin/ai4rs/resolve/master/GSDet_baseline/pretrain/diffusiondet_r50_fpn_500-proposals_1-step_crop-ms-480-800-450k_coco_new2.pth 

rpn_head.head_series.1.self_attn.out_proj.weight - torch.Size([256, 256]): 
PretrainedInit: load from https://www.modelscope.cn/models/wokaikaixinxin/ai4rs/resolve/master/GSDet_baseline/pretrain/diffusiondet_r50_fpn_500-proposals_1-step_crop-ms-480-800-450k_coco_new2.pth 

rpn_head.head_series.1.self_attn.out_proj.bias - torch.Size([256]): 
PretrainedInit: load from https://www.modelscope.cn/models/wokaikaixinxin/ai4rs/resolve/master/GSDet_baseline/pretrain/diffusiondet_r50_fpn_500-proposals_1-step_crop-ms-480-800-450k_coco_new2.pth 

rpn_head.head_series.1.inst_interact.dynamic_layer.weight - torch.Size([32768, 256]): 
PretrainedInit: load from https://www.modelscope.cn/models/wokaikaixinxin/ai4rs/resolve/master/GSDet_baseline/pretrain/diffusiondet_r50_fpn_500-proposals_1-step_crop-ms-480-800-450k_coco_new2.pth 

rpn_head.head_series.1.inst_interact.dynamic_layer.bias - torch.Size([32768]): 
PretrainedInit: load from https://www.modelscope.cn/models/wokaikaixinxin/ai4rs/resolve/master/GSDet_baseline/pretrain/diffusiondet_r50_fpn_500-proposals_1-step_crop-ms-480-800-450k_coco_new2.pth 

rpn_head.head_series.1.inst_interact.norm1.weight - torch.Size([64]): 
PretrainedInit: load from https://www.modelscope.cn/models/wokaikaixinxin/ai4rs/resolve/master/GSDet_baseline/pretrain/diffusiondet_r50_fpn_500-proposals_1-step_crop-ms-480-800-450k_coco_new2.pth 

rpn_head.head_series.1.inst_interact.norm1.bias - torch.Size([64]): 
PretrainedInit: load from https://www.modelscope.cn/models/wokaikaixinxin/ai4rs/resolve/master/GSDet_baseline/pretrain/diffusiondet_r50_fpn_500-proposals_1-step_crop-ms-480-800-450k_coco_new2.pth 

rpn_head.head_series.1.inst_interact.norm2.weight - torch.Size([256]): 
PretrainedInit: load from https://www.modelscope.cn/models/wokaikaixinxin/ai4rs/resolve/master/GSDet_baseline/pretrain/diffusiondet_r50_fpn_500-proposals_1-step_crop-ms-480-800-450k_coco_new2.pth 

rpn_head.head_series.1.inst_interact.norm2.bias - torch.Size([256]): 
PretrainedInit: load from https://www.modelscope.cn/models/wokaikaixinxin/ai4rs/resolve/master/GSDet_baseline/pretrain/diffusiondet_r50_fpn_500-proposals_1-step_crop-ms-480-800-450k_coco_new2.pth 

rpn_head.head_series.1.inst_interact.out_layer.weight - torch.Size([256, 12544]): 
PretrainedInit: load from https://www.modelscope.cn/models/wokaikaixinxin/ai4rs/resolve/master/GSDet_baseline/pretrain/diffusiondet_r50_fpn_500-proposals_1-step_crop-ms-480-800-450k_coco_new2.pth 

rpn_head.head_series.1.inst_interact.out_layer.bias - torch.Size([256]): 
PretrainedInit: load from https://www.modelscope.cn/models/wokaikaixinxin/ai4rs/resolve/master/GSDet_baseline/pretrain/diffusiondet_r50_fpn_500-proposals_1-step_crop-ms-480-800-450k_coco_new2.pth 

rpn_head.head_series.1.inst_interact.norm3.weight - torch.Size([256]): 
PretrainedInit: load from https://www.modelscope.cn/models/wokaikaixinxin/ai4rs/resolve/master/GSDet_baseline/pretrain/diffusiondet_r50_fpn_500-proposals_1-step_crop-ms-480-800-450k_coco_new2.pth 

rpn_head.head_series.1.inst_interact.norm3.bias - torch.Size([256]): 
PretrainedInit: load from https://www.modelscope.cn/models/wokaikaixinxin/ai4rs/resolve/master/GSDet_baseline/pretrain/diffusiondet_r50_fpn_500-proposals_1-step_crop-ms-480-800-450k_coco_new2.pth 

rpn_head.head_series.1.linear1.weight - torch.Size([2048, 256]): 
PretrainedInit: load from https://www.modelscope.cn/models/wokaikaixinxin/ai4rs/resolve/master/GSDet_baseline/pretrain/diffusiondet_r50_fpn_500-proposals_1-step_crop-ms-480-800-450k_coco_new2.pth 

rpn_head.head_series.1.linear1.bias - torch.Size([2048]): 
PretrainedInit: load from https://www.modelscope.cn/models/wokaikaixinxin/ai4rs/resolve/master/GSDet_baseline/pretrain/diffusiondet_r50_fpn_500-proposals_1-step_crop-ms-480-800-450k_coco_new2.pth 

rpn_head.head_series.1.linear2.weight - torch.Size([256, 2048]): 
PretrainedInit: load from https://www.modelscope.cn/models/wokaikaixinxin/ai4rs/resolve/master/GSDet_baseline/pretrain/diffusiondet_r50_fpn_500-proposals_1-step_crop-ms-480-800-450k_coco_new2.pth 

rpn_head.head_series.1.linear2.bias - torch.Size([256]): 
PretrainedInit: load from https://www.modelscope.cn/models/wokaikaixinxin/ai4rs/resolve/master/GSDet_baseline/pretrain/diffusiondet_r50_fpn_500-proposals_1-step_crop-ms-480-800-450k_coco_new2.pth 

rpn_head.head_series.1.norm1.weight - torch.Size([256]): 
PretrainedInit: load from https://www.modelscope.cn/models/wokaikaixinxin/ai4rs/resolve/master/GSDet_baseline/pretrain/diffusiondet_r50_fpn_500-proposals_1-step_crop-ms-480-800-450k_coco_new2.pth 

rpn_head.head_series.1.norm1.bias - torch.Size([256]): 
PretrainedInit: load from https://www.modelscope.cn/models/wokaikaixinxin/ai4rs/resolve/master/GSDet_baseline/pretrain/diffusiondet_r50_fpn_500-proposals_1-step_crop-ms-480-800-450k_coco_new2.pth 

rpn_head.head_series.1.norm2.weight - torch.Size([256]): 
PretrainedInit: load from https://www.modelscope.cn/models/wokaikaixinxin/ai4rs/resolve/master/GSDet_baseline/pretrain/diffusiondet_r50_fpn_500-proposals_1-step_crop-ms-480-800-450k_coco_new2.pth 

rpn_head.head_series.1.norm2.bias - torch.Size([256]): 
PretrainedInit: load from https://www.modelscope.cn/models/wokaikaixinxin/ai4rs/resolve/master/GSDet_baseline/pretrain/diffusiondet_r50_fpn_500-proposals_1-step_crop-ms-480-800-450k_coco_new2.pth 

rpn_head.head_series.1.norm3.weight - torch.Size([256]): 
PretrainedInit: load from https://www.modelscope.cn/models/wokaikaixinxin/ai4rs/resolve/master/GSDet_baseline/pretrain/diffusiondet_r50_fpn_500-proposals_1-step_crop-ms-480-800-450k_coco_new2.pth 

rpn_head.head_series.1.norm3.bias - torch.Size([256]): 
PretrainedInit: load from https://www.modelscope.cn/models/wokaikaixinxin/ai4rs/resolve/master/GSDet_baseline/pretrain/diffusiondet_r50_fpn_500-proposals_1-step_crop-ms-480-800-450k_coco_new2.pth 

rpn_head.head_series.1.cls_module.0.weight - torch.Size([256, 256]): 
PretrainedInit: load from https://www.modelscope.cn/models/wokaikaixinxin/ai4rs/resolve/master/GSDet_baseline/pretrain/diffusiondet_r50_fpn_500-proposals_1-step_crop-ms-480-800-450k_coco_new2.pth 

rpn_head.head_series.1.cls_module.1.weight - torch.Size([256]): 
PretrainedInit: load from https://www.modelscope.cn/models/wokaikaixinxin/ai4rs/resolve/master/GSDet_baseline/pretrain/diffusiondet_r50_fpn_500-proposals_1-step_crop-ms-480-800-450k_coco_new2.pth 

rpn_head.head_series.1.cls_module.1.bias - torch.Size([256]): 
PretrainedInit: load from https://www.modelscope.cn/models/wokaikaixinxin/ai4rs/resolve/master/GSDet_baseline/pretrain/diffusiondet_r50_fpn_500-proposals_1-step_crop-ms-480-800-450k_coco_new2.pth 

rpn_head.head_series.1.reg_module.0.weight - torch.Size([256, 256]): 
PretrainedInit: load from https://www.modelscope.cn/models/wokaikaixinxin/ai4rs/resolve/master/GSDet_baseline/pretrain/diffusiondet_r50_fpn_500-proposals_1-step_crop-ms-480-800-450k_coco_new2.pth 

rpn_head.head_series.1.reg_module.1.weight - torch.Size([256]): 
PretrainedInit: load from https://www.modelscope.cn/models/wokaikaixinxin/ai4rs/resolve/master/GSDet_baseline/pretrain/diffusiondet_r50_fpn_500-proposals_1-step_crop-ms-480-800-450k_coco_new2.pth 

rpn_head.head_series.1.reg_module.1.bias - torch.Size([256]): 
PretrainedInit: load from https://www.modelscope.cn/models/wokaikaixinxin/ai4rs/resolve/master/GSDet_baseline/pretrain/diffusiondet_r50_fpn_500-proposals_1-step_crop-ms-480-800-450k_coco_new2.pth 

rpn_head.head_series.1.reg_module.3.weight - torch.Size([256, 256]): 
PretrainedInit: load from https://www.modelscope.cn/models/wokaikaixinxin/ai4rs/resolve/master/GSDet_baseline/pretrain/diffusiondet_r50_fpn_500-proposals_1-step_crop-ms-480-800-450k_coco_new2.pth 

rpn_head.head_series.1.reg_module.4.weight - torch.Size([256]): 
PretrainedInit: load from https://www.modelscope.cn/models/wokaikaixinxin/ai4rs/resolve/master/GSDet_baseline/pretrain/diffusiondet_r50_fpn_500-proposals_1-step_crop-ms-480-800-450k_coco_new2.pth 

rpn_head.head_series.1.reg_module.4.bias - torch.Size([256]): 
PretrainedInit: load from https://www.modelscope.cn/models/wokaikaixinxin/ai4rs/resolve/master/GSDet_baseline/pretrain/diffusiondet_r50_fpn_500-proposals_1-step_crop-ms-480-800-450k_coco_new2.pth 

rpn_head.head_series.1.reg_module.6.weight - torch.Size([256, 256]): 
PretrainedInit: load from https://www.modelscope.cn/models/wokaikaixinxin/ai4rs/resolve/master/GSDet_baseline/pretrain/diffusiondet_r50_fpn_500-proposals_1-step_crop-ms-480-800-450k_coco_new2.pth 

rpn_head.head_series.1.reg_module.7.weight - torch.Size([256]): 
PretrainedInit: load from https://www.modelscope.cn/models/wokaikaixinxin/ai4rs/resolve/master/GSDet_baseline/pretrain/diffusiondet_r50_fpn_500-proposals_1-step_crop-ms-480-800-450k_coco_new2.pth 

rpn_head.head_series.1.reg_module.7.bias - torch.Size([256]): 
PretrainedInit: load from https://www.modelscope.cn/models/wokaikaixinxin/ai4rs/resolve/master/GSDet_baseline/pretrain/diffusiondet_r50_fpn_500-proposals_1-step_crop-ms-480-800-450k_coco_new2.pth 

rpn_head.head_series.1.class_logits.weight - torch.Size([37, 256]): 
The value is the same before and after calling `init_weights` of GSDet  

rpn_head.head_series.1.class_logits.bias - torch.Size([37]): 
The value is the same before and after calling `init_weights` of GSDet  

rpn_head.head_series.1.bboxes_delta.weight - torch.Size([4, 256]): 
PretrainedInit: load from https://www.modelscope.cn/models/wokaikaixinxin/ai4rs/resolve/master/GSDet_baseline/pretrain/diffusiondet_r50_fpn_500-proposals_1-step_crop-ms-480-800-450k_coco_new2.pth 

rpn_head.head_series.1.bboxes_delta.bias - torch.Size([4]): 
PretrainedInit: load from https://www.modelscope.cn/models/wokaikaixinxin/ai4rs/resolve/master/GSDet_baseline/pretrain/diffusiondet_r50_fpn_500-proposals_1-step_crop-ms-480-800-450k_coco_new2.pth 

rpn_head.head_series.2.self_attn.in_proj_weight - torch.Size([768, 256]): 
PretrainedInit: load from https://www.modelscope.cn/models/wokaikaixinxin/ai4rs/resolve/master/GSDet_baseline/pretrain/diffusiondet_r50_fpn_500-proposals_1-step_crop-ms-480-800-450k_coco_new2.pth 

rpn_head.head_series.2.self_attn.in_proj_bias - torch.Size([768]): 
PretrainedInit: load from https://www.modelscope.cn/models/wokaikaixinxin/ai4rs/resolve/master/GSDet_baseline/pretrain/diffusiondet_r50_fpn_500-proposals_1-step_crop-ms-480-800-450k_coco_new2.pth 

rpn_head.head_series.2.self_attn.out_proj.weight - torch.Size([256, 256]): 
PretrainedInit: load from https://www.modelscope.cn/models/wokaikaixinxin/ai4rs/resolve/master/GSDet_baseline/pretrain/diffusiondet_r50_fpn_500-proposals_1-step_crop-ms-480-800-450k_coco_new2.pth 

rpn_head.head_series.2.self_attn.out_proj.bias - torch.Size([256]): 
PretrainedInit: load from https://www.modelscope.cn/models/wokaikaixinxin/ai4rs/resolve/master/GSDet_baseline/pretrain/diffusiondet_r50_fpn_500-proposals_1-step_crop-ms-480-800-450k_coco_new2.pth 

rpn_head.head_series.2.inst_interact.dynamic_layer.weight - torch.Size([32768, 256]): 
PretrainedInit: load from https://www.modelscope.cn/models/wokaikaixinxin/ai4rs/resolve/master/GSDet_baseline/pretrain/diffusiondet_r50_fpn_500-proposals_1-step_crop-ms-480-800-450k_coco_new2.pth 

rpn_head.head_series.2.inst_interact.dynamic_layer.bias - torch.Size([32768]): 
PretrainedInit: load from https://www.modelscope.cn/models/wokaikaixinxin/ai4rs/resolve/master/GSDet_baseline/pretrain/diffusiondet_r50_fpn_500-proposals_1-step_crop-ms-480-800-450k_coco_new2.pth 

rpn_head.head_series.2.inst_interact.norm1.weight - torch.Size([64]): 
PretrainedInit: load from https://www.modelscope.cn/models/wokaikaixinxin/ai4rs/resolve/master/GSDet_baseline/pretrain/diffusiondet_r50_fpn_500-proposals_1-step_crop-ms-480-800-450k_coco_new2.pth 

rpn_head.head_series.2.inst_interact.norm1.bias - torch.Size([64]): 
PretrainedInit: load from https://www.modelscope.cn/models/wokaikaixinxin/ai4rs/resolve/master/GSDet_baseline/pretrain/diffusiondet_r50_fpn_500-proposals_1-step_crop-ms-480-800-450k_coco_new2.pth 

rpn_head.head_series.2.inst_interact.norm2.weight - torch.Size([256]): 
PretrainedInit: load from https://www.modelscope.cn/models/wokaikaixinxin/ai4rs/resolve/master/GSDet_baseline/pretrain/diffusiondet_r50_fpn_500-proposals_1-step_crop-ms-480-800-450k_coco_new2.pth 

rpn_head.head_series.2.inst_interact.norm2.bias - torch.Size([256]): 
PretrainedInit: load from https://www.modelscope.cn/models/wokaikaixinxin/ai4rs/resolve/master/GSDet_baseline/pretrain/diffusiondet_r50_fpn_500-proposals_1-step_crop-ms-480-800-450k_coco_new2.pth 

rpn_head.head_series.2.inst_interact.out_layer.weight - torch.Size([256, 12544]): 
PretrainedInit: load from https://www.modelscope.cn/models/wokaikaixinxin/ai4rs/resolve/master/GSDet_baseline/pretrain/diffusiondet_r50_fpn_500-proposals_1-step_crop-ms-480-800-450k_coco_new2.pth 

rpn_head.head_series.2.inst_interact.out_layer.bias - torch.Size([256]): 
PretrainedInit: load from https://www.modelscope.cn/models/wokaikaixinxin/ai4rs/resolve/master/GSDet_baseline/pretrain/diffusiondet_r50_fpn_500-proposals_1-step_crop-ms-480-800-450k_coco_new2.pth 

rpn_head.head_series.2.inst_interact.norm3.weight - torch.Size([256]): 
PretrainedInit: load from https://www.modelscope.cn/models/wokaikaixinxin/ai4rs/resolve/master/GSDet_baseline/pretrain/diffusiondet_r50_fpn_500-proposals_1-step_crop-ms-480-800-450k_coco_new2.pth 

rpn_head.head_series.2.inst_interact.norm3.bias - torch.Size([256]): 
PretrainedInit: load from https://www.modelscope.cn/models/wokaikaixinxin/ai4rs/resolve/master/GSDet_baseline/pretrain/diffusiondet_r50_fpn_500-proposals_1-step_crop-ms-480-800-450k_coco_new2.pth 

rpn_head.head_series.2.linear1.weight - torch.Size([2048, 256]): 
PretrainedInit: load from https://www.modelscope.cn/models/wokaikaixinxin/ai4rs/resolve/master/GSDet_baseline/pretrain/diffusiondet_r50_fpn_500-proposals_1-step_crop-ms-480-800-450k_coco_new2.pth 

rpn_head.head_series.2.linear1.bias - torch.Size([2048]): 
PretrainedInit: load from https://www.modelscope.cn/models/wokaikaixinxin/ai4rs/resolve/master/GSDet_baseline/pretrain/diffusiondet_r50_fpn_500-proposals_1-step_crop-ms-480-800-450k_coco_new2.pth 

rpn_head.head_series.2.linear2.weight - torch.Size([256, 2048]): 
PretrainedInit: load from https://www.modelscope.cn/models/wokaikaixinxin/ai4rs/resolve/master/GSDet_baseline/pretrain/diffusiondet_r50_fpn_500-proposals_1-step_crop-ms-480-800-450k_coco_new2.pth 

rpn_head.head_series.2.linear2.bias - torch.Size([256]): 
PretrainedInit: load from https://www.modelscope.cn/models/wokaikaixinxin/ai4rs/resolve/master/GSDet_baseline/pretrain/diffusiondet_r50_fpn_500-proposals_1-step_crop-ms-480-800-450k_coco_new2.pth 

rpn_head.head_series.2.norm1.weight - torch.Size([256]): 
PretrainedInit: load from https://www.modelscope.cn/models/wokaikaixinxin/ai4rs/resolve/master/GSDet_baseline/pretrain/diffusiondet_r50_fpn_500-proposals_1-step_crop-ms-480-800-450k_coco_new2.pth 

rpn_head.head_series.2.norm1.bias - torch.Size([256]): 
PretrainedInit: load from https://www.modelscope.cn/models/wokaikaixinxin/ai4rs/resolve/master/GSDet_baseline/pretrain/diffusiondet_r50_fpn_500-proposals_1-step_crop-ms-480-800-450k_coco_new2.pth 

rpn_head.head_series.2.norm2.weight - torch.Size([256]): 
PretrainedInit: load from https://www.modelscope.cn/models/wokaikaixinxin/ai4rs/resolve/master/GSDet_baseline/pretrain/diffusiondet_r50_fpn_500-proposals_1-step_crop-ms-480-800-450k_coco_new2.pth 

rpn_head.head_series.2.norm2.bias - torch.Size([256]): 
PretrainedInit: load from https://www.modelscope.cn/models/wokaikaixinxin/ai4rs/resolve/master/GSDet_baseline/pretrain/diffusiondet_r50_fpn_500-proposals_1-step_crop-ms-480-800-450k_coco_new2.pth 

rpn_head.head_series.2.norm3.weight - torch.Size([256]): 
PretrainedInit: load from https://www.modelscope.cn/models/wokaikaixinxin/ai4rs/resolve/master/GSDet_baseline/pretrain/diffusiondet_r50_fpn_500-proposals_1-step_crop-ms-480-800-450k_coco_new2.pth 

rpn_head.head_series.2.norm3.bias - torch.Size([256]): 
PretrainedInit: load from https://www.modelscope.cn/models/wokaikaixinxin/ai4rs/resolve/master/GSDet_baseline/pretrain/diffusiondet_r50_fpn_500-proposals_1-step_crop-ms-480-800-450k_coco_new2.pth 

rpn_head.head_series.2.cls_module.0.weight - torch.Size([256, 256]): 
PretrainedInit: load from https://www.modelscope.cn/models/wokaikaixinxin/ai4rs/resolve/master/GSDet_baseline/pretrain/diffusiondet_r50_fpn_500-proposals_1-step_crop-ms-480-800-450k_coco_new2.pth 

rpn_head.head_series.2.cls_module.1.weight - torch.Size([256]): 
PretrainedInit: load from https://www.modelscope.cn/models/wokaikaixinxin/ai4rs/resolve/master/GSDet_baseline/pretrain/diffusiondet_r50_fpn_500-proposals_1-step_crop-ms-480-800-450k_coco_new2.pth 

rpn_head.head_series.2.cls_module.1.bias - torch.Size([256]): 
PretrainedInit: load from https://www.modelscope.cn/models/wokaikaixinxin/ai4rs/resolve/master/GSDet_baseline/pretrain/diffusiondet_r50_fpn_500-proposals_1-step_crop-ms-480-800-450k_coco_new2.pth 

rpn_head.head_series.2.reg_module.0.weight - torch.Size([256, 256]): 
PretrainedInit: load from https://www.modelscope.cn/models/wokaikaixinxin/ai4rs/resolve/master/GSDet_baseline/pretrain/diffusiondet_r50_fpn_500-proposals_1-step_crop-ms-480-800-450k_coco_new2.pth 

rpn_head.head_series.2.reg_module.1.weight - torch.Size([256]): 
PretrainedInit: load from https://www.modelscope.cn/models/wokaikaixinxin/ai4rs/resolve/master/GSDet_baseline/pretrain/diffusiondet_r50_fpn_500-proposals_1-step_crop-ms-480-800-450k_coco_new2.pth 

rpn_head.head_series.2.reg_module.1.bias - torch.Size([256]): 
PretrainedInit: load from https://www.modelscope.cn/models/wokaikaixinxin/ai4rs/resolve/master/GSDet_baseline/pretrain/diffusiondet_r50_fpn_500-proposals_1-step_crop-ms-480-800-450k_coco_new2.pth 

rpn_head.head_series.2.reg_module.3.weight - torch.Size([256, 256]): 
PretrainedInit: load from https://www.modelscope.cn/models/wokaikaixinxin/ai4rs/resolve/master/GSDet_baseline/pretrain/diffusiondet_r50_fpn_500-proposals_1-step_crop-ms-480-800-450k_coco_new2.pth 

rpn_head.head_series.2.reg_module.4.weight - torch.Size([256]): 
PretrainedInit: load from https://www.modelscope.cn/models/wokaikaixinxin/ai4rs/resolve/master/GSDet_baseline/pretrain/diffusiondet_r50_fpn_500-proposals_1-step_crop-ms-480-800-450k_coco_new2.pth 

rpn_head.head_series.2.reg_module.4.bias - torch.Size([256]): 
PretrainedInit: load from https://www.modelscope.cn/models/wokaikaixinxin/ai4rs/resolve/master/GSDet_baseline/pretrain/diffusiondet_r50_fpn_500-proposals_1-step_crop-ms-480-800-450k_coco_new2.pth 

rpn_head.head_series.2.reg_module.6.weight - torch.Size([256, 256]): 
PretrainedInit: load from https://www.modelscope.cn/models/wokaikaixinxin/ai4rs/resolve/master/GSDet_baseline/pretrain/diffusiondet_r50_fpn_500-proposals_1-step_crop-ms-480-800-450k_coco_new2.pth 

rpn_head.head_series.2.reg_module.7.weight - torch.Size([256]): 
PretrainedInit: load from https://www.modelscope.cn/models/wokaikaixinxin/ai4rs/resolve/master/GSDet_baseline/pretrain/diffusiondet_r50_fpn_500-proposals_1-step_crop-ms-480-800-450k_coco_new2.pth 

rpn_head.head_series.2.reg_module.7.bias - torch.Size([256]): 
PretrainedInit: load from https://www.modelscope.cn/models/wokaikaixinxin/ai4rs/resolve/master/GSDet_baseline/pretrain/diffusiondet_r50_fpn_500-proposals_1-step_crop-ms-480-800-450k_coco_new2.pth 

rpn_head.head_series.2.class_logits.weight - torch.Size([37, 256]): 
The value is the same before and after calling `init_weights` of GSDet  

rpn_head.head_series.2.class_logits.bias - torch.Size([37]): 
The value is the same before and after calling `init_weights` of GSDet  

rpn_head.head_series.2.bboxes_delta.weight - torch.Size([4, 256]): 
PretrainedInit: load from https://www.modelscope.cn/models/wokaikaixinxin/ai4rs/resolve/master/GSDet_baseline/pretrain/diffusiondet_r50_fpn_500-proposals_1-step_crop-ms-480-800-450k_coco_new2.pth 

rpn_head.head_series.2.bboxes_delta.bias - torch.Size([4]): 
PretrainedInit: load from https://www.modelscope.cn/models/wokaikaixinxin/ai4rs/resolve/master/GSDet_baseline/pretrain/diffusiondet_r50_fpn_500-proposals_1-step_crop-ms-480-800-450k_coco_new2.pth 

rpn_head.head_series.3.self_attn.in_proj_weight - torch.Size([768, 256]): 
PretrainedInit: load from https://www.modelscope.cn/models/wokaikaixinxin/ai4rs/resolve/master/GSDet_baseline/pretrain/diffusiondet_r50_fpn_500-proposals_1-step_crop-ms-480-800-450k_coco_new2.pth 

rpn_head.head_series.3.self_attn.in_proj_bias - torch.Size([768]): 
PretrainedInit: load from https://www.modelscope.cn/models/wokaikaixinxin/ai4rs/resolve/master/GSDet_baseline/pretrain/diffusiondet_r50_fpn_500-proposals_1-step_crop-ms-480-800-450k_coco_new2.pth 

rpn_head.head_series.3.self_attn.out_proj.weight - torch.Size([256, 256]): 
PretrainedInit: load from https://www.modelscope.cn/models/wokaikaixinxin/ai4rs/resolve/master/GSDet_baseline/pretrain/diffusiondet_r50_fpn_500-proposals_1-step_crop-ms-480-800-450k_coco_new2.pth 

rpn_head.head_series.3.self_attn.out_proj.bias - torch.Size([256]): 
PretrainedInit: load from https://www.modelscope.cn/models/wokaikaixinxin/ai4rs/resolve/master/GSDet_baseline/pretrain/diffusiondet_r50_fpn_500-proposals_1-step_crop-ms-480-800-450k_coco_new2.pth 

rpn_head.head_series.3.inst_interact.dynamic_layer.weight - torch.Size([32768, 256]): 
PretrainedInit: load from https://www.modelscope.cn/models/wokaikaixinxin/ai4rs/resolve/master/GSDet_baseline/pretrain/diffusiondet_r50_fpn_500-proposals_1-step_crop-ms-480-800-450k_coco_new2.pth 

rpn_head.head_series.3.inst_interact.dynamic_layer.bias - torch.Size([32768]): 
PretrainedInit: load from https://www.modelscope.cn/models/wokaikaixinxin/ai4rs/resolve/master/GSDet_baseline/pretrain/diffusiondet_r50_fpn_500-proposals_1-step_crop-ms-480-800-450k_coco_new2.pth 

rpn_head.head_series.3.inst_interact.norm1.weight - torch.Size([64]): 
PretrainedInit: load from https://www.modelscope.cn/models/wokaikaixinxin/ai4rs/resolve/master/GSDet_baseline/pretrain/diffusiondet_r50_fpn_500-proposals_1-step_crop-ms-480-800-450k_coco_new2.pth 

rpn_head.head_series.3.inst_interact.norm1.bias - torch.Size([64]): 
PretrainedInit: load from https://www.modelscope.cn/models/wokaikaixinxin/ai4rs/resolve/master/GSDet_baseline/pretrain/diffusiondet_r50_fpn_500-proposals_1-step_crop-ms-480-800-450k_coco_new2.pth 

rpn_head.head_series.3.inst_interact.norm2.weight - torch.Size([256]): 
PretrainedInit: load from https://www.modelscope.cn/models/wokaikaixinxin/ai4rs/resolve/master/GSDet_baseline/pretrain/diffusiondet_r50_fpn_500-proposals_1-step_crop-ms-480-800-450k_coco_new2.pth 

rpn_head.head_series.3.inst_interact.norm2.bias - torch.Size([256]): 
PretrainedInit: load from https://www.modelscope.cn/models/wokaikaixinxin/ai4rs/resolve/master/GSDet_baseline/pretrain/diffusiondet_r50_fpn_500-proposals_1-step_crop-ms-480-800-450k_coco_new2.pth 

rpn_head.head_series.3.inst_interact.out_layer.weight - torch.Size([256, 12544]): 
PretrainedInit: load from https://www.modelscope.cn/models/wokaikaixinxin/ai4rs/resolve/master/GSDet_baseline/pretrain/diffusiondet_r50_fpn_500-proposals_1-step_crop-ms-480-800-450k_coco_new2.pth 

rpn_head.head_series.3.inst_interact.out_layer.bias - torch.Size([256]): 
PretrainedInit: load from https://www.modelscope.cn/models/wokaikaixinxin/ai4rs/resolve/master/GSDet_baseline/pretrain/diffusiondet_r50_fpn_500-proposals_1-step_crop-ms-480-800-450k_coco_new2.pth 

rpn_head.head_series.3.inst_interact.norm3.weight - torch.Size([256]): 
PretrainedInit: load from https://www.modelscope.cn/models/wokaikaixinxin/ai4rs/resolve/master/GSDet_baseline/pretrain/diffusiondet_r50_fpn_500-proposals_1-step_crop-ms-480-800-450k_coco_new2.pth 

rpn_head.head_series.3.inst_interact.norm3.bias - torch.Size([256]): 
PretrainedInit: load from https://www.modelscope.cn/models/wokaikaixinxin/ai4rs/resolve/master/GSDet_baseline/pretrain/diffusiondet_r50_fpn_500-proposals_1-step_crop-ms-480-800-450k_coco_new2.pth 

rpn_head.head_series.3.linear1.weight - torch.Size([2048, 256]): 
PretrainedInit: load from https://www.modelscope.cn/models/wokaikaixinxin/ai4rs/resolve/master/GSDet_baseline/pretrain/diffusiondet_r50_fpn_500-proposals_1-step_crop-ms-480-800-450k_coco_new2.pth 

rpn_head.head_series.3.linear1.bias - torch.Size([2048]): 
PretrainedInit: load from https://www.modelscope.cn/models/wokaikaixinxin/ai4rs/resolve/master/GSDet_baseline/pretrain/diffusiondet_r50_fpn_500-proposals_1-step_crop-ms-480-800-450k_coco_new2.pth 

rpn_head.head_series.3.linear2.weight - torch.Size([256, 2048]): 
PretrainedInit: load from https://www.modelscope.cn/models/wokaikaixinxin/ai4rs/resolve/master/GSDet_baseline/pretrain/diffusiondet_r50_fpn_500-proposals_1-step_crop-ms-480-800-450k_coco_new2.pth 

rpn_head.head_series.3.linear2.bias - torch.Size([256]): 
PretrainedInit: load from https://www.modelscope.cn/models/wokaikaixinxin/ai4rs/resolve/master/GSDet_baseline/pretrain/diffusiondet_r50_fpn_500-proposals_1-step_crop-ms-480-800-450k_coco_new2.pth 

rpn_head.head_series.3.norm1.weight - torch.Size([256]): 
PretrainedInit: load from https://www.modelscope.cn/models/wokaikaixinxin/ai4rs/resolve/master/GSDet_baseline/pretrain/diffusiondet_r50_fpn_500-proposals_1-step_crop-ms-480-800-450k_coco_new2.pth 

rpn_head.head_series.3.norm1.bias - torch.Size([256]): 
PretrainedInit: load from https://www.modelscope.cn/models/wokaikaixinxin/ai4rs/resolve/master/GSDet_baseline/pretrain/diffusiondet_r50_fpn_500-proposals_1-step_crop-ms-480-800-450k_coco_new2.pth 

rpn_head.head_series.3.norm2.weight - torch.Size([256]): 
PretrainedInit: load from https://www.modelscope.cn/models/wokaikaixinxin/ai4rs/resolve/master/GSDet_baseline/pretrain/diffusiondet_r50_fpn_500-proposals_1-step_crop-ms-480-800-450k_coco_new2.pth 

rpn_head.head_series.3.norm2.bias - torch.Size([256]): 
PretrainedInit: load from https://www.modelscope.cn/models/wokaikaixinxin/ai4rs/resolve/master/GSDet_baseline/pretrain/diffusiondet_r50_fpn_500-proposals_1-step_crop-ms-480-800-450k_coco_new2.pth 

rpn_head.head_series.3.norm3.weight - torch.Size([256]): 
PretrainedInit: load from https://www.modelscope.cn/models/wokaikaixinxin/ai4rs/resolve/master/GSDet_baseline/pretrain/diffusiondet_r50_fpn_500-proposals_1-step_crop-ms-480-800-450k_coco_new2.pth 

rpn_head.head_series.3.norm3.bias - torch.Size([256]): 
PretrainedInit: load from https://www.modelscope.cn/models/wokaikaixinxin/ai4rs/resolve/master/GSDet_baseline/pretrain/diffusiondet_r50_fpn_500-proposals_1-step_crop-ms-480-800-450k_coco_new2.pth 

rpn_head.head_series.3.cls_module.0.weight - torch.Size([256, 256]): 
PretrainedInit: load from https://www.modelscope.cn/models/wokaikaixinxin/ai4rs/resolve/master/GSDet_baseline/pretrain/diffusiondet_r50_fpn_500-proposals_1-step_crop-ms-480-800-450k_coco_new2.pth 

rpn_head.head_series.3.cls_module.1.weight - torch.Size([256]): 
PretrainedInit: load from https://www.modelscope.cn/models/wokaikaixinxin/ai4rs/resolve/master/GSDet_baseline/pretrain/diffusiondet_r50_fpn_500-proposals_1-step_crop-ms-480-800-450k_coco_new2.pth 

rpn_head.head_series.3.cls_module.1.bias - torch.Size([256]): 
PretrainedInit: load from https://www.modelscope.cn/models/wokaikaixinxin/ai4rs/resolve/master/GSDet_baseline/pretrain/diffusiondet_r50_fpn_500-proposals_1-step_crop-ms-480-800-450k_coco_new2.pth 

rpn_head.head_series.3.reg_module.0.weight - torch.Size([256, 256]): 
PretrainedInit: load from https://www.modelscope.cn/models/wokaikaixinxin/ai4rs/resolve/master/GSDet_baseline/pretrain/diffusiondet_r50_fpn_500-proposals_1-step_crop-ms-480-800-450k_coco_new2.pth 

rpn_head.head_series.3.reg_module.1.weight - torch.Size([256]): 
PretrainedInit: load from https://www.modelscope.cn/models/wokaikaixinxin/ai4rs/resolve/master/GSDet_baseline/pretrain/diffusiondet_r50_fpn_500-proposals_1-step_crop-ms-480-800-450k_coco_new2.pth 

rpn_head.head_series.3.reg_module.1.bias - torch.Size([256]): 
PretrainedInit: load from https://www.modelscope.cn/models/wokaikaixinxin/ai4rs/resolve/master/GSDet_baseline/pretrain/diffusiondet_r50_fpn_500-proposals_1-step_crop-ms-480-800-450k_coco_new2.pth 

rpn_head.head_series.3.reg_module.3.weight - torch.Size([256, 256]): 
PretrainedInit: load from https://www.modelscope.cn/models/wokaikaixinxin/ai4rs/resolve/master/GSDet_baseline/pretrain/diffusiondet_r50_fpn_500-proposals_1-step_crop-ms-480-800-450k_coco_new2.pth 

rpn_head.head_series.3.reg_module.4.weight - torch.Size([256]): 
PretrainedInit: load from https://www.modelscope.cn/models/wokaikaixinxin/ai4rs/resolve/master/GSDet_baseline/pretrain/diffusiondet_r50_fpn_500-proposals_1-step_crop-ms-480-800-450k_coco_new2.pth 

rpn_head.head_series.3.reg_module.4.bias - torch.Size([256]): 
PretrainedInit: load from https://www.modelscope.cn/models/wokaikaixinxin/ai4rs/resolve/master/GSDet_baseline/pretrain/diffusiondet_r50_fpn_500-proposals_1-step_crop-ms-480-800-450k_coco_new2.pth 

rpn_head.head_series.3.reg_module.6.weight - torch.Size([256, 256]): 
PretrainedInit: load from https://www.modelscope.cn/models/wokaikaixinxin/ai4rs/resolve/master/GSDet_baseline/pretrain/diffusiondet_r50_fpn_500-proposals_1-step_crop-ms-480-800-450k_coco_new2.pth 

rpn_head.head_series.3.reg_module.7.weight - torch.Size([256]): 
PretrainedInit: load from https://www.modelscope.cn/models/wokaikaixinxin/ai4rs/resolve/master/GSDet_baseline/pretrain/diffusiondet_r50_fpn_500-proposals_1-step_crop-ms-480-800-450k_coco_new2.pth 

rpn_head.head_series.3.reg_module.7.bias - torch.Size([256]): 
PretrainedInit: load from https://www.modelscope.cn/models/wokaikaixinxin/ai4rs/resolve/master/GSDet_baseline/pretrain/diffusiondet_r50_fpn_500-proposals_1-step_crop-ms-480-800-450k_coco_new2.pth 

rpn_head.head_series.3.class_logits.weight - torch.Size([37, 256]): 
The value is the same before and after calling `init_weights` of GSDet  

rpn_head.head_series.3.class_logits.bias - torch.Size([37]): 
The value is the same before and after calling `init_weights` of GSDet  

rpn_head.head_series.3.bboxes_delta.weight - torch.Size([4, 256]): 
PretrainedInit: load from https://www.modelscope.cn/models/wokaikaixinxin/ai4rs/resolve/master/GSDet_baseline/pretrain/diffusiondet_r50_fpn_500-proposals_1-step_crop-ms-480-800-450k_coco_new2.pth 

rpn_head.head_series.3.bboxes_delta.bias - torch.Size([4]): 
PretrainedInit: load from https://www.modelscope.cn/models/wokaikaixinxin/ai4rs/resolve/master/GSDet_baseline/pretrain/diffusiondet_r50_fpn_500-proposals_1-step_crop-ms-480-800-450k_coco_new2.pth 

roi_head.bbox_head.0.fc_cls.weight - torch.Size([37, 256]): 
Initialized by user-defined `init_weights` in Hbox2RboxLayer  

roi_head.bbox_head.0.fc_cls.bias - torch.Size([37]): 
Initialized by user-defined `init_weights` in Hbox2RboxLayer  

roi_head.bbox_head.0.fc_reg.weight - torch.Size([6, 256]): 
Initialized by user-defined `init_weights` in Hbox2RboxLayer  

roi_head.bbox_head.0.fc_reg.bias - torch.Size([6]): 
NormalInit: mean=0, std=0.001, bias=0 

roi_head.bbox_head.0.self_attn.in_proj_weight - torch.Size([768, 256]): 
Initialized by user-defined `init_weights` in Hbox2RboxLayer  

roi_head.bbox_head.0.self_attn.in_proj_bias - torch.Size([768]): 
The value is the same before and after calling `init_weights` of GSDet  

roi_head.bbox_head.0.self_attn.out_proj.weight - torch.Size([256, 256]): 
Initialized by user-defined `init_weights` in Hbox2RboxLayer  

roi_head.bbox_head.0.self_attn.out_proj.bias - torch.Size([256]): 
The value is the same before and after calling `init_weights` of GSDet  

roi_head.bbox_head.0.inst_interact.dynamic_layer.weight - torch.Size([32768, 256]): 
Initialized by user-defined `init_weights` in Hbox2RboxLayer  

roi_head.bbox_head.0.inst_interact.dynamic_layer.bias - torch.Size([32768]): 
The value is the same before and after calling `init_weights` of GSDet  

roi_head.bbox_head.0.inst_interact.norm1.weight - torch.Size([64]): 
The value is the same before and after calling `init_weights` of GSDet  

roi_head.bbox_head.0.inst_interact.norm1.bias - torch.Size([64]): 
The value is the same before and after calling `init_weights` of GSDet  

roi_head.bbox_head.0.inst_interact.norm2.weight - torch.Size([256]): 
The value is the same before and after calling `init_weights` of GSDet  

roi_head.bbox_head.0.inst_interact.norm2.bias - torch.Size([256]): 
The value is the same before and after calling `init_weights` of GSDet  

roi_head.bbox_head.0.inst_interact.out_layer.weight - torch.Size([256, 12544]): 
Initialized by user-defined `init_weights` in Hbox2RboxLayer  

roi_head.bbox_head.0.inst_interact.out_layer.bias - torch.Size([256]): 
The value is the same before and after calling `init_weights` of GSDet  

roi_head.bbox_head.0.inst_interact.norm3.weight - torch.Size([256]): 
The value is the same before and after calling `init_weights` of GSDet  

roi_head.bbox_head.0.inst_interact.norm3.bias - torch.Size([256]): 
The value is the same before and after calling `init_weights` of GSDet  

roi_head.bbox_head.0.linear1.weight - torch.Size([2048, 256]): 
Initialized by user-defined `init_weights` in Hbox2RboxLayer  

roi_head.bbox_head.0.linear1.bias - torch.Size([2048]): 
The value is the same before and after calling `init_weights` of GSDet  

roi_head.bbox_head.0.linear2.weight - torch.Size([256, 2048]): 
Initialized by user-defined `init_weights` in Hbox2RboxLayer  

roi_head.bbox_head.0.linear2.bias - torch.Size([256]): 
The value is the same before and after calling `init_weights` of GSDet  

roi_head.bbox_head.0.norm1.weight - torch.Size([256]): 
The value is the same before and after calling `init_weights` of GSDet  

roi_head.bbox_head.0.norm1.bias - torch.Size([256]): 
The value is the same before and after calling `init_weights` of GSDet  

roi_head.bbox_head.0.norm2.weight - torch.Size([256]): 
The value is the same before and after calling `init_weights` of GSDet  

roi_head.bbox_head.0.norm2.bias - torch.Size([256]): 
The value is the same before and after calling `init_weights` of GSDet  

roi_head.bbox_head.0.norm3.weight - torch.Size([256]): 
The value is the same before and after calling `init_weights` of GSDet  

roi_head.bbox_head.0.norm3.bias - torch.Size([256]): 
The value is the same before and after calling `init_weights` of GSDet  

roi_head.bbox_head.0.cls_module.0.weight - torch.Size([256, 256]): 
Initialized by user-defined `init_weights` in Hbox2RboxLayer  

roi_head.bbox_head.0.cls_module.1.weight - torch.Size([256]): 
The value is the same before and after calling `init_weights` of GSDet  

roi_head.bbox_head.0.cls_module.1.bias - torch.Size([256]): 
The value is the same before and after calling `init_weights` of GSDet  

roi_head.bbox_head.0.reg_module.0.weight - torch.Size([256, 256]): 
Initialized by user-defined `init_weights` in Hbox2RboxLayer  

roi_head.bbox_head.0.reg_module.1.weight - torch.Size([256]): 
The value is the same before and after calling `init_weights` of GSDet  

roi_head.bbox_head.0.reg_module.1.bias - torch.Size([256]): 
The value is the same before and after calling `init_weights` of GSDet  

roi_head.bbox_head.0.reg_module.3.weight - torch.Size([256, 256]): 
Initialized by user-defined `init_weights` in Hbox2RboxLayer  

roi_head.bbox_head.0.reg_module.4.weight - torch.Size([256]): 
The value is the same before and after calling `init_weights` of GSDet  

roi_head.bbox_head.0.reg_module.4.bias - torch.Size([256]): 
The value is the same before and after calling `init_weights` of GSDet  

roi_head.bbox_head.0.reg_module.6.weight - torch.Size([256, 256]): 
Initialized by user-defined `init_weights` in Hbox2RboxLayer  

roi_head.bbox_head.0.reg_module.7.weight - torch.Size([256]): 
The value is the same before and after calling `init_weights` of GSDet  

roi_head.bbox_head.0.reg_module.7.bias - torch.Size([256]): 
The value is the same before and after calling `init_weights` of GSDet  

roi_head.bbox_head.1.fc_cls.weight - torch.Size([37, 256]): 
Initialized by user-defined `init_weights` in Rbox2RboxLayer  

roi_head.bbox_head.1.fc_cls.bias - torch.Size([37]): 
Initialized by user-defined `init_weights` in Rbox2RboxLayer  

roi_head.bbox_head.1.fc_reg.weight - torch.Size([5, 256]): 
Initialized by user-defined `init_weights` in Rbox2RboxLayer  

roi_head.bbox_head.1.fc_reg.bias - torch.Size([5]): 
NormalInit: mean=0, std=0.001, bias=0 

roi_head.bbox_head.1.self_attn.in_proj_weight - torch.Size([768, 256]): 
Initialized by user-defined `init_weights` in Rbox2RboxLayer  

roi_head.bbox_head.1.self_attn.in_proj_bias - torch.Size([768]): 
The value is the same before and after calling `init_weights` of GSDet  

roi_head.bbox_head.1.self_attn.out_proj.weight - torch.Size([256, 256]): 
Initialized by user-defined `init_weights` in Rbox2RboxLayer  

roi_head.bbox_head.1.self_attn.out_proj.bias - torch.Size([256]): 
The value is the same before and after calling `init_weights` of GSDet  

roi_head.bbox_head.1.inst_interact.dynamic_layer.weight - torch.Size([32768, 256]): 
Initialized by user-defined `init_weights` in Rbox2RboxLayer  

roi_head.bbox_head.1.inst_interact.dynamic_layer.bias - torch.Size([32768]): 
The value is the same before and after calling `init_weights` of GSDet  

roi_head.bbox_head.1.inst_interact.norm1.weight - torch.Size([64]): 
The value is the same before and after calling `init_weights` of GSDet  

roi_head.bbox_head.1.inst_interact.norm1.bias - torch.Size([64]): 
The value is the same before and after calling `init_weights` of GSDet  

roi_head.bbox_head.1.inst_interact.norm2.weight - torch.Size([256]): 
The value is the same before and after calling `init_weights` of GSDet  

roi_head.bbox_head.1.inst_interact.norm2.bias - torch.Size([256]): 
The value is the same before and after calling `init_weights` of GSDet  

roi_head.bbox_head.1.inst_interact.out_layer.weight - torch.Size([256, 12544]): 
Initialized by user-defined `init_weights` in Rbox2RboxLayer  

roi_head.bbox_head.1.inst_interact.out_layer.bias - torch.Size([256]): 
The value is the same before and after calling `init_weights` of GSDet  

roi_head.bbox_head.1.inst_interact.norm3.weight - torch.Size([256]): 
The value is the same before and after calling `init_weights` of GSDet  

roi_head.bbox_head.1.inst_interact.norm3.bias - torch.Size([256]): 
The value is the same before and after calling `init_weights` of GSDet  

roi_head.bbox_head.1.linear1.weight - torch.Size([2048, 256]): 
Initialized by user-defined `init_weights` in Rbox2RboxLayer  

roi_head.bbox_head.1.linear1.bias - torch.Size([2048]): 
The value is the same before and after calling `init_weights` of GSDet  

roi_head.bbox_head.1.linear2.weight - torch.Size([256, 2048]): 
Initialized by user-defined `init_weights` in Rbox2RboxLayer  

roi_head.bbox_head.1.linear2.bias - torch.Size([256]): 
The value is the same before and after calling `init_weights` of GSDet  

roi_head.bbox_head.1.norm1.weight - torch.Size([256]): 
The value is the same before and after calling `init_weights` of GSDet  

roi_head.bbox_head.1.norm1.bias - torch.Size([256]): 
The value is the same before and after calling `init_weights` of GSDet  

roi_head.bbox_head.1.norm2.weight - torch.Size([256]): 
The value is the same before and after calling `init_weights` of GSDet  

roi_head.bbox_head.1.norm2.bias - torch.Size([256]): 
The value is the same before and after calling `init_weights` of GSDet  

roi_head.bbox_head.1.norm3.weight - torch.Size([256]): 
The value is the same before and after calling `init_weights` of GSDet  

roi_head.bbox_head.1.norm3.bias - torch.Size([256]): 
The value is the same before and after calling `init_weights` of GSDet  

roi_head.bbox_head.1.cls_module.0.weight - torch.Size([256, 256]): 
Initialized by user-defined `init_weights` in Rbox2RboxLayer  

roi_head.bbox_head.1.cls_module.1.weight - torch.Size([256]): 
The value is the same before and after calling `init_weights` of GSDet  

roi_head.bbox_head.1.cls_module.1.bias - torch.Size([256]): 
The value is the same before and after calling `init_weights` of GSDet  

roi_head.bbox_head.1.reg_module.0.weight - torch.Size([256, 256]): 
Initialized by user-defined `init_weights` in Rbox2RboxLayer  

roi_head.bbox_head.1.reg_module.1.weight - torch.Size([256]): 
The value is the same before and after calling `init_weights` of GSDet  

roi_head.bbox_head.1.reg_module.1.bias - torch.Size([256]): 
The value is the same before and after calling `init_weights` of GSDet  

roi_head.bbox_head.1.reg_module.3.weight - torch.Size([256, 256]): 
Initialized by user-defined `init_weights` in Rbox2RboxLayer  

roi_head.bbox_head.1.reg_module.4.weight - torch.Size([256]): 
The value is the same before and after calling `init_weights` of GSDet  

roi_head.bbox_head.1.reg_module.4.bias - torch.Size([256]): 
The value is the same before and after calling `init_weights` of GSDet  

roi_head.bbox_head.1.reg_module.6.weight - torch.Size([256, 256]): 
Initialized by user-defined `init_weights` in Rbox2RboxLayer  

roi_head.bbox_head.1.reg_module.7.weight - torch.Size([256]): 
The value is the same before and after calling `init_weights` of GSDet  

roi_head.bbox_head.1.reg_module.7.bias - torch.Size([256]): 
The value is the same before and after calling `init_weights` of GSDet  
2026/03/27 12:35:43 - mmengine - INFO - Auto resumed from the latest checkpoint /media/Harddisk_A/Workers/wsy/ai4rs/work_dirs/gsdet_fair1m_2gpu/epoch_8.pth.
2026/03/27 12:35:44 - mmengine - INFO - Load checkpoint from /media/Harddisk_A/Workers/wsy/ai4rs/work_dirs/gsdet_fair1m_2gpu/epoch_8.pth
2026/03/27 12:35:44 - mmengine - INFO - resumed epoch: 8, iter: 50010
2026/03/27 12:35:44 - mmengine - WARNING - "FileClient" will be deprecated in future. Please use io functions in https://mmengine.readthedocs.io/en/latest/api/fileio.html#file-io
2026/03/27 12:35:44 - mmengine - WARNING - "HardDiskBackend" is the alias of "LocalBackend" and the former will be deprecated in future.
2026/03/27 12:35:44 - mmengine - INFO - Checkpoints will be saved to /media/Harddisk_A/Workers/wsy/ai4rs/work_dirs/gsdet_fair1m_2gpu.
2026/03/27 12:36:07 - mmengine - INFO - Epoch(train)  [9][   50/10002]  lr: 2.5000e-05  eta: 23:35:00  time: 0.4469  data_time: 0.0104  memory: 7329  grad_norm: 69.8261  loss: 8.4576  rpn_s.0.loss_cls: 0.6063  rpn_s.0.loss_bbox: 0.1174  rpn_s.0.loss_giou: 0.8452  rpn_s.1.loss_cls: 0.4290  rpn_s.1.loss_bbox: 0.0500  rpn_s.1.loss_giou: 0.4148  rpn_s.2.loss_cls: 0.3619  rpn_s.2.loss_bbox: 0.0425  rpn_s.2.loss_giou: 0.3576  rpn_s.3.loss_cls: 0.3157  rpn_s.3.loss_bbox: 0.0388  rpn_s.3.loss_giou: 0.3403  s0.loss_cls: 0.3578  s0.pos_acc: 46.4286  s0.loss_bbox: 0.6553  s0.loss_iou: 1.2254  s1.loss_cls: 0.3572  s1.pos_acc: 42.8571  s1.loss_bbox: 0.6892  s1.loss_iou: 1.2532
2026/03/27 12:36:25 - mmengine - INFO - Epoch(train)  [9][  100/10002]  lr: 2.5000e-05  eta: 21:29:06  time: 0.3676  data_time: 0.0032  memory: 7329  grad_norm: 80.6155  loss: 8.0138  rpn_s.0.loss_cls: 0.6142  rpn_s.0.loss_bbox: 0.1081  rpn_s.0.loss_giou: 0.7985  rpn_s.1.loss_cls: 0.4348  rpn_s.1.loss_bbox: 0.0463  rpn_s.1.loss_giou: 0.3971  rpn_s.2.loss_cls: 0.3767  rpn_s.2.loss_bbox: 0.0382  rpn_s.2.loss_giou: 0.3385  rpn_s.3.loss_cls: 0.3335  rpn_s.3.loss_bbox: 0.0354  rpn_s.3.loss_giou: 0.3169  s0.loss_cls: 0.3882  s0.pos_acc: 82.3718  s0.loss_bbox: 0.6001  s0.loss_iou: 1.0948  s1.loss_cls: 0.3761  s1.pos_acc: 84.6154  s1.loss_bbox: 0.6085  s1.loss_iou: 1.1080
2026/03/27 12:36:44 - mmengine - INFO - Epoch(train)  [9][  150/10002]  lr: 2.5000e-05  eta: 20:51:19  time: 0.3717  data_time: 0.0032  memory: 7329  grad_norm: 68.4852  loss: 8.4404  rpn_s.0.loss_cls: 0.6249  rpn_s.0.loss_bbox: 0.1140  rpn_s.0.loss_giou: 0.8857  rpn_s.1.loss_cls: 0.4507  rpn_s.1.loss_bbox: 0.0479  rpn_s.1.loss_giou: 0.4338  rpn_s.2.loss_cls: 0.3873  rpn_s.2.loss_bbox: 0.0394  rpn_s.2.loss_giou: 0.3656  rpn_s.3.loss_cls: 0.3372  rpn_s.3.loss_bbox: 0.0357  rpn_s.3.loss_giou: 0.3409  s0.loss_cls: 0.3876  s0.pos_acc: 64.6154  s0.loss_bbox: 0.6430  s0.loss_iou: 1.1589  s1.loss_cls: 0.3774  s1.pos_acc: 67.3077  s1.loss_bbox: 0.6307  s1.loss_iou: 1.1796
2026/03/27 12:37:03 - mmengine - INFO - Epoch(train)  [9][  200/10002]  lr: 2.5000e-05  eta: 20:36:34  time: 0.3771  data_time: 0.0033  memory: 7329  grad_norm: 74.3766  loss: 8.1914  rpn_s.0.loss_cls: 0.6324  rpn_s.0.loss_bbox: 0.1223  rpn_s.0.loss_giou: 0.8602  rpn_s.1.loss_cls: 0.4382  rpn_s.1.loss_bbox: 0.0458  rpn_s.1.loss_giou: 0.4084  rpn_s.2.loss_cls: 0.3727  rpn_s.2.loss_bbox: 0.0367  rpn_s.2.loss_giou: 0.3493  rpn_s.3.loss_cls: 0.3279  rpn_s.3.loss_bbox: 0.0331  rpn_s.3.loss_giou: 0.3253  s0.loss_cls: 0.3743  s0.pos_acc: 83.3333  s0.loss_bbox: 0.5886  s0.loss_iou: 1.1255  s1.loss_cls: 0.3897  s1.pos_acc: 77.7778  s1.loss_bbox: 0.6130  s1.loss_iou: 1.1480
2026/03/27 12:37:22 - mmengine - INFO - Epoch(train)  [9][  250/10002]  lr: 2.5000e-05  eta: 20:29:34  time: 0.3803  data_time: 0.0032  memory: 7329  grad_norm: 84.5258  loss: 8.7875  rpn_s.0.loss_cls: 0.6640  rpn_s.0.loss_bbox: 0.1138  rpn_s.0.loss_giou: 0.9188  rpn_s.1.loss_cls: 0.4684  rpn_s.1.loss_bbox: 0.0468  rpn_s.1.loss_giou: 0.4473  rpn_s.2.loss_cls: 0.3985  rpn_s.2.loss_bbox: 0.0403  rpn_s.2.loss_giou: 0.3838  rpn_s.3.loss_cls: 0.3585  rpn_s.3.loss_bbox: 0.0364  rpn_s.3.loss_giou: 0.3624  s0.loss_cls: 0.3926  s0.pos_acc: 80.2030  s0.loss_bbox: 0.6367  s0.loss_iou: 1.2151  s1.loss_cls: 0.4023  s1.pos_acc: 81.9797  s1.loss_bbox: 0.6576  s1.loss_iou: 1.2442
2026/03/27 12:37:57 - mmengine - INFO - Epoch(train)  [9][  300/10002]  lr: 2.5000e-05  eta: 23:16:01  time: 0.7051  data_time: 0.0033  memory: 7329  grad_norm: 77.3819  loss: 8.3694  rpn_s.0.loss_cls: 0.6230  rpn_s.0.loss_bbox: 0.1163  rpn_s.0.loss_giou: 0.8181  rpn_s.1.loss_cls: 0.4522  rpn_s.1.loss_bbox: 0.0561  rpn_s.1.loss_giou: 0.4124  rpn_s.2.loss_cls: 0.3698  rpn_s.2.loss_bbox: 0.0481  rpn_s.2.loss_giou: 0.3506  rpn_s.3.loss_cls: 0.3317  rpn_s.3.loss_bbox: 0.0446  rpn_s.3.loss_giou: 0.3330  s0.loss_cls: 0.3866  s0.pos_acc: 87.5000  s0.loss_bbox: 0.6989  s0.loss_iou: 1.0942  s1.loss_cls: 0.3944  s1.pos_acc: 75.0000  s1.loss_bbox: 0.7165  s1.loss_iou: 1.1229
2026/03/27 12:38:15 - mmengine - INFO - Epoch(train)  [9][  350/10002]  lr: 2.5000e-05  eta: 22:43:43  time: 0.3708  data_time: 0.0033  memory: 7329  grad_norm: 77.1170  loss: 7.9532  rpn_s.0.loss_cls: 0.6219  rpn_s.0.loss_bbox: 0.1070  rpn_s.0.loss_giou: 0.8274  rpn_s.1.loss_cls: 0.4189  rpn_s.1.loss_bbox: 0.0429  rpn_s.1.loss_giou: 0.4011  rpn_s.2.loss_cls: 0.3527  rpn_s.2.loss_bbox: 0.0352  rpn_s.2.loss_giou: 0.3427  rpn_s.3.loss_cls: 0.3075  rpn_s.3.loss_bbox: 0.0329  rpn_s.3.loss_giou: 0.3271  s0.loss_cls: 0.3604  s0.pos_acc: 79.5455  s0.loss_bbox: 0.6091  s0.loss_iou: 1.0830  s1.loss_cls: 0.3628  s1.pos_acc: 85.2273  s1.loss_bbox: 0.6280  s1.loss_iou: 1.0927
2026/03/27 12:38:34 - mmengine - INFO - Epoch(train)  [9][  400/10002]  lr: 2.5000e-05  eta: 22:22:02  time: 0.3774  data_time: 0.0033  memory: 7329  grad_norm: 78.1810  loss: 8.6481  rpn_s.0.loss_cls: 0.6280  rpn_s.0.loss_bbox: 0.1215  rpn_s.0.loss_giou: 0.8816  rpn_s.1.loss_cls: 0.4361  rpn_s.1.loss_bbox: 0.0527  rpn_s.1.loss_giou: 0.4439  rpn_s.2.loss_cls: 0.3612  rpn_s.2.loss_bbox: 0.0437  rpn_s.2.loss_giou: 0.3803  rpn_s.3.loss_cls: 0.3201  rpn_s.3.loss_bbox: 0.0416  rpn_s.3.loss_giou: 0.3617  s0.loss_cls: 0.3630  s0.pos_acc: 47.0588  s0.loss_bbox: 0.6284  s0.loss_iou: 1.2735  s1.loss_cls: 0.3664  s1.pos_acc: 44.1176  s1.loss_bbox: 0.6643  s1.loss_iou: 1.2798
2026/03/27 12:38:53 - mmengine - INFO - Epoch(train)  [9][  450/10002]  lr: 2.5000e-05  eta: 22:02:28  time: 0.3699  data_time: 0.0032  memory: 7329  grad_norm: 69.2401  loss: 8.4606  rpn_s.0.loss_cls: 0.6087  rpn_s.0.loss_bbox: 0.1107  rpn_s.0.loss_giou: 0.8175  rpn_s.1.loss_cls: 0.4366  rpn_s.1.loss_bbox: 0.0493  rpn_s.1.loss_giou: 0.4195  rpn_s.2.loss_cls: 0.3780  rpn_s.2.loss_bbox: 0.0416  rpn_s.2.loss_giou: 0.3575  rpn_s.3.loss_cls: 0.3330  rpn_s.3.loss_bbox: 0.0389  rpn_s.3.loss_giou: 0.3404  s0.loss_cls: 0.3807  s0.pos_acc: 75.0000  s0.loss_bbox: 0.6671  s0.loss_iou: 1.1896  s1.loss_cls: 0.3810  s1.pos_acc: 75.0000  s1.loss_bbox: 0.6974  s1.loss_iou: 1.2132
2026/03/27 12:39:11 - mmengine - INFO - Epoch(train)  [9][  500/10002]  lr: 2.5000e-05  eta: 21:47:41  time: 0.3729  data_time: 0.0032  memory: 7329  grad_norm: 71.4265  loss: 8.4123  rpn_s.0.loss_cls: 0.6571  rpn_s.0.loss_bbox: 0.1082  rpn_s.0.loss_giou: 0.8604  rpn_s.1.loss_cls: 0.4724  rpn_s.1.loss_bbox: 0.0435  rpn_s.1.loss_giou: 0.4234  rpn_s.2.loss_cls: 0.3942  rpn_s.2.loss_bbox: 0.0369  rpn_s.2.loss_giou: 0.3665  rpn_s.3.loss_cls: 0.3386  rpn_s.3.loss_bbox: 0.0345  rpn_s.3.loss_giou: 0.3484  s0.loss_cls: 0.3825  s0.pos_acc: 70.5882  s0.loss_bbox: 0.5995  s0.loss_iou: 1.1505  s1.loss_cls: 0.3848  s1.pos_acc: 79.4118  s1.loss_bbox: 0.6375  s1.loss_iou: 1.1732
2026/03/27 12:39:30 - mmengine - INFO - Epoch(train)  [9][  550/10002]  lr: 2.5000e-05  eta: 21:34:29  time: 0.3692  data_time: 0.0033  memory: 7329  grad_norm: 76.9166  loss: 8.4580  rpn_s.0.loss_cls: 0.6656  rpn_s.0.loss_bbox: 0.1094  rpn_s.0.loss_giou: 0.8080  rpn_s.1.loss_cls: 0.4665  rpn_s.1.loss_bbox: 0.0498  rpn_s.1.loss_giou: 0.4065  rpn_s.2.loss_cls: 0.4050  rpn_s.2.loss_bbox: 0.0426  rpn_s.2.loss_giou: 0.3521  rpn_s.3.loss_cls: 0.3658  rpn_s.3.loss_bbox: 0.0399  rpn_s.3.loss_giou: 0.3351  s0.loss_cls: 0.4375  s0.pos_acc: 55.2632  s0.loss_bbox: 0.5974  s0.loss_iou: 1.1530  s1.loss_cls: 0.4272  s1.pos_acc: 59.2105  s1.loss_bbox: 0.6370  s1.loss_iou: 1.1597
2026/03/27 12:39:49 - mmengine - INFO - Epoch(train)  [9][  600/10002]  lr: 2.5000e-05  eta: 21:25:25  time: 0.3767  data_time: 0.0031  memory: 7330  grad_norm: 70.5211  loss: 8.6169  rpn_s.0.loss_cls: 0.6253  rpn_s.0.loss_bbox: 0.1249  rpn_s.0.loss_giou: 0.8069  rpn_s.1.loss_cls: 0.4496  rpn_s.1.loss_bbox: 0.0582  rpn_s.1.loss_giou: 0.4186  rpn_s.2.loss_cls: 0.3789  rpn_s.2.loss_bbox: 0.0506  rpn_s.2.loss_giou: 0.3681  rpn_s.3.loss_cls: 0.3414  rpn_s.3.loss_bbox: 0.0477  rpn_s.3.loss_giou: 0.3486  s0.loss_cls: 0.3839  s0.pos_acc: 93.7500  s0.loss_bbox: 0.6776  s0.loss_iou: 1.2031  s1.loss_cls: 0.3732  s1.pos_acc: 90.6250  s1.loss_bbox: 0.7191  s1.loss_iou: 1.2412
2026/03/27 12:40:08 - mmengine - INFO - Epoch(train)  [9][  650/10002]  lr: 2.5000e-05  eta: 21:18:19  time: 0.3793  data_time: 0.0031  memory: 7329  grad_norm: 76.1559  loss: 8.7683  rpn_s.0.loss_cls: 0.6829  rpn_s.0.loss_bbox: 0.1188  rpn_s.0.loss_giou: 0.8766  rpn_s.1.loss_cls: 0.4880  rpn_s.1.loss_bbox: 0.0523  rpn_s.1.loss_giou: 0.4226  rpn_s.2.loss_cls: 0.4255  rpn_s.2.loss_bbox: 0.0424  rpn_s.2.loss_giou: 0.3556  rpn_s.3.loss_cls: 0.3887  rpn_s.3.loss_bbox: 0.0405  rpn_s.3.loss_giou: 0.3362  s0.loss_cls: 0.4399  s0.pos_acc: 66.6667  s0.loss_bbox: 0.6403  s0.loss_iou: 1.1470  s1.loss_cls: 0.4530  s1.pos_acc: 67.8571  s1.loss_bbox: 0.6817  s1.loss_iou: 1.1764
2026/03/27 12:40:27 - mmengine - INFO - Epoch(train)  [9][  700/10002]  lr: 2.5000e-05  eta: 21:12:50  time: 0.3821  data_time: 0.0031  memory: 7330  grad_norm: 74.9123  loss: 8.5848  rpn_s.0.loss_cls: 0.6492  rpn_s.0.loss_bbox: 0.1226  rpn_s.0.loss_giou: 0.8505  rpn_s.1.loss_cls: 0.4798  rpn_s.1.loss_bbox: 0.0512  rpn_s.1.loss_giou: 0.4042  rpn_s.2.loss_cls: 0.4001  rpn_s.2.loss_bbox: 0.0444  rpn_s.2.loss_giou: 0.3522  rpn_s.3.loss_cls: 0.3643  rpn_s.3.loss_bbox: 0.0421  rpn_s.3.loss_giou: 0.3363  s0.loss_cls: 0.4036  s0.pos_acc: 64.1026  s0.loss_bbox: 0.6236  s0.loss_iou: 1.1857  s1.loss_cls: 0.4027  s1.pos_acc: 73.0769  s1.loss_bbox: 0.6635  s1.loss_iou: 1.2089
2026/03/27 12:40:46 - mmengine - INFO - Epoch(train)  [9][  750/10002]  lr: 2.5000e-05  eta: 21:06:36  time: 0.3754  data_time: 0.0031  memory: 7329  grad_norm: 78.4144  loss: 8.2261  rpn_s.0.loss_cls: 0.6470  rpn_s.0.loss_bbox: 0.1127  rpn_s.0.loss_giou: 0.8108  rpn_s.1.loss_cls: 0.4650  rpn_s.1.loss_bbox: 0.0508  rpn_s.1.loss_giou: 0.4061  rpn_s.2.loss_cls: 0.3955  rpn_s.2.loss_bbox: 0.0414  rpn_s.2.loss_giou: 0.3469  rpn_s.3.loss_cls: 0.3521  rpn_s.3.loss_bbox: 0.0400  rpn_s.3.loss_giou: 0.3300  s0.loss_cls: 0.3962  s0.pos_acc: 80.0000  s0.loss_bbox: 0.5890  s0.loss_iou: 1.1139  s1.loss_cls: 0.3940  s1.pos_acc: 80.0000  s1.loss_bbox: 0.5897  s1.loss_iou: 1.1450
2026/03/27 12:41:05 - mmengine - INFO - Epoch(train)  [9][  800/10002]  lr: 2.5000e-05  eta: 21:01:57  time: 0.3796  data_time: 0.0031  memory: 7329  grad_norm: 74.0908  loss: 8.3068  rpn_s.0.loss_cls: 0.6259  rpn_s.0.loss_bbox: 0.1137  rpn_s.0.loss_giou: 0.7873  rpn_s.1.loss_cls: 0.4530  rpn_s.1.loss_bbox: 0.0515  rpn_s.1.loss_giou: 0.4133  rpn_s.2.loss_cls: 0.3932  rpn_s.2.loss_bbox: 0.0437  rpn_s.2.loss_giou: 0.3575  rpn_s.3.loss_cls: 0.3486  rpn_s.3.loss_bbox: 0.0411  rpn_s.3.loss_giou: 0.3351  s0.loss_cls: 0.3953  s0.pos_acc: 64.7727  s0.loss_bbox: 0.6172  s0.loss_iou: 1.1267  s1.loss_cls: 0.3857  s1.pos_acc: 66.2879  s1.loss_bbox: 0.6534  s1.loss_iou: 1.1647
2026/03/27 12:41:24 - mmengine - INFO - Epoch(train)  [9][  850/10002]  lr: 2.5000e-05  eta: 20:59:46  time: 0.3901  data_time: 0.0042  memory: 7330  grad_norm: 69.8989  loss: 8.8835  rpn_s.0.loss_cls: 0.6675  rpn_s.0.loss_bbox: 0.1166  rpn_s.0.loss_giou: 0.8993  rpn_s.1.loss_cls: 0.4722  rpn_s.1.loss_bbox: 0.0493  rpn_s.1.loss_giou: 0.4467  rpn_s.2.loss_cls: 0.3954  rpn_s.2.loss_bbox: 0.0412  rpn_s.2.loss_giou: 0.3838  rpn_s.3.loss_cls: 0.3512  rpn_s.3.loss_bbox: 0.0381  rpn_s.3.loss_giou: 0.3640  s0.loss_cls: 0.3856  s0.pos_acc: 76.2500  s0.loss_bbox: 0.6468  s0.loss_iou: 1.2593  s1.loss_cls: 0.3864  s1.pos_acc: 88.7500  s1.loss_bbox: 0.7121  s1.loss_iou: 1.2678
2026/03/27 12:41:43 - mmengine - INFO - Epoch(train)  [9][  900/10002]  lr: 2.5000e-05  eta: 20:56:48  time: 0.3845  data_time: 0.0030  memory: 7330  grad_norm: 73.7411  loss: 8.7014  rpn_s.0.loss_cls: 0.6447  rpn_s.0.loss_bbox: 0.1280  rpn_s.0.loss_giou: 0.8917  rpn_s.1.loss_cls: 0.4505  rpn_s.1.loss_bbox: 0.0546  rpn_s.1.loss_giou: 0.4360  rpn_s.2.loss_cls: 0.3982  rpn_s.2.loss_bbox: 0.0444  rpn_s.2.loss_giou: 0.3653  rpn_s.3.loss_cls: 0.3504  rpn_s.3.loss_bbox: 0.0395  rpn_s.3.loss_giou: 0.3431  s0.loss_cls: 0.3942  s0.pos_acc: 100.0000  s0.loss_bbox: 0.6439  s0.loss_iou: 1.2030  s1.loss_cls: 0.3864  s1.pos_acc: 100.0000  s1.loss_bbox: 0.6911  s1.loss_iou: 1.2364
2026/03/27 12:42:02 - mmengine - INFO - Epoch(train)  [9][  950/10002]  lr: 2.5000e-05  eta: 20:53:16  time: 0.3794  data_time: 0.0030  memory: 7329  grad_norm: 71.0737  loss: 8.7692  rpn_s.0.loss_cls: 0.6612  rpn_s.0.loss_bbox: 0.1194  rpn_s.0.loss_giou: 0.8831  rpn_s.1.loss_cls: 0.4676  rpn_s.1.loss_bbox: 0.0497  rpn_s.1.loss_giou: 0.4418  rpn_s.2.loss_cls: 0.4065  rpn_s.2.loss_bbox: 0.0406  rpn_s.2.loss_giou: 0.3783  rpn_s.3.loss_cls: 0.3675  rpn_s.3.loss_bbox: 0.0375  rpn_s.3.loss_giou: 0.3545  s0.loss_cls: 0.4087  s0.pos_acc: 61.0170  s0.loss_bbox: 0.5937  s0.loss_iou: 1.2280  s1.loss_cls: 0.4072  s1.pos_acc: 62.7119  s1.loss_bbox: 0.6629  s1.loss_iou: 1.2611
2026/03/27 12:42:17 - mmengine - INFO - Exp name: GSDet_r50_b900_h2h4_h2r1_r2r1_2x_fair1m1.0_20260327_123453
2026/03/27 12:42:21 - mmengine - INFO - Epoch(train)  [9][ 1000/10002]  lr: 2.5000e-05  eta: 20:50:11  time: 0.3803  data_time: 0.0030  memory: 7329  grad_norm: 65.0181  loss: 8.4916  rpn_s.0.loss_cls: 0.6417  rpn_s.0.loss_bbox: 0.1117  rpn_s.0.loss_giou: 0.8054  rpn_s.1.loss_cls: 0.4472  rpn_s.1.loss_bbox: 0.0504  rpn_s.1.loss_giou: 0.4042  rpn_s.2.loss_cls: 0.3934  rpn_s.2.loss_bbox: 0.0434  rpn_s.2.loss_giou: 0.3536  rpn_s.3.loss_cls: 0.3514  rpn_s.3.loss_bbox: 0.0398  rpn_s.3.loss_giou: 0.3313  s0.loss_cls: 0.4099  s0.pos_acc: 96.4286  s0.loss_bbox: 0.6303  s0.loss_iou: 1.1533  s1.loss_cls: 0.4280  s1.pos_acc: 96.4286  s1.loss_bbox: 0.7192  s1.loss_iou: 1.1774
2026/03/27 12:42:40 - mmengine - INFO - Epoch(train)  [9][ 1050/10002]  lr: 2.5000e-05  eta: 20:47:46  time: 0.3829  data_time: 0.0029  memory: 7329  grad_norm: 73.5967  loss: 8.6165  rpn_s.0.loss_cls: 0.6289  rpn_s.0.loss_bbox: 0.1148  rpn_s.0.loss_giou: 0.8869  rpn_s.1.loss_cls: 0.4542  rpn_s.1.loss_bbox: 0.0491  rpn_s.1.loss_giou: 0.4476  rpn_s.2.loss_cls: 0.3621  rpn_s.2.loss_bbox: 0.0402  rpn_s.2.loss_giou: 0.3779  rpn_s.3.loss_cls: 0.3263  rpn_s.3.loss_bbox: 0.0356  rpn_s.3.loss_giou: 0.3478  s0.loss_cls: 0.3829  s0.pos_acc: 65.4255  s0.loss_bbox: 0.6077  s0.loss_iou: 1.2320  s1.loss_cls: 0.3787  s1.pos_acc: 70.7447  s1.loss_bbox: 0.6884  s1.loss_iou: 1.2555
2026/03/27 12:43:00 - mmengine - INFO - Epoch(train)  [9][ 1100/10002]  lr: 2.5000e-05  eta: 20:45:52  time: 0.3851  data_time: 0.0029  memory: 7330  grad_norm: 70.9086  loss: 8.6184  rpn_s.0.loss_cls: 0.6290  rpn_s.0.loss_bbox: 0.1172  rpn_s.0.loss_giou: 0.8681  rpn_s.1.loss_cls: 0.4467  rpn_s.1.loss_bbox: 0.0519  rpn_s.1.loss_giou: 0.4436  rpn_s.2.loss_cls: 0.3814  rpn_s.2.loss_bbox: 0.0439  rpn_s.2.loss_giou: 0.3799  rpn_s.3.loss_cls: 0.3454  rpn_s.3.loss_bbox: 0.0401  rpn_s.3.loss_giou: 0.3557  s0.loss_cls: 0.3799  s0.pos_acc: 78.1250  s0.loss_bbox: 0.6236  s0.loss_iou: 1.2281  s1.loss_cls: 0.3746  s1.pos_acc: 82.8125  s1.loss_bbox: 0.6667  s1.loss_iou: 1.2426
2026/03/27 12:43:19 - mmengine - INFO - Epoch(train)  [9][ 1150/10002]  lr: 2.5000e-05  eta: 20:44:15  time: 0.3863  data_time: 0.0029  memory: 7330  grad_norm: 76.6773  loss: 9.1182  rpn_s.0.loss_cls: 0.6976  rpn_s.0.loss_bbox: 0.1179  rpn_s.0.loss_giou: 0.9787  rpn_s.1.loss_cls: 0.5039  rpn_s.1.loss_bbox: 0.0483  rpn_s.1.loss_giou: 0.4680  rpn_s.2.loss_cls: 0.4273  rpn_s.2.loss_bbox: 0.0396  rpn_s.2.loss_giou: 0.3959  rpn_s.3.loss_cls: 0.3855  rpn_s.3.loss_bbox: 0.0357  rpn_s.3.loss_giou: 0.3702  s0.loss_cls: 0.4317  s0.pos_acc: 67.8571  s0.loss_bbox: 0.5723  s0.loss_iou: 1.2837  s1.loss_cls: 0.4328  s1.pos_acc: 75.0000  s1.loss_bbox: 0.6297  s1.loss_iou: 1.2993
2026/03/27 12:43:38 - mmengine - INFO - Epoch(train)  [9][ 1200/10002]  lr: 2.5000e-05  eta: 20:42:44  time: 0.3861  data_time: 0.0029  memory: 7330  grad_norm: 83.3211  loss: 8.7625  rpn_s.0.loss_cls: 0.6162  rpn_s.0.loss_bbox: 0.1256  rpn_s.0.loss_giou: 0.8528  rpn_s.1.loss_cls: 0.4522  rpn_s.1.loss_bbox: 0.0592  rpn_s.1.loss_giou: 0.4387  rpn_s.2.loss_cls: 0.3851  rpn_s.2.loss_bbox: 0.0528  rpn_s.2.loss_giou: 0.3811  rpn_s.3.loss_cls: 0.3455  rpn_s.3.loss_bbox: 0.0492  rpn_s.3.loss_giou: 0.3650  s0.loss_cls: 0.3977  s0.pos_acc: 74.1936  s0.loss_bbox: 0.6534  s0.loss_iou: 1.2442  s1.loss_cls: 0.4094  s1.pos_acc: 70.9677  s1.loss_bbox: 0.6562  s1.loss_iou: 1.2782
2026/03/27 12:43:57 - mmengine - INFO - Epoch(train)  [9][ 1250/10002]  lr: 2.5000e-05  eta: 20:40:54  time: 0.3830  data_time: 0.0030  memory: 7329  grad_norm: 73.9563  loss: 8.7539  rpn_s.0.loss_cls: 0.6738  rpn_s.0.loss_bbox: 0.1197  rpn_s.0.loss_giou: 0.9226  rpn_s.1.loss_cls: 0.4684  rpn_s.1.loss_bbox: 0.0478  rpn_s.1.loss_giou: 0.4390  rpn_s.2.loss_cls: 0.3823  rpn_s.2.loss_bbox: 0.0393  rpn_s.2.loss_giou: 0.3729  rpn_s.3.loss_cls: 0.3399  rpn_s.3.loss_bbox: 0.0361  rpn_s.3.loss_giou: 0.3492  s0.loss_cls: 0.3795  s0.pos_acc: 56.6667  s0.loss_bbox: 0.6645  s0.loss_iou: 1.1844  s1.loss_cls: 0.3877  s1.pos_acc: 50.0000  s1.loss_bbox: 0.7314  s1.loss_iou: 1.2152
2026/03/27 12:44:17 - mmengine - INFO - Epoch(train)  [9][ 1300/10002]  lr: 2.5000e-05  eta: 20:39:50  time: 0.3882  data_time: 0.0029  memory: 7329  grad_norm: 70.8761  loss: 8.5850  rpn_s.0.loss_cls: 0.6245  rpn_s.0.loss_bbox: 0.1195  rpn_s.0.loss_giou: 0.8397  rpn_s.1.loss_cls: 0.4416  rpn_s.1.loss_bbox: 0.0512  rpn_s.1.loss_giou: 0.4171  rpn_s.2.loss_cls: 0.3778  rpn_s.2.loss_bbox: 0.0421  rpn_s.2.loss_giou: 0.3551  rpn_s.3.loss_cls: 0.3426  rpn_s.3.loss_bbox: 0.0381  rpn_s.3.loss_giou: 0.3347  s0.loss_cls: 0.3726  s0.pos_acc: 77.2727  s0.loss_bbox: 0.6890  s0.loss_iou: 1.1898  s1.loss_cls: 0.3841  s1.pos_acc: 81.8182  s1.loss_bbox: 0.7474  s1.loss_iou: 1.2181
2026/03/27 12:44:36 - mmengine - INFO - Epoch(train)  [9][ 1350/10002]  lr: 2.5000e-05  eta: 20:38:15  time: 0.3833  data_time: 0.0030  memory: 7329  grad_norm: 76.5119  loss: 8.1810  rpn_s.0.loss_cls: 0.6305  rpn_s.0.loss_bbox: 0.1154  rpn_s.0.loss_giou: 0.8331  rpn_s.1.loss_cls: 0.4550  rpn_s.1.loss_bbox: 0.0470  rpn_s.1.loss_giou: 0.3939  rpn_s.2.loss_cls: 0.3614  rpn_s.2.loss_bbox: 0.0392  rpn_s.2.loss_giou: 0.3407  rpn_s.3.loss_cls: 0.3210  rpn_s.3.loss_bbox: 0.0367  rpn_s.3.loss_giou: 0.3229  s0.loss_cls: 0.3769  s0.pos_acc: 69.7368  s0.loss_bbox: 0.6290  s0.loss_iou: 1.0892  s1.loss_cls: 0.3744  s1.pos_acc: 75.0000  s1.loss_bbox: 0.6703  s1.loss_iou: 1.1443
2026/03/27 12:44:55 - mmengine - INFO - Epoch(train)  [9][ 1400/10002]  lr: 2.5000e-05  eta: 20:36:45  time: 0.3834  data_time: 0.0030  memory: 7330  grad_norm: 73.1257  loss: 8.7161  rpn_s.0.loss_cls: 0.6267  rpn_s.0.loss_bbox: 0.1187  rpn_s.0.loss_giou: 0.8443  rpn_s.1.loss_cls: 0.4429  rpn_s.1.loss_bbox: 0.0546  rpn_s.1.loss_giou: 0.4351  rpn_s.2.loss_cls: 0.3755  rpn_s.2.loss_bbox: 0.0438  rpn_s.2.loss_giou: 0.3732  rpn_s.3.loss_cls: 0.3461  rpn_s.3.loss_bbox: 0.0391  rpn_s.3.loss_giou: 0.3471  s0.loss_cls: 0.3873  s0.pos_acc: 66.6667  s0.loss_bbox: 0.7186  s0.loss_iou: 1.2007  s1.loss_cls: 0.3825  s1.pos_acc: 66.6667  s1.loss_bbox: 0.7480  s1.loss_iou: 1.2318
2026/03/27 12:45:14 - mmengine - INFO - Epoch(train)  [9][ 1450/10002]  lr: 2.5000e-05  eta: 20:35:02  time: 0.3805  data_time: 0.0030  memory: 7329  grad_norm: 66.4013  loss: 8.4527  rpn_s.0.loss_cls: 0.6289  rpn_s.0.loss_bbox: 0.1128  rpn_s.0.loss_giou: 0.8335  rpn_s.1.loss_cls: 0.4574  rpn_s.1.loss_bbox: 0.0471  rpn_s.1.loss_giou: 0.4162  rpn_s.2.loss_cls: 0.3878  rpn_s.2.loss_bbox: 0.0388  rpn_s.2.loss_giou: 0.3547  rpn_s.3.loss_cls: 0.3479  rpn_s.3.loss_bbox: 0.0354  rpn_s.3.loss_giou: 0.3350  s0.loss_cls: 0.3913  s0.pos_acc: 60.0000  s0.loss_bbox: 0.6246  s0.loss_iou: 1.1955  s1.loss_cls: 0.3991  s1.pos_acc: 60.0000  s1.loss_bbox: 0.6478  s1.loss_iou: 1.1988
2026/03/27 12:45:33 - mmengine - INFO - Epoch(train)  [9][ 1500/10002]  lr: 2.5000e-05  eta: 20:33:24  time: 0.3806  data_time: 0.0031  memory: 7330  grad_norm: 80.8628  loss: 8.0980  rpn_s.0.loss_cls: 0.6457  rpn_s.0.loss_bbox: 0.1081  rpn_s.0.loss_giou: 0.7766  rpn_s.1.loss_cls: 0.4579  rpn_s.1.loss_bbox: 0.0476  rpn_s.1.loss_giou: 0.3892  rpn_s.2.loss_cls: 0.3830  rpn_s.2.loss_bbox: 0.0415  rpn_s.2.loss_giou: 0.3395  rpn_s.3.loss_cls: 0.3436  rpn_s.3.loss_bbox: 0.0391  rpn_s.3.loss_giou: 0.3237  s0.loss_cls: 0.4027  s0.pos_acc: 66.6667  s0.loss_bbox: 0.5741  s0.loss_iou: 1.0859  s1.loss_cls: 0.4026  s1.pos_acc: 68.5185  s1.loss_bbox: 0.6382  s1.loss_iou: 1.0990
2026/03/27 12:45:52 - mmengine - INFO - Epoch(train)  [9][ 1550/10002]  lr: 2.5000e-05  eta: 20:31:52  time: 0.3806  data_time: 0.0031  memory: 7329  grad_norm: 72.9584  loss: 8.8342  rpn_s.0.loss_cls: 0.6461  rpn_s.0.loss_bbox: 0.1232  rpn_s.0.loss_giou: 0.9431  rpn_s.1.loss_cls: 0.4534  rpn_s.1.loss_bbox: 0.0501  rpn_s.1.loss_giou: 0.4617  rpn_s.2.loss_cls: 0.3736  rpn_s.2.loss_bbox: 0.0404  rpn_s.2.loss_giou: 0.3949  rpn_s.3.loss_cls: 0.3324  rpn_s.3.loss_bbox: 0.0360  rpn_s.3.loss_giou: 0.3674  s0.loss_cls: 0.3942  s0.pos_acc: 70.4545  s0.loss_bbox: 0.5905  s0.loss_iou: 1.2737  s1.loss_cls: 0.3930  s1.pos_acc: 72.7273  s1.loss_bbox: 0.6466  s1.loss_iou: 1.3141
2026/03/27 12:46:11 - mmengine - INFO - Epoch(train)  [9][ 1600/10002]  lr: 2.5000e-05  eta: 20:30:39  time: 0.3830  data_time: 0.0032  memory: 7329  grad_norm: 65.3060  loss: 8.1088  rpn_s.0.loss_cls: 0.6034  rpn_s.0.loss_bbox: 0.1256  rpn_s.0.loss_giou: 0.7597  rpn_s.1.loss_cls: 0.4340  rpn_s.1.loss_bbox: 0.0629  rpn_s.1.loss_giou: 0.3940  rpn_s.2.loss_cls: 0.3691  rpn_s.2.loss_bbox: 0.0551  rpn_s.2.loss_giou: 0.3402  rpn_s.3.loss_cls: 0.3333  rpn_s.3.loss_bbox: 0.0513  rpn_s.3.loss_giou: 0.3187  s0.loss_cls: 0.3773  s0.pos_acc: 83.3333  s0.loss_bbox: 0.5940  s0.loss_iou: 1.1077  s1.loss_cls: 0.3870  s1.pos_acc: 86.3636  s1.loss_bbox: 0.6564  s1.loss_iou: 1.1390
2026/03/27 12:46:30 - mmengine - INFO - Epoch(train)  [9][ 1650/10002]  lr: 2.5000e-05  eta: 20:29:15  time: 0.3806  data_time: 0.0032  memory: 7329  grad_norm: 72.5942  loss: 8.4486  rpn_s.0.loss_cls: 0.6529  rpn_s.0.loss_bbox: 0.1185  rpn_s.0.loss_giou: 0.8777  rpn_s.1.loss_cls: 0.4504  rpn_s.1.loss_bbox: 0.0546  rpn_s.1.loss_giou: 0.4353  rpn_s.2.loss_cls: 0.3710  rpn_s.2.loss_bbox: 0.0422  rpn_s.2.loss_giou: 0.3730  rpn_s.3.loss_cls: 0.3292  rpn_s.3.loss_bbox: 0.0383  rpn_s.3.loss_giou: 0.3522  s0.loss_cls: 0.3831  s0.pos_acc: 80.0000  s0.loss_bbox: 0.5809  s0.loss_iou: 1.1950  s1.loss_cls: 0.3904  s1.pos_acc: 90.0000  s1.loss_bbox: 0.5989  s1.loss_iou: 1.2051
2026/03/27 12:46:49 - mmengine - INFO - Epoch(train)  [9][ 1700/10002]  lr: 2.5000e-05  eta: 20:27:32  time: 0.3764  data_time: 0.0032  memory: 7329  grad_norm: 86.8632  loss: 8.3384  rpn_s.0.loss_cls: 0.6545  rpn_s.0.loss_bbox: 0.1129  rpn_s.0.loss_giou: 0.8065  rpn_s.1.loss_cls: 0.4617  rpn_s.1.loss_bbox: 0.0476  rpn_s.1.loss_giou: 0.3962  rpn_s.2.loss_cls: 0.3834  rpn_s.2.loss_bbox: 0.0405  rpn_s.2.loss_giou: 0.3470  rpn_s.3.loss_cls: 0.3474  rpn_s.3.loss_bbox: 0.0391  rpn_s.3.loss_giou: 0.3351  s0.loss_cls: 0.3935  s0.pos_acc: 67.3913  s0.loss_bbox: 0.6583  s0.loss_iou: 1.1233  s1.loss_cls: 0.3948  s1.pos_acc: 71.0145  s1.loss_bbox: 0.6590  s1.loss_iou: 1.1376
2026/03/27 12:47:08 - mmengine - INFO - Epoch(train)  [9][ 1750/10002]  lr: 2.5000e-05  eta: 20:26:30  time: 0.3832  data_time: 0.0032  memory: 7329  grad_norm: 69.0987  loss: 8.7491  rpn_s.0.loss_cls: 0.6423  rpn_s.0.loss_bbox: 0.1244  rpn_s.0.loss_giou: 0.8278  rpn_s.1.loss_cls: 0.4777  rpn_s.1.loss_bbox: 0.0559  rpn_s.1.loss_giou: 0.4237  rpn_s.2.loss_cls: 0.4110  rpn_s.2.loss_bbox: 0.0465  rpn_s.2.loss_giou: 0.3744  rpn_s.3.loss_cls: 0.3737  rpn_s.3.loss_bbox: 0.0429  rpn_s.3.loss_giou: 0.3482  s0.loss_cls: 0.4179  s0.pos_acc: 46.1538  s0.loss_bbox: 0.6469  s0.loss_iou: 1.2147  s1.loss_cls: 0.4273  s1.pos_acc: 57.6923  s1.loss_bbox: 0.6734  s1.loss_iou: 1.2202
2026/03/27 12:47:28 - mmengine - INFO - Epoch(train)  [9][ 1800/10002]  lr: 2.5000e-05  eta: 20:25:29  time: 0.3829  data_time: 0.0033  memory: 7329  grad_norm: 73.5230  loss: 8.1778  rpn_s.0.loss_cls: 0.6438  rpn_s.0.loss_bbox: 0.1276  rpn_s.0.loss_giou: 0.7734  rpn_s.1.loss_cls: 0.4640  rpn_s.1.loss_bbox: 0.0495  rpn_s.1.loss_giou: 0.3863  rpn_s.2.loss_cls: 0.3916  rpn_s.2.loss_bbox: 0.0432  rpn_s.2.loss_giou: 0.3399  rpn_s.3.loss_cls: 0.3519  rpn_s.3.loss_bbox: 0.0406  rpn_s.3.loss_giou: 0.3206  s0.loss_cls: 0.4004  s0.pos_acc: 75.0000  s0.loss_bbox: 0.6139  s0.loss_iou: 1.0929  s1.loss_cls: 0.3947  s1.pos_acc: 75.0000  s1.loss_bbox: 0.6291  s1.loss_iou: 1.1143
2026/03/27 12:47:47 - mmengine - INFO - Epoch(train)  [9][ 1850/10002]  lr: 2.5000e-05  eta: 20:25:05  time: 0.3897  data_time: 0.0032  memory: 7329  grad_norm: 73.4509  loss: 8.3709  rpn_s.0.loss_cls: 0.6074  rpn_s.0.loss_bbox: 0.1131  rpn_s.0.loss_giou: 0.8397  rpn_s.1.loss_cls: 0.4304  rpn_s.1.loss_bbox: 0.0446  rpn_s.1.loss_giou: 0.4078  rpn_s.2.loss_cls: 0.3546  rpn_s.2.loss_bbox: 0.0394  rpn_s.2.loss_giou: 0.3546  rpn_s.3.loss_cls: 0.3150  rpn_s.3.loss_bbox: 0.0363  rpn_s.3.loss_giou: 0.3366  s0.loss_cls: 0.3414  s0.pos_acc: 70.8955  s0.loss_bbox: 0.7178  s0.loss_iou: 1.1629  s1.loss_cls: 0.3431  s1.pos_acc: 75.3731  s1.loss_bbox: 0.7440  s1.loss_iou: 1.1822
2026/03/27 12:48:06 - mmengine - INFO - Epoch(train)  [9][ 1900/10002]  lr: 2.5000e-05  eta: 20:24:07  time: 0.3827  data_time: 0.0032  memory: 7329  grad_norm: 73.8809  loss: 8.3086  rpn_s.0.loss_cls: 0.6038  rpn_s.0.loss_bbox: 0.1212  rpn_s.0.loss_giou: 0.7824  rpn_s.1.loss_cls: 0.4504  rpn_s.1.loss_bbox: 0.0578  rpn_s.1.loss_giou: 0.3987  rpn_s.2.loss_cls: 0.3676  rpn_s.2.loss_bbox: 0.0497  rpn_s.2.loss_giou: 0.3450  rpn_s.3.loss_cls: 0.3352  rpn_s.3.loss_bbox: 0.0467  rpn_s.3.loss_giou: 0.3285  s0.loss_cls: 0.3792  s0.pos_acc: 100.0000  s0.loss_bbox: 0.6372  s0.loss_iou: 1.1574  s1.loss_cls: 0.3773  s1.pos_acc: 100.0000  s1.loss_bbox: 0.6953  s1.loss_iou: 1.1750
2026/03/27 12:48:25 - mmengine - INFO - Epoch(train)  [9][ 1950/10002]  lr: 2.5000e-05  eta: 20:23:01  time: 0.3808  data_time: 0.0032  memory: 7329  grad_norm: 71.9421  loss: 8.5202  rpn_s.0.loss_cls: 0.6346  rpn_s.0.loss_bbox: 0.1191  rpn_s.0.loss_giou: 0.8446  rpn_s.1.loss_cls: 0.4524  rpn_s.1.loss_bbox: 0.0522  rpn_s.1.loss_giou: 0.4192  rpn_s.2.loss_cls: 0.3755  rpn_s.2.loss_bbox: 0.0442  rpn_s.2.loss_giou: 0.3574  rpn_s.3.loss_cls: 0.3393  rpn_s.3.loss_bbox: 0.0405  rpn_s.3.loss_giou: 0.3348  s0.loss_cls: 0.4043  s0.pos_acc: 64.2857  s0.loss_bbox: 0.6427  s0.loss_iou: 1.1637  s1.loss_cls: 0.4220  s1.pos_acc: 60.7143  s1.loss_bbox: 0.6917  s1.loss_iou: 1.1821
2026/03/27 12:48:40 - mmengine - INFO - Exp name: GSDet_r50_b900_h2h4_h2r1_r2r1_2x_fair1m1.0_20260327_123453
2026/03/27 12:48:44 - mmengine - INFO - Epoch(train)  [9][ 2000/10002]  lr: 2.5000e-05  eta: 20:21:38  time: 0.3767  data_time: 0.0032  memory: 7329  grad_norm: 68.2398  loss: 8.3421  rpn_s.0.loss_cls: 0.6570  rpn_s.0.loss_bbox: 0.1072  rpn_s.0.loss_giou: 0.8575  rpn_s.1.loss_cls: 0.4522  rpn_s.1.loss_bbox: 0.0435  rpn_s.1.loss_giou: 0.4182  rpn_s.2.loss_cls: 0.3870  rpn_s.2.loss_bbox: 0.0369  rpn_s.2.loss_giou: 0.3663  rpn_s.3.loss_cls: 0.3554  rpn_s.3.loss_bbox: 0.0337  rpn_s.3.loss_giou: 0.3446  s0.loss_cls: 0.4025  s0.pos_acc: 92.8571  s0.loss_bbox: 0.5629  s0.loss_iou: 1.1372  s1.loss_cls: 0.4009  s1.pos_acc: 85.7143  s1.loss_bbox: 0.6217  s1.loss_iou: 1.1573
2026/03/27 12:49:03 - mmengine - INFO - Epoch(train)  [9][ 2050/10002]  lr: 2.5000e-05  eta: 20:20:15  time: 0.3759  data_time: 0.0032  memory: 7330  grad_norm: 72.8323  loss: 8.3988  rpn_s.0.loss_cls: 0.6330  rpn_s.0.loss_bbox: 0.1130  rpn_s.0.loss_giou: 0.7941  rpn_s.1.loss_cls: 0.4523  rpn_s.1.loss_bbox: 0.0489  rpn_s.1.loss_giou: 0.4062  rpn_s.2.loss_cls: 0.3761  rpn_s.2.loss_bbox: 0.0409  rpn_s.2.loss_giou: 0.3439  rpn_s.3.loss_cls: 0.3391  rpn_s.3.loss_bbox: 0.0373  rpn_s.3.loss_giou: 0.3264  s0.loss_cls: 0.3996  s0.pos_acc: 81.2500  s0.loss_bbox: 0.6715  s0.loss_iou: 1.1208  s1.loss_cls: 0.4045  s1.pos_acc: 81.2500  s1.loss_bbox: 0.7309  s1.loss_iou: 1.1602
2026/03/27 12:49:22 - mmengine - INFO - Epoch(train)  [9][ 2100/10002]  lr: 2.5000e-05  eta: 20:18:55  time: 0.3760  data_time: 0.0032  memory: 7330  grad_norm: 81.1089  loss: 8.5304  rpn_s.0.loss_cls: 0.6452  rpn_s.0.loss_bbox: 0.1203  rpn_s.0.loss_giou: 0.7952  rpn_s.1.loss_cls: 0.4639  rpn_s.1.loss_bbox: 0.0530  rpn_s.1.loss_giou: 0.4072  rpn_s.2.loss_cls: 0.3971  rpn_s.2.loss_bbox: 0.0456  rpn_s.2.loss_giou: 0.3527  rpn_s.3.loss_cls: 0.3620  rpn_s.3.loss_bbox: 0.0417  rpn_s.3.loss_giou: 0.3328  s0.loss_cls: 0.4125  s0.pos_acc: 75.4153  s0.loss_bbox: 0.6675  s0.loss_iou: 1.1381  s1.loss_cls: 0.4198  s1.pos_acc: 78.9037  s1.loss_bbox: 0.7018  s1.loss_iou: 1.1740
2026/03/27 12:49:40 - mmengine - INFO - Epoch(train)  [9][ 2150/10002]  lr: 2.5000e-05  eta: 20:17:30  time: 0.3742  data_time: 0.0032  memory: 7329  grad_norm: 74.0784  loss: 8.3595  rpn_s.0.loss_cls: 0.6196  rpn_s.0.loss_bbox: 0.1009  rpn_s.0.loss_giou: 0.8361  rpn_s.1.loss_cls: 0.4376  rpn_s.1.loss_bbox: 0.0426  rpn_s.1.loss_giou: 0.4162  rpn_s.2.loss_cls: 0.3542  rpn_s.2.loss_bbox: 0.0351  rpn_s.2.loss_giou: 0.3581  rpn_s.3.loss_cls: 0.3338  rpn_s.3.loss_bbox: 0.0326  rpn_s.3.loss_giou: 0.3366  s0.loss_cls: 0.3691  s0.pos_acc: 92.8571  s0.loss_bbox: 0.7255  s0.loss_iou: 1.0900  s1.loss_cls: 0.3918  s1.pos_acc: 100.0000  s1.loss_bbox: 0.7696  s1.loss_iou: 1.1101
2026/03/27 12:50:00 - mmengine - INFO - Epoch(train)  [9][ 2200/10002]  lr: 2.5000e-05  eta: 20:16:50  time: 0.3840  data_time: 0.0032  memory: 7330  grad_norm: 73.3554  loss: 8.7120  rpn_s.0.loss_cls: 0.6363  rpn_s.0.loss_bbox: 0.1166  rpn_s.0.loss_giou: 0.9175  rpn_s.1.loss_cls: 0.4388  rpn_s.1.loss_bbox: 0.0485  rpn_s.1.loss_giou: 0.4569  rpn_s.2.loss_cls: 0.3750  rpn_s.2.loss_bbox: 0.0383  rpn_s.2.loss_giou: 0.3855  rpn_s.3.loss_cls: 0.3387  rpn_s.3.loss_bbox: 0.0354  rpn_s.3.loss_giou: 0.3626  s0.loss_cls: 0.3785  s0.pos_acc: 70.2703  s0.loss_bbox: 0.6201  s0.loss_iou: 1.2630  s1.loss_cls: 0.3826  s1.pos_acc: 70.9459  s1.loss_bbox: 0.6353  s1.loss_iou: 1.2824
2026/03/27 12:50:19 - mmengine - INFO - Epoch(train)  [9][ 2250/10002]  lr: 2.5000e-05  eta: 20:16:38  time: 0.3905  data_time: 0.0033  memory: 7329  grad_norm: 83.0503  loss: 9.0613  rpn_s.0.loss_cls: 0.6856  rpn_s.0.loss_bbox: 0.1384  rpn_s.0.loss_giou: 0.9256  rpn_s.1.loss_cls: 0.4701  rpn_s.1.loss_bbox: 0.0694  rpn_s.1.loss_giou: 0.4577  rpn_s.2.loss_cls: 0.3990  rpn_s.2.loss_bbox: 0.0603  rpn_s.2.loss_giou: 0.3990  rpn_s.3.loss_cls: 0.3610  rpn_s.3.loss_bbox: 0.0574  rpn_s.3.loss_giou: 0.3766  s0.loss_cls: 0.4267  s0.pos_acc: 94.1176  s0.loss_bbox: 0.5891  s0.loss_iou: 1.2724  s1.loss_cls: 0.4330  s1.pos_acc: 100.0000  s1.loss_bbox: 0.6191  s1.loss_iou: 1.3211
2026/03/27 12:50:38 - mmengine - INFO - Epoch(train)  [9][ 2300/10002]  lr: 2.5000e-05  eta: 20:15:30  time: 0.3767  data_time: 0.0032  memory: 7329  grad_norm: 67.8241  loss: 8.6156  rpn_s.0.loss_cls: 0.6255  rpn_s.0.loss_bbox: 0.1143  rpn_s.0.loss_giou: 0.8736  rpn_s.1.loss_cls: 0.4352  rpn_s.1.loss_bbox: 0.0469  rpn_s.1.loss_giou: 0.4343  rpn_s.2.loss_cls: 0.3702  rpn_s.2.loss_bbox: 0.0374  rpn_s.2.loss_giou: 0.3706  rpn_s.3.loss_cls: 0.3305  rpn_s.3.loss_bbox: 0.0342  rpn_s.3.loss_giou: 0.3498  s0.loss_cls: 0.3787  s0.pos_acc: 78.5714  s0.loss_bbox: 0.6859  s0.loss_iou: 1.1877  s1.loss_cls: 0.3777  s1.pos_acc: 61.9048  s1.loss_bbox: 0.7274  s1.loss_iou: 1.2356
2026/03/27 12:51:02 - mmengine - INFO - Epoch(train)  [9][ 2350/10002]  lr: 2.5000e-05  eta: 20:20:59  time: 0.4757  data_time: 0.0033  memory: 7329  grad_norm: 71.3111  loss: 8.5242  rpn_s.0.loss_cls: 0.6554  rpn_s.0.loss_bbox: 0.1092  rpn_s.0.loss_giou: 0.8239  rpn_s.1.loss_cls: 0.4645  rpn_s.1.loss_bbox: 0.0475  rpn_s.1.loss_giou: 0.4196  rpn_s.2.loss_cls: 0.3874  rpn_s.2.loss_bbox: 0.0406  rpn_s.2.loss_giou: 0.3657  rpn_s.3.loss_cls: 0.3451  rpn_s.3.loss_bbox: 0.0388  rpn_s.3.loss_giou: 0.3534  s0.loss_cls: 0.4129  s0.pos_acc: 93.7500  s0.loss_bbox: 0.6365  s0.loss_iou: 1.1478  s1.loss_cls: 0.4245  s1.pos_acc: 93.7500  s1.loss_bbox: 0.6851  s1.loss_iou: 1.1663
2026/03/27 12:51:21 - mmengine - INFO - Epoch(train)  [9][ 2400/10002]  lr: 2.5000e-05  eta: 20:19:37  time: 0.3744  data_time: 0.0033  memory: 7329  grad_norm: 76.7133  loss: 8.5983  rpn_s.0.loss_cls: 0.6447  rpn_s.0.loss_bbox: 0.1202  rpn_s.0.loss_giou: 0.8362  rpn_s.1.loss_cls: 0.4390  rpn_s.1.loss_bbox: 0.0549  rpn_s.1.loss_giou: 0.4205  rpn_s.2.loss_cls: 0.3735  rpn_s.2.loss_bbox: 0.0450  rpn_s.2.loss_giou: 0.3623  rpn_s.3.loss_cls: 0.3385  rpn_s.3.loss_bbox: 0.0413  rpn_s.3.loss_giou: 0.3417  s0.loss_cls: 0.3731  s0.pos_acc: 84.6154  s0.loss_bbox: 0.6918  s0.loss_iou: 1.1912  s1.loss_cls: 0.3816  s1.pos_acc: 84.6154  s1.loss_bbox: 0.7175  s1.loss_iou: 1.2253
2026/03/27 12:51:39 - mmengine - INFO - Epoch(train)  [9][ 2450/10002]  lr: 2.5000e-05  eta: 20:17:59  time: 0.3696  data_time: 0.0032  memory: 7329  grad_norm: 75.4458  loss: 8.4842  rpn_s.0.loss_cls: 0.6605  rpn_s.0.loss_bbox: 0.1141  rpn_s.0.loss_giou: 0.8550  rpn_s.1.loss_cls: 0.4683  rpn_s.1.loss_bbox: 0.0477  rpn_s.1.loss_giou: 0.4235  rpn_s.2.loss_cls: 0.3925  rpn_s.2.loss_bbox: 0.0396  rpn_s.2.loss_giou: 0.3636  rpn_s.3.loss_cls: 0.3445  rpn_s.3.loss_bbox: 0.0372  rpn_s.3.loss_giou: 0.3463  s0.loss_cls: 0.3999  s0.pos_acc: 76.6667  s0.loss_bbox: 0.6008  s0.loss_iou: 1.1873  s1.loss_cls: 0.4054  s1.pos_acc: 81.1111  s1.loss_bbox: 0.5843  s1.loss_iou: 1.2138
2026/03/27 12:51:57 - mmengine - INFO - Epoch(train)  [9][ 2500/10002]  lr: 2.5000e-05  eta: 20:16:17  time: 0.3674  data_time: 0.0032  memory: 7329  grad_norm: 78.0119  loss: 8.0981  rpn_s.0.loss_cls: 0.6381  rpn_s.0.loss_bbox: 0.1059  rpn_s.0.loss_giou: 0.7797  rpn_s.1.loss_cls: 0.4595  rpn_s.1.loss_bbox: 0.0435  rpn_s.1.loss_giou: 0.3842  rpn_s.2.loss_cls: 0.3885  rpn_s.2.loss_bbox: 0.0378  rpn_s.2.loss_giou: 0.3379  rpn_s.3.loss_cls: 0.3439  rpn_s.3.loss_bbox: 0.0352  rpn_s.3.loss_giou: 0.3258  s0.loss_cls: 0.3825  s0.pos_acc: 65.0000  s0.loss_bbox: 0.6010  s0.loss_iou: 1.0802  s1.loss_cls: 0.3954  s1.pos_acc: 70.0000  s1.loss_bbox: 0.6410  s1.loss_iou: 1.1180
2026/03/27 12:52:16 - mmengine - INFO - Epoch(train)  [9][ 2550/10002]  lr: 2.5000e-05  eta: 20:14:47  time: 0.3701  data_time: 0.0033  memory: 7330  grad_norm: 73.6054  loss: 7.8680  rpn_s.0.loss_cls: 0.6176  rpn_s.0.loss_bbox: 0.0992  rpn_s.0.loss_giou: 0.6997  rpn_s.1.loss_cls: 0.4564  rpn_s.1.loss_bbox: 0.0461  rpn_s.1.loss_giou: 0.3758  rpn_s.2.loss_cls: 0.3862  rpn_s.2.loss_bbox: 0.0388  rpn_s.2.loss_giou: 0.3175  rpn_s.3.loss_cls: 0.3476  rpn_s.3.loss_bbox: 0.0355  rpn_s.3.loss_giou: 0.2976  s0.loss_cls: 0.3849  s0.pos_acc: 71.4286  s0.loss_bbox: 0.6299  s0.loss_iou: 1.0218  s1.loss_cls: 0.3965  s1.pos_acc: 78.5714  s1.loss_bbox: 0.6540  s1.loss_iou: 1.0629
2026/03/27 12:52:35 - mmengine - INFO - Epoch(train)  [9][ 2600/10002]  lr: 2.5000e-05  eta: 20:13:56  time: 0.3798  data_time: 0.0032  memory: 7329  grad_norm: 68.5388  loss: 8.6969  rpn_s.0.loss_cls: 0.6308  rpn_s.0.loss_bbox: 0.1184  rpn_s.0.loss_giou: 0.8466  rpn_s.1.loss_cls: 0.4614  rpn_s.1.loss_bbox: 0.0541  rpn_s.1.loss_giou: 0.4454  rpn_s.2.loss_cls: 0.3862  rpn_s.2.loss_bbox: 0.0448  rpn_s.2.loss_giou: 0.3804  rpn_s.3.loss_cls: 0.3547  rpn_s.3.loss_bbox: 0.0412  rpn_s.3.loss_giou: 0.3546  s0.loss_cls: 0.3944  s0.pos_acc: 70.0000  s0.loss_bbox: 0.6020  s0.loss_iou: 1.2560  s1.loss_cls: 0.4151  s1.pos_acc: 70.0000  s1.loss_bbox: 0.6384  s1.loss_iou: 1.2721
2026/03/27 12:52:54 - mmengine - INFO - Epoch(train)  [9][ 2650/10002]  lr: 2.5000e-05  eta: 20:12:55  time: 0.3770  data_time: 0.0032  memory: 7330  grad_norm: 87.9278  loss: 8.0458  rpn_s.0.loss_cls: 0.6229  rpn_s.0.loss_bbox: 0.1076  rpn_s.0.loss_giou: 0.7399  rpn_s.1.loss_cls: 0.4604  rpn_s.1.loss_bbox: 0.0505  rpn_s.1.loss_giou: 0.3838  rpn_s.2.loss_cls: 0.3867  rpn_s.2.loss_bbox: 0.0449  rpn_s.2.loss_giou: 0.3321  rpn_s.3.loss_cls: 0.3543  rpn_s.3.loss_bbox: 0.0431  rpn_s.3.loss_giou: 0.3175  s0.loss_cls: 0.4129  s0.pos_acc: 75.0000  s0.loss_bbox: 0.5580  s0.loss_iou: 1.0999  s1.loss_cls: 0.4182  s1.pos_acc: 75.0000  s1.loss_bbox: 0.5911  s1.loss_iou: 1.1220
2026/03/27 12:53:13 - mmengine - INFO - Epoch(train)  [9][ 2700/10002]  lr: 2.5000e-05  eta: 20:12:13  time: 0.3818  data_time: 0.0032  memory: 7329  grad_norm: 73.6162  loss: 8.7656  rpn_s.0.loss_cls: 0.6306  rpn_s.0.loss_bbox: 0.1241  rpn_s.0.loss_giou: 0.8751  rpn_s.1.loss_cls: 0.4322  rpn_s.1.loss_bbox: 0.0529  rpn_s.1.loss_giou: 0.4332  rpn_s.2.loss_cls: 0.3576  rpn_s.2.loss_bbox: 0.0455  rpn_s.2.loss_giou: 0.3817  rpn_s.3.loss_cls: 0.3226  rpn_s.3.loss_bbox: 0.0426  rpn_s.3.loss_giou: 0.3612  s0.loss_cls: 0.3567  s0.pos_acc: 52.9557  s0.loss_bbox: 0.7293  s0.loss_iou: 1.2332  s1.loss_cls: 0.3661  s1.pos_acc: 49.0148  s1.loss_bbox: 0.7775  s1.loss_iou: 1.2434
2026/03/27 12:53:32 - mmengine - INFO - Epoch(train)  [9][ 2750/10002]  lr: 2.5000e-05  eta: 20:11:09  time: 0.3752  data_time: 0.0032  memory: 7329  grad_norm: 78.3290  loss: 9.0611  rpn_s.0.loss_cls: 0.7033  rpn_s.0.loss_bbox: 0.1215  rpn_s.0.loss_giou: 0.9060  rpn_s.1.loss_cls: 0.4880  rpn_s.1.loss_bbox: 0.0537  rpn_s.1.loss_giou: 0.4637  rpn_s.2.loss_cls: 0.4021  rpn_s.2.loss_bbox: 0.0437  rpn_s.2.loss_giou: 0.4088  rpn_s.3.loss_cls: 0.3643  rpn_s.3.loss_bbox: 0.0415  rpn_s.3.loss_giou: 0.3902  s0.loss_cls: 0.4221  s0.pos_acc: 76.5823  s0.loss_bbox: 0.5980  s0.loss_iou: 1.2856  s1.loss_cls: 0.4332  s1.pos_acc: 75.9494  s1.loss_bbox: 0.6404  s1.loss_iou: 1.2952
2026/03/27 12:53:51 - mmengine - INFO - Epoch(train)  [9][ 2800/10002]  lr: 2.5000e-05  eta: 20:10:22  time: 0.3798  data_time: 0.0032  memory: 7329  grad_norm: 79.3161  loss: 8.3250  rpn_s.0.loss_cls: 0.6362  rpn_s.0.loss_bbox: 0.1155  rpn_s.0.loss_giou: 0.7924  rpn_s.1.loss_cls: 0.4432  rpn_s.1.loss_bbox: 0.0497  rpn_s.1.loss_giou: 0.4019  rpn_s.2.loss_cls: 0.3730  rpn_s.2.loss_bbox: 0.0418  rpn_s.2.loss_giou: 0.3466  rpn_s.3.loss_cls: 0.3254  rpn_s.3.loss_bbox: 0.0390  rpn_s.3.loss_giou: 0.3321  s0.loss_cls: 0.3830  s0.pos_acc: 96.6667  s0.loss_bbox: 0.6745  s0.loss_iou: 1.1312  s1.loss_cls: 0.4042  s1.pos_acc: 95.0000  s1.loss_bbox: 0.6790  s1.loss_iou: 1.1561
2026/03/27 12:54:10 - mmengine - INFO - Epoch(train)  [9][ 2850/10002]  lr: 2.5000e-05  eta: 20:09:32  time: 0.3786  data_time: 0.0032  memory: 7330  grad_norm: 65.3940  loss: 8.1949  rpn_s.0.loss_cls: 0.6256  rpn_s.0.loss_bbox: 0.1130  rpn_s.0.loss_giou: 0.7856  rpn_s.1.loss_cls: 0.4743  rpn_s.1.loss_bbox: 0.0481  rpn_s.1.loss_giou: 0.3920  rpn_s.2.loss_cls: 0.4093  rpn_s.2.loss_bbox: 0.0396  rpn_s.2.loss_giou: 0.3397  rpn_s.3.loss_cls: 0.3631  rpn_s.3.loss_bbox: 0.0378  rpn_s.3.loss_giou: 0.3218  s0.loss_cls: 0.4036  s0.pos_acc: 73.6111  s0.loss_bbox: 0.6144  s0.loss_iou: 1.0729  s1.loss_cls: 0.4268  s1.pos_acc: 73.6111  s1.loss_bbox: 0.6331  s1.loss_iou: 1.0941
2026/03/27 12:54:28 - mmengine - INFO - Epoch(train)  [9][ 2900/10002]  lr: 2.5000e-05  eta: 20:08:40  time: 0.3775  data_time: 0.0033  memory: 7329  grad_norm: 72.1853  loss: 8.8073  rpn_s.0.loss_cls: 0.6785  rpn_s.0.loss_bbox: 0.1231  rpn_s.0.loss_giou: 0.8814  rpn_s.1.loss_cls: 0.4820  rpn_s.1.loss_bbox: 0.0508  rpn_s.1.loss_giou: 0.4335  rpn_s.2.loss_cls: 0.4004  rpn_s.2.loss_bbox: 0.0427  rpn_s.2.loss_giou: 0.3681  rpn_s.3.loss_cls: 0.3551  rpn_s.3.loss_bbox: 0.0402  rpn_s.3.loss_giou: 0.3510  s0.loss_cls: 0.4041  s0.pos_acc: 69.2308  s0.loss_bbox: 0.6285  s0.loss_iou: 1.2386  s1.loss_cls: 0.4111  s1.pos_acc: 73.0769  s1.loss_bbox: 0.6710  s1.loss_iou: 1.2473
2026/03/27 12:54:47 - mmengine - INFO - Epoch(train)  [9][ 2950/10002]  lr: 2.5000e-05  eta: 20:07:33  time: 0.3725  data_time: 0.0033  memory: 7329  grad_norm: 77.5500  loss: 8.0278  rpn_s.0.loss_cls: 0.6512  rpn_s.0.loss_bbox: 0.1104  rpn_s.0.loss_giou: 0.7934  rpn_s.1.loss_cls: 0.4495  rpn_s.1.loss_bbox: 0.0463  rpn_s.1.loss_giou: 0.3875  rpn_s.2.loss_cls: 0.3615  rpn_s.2.loss_bbox: 0.0405  rpn_s.2.loss_giou: 0.3360  rpn_s.3.loss_cls: 0.3270  rpn_s.3.loss_bbox: 0.0384  rpn_s.3.loss_giou: 0.3209  s0.loss_cls: 0.3653  s0.pos_acc: 78.1250  s0.loss_bbox: 0.6415  s0.loss_iou: 1.0641  s1.loss_cls: 0.3731  s1.pos_acc: 73.4375  s1.loss_bbox: 0.6332  s1.loss_iou: 1.0881
2026/03/27 12:55:02 - mmengine - INFO - Exp name: GSDet_r50_b900_h2h4_h2r1_r2r1_2x_fair1m1.0_20260327_123453
2026/03/27 12:55:06 - mmengine - INFO - Epoch(train)  [9][ 3000/10002]  lr: 2.5000e-05  eta: 20:06:49  time: 0.3795  data_time: 0.0032  memory: 7330  grad_norm: 72.6089  loss: 8.3656  rpn_s.0.loss_cls: 0.6397  rpn_s.0.loss_bbox: 0.1110  rpn_s.0.loss_giou: 0.7701  rpn_s.1.loss_cls: 0.4674  rpn_s.1.loss_bbox: 0.0513  rpn_s.1.loss_giou: 0.3976  rpn_s.2.loss_cls: 0.3864  rpn_s.2.loss_bbox: 0.0431  rpn_s.2.loss_giou: 0.3451  rpn_s.3.loss_cls: 0.3541  rpn_s.3.loss_bbox: 0.0403  rpn_s.3.loss_giou: 0.3211  s0.loss_cls: 0.3937  s0.pos_acc: 79.1667  s0.loss_bbox: 0.7128  s0.loss_iou: 1.0916  s1.loss_cls: 0.3913  s1.pos_acc: 69.4444  s1.loss_bbox: 0.7109  s1.loss_iou: 1.1380
2026/03/27 12:55:25 - mmengine - INFO - Epoch(train)  [9][ 3050/10002]  lr: 2.5000e-05  eta: 20:06:32  time: 0.3878  data_time: 0.0032  memory: 7329  grad_norm: 73.5216  loss: 8.7067  rpn_s.0.loss_cls: 0.6258  rpn_s.0.loss_bbox: 0.1095  rpn_s.0.loss_giou: 0.8403  rpn_s.1.loss_cls: 0.4502  rpn_s.1.loss_bbox: 0.0496  rpn_s.1.loss_giou: 0.4340  rpn_s.2.loss_cls: 0.3919  rpn_s.2.loss_bbox: 0.0420  rpn_s.2.loss_giou: 0.3797  rpn_s.3.loss_cls: 0.3525  rpn_s.3.loss_bbox: 0.0389  rpn_s.3.loss_giou: 0.3568  s0.loss_cls: 0.3979  s0.pos_acc: 61.6438  s0.loss_bbox: 0.6471  s0.loss_iou: 1.2490  s1.loss_cls: 0.3997  s1.pos_acc: 57.5342  s1.loss_bbox: 0.6708  s1.loss_iou: 1.2711
2026/03/27 12:55:45 - mmengine - INFO - Epoch(train)  [9][ 3100/10002]  lr: 2.5000e-05  eta: 20:06:22  time: 0.3900  data_time: 0.0032  memory: 7330  grad_norm: 68.8164  loss: 8.1811  rpn_s.0.loss_cls: 0.6144  rpn_s.0.loss_bbox: 0.1091  rpn_s.0.loss_giou: 0.8414  rpn_s.1.loss_cls: 0.4312  rpn_s.1.loss_bbox: 0.0455  rpn_s.1.loss_giou: 0.4113  rpn_s.2.loss_cls: 0.3523  rpn_s.2.loss_bbox: 0.0386  rpn_s.2.loss_giou: 0.3604  rpn_s.3.loss_cls: 0.3161  rpn_s.3.loss_bbox: 0.0360  rpn_s.3.loss_giou: 0.3385  s0.loss_cls: 0.3666  s0.pos_acc: 72.9167  s0.loss_bbox: 0.6150  s0.loss_iou: 1.1751  s1.loss_cls: 0.3503  s1.pos_acc: 75.0000  s1.loss_bbox: 0.6057  s1.loss_iou: 1.1737
2026/03/27 12:56:04 - mmengine - INFO - Epoch(train)  [9][ 3150/10002]  lr: 2.5000e-05  eta: 20:05:42  time: 0.3804  data_time: 0.0032  memory: 7329  grad_norm: 70.4171  loss: 7.8760  rpn_s.0.loss_cls: 0.5959  rpn_s.0.loss_bbox: 0.1051  rpn_s.0.loss_giou: 0.7746  rpn_s.1.loss_cls: 0.4331  rpn_s.1.loss_bbox: 0.0461  rpn_s.1.loss_giou: 0.3919  rpn_s.2.loss_cls: 0.3646  rpn_s.2.loss_bbox: 0.0392  rpn_s.2.loss_giou: 0.3429  rpn_s.3.loss_cls: 0.3282  rpn_s.3.loss_bbox: 0.0360  rpn_s.3.loss_giou: 0.3212  s0.loss_cls: 0.3735  s0.pos_acc: 40.0000  s0.loss_bbox: 0.6368  s0.loss_iou: 1.0313  s1.loss_cls: 0.3745  s1.pos_acc: 50.0000  s1.loss_bbox: 0.6397  s1.loss_iou: 1.0415
2026/03/27 12:56:23 - mmengine - INFO - Epoch(train)  [9][ 3200/10002]  lr: 2.5000e-05  eta: 20:05:04  time: 0.3808  data_time: 0.0032  memory: 7329  grad_norm: 71.5554  loss: 7.8575  rpn_s.0.loss_cls: 0.6023  rpn_s.0.loss_bbox: 0.1169  rpn_s.0.loss_giou: 0.7201  rpn_s.1.loss_cls: 0.4432  rpn_s.1.loss_bbox: 0.0510  rpn_s.1.loss_giou: 0.3598  rpn_s.2.loss_cls: 0.3670  rpn_s.2.loss_bbox: 0.0453  rpn_s.2.loss_giou: 0.3196  rpn_s.3.loss_cls: 0.3263  rpn_s.3.loss_bbox: 0.0415  rpn_s.3.loss_giou: 0.3033  s0.loss_cls: 0.3710  s0.pos_acc: 77.8846  s0.loss_bbox: 0.6459  s0.loss_iou: 1.0292  s1.loss_cls: 0.3908  s1.pos_acc: 83.6538  s1.loss_bbox: 0.6673  s1.loss_iou: 1.0570
2026/03/27 12:56:42 - mmengine - INFO - Epoch(train)  [9][ 3250/10002]  lr: 2.5000e-05  eta: 20:04:12  time: 0.3756  data_time: 0.0032  memory: 7329  grad_norm: 75.9797  loss: 8.0942  rpn_s.0.loss_cls: 0.6365  rpn_s.0.loss_bbox: 0.1080  rpn_s.0.loss_giou: 0.7192  rpn_s.1.loss_cls: 0.4621  rpn_s.1.loss_bbox: 0.0496  rpn_s.1.loss_giou: 0.3745  rpn_s.2.loss_cls: 0.3994  rpn_s.2.loss_bbox: 0.0423  rpn_s.2.loss_giou: 0.3320  rpn_s.3.loss_cls: 0.3503  rpn_s.3.loss_bbox: 0.0400  rpn_s.3.loss_giou: 0.3153  s0.loss_cls: 0.4113  s0.pos_acc: 89.2857  s0.loss_bbox: 0.6563  s0.loss_iou: 1.0290  s1.loss_cls: 0.4286  s1.pos_acc: 96.4286  s1.loss_bbox: 0.6846  s1.loss_iou: 1.0551
2026/03/27 12:57:01 - mmengine - INFO - Epoch(train)  [9][ 3300/10002]  lr: 2.5000e-05  eta: 20:04:16  time: 0.3948  data_time: 0.0032  memory: 7330  grad_norm: 72.6020  loss: 8.4041  rpn_s.0.loss_cls: 0.6445  rpn_s.0.loss_bbox: 0.1141  rpn_s.0.loss_giou: 0.8753  rpn_s.1.loss_cls: 0.4477  rpn_s.1.loss_bbox: 0.0502  rpn_s.1.loss_giou: 0.4388  rpn_s.2.loss_cls: 0.3687  rpn_s.2.loss_bbox: 0.0417  rpn_s.2.loss_giou: 0.3745  rpn_s.3.loss_cls: 0.3217  rpn_s.3.loss_bbox: 0.0373  rpn_s.3.loss_giou: 0.3493  s0.loss_cls: 0.3649  s0.pos_acc: 85.7143  s0.loss_bbox: 0.5760  s0.loss_iou: 1.2085  s1.loss_cls: 0.3684  s1.pos_acc: 85.7143  s1.loss_bbox: 0.6035  s1.loss_iou: 1.2191
2026/03/27 12:57:20 - mmengine - INFO - Epoch(train)  [9][ 3350/10002]  lr: 2.5000e-05  eta: 20:03:30  time: 0.3774  data_time: 0.0032  memory: 7329  grad_norm: 77.7176  loss: 8.2411  rpn_s.0.loss_cls: 0.6379  rpn_s.0.loss_bbox: 0.1100  rpn_s.0.loss_giou: 0.8079  rpn_s.1.loss_cls: 0.4584  rpn_s.1.loss_bbox: 0.0485  rpn_s.1.loss_giou: 0.4007  rpn_s.2.loss_cls: 0.3789  rpn_s.2.loss_bbox: 0.0403  rpn_s.2.loss_giou: 0.3473  rpn_s.3.loss_cls: 0.3415  rpn_s.3.loss_bbox: 0.0387  rpn_s.3.loss_giou: 0.3286  s0.loss_cls: 0.4104  s0.pos_acc: 77.2727  s0.loss_bbox: 0.5806  s0.loss_iou: 1.1161  s1.loss_cls: 0.4068  s1.pos_acc: 63.6364  s1.loss_bbox: 0.6156  s1.loss_iou: 1.1729
2026/03/27 12:57:39 - mmengine - INFO - Epoch(train)  [9][ 3400/10002]  lr: 2.5000e-05  eta: 20:02:49  time: 0.3792  data_time: 0.0032  memory: 7329  grad_norm: 74.4069  loss: 8.7496  rpn_s.0.loss_cls: 0.6791  rpn_s.0.loss_bbox: 0.1157  rpn_s.0.loss_giou: 0.8889  rpn_s.1.loss_cls: 0.4746  rpn_s.1.loss_bbox: 0.0510  rpn_s.1.loss_giou: 0.4281  rpn_s.2.loss_cls: 0.3907  rpn_s.2.loss_bbox: 0.0431  rpn_s.2.loss_giou: 0.3696  rpn_s.3.loss_cls: 0.3529  rpn_s.3.loss_bbox: 0.0401  rpn_s.3.loss_giou: 0.3488  s0.loss_cls: 0.3973  s0.pos_acc: 53.4091  s0.loss_bbox: 0.6805  s0.loss_iou: 1.1773  s1.loss_cls: 0.4078  s1.pos_acc: 52.2727  s1.loss_bbox: 0.7121  s1.loss_iou: 1.1920
2026/03/27 12:57:59 - mmengine - INFO - Epoch(train)  [9][ 3450/10002]  lr: 2.5000e-05  eta: 20:02:25  time: 0.3847  data_time: 0.0033  memory: 7329  grad_norm: 67.0412  loss: 8.5119  rpn_s.0.loss_cls: 0.6511  rpn_s.0.loss_bbox: 0.1121  rpn_s.0.loss_giou: 0.8980  rpn_s.1.loss_cls: 0.4544  rpn_s.1.loss_bbox: 0.0437  rpn_s.1.loss_giou: 0.4295  rpn_s.2.loss_cls: 0.3944  rpn_s.2.loss_bbox: 0.0366  rpn_s.2.loss_giou: 0.3683  rpn_s.3.loss_cls: 0.3523  rpn_s.3.loss_bbox: 0.0342  rpn_s.3.loss_giou: 0.3496  s0.loss_cls: 0.3772  s0.pos_acc: 63.6816  s0.loss_bbox: 0.5965  s0.loss_iou: 1.1663  s1.loss_cls: 0.3817  s1.pos_acc: 64.1791  s1.loss_bbox: 0.6731  s1.loss_iou: 1.1929
2026/03/27 12:58:18 - mmengine - INFO - Epoch(train)  [9][ 3500/10002]  lr: 2.5000e-05  eta: 20:01:54  time: 0.3822  data_time: 0.0032  memory: 7329  grad_norm: 77.0048  loss: 8.1357  rpn_s.0.loss_cls: 0.6142  rpn_s.0.loss_bbox: 0.1125  rpn_s.0.loss_giou: 0.7715  rpn_s.1.loss_cls: 0.4465  rpn_s.1.loss_bbox: 0.0475  rpn_s.1.loss_giou: 0.3917  rpn_s.2.loss_cls: 0.3826  rpn_s.2.loss_bbox: 0.0409  rpn_s.2.loss_giou: 0.3431  rpn_s.3.loss_cls: 0.3446  rpn_s.3.loss_bbox: 0.0376  rpn_s.3.loss_giou: 0.3225  s0.loss_cls: 0.3741  s0.pos_acc: 57.6923  s0.loss_bbox: 0.6297  s0.loss_iou: 1.1120  s1.loss_cls: 0.3912  s1.pos_acc: 57.6923  s1.loss_bbox: 0.6351  s1.loss_iou: 1.1385
2026/03/27 12:58:37 - mmengine - INFO - Epoch(train)  [9][ 3550/10002]  lr: 2.5000e-05  eta: 20:01:20  time: 0.3811  data_time: 0.0032  memory: 7329  grad_norm: 71.9268  loss: 8.1119  rpn_s.0.loss_cls: 0.6158  rpn_s.0.loss_bbox: 0.1104  rpn_s.0.loss_giou: 0.7875  rpn_s.1.loss_cls: 0.4436  rpn_s.1.loss_bbox: 0.0485  rpn_s.1.loss_giou: 0.3934  rpn_s.2.loss_cls: 0.3851  rpn_s.2.loss_bbox: 0.0415  rpn_s.2.loss_giou: 0.3453  rpn_s.3.loss_cls: 0.3418  rpn_s.3.loss_bbox: 0.0387  rpn_s.3.loss_giou: 0.3257  s0.loss_cls: 0.3813  s0.pos_acc: 72.3404  s0.loss_bbox: 0.6147  s0.loss_iou: 1.0878  s1.loss_cls: 0.3824  s1.pos_acc: 68.0851  s1.loss_bbox: 0.6517  s1.loss_iou: 1.1166
2026/03/27 12:58:56 - mmengine - INFO - Epoch(train)  [9][ 3600/10002]  lr: 2.5000e-05  eta: 20:00:57  time: 0.3852  data_time: 0.0032  memory: 7330  grad_norm: 67.6692  loss: 8.3069  rpn_s.0.loss_cls: 0.6366  rpn_s.0.loss_bbox: 0.1123  rpn_s.0.loss_giou: 0.8605  rpn_s.1.loss_cls: 0.4332  rpn_s.1.loss_bbox: 0.0452  rpn_s.1.loss_giou: 0.4128  rpn_s.2.loss_cls: 0.3627  rpn_s.2.loss_bbox: 0.0380  rpn_s.2.loss_giou: 0.3524  rpn_s.3.loss_cls: 0.3389  rpn_s.3.loss_bbox: 0.0361  rpn_s.3.loss_giou: 0.3396  s0.loss_cls: 0.3813  s0.pos_acc: 100.0000  s0.loss_bbox: 0.5951  s0.loss_iou: 1.1598  s1.loss_cls: 0.3903  s1.pos_acc: 100.0000  s1.loss_bbox: 0.6291  s1.loss_iou: 1.1828
2026/03/27 12:59:15 - mmengine - INFO - Epoch(train)  [9][ 3650/10002]  lr: 2.5000e-05  eta: 20:00:10  time: 0.3754  data_time: 0.0033  memory: 7329  grad_norm: 71.7548  loss: 8.0641  rpn_s.0.loss_cls: 0.6220  rpn_s.0.loss_bbox: 0.1128  rpn_s.0.loss_giou: 0.7965  rpn_s.1.loss_cls: 0.4417  rpn_s.1.loss_bbox: 0.0482  rpn_s.1.loss_giou: 0.3973  rpn_s.2.loss_cls: 0.3735  rpn_s.2.loss_bbox: 0.0412  rpn_s.2.loss_giou: 0.3442  rpn_s.3.loss_cls: 0.3295  rpn_s.3.loss_bbox: 0.0384  rpn_s.3.loss_giou: 0.3263  s0.loss_cls: 0.3695  s0.pos_acc: 63.6364  s0.loss_bbox: 0.5570  s0.loss_iou: 1.1149  s1.loss_cls: 0.3816  s1.pos_acc: 72.7273  s1.loss_bbox: 0.6130  s1.loss_iou: 1.1565
2026/03/27 12:59:34 - mmengine - INFO - Epoch(train)  [9][ 3700/10002]  lr: 2.5000e-05  eta: 19:59:33  time: 0.3795  data_time: 0.0032  memory: 7329  grad_norm: 76.2986  loss: 8.4829  rpn_s.0.loss_cls: 0.6671  rpn_s.0.loss_bbox: 0.1100  rpn_s.0.loss_giou: 0.8519  rpn_s.1.loss_cls: 0.4491  rpn_s.1.loss_bbox: 0.0489  rpn_s.1.loss_giou: 0.4286  rpn_s.2.loss_cls: 0.3795  rpn_s.2.loss_bbox: 0.0403  rpn_s.2.loss_giou: 0.3723  rpn_s.3.loss_cls: 0.3432  rpn_s.3.loss_bbox: 0.0383  rpn_s.3.loss_giou: 0.3589  s0.loss_cls: 0.3886  s0.pos_acc: 79.3103  s0.loss_bbox: 0.5850  s0.loss_iou: 1.1974  s1.loss_cls: 0.3954  s1.pos_acc: 79.7414  s1.loss_bbox: 0.6066  s1.loss_iou: 1.2217
2026/03/27 12:59:53 - mmengine - INFO - Epoch(train)  [9][ 3750/10002]  lr: 2.5000e-05  eta: 19:59:00  time: 0.3808  data_time: 0.0033  memory: 7329  grad_norm: 63.7275  loss: 7.9850  rpn_s.0.loss_cls: 0.6111  rpn_s.0.loss_bbox: 0.1012  rpn_s.0.loss_giou: 0.7808  rpn_s.1.loss_cls: 0.4229  rpn_s.1.loss_bbox: 0.0450  rpn_s.1.loss_giou: 0.3939  rpn_s.2.loss_cls: 0.3520  rpn_s.2.loss_bbox: 0.0377  rpn_s.2.loss_giou: 0.3406  rpn_s.3.loss_cls: 0.3089  rpn_s.3.loss_bbox: 0.0335  rpn_s.3.loss_giou: 0.3162  s0.loss_cls: 0.3594  s0.pos_acc: 59.5238  s0.loss_bbox: 0.6277  s0.loss_iou: 1.1035  s1.loss_cls: 0.3684  s1.pos_acc: 61.9048  s1.loss_bbox: 0.6626  s1.loss_iou: 1.1195
2026/03/27 13:00:12 - mmengine - INFO - Epoch(train)  [9][ 3800/10002]  lr: 2.5000e-05  eta: 19:58:22  time: 0.3782  data_time: 0.0032  memory: 7330  grad_norm: 73.2960  loss: 7.6579  rpn_s.0.loss_cls: 0.6150  rpn_s.0.loss_bbox: 0.0984  rpn_s.0.loss_giou: 0.7327  rpn_s.1.loss_cls: 0.4456  rpn_s.1.loss_bbox: 0.0439  rpn_s.1.loss_giou: 0.3729  rpn_s.2.loss_cls: 0.3636  rpn_s.2.loss_bbox: 0.0371  rpn_s.2.loss_giou: 0.3275  rpn_s.3.loss_cls: 0.3239  rpn_s.3.loss_bbox: 0.0353  rpn_s.3.loss_giou: 0.3111  s0.loss_cls: 0.3553  s0.pos_acc: 91.1765  s0.loss_bbox: 0.5639  s0.loss_iou: 1.0354  s1.loss_cls: 0.3500  s1.pos_acc: 76.4706  s1.loss_bbox: 0.5909  s1.loss_iou: 1.0553
2026/03/27 13:00:31 - mmengine - INFO - Epoch(train)  [9][ 3850/10002]  lr: 2.5000e-05  eta: 19:58:07  time: 0.3879  data_time: 0.0032  memory: 7330  grad_norm: 69.8107  loss: 9.2505  rpn_s.0.loss_cls: 0.6617  rpn_s.0.loss_bbox: 0.1139  rpn_s.0.loss_giou: 0.9377  rpn_s.1.loss_cls: 0.4657  rpn_s.1.loss_bbox: 0.0500  rpn_s.1.loss_giou: 0.4817  rpn_s.2.loss_cls: 0.3897  rpn_s.2.loss_bbox: 0.0427  rpn_s.2.loss_giou: 0.4252  rpn_s.3.loss_cls: 0.3444  rpn_s.3.loss_bbox: 0.0393  rpn_s.3.loss_giou: 0.4029  s0.loss_cls: 0.3992  s0.pos_acc: 54.0000  s0.loss_bbox: 0.6297  s0.loss_iou: 1.3835  s1.loss_cls: 0.4117  s1.pos_acc: 58.0000  s1.loss_bbox: 0.6761  s1.loss_iou: 1.3953
2026/03/27 13:00:50 - mmengine - INFO - Epoch(train)  [9][ 3900/10002]  lr: 2.5000e-05  eta: 19:57:29  time: 0.3786  data_time: 0.0032  memory: 7329  grad_norm: 70.1853  loss: 8.2009  rpn_s.0.loss_cls: 0.6194  rpn_s.0.loss_bbox: 0.1062  rpn_s.0.loss_giou: 0.8150  rpn_s.1.loss_cls: 0.4266  rpn_s.1.loss_bbox: 0.0478  rpn_s.1.loss_giou: 0.4114  rpn_s.2.loss_cls: 0.3636  rpn_s.2.loss_bbox: 0.0386  rpn_s.2.loss_giou: 0.3518  rpn_s.3.loss_cls: 0.3242  rpn_s.3.loss_bbox: 0.0356  rpn_s.3.loss_giou: 0.3288  s0.loss_cls: 0.3605  s0.pos_acc: 33.3333  s0.loss_bbox: 0.6170  s0.loss_iou: 1.1655  s1.loss_cls: 0.3678  s1.pos_acc: 66.6667  s1.loss_bbox: 0.6223  s1.loss_iou: 1.1989
2026/03/27 13:01:09 - mmengine - INFO - Epoch(train)  [9][ 3950/10002]  lr: 2.5000e-05  eta: 19:57:01  time: 0.3822  data_time: 0.0032  memory: 7330  grad_norm: 73.9085  loss: 8.4084  rpn_s.0.loss_cls: 0.6118  rpn_s.0.loss_bbox: 0.1228  rpn_s.0.loss_giou: 0.8330  rpn_s.1.loss_cls: 0.4301  rpn_s.1.loss_bbox: 0.0543  rpn_s.1.loss_giou: 0.4095  rpn_s.2.loss_cls: 0.3520  rpn_s.2.loss_bbox: 0.0464  rpn_s.2.loss_giou: 0.3538  rpn_s.3.loss_cls: 0.3132  rpn_s.3.loss_bbox: 0.0459  rpn_s.3.loss_giou: 0.3450  s0.loss_cls: 0.3499  s0.pos_acc: 81.8182  s0.loss_bbox: 0.6570  s0.loss_iou: 1.1767  s1.loss_cls: 0.3661  s1.pos_acc: 81.8182  s1.loss_bbox: 0.7205  s1.loss_iou: 1.2206
2026/03/27 13:01:24 - mmengine - INFO - Exp name: GSDet_r50_b900_h2h4_h2r1_r2r1_2x_fair1m1.0_20260327_123453
2026/03/27 13:01:28 - mmengine - INFO - Epoch(train)  [9][ 4000/10002]  lr: 2.5000e-05  eta: 19:56:28  time: 0.3798  data_time: 0.0032  memory: 7329  grad_norm: 73.4735  loss: 8.5210  rpn_s.0.loss_cls: 0.6488  rpn_s.0.loss_bbox: 0.1323  rpn_s.0.loss_giou: 0.7900  rpn_s.1.loss_cls: 0.4650  rpn_s.1.loss_bbox: 0.0523  rpn_s.1.loss_giou: 0.4138  rpn_s.2.loss_cls: 0.3922  rpn_s.2.loss_bbox: 0.0436  rpn_s.2.loss_giou: 0.3572  rpn_s.3.loss_cls: 0.3497  rpn_s.3.loss_bbox: 0.0408  rpn_s.3.loss_giou: 0.3407  s0.loss_cls: 0.4091  s0.pos_acc: 83.3333  s0.loss_bbox: 0.6422  s0.loss_iou: 1.1777  s1.loss_cls: 0.4145  s1.pos_acc: 83.3333  s1.loss_bbox: 0.6515  s1.loss_iou: 1.1996
2026/03/27 13:01:47 - mmengine - INFO - Epoch(train)  [9][ 4050/10002]  lr: 2.5000e-05  eta: 19:55:59  time: 0.3820  data_time: 0.0031  memory: 7329  grad_norm: 72.0578  loss: 8.5537  rpn_s.0.loss_cls: 0.6635  rpn_s.0.loss_bbox: 0.1043  rpn_s.0.loss_giou: 0.8483  rpn_s.1.loss_cls: 0.4569  rpn_s.1.loss_bbox: 0.0461  rpn_s.1.loss_giou: 0.4351  rpn_s.2.loss_cls: 0.3831  rpn_s.2.loss_bbox: 0.0381  rpn_s.2.loss_giou: 0.3788  rpn_s.3.loss_cls: 0.3439  rpn_s.3.loss_bbox: 0.0362  rpn_s.3.loss_giou: 0.3608  s0.loss_cls: 0.4033  s0.pos_acc: 75.0000  s0.loss_bbox: 0.6263  s0.loss_iou: 1.1775  s1.loss_cls: 0.4091  s1.pos_acc: 75.0000  s1.loss_bbox: 0.6705  s1.loss_iou: 1.1717
2026/03/27 13:02:06 - mmengine - INFO - Epoch(train)  [9][ 4100/10002]  lr: 2.5000e-05  eta: 19:55:28  time: 0.3805  data_time: 0.0032  memory: 7329  grad_norm: 73.0491  loss: 8.4089  rpn_s.0.loss_cls: 0.6084  rpn_s.0.loss_bbox: 0.1227  rpn_s.0.loss_giou: 0.8519  rpn_s.1.loss_cls: 0.4367  rpn_s.1.loss_bbox: 0.0552  rpn_s.1.loss_giou: 0.4240  rpn_s.2.loss_cls: 0.3521  rpn_s.2.loss_bbox: 0.0467  rpn_s.2.loss_giou: 0.3663  rpn_s.3.loss_cls: 0.3123  rpn_s.3.loss_bbox: 0.0439  rpn_s.3.loss_giou: 0.3449  s0.loss_cls: 0.3698  s0.pos_acc: 100.0000  s0.loss_bbox: 0.6147  s0.loss_iou: 1.1759  s1.loss_cls: 0.3696  s1.pos_acc: 100.0000  s1.loss_bbox: 0.7158  s1.loss_iou: 1.1979
2026/03/27 13:02:26 - mmengine - INFO - Epoch(train)  [9][ 4150/10002]  lr: 2.5000e-05  eta: 19:55:06  time: 0.3848  data_time: 0.0032  memory: 7329  grad_norm: 70.8335  loss: 8.8968  rpn_s.0.loss_cls: 0.6737  rpn_s.0.loss_bbox: 0.1183  rpn_s.0.loss_giou: 0.8851  rpn_s.1.loss_cls: 0.4717  rpn_s.1.loss_bbox: 0.0510  rpn_s.1.loss_giou: 0.4582  rpn_s.2.loss_cls: 0.4016  rpn_s.2.loss_bbox: 0.0416  rpn_s.2.loss_giou: 0.3918  rpn_s.3.loss_cls: 0.3579  rpn_s.3.loss_bbox: 0.0387  rpn_s.3.loss_giou: 0.3662  s0.loss_cls: 0.4309  s0.pos_acc: 100.0000  s0.loss_bbox: 0.6616  s0.loss_iou: 1.1956  s1.loss_cls: 0.4307  s1.pos_acc: 100.0000  s1.loss_bbox: 0.7084  s1.loss_iou: 1.2136
2026/03/27 13:02:51 - mmengine - INFO - Epoch(train)  [9][ 4200/10002]  lr: 2.5000e-05  eta: 19:59:30  time: 0.5137  data_time: 0.0032  memory: 7329  grad_norm: 82.7457  loss: 8.4643  rpn_s.0.loss_cls: 0.6492  rpn_s.0.loss_bbox: 0.1089  rpn_s.0.loss_giou: 0.8487  rpn_s.1.loss_cls: 0.4575  rpn_s.1.loss_bbox: 0.0463  rpn_s.1.loss_giou: 0.4195  rpn_s.2.loss_cls: 0.3748  rpn_s.2.loss_bbox: 0.0391  rpn_s.2.loss_giou: 0.3696  rpn_s.3.loss_cls: 0.3460  rpn_s.3.loss_bbox: 0.0360  rpn_s.3.loss_giou: 0.3479  s0.loss_cls: 0.3915  s0.pos_acc: 85.7143  s0.loss_bbox: 0.6204  s0.loss_iou: 1.1289  s1.loss_cls: 0.4158  s1.pos_acc: 85.7143  s1.loss_bbox: 0.6827  s1.loss_iou: 1.1815
2026/03/27 13:03:28 - mmengine - INFO - Epoch(train)  [9][ 4250/10002]  lr: 2.5000e-05  eta: 20:12:05  time: 0.7415  data_time: 0.0033  memory: 7330  grad_norm: 97.0648  loss: 8.5280  rpn_s.0.loss_cls: 0.6422  rpn_s.0.loss_bbox: 0.1079  rpn_s.0.loss_giou: 0.7687  rpn_s.1.loss_cls: 0.4725  rpn_s.1.loss_bbox: 0.0497  rpn_s.1.loss_giou: 0.4052  rpn_s.2.loss_cls: 0.3966  rpn_s.2.loss_bbox: 0.0421  rpn_s.2.loss_giou: 0.3579  rpn_s.3.loss_cls: 0.3673  rpn_s.3.loss_bbox: 0.0385  rpn_s.3.loss_giou: 0.3358  s0.loss_cls: 0.4316  s0.pos_acc: 45.0000  s0.loss_bbox: 0.6821  s0.loss_iou: 1.1461  s1.loss_cls: 0.4259  s1.pos_acc: 50.0000  s1.loss_bbox: 0.6777  s1.loss_iou: 1.1802
2026/03/27 13:04:08 - mmengine - INFO - Epoch(train)  [9][ 4300/10002]  lr: 2.5000e-05  eta: 20:25:59  time: 0.7867  data_time: 0.0033  memory: 7330  grad_norm: 83.2647  loss: 8.4787  rpn_s.0.loss_cls: 0.6516  rpn_s.0.loss_bbox: 0.1133  rpn_s.0.loss_giou: 0.8426  rpn_s.1.loss_cls: 0.4713  rpn_s.1.loss_bbox: 0.0493  rpn_s.1.loss_giou: 0.4257  rpn_s.2.loss_cls: 0.3975  rpn_s.2.loss_bbox: 0.0416  rpn_s.2.loss_giou: 0.3664  rpn_s.3.loss_cls: 0.3591  rpn_s.3.loss_bbox: 0.0384  rpn_s.3.loss_giou: 0.3427  s0.loss_cls: 0.3952  s0.pos_acc: 84.6154  s0.loss_bbox: 0.5581  s0.loss_iou: 1.2125  s1.loss_cls: 0.4120  s1.pos_acc: 84.6154  s1.loss_bbox: 0.5623  s1.loss_iou: 1.2393
2026/03/27 13:04:46 - mmengine - INFO - Epoch(train)  [9][ 4350/10002]  lr: 2.5000e-05  eta: 20:39:01  time: 0.7714  data_time: 0.0034  memory: 7330  grad_norm: 68.5801  loss: 8.5220  rpn_s.0.loss_cls: 0.6433  rpn_s.0.loss_bbox: 0.1085  rpn_s.0.loss_giou: 0.8881  rpn_s.1.loss_cls: 0.4417  rpn_s.1.loss_bbox: 0.0468  rpn_s.1.loss_giou: 0.4423  rpn_s.2.loss_cls: 0.3743  rpn_s.2.loss_bbox: 0.0383  rpn_s.2.loss_giou: 0.3782  rpn_s.3.loss_cls: 0.3318  rpn_s.3.loss_bbox: 0.0360  rpn_s.3.loss_giou: 0.3592  s0.loss_cls: 0.3651  s0.pos_acc: 79.4118  s0.loss_bbox: 0.6230  s0.loss_iou: 1.1929  s1.loss_cls: 0.3736  s1.pos_acc: 61.7647  s1.loss_bbox: 0.6644  s1.loss_iou: 1.2146
2026/03/27 13:05:22 - mmengine - INFO - Epoch(train)  [9][ 4400/10002]  lr: 2.5000e-05  eta: 20:49:46  time: 0.7158  data_time: 0.0034  memory: 7329  grad_norm: 72.8269  loss: 7.9037  rpn_s.0.loss_cls: 0.6225  rpn_s.0.loss_bbox: 0.1141  rpn_s.0.loss_giou: 0.7971  rpn_s.1.loss_cls: 0.4397  rpn_s.1.loss_bbox: 0.0486  rpn_s.1.loss_giou: 0.3807  rpn_s.2.loss_cls: 0.3594  rpn_s.2.loss_bbox: 0.0395  rpn_s.2.loss_giou: 0.3288  rpn_s.3.loss_cls: 0.3175  rpn_s.3.loss_bbox: 0.0369  rpn_s.3.loss_giou: 0.3091  s0.loss_cls: 0.3566  s0.pos_acc: 77.3810  s0.loss_bbox: 0.6087  s0.loss_iou: 1.0425  s1.loss_cls: 0.3652  s1.pos_acc: 77.9762  s1.loss_bbox: 0.6600  s1.loss_iou: 1.0769
2026/03/27 13:05:59 - mmengine - INFO - Epoch(train)  [9][ 4450/10002]  lr: 2.5000e-05  eta: 21:01:02  time: 0.7375  data_time: 0.0034  memory: 7329  grad_norm: 67.9696  loss: 8.2463  rpn_s.0.loss_cls: 0.6296  rpn_s.0.loss_bbox: 0.1062  rpn_s.0.loss_giou: 0.8092  rpn_s.1.loss_cls: 0.4526  rpn_s.1.loss_bbox: 0.0452  rpn_s.1.loss_giou: 0.4027  rpn_s.2.loss_cls: 0.3777  rpn_s.2.loss_bbox: 0.0369  rpn_s.2.loss_giou: 0.3348  rpn_s.3.loss_cls: 0.3395  rpn_s.3.loss_bbox: 0.0348  rpn_s.3.loss_giou: 0.3161  s0.loss_cls: 0.4024  s0.pos_acc: 66.6667  s0.loss_bbox: 0.6683  s0.loss_iou: 1.0698  s1.loss_cls: 0.4144  s1.pos_acc: 62.5000  s1.loss_bbox: 0.6939  s1.loss_iou: 1.1122
2026/03/27 13:06:35 - mmengine - INFO - Epoch(train)  [9][ 4500/10002]  lr: 2.5000e-05  eta: 21:11:45  time: 0.7295  data_time: 0.0034  memory: 7330  grad_norm: 73.5731  loss: 7.6770  rpn_s.0.loss_cls: 0.6086  rpn_s.0.loss_bbox: 0.1056  rpn_s.0.loss_giou: 0.7334  rpn_s.1.loss_cls: 0.4196  rpn_s.1.loss_bbox: 0.0487  rpn_s.1.loss_giou: 0.3748  rpn_s.2.loss_cls: 0.3454  rpn_s.2.loss_bbox: 0.0419  rpn_s.2.loss_giou: 0.3297  rpn_s.3.loss_cls: 0.3094  rpn_s.3.loss_bbox: 0.0392  rpn_s.3.loss_giou: 0.3147  s0.loss_cls: 0.3590  s0.pos_acc: 57.1429  s0.loss_bbox: 0.5869  s0.loss_iou: 1.0351  s1.loss_cls: 0.3723  s1.pos_acc: 57.1429  s1.loss_bbox: 0.5986  s1.loss_iou: 1.0541
2026/03/27 13:07:10 - mmengine - INFO - Epoch(train)  [9][ 4550/10002]  lr: 2.5000e-05  eta: 21:21:14  time: 0.7008  data_time: 0.0034  memory: 7329  grad_norm: 77.6505  loss: 7.6099  rpn_s.0.loss_cls: 0.6089  rpn_s.0.loss_bbox: 0.1070  rpn_s.0.loss_giou: 0.7122  rpn_s.1.loss_cls: 0.4219  rpn_s.1.loss_bbox: 0.0501  rpn_s.1.loss_giou: 0.3712  rpn_s.2.loss_cls: 0.3411  rpn_s.2.loss_bbox: 0.0414  rpn_s.2.loss_giou: 0.3126  rpn_s.3.loss_cls: 0.3018  rpn_s.3.loss_bbox: 0.0401  rpn_s.3.loss_giou: 0.2979  s0.loss_cls: 0.3454  s0.pos_acc: 88.4615  s0.loss_bbox: 0.6214  s0.loss_iou: 1.0066  s1.loss_cls: 0.3502  s1.pos_acc: 84.6154  s1.loss_bbox: 0.6335  s1.loss_iou: 1.0467
2026/03/27 13:07:47 - mmengine - INFO - Epoch(train)  [9][ 4600/10002]  lr: 2.5000e-05  eta: 21:31:31  time: 0.7308  data_time: 0.0034  memory: 7330  grad_norm: 68.8159  loss: 8.3229  rpn_s.0.loss_cls: 0.6239  rpn_s.0.loss_bbox: 0.1123  rpn_s.0.loss_giou: 0.7734  rpn_s.1.loss_cls: 0.4487  rpn_s.1.loss_bbox: 0.0489  rpn_s.1.loss_giou: 0.4040  rpn_s.2.loss_cls: 0.3708  rpn_s.2.loss_bbox: 0.0420  rpn_s.2.loss_giou: 0.3613  rpn_s.3.loss_cls: 0.3358  rpn_s.3.loss_bbox: 0.0391  rpn_s.3.loss_giou: 0.3413  s0.loss_cls: 0.3755  s0.pos_acc: 59.0909  s0.loss_bbox: 0.6664  s0.loss_iou: 1.1198  s1.loss_cls: 0.4051  s1.pos_acc: 56.8182  s1.loss_bbox: 0.7093  s1.loss_iou: 1.1454
2026/03/27 13:08:24 - mmengine - INFO - Epoch(train)  [9][ 4650/10002]  lr: 2.5000e-05  eta: 21:41:50  time: 0.7388  data_time: 0.0033  memory: 7330  grad_norm: 73.9088  loss: 8.4960  rpn_s.0.loss_cls: 0.6249  rpn_s.0.loss_bbox: 0.1204  rpn_s.0.loss_giou: 0.8401  rpn_s.1.loss_cls: 0.4471  rpn_s.1.loss_bbox: 0.0539  rpn_s.1.loss_giou: 0.4298  rpn_s.2.loss_cls: 0.3777  rpn_s.2.loss_bbox: 0.0451  rpn_s.2.loss_giou: 0.3726  rpn_s.3.loss_cls: 0.3275  rpn_s.3.loss_bbox: 0.0414  rpn_s.3.loss_giou: 0.3516  s0.loss_cls: 0.3852  s0.pos_acc: 68.7500  s0.loss_bbox: 0.6195  s0.loss_iou: 1.1879  s1.loss_cls: 0.3966  s1.pos_acc: 75.0000  s1.loss_bbox: 0.6558  s1.loss_iou: 1.2190
2026/03/27 13:09:01 - mmengine - INFO - Epoch(train)  [9][ 4700/10002]  lr: 2.5000e-05  eta: 21:51:44  time: 0.7335  data_time: 0.0034  memory: 7330  grad_norm: 67.7397  loss: 8.5616  rpn_s.0.loss_cls: 0.6505  rpn_s.0.loss_bbox: 0.1226  rpn_s.0.loss_giou: 0.8440  rpn_s.1.loss_cls: 0.4717  rpn_s.1.loss_bbox: 0.0521  rpn_s.1.loss_giou: 0.4224  rpn_s.2.loss_cls: 0.3987  rpn_s.2.loss_bbox: 0.0428  rpn_s.2.loss_giou: 0.3603  rpn_s.3.loss_cls: 0.3515  rpn_s.3.loss_bbox: 0.0393  rpn_s.3.loss_giou: 0.3376  s0.loss_cls: 0.3913  s0.pos_acc: 86.3636  s0.loss_bbox: 0.6218  s0.loss_iou: 1.2039  s1.loss_cls: 0.4129  s1.pos_acc: 86.3636  s1.loss_bbox: 0.6397  s1.loss_iou: 1.1985
2026/03/27 13:09:37 - mmengine - INFO - Epoch(train)  [9][ 4750/10002]  lr: 2.5000e-05  eta: 22:01:20  time: 0.7307  data_time: 0.0035  memory: 7330  grad_norm: 76.6047  loss: 8.2860  rpn_s.0.loss_cls: 0.6218  rpn_s.0.loss_bbox: 0.1136  rpn_s.0.loss_giou: 0.7897  rpn_s.1.loss_cls: 0.4628  rpn_s.1.loss_bbox: 0.0482  rpn_s.1.loss_giou: 0.3952  rpn_s.2.loss_cls: 0.3886  rpn_s.2.loss_bbox: 0.0404  rpn_s.2.loss_giou: 0.3431  rpn_s.3.loss_cls: 0.3606  rpn_s.3.loss_bbox: 0.0371  rpn_s.3.loss_giou: 0.3221  s0.loss_cls: 0.4144  s0.pos_acc: 83.3333  s0.loss_bbox: 0.6104  s0.loss_iou: 1.1263  s1.loss_cls: 0.4319  s1.pos_acc: 83.3333  s1.loss_bbox: 0.6132  s1.loss_iou: 1.1666
2026/03/27 13:10:12 - mmengine - INFO - Epoch(train)  [9][ 4800/10002]  lr: 2.5000e-05  eta: 22:09:53  time: 0.7046  data_time: 0.0034  memory: 7329  grad_norm: 77.7453  loss: 8.1022  rpn_s.0.loss_cls: 0.6416  rpn_s.0.loss_bbox: 0.1150  rpn_s.0.loss_giou: 0.7918  rpn_s.1.loss_cls: 0.4412  rpn_s.1.loss_bbox: 0.0495  rpn_s.1.loss_giou: 0.3969  rpn_s.2.loss_cls: 0.3556  rpn_s.2.loss_bbox: 0.0426  rpn_s.2.loss_giou: 0.3522  rpn_s.3.loss_cls: 0.3185  rpn_s.3.loss_bbox: 0.0389  rpn_s.3.loss_giou: 0.3317  s0.loss_cls: 0.3595  s0.pos_acc: 71.4286  s0.loss_bbox: 0.6078  s0.loss_iou: 1.1142  s1.loss_cls: 0.3648  s1.pos_acc: 78.5714  s1.loss_bbox: 0.6498  s1.loss_iou: 1.1308
2026/03/27 13:10:48 - mmengine - INFO - Epoch(train)  [9][ 4850/10002]  lr: 2.5000e-05  eta: 22:18:18  time: 0.7066  data_time: 0.0034  memory: 7329  grad_norm: 72.7953  loss: 8.3361  rpn_s.0.loss_cls: 0.6538  rpn_s.0.loss_bbox: 0.1094  rpn_s.0.loss_giou: 0.7999  rpn_s.1.loss_cls: 0.4617  rpn_s.1.loss_bbox: 0.0484  rpn_s.1.loss_giou: 0.4142  rpn_s.2.loss_cls: 0.3931  rpn_s.2.loss_bbox: 0.0405  rpn_s.2.loss_giou: 0.3524  rpn_s.3.loss_cls: 0.3612  rpn_s.3.loss_bbox: 0.0391  rpn_s.3.loss_giou: 0.3381  s0.loss_cls: 0.4029  s0.pos_acc: 75.0000  s0.loss_bbox: 0.6156  s0.loss_iou: 1.1193  s1.loss_cls: 0.4169  s1.pos_acc: 100.0000  s1.loss_bbox: 0.6365  s1.loss_iou: 1.1332
2026/03/27 13:11:26 - mmengine - INFO - Epoch(train)  [9][ 4900/10002]  lr: 2.5000e-05  eta: 22:28:09  time: 0.7581  data_time: 0.0035  memory: 7330  grad_norm: 79.4190  loss: 8.3110  rpn_s.0.loss_cls: 0.6108  rpn_s.0.loss_bbox: 0.1099  rpn_s.0.loss_giou: 0.8451  rpn_s.1.loss_cls: 0.4189  rpn_s.1.loss_bbox: 0.0471  rpn_s.1.loss_giou: 0.4214  rpn_s.2.loss_cls: 0.3508  rpn_s.2.loss_bbox: 0.0406  rpn_s.2.loss_giou: 0.3627  rpn_s.3.loss_cls: 0.3232  rpn_s.3.loss_bbox: 0.0369  rpn_s.3.loss_giou: 0.3356  s0.loss_cls: 0.3474  s0.pos_acc: 83.3333  s0.loss_bbox: 0.6185  s0.loss_iou: 1.2154  s1.loss_cls: 0.3514  s1.pos_acc: 83.3333  s1.loss_bbox: 0.6432  s1.loss_iou: 1.2320
2026/03/27 13:12:03 - mmengine - INFO - Epoch(train)  [9][ 4950/10002]  lr: 2.5000e-05  eta: 22:37:18  time: 0.7422  data_time: 0.0034  memory: 7330  grad_norm: 73.2139  loss: 9.0972  rpn_s.0.loss_cls: 0.6904  rpn_s.0.loss_bbox: 0.1188  rpn_s.0.loss_giou: 0.9528  rpn_s.1.loss_cls: 0.4663  rpn_s.1.loss_bbox: 0.0505  rpn_s.1.loss_giou: 0.4549  rpn_s.2.loss_cls: 0.3865  rpn_s.2.loss_bbox: 0.0421  rpn_s.2.loss_giou: 0.3960  rpn_s.3.loss_cls: 0.3478  rpn_s.3.loss_bbox: 0.0396  rpn_s.3.loss_giou: 0.3739  s0.loss_cls: 0.3923  s0.pos_acc: 69.7161  s0.loss_bbox: 0.6638  s0.loss_iou: 1.2863  s1.loss_cls: 0.4041  s1.pos_acc: 72.7129  s1.loss_bbox: 0.7450  s1.loss_iou: 1.2861
2026/03/27 13:12:30 - mmengine - INFO - Exp name: GSDet_r50_b900_h2h4_h2r1_r2r1_2x_fair1m1.0_20260327_123453
2026/03/27 13:12:37 - mmengine - INFO - Epoch(train)  [9][ 5000/10002]  lr: 2.5000e-05  eta: 22:44:15  time: 0.6776  data_time: 0.0033  memory: 7329  grad_norm: 77.7835  loss: 7.6452  rpn_s.0.loss_cls: 0.6194  rpn_s.0.loss_bbox: 0.1023  rpn_s.0.loss_giou: 0.6548  rpn_s.1.loss_cls: 0.4549  rpn_s.1.loss_bbox: 0.0515  rpn_s.1.loss_giou: 0.3614  rpn_s.2.loss_cls: 0.3822  rpn_s.2.loss_bbox: 0.0440  rpn_s.2.loss_giou: 0.3155  rpn_s.3.loss_cls: 0.3382  rpn_s.3.loss_bbox: 0.0419  rpn_s.3.loss_giou: 0.3011  s0.loss_cls: 0.3945  s0.pos_acc: 76.0870  s0.loss_bbox: 0.5965  s0.loss_iou: 0.9829  s1.loss_cls: 0.3907  s1.pos_acc: 73.9130  s1.loss_bbox: 0.5922  s1.loss_iou: 1.0215
2026/03/27 13:13:11 - mmengine - INFO - Epoch(train)  [9][ 5050/10002]  lr: 2.5000e-05  eta: 22:51:38  time: 0.6959  data_time: 0.0034  memory: 7329  grad_norm: 73.7339  loss: 7.8641  rpn_s.0.loss_cls: 0.6059  rpn_s.0.loss_bbox: 0.1009  rpn_s.0.loss_giou: 0.7432  rpn_s.1.loss_cls: 0.4367  rpn_s.1.loss_bbox: 0.0447  rpn_s.1.loss_giou: 0.3806  rpn_s.2.loss_cls: 0.3694  rpn_s.2.loss_bbox: 0.0373  rpn_s.2.loss_giou: 0.3305  rpn_s.3.loss_cls: 0.3276  rpn_s.3.loss_bbox: 0.0346  rpn_s.3.loss_giou: 0.3106  s0.loss_cls: 0.3649  s0.pos_acc: 90.0000  s0.loss_bbox: 0.6517  s0.loss_iou: 1.0289  s1.loss_cls: 0.3727  s1.pos_acc: 90.0000  s1.loss_bbox: 0.6505  s1.loss_iou: 1.0736
2026/03/27 13:13:48 - mmengine - INFO - Epoch(train)  [9][ 5100/10002]  lr: 2.5000e-05  eta: 23:00:01  time: 0.7346  data_time: 0.0034  memory: 7329  grad_norm: 71.8062  loss: 8.4083  rpn_s.0.loss_cls: 0.6563  rpn_s.0.loss_bbox: 0.1095  rpn_s.0.loss_giou: 0.8616  rpn_s.1.loss_cls: 0.4592  rpn_s.1.loss_bbox: 0.0483  rpn_s.1.loss_giou: 0.4213  rpn_s.2.loss_cls: 0.3931  rpn_s.2.loss_bbox: 0.0400  rpn_s.2.loss_giou: 0.3592  rpn_s.3.loss_cls: 0.3496  rpn_s.3.loss_bbox: 0.0372  rpn_s.3.loss_giou: 0.3414  s0.loss_cls: 0.3831  s0.pos_acc: 72.3270  s0.loss_bbox: 0.6087  s0.loss_iou: 1.1408  s1.loss_cls: 0.3868  s1.pos_acc: 72.9560  s1.loss_bbox: 0.6685  s1.loss_iou: 1.1436
2026/03/27 13:14:24 - mmengine - INFO - Epoch(train)  [9][ 5150/10002]  lr: 2.5000e-05  eta: 23:07:26  time: 0.7080  data_time: 0.0034  memory: 7329  grad_norm: 74.2258  loss: 8.5189  rpn_s.0.loss_cls: 0.6377  rpn_s.0.loss_bbox: 0.1106  rpn_s.0.loss_giou: 0.8021  rpn_s.1.loss_cls: 0.4730  rpn_s.1.loss_bbox: 0.0489  rpn_s.1.loss_giou: 0.4159  rpn_s.2.loss_cls: 0.4128  rpn_s.2.loss_bbox: 0.0413  rpn_s.2.loss_giou: 0.3644  rpn_s.3.loss_cls: 0.3787  rpn_s.3.loss_bbox: 0.0392  rpn_s.3.loss_giou: 0.3466  s0.loss_cls: 0.4148  s0.pos_acc: 72.2222  s0.loss_bbox: 0.6352  s0.loss_iou: 1.1565  s1.loss_cls: 0.4199  s1.pos_acc: 75.9259  s1.loss_bbox: 0.6582  s1.loss_iou: 1.1629
2026/03/27 13:15:01 - mmengine - INFO - Epoch(train)  [9][ 5200/10002]  lr: 2.5000e-05  eta: 23:15:57  time: 0.7504  data_time: 0.0034  memory: 7330  grad_norm: 68.5589  loss: 8.3346  rpn_s.0.loss_cls: 0.6334  rpn_s.0.loss_bbox: 0.1103  rpn_s.0.loss_giou: 0.8579  rpn_s.1.loss_cls: 0.4559  rpn_s.1.loss_bbox: 0.0495  rpn_s.1.loss_giou: 0.4376  rpn_s.2.loss_cls: 0.3937  rpn_s.2.loss_bbox: 0.0390  rpn_s.2.loss_giou: 0.3671  rpn_s.3.loss_cls: 0.3540  rpn_s.3.loss_bbox: 0.0359  rpn_s.3.loss_giou: 0.3411  s0.loss_cls: 0.3840  s0.pos_acc: 74.3243  s0.loss_bbox: 0.5499  s0.loss_iou: 1.1824  s1.loss_cls: 0.3873  s1.pos_acc: 81.0811  s1.loss_bbox: 0.5729  s1.loss_iou: 1.1829
2026/03/27 13:15:36 - mmengine - INFO - Epoch(train)  [9][ 5250/10002]  lr: 2.5000e-05  eta: 23:23:02  time: 0.7077  data_time: 0.0034  memory: 7329  grad_norm: 76.8926  loss: 8.5597  rpn_s.0.loss_cls: 0.6465  rpn_s.0.loss_bbox: 0.1100  rpn_s.0.loss_giou: 0.8361  rpn_s.1.loss_cls: 0.4533  rpn_s.1.loss_bbox: 0.0450  rpn_s.1.loss_giou: 0.4101  rpn_s.2.loss_cls: 0.3754  rpn_s.2.loss_bbox: 0.0384  rpn_s.2.loss_giou: 0.3629  rpn_s.3.loss_cls: 0.3337  rpn_s.3.loss_bbox: 0.0362  rpn_s.3.loss_giou: 0.3469  s0.loss_cls: 0.3930  s0.pos_acc: 68.1818  s0.loss_bbox: 0.6878  s0.loss_iou: 1.1596  s1.loss_cls: 0.4106  s1.pos_acc: 59.0909  s1.loss_bbox: 0.7381  s1.loss_iou: 1.1761
2026/03/27 13:16:12 - mmengine - INFO - Epoch(train)  [9][ 5300/10002]  lr: 2.5000e-05  eta: 23:30:20  time: 0.7199  data_time: 0.0034  memory: 7329  grad_norm: 73.8253  loss: 8.3561  rpn_s.0.loss_cls: 0.6415  rpn_s.0.loss_bbox: 0.1090  rpn_s.0.loss_giou: 0.8026  rpn_s.1.loss_cls: 0.4629  rpn_s.1.loss_bbox: 0.0482  rpn_s.1.loss_giou: 0.4082  rpn_s.2.loss_cls: 0.3892  rpn_s.2.loss_bbox: 0.0408  rpn_s.2.loss_giou: 0.3594  rpn_s.3.loss_cls: 0.3549  rpn_s.3.loss_bbox: 0.0385  rpn_s.3.loss_giou: 0.3461  s0.loss_cls: 0.4000  s0.pos_acc: 20.8333  s0.loss_bbox: 0.5806  s0.loss_iou: 1.1554  s1.loss_cls: 0.4086  s1.pos_acc: 25.0000  s1.loss_bbox: 0.6486  s1.loss_iou: 1.1616
2026/03/27 13:16:48 - mmengine - INFO - Epoch(train)  [9][ 5350/10002]  lr: 2.5000e-05  eta: 23:37:22  time: 0.7158  data_time: 0.0034  memory: 7329  grad_norm: 81.5865  loss: 8.3042  rpn_s.0.loss_cls: 0.6347  rpn_s.0.loss_bbox: 0.1083  rpn_s.0.loss_giou: 0.8229  rpn_s.1.loss_cls: 0.4422  rpn_s.1.loss_bbox: 0.0488  rpn_s.1.loss_giou: 0.4310  rpn_s.2.loss_cls: 0.3701  rpn_s.2.loss_bbox: 0.0413  rpn_s.2.loss_giou: 0.3725  rpn_s.3.loss_cls: 0.3307  rpn_s.3.loss_bbox: 0.0381  rpn_s.3.loss_giou: 0.3511  s0.loss_cls: 0.3687  s0.pos_acc: 85.2941  s0.loss_bbox: 0.5699  s0.loss_iou: 1.1659  s1.loss_cls: 0.3832  s1.pos_acc: 73.5294  s1.loss_bbox: 0.6241  s1.loss_iou: 1.2005
2026/03/27 13:17:25 - mmengine - INFO - Epoch(train)  [9][ 5400/10002]  lr: 2.5000e-05  eta: 23:45:02  time: 0.7432  data_time: 0.0033  memory: 7329  grad_norm: 72.0566  loss: 8.9642  rpn_s.0.loss_cls: 0.6434  rpn_s.0.loss_bbox: 0.1172  rpn_s.0.loss_giou: 0.9024  rpn_s.1.loss_cls: 0.4685  rpn_s.1.loss_bbox: 0.0545  rpn_s.1.loss_giou: 0.4573  rpn_s.2.loss_cls: 0.3984  rpn_s.2.loss_bbox: 0.0442  rpn_s.2.loss_giou: 0.3948  rpn_s.3.loss_cls: 0.3670  rpn_s.3.loss_bbox: 0.0404  rpn_s.3.loss_giou: 0.3726  s0.loss_cls: 0.4224  s0.pos_acc: 81.9672  s0.loss_bbox: 0.6388  s0.loss_iou: 1.2682  s1.loss_cls: 0.4331  s1.pos_acc: 87.7049  s1.loss_bbox: 0.6522  s1.loss_iou: 1.2888
2026/03/27 13:18:03 - mmengine - INFO - Epoch(train)  [9][ 5450/10002]  lr: 2.5000e-05  eta: 23:52:33  time: 0.7429  data_time: 0.0034  memory: 7330  grad_norm: 74.9242  loss: 8.1544  rpn_s.0.loss_cls: 0.6071  rpn_s.0.loss_bbox: 0.1116  rpn_s.0.loss_giou: 0.8034  rpn_s.1.loss_cls: 0.4365  rpn_s.1.loss_bbox: 0.0477  rpn_s.1.loss_giou: 0.3978  rpn_s.2.loss_cls: 0.3569  rpn_s.2.loss_bbox: 0.0402  rpn_s.2.loss_giou: 0.3410  rpn_s.3.loss_cls: 0.3154  rpn_s.3.loss_bbox: 0.0368  rpn_s.3.loss_giou: 0.3231  s0.loss_cls: 0.3553  s0.pos_acc: 72.4138  s0.loss_bbox: 0.6975  s0.loss_iou: 1.1072  s1.loss_cls: 0.3541  s1.pos_acc: 70.6897  s1.loss_bbox: 0.6778  s1.loss_iou: 1.1450
2026/03/27 13:18:39 - mmengine - INFO - Epoch(train)  [9][ 5500/10002]  lr: 2.5000e-05  eta: 23:59:33  time: 0.7302  data_time: 0.0033  memory: 7329  grad_norm: 72.9947  loss: 8.4642  rpn_s.0.loss_cls: 0.5888  rpn_s.0.loss_bbox: 0.1157  rpn_s.0.loss_giou: 0.8320  rpn_s.1.loss_cls: 0.4218  rpn_s.1.loss_bbox: 0.0532  rpn_s.1.loss_giou: 0.4284  rpn_s.2.loss_cls: 0.3589  rpn_s.2.loss_bbox: 0.0437  rpn_s.2.loss_giou: 0.3690  rpn_s.3.loss_cls: 0.3261  rpn_s.3.loss_bbox: 0.0397  rpn_s.3.loss_giou: 0.3483  s0.loss_cls: 0.3600  s0.pos_acc: 84.4444  s0.loss_bbox: 0.6735  s0.loss_iou: 1.1888  s1.loss_cls: 0.3740  s1.pos_acc: 86.2963  s1.loss_bbox: 0.7247  s1.loss_iou: 1.2176
2026/03/27 13:19:16 - mmengine - INFO - Epoch(train)  [9][ 5550/10002]  lr: 2.5000e-05  eta: 1 day, 0:06:35  time: 0.7360  data_time: 0.0033  memory: 7329  grad_norm: 72.9853  loss: 8.5107  rpn_s.0.loss_cls: 0.6467  rpn_s.0.loss_bbox: 0.1167  rpn_s.0.loss_giou: 0.8825  rpn_s.1.loss_cls: 0.4583  rpn_s.1.loss_bbox: 0.0486  rpn_s.1.loss_giou: 0.4208  rpn_s.2.loss_cls: 0.3858  rpn_s.2.loss_bbox: 0.0396  rpn_s.2.loss_giou: 0.3560  rpn_s.3.loss_cls: 0.3485  rpn_s.3.loss_bbox: 0.0381  rpn_s.3.loss_giou: 0.3384  s0.loss_cls: 0.4026  s0.pos_acc: 80.0000  s0.loss_bbox: 0.6541  s0.loss_iou: 1.1369  s1.loss_cls: 0.4035  s1.pos_acc: 70.0000  s1.loss_bbox: 0.6941  s1.loss_iou: 1.1397
2026/03/27 13:19:53 - mmengine - INFO - Epoch(train)  [9][ 5600/10002]  lr: 2.5000e-05  eta: 1 day, 0:13:53  time: 0.7502  data_time: 0.0033  memory: 7330  grad_norm: 70.0380  loss: 8.3433  rpn_s.0.loss_cls: 0.6201  rpn_s.0.loss_bbox: 0.1165  rpn_s.0.loss_giou: 0.7769  rpn_s.1.loss_cls: 0.4590  rpn_s.1.loss_bbox: 0.0525  rpn_s.1.loss_giou: 0.3907  rpn_s.2.loss_cls: 0.3873  rpn_s.2.loss_bbox: 0.0448  rpn_s.2.loss_giou: 0.3414  rpn_s.3.loss_cls: 0.3547  rpn_s.3.loss_bbox: 0.0409  rpn_s.3.loss_giou: 0.3193  s0.loss_cls: 0.3981  s0.pos_acc: 77.7778  s0.loss_bbox: 0.6935  s0.loss_iou: 1.1144  s1.loss_cls: 0.4093  s1.pos_acc: 100.0000  s1.loss_bbox: 0.7068  s1.loss_iou: 1.1172
2026/03/27 13:20:31 - mmengine - INFO - Epoch(train)  [9][ 5650/10002]  lr: 2.5000e-05  eta: 1 day, 0:21:08  time: 0.7543  data_time: 0.0034  memory: 7330  grad_norm: 77.2774  loss: 8.7073  rpn_s.0.loss_cls: 0.6378  rpn_s.0.loss_bbox: 0.1303  rpn_s.0.loss_giou: 0.8517  rpn_s.1.loss_cls: 0.4637  rpn_s.1.loss_bbox: 0.0612  rpn_s.1.loss_giou: 0.4394  rpn_s.2.loss_cls: 0.3835  rpn_s.2.loss_bbox: 0.0519  rpn_s.2.loss_giou: 0.3751  rpn_s.3.loss_cls: 0.3483  rpn_s.3.loss_bbox: 0.0485  rpn_s.3.loss_giou: 0.3555  s0.loss_cls: 0.3804  s0.pos_acc: 78.9474  s0.loss_bbox: 0.6589  s0.loss_iou: 1.2160  s1.loss_cls: 0.3896  s1.pos_acc: 84.2105  s1.loss_bbox: 0.6731  s1.loss_iou: 1.2423
2026/03/27 13:21:08 - mmengine - INFO - Epoch(train)  [9][ 5700/10002]  lr: 2.5000e-05  eta: 1 day, 0:28:04  time: 0.7474  data_time: 0.0034  memory: 7329  grad_norm: 62.9782  loss: 8.8467  rpn_s.0.loss_cls: 0.6371  rpn_s.0.loss_bbox: 0.1165  rpn_s.0.loss_giou: 0.8984  rpn_s.1.loss_cls: 0.4615  rpn_s.1.loss_bbox: 0.0507  rpn_s.1.loss_giou: 0.4492  rpn_s.2.loss_cls: 0.3875  rpn_s.2.loss_bbox: 0.0408  rpn_s.2.loss_giou: 0.3889  rpn_s.3.loss_cls: 0.3445  rpn_s.3.loss_bbox: 0.0386  rpn_s.3.loss_giou: 0.3718  s0.loss_cls: 0.3883  s0.pos_acc: 70.0000  s0.loss_bbox: 0.6430  s0.loss_iou: 1.2535  s1.loss_cls: 0.3975  s1.pos_acc: 72.7273  s1.loss_bbox: 0.7006  s1.loss_iou: 1.2784
2026/03/27 13:21:47 - mmengine - INFO - Epoch(train)  [9][ 5750/10002]  lr: 2.5000e-05  eta: 1 day, 0:35:32  time: 0.7723  data_time: 0.0034  memory: 7330  grad_norm: 73.3755  loss: 8.3047  rpn_s.0.loss_cls: 0.5901  rpn_s.0.loss_bbox: 0.1143  rpn_s.0.loss_giou: 0.8700  rpn_s.1.loss_cls: 0.4143  rpn_s.1.loss_bbox: 0.0477  rpn_s.1.loss_giou: 0.4344  rpn_s.2.loss_cls: 0.3553  rpn_s.2.loss_bbox: 0.0393  rpn_s.2.loss_giou: 0.3690  rpn_s.3.loss_cls: 0.3184  rpn_s.3.loss_bbox: 0.0354  rpn_s.3.loss_giou: 0.3479  s0.loss_cls: 0.3386  s0.pos_acc: 100.0000  s0.loss_bbox: 0.6107  s0.loss_iou: 1.1999  s1.loss_cls: 0.3520  s1.pos_acc: 100.0000  s1.loss_bbox: 0.6431  s1.loss_iou: 1.2244
2026/03/27 13:22:24 - mmengine - INFO - Epoch(train)  [9][ 5800/10002]  lr: 2.5000e-05  eta: 1 day, 0:42:00  time: 0.7400  data_time: 0.0033  memory: 7330  grad_norm: 70.9068  loss: 8.4728  rpn_s.0.loss_cls: 0.6096  rpn_s.0.loss_bbox: 0.1092  rpn_s.0.loss_giou: 0.8331  rpn_s.1.loss_cls: 0.4371  rpn_s.1.loss_bbox: 0.0490  rpn_s.1.loss_giou: 0.4224  rpn_s.2.loss_cls: 0.3623  rpn_s.2.loss_bbox: 0.0427  rpn_s.2.loss_giou: 0.3666  rpn_s.3.loss_cls: 0.3262  rpn_s.3.loss_bbox: 0.0396  rpn_s.3.loss_giou: 0.3520  s0.loss_cls: 0.3810  s0.pos_acc: 50.0000  s0.loss_bbox: 0.6184  s0.loss_iou: 1.2316  s1.loss_cls: 0.3780  s1.pos_acc: 50.0000  s1.loss_bbox: 0.6532  s1.loss_iou: 1.2608
2026/03/27 13:23:00 - mmengine - INFO - Epoch(train)  [9][ 5850/10002]  lr: 2.5000e-05  eta: 1 day, 0:47:43  time: 0.7156  data_time: 0.0033  memory: 7330  grad_norm: 77.0485  loss: 8.4815  rpn_s.0.loss_cls: 0.6355  rpn_s.0.loss_bbox: 0.1098  rpn_s.0.loss_giou: 0.7931  rpn_s.1.loss_cls: 0.4628  rpn_s.1.loss_bbox: 0.0523  rpn_s.1.loss_giou: 0.4112  rpn_s.2.loss_cls: 0.3844  rpn_s.2.loss_bbox: 0.0455  rpn_s.2.loss_giou: 0.3602  rpn_s.3.loss_cls: 0.3379  rpn_s.3.loss_bbox: 0.0436  rpn_s.3.loss_giou: 0.3425  s0.loss_cls: 0.3946  s0.pos_acc: 100.0000  s0.loss_bbox: 0.6456  s0.loss_iou: 1.1699  s1.loss_cls: 0.3944  s1.pos_acc: 100.0000  s1.loss_bbox: 0.7163  s1.loss_iou: 1.1818
2026/03/27 13:23:39 - mmengine - INFO - Epoch(train)  [9][ 5900/10002]  lr: 2.5000e-05  eta: 1 day, 0:55:00  time: 0.7806  data_time: 0.0034  memory: 7330  grad_norm: 70.1703  loss: 8.6101  rpn_s.0.loss_cls: 0.6291  rpn_s.0.loss_bbox: 0.1162  rpn_s.0.loss_giou: 0.9105  rpn_s.1.loss_cls: 0.4507  rpn_s.1.loss_bbox: 0.0478  rpn_s.1.loss_giou: 0.4411  rpn_s.2.loss_cls: 0.3795  rpn_s.2.loss_bbox: 0.0392  rpn_s.2.loss_giou: 0.3769  rpn_s.3.loss_cls: 0.3378  rpn_s.3.loss_bbox: 0.0369  rpn_s.3.loss_giou: 0.3572  s0.loss_cls: 0.3759  s0.pos_acc: 73.8916  s0.loss_bbox: 0.5913  s0.loss_iou: 1.2437  s1.loss_cls: 0.3868  s1.pos_acc: 76.3547  s1.loss_bbox: 0.6300  s1.loss_iou: 1.2595
2026/03/27 13:24:18 - mmengine - INFO - Epoch(train)  [9][ 5950/10002]  lr: 2.5000e-05  eta: 1 day, 1:02:16  time: 0.7842  data_time: 0.0034  memory: 7330  grad_norm: 73.0907  loss: 8.7752  rpn_s.0.loss_cls: 0.6548  rpn_s.0.loss_bbox: 0.1187  rpn_s.0.loss_giou: 0.8707  rpn_s.1.loss_cls: 0.4637  rpn_s.1.loss_bbox: 0.0515  rpn_s.1.loss_giou: 0.4372  rpn_s.2.loss_cls: 0.3884  rpn_s.2.loss_bbox: 0.0428  rpn_s.2.loss_giou: 0.3699  rpn_s.3.loss_cls: 0.3688  rpn_s.3.loss_bbox: 0.0404  rpn_s.3.loss_giou: 0.3515  s0.loss_cls: 0.4003  s0.pos_acc: 66.6667  s0.loss_bbox: 0.6111  s0.loss_iou: 1.2434  s1.loss_cls: 0.4168  s1.pos_acc: 66.6667  s1.loss_bbox: 0.6694  s1.loss_iou: 1.2760
2026/03/27 13:24:47 - mmengine - INFO - Exp name: GSDet_r50_b900_h2h4_h2r1_r2r1_2x_fair1m1.0_20260327_123453
2026/03/27 13:24:55 - mmengine - INFO - Epoch(train)  [9][ 6000/10002]  lr: 2.5000e-05  eta: 1 day, 1:08:07  time: 0.7348  data_time: 0.0034  memory: 7330  grad_norm: 77.4502  loss: 8.8767  rpn_s.0.loss_cls: 0.6564  rpn_s.0.loss_bbox: 0.1128  rpn_s.0.loss_giou: 0.8918  rpn_s.1.loss_cls: 0.4470  rpn_s.1.loss_bbox: 0.0492  rpn_s.1.loss_giou: 0.4459  rpn_s.2.loss_cls: 0.3747  rpn_s.2.loss_bbox: 0.0415  rpn_s.2.loss_giou: 0.3870  rpn_s.3.loss_cls: 0.3425  rpn_s.3.loss_bbox: 0.0397  rpn_s.3.loss_giou: 0.3718  s0.loss_cls: 0.3851  s0.pos_acc: 63.3333  s0.loss_bbox: 0.6800  s0.loss_iou: 1.2424  s1.loss_cls: 0.3918  s1.pos_acc: 65.1852  s1.loss_bbox: 0.7616  s1.loss_iou: 1.2557
2026/03/27 13:25:33 - mmengine - INFO - Epoch(train)  [9][ 6050/10002]  lr: 2.5000e-05  eta: 1 day, 1:14:35  time: 0.7628  data_time: 0.0033  memory: 7330  grad_norm: 74.8876  loss: 8.8771  rpn_s.0.loss_cls: 0.6291  rpn_s.0.loss_bbox: 0.1193  rpn_s.0.loss_giou: 0.8487  rpn_s.1.loss_cls: 0.4539  rpn_s.1.loss_bbox: 0.0534  rpn_s.1.loss_giou: 0.4396  rpn_s.2.loss_cls: 0.3826  rpn_s.2.loss_bbox: 0.0446  rpn_s.2.loss_giou: 0.3749  rpn_s.3.loss_cls: 0.3426  rpn_s.3.loss_bbox: 0.0411  rpn_s.3.loss_giou: 0.3546  s0.loss_cls: 0.3931  s0.pos_acc: 77.8846  s0.loss_bbox: 0.7350  s0.loss_iou: 1.2021  s1.loss_cls: 0.4129  s1.pos_acc: 79.8077  s1.loss_bbox: 0.7986  s1.loss_iou: 1.2508
2026/03/27 13:26:12 - mmengine - INFO - Epoch(train)  [9][ 6100/10002]  lr: 2.5000e-05  eta: 1 day, 1:21:16  time: 0.7761  data_time: 0.0034  memory: 7330  grad_norm: 64.1064  loss: 8.5431  rpn_s.0.loss_cls: 0.6087  rpn_s.0.loss_bbox: 0.1185  rpn_s.0.loss_giou: 0.8487  rpn_s.1.loss_cls: 0.4527  rpn_s.1.loss_bbox: 0.0514  rpn_s.1.loss_giou: 0.4114  rpn_s.2.loss_cls: 0.3823  rpn_s.2.loss_bbox: 0.0433  rpn_s.2.loss_giou: 0.3552  rpn_s.3.loss_cls: 0.3424  rpn_s.3.loss_bbox: 0.0405  rpn_s.3.loss_giou: 0.3353  s0.loss_cls: 0.4002  s0.pos_acc: 100.0000  s0.loss_bbox: 0.6701  s0.loss_iou: 1.1635  s1.loss_cls: 0.4233  s1.pos_acc: 91.6667  s1.loss_bbox: 0.7013  s1.loss_iou: 1.1939
2026/03/27 13:26:48 - mmengine - INFO - Epoch(train)  [9][ 6150/10002]  lr: 2.5000e-05  eta: 1 day, 1:26:42  time: 0.7309  data_time: 0.0034  memory: 7329  grad_norm: 71.0242  loss: 8.5376  rpn_s.0.loss_cls: 0.6274  rpn_s.0.loss_bbox: 0.1195  rpn_s.0.loss_giou: 0.8612  rpn_s.1.loss_cls: 0.4427  rpn_s.1.loss_bbox: 0.0519  rpn_s.1.loss_giou: 0.4248  rpn_s.2.loss_cls: 0.3756  rpn_s.2.loss_bbox: 0.0448  rpn_s.2.loss_giou: 0.3686  rpn_s.3.loss_cls: 0.3346  rpn_s.3.loss_bbox: 0.0428  rpn_s.3.loss_giou: 0.3515  s0.loss_cls: 0.3749  s0.pos_acc: 100.0000  s0.loss_bbox: 0.6577  s0.loss_iou: 1.1888  s1.loss_cls: 0.4032  s1.pos_acc: 75.0000  s1.loss_bbox: 0.6657  s1.loss_iou: 1.2017
2026/03/27 13:27:24 - mmengine - INFO - Epoch(train)  [9][ 6200/10002]  lr: 2.5000e-05  eta: 1 day, 1:31:41  time: 0.7166  data_time: 0.0034  memory: 7329  grad_norm: 76.4647  loss: 8.1773  rpn_s.0.loss_cls: 0.6280  rpn_s.0.loss_bbox: 0.1114  rpn_s.0.loss_giou: 0.7957  rpn_s.1.loss_cls: 0.4431  rpn_s.1.loss_bbox: 0.0524  rpn_s.1.loss_giou: 0.4063  rpn_s.2.loss_cls: 0.3705  rpn_s.2.loss_bbox: 0.0434  rpn_s.2.loss_giou: 0.3565  rpn_s.3.loss_cls: 0.3279  rpn_s.3.loss_bbox: 0.0394  rpn_s.3.loss_giou: 0.3305  s0.loss_cls: 0.3549  s0.pos_acc: 0.0000  s0.loss_bbox: 0.6341  s0.loss_iou: 1.0977  s1.loss_cls: 0.3648  s1.pos_acc: 37.5000  s1.loss_bbox: 0.6853  s1.loss_iou: 1.1354
2026/03/27 13:28:01 - mmengine - INFO - Epoch(train)  [9][ 6250/10002]  lr: 2.5000e-05  eta: 1 day, 1:37:17  time: 0.7454  data_time: 0.0039  memory: 7329  grad_norm: 77.5373  loss: 8.3106  rpn_s.0.loss_cls: 0.6265  rpn_s.0.loss_bbox: 0.1152  rpn_s.0.loss_giou: 0.8234  rpn_s.1.loss_cls: 0.4462  rpn_s.1.loss_bbox: 0.0488  rpn_s.1.loss_giou: 0.4102  rpn_s.2.loss_cls: 0.3664  rpn_s.2.loss_bbox: 0.0413  rpn_s.2.loss_giou: 0.3557  rpn_s.3.loss_cls: 0.3304  rpn_s.3.loss_bbox: 0.0382  rpn_s.3.loss_giou: 0.3360  s0.loss_cls: 0.3699  s0.pos_acc: 79.4643  s0.loss_bbox: 0.6234  s0.loss_iou: 1.1460  s1.loss_cls: 0.3989  s1.pos_acc: 83.4821  s1.loss_bbox: 0.6489  s1.loss_iou: 1.1852
2026/03/27 13:28:39 - mmengine - INFO - Epoch(train)  [9][ 6300/10002]  lr: 2.5000e-05  eta: 1 day, 1:42:43  time: 0.7429  data_time: 0.0033  memory: 7330  grad_norm: 74.5126  loss: 8.5487  rpn_s.0.loss_cls: 0.6468  rpn_s.0.loss_bbox: 0.1128  rpn_s.0.loss_giou: 0.8663  rpn_s.1.loss_cls: 0.4731  rpn_s.1.loss_bbox: 0.0453  rpn_s.1.loss_giou: 0.4267  rpn_s.2.loss_cls: 0.3974  rpn_s.2.loss_bbox: 0.0394  rpn_s.2.loss_giou: 0.3679  rpn_s.3.loss_cls: 0.3583  rpn_s.3.loss_bbox: 0.0369  rpn_s.3.loss_giou: 0.3532  s0.loss_cls: 0.4094  s0.pos_acc: 70.5882  s0.loss_bbox: 0.5847  s0.loss_iou: 1.1951  s1.loss_cls: 0.4124  s1.pos_acc: 64.7059  s1.loss_bbox: 0.6309  s1.loss_iou: 1.1922
2026/03/27 13:29:16 - mmengine - INFO - Epoch(train)  [9][ 6350/10002]  lr: 2.5000e-05  eta: 1 day, 1:48:19  time: 0.7535  data_time: 0.0034  memory: 7330  grad_norm: 73.0967  loss: 8.3565  rpn_s.0.loss_cls: 0.6480  rpn_s.0.loss_bbox: 0.1162  rpn_s.0.loss_giou: 0.8359  rpn_s.1.loss_cls: 0.4525  rpn_s.1.loss_bbox: 0.0474  rpn_s.1.loss_giou: 0.4124  rpn_s.2.loss_cls: 0.3758  rpn_s.2.loss_bbox: 0.0409  rpn_s.2.loss_giou: 0.3566  rpn_s.3.loss_cls: 0.3396  rpn_s.3.loss_bbox: 0.0387  rpn_s.3.loss_giou: 0.3372  s0.loss_cls: 0.3838  s0.pos_acc: 72.7273  s0.loss_bbox: 0.6046  s0.loss_iou: 1.1574  s1.loss_cls: 0.3900  s1.pos_acc: 63.6364  s1.loss_bbox: 0.6467  s1.loss_iou: 1.1727
2026/03/27 13:29:54 - mmengine - INFO - Epoch(train)  [9][ 6400/10002]  lr: 2.5000e-05  eta: 1 day, 1:53:40  time: 0.7472  data_time: 0.0034  memory: 7330  grad_norm: 69.8474  loss: 8.2529  rpn_s.0.loss_cls: 0.6091  rpn_s.0.loss_bbox: 0.1193  rpn_s.0.loss_giou: 0.8414  rpn_s.1.loss_cls: 0.4443  rpn_s.1.loss_bbox: 0.0513  rpn_s.1.loss_giou: 0.4177  rpn_s.2.loss_cls: 0.3587  rpn_s.2.loss_bbox: 0.0420  rpn_s.2.loss_giou: 0.3558  rpn_s.3.loss_cls: 0.3165  rpn_s.3.loss_bbox: 0.0399  rpn_s.3.loss_giou: 0.3374  s0.loss_cls: 0.3617  s0.pos_acc: 69.0909  s0.loss_bbox: 0.6273  s0.loss_iou: 1.1364  s1.loss_cls: 0.3667  s1.pos_acc: 67.2727  s1.loss_bbox: 0.6694  s1.loss_iou: 1.1579
2026/03/27 13:30:29 - mmengine - INFO - Epoch(train)  [9][ 6450/10002]  lr: 2.5000e-05  eta: 1 day, 1:58:07  time: 0.7132  data_time: 0.0035  memory: 7329  grad_norm: 73.0869  loss: 8.1841  rpn_s.0.loss_cls: 0.6195  rpn_s.0.loss_bbox: 0.1049  rpn_s.0.loss_giou: 0.8117  rpn_s.1.loss_cls: 0.4507  rpn_s.1.loss_bbox: 0.0436  rpn_s.1.loss_giou: 0.4060  rpn_s.2.loss_cls: 0.3886  rpn_s.2.loss_bbox: 0.0377  rpn_s.2.loss_giou: 0.3562  rpn_s.3.loss_cls: 0.3476  rpn_s.3.loss_bbox: 0.0348  rpn_s.3.loss_giou: 0.3355  s0.loss_cls: 0.3899  s0.pos_acc: 100.0000  s0.loss_bbox: 0.5763  s0.loss_iou: 1.1133  s1.loss_cls: 0.4053  s1.pos_acc: 100.0000  s1.loss_bbox: 0.6219  s1.loss_iou: 1.1404
2026/03/27 13:31:07 - mmengine - INFO - Epoch(train)  [9][ 6500/10002]  lr: 2.5000e-05  eta: 1 day, 2:03:33  time: 0.7578  data_time: 0.0034  memory: 7330  grad_norm: 72.6509  loss: 7.8669  rpn_s.0.loss_cls: 0.6385  rpn_s.0.loss_bbox: 0.1167  rpn_s.0.loss_giou: 0.7769  rpn_s.1.loss_cls: 0.4347  rpn_s.1.loss_bbox: 0.0502  rpn_s.1.loss_giou: 0.3899  rpn_s.2.loss_cls: 0.3644  rpn_s.2.loss_bbox: 0.0416  rpn_s.2.loss_giou: 0.3329  rpn_s.3.loss_cls: 0.3200  rpn_s.3.loss_bbox: 0.0386  rpn_s.3.loss_giou: 0.3128  s0.loss_cls: 0.3563  s0.pos_acc: 79.4118  s0.loss_bbox: 0.6167  s0.loss_iou: 1.0259  s1.loss_cls: 0.3522  s1.pos_acc: 85.2941  s1.loss_bbox: 0.6451  s1.loss_iou: 1.0534
2026/03/27 13:31:42 - mmengine - INFO - Epoch(train)  [9][ 6550/10002]  lr: 2.5000e-05  eta: 1 day, 2:07:23  time: 0.6936  data_time: 0.0034  memory: 7329  grad_norm: 77.7954  loss: 8.2665  rpn_s.0.loss_cls: 0.6351  rpn_s.0.loss_bbox: 0.1147  rpn_s.0.loss_giou: 0.8228  rpn_s.1.loss_cls: 0.4571  rpn_s.1.loss_bbox: 0.0491  rpn_s.1.loss_giou: 0.4083  rpn_s.2.loss_cls: 0.3799  rpn_s.2.loss_bbox: 0.0415  rpn_s.2.loss_giou: 0.3474  rpn_s.3.loss_cls: 0.3453  rpn_s.3.loss_bbox: 0.0387  rpn_s.3.loss_giou: 0.3276  s0.loss_cls: 0.3941  s0.pos_acc: 76.4706  s0.loss_bbox: 0.6702  s0.loss_iou: 1.0636  s1.loss_cls: 0.4004  s1.pos_acc: 77.2059  s1.loss_bbox: 0.6922  s1.loss_iou: 1.0782
2026/03/27 13:32:17 - mmengine - INFO - Epoch(train)  [9][ 6600/10002]  lr: 2.5000e-05  eta: 1 day, 2:11:32  time: 0.7102  data_time: 0.0034  memory: 7329  grad_norm: 73.7406  loss: 8.1950  rpn_s.0.loss_cls: 0.6468  rpn_s.0.loss_bbox: 0.1095  rpn_s.0.loss_giou: 0.8119  rpn_s.1.loss_cls: 0.4439  rpn_s.1.loss_bbox: 0.0473  rpn_s.1.loss_giou: 0.4053  rpn_s.2.loss_cls: 0.3638  rpn_s.2.loss_bbox: 0.0407  rpn_s.2.loss_giou: 0.3563  rpn_s.3.loss_cls: 0.3295  rpn_s.3.loss_bbox: 0.0388  rpn_s.3.loss_giou: 0.3387  s0.loss_cls: 0.3690  s0.pos_acc: 80.0000  s0.loss_bbox: 0.5993  s0.loss_iou: 1.1294  s1.loss_cls: 0.3728  s1.pos_acc: 80.0000  s1.loss_bbox: 0.6221  s1.loss_iou: 1.1700
2026/03/27 13:32:53 - mmengine - INFO - Epoch(train)  [9][ 6650/10002]  lr: 2.5000e-05  eta: 1 day, 2:15:48  time: 0.7184  data_time: 0.0034  memory: 7329  grad_norm: 76.4691  loss: 8.2242  rpn_s.0.loss_cls: 0.6266  rpn_s.0.loss_bbox: 0.1086  rpn_s.0.loss_giou: 0.8105  rpn_s.1.loss_cls: 0.4415  rpn_s.1.loss_bbox: 0.0458  rpn_s.1.loss_giou: 0.4000  rpn_s.2.loss_cls: 0.3788  rpn_s.2.loss_bbox: 0.0379  rpn_s.2.loss_giou: 0.3440  rpn_s.3.loss_cls: 0.3331  rpn_s.3.loss_bbox: 0.0360  rpn_s.3.loss_giou: 0.3235  s0.loss_cls: 0.3659  s0.pos_acc: 100.0000  s0.loss_bbox: 0.6975  s0.loss_iou: 1.0920  s1.loss_cls: 0.3707  s1.pos_acc: 100.0000  s1.loss_bbox: 0.7068  s1.loss_iou: 1.1050
2026/03/27 13:33:31 - mmengine - INFO - Epoch(train)  [9][ 6700/10002]  lr: 2.5000e-05  eta: 1 day, 2:20:34  time: 0.7435  data_time: 0.0034  memory: 7330  grad_norm: 68.5391  loss: 8.5386  rpn_s.0.loss_cls: 0.6443  rpn_s.0.loss_bbox: 0.1174  rpn_s.0.loss_giou: 0.8671  rpn_s.1.loss_cls: 0.4554  rpn_s.1.loss_bbox: 0.0520  rpn_s.1.loss_giou: 0.4315  rpn_s.2.loss_cls: 0.3895  rpn_s.2.loss_bbox: 0.0436  rpn_s.2.loss_giou: 0.3717  rpn_s.3.loss_cls: 0.3454  rpn_s.3.loss_bbox: 0.0418  rpn_s.3.loss_giou: 0.3529  s0.loss_cls: 0.3867  s0.pos_acc: 100.0000  s0.loss_bbox: 0.5960  s0.loss_iou: 1.1877  s1.loss_cls: 0.3833  s1.pos_acc: 100.0000  s1.loss_bbox: 0.6475  s1.loss_iou: 1.2249
2026/03/27 13:34:06 - mmengine - INFO - Epoch(train)  [9][ 6750/10002]  lr: 2.5000e-05  eta: 1 day, 2:24:41  time: 0.7180  data_time: 0.0034  memory: 7329  grad_norm: 80.3515  loss: 8.2243  rpn_s.0.loss_cls: 0.6187  rpn_s.0.loss_bbox: 0.0995  rpn_s.0.loss_giou: 0.7866  rpn_s.1.loss_cls: 0.4339  rpn_s.1.loss_bbox: 0.0412  rpn_s.1.loss_giou: 0.3959  rpn_s.2.loss_cls: 0.3617  rpn_s.2.loss_bbox: 0.0366  rpn_s.2.loss_giou: 0.3540  rpn_s.3.loss_cls: 0.3194  rpn_s.3.loss_bbox: 0.0345  rpn_s.3.loss_giou: 0.3385  s0.loss_cls: 0.3628  s0.pos_acc: 56.7416  s0.loss_bbox: 0.6783  s0.loss_iou: 1.1353  s1.loss_cls: 0.3554  s1.pos_acc: 61.7978  s1.loss_bbox: 0.7121  s1.loss_iou: 1.1598
2026/03/27 13:34:44 - mmengine - INFO - Epoch(train)  [9][ 6800/10002]  lr: 2.5000e-05  eta: 1 day, 2:29:33  time: 0.7548  data_time: 0.0034  memory: 7330  grad_norm: 72.3074  loss: 8.3985  rpn_s.0.loss_cls: 0.6424  rpn_s.0.loss_bbox: 0.1161  rpn_s.0.loss_giou: 0.8647  rpn_s.1.loss_cls: 0.4514  rpn_s.1.loss_bbox: 0.0529  rpn_s.1.loss_giou: 0.4254  rpn_s.2.loss_cls: 0.3882  rpn_s.2.loss_bbox: 0.0442  rpn_s.2.loss_giou: 0.3592  rpn_s.3.loss_cls: 0.3477  rpn_s.3.loss_bbox: 0.0404  rpn_s.3.loss_giou: 0.3333  s0.loss_cls: 0.3841  s0.pos_acc: 100.0000  s0.loss_bbox: 0.5742  s0.loss_iou: 1.1853  s1.loss_cls: 0.3815  s1.pos_acc: 100.0000  s1.loss_bbox: 0.5967  s1.loss_iou: 1.2109
2026/03/27 13:35:20 - mmengine - INFO - Epoch(train)  [9][ 6850/10002]  lr: 2.5000e-05  eta: 1 day, 2:33:37  time: 0.7223  data_time: 0.0034  memory: 7329  grad_norm: 64.6664  loss: 8.5758  rpn_s.0.loss_cls: 0.6600  rpn_s.0.loss_bbox: 0.1190  rpn_s.0.loss_giou: 0.8506  rpn_s.1.loss_cls: 0.4736  rpn_s.1.loss_bbox: 0.0500  rpn_s.1.loss_giou: 0.4230  rpn_s.2.loss_cls: 0.3967  rpn_s.2.loss_bbox: 0.0443  rpn_s.2.loss_giou: 0.3709  rpn_s.3.loss_cls: 0.3452  rpn_s.3.loss_bbox: 0.0409  rpn_s.3.loss_giou: 0.3496  s0.loss_cls: 0.4131  s0.pos_acc: 97.0588  s0.loss_bbox: 0.6296  s0.loss_iou: 1.1678  s1.loss_cls: 0.4060  s1.pos_acc: 97.0588  s1.loss_bbox: 0.6619  s1.loss_iou: 1.1738
2026/03/27 13:35:56 - mmengine - INFO - Epoch(train)  [9][ 6900/10002]  lr: 2.5000e-05  eta: 1 day, 2:37:17  time: 0.7076  data_time: 0.0034  memory: 7329  grad_norm: 78.0638  loss: 8.5971  rpn_s.0.loss_cls: 0.6413  rpn_s.0.loss_bbox: 0.1035  rpn_s.0.loss_giou: 0.7959  rpn_s.1.loss_cls: 0.4666  rpn_s.1.loss_bbox: 0.0469  rpn_s.1.loss_giou: 0.4212  rpn_s.2.loss_cls: 0.3994  rpn_s.2.loss_bbox: 0.0400  rpn_s.2.loss_giou: 0.3741  rpn_s.3.loss_cls: 0.3684  rpn_s.3.loss_bbox: 0.0372  rpn_s.3.loss_giou: 0.3538  s0.loss_cls: 0.4161  s0.pos_acc: 62.0833  s0.loss_bbox: 0.5848  s0.loss_iou: 1.2427  s1.loss_cls: 0.4318  s1.pos_acc: 65.4167  s1.loss_bbox: 0.6263  s1.loss_iou: 1.2470
2026/03/27 13:36:31 - mmengine - INFO - Epoch(train)  [9][ 6950/10002]  lr: 2.5000e-05  eta: 1 day, 2:41:01  time: 0.7134  data_time: 0.0034  memory: 7329  grad_norm: 85.4381  loss: 8.3443  rpn_s.0.loss_cls: 0.6466  rpn_s.0.loss_bbox: 0.1148  rpn_s.0.loss_giou: 0.8429  rpn_s.1.loss_cls: 0.4554  rpn_s.1.loss_bbox: 0.0462  rpn_s.1.loss_giou: 0.4014  rpn_s.2.loss_cls: 0.3844  rpn_s.2.loss_bbox: 0.0406  rpn_s.2.loss_giou: 0.3479  rpn_s.3.loss_cls: 0.3439  rpn_s.3.loss_bbox: 0.0377  rpn_s.3.loss_giou: 0.3293  s0.loss_cls: 0.3809  s0.pos_acc: 63.4146  s0.loss_bbox: 0.6369  s0.loss_iou: 1.1137  s1.loss_cls: 0.3840  s1.pos_acc: 64.6341  s1.loss_bbox: 0.6787  s1.loss_iou: 1.1590
2026/03/27 13:37:00 - mmengine - INFO - Exp name: GSDet_r50_b900_h2h4_h2r1_r2r1_2x_fair1m1.0_20260327_123453
2026/03/27 13:37:08 - mmengine - INFO - Epoch(train)  [9][ 7000/10002]  lr: 2.5000e-05  eta: 1 day, 2:44:55  time: 0.7235  data_time: 0.0034  memory: 7329  grad_norm: 76.3723  loss: 8.1079  rpn_s.0.loss_cls: 0.6174  rpn_s.0.loss_bbox: 0.1089  rpn_s.0.loss_giou: 0.7718  rpn_s.1.loss_cls: 0.4396  rpn_s.1.loss_bbox: 0.0498  rpn_s.1.loss_giou: 0.3924  rpn_s.2.loss_cls: 0.3673  rpn_s.2.loss_bbox: 0.0421  rpn_s.2.loss_giou: 0.3344  rpn_s.3.loss_cls: 0.3285  rpn_s.3.loss_bbox: 0.0392  rpn_s.3.loss_giou: 0.3183  s0.loss_cls: 0.3839  s0.pos_acc: 87.5000  s0.loss_bbox: 0.6176  s0.loss_iou: 1.1135  s1.loss_cls: 0.3969  s1.pos_acc: 87.5000  s1.loss_bbox: 0.6642  s1.loss_iou: 1.1223
2026/03/27 13:37:43 - mmengine - INFO - Epoch(train)  [9][ 7050/10002]  lr: 2.5000e-05  eta: 1 day, 2:48:23  time: 0.7069  data_time: 0.0034  memory: 7329  grad_norm: 71.2127  loss: 7.8827  rpn_s.0.loss_cls: 0.6207  rpn_s.0.loss_bbox: 0.0969  rpn_s.0.loss_giou: 0.7331  rpn_s.1.loss_cls: 0.4608  rpn_s.1.loss_bbox: 0.0427  rpn_s.1.loss_giou: 0.3747  rpn_s.2.loss_cls: 0.3962  rpn_s.2.loss_bbox: 0.0354  rpn_s.2.loss_giou: 0.3214  rpn_s.3.loss_cls: 0.3634  rpn_s.3.loss_bbox: 0.0328  rpn_s.3.loss_giou: 0.3054  s0.loss_cls: 0.3927  s0.pos_acc: 75.8929  s0.loss_bbox: 0.5934  s0.loss_iou: 1.0144  s1.loss_cls: 0.4013  s1.pos_acc: 76.7857  s1.loss_bbox: 0.6455  s1.loss_iou: 1.0520
2026/03/27 13:38:18 - mmengine - INFO - Epoch(train)  [9][ 7100/10002]  lr: 2.5000e-05  eta: 1 day, 2:51:53  time: 0.7110  data_time: 0.0033  memory: 7329  grad_norm: 73.5757  loss: 8.5721  rpn_s.0.loss_cls: 0.6583  rpn_s.0.loss_bbox: 0.1143  rpn_s.0.loss_giou: 0.7937  rpn_s.1.loss_cls: 0.4839  rpn_s.1.loss_bbox: 0.0506  rpn_s.1.loss_giou: 0.3988  rpn_s.2.loss_cls: 0.4048  rpn_s.2.loss_bbox: 0.0448  rpn_s.2.loss_giou: 0.3499  rpn_s.3.loss_cls: 0.3665  rpn_s.3.loss_bbox: 0.0420  rpn_s.3.loss_giou: 0.3317  s0.loss_cls: 0.4233  s0.pos_acc: 75.0000  s0.loss_bbox: 0.6999  s0.loss_iou: 1.1249  s1.loss_cls: 0.4385  s1.pos_acc: 75.0000  s1.loss_bbox: 0.7031  s1.loss_iou: 1.1432
2026/03/27 13:38:56 - mmengine - INFO - Epoch(train)  [9][ 7150/10002]  lr: 2.5000e-05  eta: 1 day, 2:56:07  time: 0.7477  data_time: 0.0034  memory: 7330  grad_norm: 67.4951  loss: 8.0495  rpn_s.0.loss_cls: 0.6107  rpn_s.0.loss_bbox: 0.1167  rpn_s.0.loss_giou: 0.7915  rpn_s.1.loss_cls: 0.4379  rpn_s.1.loss_bbox: 0.0480  rpn_s.1.loss_giou: 0.3788  rpn_s.2.loss_cls: 0.3629  rpn_s.2.loss_bbox: 0.0396  rpn_s.2.loss_giou: 0.3287  rpn_s.3.loss_cls: 0.3259  rpn_s.3.loss_bbox: 0.0375  rpn_s.3.loss_giou: 0.3131  s0.loss_cls: 0.3804  s0.pos_acc: 63.6364  s0.loss_bbox: 0.6426  s0.loss_iou: 1.0654  s1.loss_cls: 0.3835  s1.pos_acc: 63.6364  s1.loss_bbox: 0.6695  s1.loss_iou: 1.1168
2026/03/27 13:39:31 - mmengine - INFO - Epoch(train)  [9][ 7200/10002]  lr: 2.5000e-05  eta: 1 day, 2:59:33  time: 0.7135  data_time: 0.0035  memory: 7329  grad_norm: 80.1491  loss: 8.4675  rpn_s.0.loss_cls: 0.6200  rpn_s.0.loss_bbox: 0.1121  rpn_s.0.loss_giou: 0.7725  rpn_s.1.loss_cls: 0.4456  rpn_s.1.loss_bbox: 0.0554  rpn_s.1.loss_giou: 0.4178  rpn_s.2.loss_cls: 0.3784  rpn_s.2.loss_bbox: 0.0488  rpn_s.2.loss_giou: 0.3643  rpn_s.3.loss_cls: 0.3498  rpn_s.3.loss_bbox: 0.0464  rpn_s.3.loss_giou: 0.3486  s0.loss_cls: 0.4036  s0.pos_acc: 100.0000  s0.loss_bbox: 0.6634  s0.loss_iou: 1.1660  s1.loss_cls: 0.4085  s1.pos_acc: 100.0000  s1.loss_bbox: 0.6756  s1.loss_iou: 1.1907
2026/03/27 13:40:09 - mmengine - INFO - Epoch(train)  [9][ 7250/10002]  lr: 2.5000e-05  eta: 1 day, 3:03:32  time: 0.7423  data_time: 0.0033  memory: 7329  grad_norm: 61.6102  loss: 8.3505  rpn_s.0.loss_cls: 0.6397  rpn_s.0.loss_bbox: 0.1101  rpn_s.0.loss_giou: 0.8677  rpn_s.1.loss_cls: 0.4507  rpn_s.1.loss_bbox: 0.0440  rpn_s.1.loss_giou: 0.4186  rpn_s.2.loss_cls: 0.3778  rpn_s.2.loss_bbox: 0.0378  rpn_s.2.loss_giou: 0.3592  rpn_s.3.loss_cls: 0.3388  rpn_s.3.loss_bbox: 0.0357  rpn_s.3.loss_giou: 0.3435  s0.loss_cls: 0.3668  s0.pos_acc: 66.0000  s0.loss_bbox: 0.5911  s0.loss_iou: 1.1847  s1.loss_cls: 0.3675  s1.pos_acc: 62.0000  s1.loss_bbox: 0.6082  s1.loss_iou: 1.2083
2026/03/27 13:40:45 - mmengine - INFO - Epoch(train)  [9][ 7300/10002]  lr: 2.5000e-05  eta: 1 day, 3:07:09  time: 0.7272  data_time: 0.0033  memory: 7330  grad_norm: 70.9647  loss: 8.5895  rpn_s.0.loss_cls: 0.6349  rpn_s.0.loss_bbox: 0.1279  rpn_s.0.loss_giou: 0.8500  rpn_s.1.loss_cls: 0.4422  rpn_s.1.loss_bbox: 0.0569  rpn_s.1.loss_giou: 0.4237  rpn_s.2.loss_cls: 0.3759  rpn_s.2.loss_bbox: 0.0472  rpn_s.2.loss_giou: 0.3673  rpn_s.3.loss_cls: 0.3314  rpn_s.3.loss_bbox: 0.0430  rpn_s.3.loss_giou: 0.3470  s0.loss_cls: 0.3667  s0.pos_acc: 77.7778  s0.loss_bbox: 0.6957  s0.loss_iou: 1.1954  s1.loss_cls: 0.3611  s1.pos_acc: 88.8889  s1.loss_bbox: 0.7125  s1.loss_iou: 1.2109
2026/03/27 13:41:20 - mmengine - INFO - Epoch(train)  [9][ 7350/10002]  lr: 2.5000e-05  eta: 1 day, 3:10:10  time: 0.7015  data_time: 0.0034  memory: 7330  grad_norm: 80.3991  loss: 7.7168  rpn_s.0.loss_cls: 0.6083  rpn_s.0.loss_bbox: 0.1043  rpn_s.0.loss_giou: 0.7550  rpn_s.1.loss_cls: 0.4403  rpn_s.1.loss_bbox: 0.0434  rpn_s.1.loss_giou: 0.3567  rpn_s.2.loss_cls: 0.3706  rpn_s.2.loss_bbox: 0.0374  rpn_s.2.loss_giou: 0.3138  rpn_s.3.loss_cls: 0.3328  rpn_s.3.loss_bbox: 0.0348  rpn_s.3.loss_giou: 0.3005  s0.loss_cls: 0.3843  s0.pos_acc: 76.3636  s0.loss_bbox: 0.5939  s0.loss_iou: 1.0196  s1.loss_cls: 0.3728  s1.pos_acc: 81.8182  s1.loss_bbox: 0.6216  s1.loss_iou: 1.0267
2026/03/27 13:41:56 - mmengine - INFO - Epoch(train)  [9][ 7400/10002]  lr: 2.5000e-05  eta: 1 day, 3:13:19  time: 0.7103  data_time: 0.0034  memory: 7329  grad_norm: 70.3422  loss: 8.0180  rpn_s.0.loss_cls: 0.6241  rpn_s.0.loss_bbox: 0.1071  rpn_s.0.loss_giou: 0.7374  rpn_s.1.loss_cls: 0.4497  rpn_s.1.loss_bbox: 0.0480  rpn_s.1.loss_giou: 0.3844  rpn_s.2.loss_cls: 0.3819  rpn_s.2.loss_bbox: 0.0405  rpn_s.2.loss_giou: 0.3393  rpn_s.3.loss_cls: 0.3474  rpn_s.3.loss_bbox: 0.0386  rpn_s.3.loss_giou: 0.3247  s0.loss_cls: 0.3850  s0.pos_acc: 79.2308  s0.loss_bbox: 0.6236  s0.loss_iou: 1.0454  s1.loss_cls: 0.3979  s1.pos_acc: 80.0000  s1.loss_bbox: 0.6603  s1.loss_iou: 1.0830
2026/03/27 13:42:32 - mmengine - INFO - Epoch(train)  [9][ 7450/10002]  lr: 2.5000e-05  eta: 1 day, 3:16:48  time: 0.7294  data_time: 0.0034  memory: 7329  grad_norm: 77.3868  loss: 8.2660  rpn_s.0.loss_cls: 0.6344  rpn_s.0.loss_bbox: 0.1079  rpn_s.0.loss_giou: 0.8518  rpn_s.1.loss_cls: 0.4325  rpn_s.1.loss_bbox: 0.0453  rpn_s.1.loss_giou: 0.4136  rpn_s.2.loss_cls: 0.3667  rpn_s.2.loss_bbox: 0.0384  rpn_s.2.loss_giou: 0.3589  rpn_s.3.loss_cls: 0.3133  rpn_s.3.loss_bbox: 0.0361  rpn_s.3.loss_giou: 0.3356  s0.loss_cls: 0.3478  s0.pos_acc: 66.6667  s0.loss_bbox: 0.6427  s0.loss_iou: 1.1483  s1.loss_cls: 0.3592  s1.pos_acc: 66.6667  s1.loss_bbox: 0.6549  s1.loss_iou: 1.1787
2026/03/27 13:43:08 - mmengine - INFO - Epoch(train)  [9][ 7500/10002]  lr: 2.5000e-05  eta: 1 day, 3:19:52  time: 0.7108  data_time: 0.0034  memory: 7329  grad_norm: 73.7283  loss: 8.1493  rpn_s.0.loss_cls: 0.6261  rpn_s.0.loss_bbox: 0.1057  rpn_s.0.loss_giou: 0.7957  rpn_s.1.loss_cls: 0.4377  rpn_s.1.loss_bbox: 0.0450  rpn_s.1.loss_giou: 0.3978  rpn_s.2.loss_cls: 0.3665  rpn_s.2.loss_bbox: 0.0382  rpn_s.2.loss_giou: 0.3450  rpn_s.3.loss_cls: 0.3251  rpn_s.3.loss_bbox: 0.0353  rpn_s.3.loss_giou: 0.3263  s0.loss_cls: 0.3569  s0.pos_acc: 75.9259  s0.loss_bbox: 0.6294  s0.loss_iou: 1.1132  s1.loss_cls: 0.3869  s1.pos_acc: 79.6296  s1.loss_bbox: 0.6734  s1.loss_iou: 1.1448
2026/03/27 13:43:44 - mmengine - INFO - Epoch(train)  [9][ 7550/10002]  lr: 2.5000e-05  eta: 1 day, 3:23:25  time: 0.7374  data_time: 0.0034  memory: 7329  grad_norm: 73.7486  loss: 8.4232  rpn_s.0.loss_cls: 0.6471  rpn_s.0.loss_bbox: 0.1226  rpn_s.0.loss_giou: 0.8241  rpn_s.1.loss_cls: 0.4642  rpn_s.1.loss_bbox: 0.0573  rpn_s.1.loss_giou: 0.4101  rpn_s.2.loss_cls: 0.4006  rpn_s.2.loss_bbox: 0.0485  rpn_s.2.loss_giou: 0.3448  rpn_s.3.loss_cls: 0.3564  rpn_s.3.loss_bbox: 0.0465  rpn_s.3.loss_giou: 0.3252  s0.loss_cls: 0.3989  s0.pos_acc: 81.6456  s0.loss_bbox: 0.6522  s0.loss_iou: 1.1202  s1.loss_cls: 0.4032  s1.pos_acc: 81.0127  s1.loss_bbox: 0.6694  s1.loss_iou: 1.1321
2026/03/27 13:44:23 - mmengine - INFO - Epoch(train)  [9][ 7600/10002]  lr: 2.5000e-05  eta: 1 day, 3:27:31  time: 0.7677  data_time: 0.0034  memory: 7330  grad_norm: 71.1092  loss: 8.8967  rpn_s.0.loss_cls: 0.6236  rpn_s.0.loss_bbox: 0.1139  rpn_s.0.loss_giou: 0.8850  rpn_s.1.loss_cls: 0.4546  rpn_s.1.loss_bbox: 0.0513  rpn_s.1.loss_giou: 0.4496  rpn_s.2.loss_cls: 0.3924  rpn_s.2.loss_bbox: 0.0459  rpn_s.2.loss_giou: 0.3934  rpn_s.3.loss_cls: 0.3561  rpn_s.3.loss_bbox: 0.0420  rpn_s.3.loss_giou: 0.3701  s0.loss_cls: 0.3982  s0.pos_acc: 69.2308  s0.loss_bbox: 0.6593  s0.loss_iou: 1.2774  s1.loss_cls: 0.3993  s1.pos_acc: 73.0769  s1.loss_bbox: 0.6906  s1.loss_iou: 1.2940
2026/03/27 13:44:59 - mmengine - INFO - Epoch(train)  [9][ 7650/10002]  lr: 2.5000e-05  eta: 1 day, 3:30:33  time: 0.7179  data_time: 0.0033  memory: 7329  grad_norm: 70.1244  loss: 8.3862  rpn_s.0.loss_cls: 0.6150  rpn_s.0.loss_bbox: 0.1010  rpn_s.0.loss_giou: 0.7945  rpn_s.1.loss_cls: 0.4394  rpn_s.1.loss_bbox: 0.0462  rpn_s.1.loss_giou: 0.4068  rpn_s.2.loss_cls: 0.3631  rpn_s.2.loss_bbox: 0.0398  rpn_s.2.loss_giou: 0.3645  rpn_s.3.loss_cls: 0.3248  rpn_s.3.loss_bbox: 0.0377  rpn_s.3.loss_giou: 0.3467  s0.loss_cls: 0.3676  s0.pos_acc: 77.5000  s0.loss_bbox: 0.6996  s0.loss_iou: 1.1295  s1.loss_cls: 0.3791  s1.pos_acc: 85.0000  s1.loss_bbox: 0.7725  s1.loss_iou: 1.1585
2026/03/27 13:45:35 - mmengine - INFO - Epoch(train)  [9][ 7700/10002]  lr: 2.5000e-05  eta: 1 day, 3:33:32  time: 0.7172  data_time: 0.0034  memory: 7330  grad_norm: 74.8956  loss: 8.4922  rpn_s.0.loss_cls: 0.6191  rpn_s.0.loss_bbox: 0.1102  rpn_s.0.loss_giou: 0.7963  rpn_s.1.loss_cls: 0.4575  rpn_s.1.loss_bbox: 0.0467  rpn_s.1.loss_giou: 0.4037  rpn_s.2.loss_cls: 0.3930  rpn_s.2.loss_bbox: 0.0402  rpn_s.2.loss_giou: 0.3520  rpn_s.3.loss_cls: 0.3656  rpn_s.3.loss_bbox: 0.0371  rpn_s.3.loss_giou: 0.3305  s0.loss_cls: 0.4029  s0.pos_acc: 100.0000  s0.loss_bbox: 0.6660  s0.loss_iou: 1.1513  s1.loss_cls: 0.4213  s1.pos_acc: 100.0000  s1.loss_bbox: 0.7251  s1.loss_iou: 1.1737
2026/03/27 13:46:11 - mmengine - INFO - Epoch(train)  [9][ 7750/10002]  lr: 2.5000e-05  eta: 1 day, 3:36:52  time: 0.7365  data_time: 0.0034  memory: 7329  grad_norm: 72.0095  loss: 8.1796  rpn_s.0.loss_cls: 0.6136  rpn_s.0.loss_bbox: 0.1071  rpn_s.0.loss_giou: 0.8524  rpn_s.1.loss_cls: 0.4197  rpn_s.1.loss_bbox: 0.0437  rpn_s.1.loss_giou: 0.4245  rpn_s.2.loss_cls: 0.3429  rpn_s.2.loss_bbox: 0.0364  rpn_s.2.loss_giou: 0.3621  rpn_s.3.loss_cls: 0.3090  rpn_s.3.loss_bbox: 0.0343  rpn_s.3.loss_giou: 0.3439  s0.loss_cls: 0.3443  s0.pos_acc: 83.3333  s0.loss_bbox: 0.5997  s0.loss_iou: 1.1493  s1.loss_cls: 0.3479  s1.pos_acc: 83.3333  s1.loss_bbox: 0.6740  s1.loss_iou: 1.1747
2026/03/27 13:46:48 - mmengine - INFO - Epoch(train)  [9][ 7800/10002]  lr: 2.5000e-05  eta: 1 day, 3:39:50  time: 0.7217  data_time: 0.0034  memory: 7329  grad_norm: 76.5098  loss: 8.2827  rpn_s.0.loss_cls: 0.5994  rpn_s.0.loss_bbox: 0.1140  rpn_s.0.loss_giou: 0.7653  rpn_s.1.loss_cls: 0.4477  rpn_s.1.loss_bbox: 0.0547  rpn_s.1.loss_giou: 0.4020  rpn_s.2.loss_cls: 0.3780  rpn_s.2.loss_bbox: 0.0464  rpn_s.2.loss_giou: 0.3473  rpn_s.3.loss_cls: 0.3285  rpn_s.3.loss_bbox: 0.0441  rpn_s.3.loss_giou: 0.3295  s0.loss_cls: 0.3661  s0.pos_acc: 40.0000  s0.loss_bbox: 0.6967  s0.loss_iou: 1.1195  s1.loss_cls: 0.3699  s1.pos_acc: 60.0000  s1.loss_bbox: 0.7173  s1.loss_iou: 1.1563
2026/03/27 13:47:24 - mmengine - INFO - Epoch(train)  [9][ 7850/10002]  lr: 2.5000e-05  eta: 1 day, 3:42:54  time: 0.7284  data_time: 0.0034  memory: 7329  grad_norm: 74.1134  loss: 8.3773  rpn_s.0.loss_cls: 0.6369  rpn_s.0.loss_bbox: 0.1111  rpn_s.0.loss_giou: 0.8186  rpn_s.1.loss_cls: 0.4643  rpn_s.1.loss_bbox: 0.0438  rpn_s.1.loss_giou: 0.3949  rpn_s.2.loss_cls: 0.4002  rpn_s.2.loss_bbox: 0.0366  rpn_s.2.loss_giou: 0.3388  rpn_s.3.loss_cls: 0.3607  rpn_s.3.loss_bbox: 0.0343  rpn_s.3.loss_giou: 0.3216  s0.loss_cls: 0.4137  s0.pos_acc: 70.2479  s0.loss_bbox: 0.6428  s0.loss_iou: 1.1043  s1.loss_cls: 0.4160  s1.pos_acc: 66.9421  s1.loss_bbox: 0.7087  s1.loss_iou: 1.1301
2026/03/27 13:48:01 - mmengine - INFO - Epoch(train)  [9][ 7900/10002]  lr: 2.5000e-05  eta: 1 day, 3:46:03  time: 0.7353  data_time: 0.0034  memory: 7330  grad_norm: 68.4919  loss: 8.4751  rpn_s.0.loss_cls: 0.6372  rpn_s.0.loss_bbox: 0.1115  rpn_s.0.loss_giou: 0.8365  rpn_s.1.loss_cls: 0.4763  rpn_s.1.loss_bbox: 0.0477  rpn_s.1.loss_giou: 0.4216  rpn_s.2.loss_cls: 0.3928  rpn_s.2.loss_bbox: 0.0406  rpn_s.2.loss_giou: 0.3671  rpn_s.3.loss_cls: 0.3510  rpn_s.3.loss_bbox: 0.0378  rpn_s.3.loss_giou: 0.3432  s0.loss_cls: 0.4014  s0.pos_acc: 73.9464  s0.loss_bbox: 0.6233  s0.loss_iou: 1.1605  s1.loss_cls: 0.4089  s1.pos_acc: 77.7778  s1.loss_bbox: 0.6577  s1.loss_iou: 1.1601
2026/03/27 13:48:37 - mmengine - INFO - Epoch(train)  [9][ 7950/10002]  lr: 2.5000e-05  eta: 1 day, 3:48:55  time: 0.7227  data_time: 0.0034  memory: 7329  grad_norm: 73.9064  loss: 7.9976  rpn_s.0.loss_cls: 0.5866  rpn_s.0.loss_bbox: 0.1024  rpn_s.0.loss_giou: 0.7423  rpn_s.1.loss_cls: 0.4308  rpn_s.1.loss_bbox: 0.0472  rpn_s.1.loss_giou: 0.3885  rpn_s.2.loss_cls: 0.3597  rpn_s.2.loss_bbox: 0.0400  rpn_s.2.loss_giou: 0.3327  rpn_s.3.loss_cls: 0.3214  rpn_s.3.loss_bbox: 0.0376  rpn_s.3.loss_giou: 0.3115  s0.loss_cls: 0.3610  s0.pos_acc: 78.3333  s0.loss_bbox: 0.6622  s0.loss_iou: 1.0983  s1.loss_cls: 0.3613  s1.pos_acc: 81.1111  s1.loss_bbox: 0.7056  s1.loss_iou: 1.1084
2026/03/27 13:49:06 - mmengine - INFO - Exp name: GSDet_r50_b900_h2h4_h2r1_r2r1_2x_fair1m1.0_20260327_123453
2026/03/27 13:49:13 - mmengine - INFO - Epoch(train)  [9][ 8000/10002]  lr: 2.5000e-05  eta: 1 day, 3:51:43  time: 0.7218  data_time: 0.0035  memory: 7329  grad_norm: 73.4427  loss: 8.3379  rpn_s.0.loss_cls: 0.6478  rpn_s.0.loss_bbox: 0.1083  rpn_s.0.loss_giou: 0.8065  rpn_s.1.loss_cls: 0.4471  rpn_s.1.loss_bbox: 0.0474  rpn_s.1.loss_giou: 0.4014  rpn_s.2.loss_cls: 0.3674  rpn_s.2.loss_bbox: 0.0401  rpn_s.2.loss_giou: 0.3491  rpn_s.3.loss_cls: 0.3271  rpn_s.3.loss_bbox: 0.0376  rpn_s.3.loss_giou: 0.3358  s0.loss_cls: 0.3614  s0.pos_acc: 76.5625  s0.loss_bbox: 0.7139  s0.loss_iou: 1.1101  s1.loss_cls: 0.3607  s1.pos_acc: 68.7500  s1.loss_bbox: 0.7486  s1.loss_iou: 1.1277
2026/03/27 13:49:51 - mmengine - INFO - Epoch(train)  [9][ 8050/10002]  lr: 2.5000e-05  eta: 1 day, 3:55:14  time: 0.7627  data_time: 0.0034  memory: 7330  grad_norm: 78.7139  loss: 8.3407  rpn_s.0.loss_cls: 0.6487  rpn_s.0.loss_bbox: 0.1069  rpn_s.0.loss_giou: 0.7842  rpn_s.1.loss_cls: 0.4808  rpn_s.1.loss_bbox: 0.0477  rpn_s.1.loss_giou: 0.4096  rpn_s.2.loss_cls: 0.4078  rpn_s.2.loss_bbox: 0.0405  rpn_s.2.loss_giou: 0.3545  rpn_s.3.loss_cls: 0.3589  rpn_s.3.loss_bbox: 0.0374  rpn_s.3.loss_giou: 0.3358  s0.loss_cls: 0.4031  s0.pos_acc: 100.0000  s0.loss_bbox: 0.6007  s0.loss_iou: 1.1429  s1.loss_cls: 0.4000  s1.pos_acc: 100.0000  s1.loss_bbox: 0.6091  s1.loss_iou: 1.1720
2026/03/27 13:50:28 - mmengine - INFO - Epoch(train)  [9][ 8100/10002]  lr: 2.5000e-05  eta: 1 day, 3:58:21  time: 0.7429  data_time: 0.0033  memory: 7330  grad_norm: 83.8363  loss: 8.3339  rpn_s.0.loss_cls: 0.6391  rpn_s.0.loss_bbox: 0.1153  rpn_s.0.loss_giou: 0.7738  rpn_s.1.loss_cls: 0.4618  rpn_s.1.loss_bbox: 0.0548  rpn_s.1.loss_giou: 0.3904  rpn_s.2.loss_cls: 0.4050  rpn_s.2.loss_bbox: 0.0454  rpn_s.2.loss_giou: 0.3367  rpn_s.3.loss_cls: 0.3720  rpn_s.3.loss_bbox: 0.0436  rpn_s.3.loss_giou: 0.3246  s0.loss_cls: 0.4172  s0.pos_acc: 45.4545  s0.loss_bbox: 0.6296  s0.loss_iou: 1.1008  s1.loss_cls: 0.4191  s1.pos_acc: 45.4545  s1.loss_bbox: 0.6821  s1.loss_iou: 1.1226
2026/03/27 13:51:05 - mmengine - INFO - Epoch(train)  [9][ 8150/10002]  lr: 2.5000e-05  eta: 1 day, 4:01:08  time: 0.7284  data_time: 0.0034  memory: 7330  grad_norm: 77.2832  loss: 8.1822  rpn_s.0.loss_cls: 0.6599  rpn_s.0.loss_bbox: 0.1019  rpn_s.0.loss_giou: 0.7748  rpn_s.1.loss_cls: 0.4683  rpn_s.1.loss_bbox: 0.0459  rpn_s.1.loss_giou: 0.4030  rpn_s.2.loss_cls: 0.4015  rpn_s.2.loss_bbox: 0.0374  rpn_s.2.loss_giou: 0.3428  rpn_s.3.loss_cls: 0.3624  rpn_s.3.loss_bbox: 0.0349  rpn_s.3.loss_giou: 0.3251  s0.loss_cls: 0.4124  s0.pos_acc: 61.5385  s0.loss_bbox: 0.6150  s0.loss_iou: 1.0392  s1.loss_cls: 0.4371  s1.pos_acc: 69.2308  s1.loss_bbox: 0.6511  s1.loss_iou: 1.0696
2026/03/27 13:51:42 - mmengine - INFO - Epoch(train)  [9][ 8200/10002]  lr: 2.5000e-05  eta: 1 day, 4:04:11  time: 0.7444  data_time: 0.0034  memory: 7329  grad_norm: 70.4445  loss: 8.4901  rpn_s.0.loss_cls: 0.6275  rpn_s.0.loss_bbox: 0.1050  rpn_s.0.loss_giou: 0.8554  rpn_s.1.loss_cls: 0.4420  rpn_s.1.loss_bbox: 0.0471  rpn_s.1.loss_giou: 0.4320  rpn_s.2.loss_cls: 0.3739  rpn_s.2.loss_bbox: 0.0391  rpn_s.2.loss_giou: 0.3700  rpn_s.3.loss_cls: 0.3232  rpn_s.3.loss_bbox: 0.0367  rpn_s.3.loss_giou: 0.3527  s0.loss_cls: 0.3677  s0.pos_acc: 75.0000  s0.loss_bbox: 0.6719  s0.loss_iou: 1.1679  s1.loss_cls: 0.3811  s1.pos_acc: 75.0000  s1.loss_bbox: 0.7018  s1.loss_iou: 1.1951
2026/03/27 13:52:22 - mmengine - INFO - Epoch(train)  [9][ 8250/10002]  lr: 2.5000e-05  eta: 1 day, 4:08:07  time: 0.7951  data_time: 0.0034  memory: 7330  grad_norm: 64.3992  loss: 8.5486  rpn_s.0.loss_cls: 0.6365  rpn_s.0.loss_bbox: 0.1159  rpn_s.0.loss_giou: 0.9246  rpn_s.1.loss_cls: 0.4316  rpn_s.1.loss_bbox: 0.0436  rpn_s.1.loss_giou: 0.4364  rpn_s.2.loss_cls: 0.3644  rpn_s.2.loss_bbox: 0.0366  rpn_s.2.loss_giou: 0.3734  rpn_s.3.loss_cls: 0.3177  rpn_s.3.loss_bbox: 0.0341  rpn_s.3.loss_giou: 0.3558  s0.loss_cls: 0.3545  s0.pos_acc: 77.7778  s0.loss_bbox: 0.6104  s0.loss_iou: 1.2387  s1.loss_cls: 0.3640  s1.pos_acc: 83.3333  s1.loss_bbox: 0.6597  s1.loss_iou: 1.2507
2026/03/27 13:52:57 - mmengine - INFO - Epoch(train)  [9][ 8300/10002]  lr: 2.5000e-05  eta: 1 day, 4:10:20  time: 0.7037  data_time: 0.0034  memory: 7329  grad_norm: 90.2591  loss: 7.9395  rpn_s.0.loss_cls: 0.6256  rpn_s.0.loss_bbox: 0.1070  rpn_s.0.loss_giou: 0.7810  rpn_s.1.loss_cls: 0.4373  rpn_s.1.loss_bbox: 0.0490  rpn_s.1.loss_giou: 0.3784  rpn_s.2.loss_cls: 0.3618  rpn_s.2.loss_bbox: 0.0414  rpn_s.2.loss_giou: 0.3290  rpn_s.3.loss_cls: 0.3190  rpn_s.3.loss_bbox: 0.0400  rpn_s.3.loss_giou: 0.3126  s0.loss_cls: 0.3666  s0.pos_acc: 75.0000  s0.loss_bbox: 0.6404  s0.loss_iou: 1.0402  s1.loss_cls: 0.3707  s1.pos_acc: 84.3750  s1.loss_bbox: 0.6605  s1.loss_iou: 1.0791
2026/03/27 13:53:36 - mmengine - INFO - Epoch(train)  [9][ 8350/10002]  lr: 2.5000e-05  eta: 1 day, 4:13:57  time: 0.7836  data_time: 0.0034  memory: 7330  grad_norm: 71.7488  loss: 9.3375  rpn_s.0.loss_cls: 0.6564  rpn_s.0.loss_bbox: 0.1384  rpn_s.0.loss_giou: 0.9675  rpn_s.1.loss_cls: 0.4717  rpn_s.1.loss_bbox: 0.0613  rpn_s.1.loss_giou: 0.4759  rpn_s.2.loss_cls: 0.3925  rpn_s.2.loss_bbox: 0.0523  rpn_s.2.loss_giou: 0.4140  rpn_s.3.loss_cls: 0.3488  rpn_s.3.loss_bbox: 0.0465  rpn_s.3.loss_giou: 0.3867  s0.loss_cls: 0.3874  s0.pos_acc: 78.8043  s0.loss_bbox: 0.6482  s0.loss_iou: 1.3874  s1.loss_cls: 0.3992  s1.pos_acc: 79.8913  s1.loss_bbox: 0.6871  s1.loss_iou: 1.4161
2026/03/27 13:54:13 - mmengine - INFO - Epoch(train)  [9][ 8400/10002]  lr: 2.5000e-05  eta: 1 day, 4:16:47  time: 0.7420  data_time: 0.0035  memory: 7329  grad_norm: 69.1708  loss: 8.2628  rpn_s.0.loss_cls: 0.6354  rpn_s.0.loss_bbox: 0.1118  rpn_s.0.loss_giou: 0.8412  rpn_s.1.loss_cls: 0.4514  rpn_s.1.loss_bbox: 0.0459  rpn_s.1.loss_giou: 0.4118  rpn_s.2.loss_cls: 0.3753  rpn_s.2.loss_bbox: 0.0380  rpn_s.2.loss_giou: 0.3502  rpn_s.3.loss_cls: 0.3348  rpn_s.3.loss_bbox: 0.0346  rpn_s.3.loss_giou: 0.3325  s0.loss_cls: 0.3755  s0.pos_acc: 75.0000  s0.loss_bbox: 0.5713  s0.loss_iou: 1.1697  s1.loss_cls: 0.3845  s1.pos_acc: 75.0000  s1.loss_bbox: 0.6031  s1.loss_iou: 1.1958
2026/03/27 13:54:50 - mmengine - INFO - Epoch(train)  [9][ 8450/10002]  lr: 2.5000e-05  eta: 1 day, 4:19:28  time: 0.7373  data_time: 0.0034  memory: 7329  grad_norm: 74.0149  loss: 8.8545  rpn_s.0.loss_cls: 0.6799  rpn_s.0.loss_bbox: 0.1214  rpn_s.0.loss_giou: 0.8668  rpn_s.1.loss_cls: 0.4686  rpn_s.1.loss_bbox: 0.0532  rpn_s.1.loss_giou: 0.4382  rpn_s.2.loss_cls: 0.3970  rpn_s.2.loss_bbox: 0.0450  rpn_s.2.loss_giou: 0.3774  rpn_s.3.loss_cls: 0.3581  rpn_s.3.loss_bbox: 0.0425  rpn_s.3.loss_giou: 0.3598  s0.loss_cls: 0.3996  s0.pos_acc: 69.4215  s0.loss_bbox: 0.6589  s0.loss_iou: 1.2231  s1.loss_cls: 0.4052  s1.pos_acc: 69.2149  s1.loss_bbox: 0.7006  s1.loss_iou: 1.2592
2026/03/27 13:55:27 - mmengine - INFO - Epoch(train)  [9][ 8500/10002]  lr: 2.5000e-05  eta: 1 day, 4:22:11  time: 0.7405  data_time: 0.0034  memory: 7329  grad_norm: 71.3735  loss: 8.3642  rpn_s.0.loss_cls: 0.6494  rpn_s.0.loss_bbox: 0.1145  rpn_s.0.loss_giou: 0.8253  rpn_s.1.loss_cls: 0.4522  rpn_s.1.loss_bbox: 0.0483  rpn_s.1.loss_giou: 0.4143  rpn_s.2.loss_cls: 0.3748  rpn_s.2.loss_bbox: 0.0390  rpn_s.2.loss_giou: 0.3518  rpn_s.3.loss_cls: 0.3350  rpn_s.3.loss_bbox: 0.0364  rpn_s.3.loss_giou: 0.3333  s0.loss_cls: 0.3874  s0.pos_acc: 70.1754  s0.loss_bbox: 0.6272  s0.loss_iou: 1.1635  s1.loss_cls: 0.3803  s1.pos_acc: 74.5614  s1.loss_bbox: 0.6518  s1.loss_iou: 1.1796
2026/03/27 13:56:05 - mmengine - INFO - Epoch(train)  [9][ 8550/10002]  lr: 2.5000e-05  eta: 1 day, 4:25:20  time: 0.7668  data_time: 0.0035  memory: 7329  grad_norm: 68.1014  loss: 9.2517  rpn_s.0.loss_cls: 0.6838  rpn_s.0.loss_bbox: 0.1333  rpn_s.0.loss_giou: 0.9582  rpn_s.1.loss_cls: 0.4729  rpn_s.1.loss_bbox: 0.0578  rpn_s.1.loss_giou: 0.4851  rpn_s.2.loss_cls: 0.4021  rpn_s.2.loss_bbox: 0.0463  rpn_s.2.loss_giou: 0.4091  rpn_s.3.loss_cls: 0.3610  rpn_s.3.loss_bbox: 0.0422  rpn_s.3.loss_giou: 0.3865  s0.loss_cls: 0.4209  s0.pos_acc: 100.0000  s0.loss_bbox: 0.6206  s0.loss_iou: 1.3125  s1.loss_cls: 0.4218  s1.pos_acc: 100.0000  s1.loss_bbox: 0.6923  s1.loss_iou: 1.3453
2026/03/27 13:56:43 - mmengine - INFO - Epoch(train)  [9][ 8600/10002]  lr: 2.5000e-05  eta: 1 day, 4:28:06  time: 0.7482  data_time: 0.0034  memory: 7329  grad_norm: 64.9906  loss: 8.6225  rpn_s.0.loss_cls: 0.6617  rpn_s.0.loss_bbox: 0.1214  rpn_s.0.loss_giou: 0.8884  rpn_s.1.loss_cls: 0.4605  rpn_s.1.loss_bbox: 0.0511  rpn_s.1.loss_giou: 0.4433  rpn_s.2.loss_cls: 0.3886  rpn_s.2.loss_bbox: 0.0416  rpn_s.2.loss_giou: 0.3779  rpn_s.3.loss_cls: 0.3371  rpn_s.3.loss_bbox: 0.0379  rpn_s.3.loss_giou: 0.3550  s0.loss_cls: 0.3783  s0.pos_acc: 100.0000  s0.loss_bbox: 0.6081  s0.loss_iou: 1.1890  s1.loss_cls: 0.3838  s1.pos_acc: 100.0000  s1.loss_bbox: 0.6848  s1.loss_iou: 1.2141
2026/03/27 13:57:20 - mmengine - INFO - Epoch(train)  [9][ 8650/10002]  lr: 2.5000e-05  eta: 1 day, 4:30:54  time: 0.7521  data_time: 0.0034  memory: 7330  grad_norm: 70.9982  loss: 8.8315  rpn_s.0.loss_cls: 0.6661  rpn_s.0.loss_bbox: 0.1182  rpn_s.0.loss_giou: 0.8811  rpn_s.1.loss_cls: 0.4659  rpn_s.1.loss_bbox: 0.0500  rpn_s.1.loss_giou: 0.4401  rpn_s.2.loss_cls: 0.3887  rpn_s.2.loss_bbox: 0.0412  rpn_s.2.loss_giou: 0.3746  rpn_s.3.loss_cls: 0.3443  rpn_s.3.loss_bbox: 0.0378  rpn_s.3.loss_giou: 0.3558  s0.loss_cls: 0.3919  s0.pos_acc: 75.0000  s0.loss_bbox: 0.6415  s0.loss_iou: 1.2503  s1.loss_cls: 0.3946  s1.pos_acc: 75.0000  s1.loss_bbox: 0.7109  s1.loss_iou: 1.2783
2026/03/27 13:57:57 - mmengine - INFO - Epoch(train)  [9][ 8700/10002]  lr: 2.5000e-05  eta: 1 day, 4:33:14  time: 0.7266  data_time: 0.0034  memory: 7329  grad_norm: 77.4961  loss: 8.5001  rpn_s.0.loss_cls: 0.6291  rpn_s.0.loss_bbox: 0.1155  rpn_s.0.loss_giou: 0.8412  rpn_s.1.loss_cls: 0.4431  rpn_s.1.loss_bbox: 0.0527  rpn_s.1.loss_giou: 0.4291  rpn_s.2.loss_cls: 0.3800  rpn_s.2.loss_bbox: 0.0435  rpn_s.2.loss_giou: 0.3735  rpn_s.3.loss_cls: 0.3338  rpn_s.3.loss_bbox: 0.0421  rpn_s.3.loss_giou: 0.3571  s0.loss_cls: 0.4011  s0.pos_acc: 71.8750  s0.loss_bbox: 0.6327  s0.loss_iou: 1.1443  s1.loss_cls: 0.3994  s1.pos_acc: 71.8750  s1.loss_bbox: 0.7009  s1.loss_iou: 1.1811
2026/03/27 13:58:33 - mmengine - INFO - Epoch(train)  [9][ 8750/10002]  lr: 2.5000e-05  eta: 1 day, 4:35:38  time: 0.7336  data_time: 0.0034  memory: 7329  grad_norm: 72.3659  loss: 8.0726  rpn_s.0.loss_cls: 0.6227  rpn_s.0.loss_bbox: 0.1118  rpn_s.0.loss_giou: 0.7979  rpn_s.1.loss_cls: 0.4345  rpn_s.1.loss_bbox: 0.0514  rpn_s.1.loss_giou: 0.3989  rpn_s.2.loss_cls: 0.3587  rpn_s.2.loss_bbox: 0.0432  rpn_s.2.loss_giou: 0.3404  rpn_s.3.loss_cls: 0.3177  rpn_s.3.loss_bbox: 0.0415  rpn_s.3.loss_giou: 0.3291  s0.loss_cls: 0.3564  s0.pos_acc: 88.4615  s0.loss_bbox: 0.6206  s0.loss_iou: 1.0942  s1.loss_cls: 0.3743  s1.pos_acc: 96.1538  s1.loss_bbox: 0.6536  s1.loss_iou: 1.1257
2026/03/27 13:59:11 - mmengine - INFO - Epoch(train)  [9][ 8800/10002]  lr: 2.5000e-05  eta: 1 day, 4:38:11  time: 0.7445  data_time: 0.0034  memory: 7329  grad_norm: 84.8166  loss: 8.1484  rpn_s.0.loss_cls: 0.6134  rpn_s.0.loss_bbox: 0.1122  rpn_s.0.loss_giou: 0.8234  rpn_s.1.loss_cls: 0.4404  rpn_s.1.loss_bbox: 0.0476  rpn_s.1.loss_giou: 0.3979  rpn_s.2.loss_cls: 0.3585  rpn_s.2.loss_bbox: 0.0402  rpn_s.2.loss_giou: 0.3393  rpn_s.3.loss_cls: 0.3226  rpn_s.3.loss_bbox: 0.0376  rpn_s.3.loss_giou: 0.3222  s0.loss_cls: 0.3606  s0.pos_acc: 75.0000  s0.loss_bbox: 0.6206  s0.loss_iou: 1.1158  s1.loss_cls: 0.3693  s1.pos_acc: 64.2857  s1.loss_bbox: 0.6548  s1.loss_iou: 1.1718
2026/03/27 13:59:48 - mmengine - INFO - Epoch(train)  [9][ 8850/10002]  lr: 2.5000e-05  eta: 1 day, 4:40:56  time: 0.7571  data_time: 0.0033  memory: 7330  grad_norm: 71.2896  loss: 8.3896  rpn_s.0.loss_cls: 0.6419  rpn_s.0.loss_bbox: 0.1086  rpn_s.0.loss_giou: 0.8263  rpn_s.1.loss_cls: 0.4522  rpn_s.1.loss_bbox: 0.0476  rpn_s.1.loss_giou: 0.4115  rpn_s.2.loss_cls: 0.3814  rpn_s.2.loss_bbox: 0.0404  rpn_s.2.loss_giou: 0.3563  rpn_s.3.loss_cls: 0.3390  rpn_s.3.loss_bbox: 0.0374  rpn_s.3.loss_giou: 0.3391  s0.loss_cls: 0.3768  s0.pos_acc: 87.5000  s0.loss_bbox: 0.6258  s0.loss_iou: 1.1389  s1.loss_cls: 0.3953  s1.pos_acc: 75.0000  s1.loss_bbox: 0.7008  s1.loss_iou: 1.1705
2026/03/27 14:00:25 - mmengine - INFO - Epoch(train)  [9][ 8900/10002]  lr: 2.5000e-05  eta: 1 day, 4:43:05  time: 0.7251  data_time: 0.0034  memory: 7329  grad_norm: 84.8927  loss: 8.4064  rpn_s.0.loss_cls: 0.6548  rpn_s.0.loss_bbox: 0.1010  rpn_s.0.loss_giou: 0.8321  rpn_s.1.loss_cls: 0.4613  rpn_s.1.loss_bbox: 0.0413  rpn_s.1.loss_giou: 0.4079  rpn_s.2.loss_cls: 0.3883  rpn_s.2.loss_bbox: 0.0355  rpn_s.2.loss_giou: 0.3594  rpn_s.3.loss_cls: 0.3441  rpn_s.3.loss_bbox: 0.0341  rpn_s.3.loss_giou: 0.3451  s0.loss_cls: 0.3972  s0.pos_acc: 60.8696  s0.loss_bbox: 0.6229  s0.loss_iou: 1.1239  s1.loss_cls: 0.3923  s1.pos_acc: 48.3696  s1.loss_bbox: 0.6625  s1.loss_iou: 1.2027
2026/03/27 14:01:00 - mmengine - INFO - Epoch(train)  [9][ 8950/10002]  lr: 2.5000e-05  eta: 1 day, 4:44:59  time: 0.7116  data_time: 0.0034  memory: 7329  grad_norm: 75.6954  loss: 8.2819  rpn_s.0.loss_cls: 0.6402  rpn_s.0.loss_bbox: 0.1061  rpn_s.0.loss_giou: 0.7792  rpn_s.1.loss_cls: 0.4526  rpn_s.1.loss_bbox: 0.0468  rpn_s.1.loss_giou: 0.3999  rpn_s.2.loss_cls: 0.3931  rpn_s.2.loss_bbox: 0.0396  rpn_s.2.loss_giou: 0.3496  rpn_s.3.loss_cls: 0.3445  rpn_s.3.loss_bbox: 0.0369  rpn_s.3.loss_giou: 0.3322  s0.loss_cls: 0.3798  s0.pos_acc: 62.5000  s0.loss_bbox: 0.6325  s0.loss_iou: 1.0971  s1.loss_cls: 0.3872  s1.pos_acc: 58.3333  s1.loss_bbox: 0.7167  s1.loss_iou: 1.1478
2026/03/27 14:01:29 - mmengine - INFO - Exp name: GSDet_r50_b900_h2h4_h2r1_r2r1_2x_fair1m1.0_20260327_123453
2026/03/27 14:01:36 - mmengine - INFO - Epoch(train)  [9][ 9000/10002]  lr: 2.5000e-05  eta: 1 day, 4:47:00  time: 0.7203  data_time: 0.0034  memory: 7329  grad_norm: 67.6374  loss: 8.1370  rpn_s.0.loss_cls: 0.6190  rpn_s.0.loss_bbox: 0.1146  rpn_s.0.loss_giou: 0.7780  rpn_s.1.loss_cls: 0.4452  rpn_s.1.loss_bbox: 0.0533  rpn_s.1.loss_giou: 0.4019  rpn_s.2.loss_cls: 0.3766  rpn_s.2.loss_bbox: 0.0443  rpn_s.2.loss_giou: 0.3440  rpn_s.3.loss_cls: 0.3288  rpn_s.3.loss_bbox: 0.0421  rpn_s.3.loss_giou: 0.3279  s0.loss_cls: 0.3730  s0.pos_acc: 72.0588  s0.loss_bbox: 0.6106  s0.loss_iou: 1.1098  s1.loss_cls: 0.3817  s1.pos_acc: 73.5294  s1.loss_bbox: 0.6402  s1.loss_iou: 1.1461
2026/03/27 14:02:15 - mmengine - INFO - Epoch(train)  [9][ 9050/10002]  lr: 2.5000e-05  eta: 1 day, 4:49:50  time: 0.7706  data_time: 0.0035  memory: 7330  grad_norm: 70.3181  loss: 8.4520  rpn_s.0.loss_cls: 0.6525  rpn_s.0.loss_bbox: 0.1073  rpn_s.0.loss_giou: 0.8541  rpn_s.1.loss_cls: 0.4467  rpn_s.1.loss_bbox: 0.0456  rpn_s.1.loss_giou: 0.4193  rpn_s.2.loss_cls: 0.3765  rpn_s.2.loss_bbox: 0.0372  rpn_s.2.loss_giou: 0.3563  rpn_s.3.loss_cls: 0.3377  rpn_s.3.loss_bbox: 0.0352  rpn_s.3.loss_giou: 0.3390  s0.loss_cls: 0.3823  s0.pos_acc: 76.4706  s0.loss_bbox: 0.6253  s0.loss_iou: 1.1622  s1.loss_cls: 0.3841  s1.pos_acc: 80.3922  s1.loss_bbox: 0.6656  s1.loss_iou: 1.2252
2026/03/27 14:02:53 - mmengine - INFO - Epoch(train)  [9][ 9100/10002]  lr: 2.5000e-05  eta: 1 day, 4:52:31  time: 0.7643  data_time: 0.0034  memory: 7330  grad_norm: 77.0414  loss: 9.0705  rpn_s.0.loss_cls: 0.6395  rpn_s.0.loss_bbox: 0.1197  rpn_s.0.loss_giou: 0.9261  rpn_s.1.loss_cls: 0.4413  rpn_s.1.loss_bbox: 0.0493  rpn_s.1.loss_giou: 0.4465  rpn_s.2.loss_cls: 0.3779  rpn_s.2.loss_bbox: 0.0416  rpn_s.2.loss_giou: 0.3874  rpn_s.3.loss_cls: 0.3411  rpn_s.3.loss_bbox: 0.0386  rpn_s.3.loss_giou: 0.3701  s0.loss_cls: 0.3904  s0.pos_acc: 80.0000  s0.loss_bbox: 0.6047  s0.loss_iou: 1.2624  s1.loss_cls: 0.4464  s1.pos_acc: 75.0000  s1.loss_bbox: 0.6362  s1.loss_iou: 1.5515
2026/03/27 14:03:29 - mmengine - INFO - Epoch(train)  [9][ 9150/10002]  lr: 2.5000e-05  eta: 1 day, 4:54:30  time: 0.7244  data_time: 0.0034  memory: 7329  grad_norm: 71.6462  loss: 8.5191  rpn_s.0.loss_cls: 0.6349  rpn_s.0.loss_bbox: 0.1102  rpn_s.0.loss_giou: 0.8223  rpn_s.1.loss_cls: 0.4304  rpn_s.1.loss_bbox: 0.0496  rpn_s.1.loss_giou: 0.4108  rpn_s.2.loss_cls: 0.3560  rpn_s.2.loss_bbox: 0.0421  rpn_s.2.loss_giou: 0.3591  rpn_s.3.loss_cls: 0.3210  rpn_s.3.loss_bbox: 0.0390  rpn_s.3.loss_giou: 0.3371  s0.loss_cls: 0.3608  s0.pos_acc: 100.0000  s0.loss_bbox: 0.6082  s0.loss_iou: 1.1720  s1.loss_cls: 0.4024  s1.pos_acc: 100.0000  s1.loss_bbox: 0.6460  s1.loss_iou: 1.4172
2026/03/27 14:04:05 - mmengine - INFO - Epoch(train)  [9][ 9200/10002]  lr: 2.5000e-05  eta: 1 day, 4:56:22  time: 0.7182  data_time: 0.0035  memory: 7329  grad_norm: 84.7987  loss: 8.6656  rpn_s.0.loss_cls: 0.6493  rpn_s.0.loss_bbox: 0.1123  rpn_s.0.loss_giou: 0.8164  rpn_s.1.loss_cls: 0.4450  rpn_s.1.loss_bbox: 0.0509  rpn_s.1.loss_giou: 0.4110  rpn_s.2.loss_cls: 0.3958  rpn_s.2.loss_bbox: 0.0433  rpn_s.2.loss_giou: 0.3511  rpn_s.3.loss_cls: 0.3475  rpn_s.3.loss_bbox: 0.0401  rpn_s.3.loss_giou: 0.3333  s0.loss_cls: 0.4015  s0.pos_acc: 66.6667  s0.loss_bbox: 0.6189  s0.loss_iou: 1.1966  s1.loss_cls: 0.4390  s1.pos_acc: 100.0000  s1.loss_bbox: 0.6077  s1.loss_iou: 1.4059
2026/03/27 14:04:42 - mmengine - INFO - Epoch(train)  [9][ 9250/10002]  lr: 2.5000e-05  eta: 1 day, 4:58:26  time: 0.7329  data_time: 0.0034  memory: 7330  grad_norm: 81.4545  loss: 8.7731  rpn_s.0.loss_cls: 0.6566  rpn_s.0.loss_bbox: 0.1091  rpn_s.0.loss_giou: 0.8218  rpn_s.1.loss_cls: 0.4839  rpn_s.1.loss_bbox: 0.0449  rpn_s.1.loss_giou: 0.4134  rpn_s.2.loss_cls: 0.4009  rpn_s.2.loss_bbox: 0.0404  rpn_s.2.loss_giou: 0.3604  rpn_s.3.loss_cls: 0.3612  rpn_s.3.loss_bbox: 0.0366  rpn_s.3.loss_giou: 0.3482  s0.loss_cls: 0.4118  s0.pos_acc: 72.8395  s0.loss_bbox: 0.6537  s0.loss_iou: 1.1875  s1.loss_cls: 0.4363  s1.pos_acc: 73.0453  s1.loss_bbox: 0.6839  s1.loss_iou: 1.3225
2026/03/27 14:05:18 - mmengine - INFO - Epoch(train)  [9][ 9300/10002]  lr: 2.5000e-05  eta: 1 day, 5:00:21  time: 0.7251  data_time: 0.0034  memory: 7329  grad_norm: 75.8525  loss: 8.4353  rpn_s.0.loss_cls: 0.6228  rpn_s.0.loss_bbox: 0.1131  rpn_s.0.loss_giou: 0.7515  rpn_s.1.loss_cls: 0.4500  rpn_s.1.loss_bbox: 0.0559  rpn_s.1.loss_giou: 0.4018  rpn_s.2.loss_cls: 0.3808  rpn_s.2.loss_bbox: 0.0485  rpn_s.2.loss_giou: 0.3513  rpn_s.3.loss_cls: 0.3373  rpn_s.3.loss_bbox: 0.0453  rpn_s.3.loss_giou: 0.3385  s0.loss_cls: 0.3860  s0.pos_acc: 92.0000  s0.loss_bbox: 0.6202  s0.loss_iou: 1.1924  s1.loss_cls: 0.4286  s1.pos_acc: 96.0000  s1.loss_bbox: 0.6212  s1.loss_iou: 1.2900
2026/03/27 14:05:55 - mmengine - INFO - Epoch(train)  [9][ 9350/10002]  lr: 2.5000e-05  eta: 1 day, 5:02:20  time: 0.7300  data_time: 0.0034  memory: 7330  grad_norm: 79.8683  loss: 8.1211  rpn_s.0.loss_cls: 0.6083  rpn_s.0.loss_bbox: 0.1071  rpn_s.0.loss_giou: 0.7795  rpn_s.1.loss_cls: 0.4080  rpn_s.1.loss_bbox: 0.0508  rpn_s.1.loss_giou: 0.4092  rpn_s.2.loss_cls: 0.3446  rpn_s.2.loss_bbox: 0.0422  rpn_s.2.loss_giou: 0.3557  rpn_s.3.loss_cls: 0.3028  rpn_s.3.loss_bbox: 0.0395  rpn_s.3.loss_giou: 0.3393  s0.loss_cls: 0.3635  s0.pos_acc: 54.5455  s0.loss_bbox: 0.5885  s0.loss_iou: 1.1876  s1.loss_cls: 0.3979  s1.pos_acc: 72.7273  s1.loss_bbox: 0.5790  s1.loss_iou: 1.2174
2026/03/27 14:06:31 - mmengine - INFO - Epoch(train)  [9][ 9400/10002]  lr: 2.5000e-05  eta: 1 day, 5:04:18  time: 0.7321  data_time: 0.0035  memory: 7329  grad_norm: 72.5690  loss: 8.8566  rpn_s.0.loss_cls: 0.6614  rpn_s.0.loss_bbox: 0.1060  rpn_s.0.loss_giou: 0.9012  rpn_s.1.loss_cls: 0.4543  rpn_s.1.loss_bbox: 0.0433  rpn_s.1.loss_giou: 0.4463  rpn_s.2.loss_cls: 0.3811  rpn_s.2.loss_bbox: 0.0354  rpn_s.2.loss_giou: 0.3809  rpn_s.3.loss_cls: 0.3436  rpn_s.3.loss_bbox: 0.0332  rpn_s.3.loss_giou: 0.3650  s0.loss_cls: 0.3884  s0.pos_acc: 74.3243  s0.loss_bbox: 0.6192  s0.loss_iou: 1.2558  s1.loss_cls: 0.4292  s1.pos_acc: 81.0811  s1.loss_bbox: 0.6102  s1.loss_iou: 1.4020
2026/03/27 14:07:08 - mmengine - INFO - Epoch(train)  [9][ 9450/10002]  lr: 2.5000e-05  eta: 1 day, 5:06:18  time: 0.7354  data_time: 0.0034  memory: 7330  grad_norm: 76.5542  loss: 8.3849  rpn_s.0.loss_cls: 0.6206  rpn_s.0.loss_bbox: 0.1147  rpn_s.0.loss_giou: 0.8411  rpn_s.1.loss_cls: 0.4376  rpn_s.1.loss_bbox: 0.0491  rpn_s.1.loss_giou: 0.4155  rpn_s.2.loss_cls: 0.3634  rpn_s.2.loss_bbox: 0.0414  rpn_s.2.loss_giou: 0.3526  rpn_s.3.loss_cls: 0.3257  rpn_s.3.loss_bbox: 0.0386  rpn_s.3.loss_giou: 0.3394  s0.loss_cls: 0.3529  s0.pos_acc: 100.0000  s0.loss_bbox: 0.6437  s0.loss_iou: 1.1290  s1.loss_cls: 0.4006  s1.pos_acc: 100.0000  s1.loss_bbox: 0.6593  s1.loss_iou: 1.2595
2026/03/27 14:07:44 - mmengine - INFO - Epoch(train)  [9][ 9500/10002]  lr: 2.5000e-05  eta: 1 day, 5:07:54  time: 0.7117  data_time: 0.0034  memory: 7330  grad_norm: 83.1525  loss: 8.3019  rpn_s.0.loss_cls: 0.6235  rpn_s.0.loss_bbox: 0.1002  rpn_s.0.loss_giou: 0.7365  rpn_s.1.loss_cls: 0.4609  rpn_s.1.loss_bbox: 0.0493  rpn_s.1.loss_giou: 0.3949  rpn_s.2.loss_cls: 0.3921  rpn_s.2.loss_bbox: 0.0428  rpn_s.2.loss_giou: 0.3407  rpn_s.3.loss_cls: 0.3459  rpn_s.3.loss_bbox: 0.0405  rpn_s.3.loss_giou: 0.3257  s0.loss_cls: 0.4048  s0.pos_acc: 100.0000  s0.loss_bbox: 0.6510  s0.loss_iou: 1.1045  s1.loss_cls: 0.4373  s1.pos_acc: 93.3333  s1.loss_bbox: 0.6612  s1.loss_iou: 1.1903
2026/03/27 14:08:21 - mmengine - INFO - Epoch(train)  [9][ 9550/10002]  lr: 2.5000e-05  eta: 1 day, 5:09:54  time: 0.7383  data_time: 0.0034  memory: 7329  grad_norm: 73.2576  loss: 8.9956  rpn_s.0.loss_cls: 0.6621  rpn_s.0.loss_bbox: 0.1153  rpn_s.0.loss_giou: 0.8707  rpn_s.1.loss_cls: 0.4670  rpn_s.1.loss_bbox: 0.0513  rpn_s.1.loss_giou: 0.4447  rpn_s.2.loss_cls: 0.3953  rpn_s.2.loss_bbox: 0.0407  rpn_s.2.loss_giou: 0.3776  rpn_s.3.loss_cls: 0.3602  rpn_s.3.loss_bbox: 0.0379  rpn_s.3.loss_giou: 0.3524  s0.loss_cls: 0.4207  s0.pos_acc: 56.2500  s0.loss_bbox: 0.6900  s0.loss_iou: 1.2523  s1.loss_cls: 0.4403  s1.pos_acc: 56.2500  s1.loss_bbox: 0.6779  s1.loss_iou: 1.3390
2026/03/27 14:08:59 - mmengine - INFO - Epoch(train)  [9][ 9600/10002]  lr: 2.5000e-05  eta: 1 day, 5:12:18  time: 0.7657  data_time: 0.0034  memory: 7330  grad_norm: 74.5775  loss: 8.5105  rpn_s.0.loss_cls: 0.6077  rpn_s.0.loss_bbox: 0.1160  rpn_s.0.loss_giou: 0.8346  rpn_s.1.loss_cls: 0.4289  rpn_s.1.loss_bbox: 0.0487  rpn_s.1.loss_giou: 0.4118  rpn_s.2.loss_cls: 0.3635  rpn_s.2.loss_bbox: 0.0400  rpn_s.2.loss_giou: 0.3465  rpn_s.3.loss_cls: 0.3321  rpn_s.3.loss_bbox: 0.0375  rpn_s.3.loss_giou: 0.3343  s0.loss_cls: 0.3700  s0.pos_acc: 72.1649  s0.loss_bbox: 0.6802  s0.loss_iou: 1.1627  s1.loss_cls: 0.4111  s1.pos_acc: 50.5155  s1.loss_bbox: 0.6907  s1.loss_iou: 1.2942
2026/03/27 14:09:35 - mmengine - INFO - Epoch(train)  [9][ 9650/10002]  lr: 2.5000e-05  eta: 1 day, 5:13:51  time: 0.7132  data_time: 0.0034  memory: 7329  grad_norm: 80.4778  loss: 8.6613  rpn_s.0.loss_cls: 0.6653  rpn_s.0.loss_bbox: 0.1052  rpn_s.0.loss_giou: 0.8209  rpn_s.1.loss_cls: 0.4826  rpn_s.1.loss_bbox: 0.0473  rpn_s.1.loss_giou: 0.4268  rpn_s.2.loss_cls: 0.4071  rpn_s.2.loss_bbox: 0.0405  rpn_s.2.loss_giou: 0.3788  rpn_s.3.loss_cls: 0.3669  rpn_s.3.loss_bbox: 0.0383  rpn_s.3.loss_giou: 0.3618  s0.loss_cls: 0.4227  s0.pos_acc: 62.5000  s0.loss_bbox: 0.5617  s0.loss_iou: 1.2007  s1.loss_cls: 0.4683  s1.pos_acc: 56.2500  s1.loss_bbox: 0.5924  s1.loss_iou: 1.2739
2026/03/27 14:10:13 - mmengine - INFO - Epoch(train)  [9][ 9700/10002]  lr: 2.5000e-05  eta: 1 day, 5:16:08  time: 0.7623  data_time: 0.0034  memory: 7330  grad_norm: 79.7752  loss: 8.1741  rpn_s.0.loss_cls: 0.5929  rpn_s.0.loss_bbox: 0.1109  rpn_s.0.loss_giou: 0.8311  rpn_s.1.loss_cls: 0.4198  rpn_s.1.loss_bbox: 0.0509  rpn_s.1.loss_giou: 0.4166  rpn_s.2.loss_cls: 0.3554  rpn_s.2.loss_bbox: 0.0437  rpn_s.2.loss_giou: 0.3583  rpn_s.3.loss_cls: 0.3193  rpn_s.3.loss_bbox: 0.0411  rpn_s.3.loss_giou: 0.3440  s0.loss_cls: 0.3595  s0.pos_acc: 100.0000  s0.loss_bbox: 0.6005  s0.loss_iou: 1.1518  s1.loss_cls: 0.3855  s1.pos_acc: 100.0000  s1.loss_bbox: 0.5763  s1.loss_iou: 1.2163
2026/03/27 14:10:51 - mmengine - INFO - Epoch(train)  [9][ 9750/10002]  lr: 2.5000e-05  eta: 1 day, 5:18:19  time: 0.7575  data_time: 0.0034  memory: 7329  grad_norm: 77.3301  loss: 8.7237  rpn_s.0.loss_cls: 0.6098  rpn_s.0.loss_bbox: 0.1156  rpn_s.0.loss_giou: 0.8372  rpn_s.1.loss_cls: 0.4301  rpn_s.1.loss_bbox: 0.0509  rpn_s.1.loss_giou: 0.4354  rpn_s.2.loss_cls: 0.3701  rpn_s.2.loss_bbox: 0.0430  rpn_s.2.loss_giou: 0.3797  rpn_s.3.loss_cls: 0.3367  rpn_s.3.loss_bbox: 0.0409  rpn_s.3.loss_giou: 0.3611  s0.loss_cls: 0.3779  s0.pos_acc: 75.0000  s0.loss_bbox: 0.6552  s0.loss_iou: 1.2910  s1.loss_cls: 0.3946  s1.pos_acc: 75.0000  s1.loss_bbox: 0.6763  s1.loss_iou: 1.3182
2026/03/27 14:11:30 - mmengine - INFO - Epoch(train)  [9][ 9800/10002]  lr: 2.5000e-05  eta: 1 day, 5:20:49  time: 0.7805  data_time: 0.0034  memory: 7329  grad_norm: 80.1726  loss: 9.0109  rpn_s.0.loss_cls: 0.6550  rpn_s.0.loss_bbox: 0.1125  rpn_s.0.loss_giou: 0.9324  rpn_s.1.loss_cls: 0.4511  rpn_s.1.loss_bbox: 0.0462  rpn_s.1.loss_giou: 0.4651  rpn_s.2.loss_cls: 0.3842  rpn_s.2.loss_bbox: 0.0385  rpn_s.2.loss_giou: 0.3994  rpn_s.3.loss_cls: 0.3444  rpn_s.3.loss_bbox: 0.0355  rpn_s.3.loss_giou: 0.3809  s0.loss_cls: 0.3788  s0.pos_acc: 62.5000  s0.loss_bbox: 0.5988  s0.loss_iou: 1.3070  s1.loss_cls: 0.4406  s1.pos_acc: 52.0833  s1.loss_bbox: 0.6309  s1.loss_iou: 1.4096
2026/03/27 14:12:07 - mmengine - INFO - Epoch(train)  [9][ 9850/10002]  lr: 2.5000e-05  eta: 1 day, 5:22:56  time: 0.7571  data_time: 0.0034  memory: 7330  grad_norm: 74.7940  loss: 8.3978  rpn_s.0.loss_cls: 0.6379  rpn_s.0.loss_bbox: 0.1119  rpn_s.0.loss_giou: 0.8645  rpn_s.1.loss_cls: 0.4370  rpn_s.1.loss_bbox: 0.0448  rpn_s.1.loss_giou: 0.4161  rpn_s.2.loss_cls: 0.3639  rpn_s.2.loss_bbox: 0.0370  rpn_s.2.loss_giou: 0.3577  rpn_s.3.loss_cls: 0.3337  rpn_s.3.loss_bbox: 0.0347  rpn_s.3.loss_giou: 0.3423  s0.loss_cls: 0.3646  s0.pos_acc: 50.0000  s0.loss_bbox: 0.5939  s0.loss_iou: 1.1963  s1.loss_cls: 0.3917  s1.pos_acc: 44.4444  s1.loss_bbox: 0.5854  s1.loss_iou: 1.2844
2026/03/27 14:12:45 - mmengine - INFO - Epoch(train)  [9][ 9900/10002]  lr: 2.5000e-05  eta: 1 day, 5:24:49  time: 0.7432  data_time: 0.0034  memory: 7330  grad_norm: 78.1520  loss: 8.7222  rpn_s.0.loss_cls: 0.6787  rpn_s.0.loss_bbox: 0.1133  rpn_s.0.loss_giou: 0.8355  rpn_s.1.loss_cls: 0.4660  rpn_s.1.loss_bbox: 0.0482  rpn_s.1.loss_giou: 0.4147  rpn_s.2.loss_cls: 0.3941  rpn_s.2.loss_bbox: 0.0408  rpn_s.2.loss_giou: 0.3578  rpn_s.3.loss_cls: 0.3537  rpn_s.3.loss_bbox: 0.0389  rpn_s.3.loss_giou: 0.3363  s0.loss_cls: 0.3845  s0.pos_acc: 66.6667  s0.loss_bbox: 0.7169  s0.loss_iou: 1.1232  s1.loss_cls: 0.4356  s1.pos_acc: 91.6667  s1.loss_bbox: 0.7457  s1.loss_iou: 1.2383
2026/03/27 14:13:23 - mmengine - INFO - Epoch(train)  [9][ 9950/10002]  lr: 2.5000e-05  eta: 1 day, 5:26:59  time: 0.7640  data_time: 0.0034  memory: 7330  grad_norm: 72.3621  loss: 8.5927  rpn_s.0.loss_cls: 0.6122  rpn_s.0.loss_bbox: 0.1129  rpn_s.0.loss_giou: 0.8377  rpn_s.1.loss_cls: 0.4344  rpn_s.1.loss_bbox: 0.0478  rpn_s.1.loss_giou: 0.4142  rpn_s.2.loss_cls: 0.3634  rpn_s.2.loss_bbox: 0.0401  rpn_s.2.loss_giou: 0.3578  rpn_s.3.loss_cls: 0.3288  rpn_s.3.loss_bbox: 0.0372  rpn_s.3.loss_giou: 0.3426  s0.loss_cls: 0.3749  s0.pos_acc: 71.4286  s0.loss_bbox: 0.6888  s0.loss_iou: 1.1757  s1.loss_cls: 0.4118  s1.pos_acc: 71.4286  s1.loss_bbox: 0.7630  s1.loss_iou: 1.2495
2026/03/27 14:13:53 - mmengine - INFO - Exp name: GSDet_r50_b900_h2h4_h2r1_r2r1_2x_fair1m1.0_20260327_123453
2026/03/27 14:14:01 - mmengine - INFO - Epoch(train)  [9][10000/10002]  lr: 2.5000e-05  eta: 1 day, 5:29:12  time: 0.7692  data_time: 0.0034  memory: 7330  grad_norm: 87.9832  loss: 8.5269  rpn_s.0.loss_cls: 0.6417  rpn_s.0.loss_bbox: 0.1089  rpn_s.0.loss_giou: 0.8455  rpn_s.1.loss_cls: 0.4328  rpn_s.1.loss_bbox: 0.0465  rpn_s.1.loss_giou: 0.4158  rpn_s.2.loss_cls: 0.3631  rpn_s.2.loss_bbox: 0.0401  rpn_s.2.loss_giou: 0.3559  rpn_s.3.loss_cls: 0.3227  rpn_s.3.loss_bbox: 0.0380  rpn_s.3.loss_giou: 0.3392  s0.loss_cls: 0.3617  s0.pos_acc: 100.0000  s0.loss_bbox: 0.6227  s0.loss_iou: 1.1985  s1.loss_cls: 0.4230  s1.pos_acc: 100.0000  s1.loss_bbox: 0.6688  s1.loss_iou: 1.3020
2026/03/27 14:14:03 - mmengine - INFO - Exp name: GSDet_r50_b900_h2h4_h2r1_r2r1_2x_fair1m1.0_20260327_123453
2026/03/27 14:14:03 - mmengine - INFO - Saving checkpoint at 9 epochs
2026/03/27 14:14:42 - mmengine - INFO - Epoch(train) [10][   50/10002]  lr: 2.5000e-05  eta: 1 day, 5:30:50  time: 0.7118  data_time: 0.0055  memory: 7329  grad_norm: 79.1763  loss: 8.0436  rpn_s.0.loss_cls: 0.6163  rpn_s.0.loss_bbox: 0.1168  rpn_s.0.loss_giou: 0.7736  rpn_s.1.loss_cls: 0.4265  rpn_s.1.loss_bbox: 0.0512  rpn_s.1.loss_giou: 0.3886  rpn_s.2.loss_cls: 0.3610  rpn_s.2.loss_bbox: 0.0432  rpn_s.2.loss_giou: 0.3304  rpn_s.3.loss_cls: 0.3167  rpn_s.3.loss_bbox: 0.0409  rpn_s.3.loss_giou: 0.3135  s0.loss_cls: 0.3566  s0.pos_acc: 50.0000  s0.loss_bbox: 0.6339  s0.loss_iou: 1.0885  s1.loss_cls: 0.3839  s1.pos_acc: 65.0000  s1.loss_bbox: 0.6799  s1.loss_iou: 1.1219
2026/03/27 14:15:20 - mmengine - INFO - Epoch(train) [10][  100/10002]  lr: 2.5000e-05  eta: 1 day, 5:33:00  time: 0.7695  data_time: 0.0035  memory: 7329  grad_norm: 83.4193  loss: 8.9553  rpn_s.0.loss_cls: 0.6285  rpn_s.0.loss_bbox: 0.1194  rpn_s.0.loss_giou: 0.9358  rpn_s.1.loss_cls: 0.4406  rpn_s.1.loss_bbox: 0.0519  rpn_s.1.loss_giou: 0.4596  rpn_s.2.loss_cls: 0.4005  rpn_s.2.loss_bbox: 0.0431  rpn_s.2.loss_giou: 0.3888  rpn_s.3.loss_cls: 0.3565  rpn_s.3.loss_bbox: 0.0396  rpn_s.3.loss_giou: 0.3663  s0.loss_cls: 0.3949  s0.pos_acc: 80.0000  s0.loss_bbox: 0.5580  s0.loss_iou: 1.2869  s1.loss_cls: 0.4360  s1.pos_acc: 76.6667  s1.loss_bbox: 0.6658  s1.loss_iou: 1.3830
2026/03/27 14:15:56 - mmengine - INFO - Epoch(train) [10][  150/10002]  lr: 2.5000e-05  eta: 1 day, 5:34:24  time: 0.7201  data_time: 0.0035  memory: 7330  grad_norm: 83.2215  loss: 8.7288  rpn_s.0.loss_cls: 0.6522  rpn_s.0.loss_bbox: 0.1232  rpn_s.0.loss_giou: 0.8413  rpn_s.1.loss_cls: 0.4531  rpn_s.1.loss_bbox: 0.0567  rpn_s.1.loss_giou: 0.4159  rpn_s.2.loss_cls: 0.3914  rpn_s.2.loss_bbox: 0.0496  rpn_s.2.loss_giou: 0.3604  rpn_s.3.loss_cls: 0.3550  rpn_s.3.loss_bbox: 0.0468  rpn_s.3.loss_giou: 0.3414  s0.loss_cls: 0.3960  s0.pos_acc: 65.9794  s0.loss_bbox: 0.6658  s0.loss_iou: 1.1578  s1.loss_cls: 0.4461  s1.pos_acc: 64.4330  s1.loss_bbox: 0.6985  s1.loss_iou: 1.2776
2026/03/27 14:16:32 - mmengine - INFO - Epoch(train) [10][  200/10002]  lr: 2.5000e-05  eta: 1 day, 5:35:50  time: 0.7220  data_time: 0.0035  memory: 7329  grad_norm: 83.0446  loss: 8.2162  rpn_s.0.loss_cls: 0.6159  rpn_s.0.loss_bbox: 0.1183  rpn_s.0.loss_giou: 0.7794  rpn_s.1.loss_cls: 0.4311  rpn_s.1.loss_bbox: 0.0532  rpn_s.1.loss_giou: 0.3985  rpn_s.2.loss_cls: 0.3620  rpn_s.2.loss_bbox: 0.0456  rpn_s.2.loss_giou: 0.3460  rpn_s.3.loss_cls: 0.3133  rpn_s.3.loss_bbox: 0.0412  rpn_s.3.loss_giou: 0.3211  s0.loss_cls: 0.3437  s0.pos_acc: 90.9091  s0.loss_bbox: 0.6689  s0.loss_iou: 1.1069  s1.loss_cls: 0.3749  s1.pos_acc: 90.9091  s1.loss_bbox: 0.7174  s1.loss_iou: 1.1790
2026/03/27 14:17:10 - mmengine - INFO - Epoch(train) [10][  250/10002]  lr: 2.5000e-05  eta: 1 day, 5:37:35  time: 0.7465  data_time: 0.0035  memory: 7330  grad_norm: 78.5704  loss: 8.8521  rpn_s.0.loss_cls: 0.6518  rpn_s.0.loss_bbox: 0.1143  rpn_s.0.loss_giou: 0.8813  rpn_s.1.loss_cls: 0.4608  rpn_s.1.loss_bbox: 0.0502  rpn_s.1.loss_giou: 0.4399  rpn_s.2.loss_cls: 0.3876  rpn_s.2.loss_bbox: 0.0431  rpn_s.2.loss_giou: 0.3831  rpn_s.3.loss_cls: 0.3439  rpn_s.3.loss_bbox: 0.0399  rpn_s.3.loss_giou: 0.3683  s0.loss_cls: 0.3734  s0.pos_acc: 80.0000  s0.loss_bbox: 0.6178  s0.loss_iou: 1.2828  s1.loss_cls: 0.4065  s1.pos_acc: 80.0000  s1.loss_bbox: 0.6599  s1.loss_iou: 1.3476
2026/03/27 14:17:46 - mmengine - INFO - Epoch(train) [10][  300/10002]  lr: 2.5000e-05  eta: 1 day, 5:38:59  time: 0.7239  data_time: 0.0034  memory: 7329  grad_norm: 77.6233  loss: 8.4017  rpn_s.0.loss_cls: 0.6203  rpn_s.0.loss_bbox: 0.1102  rpn_s.0.loss_giou: 0.8017  rpn_s.1.loss_cls: 0.4243  rpn_s.1.loss_bbox: 0.0518  rpn_s.1.loss_giou: 0.4197  rpn_s.2.loss_cls: 0.3536  rpn_s.2.loss_bbox: 0.0444  rpn_s.2.loss_giou: 0.3635  rpn_s.3.loss_cls: 0.3028  rpn_s.3.loss_bbox: 0.0405  rpn_s.3.loss_giou: 0.3488  s0.loss_cls: 0.3473  s0.pos_acc: 75.0000  s0.loss_bbox: 0.6929  s0.loss_iou: 1.1627  s1.loss_cls: 0.3847  s1.pos_acc: 70.8333  s1.loss_bbox: 0.7056  s1.loss_iou: 1.2270
2026/03/27 14:18:22 - mmengine - INFO - Epoch(train) [10][  350/10002]  lr: 2.5000e-05  eta: 1 day, 5:40:17  time: 0.7176  data_time: 0.0033  memory: 7330  grad_norm: 80.4759  loss: 8.2773  rpn_s.0.loss_cls: 0.6023  rpn_s.0.loss_bbox: 0.1193  rpn_s.0.loss_giou: 0.7579  rpn_s.1.loss_cls: 0.4354  rpn_s.1.loss_bbox: 0.0531  rpn_s.1.loss_giou: 0.3876  rpn_s.2.loss_cls: 0.3728  rpn_s.2.loss_bbox: 0.0436  rpn_s.2.loss_giou: 0.3289  rpn_s.3.loss_cls: 0.3380  rpn_s.3.loss_bbox: 0.0403  rpn_s.3.loss_giou: 0.3122  s0.loss_cls: 0.3929  s0.pos_acc: 76.9231  s0.loss_bbox: 0.7224  s0.loss_iou: 1.0454  s1.loss_cls: 0.4188  s1.pos_acc: 88.4615  s1.loss_bbox: 0.7694  s1.loss_iou: 1.1370
2026/03/27 14:18:48 - mmengine - INFO - Epoch(train) [10][  400/10002]  lr: 2.5000e-05  eta: 1 day, 5:38:54  time: 0.5326  data_time: 0.0033  memory: 7329  grad_norm: 79.9965  loss: 8.5785  rpn_s.0.loss_cls: 0.6391  rpn_s.0.loss_bbox: 0.1144  rpn_s.0.loss_giou: 0.8234  rpn_s.1.loss_cls: 0.4592  rpn_s.1.loss_bbox: 0.0514  rpn_s.1.loss_giou: 0.4057  rpn_s.2.loss_cls: 0.3861  rpn_s.2.loss_bbox: 0.0414  rpn_s.2.loss_giou: 0.3483  rpn_s.3.loss_cls: 0.3423  rpn_s.3.loss_bbox: 0.0392  rpn_s.3.loss_giou: 0.3348  s0.loss_cls: 0.4005  s0.pos_acc: 77.9070  s0.loss_bbox: 0.6243  s0.loss_iou: 1.1875  s1.loss_cls: 0.4372  s1.pos_acc: 74.4186  s1.loss_bbox: 0.6218  s1.loss_iou: 1.3220
2026/03/27 14:19:24 - mmengine - INFO - Epoch(train) [10][  450/10002]  lr: 2.5000e-05  eta: 1 day, 5:40:04  time: 0.7105  data_time: 0.0033  memory: 7329  grad_norm: 77.4857  loss: 8.0809  rpn_s.0.loss_cls: 0.6377  rpn_s.0.loss_bbox: 0.1124  rpn_s.0.loss_giou: 0.7859  rpn_s.1.loss_cls: 0.4516  rpn_s.1.loss_bbox: 0.0444  rpn_s.1.loss_giou: 0.3648  rpn_s.2.loss_cls: 0.3706  rpn_s.2.loss_bbox: 0.0356  rpn_s.2.loss_giou: 0.3071  rpn_s.3.loss_cls: 0.3202  rpn_s.3.loss_bbox: 0.0332  rpn_s.3.loss_giou: 0.2948  s0.loss_cls: 0.3620  s0.pos_acc: 80.0000  s0.loss_bbox: 0.6641  s0.loss_iou: 1.0335  s1.loss_cls: 0.3985  s1.pos_acc: 90.0000  s1.loss_bbox: 0.6768  s1.loss_iou: 1.1876
2026/03/27 14:20:01 - mmengine - INFO - Epoch(train) [10][  500/10002]  lr: 2.5000e-05  eta: 1 day, 5:41:47  time: 0.7500  data_time: 0.0033  memory: 7330  grad_norm: 67.4387  loss: 8.7301  rpn_s.0.loss_cls: 0.6355  rpn_s.0.loss_bbox: 0.1176  rpn_s.0.loss_giou: 0.8533  rpn_s.1.loss_cls: 0.4566  rpn_s.1.loss_bbox: 0.0487  rpn_s.1.loss_giou: 0.4215  rpn_s.2.loss_cls: 0.4022  rpn_s.2.loss_bbox: 0.0396  rpn_s.2.loss_giou: 0.3515  rpn_s.3.loss_cls: 0.3548  rpn_s.3.loss_bbox: 0.0358  rpn_s.3.loss_giou: 0.3315  s0.loss_cls: 0.4014  s0.pos_acc: 41.6667  s0.loss_bbox: 0.6835  s0.loss_iou: 1.1684  s1.loss_cls: 0.4439  s1.pos_acc: 62.5000  s1.loss_bbox: 0.6937  s1.loss_iou: 1.2908
2026/03/27 14:20:39 - mmengine - INFO - Epoch(train) [10][  550/10002]  lr: 2.5000e-05  eta: 1 day, 5:43:25  time: 0.7453  data_time: 0.0033  memory: 7330  grad_norm: 73.0212  loss: 8.4416  rpn_s.0.loss_cls: 0.6402  rpn_s.0.loss_bbox: 0.1136  rpn_s.0.loss_giou: 0.8339  rpn_s.1.loss_cls: 0.4452  rpn_s.1.loss_bbox: 0.0489  rpn_s.1.loss_giou: 0.4251  rpn_s.2.loss_cls: 0.3665  rpn_s.2.loss_bbox: 0.0425  rpn_s.2.loss_giou: 0.3695  rpn_s.3.loss_cls: 0.3258  rpn_s.3.loss_bbox: 0.0384  rpn_s.3.loss_giou: 0.3478  s0.loss_cls: 0.3699  s0.pos_acc: 67.5627  s0.loss_bbox: 0.5889  s0.loss_iou: 1.1622  s1.loss_cls: 0.4052  s1.pos_acc: 67.7419  s1.loss_bbox: 0.6193  s1.loss_iou: 1.2989
2026/03/27 14:21:16 - mmengine - INFO - Epoch(train) [10][  600/10002]  lr: 2.5000e-05  eta: 1 day, 5:44:56  time: 0.7395  data_time: 0.0033  memory: 7330  grad_norm: 75.7810  loss: 8.4616  rpn_s.0.loss_cls: 0.6181  rpn_s.0.loss_bbox: 0.1086  rpn_s.0.loss_giou: 0.7688  rpn_s.1.loss_cls: 0.4480  rpn_s.1.loss_bbox: 0.0487  rpn_s.1.loss_giou: 0.3939  rpn_s.2.loss_cls: 0.3851  rpn_s.2.loss_bbox: 0.0404  rpn_s.2.loss_giou: 0.3368  rpn_s.3.loss_cls: 0.3484  rpn_s.3.loss_bbox: 0.0374  rpn_s.3.loss_giou: 0.3201  s0.loss_cls: 0.3939  s0.pos_acc: 100.0000  s0.loss_bbox: 0.6860  s0.loss_iou: 1.1368  s1.loss_cls: 0.4265  s1.pos_acc: 100.0000  s1.loss_bbox: 0.6795  s1.loss_iou: 1.2844
2026/03/27 14:21:51 - mmengine - INFO - Epoch(train) [10][  650/10002]  lr: 2.5000e-05  eta: 1 day, 5:46:01  time: 0.7101  data_time: 0.0033  memory: 7329  grad_norm: 77.8417  loss: 8.7854  rpn_s.0.loss_cls: 0.6315  rpn_s.0.loss_bbox: 0.1130  rpn_s.0.loss_giou: 0.8164  rpn_s.1.loss_cls: 0.4405  rpn_s.1.loss_bbox: 0.0521  rpn_s.1.loss_giou: 0.4200  rpn_s.2.loss_cls: 0.3819  rpn_s.2.loss_bbox: 0.0450  rpn_s.2.loss_giou: 0.3701  rpn_s.3.loss_cls: 0.3539  rpn_s.3.loss_bbox: 0.0431  rpn_s.3.loss_giou: 0.3536  s0.loss_cls: 0.4088  s0.pos_acc: 89.4737  s0.loss_bbox: 0.6934  s0.loss_iou: 1.2002  s1.loss_cls: 0.4309  s1.pos_acc: 89.4737  s1.loss_bbox: 0.7146  s1.loss_iou: 1.3165
2026/03/27 14:22:28 - mmengine - INFO - Epoch(train) [10][  700/10002]  lr: 2.5000e-05  eta: 1 day, 5:47:25  time: 0.7331  data_time: 0.0034  memory: 7329  grad_norm: 71.8917  loss: 8.7437  rpn_s.0.loss_cls: 0.6579  rpn_s.0.loss_bbox: 0.1141  rpn_s.0.loss_giou: 0.8788  rpn_s.1.loss_cls: 0.4743  rpn_s.1.loss_bbox: 0.0471  rpn_s.1.loss_giou: 0.4249  rpn_s.2.loss_cls: 0.3978  rpn_s.2.loss_bbox: 0.0397  rpn_s.2.loss_giou: 0.3615  rpn_s.3.loss_cls: 0.3602  rpn_s.3.loss_bbox: 0.0352  rpn_s.3.loss_giou: 0.3383  s0.loss_cls: 0.3955  s0.pos_acc: 71.7391  s0.loss_bbox: 0.6354  s0.loss_iou: 1.1707  s1.loss_cls: 0.4323  s1.pos_acc: 73.9130  s1.loss_bbox: 0.6792  s1.loss_iou: 1.3008
2026/03/27 14:23:04 - mmengine - INFO - Epoch(train) [10][  750/10002]  lr: 2.5000e-05  eta: 1 day, 5:48:31  time: 0.7130  data_time: 0.0034  memory: 7330  grad_norm: 92.1624  loss: 7.9859  rpn_s.0.loss_cls: 0.6006  rpn_s.0.loss_bbox: 0.1148  rpn_s.0.loss_giou: 0.7482  rpn_s.1.loss_cls: 0.4374  rpn_s.1.loss_bbox: 0.0550  rpn_s.1.loss_giou: 0.3795  rpn_s.2.loss_cls: 0.3544  rpn_s.2.loss_bbox: 0.0493  rpn_s.2.loss_giou: 0.3320  rpn_s.3.loss_cls: 0.3089  rpn_s.3.loss_bbox: 0.0449  rpn_s.3.loss_giou: 0.3145  s0.loss_cls: 0.3442  s0.pos_acc: 100.0000  s0.loss_bbox: 0.6012  s0.loss_iou: 1.0649  s1.loss_cls: 0.3919  s1.pos_acc: 100.0000  s1.loss_bbox: 0.6727  s1.loss_iou: 1.1712
2026/03/27 14:23:43 - mmengine - INFO - Epoch(train) [10][  800/10002]  lr: 2.5000e-05  eta: 1 day, 5:50:35  time: 0.7835  data_time: 0.0034  memory: 7330  grad_norm: 83.5475  loss: 8.9531  rpn_s.0.loss_cls: 0.6494  rpn_s.0.loss_bbox: 0.1236  rpn_s.0.loss_giou: 0.9134  rpn_s.1.loss_cls: 0.4521  rpn_s.1.loss_bbox: 0.0522  rpn_s.1.loss_giou: 0.4398  rpn_s.2.loss_cls: 0.3787  rpn_s.2.loss_bbox: 0.0443  rpn_s.2.loss_giou: 0.3824  rpn_s.3.loss_cls: 0.3375  rpn_s.3.loss_bbox: 0.0400  rpn_s.3.loss_giou: 0.3632  s0.loss_cls: 0.3852  s0.pos_acc: 86.7347  s0.loss_bbox: 0.6131  s0.loss_iou: 1.2915  s1.loss_cls: 0.4355  s1.pos_acc: 88.7755  s1.loss_bbox: 0.6025  s1.loss_iou: 1.4489
2026/03/27 14:24:02 - mmengine - INFO - Epoch(train) [10][  850/10002]  lr: 2.5000e-05  eta: 1 day, 5:47:03  time: 0.3795  data_time: 0.0033  memory: 7329  grad_norm: 78.9702  loss: 8.7639  rpn_s.0.loss_cls: 0.6543  rpn_s.0.loss_bbox: 0.1140  rpn_s.0.loss_giou: 0.8194  rpn_s.1.loss_cls: 0.4728  rpn_s.1.loss_bbox: 0.0504  rpn_s.1.loss_giou: 0.4171  rpn_s.2.loss_cls: 0.3981  rpn_s.2.loss_bbox: 0.0423  rpn_s.2.loss_giou: 0.3634  rpn_s.3.loss_cls: 0.3608  rpn_s.3.loss_bbox: 0.0409  rpn_s.3.loss_giou: 0.3535  s0.loss_cls: 0.4082  s0.pos_acc: 75.3086  s0.loss_bbox: 0.6210  s0.loss_iou: 1.1848  s1.loss_cls: 0.4521  s1.pos_acc: 58.0247  s1.loss_bbox: 0.6879  s1.loss_iou: 1.3229
2026/03/27 14:24:21 - mmengine - INFO - Epoch(train) [10][  900/10002]  lr: 2.5000e-05  eta: 1 day, 5:43:40  time: 0.3874  data_time: 0.0033  memory: 7330  grad_norm: 83.5450  loss: 8.4876  rpn_s.0.loss_cls: 0.6107  rpn_s.0.loss_bbox: 0.1112  rpn_s.0.loss_giou: 0.8439  rpn_s.1.loss_cls: 0.4391  rpn_s.1.loss_bbox: 0.0459  rpn_s.1.loss_giou: 0.4053  rpn_s.2.loss_cls: 0.3718  rpn_s.2.loss_bbox: 0.0379  rpn_s.2.loss_giou: 0.3430  rpn_s.3.loss_cls: 0.3322  rpn_s.3.loss_bbox: 0.0359  rpn_s.3.loss_giou: 0.3262  s0.loss_cls: 0.3655  s0.pos_acc: 100.0000  s0.loss_bbox: 0.6576  s0.loss_iou: 1.1721  s1.loss_cls: 0.4074  s1.pos_acc: 100.0000  s1.loss_bbox: 0.6716  s1.loss_iou: 1.3102
2026/03/27 14:24:40 - mmengine - INFO - Epoch(train) [10][  950/10002]  lr: 2.5000e-05  eta: 1 day, 5:40:13  time: 0.3810  data_time: 0.0033  memory: 7330  grad_norm: 119.8171  loss: 7.8469  rpn_s.0.loss_cls: 0.6105  rpn_s.0.loss_bbox: 0.1049  rpn_s.0.loss_giou: 0.7149  rpn_s.1.loss_cls: 0.4306  rpn_s.1.loss_bbox: 0.0476  rpn_s.1.loss_giou: 0.3684  rpn_s.2.loss_cls: 0.3445  rpn_s.2.loss_bbox: 0.0387  rpn_s.2.loss_giou: 0.3167  rpn_s.3.loss_cls: 0.3157  rpn_s.3.loss_bbox: 0.0361  rpn_s.3.loss_giou: 0.2992  s0.loss_cls: 0.3466  s0.pos_acc: 83.7500  s0.loss_bbox: 0.6134  s0.loss_iou: 1.0241  s1.loss_cls: 0.4049  s1.pos_acc: 81.2500  s1.loss_bbox: 0.6495  s1.loss_iou: 1.1805
2026/03/27 14:24:55 - mmengine - INFO - Exp name: GSDet_r50_b900_h2h4_h2r1_r2r1_2x_fair1m1.0_20260327_123453
2026/03/27 14:24:59 - mmengine - INFO - Epoch(train) [10][ 1000/10002]  lr: 2.5000e-05  eta: 1 day, 5:36:51  time: 0.3844  data_time: 0.0032  memory: 7329  grad_norm: 86.1041  loss: 8.1491  rpn_s.0.loss_cls: 0.6124  rpn_s.0.loss_bbox: 0.1110  rpn_s.0.loss_giou: 0.8110  rpn_s.1.loss_cls: 0.4188  rpn_s.1.loss_bbox: 0.0480  rpn_s.1.loss_giou: 0.3962  rpn_s.2.loss_cls: 0.3439  rpn_s.2.loss_bbox: 0.0391  rpn_s.2.loss_giou: 0.3431  rpn_s.3.loss_cls: 0.3147  rpn_s.3.loss_bbox: 0.0364  rpn_s.3.loss_giou: 0.3214  s0.loss_cls: 0.3587  s0.pos_acc: 100.0000  s0.loss_bbox: 0.6145  s0.loss_iou: 1.1283  s1.loss_cls: 0.3975  s1.pos_acc: 100.0000  s1.loss_bbox: 0.6057  s1.loss_iou: 1.2483
2026/03/27 14:25:19 - mmengine - INFO - Epoch(train) [10][ 1050/10002]  lr: 2.5000e-05  eta: 1 day, 5:33:31  time: 0.3850  data_time: 0.0033  memory: 7329  grad_norm: 76.3090  loss: 7.9074  rpn_s.0.loss_cls: 0.6060  rpn_s.0.loss_bbox: 0.1044  rpn_s.0.loss_giou: 0.7292  rpn_s.1.loss_cls: 0.4348  rpn_s.1.loss_bbox: 0.0489  rpn_s.1.loss_giou: 0.3802  rpn_s.2.loss_cls: 0.3567  rpn_s.2.loss_bbox: 0.0412  rpn_s.2.loss_giou: 0.3287  rpn_s.3.loss_cls: 0.3232  rpn_s.3.loss_bbox: 0.0384  rpn_s.3.loss_giou: 0.3093  s0.loss_cls: 0.3447  s0.pos_acc: 72.8571  s0.loss_bbox: 0.6402  s0.loss_iou: 1.0553  s1.loss_cls: 0.3722  s1.pos_acc: 67.1429  s1.loss_bbox: 0.6358  s1.loss_iou: 1.1582
2026/03/27 14:25:38 - mmengine - INFO - Epoch(train) [10][ 1100/10002]  lr: 2.5000e-05  eta: 1 day, 5:30:12  time: 0.3853  data_time: 0.0034  memory: 7329  grad_norm: 81.4667  loss: 8.4404  rpn_s.0.loss_cls: 0.6524  rpn_s.0.loss_bbox: 0.1101  rpn_s.0.loss_giou: 0.8377  rpn_s.1.loss_cls: 0.4426  rpn_s.1.loss_bbox: 0.0470  rpn_s.1.loss_giou: 0.4050  rpn_s.2.loss_cls: 0.3724  rpn_s.2.loss_bbox: 0.0385  rpn_s.2.loss_giou: 0.3460  rpn_s.3.loss_cls: 0.3354  rpn_s.3.loss_bbox: 0.0368  rpn_s.3.loss_giou: 0.3305  s0.loss_cls: 0.3787  s0.pos_acc: 100.0000  s0.loss_bbox: 0.6631  s0.loss_iou: 1.1172  s1.loss_cls: 0.4182  s1.pos_acc: 100.0000  s1.loss_bbox: 0.6952  s1.loss_iou: 1.2137
2026/03/27 14:25:57 - mmengine - INFO - Epoch(train) [10][ 1150/10002]  lr: 2.5000e-05  eta: 1 day, 5:26:56  time: 0.3859  data_time: 0.0033  memory: 7329  grad_norm: 79.5931  loss: 8.0505  rpn_s.0.loss_cls: 0.6150  rpn_s.0.loss_bbox: 0.1082  rpn_s.0.loss_giou: 0.7531  rpn_s.1.loss_cls: 0.4299  rpn_s.1.loss_bbox: 0.0495  rpn_s.1.loss_giou: 0.3760  rpn_s.2.loss_cls: 0.3437  rpn_s.2.loss_bbox: 0.0421  rpn_s.2.loss_giou: 0.3282  rpn_s.3.loss_cls: 0.3100  rpn_s.3.loss_bbox: 0.0398  rpn_s.3.loss_giou: 0.3088  s0.loss_cls: 0.3594  s0.pos_acc: 88.8889  s0.loss_bbox: 0.7151  s0.loss_iou: 1.0361  s1.loss_cls: 0.3960  s1.pos_acc: 88.8889  s1.loss_bbox: 0.7061  s1.loss_iou: 1.1334
2026/03/27 14:26:16 - mmengine - INFO - Epoch(train) [10][ 1200/10002]  lr: 2.5000e-05  eta: 1 day, 5:23:42  time: 0.3864  data_time: 0.0034  memory: 7329  grad_norm: 82.2104  loss: 8.2731  rpn_s.0.loss_cls: 0.6389  rpn_s.0.loss_bbox: 0.1039  rpn_s.0.loss_giou: 0.8084  rpn_s.1.loss_cls: 0.4482  rpn_s.1.loss_bbox: 0.0440  rpn_s.1.loss_giou: 0.3947  rpn_s.2.loss_cls: 0.3898  rpn_s.2.loss_bbox: 0.0349  rpn_s.2.loss_giou: 0.3364  rpn_s.3.loss_cls: 0.3456  rpn_s.3.loss_bbox: 0.0335  rpn_s.3.loss_giou: 0.3183  s0.loss_cls: 0.3871  s0.pos_acc: 82.4324  s0.loss_bbox: 0.6237  s0.loss_iou: 1.1258  s1.loss_cls: 0.4170  s1.pos_acc: 86.4865  s1.loss_bbox: 0.6245  s1.loss_iou: 1.1985
2026/03/27 14:26:36 - mmengine - INFO - Epoch(train) [10][ 1250/10002]  lr: 2.5000e-05  eta: 1 day, 5:20:30  time: 0.3876  data_time: 0.0034  memory: 7330  grad_norm: 86.6771  loss: 8.3796  rpn_s.0.loss_cls: 0.6340  rpn_s.0.loss_bbox: 0.1054  rpn_s.0.loss_giou: 0.7578  rpn_s.1.loss_cls: 0.4561  rpn_s.1.loss_bbox: 0.0487  rpn_s.1.loss_giou: 0.3894  rpn_s.2.loss_cls: 0.3820  rpn_s.2.loss_bbox: 0.0419  rpn_s.2.loss_giou: 0.3363  rpn_s.3.loss_cls: 0.3449  rpn_s.3.loss_bbox: 0.0383  rpn_s.3.loss_giou: 0.3154  s0.loss_cls: 0.3898  s0.pos_acc: 87.5000  s0.loss_bbox: 0.7005  s0.loss_iou: 1.1101  s1.loss_cls: 0.4333  s1.pos_acc: 79.1667  s1.loss_bbox: 0.7090  s1.loss_iou: 1.1869
2026/03/27 14:26:55 - mmengine - INFO - Epoch(train) [10][ 1300/10002]  lr: 2.5000e-05  eta: 1 day, 5:17:19  time: 0.3865  data_time: 0.0033  memory: 7329  grad_norm: 85.9089  loss: 8.7243  rpn_s.0.loss_cls: 0.6501  rpn_s.0.loss_bbox: 0.1143  rpn_s.0.loss_giou: 0.8617  rpn_s.1.loss_cls: 0.4405  rpn_s.1.loss_bbox: 0.0485  rpn_s.1.loss_giou: 0.4146  rpn_s.2.loss_cls: 0.3630  rpn_s.2.loss_bbox: 0.0415  rpn_s.2.loss_giou: 0.3617  rpn_s.3.loss_cls: 0.3374  rpn_s.3.loss_bbox: 0.0386  rpn_s.3.loss_giou: 0.3413  s0.loss_cls: 0.3749  s0.pos_acc: 100.0000  s0.loss_bbox: 0.7432  s0.loss_iou: 1.1830  s1.loss_cls: 0.4179  s1.pos_acc: 100.0000  s1.loss_bbox: 0.7538  s1.loss_iou: 1.2385
2026/03/27 14:27:15 - mmengine - INFO - Epoch(train) [10][ 1350/10002]  lr: 2.5000e-05  eta: 1 day, 5:14:12  time: 0.3905  data_time: 0.0034  memory: 7330  grad_norm: 79.6397  loss: 8.6310  rpn_s.0.loss_cls: 0.6665  rpn_s.0.loss_bbox: 0.1064  rpn_s.0.loss_giou: 0.8320  rpn_s.1.loss_cls: 0.4690  rpn_s.1.loss_bbox: 0.0470  rpn_s.1.loss_giou: 0.4345  rpn_s.2.loss_cls: 0.3964  rpn_s.2.loss_bbox: 0.0386  rpn_s.2.loss_giou: 0.3718  rpn_s.3.loss_cls: 0.3437  rpn_s.3.loss_bbox: 0.0358  rpn_s.3.loss_giou: 0.3528  s0.loss_cls: 0.3843  s0.pos_acc: 81.2500  s0.loss_bbox: 0.6152  s0.loss_iou: 1.1982  s1.loss_cls: 0.4351  s1.pos_acc: 87.5000  s1.loss_bbox: 0.6379  s1.loss_iou: 1.2657
2026/03/27 14:27:34 - mmengine - INFO - Epoch(train) [10][ 1400/10002]  lr: 2.5000e-05  eta: 1 day, 5:11:10  time: 0.3942  data_time: 0.0034  memory: 7330  grad_norm: 78.8381  loss: 8.6750  rpn_s.0.loss_cls: 0.6394  rpn_s.0.loss_bbox: 0.1142  rpn_s.0.loss_giou: 0.7996  rpn_s.1.loss_cls: 0.4570  rpn_s.1.loss_bbox: 0.0510  rpn_s.1.loss_giou: 0.4067  rpn_s.2.loss_cls: 0.3958  rpn_s.2.loss_bbox: 0.0431  rpn_s.2.loss_giou: 0.3512  rpn_s.3.loss_cls: 0.3594  rpn_s.3.loss_bbox: 0.0404  rpn_s.3.loss_giou: 0.3339  s0.loss_cls: 0.4014  s0.pos_acc: 100.0000  s0.loss_bbox: 0.6657  s0.loss_iou: 1.1835  s1.loss_cls: 0.4465  s1.pos_acc: 100.0000  s1.loss_bbox: 0.7142  s1.loss_iou: 1.2719
2026/03/27 14:27:54 - mmengine - INFO - Epoch(train) [10][ 1450/10002]  lr: 2.5000e-05  eta: 1 day, 5:08:02  time: 0.3839  data_time: 0.0034  memory: 7329  grad_norm: 79.7154  loss: 8.4174  rpn_s.0.loss_cls: 0.6199  rpn_s.0.loss_bbox: 0.1088  rpn_s.0.loss_giou: 0.8226  rpn_s.1.loss_cls: 0.4413  rpn_s.1.loss_bbox: 0.0462  rpn_s.1.loss_giou: 0.4125  rpn_s.2.loss_cls: 0.3770  rpn_s.2.loss_bbox: 0.0388  rpn_s.2.loss_giou: 0.3574  rpn_s.3.loss_cls: 0.3400  rpn_s.3.loss_bbox: 0.0357  rpn_s.3.loss_giou: 0.3392  s0.loss_cls: 0.3771  s0.pos_acc: 85.0000  s0.loss_bbox: 0.5800  s0.loss_iou: 1.1953  s1.loss_cls: 0.4037  s1.pos_acc: 70.0000  s1.loss_bbox: 0.6580  s1.loss_iou: 1.2637
2026/03/27 14:28:13 - mmengine - INFO - Epoch(train) [10][ 1500/10002]  lr: 2.5000e-05  eta: 1 day, 5:04:57  time: 0.3868  data_time: 0.0034  memory: 7329  grad_norm: 78.8065  loss: 9.5800  rpn_s.0.loss_cls: 0.6628  rpn_s.0.loss_bbox: 0.1218  rpn_s.0.loss_giou: 0.9697  rpn_s.1.loss_cls: 0.4603  rpn_s.1.loss_bbox: 0.0536  rpn_s.1.loss_giou: 0.4742  rpn_s.2.loss_cls: 0.3943  rpn_s.2.loss_bbox: 0.0465  rpn_s.2.loss_giou: 0.4108  rpn_s.3.loss_cls: 0.3575  rpn_s.3.loss_bbox: 0.0426  rpn_s.3.loss_giou: 0.3842  s0.loss_cls: 0.4178  s0.pos_acc: 68.1818  s0.loss_bbox: 0.6915  s0.loss_iou: 1.3820  s1.loss_cls: 0.4675  s1.pos_acc: 72.7273  s1.loss_bbox: 0.7298  s1.loss_iou: 1.5131
2026/03/27 14:28:32 - mmengine - INFO - Epoch(train) [10][ 1550/10002]  lr: 2.5000e-05  eta: 1 day, 5:01:51  time: 0.3843  data_time: 0.0033  memory: 7329  grad_norm: 80.8425  loss: 8.5017  rpn_s.0.loss_cls: 0.6675  rpn_s.0.loss_bbox: 0.1030  rpn_s.0.loss_giou: 0.8092  rpn_s.1.loss_cls: 0.4673  rpn_s.1.loss_bbox: 0.0435  rpn_s.1.loss_giou: 0.4122  rpn_s.2.loss_cls: 0.3992  rpn_s.2.loss_bbox: 0.0355  rpn_s.2.loss_giou: 0.3494  rpn_s.3.loss_cls: 0.3604  rpn_s.3.loss_bbox: 0.0336  rpn_s.3.loss_giou: 0.3360  s0.loss_cls: 0.3914  s0.pos_acc: 100.0000  s0.loss_bbox: 0.6253  s0.loss_iou: 1.1420  s1.loss_cls: 0.4272  s1.pos_acc: 100.0000  s1.loss_bbox: 0.6571  s1.loss_iou: 1.2418
2026/03/27 14:28:52 - mmengine - INFO - Epoch(train) [10][ 1600/10002]  lr: 2.5000e-05  eta: 1 day, 4:58:49  time: 0.3873  data_time: 0.0034  memory: 7330  grad_norm: 84.4575  loss: 8.2973  rpn_s.0.loss_cls: 0.6127  rpn_s.0.loss_bbox: 0.1145  rpn_s.0.loss_giou: 0.7889  rpn_s.1.loss_cls: 0.4359  rpn_s.1.loss_bbox: 0.0492  rpn_s.1.loss_giou: 0.4010  rpn_s.2.loss_cls: 0.3566  rpn_s.2.loss_bbox: 0.0422  rpn_s.2.loss_giou: 0.3541  rpn_s.3.loss_cls: 0.3094  rpn_s.3.loss_bbox: 0.0397  rpn_s.3.loss_giou: 0.3365  s0.loss_cls: 0.3617  s0.pos_acc: 100.0000  s0.loss_bbox: 0.6478  s0.loss_iou: 1.1200  s1.loss_cls: 0.3993  s1.pos_acc: 100.0000  s1.loss_bbox: 0.7020  s1.loss_iou: 1.2258
2026/03/27 14:29:11 - mmengine - INFO - Epoch(train) [10][ 1650/10002]  lr: 2.5000e-05  eta: 1 day, 4:55:47  time: 0.3845  data_time: 0.0033  memory: 7329  grad_norm: 89.9159  loss: 7.9963  rpn_s.0.loss_cls: 0.5964  rpn_s.0.loss_bbox: 0.1008  rpn_s.0.loss_giou: 0.7538  rpn_s.1.loss_cls: 0.4288  rpn_s.1.loss_bbox: 0.0460  rpn_s.1.loss_giou: 0.3871  rpn_s.2.loss_cls: 0.3487  rpn_s.2.loss_bbox: 0.0392  rpn_s.2.loss_giou: 0.3400  rpn_s.3.loss_cls: 0.3042  rpn_s.3.loss_bbox: 0.0365  rpn_s.3.loss_giou: 0.3276  s0.loss_cls: 0.3336  s0.pos_acc: 81.2500  s0.loss_bbox: 0.6635  s0.loss_iou: 1.0846  s1.loss_cls: 0.3655  s1.pos_acc: 62.5000  s1.loss_bbox: 0.6820  s1.loss_iou: 1.1581
2026/03/27 14:29:30 - mmengine - INFO - Epoch(train) [10][ 1700/10002]  lr: 2.5000e-05  eta: 1 day, 4:52:43  time: 0.3803  data_time: 0.0033  memory: 7329  grad_norm: 82.1300  loss: 8.3428  rpn_s.0.loss_cls: 0.6284  rpn_s.0.loss_bbox: 0.1043  rpn_s.0.loss_giou: 0.8193  rpn_s.1.loss_cls: 0.4342  rpn_s.1.loss_bbox: 0.0433  rpn_s.1.loss_giou: 0.4168  rpn_s.2.loss_cls: 0.3606  rpn_s.2.loss_bbox: 0.0367  rpn_s.2.loss_giou: 0.3595  rpn_s.3.loss_cls: 0.3197  rpn_s.3.loss_bbox: 0.0341  rpn_s.3.loss_giou: 0.3431  s0.loss_cls: 0.3835  s0.pos_acc: 100.0000  s0.loss_bbox: 0.6330  s0.loss_iou: 1.1195  s1.loss_cls: 0.3927  s1.pos_acc: 100.0000  s1.loss_bbox: 0.7044  s1.loss_iou: 1.2098
2026/03/27 14:29:49 - mmengine - INFO - Epoch(train) [10][ 1750/10002]  lr: 2.5000e-05  eta: 1 day, 4:49:40  time: 0.3807  data_time: 0.0034  memory: 7329  grad_norm: 89.3845  loss: 8.1421  rpn_s.0.loss_cls: 0.6175  rpn_s.0.loss_bbox: 0.1104  rpn_s.0.loss_giou: 0.7735  rpn_s.1.loss_cls: 0.4402  rpn_s.1.loss_bbox: 0.0461  rpn_s.1.loss_giou: 0.3748  rpn_s.2.loss_cls: 0.3755  rpn_s.2.loss_bbox: 0.0409  rpn_s.2.loss_giou: 0.3242  rpn_s.3.loss_cls: 0.3316  rpn_s.3.loss_bbox: 0.0377  rpn_s.3.loss_giou: 0.3140  s0.loss_cls: 0.3743  s0.pos_acc: 52.0000  s0.loss_bbox: 0.6578  s0.loss_iou: 1.0717  s1.loss_cls: 0.4006  s1.pos_acc: 54.0000  s1.loss_bbox: 0.6881  s1.loss_iou: 1.1632
2026/03/27 14:30:08 - mmengine - INFO - Epoch(train) [10][ 1800/10002]  lr: 2.5000e-05  eta: 1 day, 4:46:42  time: 0.3843  data_time: 0.0034  memory: 7330  grad_norm: 73.8228  loss: 8.2445  rpn_s.0.loss_cls: 0.6201  rpn_s.0.loss_bbox: 0.1036  rpn_s.0.loss_giou: 0.8151  rpn_s.1.loss_cls: 0.4061  rpn_s.1.loss_bbox: 0.0455  rpn_s.1.loss_giou: 0.4214  rpn_s.2.loss_cls: 0.3295  rpn_s.2.loss_bbox: 0.0374  rpn_s.2.loss_giou: 0.3623  rpn_s.3.loss_cls: 0.2912  rpn_s.3.loss_bbox: 0.0339  rpn_s.3.loss_giou: 0.3420  s0.loss_cls: 0.3276  s0.pos_acc: 73.4375  s0.loss_bbox: 0.6408  s0.loss_iou: 1.1459  s1.loss_cls: 0.3713  s1.pos_acc: 67.1875  s1.loss_bbox: 0.7344  s1.loss_iou: 1.2162
2026/03/27 14:30:28 - mmengine - INFO - Epoch(train) [10][ 1850/10002]  lr: 2.5000e-05  eta: 1 day, 4:43:48  time: 0.3896  data_time: 0.0033  memory: 7330  grad_norm: 76.5397  loss: 8.4575  rpn_s.0.loss_cls: 0.6508  rpn_s.0.loss_bbox: 0.1015  rpn_s.0.loss_giou: 0.8509  rpn_s.1.loss_cls: 0.4495  rpn_s.1.loss_bbox: 0.0414  rpn_s.1.loss_giou: 0.4066  rpn_s.2.loss_cls: 0.3767  rpn_s.2.loss_bbox: 0.0356  rpn_s.2.loss_giou: 0.3478  rpn_s.3.loss_cls: 0.3405  rpn_s.3.loss_bbox: 0.0321  rpn_s.3.loss_giou: 0.3277  s0.loss_cls: 0.3834  s0.pos_acc: 84.3750  s0.loss_bbox: 0.6053  s0.loss_iou: 1.1651  s1.loss_cls: 0.4353  s1.pos_acc: 81.8750  s1.loss_bbox: 0.6470  s1.loss_iou: 1.2604
2026/03/27 14:30:47 - mmengine - INFO - Epoch(train) [10][ 1900/10002]  lr: 2.5000e-05  eta: 1 day, 4:40:53  time: 0.3854  data_time: 0.0034  memory: 7329  grad_norm: 90.8400  loss: 8.2009  rpn_s.0.loss_cls: 0.6192  rpn_s.0.loss_bbox: 0.1072  rpn_s.0.loss_giou: 0.7732  rpn_s.1.loss_cls: 0.4376  rpn_s.1.loss_bbox: 0.0470  rpn_s.1.loss_giou: 0.3893  rpn_s.2.loss_cls: 0.3492  rpn_s.2.loss_bbox: 0.0405  rpn_s.2.loss_giou: 0.3334  rpn_s.3.loss_cls: 0.3134  rpn_s.3.loss_bbox: 0.0379  rpn_s.3.loss_giou: 0.3187  s0.loss_cls: 0.3641  s0.pos_acc: 51.6667  s0.loss_bbox: 0.6827  s0.loss_iou: 1.0700  s1.loss_cls: 0.3861  s1.pos_acc: 43.3333  s1.loss_bbox: 0.7434  s1.loss_iou: 1.1878
2026/03/27 14:31:06 - mmengine - INFO - Epoch(train) [10][ 1950/10002]  lr: 2.5000e-05  eta: 1 day, 4:38:02  time: 0.3879  data_time: 0.0034  memory: 7329  grad_norm: 84.2042  loss: 8.4402  rpn_s.0.loss_cls: 0.6225  rpn_s.0.loss_bbox: 0.1044  rpn_s.0.loss_giou: 0.8074  rpn_s.1.loss_cls: 0.4333  rpn_s.1.loss_bbox: 0.0488  rpn_s.1.loss_giou: 0.4219  rpn_s.2.loss_cls: 0.3725  rpn_s.2.loss_bbox: 0.0411  rpn_s.2.loss_giou: 0.3657  rpn_s.3.loss_cls: 0.3352  rpn_s.3.loss_bbox: 0.0382  rpn_s.3.loss_giou: 0.3479  s0.loss_cls: 0.3782  s0.pos_acc: 73.0000  s0.loss_bbox: 0.6280  s0.loss_iou: 1.1436  s1.loss_cls: 0.4073  s1.pos_acc: 70.0000  s1.loss_bbox: 0.6732  s1.loss_iou: 1.2710
2026/03/27 14:31:21 - mmengine - INFO - Exp name: GSDet_r50_b900_h2h4_h2r1_r2r1_2x_fair1m1.0_20260327_123453
2026/03/27 14:31:26 - mmengine - INFO - Epoch(train) [10][ 2000/10002]  lr: 2.5000e-05  eta: 1 day, 4:35:12  time: 0.3893  data_time: 0.0034  memory: 7329  grad_norm: 88.2116  loss: 7.9656  rpn_s.0.loss_cls: 0.5898  rpn_s.0.loss_bbox: 0.1198  rpn_s.0.loss_giou: 0.7436  rpn_s.1.loss_cls: 0.4202  rpn_s.1.loss_bbox: 0.0544  rpn_s.1.loss_giou: 0.3802  rpn_s.2.loss_cls: 0.3447  rpn_s.2.loss_bbox: 0.0451  rpn_s.2.loss_giou: 0.3230  rpn_s.3.loss_cls: 0.3088  rpn_s.3.loss_bbox: 0.0432  rpn_s.3.loss_giou: 0.3076  s0.loss_cls: 0.3448  s0.pos_acc: 63.1579  s0.loss_bbox: 0.6196  s0.loss_iou: 1.0710  s1.loss_cls: 0.3722  s1.pos_acc: 60.5263  s1.loss_bbox: 0.6734  s1.loss_iou: 1.2042
2026/03/27 14:31:45 - mmengine - INFO - Epoch(train) [10][ 2050/10002]  lr: 2.5000e-05  eta: 1 day, 4:32:24  time: 0.3896  data_time: 0.0033  memory: 7330  grad_norm: 77.0449  loss: 8.4418  rpn_s.0.loss_cls: 0.6017  rpn_s.0.loss_bbox: 0.1128  rpn_s.0.loss_giou: 0.8263  rpn_s.1.loss_cls: 0.4363  rpn_s.1.loss_bbox: 0.0473  rpn_s.1.loss_giou: 0.4179  rpn_s.2.loss_cls: 0.3607  rpn_s.2.loss_bbox: 0.0399  rpn_s.2.loss_giou: 0.3552  rpn_s.3.loss_cls: 0.3274  rpn_s.3.loss_bbox: 0.0363  rpn_s.3.loss_giou: 0.3318  s0.loss_cls: 0.3622  s0.pos_acc: 73.6487  s0.loss_bbox: 0.6720  s0.loss_iou: 1.1687  s1.loss_cls: 0.3848  s1.pos_acc: 68.2432  s1.loss_bbox: 0.7172  s1.loss_iou: 1.2433
2026/03/27 14:32:05 - mmengine - INFO - Epoch(train) [10][ 2100/10002]  lr: 2.5000e-05  eta: 1 day, 4:29:36  time: 0.3877  data_time: 0.0034  memory: 7330  grad_norm: 87.2065  loss: 8.8983  rpn_s.0.loss_cls: 0.6425  rpn_s.0.loss_bbox: 0.1253  rpn_s.0.loss_giou: 0.8756  rpn_s.1.loss_cls: 0.4612  rpn_s.1.loss_bbox: 0.0491  rpn_s.1.loss_giou: 0.4321  rpn_s.2.loss_cls: 0.3849  rpn_s.2.loss_bbox: 0.0407  rpn_s.2.loss_giou: 0.3723  rpn_s.3.loss_cls: 0.3546  rpn_s.3.loss_bbox: 0.0374  rpn_s.3.loss_giou: 0.3517  s0.loss_cls: 0.3945  s0.pos_acc: 100.0000  s0.loss_bbox: 0.6718  s0.loss_iou: 1.2212  s1.loss_cls: 0.4339  s1.pos_acc: 95.0000  s1.loss_bbox: 0.7162  s1.loss_iou: 1.3332
2026/03/27 14:32:24 - mmengine - INFO - Epoch(train) [10][ 2150/10002]  lr: 2.5000e-05  eta: 1 day, 4:26:47  time: 0.3845  data_time: 0.0033  memory: 7329  grad_norm: 70.1692  loss: 8.7215  rpn_s.0.loss_cls: 0.6305  rpn_s.0.loss_bbox: 0.1083  rpn_s.0.loss_giou: 0.8536  rpn_s.1.loss_cls: 0.4640  rpn_s.1.loss_bbox: 0.0508  rpn_s.1.loss_giou: 0.4403  rpn_s.2.loss_cls: 0.3827  rpn_s.2.loss_bbox: 0.0419  rpn_s.2.loss_giou: 0.3798  rpn_s.3.loss_cls: 0.3469  rpn_s.3.loss_bbox: 0.0388  rpn_s.3.loss_giou: 0.3610  s0.loss_cls: 0.3819  s0.pos_acc: 76.3158  s0.loss_bbox: 0.6101  s0.loss_iou: 1.2326  s1.loss_cls: 0.4026  s1.pos_acc: 78.0702  s1.loss_bbox: 0.6696  s1.loss_iou: 1.3259
2026/03/27 14:32:44 - mmengine - INFO - Epoch(train) [10][ 2200/10002]  lr: 2.5000e-05  eta: 1 day, 4:24:09  time: 0.3985  data_time: 0.0033  memory: 7330  grad_norm: 84.5714  loss: 8.4462  rpn_s.0.loss_cls: 0.6238  rpn_s.0.loss_bbox: 0.1090  rpn_s.0.loss_giou: 0.8418  rpn_s.1.loss_cls: 0.4357  rpn_s.1.loss_bbox: 0.0450  rpn_s.1.loss_giou: 0.4090  rpn_s.2.loss_cls: 0.3567  rpn_s.2.loss_bbox: 0.0382  rpn_s.2.loss_giou: 0.3553  rpn_s.3.loss_cls: 0.3186  rpn_s.3.loss_bbox: 0.0354  rpn_s.3.loss_giou: 0.3376  s0.loss_cls: 0.3682  s0.pos_acc: 75.0000  s0.loss_bbox: 0.6760  s0.loss_iou: 1.1382  s1.loss_cls: 0.4002  s1.pos_acc: 71.0000  s1.loss_bbox: 0.7338  s1.loss_iou: 1.2235
2026/03/27 14:33:03 - mmengine - INFO - Epoch(train) [10][ 2250/10002]  lr: 2.5000e-05  eta: 1 day, 4:21:22  time: 0.3850  data_time: 0.0034  memory: 7329  grad_norm: 87.1021  loss: 8.0470  rpn_s.0.loss_cls: 0.6415  rpn_s.0.loss_bbox: 0.1042  rpn_s.0.loss_giou: 0.7209  rpn_s.1.loss_cls: 0.4507  rpn_s.1.loss_bbox: 0.0483  rpn_s.1.loss_giou: 0.3721  rpn_s.2.loss_cls: 0.3807  rpn_s.2.loss_bbox: 0.0432  rpn_s.2.loss_giou: 0.3299  rpn_s.3.loss_cls: 0.3521  rpn_s.3.loss_bbox: 0.0407  rpn_s.3.loss_giou: 0.3143  s0.loss_cls: 0.3820  s0.pos_acc: 50.0000  s0.loss_bbox: 0.5902  s0.loss_iou: 1.0679  s1.loss_cls: 0.4211  s1.pos_acc: 37.5000  s1.loss_bbox: 0.6347  s1.loss_iou: 1.1523
2026/03/27 14:33:23 - mmengine - INFO - Epoch(train) [10][ 2300/10002]  lr: 2.5000e-05  eta: 1 day, 4:18:41  time: 0.3914  data_time: 0.0034  memory: 7330  grad_norm: 85.0464  loss: 8.6826  rpn_s.0.loss_cls: 0.6171  rpn_s.0.loss_bbox: 0.1171  rpn_s.0.loss_giou: 0.8129  rpn_s.1.loss_cls: 0.4315  rpn_s.1.loss_bbox: 0.0603  rpn_s.1.loss_giou: 0.4178  rpn_s.2.loss_cls: 0.3727  rpn_s.2.loss_bbox: 0.0533  rpn_s.2.loss_giou: 0.3659  rpn_s.3.loss_cls: 0.3218  rpn_s.3.loss_bbox: 0.0487  rpn_s.3.loss_giou: 0.3454  s0.loss_cls: 0.3582  s0.pos_acc: 50.0000  s0.loss_bbox: 0.7278  s0.loss_iou: 1.2142  s1.loss_cls: 0.3912  s1.pos_acc: 50.0000  s1.loss_bbox: 0.7460  s1.loss_iou: 1.2807
2026/03/27 14:33:42 - mmengine - INFO - Epoch(train) [10][ 2350/10002]  lr: 2.5000e-05  eta: 1 day, 4:16:00  time: 0.3891  data_time: 0.0034  memory: 7330  grad_norm: 84.7284  loss: 8.2128  rpn_s.0.loss_cls: 0.6024  rpn_s.0.loss_bbox: 0.1082  rpn_s.0.loss_giou: 0.8001  rpn_s.1.loss_cls: 0.4159  rpn_s.1.loss_bbox: 0.0495  rpn_s.1.loss_giou: 0.4030  rpn_s.2.loss_cls: 0.3588  rpn_s.2.loss_bbox: 0.0418  rpn_s.2.loss_giou: 0.3438  rpn_s.3.loss_cls: 0.3234  rpn_s.3.loss_bbox: 0.0380  rpn_s.3.loss_giou: 0.3228  s0.loss_cls: 0.3769  s0.pos_acc: 100.0000  s0.loss_bbox: 0.6253  s0.loss_iou: 1.1191  s1.loss_cls: 0.3908  s1.pos_acc: 100.0000  s1.loss_bbox: 0.6858  s1.loss_iou: 1.2073
2026/03/27 14:34:01 - mmengine - INFO - Epoch(train) [10][ 2400/10002]  lr: 2.5000e-05  eta: 1 day, 4:13:19  time: 0.3884  data_time: 0.0033  memory: 7329  grad_norm: 85.2559  loss: 8.5640  rpn_s.0.loss_cls: 0.6370  rpn_s.0.loss_bbox: 0.1101  rpn_s.0.loss_giou: 0.8398  rpn_s.1.loss_cls: 0.4384  rpn_s.1.loss_bbox: 0.0485  rpn_s.1.loss_giou: 0.4221  rpn_s.2.loss_cls: 0.3640  rpn_s.2.loss_bbox: 0.0415  rpn_s.2.loss_giou: 0.3655  rpn_s.3.loss_cls: 0.3278  rpn_s.3.loss_bbox: 0.0393  rpn_s.3.loss_giou: 0.3494  s0.loss_cls: 0.3667  s0.pos_acc: 78.9809  s0.loss_bbox: 0.6247  s0.loss_iou: 1.1771  s1.loss_cls: 0.4402  s1.pos_acc: 77.3885  s1.loss_bbox: 0.6405  s1.loss_iou: 1.3312
2026/03/27 14:34:21 - mmengine - INFO - Epoch(train) [10][ 2450/10002]  lr: 2.5000e-05  eta: 1 day, 4:10:37  time: 0.3849  data_time: 0.0034  memory: 7329  grad_norm: 77.2715  loss: 8.4523  rpn_s.0.loss_cls: 0.6292  rpn_s.0.loss_bbox: 0.1170  rpn_s.0.loss_giou: 0.8349  rpn_s.1.loss_cls: 0.4424  rpn_s.1.loss_bbox: 0.0495  rpn_s.1.loss_giou: 0.4252  rpn_s.2.loss_cls: 0.3813  rpn_s.2.loss_bbox: 0.0399  rpn_s.2.loss_giou: 0.3658  rpn_s.3.loss_cls: 0.3401  rpn_s.3.loss_bbox: 0.0367  rpn_s.3.loss_giou: 0.3530  s0.loss_cls: 0.3969  s0.pos_acc: 75.0000  s0.loss_bbox: 0.6120  s0.loss_iou: 1.1497  s1.loss_cls: 0.4178  s1.pos_acc: 78.5714  s1.loss_bbox: 0.6362  s1.loss_iou: 1.2245
2026/03/27 14:34:40 - mmengine - INFO - Epoch(train) [10][ 2500/10002]  lr: 2.5000e-05  eta: 1 day, 4:07:53  time: 0.3793  data_time: 0.0034  memory: 7329  grad_norm: 88.2420  loss: 8.0696  rpn_s.0.loss_cls: 0.6034  rpn_s.0.loss_bbox: 0.1054  rpn_s.0.loss_giou: 0.7304  rpn_s.1.loss_cls: 0.4359  rpn_s.1.loss_bbox: 0.0492  rpn_s.1.loss_giou: 0.3825  rpn_s.2.loss_cls: 0.3602  rpn_s.2.loss_bbox: 0.0416  rpn_s.2.loss_giou: 0.3303  rpn_s.3.loss_cls: 0.3218  rpn_s.3.loss_bbox: 0.0393  rpn_s.3.loss_giou: 0.3137  s0.loss_cls: 0.3618  s0.pos_acc: 100.0000  s0.loss_bbox: 0.6798  s0.loss_iou: 1.0324  s1.loss_cls: 0.4077  s1.pos_acc: 100.0000  s1.loss_bbox: 0.7301  s1.loss_iou: 1.1441
2026/03/27 14:34:59 - mmengine - INFO - Epoch(train) [10][ 2550/10002]  lr: 2.5000e-05  eta: 1 day, 4:05:14  time: 0.3859  data_time: 0.0033  memory: 7330  grad_norm: 80.9900  loss: 8.4410  rpn_s.0.loss_cls: 0.6125  rpn_s.0.loss_bbox: 0.1097  rpn_s.0.loss_giou: 0.7988  rpn_s.1.loss_cls: 0.4538  rpn_s.1.loss_bbox: 0.0474  rpn_s.1.loss_giou: 0.4180  rpn_s.2.loss_cls: 0.3690  rpn_s.2.loss_bbox: 0.0394  rpn_s.2.loss_giou: 0.3532  rpn_s.3.loss_cls: 0.3255  rpn_s.3.loss_bbox: 0.0364  rpn_s.3.loss_giou: 0.3312  s0.loss_cls: 0.3601  s0.pos_acc: 71.4286  s0.loss_bbox: 0.6580  s0.loss_iou: 1.1921  s1.loss_cls: 0.3909  s1.pos_acc: 64.2857  s1.loss_bbox: 0.6936  s1.loss_iou: 1.2514
2026/03/27 14:35:19 - mmengine - INFO - Epoch(train) [10][ 2600/10002]  lr: 2.5000e-05  eta: 1 day, 4:02:40  time: 0.3918  data_time: 0.0033  memory: 7330  grad_norm: 89.6540  loss: 9.0054  rpn_s.0.loss_cls: 0.6466  rpn_s.0.loss_bbox: 0.1247  rpn_s.0.loss_giou: 0.8702  rpn_s.1.loss_cls: 0.4542  rpn_s.1.loss_bbox: 0.0533  rpn_s.1.loss_giou: 0.4309  rpn_s.2.loss_cls: 0.3753  rpn_s.2.loss_bbox: 0.0448  rpn_s.2.loss_giou: 0.3711  rpn_s.3.loss_cls: 0.3444  rpn_s.3.loss_bbox: 0.0417  rpn_s.3.loss_giou: 0.3559  s0.loss_cls: 0.4276  s0.pos_acc: 73.9130  s0.loss_bbox: 0.6526  s0.loss_iou: 1.2745  s1.loss_cls: 0.4614  s1.pos_acc: 71.0145  s1.loss_bbox: 0.7147  s1.loss_iou: 1.3616
2026/03/27 14:35:38 - mmengine - INFO - Epoch(train) [10][ 2650/10002]  lr: 2.5000e-05  eta: 1 day, 4:00:04  time: 0.3867  data_time: 0.0033  memory: 7329  grad_norm: 81.8234  loss: 8.9350  rpn_s.0.loss_cls: 0.6658  rpn_s.0.loss_bbox: 0.1140  rpn_s.0.loss_giou: 0.9005  rpn_s.1.loss_cls: 0.4641  rpn_s.1.loss_bbox: 0.0472  rpn_s.1.loss_giou: 0.4412  rpn_s.2.loss_cls: 0.3918  rpn_s.2.loss_bbox: 0.0387  rpn_s.2.loss_giou: 0.3823  rpn_s.3.loss_cls: 0.3508  rpn_s.3.loss_bbox: 0.0365  rpn_s.3.loss_giou: 0.3634  s0.loss_cls: 0.3956  s0.pos_acc: 100.0000  s0.loss_bbox: 0.6613  s0.loss_iou: 1.2328  s1.loss_cls: 0.4338  s1.pos_acc: 100.0000  s1.loss_bbox: 0.6980  s1.loss_iou: 1.3172
2026/03/27 14:35:57 - mmengine - INFO - Epoch(train) [10][ 2700/10002]  lr: 2.5000e-05  eta: 1 day, 3:57:31  time: 0.3903  data_time: 0.0033  memory: 7330  grad_norm: 80.9015  loss: 8.3587  rpn_s.0.loss_cls: 0.6200  rpn_s.0.loss_bbox: 0.1187  rpn_s.0.loss_giou: 0.8611  rpn_s.1.loss_cls: 0.4400  rpn_s.1.loss_bbox: 0.0478  rpn_s.1.loss_giou: 0.3986  rpn_s.2.loss_cls: 0.3586  rpn_s.2.loss_bbox: 0.0385  rpn_s.2.loss_giou: 0.3397  rpn_s.3.loss_cls: 0.3179  rpn_s.3.loss_bbox: 0.0352  rpn_s.3.loss_giou: 0.3264  s0.loss_cls: 0.3383  s0.pos_acc: 72.8863  s0.loss_bbox: 0.6486  s0.loss_iou: 1.1271  s1.loss_cls: 0.3802  s1.pos_acc: 68.2216  s1.loss_bbox: 0.6926  s1.loss_iou: 1.2693
2026/03/27 14:36:17 - mmengine - INFO - Epoch(train) [10][ 2750/10002]  lr: 2.5000e-05  eta: 1 day, 3:54:54  time: 0.3833  data_time: 0.0034  memory: 7329  grad_norm: 111.9815  loss: 8.0900  rpn_s.0.loss_cls: 0.6191  rpn_s.0.loss_bbox: 0.1084  rpn_s.0.loss_giou: 0.7262  rpn_s.1.loss_cls: 0.4489  rpn_s.1.loss_bbox: 0.0503  rpn_s.1.loss_giou: 0.3709  rpn_s.2.loss_cls: 0.3658  rpn_s.2.loss_bbox: 0.0423  rpn_s.2.loss_giou: 0.3228  rpn_s.3.loss_cls: 0.3234  rpn_s.3.loss_bbox: 0.0401  rpn_s.3.loss_giou: 0.3101  s0.loss_cls: 0.3761  s0.pos_acc: 80.9524  s0.loss_bbox: 0.6689  s0.loss_iou: 1.0410  s1.loss_cls: 0.4175  s1.pos_acc: 92.8571  s1.loss_bbox: 0.7031  s1.loss_iou: 1.1552
2026/03/27 14:36:36 - mmengine - INFO - Epoch(train) [10][ 2800/10002]  lr: 2.5000e-05  eta: 1 day, 3:52:23  time: 0.3891  data_time: 0.0033  memory: 7329  grad_norm: 80.3572  loss: 8.5022  rpn_s.0.loss_cls: 0.6405  rpn_s.0.loss_bbox: 0.1146  rpn_s.0.loss_giou: 0.8392  rpn_s.1.loss_cls: 0.4529  rpn_s.1.loss_bbox: 0.0486  rpn_s.1.loss_giou: 0.4221  rpn_s.2.loss_cls: 0.3834  rpn_s.2.loss_bbox: 0.0402  rpn_s.2.loss_giou: 0.3633  rpn_s.3.loss_cls: 0.3457  rpn_s.3.loss_bbox: 0.0368  rpn_s.3.loss_giou: 0.3420  s0.loss_cls: 0.3841  s0.pos_acc: 88.0000  s0.loss_bbox: 0.5940  s0.loss_iou: 1.1671  s1.loss_cls: 0.4108  s1.pos_acc: 88.0000  s1.loss_bbox: 0.6848  s1.loss_iou: 1.2319
2026/03/27 14:36:55 - mmengine - INFO - Epoch(train) [10][ 2850/10002]  lr: 2.5000e-05  eta: 1 day, 3:49:50  time: 0.3847  data_time: 0.0033  memory: 7330  grad_norm: 90.6757  loss: 8.3168  rpn_s.0.loss_cls: 0.6010  rpn_s.0.loss_bbox: 0.1144  rpn_s.0.loss_giou: 0.8196  rpn_s.1.loss_cls: 0.4314  rpn_s.1.loss_bbox: 0.0508  rpn_s.1.loss_giou: 0.4170  rpn_s.2.loss_cls: 0.3578  rpn_s.2.loss_bbox: 0.0438  rpn_s.2.loss_giou: 0.3602  rpn_s.3.loss_cls: 0.3133  rpn_s.3.loss_bbox: 0.0411  rpn_s.3.loss_giou: 0.3424  s0.loss_cls: 0.3628  s0.pos_acc: 66.6667  s0.loss_bbox: 0.6283  s0.loss_iou: 1.1503  s1.loss_cls: 0.3627  s1.pos_acc: 66.6667  s1.loss_bbox: 0.6708  s1.loss_iou: 1.2490
2026/03/27 14:37:15 - mmengine - INFO - Epoch(train) [10][ 2900/10002]  lr: 2.5000e-05  eta: 1 day, 3:47:17  time: 0.3846  data_time: 0.0033  memory: 7329  grad_norm: 96.8677  loss: 8.9402  rpn_s.0.loss_cls: 0.6641  rpn_s.0.loss_bbox: 0.1213  rpn_s.0.loss_giou: 0.8767  rpn_s.1.loss_cls: 0.4730  rpn_s.1.loss_bbox: 0.0520  rpn_s.1.loss_giou: 0.4381  rpn_s.2.loss_cls: 0.4046  rpn_s.2.loss_bbox: 0.0448  rpn_s.2.loss_giou: 0.3747  rpn_s.3.loss_cls: 0.3661  rpn_s.3.loss_bbox: 0.0401  rpn_s.3.loss_giou: 0.3523  s0.loss_cls: 0.4062  s0.pos_acc: 75.0000  s0.loss_bbox: 0.6694  s0.loss_iou: 1.2152  s1.loss_cls: 0.4282  s1.pos_acc: 85.7143  s1.loss_bbox: 0.6919  s1.loss_iou: 1.3215
2026/03/27 14:37:34 - mmengine - INFO - Epoch(train) [10][ 2950/10002]  lr: 2.5000e-05  eta: 1 day, 3:44:46  time: 0.3852  data_time: 0.0032  memory: 7329  grad_norm: 83.2382  loss: 8.9274  rpn_s.0.loss_cls: 0.6539  rpn_s.0.loss_bbox: 0.1197  rpn_s.0.loss_giou: 0.8966  rpn_s.1.loss_cls: 0.4643  rpn_s.1.loss_bbox: 0.0474  rpn_s.1.loss_giou: 0.4256  rpn_s.2.loss_cls: 0.3917  rpn_s.2.loss_bbox: 0.0396  rpn_s.2.loss_giou: 0.3682  rpn_s.3.loss_cls: 0.3628  rpn_s.3.loss_bbox: 0.0360  rpn_s.3.loss_giou: 0.3490  s0.loss_cls: 0.4167  s0.pos_acc: 63.1579  s0.loss_bbox: 0.6502  s0.loss_iou: 1.2249  s1.loss_cls: 0.4439  s1.pos_acc: 57.8947  s1.loss_bbox: 0.7280  s1.loss_iou: 1.3090
2026/03/27 14:37:48 - mmengine - INFO - Exp name: GSDet_r50_b900_h2h4_h2r1_r2r1_2x_fair1m1.0_20260327_123453
2026/03/27 14:37:53 - mmengine - INFO - Epoch(train) [10][ 3000/10002]  lr: 2.5000e-05  eta: 1 day, 3:42:18  time: 0.3883  data_time: 0.0033  memory: 7330  grad_norm: 69.6049  loss: 8.3222  rpn_s.0.loss_cls: 0.6285  rpn_s.0.loss_bbox: 0.1193  rpn_s.0.loss_giou: 0.7965  rpn_s.1.loss_cls: 0.4816  rpn_s.1.loss_bbox: 0.0502  rpn_s.1.loss_giou: 0.4008  rpn_s.2.loss_cls: 0.3939  rpn_s.2.loss_bbox: 0.0417  rpn_s.2.loss_giou: 0.3444  rpn_s.3.loss_cls: 0.3457  rpn_s.3.loss_bbox: 0.0380  rpn_s.3.loss_giou: 0.3232  s0.loss_cls: 0.3816  s0.pos_acc: 72.3684  s0.loss_bbox: 0.5805  s0.loss_iou: 1.1167  s1.loss_cls: 0.4151  s1.pos_acc: 71.0526  s1.loss_bbox: 0.6300  s1.loss_iou: 1.2346
2026/03/27 14:38:13 - mmengine - INFO - Epoch(train) [10][ 3050/10002]  lr: 2.5000e-05  eta: 1 day, 3:39:54  time: 0.3915  data_time: 0.0033  memory: 7330  grad_norm: 76.9565  loss: 8.2769  rpn_s.0.loss_cls: 0.5806  rpn_s.0.loss_bbox: 0.1147  rpn_s.0.loss_giou: 0.8239  rpn_s.1.loss_cls: 0.4236  rpn_s.1.loss_bbox: 0.0471  rpn_s.1.loss_giou: 0.4025  rpn_s.2.loss_cls: 0.3476  rpn_s.2.loss_bbox: 0.0393  rpn_s.2.loss_giou: 0.3475  rpn_s.3.loss_cls: 0.3069  rpn_s.3.loss_bbox: 0.0360  rpn_s.3.loss_giou: 0.3308  s0.loss_cls: 0.3361  s0.pos_acc: 64.7059  s0.loss_bbox: 0.6831  s0.loss_iou: 1.1270  s1.loss_cls: 0.3786  s1.pos_acc: 64.7059  s1.loss_bbox: 0.7191  s1.loss_iou: 1.2326
2026/03/27 14:38:32 - mmengine - INFO - Epoch(train) [10][ 3100/10002]  lr: 2.5000e-05  eta: 1 day, 3:37:26  time: 0.3851  data_time: 0.0032  memory: 7329  grad_norm: 79.1510  loss: 8.3057  rpn_s.0.loss_cls: 0.6067  rpn_s.0.loss_bbox: 0.1123  rpn_s.0.loss_giou: 0.8311  rpn_s.1.loss_cls: 0.4195  rpn_s.1.loss_bbox: 0.0458  rpn_s.1.loss_giou: 0.4162  rpn_s.2.loss_cls: 0.3480  rpn_s.2.loss_bbox: 0.0383  rpn_s.2.loss_giou: 0.3539  rpn_s.3.loss_cls: 0.3133  rpn_s.3.loss_bbox: 0.0357  rpn_s.3.loss_giou: 0.3359  s0.loss_cls: 0.3364  s0.pos_acc: 81.6327  s0.loss_bbox: 0.6174  s0.loss_iou: 1.1762  s1.loss_cls: 0.3734  s1.pos_acc: 78.5714  s1.loss_bbox: 0.7107  s1.loss_iou: 1.2348
2026/03/27 14:38:51 - mmengine - INFO - Epoch(train) [10][ 3150/10002]  lr: 2.5000e-05  eta: 1 day, 3:34:57  time: 0.3835  data_time: 0.0033  memory: 7329  grad_norm: 77.6173  loss: 8.1116  rpn_s.0.loss_cls: 0.6137  rpn_s.0.loss_bbox: 0.1070  rpn_s.0.loss_giou: 0.7947  rpn_s.1.loss_cls: 0.4235  rpn_s.1.loss_bbox: 0.0484  rpn_s.1.loss_giou: 0.4099  rpn_s.2.loss_cls: 0.3520  rpn_s.2.loss_bbox: 0.0414  rpn_s.2.loss_giou: 0.3560  rpn_s.3.loss_cls: 0.3042  rpn_s.3.loss_bbox: 0.0386  rpn_s.3.loss_giou: 0.3410  s0.loss_cls: 0.3459  s0.pos_acc: 67.2727  s0.loss_bbox: 0.5573  s0.loss_iou: 1.1316  s1.loss_cls: 0.3668  s1.pos_acc: 67.2727  s1.loss_bbox: 0.6330  s1.loss_iou: 1.2466
2026/03/27 14:39:11 - mmengine - INFO - Epoch(train) [10][ 3200/10002]  lr: 2.5000e-05  eta: 1 day, 3:32:33  time: 0.3879  data_time: 0.0032  memory: 7329  grad_norm: 90.5190  loss: 8.0907  rpn_s.0.loss_cls: 0.6116  rpn_s.0.loss_bbox: 0.1042  rpn_s.0.loss_giou: 0.8028  rpn_s.1.loss_cls: 0.4163  rpn_s.1.loss_bbox: 0.0443  rpn_s.1.loss_giou: 0.3931  rpn_s.2.loss_cls: 0.3534  rpn_s.2.loss_bbox: 0.0357  rpn_s.2.loss_giou: 0.3374  rpn_s.3.loss_cls: 0.3171  rpn_s.3.loss_bbox: 0.0329  rpn_s.3.loss_giou: 0.3191  s0.loss_cls: 0.3686  s0.pos_acc: 80.4196  s0.loss_bbox: 0.6170  s0.loss_iou: 1.1103  s1.loss_cls: 0.3845  s1.pos_acc: 69.5804  s1.loss_bbox: 0.6500  s1.loss_iou: 1.1924
2026/03/27 14:39:30 - mmengine - INFO - Epoch(train) [10][ 3250/10002]  lr: 2.5000e-05  eta: 1 day, 3:30:11  time: 0.3902  data_time: 0.0033  memory: 7329  grad_norm: 82.0005  loss: 8.2807  rpn_s.0.loss_cls: 0.5993  rpn_s.0.loss_bbox: 0.1221  rpn_s.0.loss_giou: 0.7767  rpn_s.1.loss_cls: 0.4257  rpn_s.1.loss_bbox: 0.0601  rpn_s.1.loss_giou: 0.4110  rpn_s.2.loss_cls: 0.3460  rpn_s.2.loss_bbox: 0.0514  rpn_s.2.loss_giou: 0.3523  rpn_s.3.loss_cls: 0.3163  rpn_s.3.loss_bbox: 0.0493  rpn_s.3.loss_giou: 0.3388  s0.loss_cls: 0.3557  s0.pos_acc: 73.0769  s0.loss_bbox: 0.6276  s0.loss_iou: 1.1669  s1.loss_cls: 0.3924  s1.pos_acc: 69.2308  s1.loss_bbox: 0.6592  s1.loss_iou: 1.2299
2026/03/27 14:39:49 - mmengine - INFO - Epoch(train) [10][ 3300/10002]  lr: 2.5000e-05  eta: 1 day, 3:27:47  time: 0.3855  data_time: 0.0033  memory: 7330  grad_norm: 83.6568  loss: 8.5552  rpn_s.0.loss_cls: 0.6603  rpn_s.0.loss_bbox: 0.1166  rpn_s.0.loss_giou: 0.8429  rpn_s.1.loss_cls: 0.4705  rpn_s.1.loss_bbox: 0.0510  rpn_s.1.loss_giou: 0.4167  rpn_s.2.loss_cls: 0.3926  rpn_s.2.loss_bbox: 0.0416  rpn_s.2.loss_giou: 0.3530  rpn_s.3.loss_cls: 0.3547  rpn_s.3.loss_bbox: 0.0378  rpn_s.3.loss_giou: 0.3313  s0.loss_cls: 0.3922  s0.pos_acc: 70.8791  s0.loss_bbox: 0.6535  s0.loss_iou: 1.1321  s1.loss_cls: 0.4235  s1.pos_acc: 73.6264  s1.loss_bbox: 0.6653  s1.loss_iou: 1.2196
2026/03/27 14:40:08 - mmengine - INFO - Epoch(train) [10][ 3350/10002]  lr: 2.5000e-05  eta: 1 day, 3:25:21  time: 0.3804  data_time: 0.0033  memory: 7329  grad_norm: 78.2226  loss: 8.6115  rpn_s.0.loss_cls: 0.6222  rpn_s.0.loss_bbox: 0.1148  rpn_s.0.loss_giou: 0.8686  rpn_s.1.loss_cls: 0.4469  rpn_s.1.loss_bbox: 0.0457  rpn_s.1.loss_giou: 0.4174  rpn_s.2.loss_cls: 0.3814  rpn_s.2.loss_bbox: 0.0377  rpn_s.2.loss_giou: 0.3562  rpn_s.3.loss_cls: 0.3358  rpn_s.3.loss_bbox: 0.0359  rpn_s.3.loss_giou: 0.3393  s0.loss_cls: 0.3810  s0.pos_acc: 87.5000  s0.loss_bbox: 0.6647  s0.loss_iou: 1.1812  s1.loss_cls: 0.4123  s1.pos_acc: 87.5000  s1.loss_bbox: 0.7057  s1.loss_iou: 1.2647
2026/03/27 14:40:27 - mmengine - INFO - Epoch(train) [10][ 3400/10002]  lr: 2.5000e-05  eta: 1 day, 3:22:54  time: 0.3777  data_time: 0.0033  memory: 7329  grad_norm: 80.4644  loss: 8.1874  rpn_s.0.loss_cls: 0.6303  rpn_s.0.loss_bbox: 0.1015  rpn_s.0.loss_giou: 0.8011  rpn_s.1.loss_cls: 0.4365  rpn_s.1.loss_bbox: 0.0422  rpn_s.1.loss_giou: 0.4026  rpn_s.2.loss_cls: 0.3602  rpn_s.2.loss_bbox: 0.0343  rpn_s.2.loss_giou: 0.3432  rpn_s.3.loss_cls: 0.3136  rpn_s.3.loss_bbox: 0.0322  rpn_s.3.loss_giou: 0.3251  s0.loss_cls: 0.3488  s0.pos_acc: 100.0000  s0.loss_bbox: 0.6422  s0.loss_iou: 1.1091  s1.loss_cls: 0.3834  s1.pos_acc: 100.0000  s1.loss_bbox: 0.6732  s1.loss_iou: 1.2078
2026/03/27 14:40:47 - mmengine - INFO - Epoch(train) [10][ 3450/10002]  lr: 2.5000e-05  eta: 1 day, 3:20:32  time: 0.3841  data_time: 0.0032  memory: 7330  grad_norm: 86.4166  loss: 8.2032  rpn_s.0.loss_cls: 0.6092  rpn_s.0.loss_bbox: 0.1046  rpn_s.0.loss_giou: 0.7677  rpn_s.1.loss_cls: 0.4374  rpn_s.1.loss_bbox: 0.0485  rpn_s.1.loss_giou: 0.3941  rpn_s.2.loss_cls: 0.3583  rpn_s.2.loss_bbox: 0.0406  rpn_s.2.loss_giou: 0.3423  rpn_s.3.loss_cls: 0.3228  rpn_s.3.loss_bbox: 0.0377  rpn_s.3.loss_giou: 0.3270  s0.loss_cls: 0.3659  s0.pos_acc: 75.0000  s0.loss_bbox: 0.6600  s0.loss_iou: 1.1031  s1.loss_cls: 0.3864  s1.pos_acc: 75.0000  s1.loss_bbox: 0.6811  s1.loss_iou: 1.2166
2026/03/27 14:41:06 - mmengine - INFO - Epoch(train) [10][ 3500/10002]  lr: 2.5000e-05  eta: 1 day, 3:18:14  time: 0.3888  data_time: 0.0033  memory: 7330  grad_norm: 74.5590  loss: 8.5680  rpn_s.0.loss_cls: 0.6149  rpn_s.0.loss_bbox: 0.1129  rpn_s.0.loss_giou: 0.8796  rpn_s.1.loss_cls: 0.4380  rpn_s.1.loss_bbox: 0.0485  rpn_s.1.loss_giou: 0.4329  rpn_s.2.loss_cls: 0.3684  rpn_s.2.loss_bbox: 0.0393  rpn_s.2.loss_giou: 0.3775  rpn_s.3.loss_cls: 0.3260  rpn_s.3.loss_bbox: 0.0373  rpn_s.3.loss_giou: 0.3609  s0.loss_cls: 0.3887  s0.pos_acc: 53.8462  s0.loss_bbox: 0.5649  s0.loss_iou: 1.2020  s1.loss_cls: 0.4262  s1.pos_acc: 53.8462  s1.loss_bbox: 0.6422  s1.loss_iou: 1.3080
2026/03/27 14:41:25 - mmengine - INFO - Epoch(train) [10][ 3550/10002]  lr: 2.5000e-05  eta: 1 day, 3:15:51  time: 0.3800  data_time: 0.0033  memory: 7329  grad_norm: 88.7919  loss: 8.2989  rpn_s.0.loss_cls: 0.6270  rpn_s.0.loss_bbox: 0.1108  rpn_s.0.loss_giou: 0.7790  rpn_s.1.loss_cls: 0.4515  rpn_s.1.loss_bbox: 0.0480  rpn_s.1.loss_giou: 0.3887  rpn_s.2.loss_cls: 0.3697  rpn_s.2.loss_bbox: 0.0413  rpn_s.2.loss_giou: 0.3454  rpn_s.3.loss_cls: 0.3290  rpn_s.3.loss_bbox: 0.0382  rpn_s.3.loss_giou: 0.3250  s0.loss_cls: 0.3782  s0.pos_acc: 85.7143  s0.loss_bbox: 0.6626  s0.loss_iou: 1.1231  s1.loss_cls: 0.4182  s1.pos_acc: 78.5714  s1.loss_bbox: 0.6895  s1.loss_iou: 1.1737
2026/03/27 14:41:44 - mmengine - INFO - Epoch(train) [10][ 3600/10002]  lr: 2.5000e-05  eta: 1 day, 3:13:27  time: 0.3779  data_time: 0.0032  memory: 7329  grad_norm: 87.5841  loss: 8.2710  rpn_s.0.loss_cls: 0.6089  rpn_s.0.loss_bbox: 0.1022  rpn_s.0.loss_giou: 0.7875  rpn_s.1.loss_cls: 0.4217  rpn_s.1.loss_bbox: 0.0471  rpn_s.1.loss_giou: 0.4093  rpn_s.2.loss_cls: 0.3583  rpn_s.2.loss_bbox: 0.0405  rpn_s.2.loss_giou: 0.3644  rpn_s.3.loss_cls: 0.3250  rpn_s.3.loss_bbox: 0.0383  rpn_s.3.loss_giou: 0.3476  s0.loss_cls: 0.3670  s0.pos_acc: 100.0000  s0.loss_bbox: 0.6123  s0.loss_iou: 1.1783  s1.loss_cls: 0.3929  s1.pos_acc: 100.0000  s1.loss_bbox: 0.6203  s1.loss_iou: 1.2494
2026/03/27 14:42:03 - mmengine - INFO - Epoch(train) [10][ 3650/10002]  lr: 2.5000e-05  eta: 1 day, 3:11:08  time: 0.3824  data_time: 0.0032  memory: 7330  grad_norm: 88.3480  loss: 8.7112  rpn_s.0.loss_cls: 0.6193  rpn_s.0.loss_bbox: 0.1107  rpn_s.0.loss_giou: 0.8844  rpn_s.1.loss_cls: 0.4306  rpn_s.1.loss_bbox: 0.0491  rpn_s.1.loss_giou: 0.4468  rpn_s.2.loss_cls: 0.3590  rpn_s.2.loss_bbox: 0.0414  rpn_s.2.loss_giou: 0.3839  rpn_s.3.loss_cls: 0.3215  rpn_s.3.loss_bbox: 0.0399  rpn_s.3.loss_giou: 0.3683  s0.loss_cls: 0.3583  s0.pos_acc: 67.0213  s0.loss_bbox: 0.6709  s0.loss_iou: 1.2399  s1.loss_cls: 0.3909  s1.pos_acc: 62.7660  s1.loss_bbox: 0.6639  s1.loss_iou: 1.3323
2026/03/27 14:42:22 - mmengine - INFO - Epoch(train) [10][ 3700/10002]  lr: 2.5000e-05  eta: 1 day, 3:08:51  time: 0.3850  data_time: 0.0032  memory: 7330  grad_norm: 89.4884  loss: 8.9039  rpn_s.0.loss_cls: 0.6448  rpn_s.0.loss_bbox: 0.1168  rpn_s.0.loss_giou: 0.8798  rpn_s.1.loss_cls: 0.4641  rpn_s.1.loss_bbox: 0.0509  rpn_s.1.loss_giou: 0.4497  rpn_s.2.loss_cls: 0.3933  rpn_s.2.loss_bbox: 0.0428  rpn_s.2.loss_giou: 0.3884  rpn_s.3.loss_cls: 0.3580  rpn_s.3.loss_bbox: 0.0399  rpn_s.3.loss_giou: 0.3710  s0.loss_cls: 0.4110  s0.pos_acc: 100.0000  s0.loss_bbox: 0.6169  s0.loss_iou: 1.2171  s1.loss_cls: 0.4305  s1.pos_acc: 100.0000  s1.loss_bbox: 0.7221  s1.loss_iou: 1.3067
2026/03/27 14:42:41 - mmengine - INFO - Epoch(train) [10][ 3750/10002]  lr: 2.5000e-05  eta: 1 day, 3:06:33  time: 0.3831  data_time: 0.0032  memory: 7329  grad_norm: 77.9988  loss: 8.5518  rpn_s.0.loss_cls: 0.6361  rpn_s.0.loss_bbox: 0.1133  rpn_s.0.loss_giou: 0.8272  rpn_s.1.loss_cls: 0.4534  rpn_s.1.loss_bbox: 0.0486  rpn_s.1.loss_giou: 0.4151  rpn_s.2.loss_cls: 0.3767  rpn_s.2.loss_bbox: 0.0404  rpn_s.2.loss_giou: 0.3574  rpn_s.3.loss_cls: 0.3391  rpn_s.3.loss_bbox: 0.0382  rpn_s.3.loss_giou: 0.3367  s0.loss_cls: 0.3855  s0.pos_acc: 81.3953  s0.loss_bbox: 0.7039  s0.loss_iou: 1.1270  s1.loss_cls: 0.4119  s1.pos_acc: 83.7209  s1.loss_bbox: 0.7280  s1.loss_iou: 1.2134
2026/03/27 14:43:01 - mmengine - INFO - Epoch(train) [10][ 3800/10002]  lr: 2.5000e-05  eta: 1 day, 3:04:18  time: 0.3853  data_time: 0.0032  memory: 7329  grad_norm: 78.0218  loss: 8.2075  rpn_s.0.loss_cls: 0.5972  rpn_s.0.loss_bbox: 0.1098  rpn_s.0.loss_giou: 0.7751  rpn_s.1.loss_cls: 0.4223  rpn_s.1.loss_bbox: 0.0477  rpn_s.1.loss_giou: 0.3947  rpn_s.2.loss_cls: 0.3564  rpn_s.2.loss_bbox: 0.0427  rpn_s.2.loss_giou: 0.3469  rpn_s.3.loss_cls: 0.3155  rpn_s.3.loss_bbox: 0.0402  rpn_s.3.loss_giou: 0.3285  s0.loss_cls: 0.3561  s0.pos_acc: 82.1429  s0.loss_bbox: 0.6474  s0.loss_iou: 1.1529  s1.loss_cls: 0.3752  s1.pos_acc: 79.1667  s1.loss_bbox: 0.6644  s1.loss_iou: 1.2345
2026/03/27 14:43:20 - mmengine - INFO - Epoch(train) [10][ 3850/10002]  lr: 2.5000e-05  eta: 1 day, 3:02:01  time: 0.3812  data_time: 0.0032  memory: 7329  grad_norm: 73.9834  loss: 7.7096  rpn_s.0.loss_cls: 0.6051  rpn_s.0.loss_bbox: 0.1044  rpn_s.0.loss_giou: 0.7501  rpn_s.1.loss_cls: 0.4265  rpn_s.1.loss_bbox: 0.0441  rpn_s.1.loss_giou: 0.3732  rpn_s.2.loss_cls: 0.3454  rpn_s.2.loss_bbox: 0.0364  rpn_s.2.loss_giou: 0.3175  rpn_s.3.loss_cls: 0.2988  rpn_s.3.loss_bbox: 0.0341  rpn_s.3.loss_giou: 0.3001  s0.loss_cls: 0.3530  s0.pos_acc: 100.0000  s0.loss_bbox: 0.6330  s0.loss_iou: 0.9976  s1.loss_cls: 0.3829  s1.pos_acc: 80.0000  s1.loss_bbox: 0.6400  s1.loss_iou: 1.0673
2026/03/27 14:43:39 - mmengine - INFO - Epoch(train) [10][ 3900/10002]  lr: 2.5000e-05  eta: 1 day, 2:59:51  time: 0.3901  data_time: 0.0032  memory: 7330  grad_norm: 71.3581  loss: 8.6403  rpn_s.0.loss_cls: 0.6157  rpn_s.0.loss_bbox: 0.1196  rpn_s.0.loss_giou: 0.9423  rpn_s.1.loss_cls: 0.4251  rpn_s.1.loss_bbox: 0.0491  rpn_s.1.loss_giou: 0.4607  rpn_s.2.loss_cls: 0.3533  rpn_s.2.loss_bbox: 0.0389  rpn_s.2.loss_giou: 0.3852  rpn_s.3.loss_cls: 0.3142  rpn_s.3.loss_bbox: 0.0364  rpn_s.3.loss_giou: 0.3663  s0.loss_cls: 0.3357  s0.pos_acc: 86.4865  s0.loss_bbox: 0.5735  s0.loss_iou: 1.2560  s1.loss_cls: 0.3640  s1.pos_acc: 85.1351  s1.loss_bbox: 0.6602  s1.loss_iou: 1.3440
2026/03/27 14:43:58 - mmengine - INFO - Epoch(train) [10][ 3950/10002]  lr: 2.5000e-05  eta: 1 day, 2:57:35  time: 0.3810  data_time: 0.0032  memory: 7329  grad_norm: 85.1863  loss: 8.5540  rpn_s.0.loss_cls: 0.6530  rpn_s.0.loss_bbox: 0.1099  rpn_s.0.loss_giou: 0.8417  rpn_s.1.loss_cls: 0.4631  rpn_s.1.loss_bbox: 0.0499  rpn_s.1.loss_giou: 0.4259  rpn_s.2.loss_cls: 0.3948  rpn_s.2.loss_bbox: 0.0433  rpn_s.2.loss_giou: 0.3689  rpn_s.3.loss_cls: 0.3530  rpn_s.3.loss_bbox: 0.0378  rpn_s.3.loss_giou: 0.3418  s0.loss_cls: 0.3948  s0.pos_acc: 82.0611  s0.loss_bbox: 0.6189  s0.loss_iou: 1.1605  s1.loss_cls: 0.4156  s1.pos_acc: 82.4427  s1.loss_bbox: 0.6665  s1.loss_iou: 1.2146
2026/03/27 14:44:13 - mmengine - INFO - Exp name: GSDet_r50_b900_h2h4_h2r1_r2r1_2x_fair1m1.0_20260327_123453
2026/03/27 14:44:17 - mmengine - INFO - Epoch(train) [10][ 4000/10002]  lr: 2.5000e-05  eta: 1 day, 2:55:17  time: 0.3746  data_time: 0.0032  memory: 7329  grad_norm: 75.2336  loss: 8.4109  rpn_s.0.loss_cls: 0.6357  rpn_s.0.loss_bbox: 0.1105  rpn_s.0.loss_giou: 0.8379  rpn_s.1.loss_cls: 0.4454  rpn_s.1.loss_bbox: 0.0479  rpn_s.1.loss_giou: 0.4255  rpn_s.2.loss_cls: 0.3643  rpn_s.2.loss_bbox: 0.0402  rpn_s.2.loss_giou: 0.3686  rpn_s.3.loss_cls: 0.3283  rpn_s.3.loss_bbox: 0.0368  rpn_s.3.loss_giou: 0.3509  s0.loss_cls: 0.3719  s0.pos_acc: 65.1786  s0.loss_bbox: 0.6133  s0.loss_iou: 1.1775  s1.loss_cls: 0.4057  s1.pos_acc: 58.9286  s1.loss_bbox: 0.6040  s1.loss_iou: 1.2465
2026/03/27 14:44:36 - mmengine - INFO - Epoch(train) [10][ 4050/10002]  lr: 2.5000e-05  eta: 1 day, 2:53:06  time: 0.3863  data_time: 0.0032  memory: 7330  grad_norm: 85.3565  loss: 8.6518  rpn_s.0.loss_cls: 0.6117  rpn_s.0.loss_bbox: 0.1252  rpn_s.0.loss_giou: 0.8253  rpn_s.1.loss_cls: 0.4486  rpn_s.1.loss_bbox: 0.0600  rpn_s.1.loss_giou: 0.4288  rpn_s.2.loss_cls: 0.3945  rpn_s.2.loss_bbox: 0.0492  rpn_s.2.loss_giou: 0.3691  rpn_s.3.loss_cls: 0.3636  rpn_s.3.loss_bbox: 0.0448  rpn_s.3.loss_giou: 0.3453  s0.loss_cls: 0.3944  s0.pos_acc: 90.9091  s0.loss_bbox: 0.6068  s0.loss_iou: 1.2287  s1.loss_cls: 0.4113  s1.pos_acc: 54.5455  s1.loss_bbox: 0.6338  s1.loss_iou: 1.3108
2026/03/27 14:44:55 - mmengine - INFO - Epoch(train) [10][ 4100/10002]  lr: 2.5000e-05  eta: 1 day, 2:50:53  time: 0.3794  data_time: 0.0031  memory: 7329  grad_norm: 83.4234  loss: 8.0870  rpn_s.0.loss_cls: 0.6316  rpn_s.0.loss_bbox: 0.1073  rpn_s.0.loss_giou: 0.7953  rpn_s.1.loss_cls: 0.4504  rpn_s.1.loss_bbox: 0.0445  rpn_s.1.loss_giou: 0.3880  rpn_s.2.loss_cls: 0.3788  rpn_s.2.loss_bbox: 0.0360  rpn_s.2.loss_giou: 0.3346  rpn_s.3.loss_cls: 0.3459  rpn_s.3.loss_bbox: 0.0341  rpn_s.3.loss_giou: 0.3175  s0.loss_cls: 0.3869  s0.pos_acc: 77.7778  s0.loss_bbox: 0.5912  s0.loss_iou: 1.0568  s1.loss_cls: 0.4114  s1.pos_acc: 61.1111  s1.loss_bbox: 0.6540  s1.loss_iou: 1.1226
2026/03/27 14:45:15 - mmengine - INFO - Epoch(train) [10][ 4150/10002]  lr: 2.5000e-05  eta: 1 day, 2:48:42  time: 0.3834  data_time: 0.0031  memory: 7330  grad_norm: 68.8712  loss: 8.2883  rpn_s.0.loss_cls: 0.6087  rpn_s.0.loss_bbox: 0.1104  rpn_s.0.loss_giou: 0.8428  rpn_s.1.loss_cls: 0.4316  rpn_s.1.loss_bbox: 0.0463  rpn_s.1.loss_giou: 0.4236  rpn_s.2.loss_cls: 0.3635  rpn_s.2.loss_bbox: 0.0385  rpn_s.2.loss_giou: 0.3614  rpn_s.3.loss_cls: 0.3169  rpn_s.3.loss_bbox: 0.0358  rpn_s.3.loss_giou: 0.3414  s0.loss_cls: 0.3617  s0.pos_acc: 86.3636  s0.loss_bbox: 0.5850  s0.loss_iou: 1.1727  s1.loss_cls: 0.3763  s1.pos_acc: 95.4545  s1.loss_bbox: 0.6492  s1.loss_iou: 1.2225
2026/03/27 14:45:34 - mmengine - INFO - Epoch(train) [10][ 4200/10002]  lr: 2.5000e-05  eta: 1 day, 2:46:40  time: 0.3958  data_time: 0.0032  memory: 7330  grad_norm: 67.4769  loss: 8.9784  rpn_s.0.loss_cls: 0.6153  rpn_s.0.loss_bbox: 0.1244  rpn_s.0.loss_giou: 0.9442  rpn_s.1.loss_cls: 0.4480  rpn_s.1.loss_bbox: 0.0507  rpn_s.1.loss_giou: 0.4537  rpn_s.2.loss_cls: 0.3788  rpn_s.2.loss_bbox: 0.0413  rpn_s.2.loss_giou: 0.3902  rpn_s.3.loss_cls: 0.3385  rpn_s.3.loss_bbox: 0.0376  rpn_s.3.loss_giou: 0.3690  s0.loss_cls: 0.3706  s0.pos_acc: 77.0833  s0.loss_bbox: 0.6687  s0.loss_iou: 1.2746  s1.loss_cls: 0.3876  s1.pos_acc: 81.2500  s1.loss_bbox: 0.7493  s1.loss_iou: 1.3358
2026/03/27 14:45:53 - mmengine - INFO - Epoch(train) [10][ 4250/10002]  lr: 2.5000e-05  eta: 1 day, 2:44:28  time: 0.3792  data_time: 0.0031  memory: 7329  grad_norm: 82.6671  loss: 8.7777  rpn_s.0.loss_cls: 0.6632  rpn_s.0.loss_bbox: 0.1222  rpn_s.0.loss_giou: 0.9537  rpn_s.1.loss_cls: 0.4313  rpn_s.1.loss_bbox: 0.0482  rpn_s.1.loss_giou: 0.4592  rpn_s.2.loss_cls: 0.3647  rpn_s.2.loss_bbox: 0.0397  rpn_s.2.loss_giou: 0.3882  rpn_s.3.loss_cls: 0.3245  rpn_s.3.loss_bbox: 0.0378  rpn_s.3.loss_giou: 0.3641  s0.loss_cls: 0.3661  s0.pos_acc: 71.0191  s0.loss_bbox: 0.5741  s0.loss_iou: 1.2757  s1.loss_cls: 0.3849  s1.pos_acc: 68.1529  s1.loss_bbox: 0.6200  s1.loss_iou: 1.3601
2026/03/27 14:46:12 - mmengine - INFO - Epoch(train) [10][ 4300/10002]  lr: 2.5000e-05  eta: 1 day, 2:42:15  time: 0.3750  data_time: 0.0031  memory: 7329  grad_norm: 75.7536  loss: 8.3264  rpn_s.0.loss_cls: 0.6408  rpn_s.0.loss_bbox: 0.1024  rpn_s.0.loss_giou: 0.7716  rpn_s.1.loss_cls: 0.4360  rpn_s.1.loss_bbox: 0.0540  rpn_s.1.loss_giou: 0.4089  rpn_s.2.loss_cls: 0.3705  rpn_s.2.loss_bbox: 0.0435  rpn_s.2.loss_giou: 0.3572  rpn_s.3.loss_cls: 0.3293  rpn_s.3.loss_bbox: 0.0402  rpn_s.3.loss_giou: 0.3373  s0.loss_cls: 0.3773  s0.pos_acc: 80.4598  s0.loss_bbox: 0.6411  s0.loss_iou: 1.1442  s1.loss_cls: 0.4037  s1.pos_acc: 80.4598  s1.loss_bbox: 0.6659  s1.loss_iou: 1.2026
2026/03/27 14:46:31 - mmengine - INFO - Epoch(train) [10][ 4350/10002]  lr: 2.5000e-05  eta: 1 day, 2:40:04  time: 0.3780  data_time: 0.0031  memory: 7329  grad_norm: 74.6442  loss: 8.7031  rpn_s.0.loss_cls: 0.6423  rpn_s.0.loss_bbox: 0.1078  rpn_s.0.loss_giou: 0.8792  rpn_s.1.loss_cls: 0.4356  rpn_s.1.loss_bbox: 0.0435  rpn_s.1.loss_giou: 0.4290  rpn_s.2.loss_cls: 0.3654  rpn_s.2.loss_bbox: 0.0361  rpn_s.2.loss_giou: 0.3637  rpn_s.3.loss_cls: 0.3196  rpn_s.3.loss_bbox: 0.0325  rpn_s.3.loss_giou: 0.3396  s0.loss_cls: 0.3712  s0.pos_acc: 100.0000  s0.loss_bbox: 0.6782  s0.loss_iou: 1.2364  s1.loss_cls: 0.3918  s1.pos_acc: 100.0000  s1.loss_bbox: 0.7297  s1.loss_iou: 1.3014
2026/03/27 14:46:50 - mmengine - INFO - Epoch(train) [10][ 4400/10002]  lr: 2.5000e-05  eta: 1 day, 2:37:56  time: 0.3816  data_time: 0.0031  memory: 7329  grad_norm: 85.4605  loss: 8.5344  rpn_s.0.loss_cls: 0.6267  rpn_s.0.loss_bbox: 0.1095  rpn_s.0.loss_giou: 0.7926  rpn_s.1.loss_cls: 0.4596  rpn_s.1.loss_bbox: 0.0471  rpn_s.1.loss_giou: 0.4048  rpn_s.2.loss_cls: 0.3958  rpn_s.2.loss_bbox: 0.0398  rpn_s.2.loss_giou: 0.3554  rpn_s.3.loss_cls: 0.3647  rpn_s.3.loss_bbox: 0.0378  rpn_s.3.loss_giou: 0.3394  s0.loss_cls: 0.4064  s0.pos_acc: 91.6667  s0.loss_bbox: 0.6500  s0.loss_iou: 1.1392  s1.loss_cls: 0.4414  s1.pos_acc: 88.3333  s1.loss_bbox: 0.6966  s1.loss_iou: 1.2275
2026/03/27 14:47:09 - mmengine - INFO - Epoch(train) [10][ 4450/10002]  lr: 2.5000e-05  eta: 1 day, 2:35:47  time: 0.3779  data_time: 0.0031  memory: 7329  grad_norm: 83.9873  loss: 8.5643  rpn_s.0.loss_cls: 0.6385  rpn_s.0.loss_bbox: 0.1101  rpn_s.0.loss_giou: 0.8563  rpn_s.1.loss_cls: 0.4523  rpn_s.1.loss_bbox: 0.0448  rpn_s.1.loss_giou: 0.4291  rpn_s.2.loss_cls: 0.3830  rpn_s.2.loss_bbox: 0.0380  rpn_s.2.loss_giou: 0.3728  rpn_s.3.loss_cls: 0.3499  rpn_s.3.loss_bbox: 0.0355  rpn_s.3.loss_giou: 0.3546  s0.loss_cls: 0.4058  s0.pos_acc: 84.6154  s0.loss_bbox: 0.5842  s0.loss_iou: 1.1838  s1.loss_cls: 0.4368  s1.pos_acc: 84.6154  s1.loss_bbox: 0.6135  s1.loss_iou: 1.2752
2026/03/27 14:47:28 - mmengine - INFO - Epoch(train) [10][ 4500/10002]  lr: 2.5000e-05  eta: 1 day, 2:33:44  time: 0.3876  data_time: 0.0031  memory: 7330  grad_norm: 80.0384  loss: 8.7559  rpn_s.0.loss_cls: 0.6083  rpn_s.0.loss_bbox: 0.1125  rpn_s.0.loss_giou: 0.7855  rpn_s.1.loss_cls: 0.4504  rpn_s.1.loss_bbox: 0.0541  rpn_s.1.loss_giou: 0.4250  rpn_s.2.loss_cls: 0.3748  rpn_s.2.loss_bbox: 0.0474  rpn_s.2.loss_giou: 0.3776  rpn_s.3.loss_cls: 0.3441  rpn_s.3.loss_bbox: 0.0436  rpn_s.3.loss_giou: 0.3569  s0.loss_cls: 0.4158  s0.pos_acc: 78.5714  s0.loss_bbox: 0.6580  s0.loss_iou: 1.2495  s1.loss_cls: 0.4314  s1.pos_acc: 79.2857  s1.loss_bbox: 0.6948  s1.loss_iou: 1.3262
2026/03/27 14:47:48 - mmengine - INFO - Epoch(train) [10][ 4550/10002]  lr: 2.5000e-05  eta: 1 day, 2:31:40  time: 0.3847  data_time: 0.0031  memory: 7330  grad_norm: 85.4030  loss: 9.1926  rpn_s.0.loss_cls: 0.6541  rpn_s.0.loss_bbox: 0.1240  rpn_s.0.loss_giou: 0.9167  rpn_s.1.loss_cls: 0.4521  rpn_s.1.loss_bbox: 0.0622  rpn_s.1.loss_giou: 0.4777  rpn_s.2.loss_cls: 0.3837  rpn_s.2.loss_bbox: 0.0520  rpn_s.2.loss_giou: 0.4138  rpn_s.3.loss_cls: 0.3435  rpn_s.3.loss_bbox: 0.0469  rpn_s.3.loss_giou: 0.3910  s0.loss_cls: 0.3859  s0.pos_acc: 86.1111  s0.loss_bbox: 0.6432  s0.loss_iou: 1.2960  s1.loss_cls: 0.4182  s1.pos_acc: 86.1111  s1.loss_bbox: 0.7206  s1.loss_iou: 1.4110
2026/03/27 14:48:06 - mmengine - INFO - Epoch(train) [10][ 4600/10002]  lr: 2.5000e-05  eta: 1 day, 2:29:34  time: 0.3790  data_time: 0.0030  memory: 7329  grad_norm: 79.4784  loss: 7.9936  rpn_s.0.loss_cls: 0.6076  rpn_s.0.loss_bbox: 0.1119  rpn_s.0.loss_giou: 0.7136  rpn_s.1.loss_cls: 0.4535  rpn_s.1.loss_bbox: 0.0498  rpn_s.1.loss_giou: 0.3691  rpn_s.2.loss_cls: 0.3674  rpn_s.2.loss_bbox: 0.0409  rpn_s.2.loss_giou: 0.3127  rpn_s.3.loss_cls: 0.3393  rpn_s.3.loss_bbox: 0.0392  rpn_s.3.loss_giou: 0.3026  s0.loss_cls: 0.3861  s0.pos_acc: 74.8649  s0.loss_bbox: 0.6971  s0.loss_iou: 0.9854  s1.loss_cls: 0.4181  s1.pos_acc: 72.4324  s1.loss_bbox: 0.7278  s1.loss_iou: 1.0715
2026/03/27 14:48:26 - mmengine - INFO - Epoch(train) [10][ 4650/10002]  lr: 2.5000e-05  eta: 1 day, 2:27:30  time: 0.3820  data_time: 0.0031  memory: 7330  grad_norm: 89.9981  loss: 8.7257  rpn_s.0.loss_cls: 0.6291  rpn_s.0.loss_bbox: 0.1101  rpn_s.0.loss_giou: 0.8917  rpn_s.1.loss_cls: 0.4346  rpn_s.1.loss_bbox: 0.0485  rpn_s.1.loss_giou: 0.4435  rpn_s.2.loss_cls: 0.3610  rpn_s.2.loss_bbox: 0.0411  rpn_s.2.loss_giou: 0.3879  rpn_s.3.loss_cls: 0.3286  rpn_s.3.loss_bbox: 0.0368  rpn_s.3.loss_giou: 0.3636  s0.loss_cls: 0.3712  s0.pos_acc: 85.7143  s0.loss_bbox: 0.6083  s0.loss_iou: 1.2559  s1.loss_cls: 0.4046  s1.pos_acc: 85.7143  s1.loss_bbox: 0.6666  s1.loss_iou: 1.3425
2026/03/27 14:48:45 - mmengine - INFO - Epoch(train) [10][ 4700/10002]  lr: 2.5000e-05  eta: 1 day, 2:25:25  time: 0.3800  data_time: 0.0031  memory: 7329  grad_norm: 78.9474  loss: 8.1770  rpn_s.0.loss_cls: 0.5956  rpn_s.0.loss_bbox: 0.1131  rpn_s.0.loss_giou: 0.8254  rpn_s.1.loss_cls: 0.4123  rpn_s.1.loss_bbox: 0.0500  rpn_s.1.loss_giou: 0.4120  rpn_s.2.loss_cls: 0.3387  rpn_s.2.loss_bbox: 0.0402  rpn_s.2.loss_giou: 0.3536  rpn_s.3.loss_cls: 0.2935  rpn_s.3.loss_bbox: 0.0382  rpn_s.3.loss_giou: 0.3345  s0.loss_cls: 0.3405  s0.pos_acc: 79.4118  s0.loss_bbox: 0.6089  s0.loss_iou: 1.1387  s1.loss_cls: 0.3673  s1.pos_acc: 69.6078  s1.loss_bbox: 0.6995  s1.loss_iou: 1.2151
2026/03/27 14:49:04 - mmengine - INFO - Epoch(train) [10][ 4750/10002]  lr: 2.5000e-05  eta: 1 day, 2:23:22  time: 0.3808  data_time: 0.0031  memory: 7329  grad_norm: 79.9305  loss: 8.6154  rpn_s.0.loss_cls: 0.6211  rpn_s.0.loss_bbox: 0.1300  rpn_s.0.loss_giou: 0.8573  rpn_s.1.loss_cls: 0.4426  rpn_s.1.loss_bbox: 0.0576  rpn_s.1.loss_giou: 0.4185  rpn_s.2.loss_cls: 0.3705  rpn_s.2.loss_bbox: 0.0478  rpn_s.2.loss_giou: 0.3578  rpn_s.3.loss_cls: 0.3381  rpn_s.3.loss_bbox: 0.0441  rpn_s.3.loss_giou: 0.3324  s0.loss_cls: 0.3809  s0.pos_acc: 100.0000  s0.loss_bbox: 0.6487  s0.loss_iou: 1.1716  s1.loss_cls: 0.4099  s1.pos_acc: 100.0000  s1.loss_bbox: 0.7436  s1.loss_iou: 1.2429
2026/03/27 14:49:22 - mmengine - INFO - Epoch(train) [10][ 4800/10002]  lr: 2.5000e-05  eta: 1 day, 2:21:14  time: 0.3714  data_time: 0.0031  memory: 7329  grad_norm: 89.6949  loss: 8.1755  rpn_s.0.loss_cls: 0.6192  rpn_s.0.loss_bbox: 0.1232  rpn_s.0.loss_giou: 0.7634  rpn_s.1.loss_cls: 0.4358  rpn_s.1.loss_bbox: 0.0621  rpn_s.1.loss_giou: 0.3948  rpn_s.2.loss_cls: 0.3551  rpn_s.2.loss_bbox: 0.0530  rpn_s.2.loss_giou: 0.3492  rpn_s.3.loss_cls: 0.3191  rpn_s.3.loss_bbox: 0.0490  rpn_s.3.loss_giou: 0.3267  s0.loss_cls: 0.3579  s0.pos_acc: 100.0000  s0.loss_bbox: 0.6422  s0.loss_iou: 1.0599  s1.loss_cls: 0.3933  s1.pos_acc: 100.0000  s1.loss_bbox: 0.7263  s1.loss_iou: 1.1451
2026/03/27 14:49:41 - mmengine - INFO - Epoch(train) [10][ 4850/10002]  lr: 2.5000e-05  eta: 1 day, 2:19:09  time: 0.3758  data_time: 0.0031  memory: 7329  grad_norm: 70.0045  loss: 7.9824  rpn_s.0.loss_cls: 0.6082  rpn_s.0.loss_bbox: 0.1095  rpn_s.0.loss_giou: 0.7719  rpn_s.1.loss_cls: 0.4335  rpn_s.1.loss_bbox: 0.0483  rpn_s.1.loss_giou: 0.3898  rpn_s.2.loss_cls: 0.3566  rpn_s.2.loss_bbox: 0.0396  rpn_s.2.loss_giou: 0.3317  rpn_s.3.loss_cls: 0.3071  rpn_s.3.loss_bbox: 0.0368  rpn_s.3.loss_giou: 0.3142  s0.loss_cls: 0.3494  s0.pos_acc: 62.5000  s0.loss_bbox: 0.5839  s0.loss_iou: 1.1308  s1.loss_cls: 0.3802  s1.pos_acc: 62.5000  s1.loss_bbox: 0.6073  s1.loss_iou: 1.1836
2026/03/27 14:50:00 - mmengine - INFO - Epoch(train) [10][ 4900/10002]  lr: 2.5000e-05  eta: 1 day, 2:17:05  time: 0.3760  data_time: 0.0031  memory: 7329  grad_norm: 101.5547  loss: 8.4546  rpn_s.0.loss_cls: 0.6515  rpn_s.0.loss_bbox: 0.1123  rpn_s.0.loss_giou: 0.8083  rpn_s.1.loss_cls: 0.4507  rpn_s.1.loss_bbox: 0.0481  rpn_s.1.loss_giou: 0.3947  rpn_s.2.loss_cls: 0.3653  rpn_s.2.loss_bbox: 0.0404  rpn_s.2.loss_giou: 0.3513  rpn_s.3.loss_cls: 0.3261  rpn_s.3.loss_bbox: 0.0376  rpn_s.3.loss_giou: 0.3325  s0.loss_cls: 0.3698  s0.pos_acc: 91.6667  s0.loss_bbox: 0.6859  s0.loss_iou: 1.1443  s1.loss_cls: 0.4042  s1.pos_acc: 91.6667  s1.loss_bbox: 0.7368  s1.loss_iou: 1.1951
2026/03/27 14:50:18 - mmengine - INFO - Epoch(train) [10][ 4950/10002]  lr: 2.5000e-05  eta: 1 day, 2:14:59  time: 0.3709  data_time: 0.0031  memory: 7329  grad_norm: 91.0453  loss: 7.8352  rpn_s.0.loss_cls: 0.6298  rpn_s.0.loss_bbox: 0.1108  rpn_s.0.loss_giou: 0.7495  rpn_s.1.loss_cls: 0.4318  rpn_s.1.loss_bbox: 0.0480  rpn_s.1.loss_giou: 0.3772  rpn_s.2.loss_cls: 0.3501  rpn_s.2.loss_bbox: 0.0407  rpn_s.2.loss_giou: 0.3325  rpn_s.3.loss_cls: 0.3137  rpn_s.3.loss_bbox: 0.0374  rpn_s.3.loss_giou: 0.3132  s0.loss_cls: 0.3642  s0.pos_acc: 53.1250  s0.loss_bbox: 0.5922  s0.loss_iou: 1.0470  s1.loss_cls: 0.3867  s1.pos_acc: 53.1250  s1.loss_bbox: 0.5921  s1.loss_iou: 1.1181
2026/03/27 14:50:33 - mmengine - INFO - Exp name: GSDet_r50_b900_h2h4_h2r1_r2r1_2x_fair1m1.0_20260327_123453
2026/03/27 14:50:37 - mmengine - INFO - Epoch(train) [10][ 5000/10002]  lr: 2.5000e-05  eta: 1 day, 2:12:59  time: 0.3798  data_time: 0.0031  memory: 7330  grad_norm: 84.8783  loss: 8.2496  rpn_s.0.loss_cls: 0.5814  rpn_s.0.loss_bbox: 0.1182  rpn_s.0.loss_giou: 0.7668  rpn_s.1.loss_cls: 0.4172  rpn_s.1.loss_bbox: 0.0572  rpn_s.1.loss_giou: 0.3987  rpn_s.2.loss_cls: 0.3626  rpn_s.2.loss_bbox: 0.0478  rpn_s.2.loss_giou: 0.3482  rpn_s.3.loss_cls: 0.3347  rpn_s.3.loss_bbox: 0.0466  rpn_s.3.loss_giou: 0.3295  s0.loss_cls: 0.3914  s0.pos_acc: 65.4867  s0.loss_bbox: 0.6589  s0.loss_iou: 1.1234  s1.loss_cls: 0.4083  s1.pos_acc: 64.6018  s1.loss_bbox: 0.6880  s1.loss_iou: 1.1708
2026/03/27 14:50:56 - mmengine - INFO - Epoch(train) [10][ 5050/10002]  lr: 2.5000e-05  eta: 1 day, 2:10:56  time: 0.3747  data_time: 0.0032  memory: 7329  grad_norm: 75.0313  loss: 8.5050  rpn_s.0.loss_cls: 0.6482  rpn_s.0.loss_bbox: 0.1164  rpn_s.0.loss_giou: 0.8569  rpn_s.1.loss_cls: 0.4466  rpn_s.1.loss_bbox: 0.0473  rpn_s.1.loss_giou: 0.4199  rpn_s.2.loss_cls: 0.3820  rpn_s.2.loss_bbox: 0.0397  rpn_s.2.loss_giou: 0.3567  rpn_s.3.loss_cls: 0.3464  rpn_s.3.loss_bbox: 0.0366  rpn_s.3.loss_giou: 0.3432  s0.loss_cls: 0.4067  s0.pos_acc: 70.4545  s0.loss_bbox: 0.6227  s0.loss_iou: 1.1524  s1.loss_cls: 0.4112  s1.pos_acc: 84.0909  s1.loss_bbox: 0.6768  s1.loss_iou: 1.1952
2026/03/27 14:51:15 - mmengine - INFO - Epoch(train) [10][ 5100/10002]  lr: 2.5000e-05  eta: 1 day, 2:08:57  time: 0.3783  data_time: 0.0032  memory: 7330  grad_norm: 77.4805  loss: 8.2027  rpn_s.0.loss_cls: 0.6217  rpn_s.0.loss_bbox: 0.1129  rpn_s.0.loss_giou: 0.8153  rpn_s.1.loss_cls: 0.4441  rpn_s.1.loss_bbox: 0.0455  rpn_s.1.loss_giou: 0.4069  rpn_s.2.loss_cls: 0.3756  rpn_s.2.loss_bbox: 0.0380  rpn_s.2.loss_giou: 0.3536  rpn_s.3.loss_cls: 0.3417  rpn_s.3.loss_bbox: 0.0356  rpn_s.3.loss_giou: 0.3349  s0.loss_cls: 0.3736  s0.pos_acc: 79.2945  s0.loss_bbox: 0.6015  s0.loss_iou: 1.0964  s1.loss_cls: 0.3904  s1.pos_acc: 78.3742  s1.loss_bbox: 0.6608  s1.loss_iou: 1.1541
2026/03/27 14:51:34 - mmengine - INFO - Epoch(train) [10][ 5150/10002]  lr: 2.5000e-05  eta: 1 day, 2:06:56  time: 0.3760  data_time: 0.0031  memory: 7329  grad_norm: 78.9482  loss: 8.4008  rpn_s.0.loss_cls: 0.6071  rpn_s.0.loss_bbox: 0.1129  rpn_s.0.loss_giou: 0.8128  rpn_s.1.loss_cls: 0.4322  rpn_s.1.loss_bbox: 0.0495  rpn_s.1.loss_giou: 0.4096  rpn_s.2.loss_cls: 0.3597  rpn_s.2.loss_bbox: 0.0451  rpn_s.2.loss_giou: 0.3589  rpn_s.3.loss_cls: 0.3233  rpn_s.3.loss_bbox: 0.0428  rpn_s.3.loss_giou: 0.3424  s0.loss_cls: 0.3768  s0.pos_acc: 100.0000  s0.loss_bbox: 0.6404  s0.loss_iou: 1.1439  s1.loss_cls: 0.3944  s1.pos_acc: 100.0000  s1.loss_bbox: 0.7381  s1.loss_iou: 1.2110
2026/03/27 14:51:53 - mmengine - INFO - Epoch(train) [10][ 5200/10002]  lr: 2.5000e-05  eta: 1 day, 2:04:56  time: 0.3761  data_time: 0.0031  memory: 7329  grad_norm: 84.1130  loss: 8.3261  rpn_s.0.loss_cls: 0.6544  rpn_s.0.loss_bbox: 0.1111  rpn_s.0.loss_giou: 0.8185  rpn_s.1.loss_cls: 0.4407  rpn_s.1.loss_bbox: 0.0458  rpn_s.1.loss_giou: 0.3942  rpn_s.2.loss_cls: 0.3794  rpn_s.2.loss_bbox: 0.0401  rpn_s.2.loss_giou: 0.3445  rpn_s.3.loss_cls: 0.3325  rpn_s.3.loss_bbox: 0.0372  rpn_s.3.loss_giou: 0.3293  s0.loss_cls: 0.3779  s0.pos_acc: 63.6364  s0.loss_bbox: 0.6597  s0.loss_iou: 1.0917  s1.loss_cls: 0.3911  s1.pos_acc: 72.7273  s1.loss_bbox: 0.7343  s1.loss_iou: 1.1437
2026/03/27 14:52:12 - mmengine - INFO - Epoch(train) [10][ 5250/10002]  lr: 2.5000e-05  eta: 1 day, 2:03:01  time: 0.3824  data_time: 0.0031  memory: 7329  grad_norm: 79.2910  loss: 8.6674  rpn_s.0.loss_cls: 0.6325  rpn_s.0.loss_bbox: 0.1157  rpn_s.0.loss_giou: 0.8696  rpn_s.1.loss_cls: 0.4346  rpn_s.1.loss_bbox: 0.0481  rpn_s.1.loss_giou: 0.4496  rpn_s.2.loss_cls: 0.3487  rpn_s.2.loss_bbox: 0.0403  rpn_s.2.loss_giou: 0.3881  rpn_s.3.loss_cls: 0.3029  rpn_s.3.loss_bbox: 0.0372  rpn_s.3.loss_giou: 0.3677  s0.loss_cls: 0.3548  s0.pos_acc: 100.0000  s0.loss_bbox: 0.6682  s0.loss_iou: 1.2117  s1.loss_cls: 0.3623  s1.pos_acc: 100.0000  s1.loss_bbox: 0.7327  s1.loss_iou: 1.3027
2026/03/27 14:52:31 - mmengine - INFO - Epoch(train) [10][ 5300/10002]  lr: 2.5000e-05  eta: 1 day, 2:01:02  time: 0.3753  data_time: 0.0030  memory: 7329  grad_norm: 90.7981  loss: 7.9221  rpn_s.0.loss_cls: 0.6101  rpn_s.0.loss_bbox: 0.1089  rpn_s.0.loss_giou: 0.7552  rpn_s.1.loss_cls: 0.4416  rpn_s.1.loss_bbox: 0.0472  rpn_s.1.loss_giou: 0.3735  rpn_s.2.loss_cls: 0.3658  rpn_s.2.loss_bbox: 0.0403  rpn_s.2.loss_giou: 0.3195  rpn_s.3.loss_cls: 0.3310  rpn_s.3.loss_bbox: 0.0371  rpn_s.3.loss_giou: 0.3018  s0.loss_cls: 0.3723  s0.pos_acc: 55.0000  s0.loss_bbox: 0.6201  s0.loss_iou: 1.0438  s1.loss_cls: 0.3947  s1.pos_acc: 65.0000  s1.loss_bbox: 0.6638  s1.loss_iou: 1.0953
2026/03/27 14:52:49 - mmengine - INFO - Epoch(train) [10][ 5350/10002]  lr: 2.5000e-05  eta: 1 day, 1:59:05  time: 0.3772  data_time: 0.0030  memory: 7329  grad_norm: 99.5169  loss: 8.0529  rpn_s.0.loss_cls: 0.5998  rpn_s.0.loss_bbox: 0.1117  rpn_s.0.loss_giou: 0.7767  rpn_s.1.loss_cls: 0.4254  rpn_s.1.loss_bbox: 0.0486  rpn_s.1.loss_giou: 0.3781  rpn_s.2.loss_cls: 0.3545  rpn_s.2.loss_bbox: 0.0412  rpn_s.2.loss_giou: 0.3232  rpn_s.3.loss_cls: 0.3220  rpn_s.3.loss_bbox: 0.0385  rpn_s.3.loss_giou: 0.3053  s0.loss_cls: 0.3677  s0.pos_acc: 88.8889  s0.loss_bbox: 0.6695  s0.loss_iou: 1.0491  s1.loss_cls: 0.3848  s1.pos_acc: 88.8889  s1.loss_bbox: 0.7309  s1.loss_iou: 1.1258
2026/03/27 14:53:09 - mmengine - INFO - Epoch(train) [10][ 5400/10002]  lr: 2.5000e-05  eta: 1 day, 1:57:13  time: 0.3849  data_time: 0.0031  memory: 7330  grad_norm: 76.0237  loss: 8.2430  rpn_s.0.loss_cls: 0.5912  rpn_s.0.loss_bbox: 0.1252  rpn_s.0.loss_giou: 0.7922  rpn_s.1.loss_cls: 0.4187  rpn_s.1.loss_bbox: 0.0502  rpn_s.1.loss_giou: 0.4008  rpn_s.2.loss_cls: 0.3486  rpn_s.2.loss_bbox: 0.0445  rpn_s.2.loss_giou: 0.3460  rpn_s.3.loss_cls: 0.3075  rpn_s.3.loss_bbox: 0.0415  rpn_s.3.loss_giou: 0.3253  s0.loss_cls: 0.3691  s0.pos_acc: 100.0000  s0.loss_bbox: 0.6567  s0.loss_iou: 1.1255  s1.loss_cls: 0.3933  s1.pos_acc: 100.0000  s1.loss_bbox: 0.7023  s1.loss_iou: 1.2044
2026/03/27 14:53:28 - mmengine - INFO - Epoch(train) [10][ 5450/10002]  lr: 2.5000e-05  eta: 1 day, 1:55:19  time: 0.3813  data_time: 0.0031  memory: 7329  grad_norm: 80.7495  loss: 8.1093  rpn_s.0.loss_cls: 0.6074  rpn_s.0.loss_bbox: 0.1125  rpn_s.0.loss_giou: 0.7700  rpn_s.1.loss_cls: 0.4523  rpn_s.1.loss_bbox: 0.0475  rpn_s.1.loss_giou: 0.3845  rpn_s.2.loss_cls: 0.3892  rpn_s.2.loss_bbox: 0.0404  rpn_s.2.loss_giou: 0.3305  rpn_s.3.loss_cls: 0.3464  rpn_s.3.loss_bbox: 0.0378  rpn_s.3.loss_giou: 0.3148  s0.loss_cls: 0.3796  s0.pos_acc: 100.0000  s0.loss_bbox: 0.6515  s0.loss_iou: 1.0377  s1.loss_cls: 0.4007  s1.pos_acc: 100.0000  s1.loss_bbox: 0.7018  s1.loss_iou: 1.1047
2026/03/27 14:53:47 - mmengine - INFO - Epoch(train) [10][ 5500/10002]  lr: 2.5000e-05  eta: 1 day, 1:53:26  time: 0.3812  data_time: 0.0031  memory: 7329  grad_norm: 84.9717  loss: 8.9922  rpn_s.0.loss_cls: 0.6508  rpn_s.0.loss_bbox: 0.1271  rpn_s.0.loss_giou: 0.9094  rpn_s.1.loss_cls: 0.4615  rpn_s.1.loss_bbox: 0.0534  rpn_s.1.loss_giou: 0.4321  rpn_s.2.loss_cls: 0.3819  rpn_s.2.loss_bbox: 0.0460  rpn_s.2.loss_giou: 0.3733  rpn_s.3.loss_cls: 0.3422  rpn_s.3.loss_bbox: 0.0444  rpn_s.3.loss_giou: 0.3562  s0.loss_cls: 0.3818  s0.pos_acc: 80.3030  s0.loss_bbox: 0.6766  s0.loss_iou: 1.2623  s1.loss_cls: 0.4037  s1.pos_acc: 77.2727  s1.loss_bbox: 0.7572  s1.loss_iou: 1.3321
2026/03/27 14:54:06 - mmengine - INFO - Epoch(train) [10][ 5550/10002]  lr: 2.5000e-05  eta: 1 day, 1:51:34  time: 0.3812  data_time: 0.0032  memory: 7329  grad_norm: 74.1215  loss: 8.3409  rpn_s.0.loss_cls: 0.6118  rpn_s.0.loss_bbox: 0.1172  rpn_s.0.loss_giou: 0.7786  rpn_s.1.loss_cls: 0.4656  rpn_s.1.loss_bbox: 0.0513  rpn_s.1.loss_giou: 0.3915  rpn_s.2.loss_cls: 0.3926  rpn_s.2.loss_bbox: 0.0438  rpn_s.2.loss_giou: 0.3453  rpn_s.3.loss_cls: 0.3483  rpn_s.3.loss_bbox: 0.0412  rpn_s.3.loss_giou: 0.3284  s0.loss_cls: 0.3944  s0.pos_acc: 55.5556  s0.loss_bbox: 0.6018  s0.loss_iou: 1.1471  s1.loss_cls: 0.4408  s1.pos_acc: 55.5556  s1.loss_bbox: 0.6325  s1.loss_iou: 1.2088
2026/03/27 14:54:25 - mmengine - INFO - Epoch(train) [10][ 5600/10002]  lr: 2.5000e-05  eta: 1 day, 1:49:43  time: 0.3829  data_time: 0.0031  memory: 7329  grad_norm: 73.9289  loss: 8.7580  rpn_s.0.loss_cls: 0.6386  rpn_s.0.loss_bbox: 0.1121  rpn_s.0.loss_giou: 0.8630  rpn_s.1.loss_cls: 0.4473  rpn_s.1.loss_bbox: 0.0524  rpn_s.1.loss_giou: 0.4442  rpn_s.2.loss_cls: 0.3646  rpn_s.2.loss_bbox: 0.0439  rpn_s.2.loss_giou: 0.3789  rpn_s.3.loss_cls: 0.3239  rpn_s.3.loss_bbox: 0.0407  rpn_s.3.loss_giou: 0.3599  s0.loss_cls: 0.3623  s0.pos_acc: 60.7143  s0.loss_bbox: 0.6828  s0.loss_iou: 1.2353  s1.loss_cls: 0.3915  s1.pos_acc: 57.1429  s1.loss_bbox: 0.7494  s1.loss_iou: 1.2671
2026/03/27 14:54:44 - mmengine - INFO - Epoch(train) [10][ 5650/10002]  lr: 2.5000e-05  eta: 1 day, 1:47:55  time: 0.3865  data_time: 0.0032  memory: 7329  grad_norm: 77.2497  loss: 9.0132  rpn_s.0.loss_cls: 0.6535  rpn_s.0.loss_bbox: 0.1167  rpn_s.0.loss_giou: 0.8966  rpn_s.1.loss_cls: 0.4607  rpn_s.1.loss_bbox: 0.0491  rpn_s.1.loss_giou: 0.4291  rpn_s.2.loss_cls: 0.4113  rpn_s.2.loss_bbox: 0.0399  rpn_s.2.loss_giou: 0.3727  rpn_s.3.loss_cls: 0.3666  rpn_s.3.loss_bbox: 0.0379  rpn_s.3.loss_giou: 0.3570  s0.loss_cls: 0.4167  s0.pos_acc: 80.0000  s0.loss_bbox: 0.7092  s0.loss_iou: 1.1957  s1.loss_cls: 0.4393  s1.pos_acc: 80.0000  s1.loss_bbox: 0.7883  s1.loss_iou: 1.2729
2026/03/27 14:55:03 - mmengine - INFO - Epoch(train) [10][ 5700/10002]  lr: 2.5000e-05  eta: 1 day, 1:46:03  time: 0.3788  data_time: 0.0031  memory: 7329  grad_norm: 77.8800  loss: 7.9315  rpn_s.0.loss_cls: 0.5951  rpn_s.0.loss_bbox: 0.1050  rpn_s.0.loss_giou: 0.7075  rpn_s.1.loss_cls: 0.4420  rpn_s.1.loss_bbox: 0.0485  rpn_s.1.loss_giou: 0.3573  rpn_s.2.loss_cls: 0.3701  rpn_s.2.loss_bbox: 0.0430  rpn_s.2.loss_giou: 0.3174  rpn_s.3.loss_cls: 0.3409  rpn_s.3.loss_bbox: 0.0415  rpn_s.3.loss_giou: 0.3042  s0.loss_cls: 0.3810  s0.pos_acc: 87.0968  s0.loss_bbox: 0.6588  s0.loss_iou: 1.0307  s1.loss_cls: 0.3949  s1.pos_acc: 87.0968  s1.loss_bbox: 0.6875  s1.loss_iou: 1.1062
2026/03/27 14:55:22 - mmengine - INFO - Epoch(train) [10][ 5750/10002]  lr: 2.5000e-05  eta: 1 day, 1:44:12  time: 0.3811  data_time: 0.0032  memory: 7330  grad_norm: 74.6053  loss: 8.5014  rpn_s.0.loss_cls: 0.6416  rpn_s.0.loss_bbox: 0.1137  rpn_s.0.loss_giou: 0.8190  rpn_s.1.loss_cls: 0.4659  rpn_s.1.loss_bbox: 0.0491  rpn_s.1.loss_giou: 0.4021  rpn_s.2.loss_cls: 0.3886  rpn_s.2.loss_bbox: 0.0414  rpn_s.2.loss_giou: 0.3520  rpn_s.3.loss_cls: 0.3481  rpn_s.3.loss_bbox: 0.0380  rpn_s.3.loss_giou: 0.3360  s0.loss_cls: 0.3882  s0.pos_acc: 58.9744  s0.loss_bbox: 0.6616  s0.loss_iou: 1.1467  s1.loss_cls: 0.4270  s1.pos_acc: 59.4017  s1.loss_bbox: 0.6727  s1.loss_iou: 1.2097
2026/03/27 14:55:41 - mmengine - INFO - Epoch(train) [10][ 5800/10002]  lr: 2.5000e-05  eta: 1 day, 1:42:21  time: 0.3781  data_time: 0.0031  memory: 7329  grad_norm: 76.9788  loss: 9.0053  rpn_s.0.loss_cls: 0.6561  rpn_s.0.loss_bbox: 0.1162  rpn_s.0.loss_giou: 0.8405  rpn_s.1.loss_cls: 0.4841  rpn_s.1.loss_bbox: 0.0537  rpn_s.1.loss_giou: 0.4352  rpn_s.2.loss_cls: 0.4225  rpn_s.2.loss_bbox: 0.0456  rpn_s.2.loss_giou: 0.3842  rpn_s.3.loss_cls: 0.3796  rpn_s.3.loss_bbox: 0.0413  rpn_s.3.loss_giou: 0.3618  s0.loss_cls: 0.4151  s0.pos_acc: 72.0339  s0.loss_bbox: 0.6616  s0.loss_iou: 1.2662  s1.loss_cls: 0.4543  s1.pos_acc: 71.1864  s1.loss_bbox: 0.6931  s1.loss_iou: 1.2943
2026/03/27 14:56:00 - mmengine - INFO - Epoch(train) [10][ 5850/10002]  lr: 2.5000e-05  eta: 1 day, 1:40:32  time: 0.3807  data_time: 0.0031  memory: 7329  grad_norm: 108.2185  loss: 8.3723  rpn_s.0.loss_cls: 0.6579  rpn_s.0.loss_bbox: 0.1088  rpn_s.0.loss_giou: 0.8190  rpn_s.1.loss_cls: 0.4509  rpn_s.1.loss_bbox: 0.0473  rpn_s.1.loss_giou: 0.4069  rpn_s.2.loss_cls: 0.3671  rpn_s.2.loss_bbox: 0.0413  rpn_s.2.loss_giou: 0.3513  rpn_s.3.loss_cls: 0.3327  rpn_s.3.loss_bbox: 0.0393  rpn_s.3.loss_giou: 0.3386  s0.loss_cls: 0.3784  s0.pos_acc: 75.5682  s0.loss_bbox: 0.6702  s0.loss_iou: 1.1013  s1.loss_cls: 0.4073  s1.pos_acc: 73.2955  s1.loss_bbox: 0.7029  s1.loss_iou: 1.1511
2026/03/27 14:56:20 - mmengine - INFO - Epoch(train) [10][ 5900/10002]  lr: 2.5000e-05  eta: 1 day, 1:38:46  time: 0.3863  data_time: 0.0032  memory: 7330  grad_norm: 87.2722  loss: 8.7510  rpn_s.0.loss_cls: 0.6478  rpn_s.0.loss_bbox: 0.1142  rpn_s.0.loss_giou: 0.8567  rpn_s.1.loss_cls: 0.4767  rpn_s.1.loss_bbox: 0.0505  rpn_s.1.loss_giou: 0.4318  rpn_s.2.loss_cls: 0.3908  rpn_s.2.loss_bbox: 0.0440  rpn_s.2.loss_giou: 0.3805  rpn_s.3.loss_cls: 0.3567  rpn_s.3.loss_bbox: 0.0404  rpn_s.3.loss_giou: 0.3610  s0.loss_cls: 0.3968  s0.pos_acc: 68.9655  s0.loss_bbox: 0.6422  s0.loss_iou: 1.1979  s1.loss_cls: 0.4097  s1.pos_acc: 67.2414  s1.loss_bbox: 0.7116  s1.loss_iou: 1.2417
2026/03/27 14:56:39 - mmengine - INFO - Epoch(train) [10][ 5950/10002]  lr: 2.5000e-05  eta: 1 day, 1:36:59  time: 0.3813  data_time: 0.0032  memory: 7329  grad_norm: 141.5833  loss: 8.5901  rpn_s.0.loss_cls: 0.6411  rpn_s.0.loss_bbox: 0.1066  rpn_s.0.loss_giou: 0.8774  rpn_s.1.loss_cls: 0.4523  rpn_s.1.loss_bbox: 0.0455  rpn_s.1.loss_giou: 0.4281  rpn_s.2.loss_cls: 0.3791  rpn_s.2.loss_bbox: 0.0367  rpn_s.2.loss_giou: 0.3683  rpn_s.3.loss_cls: 0.3343  rpn_s.3.loss_bbox: 0.0350  rpn_s.3.loss_giou: 0.3514  s0.loss_cls: 0.3751  s0.pos_acc: 90.0000  s0.loss_bbox: 0.6134  s0.loss_iou: 1.2054  s1.loss_cls: 0.4005  s1.pos_acc: 80.0000  s1.loss_bbox: 0.6474  s1.loss_iou: 1.2926
2026/03/27 14:56:53 - mmengine - INFO - Exp name: GSDet_r50_b900_h2h4_h2r1_r2r1_2x_fair1m1.0_20260327_123453
2026/03/27 14:56:58 - mmengine - INFO - Epoch(train) [10][ 6000/10002]  lr: 2.5000e-05  eta: 1 day, 1:35:15  time: 0.3876  data_time: 0.0032  memory: 7330  grad_norm: 81.3834  loss: 8.7049  rpn_s.0.loss_cls: 0.6418  rpn_s.0.loss_bbox: 0.1095  rpn_s.0.loss_giou: 0.8730  rpn_s.1.loss_cls: 0.4406  rpn_s.1.loss_bbox: 0.0440  rpn_s.1.loss_giou: 0.4219  rpn_s.2.loss_cls: 0.3689  rpn_s.2.loss_bbox: 0.0366  rpn_s.2.loss_giou: 0.3624  rpn_s.3.loss_cls: 0.3313  rpn_s.3.loss_bbox: 0.0335  rpn_s.3.loss_giou: 0.3397  s0.loss_cls: 0.3780  s0.pos_acc: 76.9231  s0.loss_bbox: 0.7140  s0.loss_iou: 1.1592  s1.loss_cls: 0.4039  s1.pos_acc: 67.9487  s1.loss_bbox: 0.7878  s1.loss_iou: 1.2587
2026/03/27 14:57:17 - mmengine - INFO - Epoch(train) [10][ 6050/10002]  lr: 2.5000e-05  eta: 1 day, 1:33:32  time: 0.3885  data_time: 0.0033  memory: 7330  grad_norm: 76.1691  loss: 8.5818  rpn_s.0.loss_cls: 0.6507  rpn_s.0.loss_bbox: 0.1098  rpn_s.0.loss_giou: 0.8227  rpn_s.1.loss_cls: 0.4604  rpn_s.1.loss_bbox: 0.0502  rpn_s.1.loss_giou: 0.4166  rpn_s.2.loss_cls: 0.3804  rpn_s.2.loss_bbox: 0.0431  rpn_s.2.loss_giou: 0.3621  rpn_s.3.loss_cls: 0.3468  rpn_s.3.loss_bbox: 0.0420  rpn_s.3.loss_giou: 0.3456  s0.loss_cls: 0.3864  s0.pos_acc: 64.2857  s0.loss_bbox: 0.6401  s0.loss_iou: 1.1915  s1.loss_cls: 0.4146  s1.pos_acc: 85.7143  s1.loss_bbox: 0.6738  s1.loss_iou: 1.2449
2026/03/27 14:57:37 - mmengine - INFO - Epoch(train) [10][ 6100/10002]  lr: 2.5000e-05  eta: 1 day, 1:31:47  time: 0.3831  data_time: 0.0032  memory: 7329  grad_norm: 83.1694  loss: 7.6959  rpn_s.0.loss_cls: 0.6084  rpn_s.0.loss_bbox: 0.0992  rpn_s.0.loss_giou: 0.6760  rpn_s.1.loss_cls: 0.4103  rpn_s.1.loss_bbox: 0.0477  rpn_s.1.loss_giou: 0.3659  rpn_s.2.loss_cls: 0.3470  rpn_s.2.loss_bbox: 0.0406  rpn_s.2.loss_giou: 0.3212  rpn_s.3.loss_cls: 0.3077  rpn_s.3.loss_bbox: 0.0375  rpn_s.3.loss_giou: 0.3059  s0.loss_cls: 0.3410  s0.pos_acc: 100.0000  s0.loss_bbox: 0.6659  s0.loss_iou: 0.9988  s1.loss_cls: 0.3630  s1.pos_acc: 100.0000  s1.loss_bbox: 0.6910  s1.loss_iou: 1.0689
2026/03/27 14:57:56 - mmengine - INFO - Epoch(train) [10][ 6150/10002]  lr: 2.5000e-05  eta: 1 day, 1:30:05  time: 0.3871  data_time: 0.0032  memory: 7329  grad_norm: 83.5732  loss: 7.7299  rpn_s.0.loss_cls: 0.5881  rpn_s.0.loss_bbox: 0.1091  rpn_s.0.loss_giou: 0.7169  rpn_s.1.loss_cls: 0.4340  rpn_s.1.loss_bbox: 0.0487  rpn_s.1.loss_giou: 0.3577  rpn_s.2.loss_cls: 0.3599  rpn_s.2.loss_bbox: 0.0406  rpn_s.2.loss_giou: 0.3047  rpn_s.3.loss_cls: 0.3118  rpn_s.3.loss_bbox: 0.0390  rpn_s.3.loss_giou: 0.2907  s0.loss_cls: 0.3568  s0.pos_acc: 100.0000  s0.loss_bbox: 0.6541  s0.loss_iou: 1.0058  s1.loss_cls: 0.3882  s1.pos_acc: 84.6154  s1.loss_bbox: 0.6644  s1.loss_iou: 1.0594
2026/03/27 14:58:15 - mmengine - INFO - Epoch(train) [10][ 6200/10002]  lr: 2.5000e-05  eta: 1 day, 1:28:22  time: 0.3864  data_time: 0.0032  memory: 7329  grad_norm: 79.7158  loss: 8.2395  rpn_s.0.loss_cls: 0.5970  rpn_s.0.loss_bbox: 0.1037  rpn_s.0.loss_giou: 0.8228  rpn_s.1.loss_cls: 0.4245  rpn_s.1.loss_bbox: 0.0428  rpn_s.1.loss_giou: 0.4043  rpn_s.2.loss_cls: 0.3507  rpn_s.2.loss_bbox: 0.0358  rpn_s.2.loss_giou: 0.3518  rpn_s.3.loss_cls: 0.3204  rpn_s.3.loss_bbox: 0.0335  rpn_s.3.loss_giou: 0.3328  s0.loss_cls: 0.3552  s0.pos_acc: 74.5283  s0.loss_bbox: 0.6280  s0.loss_iou: 1.1301  s1.loss_cls: 0.3839  s1.pos_acc: 72.6415  s1.loss_bbox: 0.7254  s1.loss_iou: 1.1968
2026/03/27 14:58:34 - mmengine - INFO - Epoch(train) [10][ 6250/10002]  lr: 2.5000e-05  eta: 1 day, 1:26:38  time: 0.3826  data_time: 0.0032  memory: 7329  grad_norm: 80.0107  loss: 8.3590  rpn_s.0.loss_cls: 0.6304  rpn_s.0.loss_bbox: 0.1174  rpn_s.0.loss_giou: 0.8577  rpn_s.1.loss_cls: 0.4341  rpn_s.1.loss_bbox: 0.0506  rpn_s.1.loss_giou: 0.4224  rpn_s.2.loss_cls: 0.3687  rpn_s.2.loss_bbox: 0.0422  rpn_s.2.loss_giou: 0.3587  rpn_s.3.loss_cls: 0.3184  rpn_s.3.loss_bbox: 0.0388  rpn_s.3.loss_giou: 0.3396  s0.loss_cls: 0.3524  s0.pos_acc: 68.7500  s0.loss_bbox: 0.6129  s0.loss_iou: 1.1688  s1.loss_cls: 0.3586  s1.pos_acc: 68.7500  s1.loss_bbox: 0.6533  s1.loss_iou: 1.2340
2026/03/27 14:58:53 - mmengine - INFO - Epoch(train) [10][ 6300/10002]  lr: 2.5000e-05  eta: 1 day, 1:24:53  time: 0.3785  data_time: 0.0032  memory: 7329  grad_norm: 81.6028  loss: 8.6745  rpn_s.0.loss_cls: 0.6303  rpn_s.0.loss_bbox: 0.1211  rpn_s.0.loss_giou: 0.8391  rpn_s.1.loss_cls: 0.4448  rpn_s.1.loss_bbox: 0.0544  rpn_s.1.loss_giou: 0.4182  rpn_s.2.loss_cls: 0.3631  rpn_s.2.loss_bbox: 0.0453  rpn_s.2.loss_giou: 0.3617  rpn_s.3.loss_cls: 0.3229  rpn_s.3.loss_bbox: 0.0420  rpn_s.3.loss_giou: 0.3446  s0.loss_cls: 0.3584  s0.pos_acc: 68.5629  s0.loss_bbox: 0.6978  s0.loss_iou: 1.2125  s1.loss_cls: 0.3789  s1.pos_acc: 67.9641  s1.loss_bbox: 0.7581  s1.loss_iou: 1.2813
2026/03/27 14:59:12 - mmengine - INFO - Epoch(train) [10][ 6350/10002]  lr: 2.5000e-05  eta: 1 day, 1:23:08  time: 0.3793  data_time: 0.0032  memory: 7329  grad_norm: 78.8764  loss: 8.1238  rpn_s.0.loss_cls: 0.6162  rpn_s.0.loss_bbox: 0.1118  rpn_s.0.loss_giou: 0.7895  rpn_s.1.loss_cls: 0.4198  rpn_s.1.loss_bbox: 0.0500  rpn_s.1.loss_giou: 0.4002  rpn_s.2.loss_cls: 0.3530  rpn_s.2.loss_bbox: 0.0423  rpn_s.2.loss_giou: 0.3445  rpn_s.3.loss_cls: 0.3115  rpn_s.3.loss_bbox: 0.0395  rpn_s.3.loss_giou: 0.3257  s0.loss_cls: 0.3515  s0.pos_acc: 59.7561  s0.loss_bbox: 0.6534  s0.loss_iou: 1.0705  s1.loss_cls: 0.3659  s1.pos_acc: 58.5366  s1.loss_bbox: 0.7237  s1.loss_iou: 1.1550
2026/03/27 14:59:32 - mmengine - INFO - Epoch(train) [10][ 6400/10002]  lr: 2.5000e-05  eta: 1 day, 1:21:29  time: 0.3891  data_time: 0.0032  memory: 7330  grad_norm: 74.0046  loss: 8.6445  rpn_s.0.loss_cls: 0.6535  rpn_s.0.loss_bbox: 0.1087  rpn_s.0.loss_giou: 0.8589  rpn_s.1.loss_cls: 0.4685  rpn_s.1.loss_bbox: 0.0425  rpn_s.1.loss_giou: 0.4214  rpn_s.2.loss_cls: 0.3903  rpn_s.2.loss_bbox: 0.0365  rpn_s.2.loss_giou: 0.3616  rpn_s.3.loss_cls: 0.3518  rpn_s.3.loss_bbox: 0.0333  rpn_s.3.loss_giou: 0.3392  s0.loss_cls: 0.4054  s0.pos_acc: 76.4706  s0.loss_bbox: 0.6467  s0.loss_iou: 1.1539  s1.loss_cls: 0.4136  s1.pos_acc: 79.4118  s1.loss_bbox: 0.7392  s1.loss_iou: 1.2195
2026/03/27 14:59:51 - mmengine - INFO - Epoch(train) [10][ 6450/10002]  lr: 2.5000e-05  eta: 1 day, 1:19:47  time: 0.3825  data_time: 0.0032  memory: 7330  grad_norm: 72.0715  loss: 8.3414  rpn_s.0.loss_cls: 0.6025  rpn_s.0.loss_bbox: 0.1222  rpn_s.0.loss_giou: 0.8489  rpn_s.1.loss_cls: 0.4245  rpn_s.1.loss_bbox: 0.0503  rpn_s.1.loss_giou: 0.4103  rpn_s.2.loss_cls: 0.3437  rpn_s.2.loss_bbox: 0.0432  rpn_s.2.loss_giou: 0.3510  rpn_s.3.loss_cls: 0.3074  rpn_s.3.loss_bbox: 0.0406  rpn_s.3.loss_giou: 0.3299  s0.loss_cls: 0.3424  s0.pos_acc: 69.2708  s0.loss_bbox: 0.6518  s0.loss_iou: 1.1672  s1.loss_cls: 0.3615  s1.pos_acc: 69.7917  s1.loss_bbox: 0.7165  s1.loss_iou: 1.2276
2026/03/27 15:00:10 - mmengine - INFO - Epoch(train) [10][ 6500/10002]  lr: 2.5000e-05  eta: 1 day, 1:18:03  time: 0.3761  data_time: 0.0032  memory: 7329  grad_norm: 85.7014  loss: 8.7240  rpn_s.0.loss_cls: 0.6641  rpn_s.0.loss_bbox: 0.1220  rpn_s.0.loss_giou: 0.8076  rpn_s.1.loss_cls: 0.4568  rpn_s.1.loss_bbox: 0.0597  rpn_s.1.loss_giou: 0.4144  rpn_s.2.loss_cls: 0.4014  rpn_s.2.loss_bbox: 0.0524  rpn_s.2.loss_giou: 0.3604  rpn_s.3.loss_cls: 0.3648  rpn_s.3.loss_bbox: 0.0489  rpn_s.3.loss_giou: 0.3409  s0.loss_cls: 0.4161  s0.pos_acc: 73.3333  s0.loss_bbox: 0.6733  s0.loss_iou: 1.1641  s1.loss_cls: 0.4269  s1.pos_acc: 75.7143  s1.loss_bbox: 0.7285  s1.loss_iou: 1.2218
2026/03/27 15:00:29 - mmengine - INFO - Epoch(train) [10][ 6550/10002]  lr: 2.5000e-05  eta: 1 day, 1:16:23  time: 0.3855  data_time: 0.0032  memory: 7329  grad_norm: 77.0383  loss: 8.5217  rpn_s.0.loss_cls: 0.6535  rpn_s.0.loss_bbox: 0.1189  rpn_s.0.loss_giou: 0.9105  rpn_s.1.loss_cls: 0.4346  rpn_s.1.loss_bbox: 0.0466  rpn_s.1.loss_giou: 0.4239  rpn_s.2.loss_cls: 0.3649  rpn_s.2.loss_bbox: 0.0377  rpn_s.2.loss_giou: 0.3573  rpn_s.3.loss_cls: 0.3233  rpn_s.3.loss_bbox: 0.0340  rpn_s.3.loss_giou: 0.3342  s0.loss_cls: 0.3622  s0.pos_acc: 100.0000  s0.loss_bbox: 0.6716  s0.loss_iou: 1.1611  s1.loss_cls: 0.3790  s1.pos_acc: 100.0000  s1.loss_bbox: 0.6963  s1.loss_iou: 1.2121
2026/03/27 15:00:48 - mmengine - INFO - Epoch(train) [10][ 6600/10002]  lr: 2.5000e-05  eta: 1 day, 1:14:42  time: 0.3801  data_time: 0.0032  memory: 7329  grad_norm: 73.4671  loss: 7.8471  rpn_s.0.loss_cls: 0.6132  rpn_s.0.loss_bbox: 0.1052  rpn_s.0.loss_giou: 0.7624  rpn_s.1.loss_cls: 0.4405  rpn_s.1.loss_bbox: 0.0448  rpn_s.1.loss_giou: 0.3773  rpn_s.2.loss_cls: 0.3720  rpn_s.2.loss_bbox: 0.0371  rpn_s.2.loss_giou: 0.3230  rpn_s.3.loss_cls: 0.3286  rpn_s.3.loss_bbox: 0.0363  rpn_s.3.loss_giou: 0.3105  s0.loss_cls: 0.3555  s0.pos_acc: 82.6087  s0.loss_bbox: 0.5558  s0.loss_iou: 1.0647  s1.loss_cls: 0.3738  s1.pos_acc: 73.9130  s1.loss_bbox: 0.6127  s1.loss_iou: 1.1336
2026/03/27 15:01:07 - mmengine - INFO - Epoch(train) [10][ 6650/10002]  lr: 2.5000e-05  eta: 1 day, 1:13:03  time: 0.3839  data_time: 0.0033  memory: 7329  grad_norm: 81.1073  loss: 8.8161  rpn_s.0.loss_cls: 0.6302  rpn_s.0.loss_bbox: 0.1130  rpn_s.0.loss_giou: 0.8614  rpn_s.1.loss_cls: 0.4377  rpn_s.1.loss_bbox: 0.0512  rpn_s.1.loss_giou: 0.4437  rpn_s.2.loss_cls: 0.3676  rpn_s.2.loss_bbox: 0.0440  rpn_s.2.loss_giou: 0.3844  rpn_s.3.loss_cls: 0.3361  rpn_s.3.loss_bbox: 0.0400  rpn_s.3.loss_giou: 0.3602  s0.loss_cls: 0.3652  s0.pos_acc: 100.0000  s0.loss_bbox: 0.6477  s0.loss_iou: 1.2933  s1.loss_cls: 0.3930  s1.pos_acc: 100.0000  s1.loss_bbox: 0.6756  s1.loss_iou: 1.3718
2026/03/27 15:01:26 - mmengine - INFO - Epoch(train) [10][ 6700/10002]  lr: 2.5000e-05  eta: 1 day, 1:11:25  time: 0.3848  data_time: 0.0032  memory: 7329  grad_norm: 74.3927  loss: 8.5636  rpn_s.0.loss_cls: 0.6469  rpn_s.0.loss_bbox: 0.1164  rpn_s.0.loss_giou: 0.8256  rpn_s.1.loss_cls: 0.4485  rpn_s.1.loss_bbox: 0.0518  rpn_s.1.loss_giou: 0.4249  rpn_s.2.loss_cls: 0.3770  rpn_s.2.loss_bbox: 0.0433  rpn_s.2.loss_giou: 0.3637  rpn_s.3.loss_cls: 0.3324  rpn_s.3.loss_bbox: 0.0400  rpn_s.3.loss_giou: 0.3420  s0.loss_cls: 0.3868  s0.pos_acc: 76.6667  s0.loss_bbox: 0.6503  s0.loss_iou: 1.1628  s1.loss_cls: 0.4083  s1.pos_acc: 74.1667  s1.loss_bbox: 0.7151  s1.loss_iou: 1.2282
2026/03/27 15:01:46 - mmengine - INFO - Epoch(train) [10][ 6750/10002]  lr: 2.5000e-05  eta: 1 day, 1:09:54  time: 0.3988  data_time: 0.0032  memory: 7330  grad_norm: 79.0957  loss: 8.3893  rpn_s.0.loss_cls: 0.6172  rpn_s.0.loss_bbox: 0.1138  rpn_s.0.loss_giou: 0.8374  rpn_s.1.loss_cls: 0.4327  rpn_s.1.loss_bbox: 0.0513  rpn_s.1.loss_giou: 0.4198  rpn_s.2.loss_cls: 0.3692  rpn_s.2.loss_bbox: 0.0418  rpn_s.2.loss_giou: 0.3532  rpn_s.3.loss_cls: 0.3341  rpn_s.3.loss_bbox: 0.0378  rpn_s.3.loss_giou: 0.3273  s0.loss_cls: 0.3822  s0.pos_acc: 83.0189  s0.loss_bbox: 0.6233  s0.loss_iou: 1.1693  s1.loss_cls: 0.4017  s1.pos_acc: 81.1321  s1.loss_bbox: 0.6451  s1.loss_iou: 1.2321
2026/03/27 15:02:06 - mmengine - INFO - Epoch(train) [10][ 6800/10002]  lr: 2.5000e-05  eta: 1 day, 1:08:16  time: 0.3843  data_time: 0.0032  memory: 7330  grad_norm: 86.1561  loss: 8.5768  rpn_s.0.loss_cls: 0.6546  rpn_s.0.loss_bbox: 0.1160  rpn_s.0.loss_giou: 0.8929  rpn_s.1.loss_cls: 0.4440  rpn_s.1.loss_bbox: 0.0485  rpn_s.1.loss_giou: 0.4366  rpn_s.2.loss_cls: 0.3709  rpn_s.2.loss_bbox: 0.0387  rpn_s.2.loss_giou: 0.3713  rpn_s.3.loss_cls: 0.3297  rpn_s.3.loss_bbox: 0.0358  rpn_s.3.loss_giou: 0.3481  s0.loss_cls: 0.3604  s0.pos_acc: 78.0488  s0.loss_bbox: 0.6527  s0.loss_iou: 1.1660  s1.loss_cls: 0.3909  s1.pos_acc: 67.0732  s1.loss_bbox: 0.6858  s1.loss_iou: 1.2339
2026/03/27 15:02:25 - mmengine - INFO - Epoch(train) [10][ 6850/10002]  lr: 2.5000e-05  eta: 1 day, 1:06:40  time: 0.3851  data_time: 0.0032  memory: 7330  grad_norm: 93.4998  loss: 8.5595  rpn_s.0.loss_cls: 0.6534  rpn_s.0.loss_bbox: 0.1175  rpn_s.0.loss_giou: 0.8952  rpn_s.1.loss_cls: 0.4489  rpn_s.1.loss_bbox: 0.0500  rpn_s.1.loss_giou: 0.4252  rpn_s.2.loss_cls: 0.3677  rpn_s.2.loss_bbox: 0.0407  rpn_s.2.loss_giou: 0.3631  rpn_s.3.loss_cls: 0.3249  rpn_s.3.loss_bbox: 0.0351  rpn_s.3.loss_giou: 0.3384  s0.loss_cls: 0.3768  s0.pos_acc: 73.0337  s0.loss_bbox: 0.6458  s0.loss_iou: 1.1596  s1.loss_cls: 0.4116  s1.pos_acc: 71.3483  s1.loss_bbox: 0.6937  s1.loss_iou: 1.2118
2026/03/27 15:02:44 - mmengine - INFO - Epoch(train) [10][ 6900/10002]  lr: 2.5000e-05  eta: 1 day, 1:05:02  time: 0.3810  data_time: 0.0032  memory: 7329  grad_norm: 75.2734  loss: 8.4519  rpn_s.0.loss_cls: 0.6454  rpn_s.0.loss_bbox: 0.1056  rpn_s.0.loss_giou: 0.8176  rpn_s.1.loss_cls: 0.4648  rpn_s.1.loss_bbox: 0.0442  rpn_s.1.loss_giou: 0.4115  rpn_s.2.loss_cls: 0.4093  rpn_s.2.loss_bbox: 0.0367  rpn_s.2.loss_giou: 0.3557  rpn_s.3.loss_cls: 0.3744  rpn_s.3.loss_bbox: 0.0333  rpn_s.3.loss_giou: 0.3333  s0.loss_cls: 0.4107  s0.pos_acc: 62.0915  s0.loss_bbox: 0.6282  s0.loss_iou: 1.1375  s1.loss_cls: 0.4244  s1.pos_acc: 60.4575  s1.loss_bbox: 0.6506  s1.loss_iou: 1.1688
2026/03/27 15:03:04 - mmengine - INFO - Epoch(train) [10][ 6950/10002]  lr: 2.5000e-05  eta: 1 day, 1:03:30  time: 0.3926  data_time: 0.0032  memory: 7330  grad_norm: 71.5077  loss: 8.6338  rpn_s.0.loss_cls: 0.6255  rpn_s.0.loss_bbox: 0.1227  rpn_s.0.loss_giou: 0.8612  rpn_s.1.loss_cls: 0.4525  rpn_s.1.loss_bbox: 0.0531  rpn_s.1.loss_giou: 0.4365  rpn_s.2.loss_cls: 0.3906  rpn_s.2.loss_bbox: 0.0446  rpn_s.2.loss_giou: 0.3771  rpn_s.3.loss_cls: 0.3469  rpn_s.3.loss_bbox: 0.0416  rpn_s.3.loss_giou: 0.3547  s0.loss_cls: 0.4052  s0.pos_acc: 89.1304  s0.loss_bbox: 0.6038  s0.loss_iou: 1.1768  s1.loss_cls: 0.4380  s1.pos_acc: 91.3043  s1.loss_bbox: 0.6536  s1.loss_iou: 1.2495
2026/03/27 15:03:18 - mmengine - INFO - Exp name: GSDet_r50_b900_h2h4_h2r1_r2r1_2x_fair1m1.0_20260327_123453
2026/03/27 15:03:23 - mmengine - INFO - Epoch(train) [10][ 7000/10002]  lr: 2.5000e-05  eta: 1 day, 1:01:54  time: 0.3852  data_time: 0.0032  memory: 7329  grad_norm: 76.1782  loss: 8.1997  rpn_s.0.loss_cls: 0.5994  rpn_s.0.loss_bbox: 0.1166  rpn_s.0.loss_giou: 0.8214  rpn_s.1.loss_cls: 0.4300  rpn_s.1.loss_bbox: 0.0506  rpn_s.1.loss_giou: 0.4020  rpn_s.2.loss_cls: 0.3732  rpn_s.2.loss_bbox: 0.0426  rpn_s.2.loss_giou: 0.3436  rpn_s.3.loss_cls: 0.3331  rpn_s.3.loss_bbox: 0.0392  rpn_s.3.loss_giou: 0.3211  s0.loss_cls: 0.3697  s0.pos_acc: 80.6122  s0.loss_bbox: 0.5877  s0.loss_iou: 1.1393  s1.loss_cls: 0.3948  s1.pos_acc: 79.5918  s1.loss_bbox: 0.6354  s1.loss_iou: 1.1999
2026/03/27 15:03:42 - mmengine - INFO - Epoch(train) [10][ 7050/10002]  lr: 2.5000e-05  eta: 1 day, 1:00:18  time: 0.3819  data_time: 0.0032  memory: 7330  grad_norm: 82.9338  loss: 8.7886  rpn_s.0.loss_cls: 0.6471  rpn_s.0.loss_bbox: 0.1194  rpn_s.0.loss_giou: 0.8679  rpn_s.1.loss_cls: 0.4520  rpn_s.1.loss_bbox: 0.0539  rpn_s.1.loss_giou: 0.4469  rpn_s.2.loss_cls: 0.3886  rpn_s.2.loss_bbox: 0.0449  rpn_s.2.loss_giou: 0.3804  rpn_s.3.loss_cls: 0.3466  rpn_s.3.loss_bbox: 0.0420  rpn_s.3.loss_giou: 0.3597  s0.loss_cls: 0.3937  s0.pos_acc: 100.0000  s0.loss_bbox: 0.6398  s0.loss_iou: 1.2197  s1.loss_cls: 0.4080  s1.pos_acc: 100.0000  s1.loss_bbox: 0.7048  s1.loss_iou: 1.2733
2026/03/27 15:04:01 - mmengine - INFO - Epoch(train) [10][ 7100/10002]  lr: 2.5000e-05  eta: 1 day, 0:58:43  time: 0.3834  data_time: 0.0032  memory: 7329  grad_norm: 80.7283  loss: 8.1676  rpn_s.0.loss_cls: 0.6488  rpn_s.0.loss_bbox: 0.1088  rpn_s.0.loss_giou: 0.7709  rpn_s.1.loss_cls: 0.4609  rpn_s.1.loss_bbox: 0.0470  rpn_s.1.loss_giou: 0.3708  rpn_s.2.loss_cls: 0.3797  rpn_s.2.loss_bbox: 0.0405  rpn_s.2.loss_giou: 0.3263  rpn_s.3.loss_cls: 0.3522  rpn_s.3.loss_bbox: 0.0377  rpn_s.3.loss_giou: 0.3076  s0.loss_cls: 0.3847  s0.pos_acc: 86.7647  s0.loss_bbox: 0.6537  s0.loss_iou: 1.0276  s1.loss_cls: 0.4033  s1.pos_acc: 83.8235  s1.loss_bbox: 0.7270  s1.loss_iou: 1.1199
2026/03/27 15:04:20 - mmengine - INFO - Epoch(train) [10][ 7150/10002]  lr: 2.5000e-05  eta: 1 day, 0:57:08  time: 0.3843  data_time: 0.0032  memory: 7329  grad_norm: 69.5963  loss: 8.5406  rpn_s.0.loss_cls: 0.6611  rpn_s.0.loss_bbox: 0.1118  rpn_s.0.loss_giou: 0.8711  rpn_s.1.loss_cls: 0.4440  rpn_s.1.loss_bbox: 0.0443  rpn_s.1.loss_giou: 0.4196  rpn_s.2.loss_cls: 0.3793  rpn_s.2.loss_bbox: 0.0357  rpn_s.2.loss_giou: 0.3643  rpn_s.3.loss_cls: 0.3330  rpn_s.3.loss_bbox: 0.0332  rpn_s.3.loss_giou: 0.3480  s0.loss_cls: 0.3617  s0.pos_acc: 87.5000  s0.loss_bbox: 0.6607  s0.loss_iou: 1.1519  s1.loss_cls: 0.3932  s1.pos_acc: 81.2500  s1.loss_bbox: 0.7165  s1.loss_iou: 1.2113
2026/03/27 15:04:39 - mmengine - INFO - Epoch(train) [10][ 7200/10002]  lr: 2.5000e-05  eta: 1 day, 0:55:32  time: 0.3791  data_time: 0.0032  memory: 7329  grad_norm: 82.7349  loss: 8.3271  rpn_s.0.loss_cls: 0.6367  rpn_s.0.loss_bbox: 0.1076  rpn_s.0.loss_giou: 0.8093  rpn_s.1.loss_cls: 0.4449  rpn_s.1.loss_bbox: 0.0459  rpn_s.1.loss_giou: 0.4097  rpn_s.2.loss_cls: 0.3756  rpn_s.2.loss_bbox: 0.0392  rpn_s.2.loss_giou: 0.3552  rpn_s.3.loss_cls: 0.3425  rpn_s.3.loss_bbox: 0.0352  rpn_s.3.loss_giou: 0.3344  s0.loss_cls: 0.3851  s0.pos_acc: 81.2500  s0.loss_bbox: 0.5980  s0.loss_iou: 1.1104  s1.loss_cls: 0.4063  s1.pos_acc: 78.1250  s1.loss_bbox: 0.7183  s1.loss_iou: 1.1726
2026/03/27 15:04:59 - mmengine - INFO - Epoch(train) [10][ 7250/10002]  lr: 2.5000e-05  eta: 1 day, 0:53:59  time: 0.3870  data_time: 0.0032  memory: 7330  grad_norm: 92.1384  loss: 7.8432  rpn_s.0.loss_cls: 0.5898  rpn_s.0.loss_bbox: 0.1146  rpn_s.0.loss_giou: 0.7624  rpn_s.1.loss_cls: 0.4261  rpn_s.1.loss_bbox: 0.0517  rpn_s.1.loss_giou: 0.3856  rpn_s.2.loss_cls: 0.3425  rpn_s.2.loss_bbox: 0.0414  rpn_s.2.loss_giou: 0.3274  rpn_s.3.loss_cls: 0.3023  rpn_s.3.loss_bbox: 0.0395  rpn_s.3.loss_giou: 0.3070  s0.loss_cls: 0.3470  s0.pos_acc: 76.1006  s0.loss_bbox: 0.6361  s0.loss_iou: 1.0427  s1.loss_cls: 0.3532  s1.pos_acc: 74.2138  s1.loss_bbox: 0.6750  s1.loss_iou: 1.0991
2026/03/27 15:05:18 - mmengine - INFO - Epoch(train) [10][ 7300/10002]  lr: 2.5000e-05  eta: 1 day, 0:52:29  time: 0.3897  data_time: 0.0032  memory: 7330  grad_norm: 71.2575  loss: 8.6224  rpn_s.0.loss_cls: 0.6400  rpn_s.0.loss_bbox: 0.1112  rpn_s.0.loss_giou: 0.9165  rpn_s.1.loss_cls: 0.4456  rpn_s.1.loss_bbox: 0.0438  rpn_s.1.loss_giou: 0.4294  rpn_s.2.loss_cls: 0.3692  rpn_s.2.loss_bbox: 0.0349  rpn_s.2.loss_giou: 0.3674  rpn_s.3.loss_cls: 0.3339  rpn_s.3.loss_bbox: 0.0328  rpn_s.3.loss_giou: 0.3488  s0.loss_cls: 0.3645  s0.pos_acc: 75.9259  s0.loss_bbox: 0.6599  s0.loss_iou: 1.1955  s1.loss_cls: 0.3694  s1.pos_acc: 79.0123  s1.loss_bbox: 0.7082  s1.loss_iou: 1.2514
2026/03/27 15:05:37 - mmengine - INFO - Epoch(train) [10][ 7350/10002]  lr: 2.5000e-05  eta: 1 day, 0:50:53  time: 0.3768  data_time: 0.0032  memory: 7329  grad_norm: 76.3764  loss: 8.4285  rpn_s.0.loss_cls: 0.6386  rpn_s.0.loss_bbox: 0.1142  rpn_s.0.loss_giou: 0.8517  rpn_s.1.loss_cls: 0.4477  rpn_s.1.loss_bbox: 0.0464  rpn_s.1.loss_giou: 0.4177  rpn_s.2.loss_cls: 0.3650  rpn_s.2.loss_bbox: 0.0382  rpn_s.2.loss_giou: 0.3542  rpn_s.3.loss_cls: 0.3228  rpn_s.3.loss_bbox: 0.0350  rpn_s.3.loss_giou: 0.3332  s0.loss_cls: 0.3656  s0.pos_acc: 75.0000  s0.loss_bbox: 0.6523  s0.loss_iou: 1.1402  s1.loss_cls: 0.3763  s1.pos_acc: 68.7500  s1.loss_bbox: 0.7179  s1.loss_iou: 1.2115
2026/03/27 15:05:56 - mmengine - INFO - Epoch(train) [10][ 7400/10002]  lr: 2.5000e-05  eta: 1 day, 0:49:21  time: 0.3848  data_time: 0.0032  memory: 7329  grad_norm: 86.1100  loss: 8.4631  rpn_s.0.loss_cls: 0.6336  rpn_s.0.loss_bbox: 0.1175  rpn_s.0.loss_giou: 0.9026  rpn_s.1.loss_cls: 0.4397  rpn_s.1.loss_bbox: 0.0439  rpn_s.1.loss_giou: 0.4191  rpn_s.2.loss_cls: 0.3615  rpn_s.2.loss_bbox: 0.0357  rpn_s.2.loss_giou: 0.3517  rpn_s.3.loss_cls: 0.3258  rpn_s.3.loss_bbox: 0.0333  rpn_s.3.loss_giou: 0.3308  s0.loss_cls: 0.3643  s0.pos_acc: 78.3333  s0.loss_bbox: 0.6212  s0.loss_iou: 1.1682  s1.loss_cls: 0.3870  s1.pos_acc: 73.3333  s1.loss_bbox: 0.6721  s1.loss_iou: 1.2551
2026/03/27 15:06:15 - mmengine - INFO - Epoch(train) [10][ 7450/10002]  lr: 2.5000e-05  eta: 1 day, 0:47:49  time: 0.3837  data_time: 0.0032  memory: 7329  grad_norm: 77.6916  loss: 7.6945  rpn_s.0.loss_cls: 0.6022  rpn_s.0.loss_bbox: 0.0982  rpn_s.0.loss_giou: 0.7785  rpn_s.1.loss_cls: 0.4290  rpn_s.1.loss_bbox: 0.0379  rpn_s.1.loss_giou: 0.3677  rpn_s.2.loss_cls: 0.3530  rpn_s.2.loss_bbox: 0.0339  rpn_s.2.loss_giou: 0.3242  rpn_s.3.loss_cls: 0.3152  rpn_s.3.loss_bbox: 0.0308  rpn_s.3.loss_giou: 0.3042  s0.loss_cls: 0.3621  s0.pos_acc: 75.0000  s0.loss_bbox: 0.5558  s0.loss_iou: 0.9986  s1.loss_cls: 0.3845  s1.pos_acc: 62.5000  s1.loss_bbox: 0.6395  s1.loss_iou: 1.0790
2026/03/27 15:06:35 - mmengine - INFO - Epoch(train) [10][ 7500/10002]  lr: 2.5000e-05  eta: 1 day, 0:46:17  time: 0.3837  data_time: 0.0032  memory: 7329  grad_norm: 75.0655  loss: 7.9267  rpn_s.0.loss_cls: 0.6125  rpn_s.0.loss_bbox: 0.1009  rpn_s.0.loss_giou: 0.7726  rpn_s.1.loss_cls: 0.4298  rpn_s.1.loss_bbox: 0.0432  rpn_s.1.loss_giou: 0.3873  rpn_s.2.loss_cls: 0.3535  rpn_s.2.loss_bbox: 0.0371  rpn_s.2.loss_giou: 0.3417  rpn_s.3.loss_cls: 0.3083  rpn_s.3.loss_bbox: 0.0345  rpn_s.3.loss_giou: 0.3235  s0.loss_cls: 0.3439  s0.pos_acc: 100.0000  s0.loss_bbox: 0.6098  s0.loss_iou: 1.0714  s1.loss_cls: 0.3728  s1.pos_acc: 100.0000  s1.loss_bbox: 0.6623  s1.loss_iou: 1.1215
2026/03/27 15:06:54 - mmengine - INFO - Epoch(train) [10][ 7550/10002]  lr: 2.5000e-05  eta: 1 day, 0:44:45  time: 0.3819  data_time: 0.0032  memory: 7330  grad_norm: 85.9360  loss: 8.7581  rpn_s.0.loss_cls: 0.6641  rpn_s.0.loss_bbox: 0.1075  rpn_s.0.loss_giou: 0.8308  rpn_s.1.loss_cls: 0.4723  rpn_s.1.loss_bbox: 0.0477  rpn_s.1.loss_giou: 0.4229  rpn_s.2.loss_cls: 0.4033  rpn_s.2.loss_bbox: 0.0394  rpn_s.2.loss_giou: 0.3683  rpn_s.3.loss_cls: 0.3686  rpn_s.3.loss_bbox: 0.0367  rpn_s.3.loss_giou: 0.3519  s0.loss_cls: 0.4155  s0.pos_acc: 88.3333  s0.loss_bbox: 0.6778  s0.loss_iou: 1.1685  s1.loss_cls: 0.4466  s1.pos_acc: 86.6667  s1.loss_bbox: 0.7303  s1.loss_iou: 1.2058
2026/03/27 15:07:13 - mmengine - INFO - Epoch(train) [10][ 7600/10002]  lr: 2.5000e-05  eta: 1 day, 0:43:13  time: 0.3818  data_time: 0.0032  memory: 7330  grad_norm: 82.6588  loss: 8.2221  rpn_s.0.loss_cls: 0.6250  rpn_s.0.loss_bbox: 0.1096  rpn_s.0.loss_giou: 0.8079  rpn_s.1.loss_cls: 0.4420  rpn_s.1.loss_bbox: 0.0467  rpn_s.1.loss_giou: 0.3979  rpn_s.2.loss_cls: 0.3782  rpn_s.2.loss_bbox: 0.0399  rpn_s.2.loss_giou: 0.3514  rpn_s.3.loss_cls: 0.3300  rpn_s.3.loss_bbox: 0.0376  rpn_s.3.loss_giou: 0.3349  s0.loss_cls: 0.3847  s0.pos_acc: 81.4685  s0.loss_bbox: 0.5889  s0.loss_iou: 1.1337  s1.loss_cls: 0.3978  s1.pos_acc: 80.9441  s1.loss_bbox: 0.6145  s1.loss_iou: 1.2014
2026/03/27 15:07:32 - mmengine - INFO - Epoch(train) [10][ 7650/10002]  lr: 2.5000e-05  eta: 1 day, 0:41:41  time: 0.3805  data_time: 0.0032  memory: 7329  grad_norm: 98.9147  loss: 8.4250  rpn_s.0.loss_cls: 0.6573  rpn_s.0.loss_bbox: 0.1089  rpn_s.0.loss_giou: 0.8210  rpn_s.1.loss_cls: 0.4726  rpn_s.1.loss_bbox: 0.0450  rpn_s.1.loss_giou: 0.4058  rpn_s.2.loss_cls: 0.3907  rpn_s.2.loss_bbox: 0.0382  rpn_s.2.loss_giou: 0.3508  rpn_s.3.loss_cls: 0.3566  rpn_s.3.loss_bbox: 0.0362  rpn_s.3.loss_giou: 0.3361  s0.loss_cls: 0.3995  s0.pos_acc: 75.0000  s0.loss_bbox: 0.6017  s0.loss_iou: 1.1346  s1.loss_cls: 0.4204  s1.pos_acc: 68.7500  s1.loss_bbox: 0.6403  s1.loss_iou: 1.2095
2026/03/27 15:07:51 - mmengine - INFO - Epoch(train) [10][ 7700/10002]  lr: 2.5000e-05  eta: 1 day, 0:40:10  time: 0.3814  data_time: 0.0032  memory: 7329  grad_norm: 88.8008  loss: 8.3540  rpn_s.0.loss_cls: 0.6291  rpn_s.0.loss_bbox: 0.1112  rpn_s.0.loss_giou: 0.8324  rpn_s.1.loss_cls: 0.4487  rpn_s.1.loss_bbox: 0.0484  rpn_s.1.loss_giou: 0.4138  rpn_s.2.loss_cls: 0.3836  rpn_s.2.loss_bbox: 0.0424  rpn_s.2.loss_giou: 0.3585  rpn_s.3.loss_cls: 0.3418  rpn_s.3.loss_bbox: 0.0409  rpn_s.3.loss_giou: 0.3442  s0.loss_cls: 0.3736  s0.pos_acc: 45.0000  s0.loss_bbox: 0.6093  s0.loss_iou: 1.1137  s1.loss_cls: 0.4046  s1.pos_acc: 50.0000  s1.loss_bbox: 0.6662  s1.loss_iou: 1.1917
2026/03/27 15:08:10 - mmengine - INFO - Epoch(train) [10][ 7750/10002]  lr: 2.5000e-05  eta: 1 day, 0:38:38  time: 0.3787  data_time: 0.0032  memory: 7329  grad_norm: 78.3967  loss: 8.3512  rpn_s.0.loss_cls: 0.6372  rpn_s.0.loss_bbox: 0.0997  rpn_s.0.loss_giou: 0.8152  rpn_s.1.loss_cls: 0.4506  rpn_s.1.loss_bbox: 0.0412  rpn_s.1.loss_giou: 0.4033  rpn_s.2.loss_cls: 0.3637  rpn_s.2.loss_bbox: 0.0355  rpn_s.2.loss_giou: 0.3519  rpn_s.3.loss_cls: 0.3253  rpn_s.3.loss_bbox: 0.0320  rpn_s.3.loss_giou: 0.3362  s0.loss_cls: 0.3669  s0.pos_acc: 95.6522  s0.loss_bbox: 0.6483  s0.loss_iou: 1.1430  s1.loss_cls: 0.4026  s1.pos_acc: 95.6522  s1.loss_bbox: 0.6936  s1.loss_iou: 1.2048
2026/03/27 15:08:29 - mmengine - INFO - Epoch(train) [10][ 7800/10002]  lr: 2.5000e-05  eta: 1 day, 0:37:09  time: 0.3851  data_time: 0.0032  memory: 7330  grad_norm: 76.8062  loss: 8.1179  rpn_s.0.loss_cls: 0.6315  rpn_s.0.loss_bbox: 0.1150  rpn_s.0.loss_giou: 0.8060  rpn_s.1.loss_cls: 0.4302  rpn_s.1.loss_bbox: 0.0497  rpn_s.1.loss_giou: 0.4020  rpn_s.2.loss_cls: 0.3642  rpn_s.2.loss_bbox: 0.0423  rpn_s.2.loss_giou: 0.3460  rpn_s.3.loss_cls: 0.3162  rpn_s.3.loss_bbox: 0.0402  rpn_s.3.loss_giou: 0.3285  s0.loss_cls: 0.3490  s0.pos_acc: 76.9231  s0.loss_bbox: 0.5807  s0.loss_iou: 1.1360  s1.loss_cls: 0.3697  s1.pos_acc: 76.9231  s1.loss_bbox: 0.6276  s1.loss_iou: 1.1832
2026/03/27 15:08:48 - mmengine - INFO - Epoch(train) [10][ 7850/10002]  lr: 2.5000e-05  eta: 1 day, 0:35:37  time: 0.3778  data_time: 0.0032  memory: 7329  grad_norm: 83.4991  loss: 8.4293  rpn_s.0.loss_cls: 0.6433  rpn_s.0.loss_bbox: 0.1075  rpn_s.0.loss_giou: 0.8270  rpn_s.1.loss_cls: 0.4562  rpn_s.1.loss_bbox: 0.0448  rpn_s.1.loss_giou: 0.4141  rpn_s.2.loss_cls: 0.3758  rpn_s.2.loss_bbox: 0.0387  rpn_s.2.loss_giou: 0.3601  rpn_s.3.loss_cls: 0.3411  rpn_s.3.loss_bbox: 0.0365  rpn_s.3.loss_giou: 0.3417  s0.loss_cls: 0.3699  s0.pos_acc: 71.5847  s0.loss_bbox: 0.6200  s0.loss_iou: 1.1653  s1.loss_cls: 0.3871  s1.pos_acc: 71.3115  s1.loss_bbox: 0.6723  s1.loss_iou: 1.2277
2026/03/27 15:09:07 - mmengine - INFO - Epoch(train) [10][ 7900/10002]  lr: 2.5000e-05  eta: 1 day, 0:34:11  time: 0.3871  data_time: 0.0032  memory: 7330  grad_norm: 76.5779  loss: 9.4167  rpn_s.0.loss_cls: 0.6662  rpn_s.0.loss_bbox: 0.1132  rpn_s.0.loss_giou: 0.9636  rpn_s.1.loss_cls: 0.4696  rpn_s.1.loss_bbox: 0.0448  rpn_s.1.loss_giou: 0.4728  rpn_s.2.loss_cls: 0.3930  rpn_s.2.loss_bbox: 0.0371  rpn_s.2.loss_giou: 0.4059  rpn_s.3.loss_cls: 0.3536  rpn_s.3.loss_bbox: 0.0345  rpn_s.3.loss_giou: 0.3871  s0.loss_cls: 0.4119  s0.pos_acc: 100.0000  s0.loss_bbox: 0.6959  s0.loss_iou: 1.3593  s1.loss_cls: 0.4339  s1.pos_acc: 100.0000  s1.loss_bbox: 0.7520  s1.loss_iou: 1.4222
2026/03/27 15:09:26 - mmengine - INFO - Epoch(train) [10][ 7950/10002]  lr: 2.5000e-05  eta: 1 day, 0:32:42  time: 0.3819  data_time: 0.0033  memory: 7329  grad_norm: 73.5072  loss: 8.0002  rpn_s.0.loss_cls: 0.5920  rpn_s.0.loss_bbox: 0.1005  rpn_s.0.loss_giou: 0.8126  rpn_s.1.loss_cls: 0.4131  rpn_s.1.loss_bbox: 0.0425  rpn_s.1.loss_giou: 0.3965  rpn_s.2.loss_cls: 0.3326  rpn_s.2.loss_bbox: 0.0362  rpn_s.2.loss_giou: 0.3391  rpn_s.3.loss_cls: 0.2992  rpn_s.3.loss_bbox: 0.0345  rpn_s.3.loss_giou: 0.3252  s0.loss_cls: 0.3293  s0.pos_acc: 84.6154  s0.loss_bbox: 0.6065  s0.loss_iou: 1.1396  s1.loss_cls: 0.3370  s1.pos_acc: 83.3333  s1.loss_bbox: 0.6556  s1.loss_iou: 1.2083
2026/03/27 15:09:41 - mmengine - INFO - Exp name: GSDet_r50_b900_h2h4_h2r1_r2r1_2x_fair1m1.0_20260327_123453
2026/03/27 15:09:46 - mmengine - INFO - Epoch(train) [10][ 8000/10002]  lr: 2.5000e-05  eta: 1 day, 0:31:14  time: 0.3835  data_time: 0.0032  memory: 7329  grad_norm: 71.8273  loss: 8.4698  rpn_s.0.loss_cls: 0.6314  rpn_s.0.loss_bbox: 0.1198  rpn_s.0.loss_giou: 0.8624  rpn_s.1.loss_cls: 0.4510  rpn_s.1.loss_bbox: 0.0500  rpn_s.1.loss_giou: 0.4333  rpn_s.2.loss_cls: 0.3675  rpn_s.2.loss_bbox: 0.0420  rpn_s.2.loss_giou: 0.3696  rpn_s.3.loss_cls: 0.3248  rpn_s.3.loss_bbox: 0.0382  rpn_s.3.loss_giou: 0.3469  s0.loss_cls: 0.3752  s0.pos_acc: 100.0000  s0.loss_bbox: 0.5920  s0.loss_iou: 1.1912  s1.loss_cls: 0.3914  s1.pos_acc: 100.0000  s1.loss_bbox: 0.6457  s1.loss_iou: 1.2376
2026/03/27 15:10:05 - mmengine - INFO - Epoch(train) [10][ 8050/10002]  lr: 2.5000e-05  eta: 1 day, 0:29:45  time: 0.3801  data_time: 0.0032  memory: 7329  grad_norm: 80.3130  loss: 8.4889  rpn_s.0.loss_cls: 0.6439  rpn_s.0.loss_bbox: 0.1031  rpn_s.0.loss_giou: 0.7833  rpn_s.1.loss_cls: 0.4791  rpn_s.1.loss_bbox: 0.0445  rpn_s.1.loss_giou: 0.3895  rpn_s.2.loss_cls: 0.4079  rpn_s.2.loss_bbox: 0.0382  rpn_s.2.loss_giou: 0.3409  rpn_s.3.loss_cls: 0.3711  rpn_s.3.loss_bbox: 0.0355  rpn_s.3.loss_giou: 0.3207  s0.loss_cls: 0.4234  s0.pos_acc: 92.1053  s0.loss_bbox: 0.6829  s0.loss_iou: 1.0900  s1.loss_cls: 0.4441  s1.pos_acc: 84.2105  s1.loss_bbox: 0.7278  s1.loss_iou: 1.1631
2026/03/27 15:10:23 - mmengine - INFO - Epoch(train) [10][ 8100/10002]  lr: 2.5000e-05  eta: 1 day, 0:28:14  time: 0.3762  data_time: 0.0032  memory: 7329  grad_norm: 82.8170  loss: 7.8757  rpn_s.0.loss_cls: 0.6039  rpn_s.0.loss_bbox: 0.1136  rpn_s.0.loss_giou: 0.7544  rpn_s.1.loss_cls: 0.4334  rpn_s.1.loss_bbox: 0.0552  rpn_s.1.loss_giou: 0.3930  rpn_s.2.loss_cls: 0.3497  rpn_s.2.loss_bbox: 0.0468  rpn_s.2.loss_giou: 0.3404  rpn_s.3.loss_cls: 0.3108  rpn_s.3.loss_bbox: 0.0415  rpn_s.3.loss_giou: 0.3226  s0.loss_cls: 0.3662  s0.pos_acc: 88.2075  s0.loss_bbox: 0.5525  s0.loss_iou: 1.0636  s1.loss_cls: 0.3782  s1.pos_acc: 84.4340  s1.loss_bbox: 0.6080  s1.loss_iou: 1.1418
2026/03/27 15:10:42 - mmengine - INFO - Epoch(train) [10][ 8150/10002]  lr: 2.5000e-05  eta: 1 day, 0:26:43  time: 0.3722  data_time: 0.0032  memory: 7329  grad_norm: 88.8152  loss: 8.1821  rpn_s.0.loss_cls: 0.6337  rpn_s.0.loss_bbox: 0.1098  rpn_s.0.loss_giou: 0.7923  rpn_s.1.loss_cls: 0.4440  rpn_s.1.loss_bbox: 0.0494  rpn_s.1.loss_giou: 0.3983  rpn_s.2.loss_cls: 0.3616  rpn_s.2.loss_bbox: 0.0421  rpn_s.2.loss_giou: 0.3483  rpn_s.3.loss_cls: 0.3257  rpn_s.3.loss_bbox: 0.0397  rpn_s.3.loss_giou: 0.3284  s0.loss_cls: 0.3661  s0.pos_acc: 71.4286  s0.loss_bbox: 0.6488  s0.loss_iou: 1.0750  s1.loss_cls: 0.3865  s1.pos_acc: 71.4286  s1.loss_bbox: 0.6774  s1.loss_iou: 1.1549
2026/03/27 15:11:01 - mmengine - INFO - Epoch(train) [10][ 8200/10002]  lr: 2.5000e-05  eta: 1 day, 0:25:14  time: 0.3779  data_time: 0.0032  memory: 7329  grad_norm: 76.6649  loss: 8.5318  rpn_s.0.loss_cls: 0.6405  rpn_s.0.loss_bbox: 0.1022  rpn_s.0.loss_giou: 0.8674  rpn_s.1.loss_cls: 0.4485  rpn_s.1.loss_bbox: 0.0404  rpn_s.1.loss_giou: 0.4157  rpn_s.2.loss_cls: 0.3785  rpn_s.2.loss_bbox: 0.0332  rpn_s.2.loss_giou: 0.3500  rpn_s.3.loss_cls: 0.3375  rpn_s.3.loss_bbox: 0.0311  rpn_s.3.loss_giou: 0.3353  s0.loss_cls: 0.3827  s0.pos_acc: 62.5000  s0.loss_bbox: 0.6513  s0.loss_iou: 1.1659  s1.loss_cls: 0.4051  s1.pos_acc: 68.7500  s1.loss_bbox: 0.7191  s1.loss_iou: 1.2273
2026/03/27 15:11:20 - mmengine - INFO - Epoch(train) [10][ 8250/10002]  lr: 2.5000e-05  eta: 1 day, 0:23:43  time: 0.3742  data_time: 0.0032  memory: 7329  grad_norm: 77.4180  loss: 8.2162  rpn_s.0.loss_cls: 0.6318  rpn_s.0.loss_bbox: 0.1070  rpn_s.0.loss_giou: 0.7905  rpn_s.1.loss_cls: 0.4488  rpn_s.1.loss_bbox: 0.0462  rpn_s.1.loss_giou: 0.4072  rpn_s.2.loss_cls: 0.3729  rpn_s.2.loss_bbox: 0.0389  rpn_s.2.loss_giou: 0.3545  rpn_s.3.loss_cls: 0.3378  rpn_s.3.loss_bbox: 0.0364  rpn_s.3.loss_giou: 0.3348  s0.loss_cls: 0.3858  s0.pos_acc: 87.5000  s0.loss_bbox: 0.5912  s0.loss_iou: 1.1172  s1.loss_cls: 0.4357  s1.pos_acc: 87.5000  s1.loss_bbox: 0.6240  s1.loss_iou: 1.1554
2026/03/27 15:11:39 - mmengine - INFO - Epoch(train) [10][ 8300/10002]  lr: 2.5000e-05  eta: 1 day, 0:22:17  time: 0.3812  data_time: 0.0032  memory: 7330  grad_norm: 77.0432  loss: 8.2704  rpn_s.0.loss_cls: 0.6192  rpn_s.0.loss_bbox: 0.1079  rpn_s.0.loss_giou: 0.7723  rpn_s.1.loss_cls: 0.4536  rpn_s.1.loss_bbox: 0.0479  rpn_s.1.loss_giou: 0.3908  rpn_s.2.loss_cls: 0.3696  rpn_s.2.loss_bbox: 0.0409  rpn_s.2.loss_giou: 0.3397  rpn_s.3.loss_cls: 0.3290  rpn_s.3.loss_bbox: 0.0385  rpn_s.3.loss_giou: 0.3242  s0.loss_cls: 0.3857  s0.pos_acc: 69.2308  s0.loss_bbox: 0.6250  s0.loss_iou: 1.1107  s1.loss_cls: 0.4117  s1.pos_acc: 73.0769  s1.loss_bbox: 0.6785  s1.loss_iou: 1.2252
2026/03/27 15:11:58 - mmengine - INFO - Epoch(train) [10][ 8350/10002]  lr: 2.5000e-05  eta: 1 day, 0:20:51  time: 0.3812  data_time: 0.0032  memory: 7330  grad_norm: 79.4894  loss: 8.1019  rpn_s.0.loss_cls: 0.6369  rpn_s.0.loss_bbox: 0.1002  rpn_s.0.loss_giou: 0.7986  rpn_s.1.loss_cls: 0.4425  rpn_s.1.loss_bbox: 0.0420  rpn_s.1.loss_giou: 0.3911  rpn_s.2.loss_cls: 0.3625  rpn_s.2.loss_bbox: 0.0371  rpn_s.2.loss_giou: 0.3486  rpn_s.3.loss_cls: 0.3153  rpn_s.3.loss_bbox: 0.0352  rpn_s.3.loss_giou: 0.3354  s0.loss_cls: 0.3557  s0.pos_acc: 71.0843  s0.loss_bbox: 0.5892  s0.loss_iou: 1.1110  s1.loss_cls: 0.3774  s1.pos_acc: 71.9880  s1.loss_bbox: 0.6639  s1.loss_iou: 1.1593
2026/03/27 15:12:17 - mmengine - INFO - Epoch(train) [10][ 8400/10002]  lr: 2.5000e-05  eta: 1 day, 0:19:25  time: 0.3822  data_time: 0.0032  memory: 7330  grad_norm: 74.5009  loss: 8.5148  rpn_s.0.loss_cls: 0.6462  rpn_s.0.loss_bbox: 0.1074  rpn_s.0.loss_giou: 0.8366  rpn_s.1.loss_cls: 0.4445  rpn_s.1.loss_bbox: 0.0472  rpn_s.1.loss_giou: 0.4290  rpn_s.2.loss_cls: 0.3638  rpn_s.2.loss_bbox: 0.0407  rpn_s.2.loss_giou: 0.3753  rpn_s.3.loss_cls: 0.3181  rpn_s.3.loss_bbox: 0.0380  rpn_s.3.loss_giou: 0.3577  s0.loss_cls: 0.3590  s0.pos_acc: 62.5000  s0.loss_bbox: 0.6511  s0.loss_iou: 1.1590  s1.loss_cls: 0.3825  s1.pos_acc: 68.7500  s1.loss_bbox: 0.7325  s1.loss_iou: 1.2260
2026/03/27 15:12:36 - mmengine - INFO - Epoch(train) [10][ 8450/10002]  lr: 2.5000e-05  eta: 1 day, 0:18:00  time: 0.3826  data_time: 0.0032  memory: 7329  grad_norm: 72.6604  loss: 7.9102  rpn_s.0.loss_cls: 0.6069  rpn_s.0.loss_bbox: 0.1087  rpn_s.0.loss_giou: 0.7475  rpn_s.1.loss_cls: 0.4530  rpn_s.1.loss_bbox: 0.0521  rpn_s.1.loss_giou: 0.3890  rpn_s.2.loss_cls: 0.3769  rpn_s.2.loss_bbox: 0.0437  rpn_s.2.loss_giou: 0.3363  rpn_s.3.loss_cls: 0.3402  rpn_s.3.loss_bbox: 0.0404  rpn_s.3.loss_giou: 0.3148  s0.loss_cls: 0.3725  s0.pos_acc: 86.0000  s0.loss_bbox: 0.5689  s0.loss_iou: 1.0749  s1.loss_cls: 0.3829  s1.pos_acc: 82.0000  s1.loss_bbox: 0.5916  s1.loss_iou: 1.1098
2026/03/27 15:12:55 - mmengine - INFO - Epoch(train) [10][ 8500/10002]  lr: 2.5000e-05  eta: 1 day, 0:16:38  time: 0.3876  data_time: 0.0032  memory: 7330  grad_norm: 82.0735  loss: 7.9311  rpn_s.0.loss_cls: 0.6281  rpn_s.0.loss_bbox: 0.1026  rpn_s.0.loss_giou: 0.7832  rpn_s.1.loss_cls: 0.4472  rpn_s.1.loss_bbox: 0.0435  rpn_s.1.loss_giou: 0.3849  rpn_s.2.loss_cls: 0.3719  rpn_s.2.loss_bbox: 0.0373  rpn_s.2.loss_giou: 0.3331  rpn_s.3.loss_cls: 0.3277  rpn_s.3.loss_bbox: 0.0357  rpn_s.3.loss_giou: 0.3203  s0.loss_cls: 0.3772  s0.pos_acc: 78.5714  s0.loss_bbox: 0.5556  s0.loss_iou: 1.0640  s1.loss_cls: 0.3939  s1.pos_acc: 78.5714  s1.loss_bbox: 0.5794  s1.loss_iou: 1.1454
2026/03/27 15:13:15 - mmengine - INFO - Epoch(train) [10][ 8550/10002]  lr: 2.5000e-05  eta: 1 day, 0:15:15  time: 0.3849  data_time: 0.0032  memory: 7329  grad_norm: 77.2252  loss: 7.9990  rpn_s.0.loss_cls: 0.5994  rpn_s.0.loss_bbox: 0.1008  rpn_s.0.loss_giou: 0.7595  rpn_s.1.loss_cls: 0.4422  rpn_s.1.loss_bbox: 0.0436  rpn_s.1.loss_giou: 0.3877  rpn_s.2.loss_cls: 0.3621  rpn_s.2.loss_bbox: 0.0371  rpn_s.2.loss_giou: 0.3381  rpn_s.3.loss_cls: 0.3234  rpn_s.3.loss_bbox: 0.0348  rpn_s.3.loss_giou: 0.3187  s0.loss_cls: 0.3726  s0.pos_acc: 61.5385  s0.loss_bbox: 0.6242  s0.loss_iou: 1.0733  s1.loss_cls: 0.3892  s1.pos_acc: 65.3846  s1.loss_bbox: 0.6486  s1.loss_iou: 1.1437
2026/03/27 15:13:34 - mmengine - INFO - Epoch(train) [10][ 8600/10002]  lr: 2.5000e-05  eta: 1 day, 0:13:50  time: 0.3806  data_time: 0.0032  memory: 7330  grad_norm: 91.2423  loss: 7.9010  rpn_s.0.loss_cls: 0.6130  rpn_s.0.loss_bbox: 0.1108  rpn_s.0.loss_giou: 0.7586  rpn_s.1.loss_cls: 0.4351  rpn_s.1.loss_bbox: 0.0470  rpn_s.1.loss_giou: 0.3834  rpn_s.2.loss_cls: 0.3544  rpn_s.2.loss_bbox: 0.0395  rpn_s.2.loss_giou: 0.3299  rpn_s.3.loss_cls: 0.3105  rpn_s.3.loss_bbox: 0.0367  rpn_s.3.loss_giou: 0.3116  s0.loss_cls: 0.3550  s0.pos_acc: 90.0000  s0.loss_bbox: 0.6252  s0.loss_iou: 1.0488  s1.loss_cls: 0.3823  s1.pos_acc: 90.0000  s1.loss_bbox: 0.6466  s1.loss_iou: 1.1125
2026/03/27 15:13:53 - mmengine - INFO - Epoch(train) [10][ 8650/10002]  lr: 2.5000e-05  eta: 1 day, 0:12:28  time: 0.3849  data_time: 0.0032  memory: 7330  grad_norm: 72.4715  loss: 8.3973  rpn_s.0.loss_cls: 0.6235  rpn_s.0.loss_bbox: 0.1092  rpn_s.0.loss_giou: 0.8219  rpn_s.1.loss_cls: 0.4607  rpn_s.1.loss_bbox: 0.0482  rpn_s.1.loss_giou: 0.4133  rpn_s.2.loss_cls: 0.3857  rpn_s.2.loss_bbox: 0.0408  rpn_s.2.loss_giou: 0.3603  rpn_s.3.loss_cls: 0.3433  rpn_s.3.loss_bbox: 0.0375  rpn_s.3.loss_giou: 0.3427  s0.loss_cls: 0.3681  s0.pos_acc: 82.0946  s0.loss_bbox: 0.5994  s0.loss_iou: 1.1651  s1.loss_cls: 0.3958  s1.pos_acc: 79.3919  s1.loss_bbox: 0.6462  s1.loss_iou: 1.2356
2026/03/27 15:14:12 - mmengine - INFO - Epoch(train) [10][ 8700/10002]  lr: 2.5000e-05  eta: 1 day, 0:11:06  time: 0.3851  data_time: 0.0032  memory: 7329  grad_norm: 78.7252  loss: 8.8904  rpn_s.0.loss_cls: 0.6394  rpn_s.0.loss_bbox: 0.1148  rpn_s.0.loss_giou: 0.9215  rpn_s.1.loss_cls: 0.4499  rpn_s.1.loss_bbox: 0.0450  rpn_s.1.loss_giou: 0.4497  rpn_s.2.loss_cls: 0.3673  rpn_s.2.loss_bbox: 0.0373  rpn_s.2.loss_giou: 0.3821  rpn_s.3.loss_cls: 0.3275  rpn_s.3.loss_bbox: 0.0346  rpn_s.3.loss_giou: 0.3595  s0.loss_cls: 0.3818  s0.pos_acc: 100.0000  s0.loss_bbox: 0.6283  s0.loss_iou: 1.2548  s1.loss_cls: 0.3920  s1.pos_acc: 100.0000  s1.loss_bbox: 0.7526  s1.loss_iou: 1.3525
2026/03/27 15:14:31 - mmengine - INFO - Epoch(train) [10][ 8750/10002]  lr: 2.5000e-05  eta: 1 day, 0:09:44  time: 0.3843  data_time: 0.0032  memory: 7329  grad_norm: 80.2377  loss: 8.1774  rpn_s.0.loss_cls: 0.6280  rpn_s.0.loss_bbox: 0.1049  rpn_s.0.loss_giou: 0.7946  rpn_s.1.loss_cls: 0.4382  rpn_s.1.loss_bbox: 0.0455  rpn_s.1.loss_giou: 0.3929  rpn_s.2.loss_cls: 0.3519  rpn_s.2.loss_bbox: 0.0387  rpn_s.2.loss_giou: 0.3384  rpn_s.3.loss_cls: 0.3115  rpn_s.3.loss_bbox: 0.0363  rpn_s.3.loss_giou: 0.3250  s0.loss_cls: 0.3480  s0.pos_acc: 71.6216  s0.loss_bbox: 0.6378  s0.loss_iou: 1.1132  s1.loss_cls: 0.3687  s1.pos_acc: 71.6216  s1.loss_bbox: 0.7015  s1.loss_iou: 1.2026
2026/03/27 15:14:51 - mmengine - INFO - Epoch(train) [10][ 8800/10002]  lr: 2.5000e-05  eta: 1 day, 0:08:26  time: 0.3913  data_time: 0.0032  memory: 7330  grad_norm: 71.4266  loss: 8.2383  rpn_s.0.loss_cls: 0.6420  rpn_s.0.loss_bbox: 0.1107  rpn_s.0.loss_giou: 0.8420  rpn_s.1.loss_cls: 0.4516  rpn_s.1.loss_bbox: 0.0422  rpn_s.1.loss_giou: 0.4074  rpn_s.2.loss_cls: 0.3868  rpn_s.2.loss_bbox: 0.0358  rpn_s.2.loss_giou: 0.3524  rpn_s.3.loss_cls: 0.3482  rpn_s.3.loss_bbox: 0.0336  rpn_s.3.loss_giou: 0.3319  s0.loss_cls: 0.3871  s0.pos_acc: 75.0000  s0.loss_bbox: 0.5506  s0.loss_iou: 1.1388  s1.loss_cls: 0.4138  s1.pos_acc: 79.1667  s1.loss_bbox: 0.5871  s1.loss_iou: 1.1762
2026/03/27 15:15:10 - mmengine - INFO - Epoch(train) [10][ 8850/10002]  lr: 2.5000e-05  eta: 1 day, 0:07:04  time: 0.3827  data_time: 0.0032  memory: 7329  grad_norm: 79.6213  loss: 8.2376  rpn_s.0.loss_cls: 0.6076  rpn_s.0.loss_bbox: 0.1173  rpn_s.0.loss_giou: 0.7957  rpn_s.1.loss_cls: 0.4312  rpn_s.1.loss_bbox: 0.0508  rpn_s.1.loss_giou: 0.4091  rpn_s.2.loss_cls: 0.3572  rpn_s.2.loss_bbox: 0.0429  rpn_s.2.loss_giou: 0.3521  rpn_s.3.loss_cls: 0.3225  rpn_s.3.loss_bbox: 0.0397  rpn_s.3.loss_giou: 0.3377  s0.loss_cls: 0.3618  s0.pos_acc: 35.0000  s0.loss_bbox: 0.6223  s0.loss_iou: 1.1438  s1.loss_cls: 0.3707  s1.pos_acc: 45.0000  s1.loss_bbox: 0.6713  s1.loss_iou: 1.2039
2026/03/27 15:15:29 - mmengine - INFO - Epoch(train) [10][ 8900/10002]  lr: 2.5000e-05  eta: 1 day, 0:05:41  time: 0.3799  data_time: 0.0032  memory: 7329  grad_norm: 83.2683  loss: 8.6781  rpn_s.0.loss_cls: 0.6502  rpn_s.0.loss_bbox: 0.1103  rpn_s.0.loss_giou: 0.8747  rpn_s.1.loss_cls: 0.4611  rpn_s.1.loss_bbox: 0.0444  rpn_s.1.loss_giou: 0.4264  rpn_s.2.loss_cls: 0.3796  rpn_s.2.loss_bbox: 0.0373  rpn_s.2.loss_giou: 0.3688  rpn_s.3.loss_cls: 0.3414  rpn_s.3.loss_bbox: 0.0352  rpn_s.3.loss_giou: 0.3517  s0.loss_cls: 0.3822  s0.pos_acc: 71.1111  s0.loss_bbox: 0.6246  s0.loss_iou: 1.1899  s1.loss_cls: 0.4100  s1.pos_acc: 66.6667  s1.loss_bbox: 0.7274  s1.loss_iou: 1.2628
2026/03/27 15:15:48 - mmengine - INFO - Epoch(train) [10][ 8950/10002]  lr: 2.5000e-05  eta: 1 day, 0:04:20  time: 0.3842  data_time: 0.0032  memory: 7329  grad_norm: 76.1410  loss: 8.0371  rpn_s.0.loss_cls: 0.6239  rpn_s.0.loss_bbox: 0.1126  rpn_s.0.loss_giou: 0.8488  rpn_s.1.loss_cls: 0.4280  rpn_s.1.loss_bbox: 0.0474  rpn_s.1.loss_giou: 0.4021  rpn_s.2.loss_cls: 0.3548  rpn_s.2.loss_bbox: 0.0400  rpn_s.2.loss_giou: 0.3422  rpn_s.3.loss_cls: 0.3089  rpn_s.3.loss_bbox: 0.0380  rpn_s.3.loss_giou: 0.3256  s0.loss_cls: 0.3545  s0.pos_acc: 66.6667  s0.loss_bbox: 0.5563  s0.loss_iou: 1.0991  s1.loss_cls: 0.3805  s1.pos_acc: 66.6667  s1.loss_bbox: 0.6401  s1.loss_iou: 1.1343
2026/03/27 15:16:03 - mmengine - INFO - Exp name: GSDet_r50_b900_h2h4_h2r1_r2r1_2x_fair1m1.0_20260327_123453
2026/03/27 15:16:08 - mmengine - INFO - Epoch(train) [10][ 9000/10002]  lr: 2.5000e-05  eta: 1 day, 0:03:03  time: 0.3914  data_time: 0.0033  memory: 7330  grad_norm: 111.7117  loss: 8.6424  rpn_s.0.loss_cls: 0.6293  rpn_s.0.loss_bbox: 0.1298  rpn_s.0.loss_giou: 0.8865  rpn_s.1.loss_cls: 0.4521  rpn_s.1.loss_bbox: 0.0552  rpn_s.1.loss_giou: 0.4290  rpn_s.2.loss_cls: 0.3756  rpn_s.2.loss_bbox: 0.0469  rpn_s.2.loss_giou: 0.3671  rpn_s.3.loss_cls: 0.3444  rpn_s.3.loss_bbox: 0.0428  rpn_s.3.loss_giou: 0.3435  s0.loss_cls: 0.3806  s0.pos_acc: 53.8462  s0.loss_bbox: 0.5857  s0.loss_iou: 1.2127  s1.loss_cls: 0.4289  s1.pos_acc: 53.8462  s1.loss_bbox: 0.6673  s1.loss_iou: 1.2650
2026/03/27 15:16:27 - mmengine - INFO - Epoch(train) [10][ 9050/10002]  lr: 2.5000e-05  eta: 1 day, 0:01:43  time: 0.3850  data_time: 0.0032  memory: 7330  grad_norm: 74.3295  loss: 8.1650  rpn_s.0.loss_cls: 0.6003  rpn_s.0.loss_bbox: 0.1212  rpn_s.0.loss_giou: 0.8358  rpn_s.1.loss_cls: 0.4125  rpn_s.1.loss_bbox: 0.0548  rpn_s.1.loss_giou: 0.4203  rpn_s.2.loss_cls: 0.3415  rpn_s.2.loss_bbox: 0.0455  rpn_s.2.loss_giou: 0.3629  rpn_s.3.loss_cls: 0.3068  rpn_s.3.loss_bbox: 0.0423  rpn_s.3.loss_giou: 0.3444  s0.loss_cls: 0.3479  s0.pos_acc: 65.7895  s0.loss_bbox: 0.5681  s0.loss_iou: 1.1517  s1.loss_cls: 0.3692  s1.pos_acc: 67.1053  s1.loss_bbox: 0.6382  s1.loss_iou: 1.2017
2026/03/27 15:16:47 - mmengine - INFO - Epoch(train) [10][ 9100/10002]  lr: 2.5000e-05  eta: 1 day, 0:00:24  time: 0.3858  data_time: 0.0032  memory: 7329  grad_norm: 74.4785  loss: 8.6268  rpn_s.0.loss_cls: 0.6050  rpn_s.0.loss_bbox: 0.1165  rpn_s.0.loss_giou: 0.8749  rpn_s.1.loss_cls: 0.4209  rpn_s.1.loss_bbox: 0.0495  rpn_s.1.loss_giou: 0.4353  rpn_s.2.loss_cls: 0.3519  rpn_s.2.loss_bbox: 0.0419  rpn_s.2.loss_giou: 0.3776  rpn_s.3.loss_cls: 0.3175  rpn_s.3.loss_bbox: 0.0383  rpn_s.3.loss_giou: 0.3537  s0.loss_cls: 0.3424  s0.pos_acc: 58.8235  s0.loss_bbox: 0.6603  s0.loss_iou: 1.2535  s1.loss_cls: 0.3641  s1.pos_acc: 58.8235  s1.loss_bbox: 0.7206  s1.loss_iou: 1.3025
2026/03/27 15:17:05 - mmengine - INFO - Epoch(train) [10][ 9150/10002]  lr: 2.5000e-05  eta: 23:59:02  time: 0.3785  data_time: 0.0032  memory: 7329  grad_norm: 72.8243  loss: 8.5912  rpn_s.0.loss_cls: 0.6490  rpn_s.0.loss_bbox: 0.1139  rpn_s.0.loss_giou: 0.8880  rpn_s.1.loss_cls: 0.4755  rpn_s.1.loss_bbox: 0.0450  rpn_s.1.loss_giou: 0.4171  rpn_s.2.loss_cls: 0.3942  rpn_s.2.loss_bbox: 0.0372  rpn_s.2.loss_giou: 0.3584  rpn_s.3.loss_cls: 0.3612  rpn_s.3.loss_bbox: 0.0349  rpn_s.3.loss_giou: 0.3400  s0.loss_cls: 0.4076  s0.pos_acc: 76.6667  s0.loss_bbox: 0.6056  s0.loss_iou: 1.1460  s1.loss_cls: 0.4246  s1.pos_acc: 83.3333  s1.loss_bbox: 0.6912  s1.loss_iou: 1.2021
2026/03/27 15:17:25 - mmengine - INFO - Epoch(train) [10][ 9200/10002]  lr: 2.5000e-05  eta: 23:57:42  time: 0.3827  data_time: 0.0032  memory: 7329  grad_norm: 80.3534  loss: 8.3469  rpn_s.0.loss_cls: 0.6252  rpn_s.0.loss_bbox: 0.1181  rpn_s.0.loss_giou: 0.8264  rpn_s.1.loss_cls: 0.4439  rpn_s.1.loss_bbox: 0.0510  rpn_s.1.loss_giou: 0.4075  rpn_s.2.loss_cls: 0.3875  rpn_s.2.loss_bbox: 0.0433  rpn_s.2.loss_giou: 0.3460  rpn_s.3.loss_cls: 0.3432  rpn_s.3.loss_bbox: 0.0404  rpn_s.3.loss_giou: 0.3247  s0.loss_cls: 0.3955  s0.pos_acc: 73.6842  s0.loss_bbox: 0.6162  s0.loss_iou: 1.1293  s1.loss_cls: 0.4137  s1.pos_acc: 60.5263  s1.loss_bbox: 0.6369  s1.loss_iou: 1.1981
2026/03/27 15:17:44 - mmengine - INFO - Epoch(train) [10][ 9250/10002]  lr: 2.5000e-05  eta: 23:56:21  time: 0.3786  data_time: 0.0032  memory: 7329  grad_norm: 94.2568  loss: 8.4009  rpn_s.0.loss_cls: 0.6092  rpn_s.0.loss_bbox: 0.1085  rpn_s.0.loss_giou: 0.7213  rpn_s.1.loss_cls: 0.4613  rpn_s.1.loss_bbox: 0.0511  rpn_s.1.loss_giou: 0.3827  rpn_s.2.loss_cls: 0.4037  rpn_s.2.loss_bbox: 0.0441  rpn_s.2.loss_giou: 0.3368  rpn_s.3.loss_cls: 0.3744  rpn_s.3.loss_bbox: 0.0414  rpn_s.3.loss_giou: 0.3163  s0.loss_cls: 0.4405  s0.pos_acc: 28.5714  s0.loss_bbox: 0.6751  s0.loss_iou: 1.0866  s1.loss_cls: 0.4709  s1.pos_acc: 28.5714  s1.loss_bbox: 0.7116  s1.loss_iou: 1.1654
2026/03/27 15:18:02 - mmengine - INFO - Epoch(train) [10][ 9300/10002]  lr: 2.5000e-05  eta: 23:55:00  time: 0.3786  data_time: 0.0032  memory: 7329  grad_norm: 73.7622  loss: 8.1968  rpn_s.0.loss_cls: 0.6098  rpn_s.0.loss_bbox: 0.1079  rpn_s.0.loss_giou: 0.8056  rpn_s.1.loss_cls: 0.4317  rpn_s.1.loss_bbox: 0.0472  rpn_s.1.loss_giou: 0.3908  rpn_s.2.loss_cls: 0.3553  rpn_s.2.loss_bbox: 0.0406  rpn_s.2.loss_giou: 0.3411  rpn_s.3.loss_cls: 0.3280  rpn_s.3.loss_bbox: 0.0369  rpn_s.3.loss_giou: 0.3156  s0.loss_cls: 0.3701  s0.pos_acc: 87.4046  s0.loss_bbox: 0.6392  s0.loss_iou: 1.1088  s1.loss_cls: 0.4032  s1.pos_acc: 85.4962  s1.loss_bbox: 0.6795  s1.loss_iou: 1.1855
2026/03/27 15:18:21 - mmengine - INFO - Epoch(train) [10][ 9350/10002]  lr: 2.5000e-05  eta: 23:53:38  time: 0.3743  data_time: 0.0032  memory: 7329  grad_norm: 76.9517  loss: 8.7499  rpn_s.0.loss_cls: 0.6472  rpn_s.0.loss_bbox: 0.1168  rpn_s.0.loss_giou: 0.8553  rpn_s.1.loss_cls: 0.4508  rpn_s.1.loss_bbox: 0.0522  rpn_s.1.loss_giou: 0.4259  rpn_s.2.loss_cls: 0.3801  rpn_s.2.loss_bbox: 0.0473  rpn_s.2.loss_giou: 0.3722  rpn_s.3.loss_cls: 0.3450  rpn_s.3.loss_bbox: 0.0413  rpn_s.3.loss_giou: 0.3489  s0.loss_cls: 0.4116  s0.pos_acc: 79.8611  s0.loss_bbox: 0.6515  s0.loss_iou: 1.2019  s1.loss_cls: 0.4343  s1.pos_acc: 79.1667  s1.loss_bbox: 0.7001  s1.loss_iou: 1.2675
2026/03/27 15:18:40 - mmengine - INFO - Epoch(train) [10][ 9400/10002]  lr: 2.5000e-05  eta: 23:52:14  time: 0.3723  data_time: 0.0033  memory: 7329  grad_norm: 76.0441  loss: 8.4799  rpn_s.0.loss_cls: 0.6462  rpn_s.0.loss_bbox: 0.1185  rpn_s.0.loss_giou: 0.8130  rpn_s.1.loss_cls: 0.4673  rpn_s.1.loss_bbox: 0.0532  rpn_s.1.loss_giou: 0.4084  rpn_s.2.loss_cls: 0.3921  rpn_s.2.loss_bbox: 0.0440  rpn_s.2.loss_giou: 0.3517  rpn_s.3.loss_cls: 0.3440  rpn_s.3.loss_bbox: 0.0409  rpn_s.3.loss_giou: 0.3356  s0.loss_cls: 0.3925  s0.pos_acc: 92.8571  s0.loss_bbox: 0.6348  s0.loss_iou: 1.1510  s1.loss_cls: 0.4090  s1.pos_acc: 90.4762  s1.loss_bbox: 0.6602  s1.loss_iou: 1.2173
2026/03/27 15:18:59 - mmengine - INFO - Epoch(train) [10][ 9450/10002]  lr: 2.5000e-05  eta: 23:50:54  time: 0.3775  data_time: 0.0032  memory: 7329  grad_norm: 69.2490  loss: 8.5718  rpn_s.0.loss_cls: 0.6596  rpn_s.0.loss_bbox: 0.1075  rpn_s.0.loss_giou: 0.8555  rpn_s.1.loss_cls: 0.4672  rpn_s.1.loss_bbox: 0.0465  rpn_s.1.loss_giou: 0.4223  rpn_s.2.loss_cls: 0.3859  rpn_s.2.loss_bbox: 0.0399  rpn_s.2.loss_giou: 0.3672  rpn_s.3.loss_cls: 0.3390  rpn_s.3.loss_bbox: 0.0368  rpn_s.3.loss_giou: 0.3486  s0.loss_cls: 0.3807  s0.pos_acc: 100.0000  s0.loss_bbox: 0.6404  s0.loss_iou: 1.1629  s1.loss_cls: 0.4118  s1.pos_acc: 50.0000  s1.loss_bbox: 0.6770  s1.loss_iou: 1.2228
2026/03/27 15:19:18 - mmengine - INFO - Epoch(train) [10][ 9500/10002]  lr: 2.5000e-05  eta: 23:49:35  time: 0.3793  data_time: 0.0033  memory: 7329  grad_norm: 83.5194  loss: 8.1081  rpn_s.0.loss_cls: 0.5954  rpn_s.0.loss_bbox: 0.1083  rpn_s.0.loss_giou: 0.8147  rpn_s.1.loss_cls: 0.4253  rpn_s.1.loss_bbox: 0.0460  rpn_s.1.loss_giou: 0.4007  rpn_s.2.loss_cls: 0.3518  rpn_s.2.loss_bbox: 0.0385  rpn_s.2.loss_giou: 0.3462  rpn_s.3.loss_cls: 0.3248  rpn_s.3.loss_bbox: 0.0362  rpn_s.3.loss_giou: 0.3289  s0.loss_cls: 0.3703  s0.pos_acc: 90.9091  s0.loss_bbox: 0.5969  s0.loss_iou: 1.1069  s1.loss_cls: 0.3886  s1.pos_acc: 95.4545  s1.loss_bbox: 0.6558  s1.loss_iou: 1.1729
2026/03/27 15:19:36 - mmengine - INFO - Epoch(train) [10][ 9550/10002]  lr: 2.5000e-05  eta: 23:48:13  time: 0.3741  data_time: 0.0032  memory: 7329  grad_norm: 88.4308  loss: 7.7717  rpn_s.0.loss_cls: 0.6118  rpn_s.0.loss_bbox: 0.0965  rpn_s.0.loss_giou: 0.7050  rpn_s.1.loss_cls: 0.4381  rpn_s.1.loss_bbox: 0.0433  rpn_s.1.loss_giou: 0.3634  rpn_s.2.loss_cls: 0.3625  rpn_s.2.loss_bbox: 0.0359  rpn_s.2.loss_giou: 0.3152  rpn_s.3.loss_cls: 0.3141  rpn_s.3.loss_bbox: 0.0347  rpn_s.3.loss_giou: 0.2992  s0.loss_cls: 0.3596  s0.pos_acc: 100.0000  s0.loss_bbox: 0.6472  s0.loss_iou: 1.0056  s1.loss_cls: 0.3938  s1.pos_acc: 100.0000  s1.loss_bbox: 0.6682  s1.loss_iou: 1.0775
2026/03/27 15:19:55 - mmengine - INFO - Epoch(train) [10][ 9600/10002]  lr: 2.5000e-05  eta: 23:46:55  time: 0.3804  data_time: 0.0032  memory: 7329  grad_norm: 70.9250  loss: 8.5927  rpn_s.0.loss_cls: 0.6311  rpn_s.0.loss_bbox: 0.1080  rpn_s.0.loss_giou: 0.8238  rpn_s.1.loss_cls: 0.4645  rpn_s.1.loss_bbox: 0.0490  rpn_s.1.loss_giou: 0.4218  rpn_s.2.loss_cls: 0.3925  rpn_s.2.loss_bbox: 0.0421  rpn_s.2.loss_giou: 0.3702  rpn_s.3.loss_cls: 0.3535  rpn_s.3.loss_bbox: 0.0381  rpn_s.3.loss_giou: 0.3489  s0.loss_cls: 0.4058  s0.pos_acc: 81.2500  s0.loss_bbox: 0.6157  s0.loss_iou: 1.1857  s1.loss_cls: 0.4276  s1.pos_acc: 62.5000  s1.loss_bbox: 0.6703  s1.loss_iou: 1.2442
2026/03/27 15:20:15 - mmengine - INFO - Epoch(train) [10][ 9650/10002]  lr: 2.5000e-05  eta: 23:45:39  time: 0.3855  data_time: 0.0032  memory: 7329  grad_norm: 82.6995  loss: 8.0751  rpn_s.0.loss_cls: 0.6075  rpn_s.0.loss_bbox: 0.1060  rpn_s.0.loss_giou: 0.8175  rpn_s.1.loss_cls: 0.4196  rpn_s.1.loss_bbox: 0.0467  rpn_s.1.loss_giou: 0.3947  rpn_s.2.loss_cls: 0.3467  rpn_s.2.loss_bbox: 0.0387  rpn_s.2.loss_giou: 0.3412  rpn_s.3.loss_cls: 0.3062  rpn_s.3.loss_bbox: 0.0362  rpn_s.3.loss_giou: 0.3230  s0.loss_cls: 0.3455  s0.pos_acc: 100.0000  s0.loss_bbox: 0.6533  s0.loss_iou: 1.0798  s1.loss_cls: 0.3655  s1.pos_acc: 100.0000  s1.loss_bbox: 0.7033  s1.loss_iou: 1.1437
2026/03/27 15:20:34 - mmengine - INFO - Epoch(train) [10][ 9700/10002]  lr: 2.5000e-05  eta: 23:44:26  time: 0.3915  data_time: 0.0032  memory: 7330  grad_norm: 91.5804  loss: 8.1984  rpn_s.0.loss_cls: 0.5978  rpn_s.0.loss_bbox: 0.1047  rpn_s.0.loss_giou: 0.7313  rpn_s.1.loss_cls: 0.4473  rpn_s.1.loss_bbox: 0.0533  rpn_s.1.loss_giou: 0.4066  rpn_s.2.loss_cls: 0.3667  rpn_s.2.loss_bbox: 0.0461  rpn_s.2.loss_giou: 0.3539  rpn_s.3.loss_cls: 0.3276  rpn_s.3.loss_bbox: 0.0431  rpn_s.3.loss_giou: 0.3384  s0.loss_cls: 0.3848  s0.pos_acc: 70.6897  s0.loss_bbox: 0.6262  s0.loss_iou: 1.1215  s1.loss_cls: 0.3954  s1.pos_acc: 74.1379  s1.loss_bbox: 0.6624  s1.loss_iou: 1.1911
2026/03/27 15:20:53 - mmengine - INFO - Epoch(train) [10][ 9750/10002]  lr: 2.5000e-05  eta: 23:43:11  time: 0.3853  data_time: 0.0032  memory: 7329  grad_norm: 73.8027  loss: 8.5924  rpn_s.0.loss_cls: 0.6317  rpn_s.0.loss_bbox: 0.1214  rpn_s.0.loss_giou: 0.9159  rpn_s.1.loss_cls: 0.4447  rpn_s.1.loss_bbox: 0.0474  rpn_s.1.loss_giou: 0.4299  rpn_s.2.loss_cls: 0.3650  rpn_s.2.loss_bbox: 0.0390  rpn_s.2.loss_giou: 0.3675  rpn_s.3.loss_cls: 0.3227  rpn_s.3.loss_bbox: 0.0360  rpn_s.3.loss_giou: 0.3444  s0.loss_cls: 0.3627  s0.pos_acc: 73.3333  s0.loss_bbox: 0.6365  s0.loss_iou: 1.1970  s1.loss_cls: 0.3775  s1.pos_acc: 68.8889  s1.loss_bbox: 0.6777  s1.loss_iou: 1.2755
2026/03/27 15:21:12 - mmengine - INFO - Epoch(train) [10][ 9800/10002]  lr: 2.5000e-05  eta: 23:41:54  time: 0.3798  data_time: 0.0032  memory: 7329  grad_norm: 75.2037  loss: 8.1953  rpn_s.0.loss_cls: 0.6264  rpn_s.0.loss_bbox: 0.1087  rpn_s.0.loss_giou: 0.7765  rpn_s.1.loss_cls: 0.4525  rpn_s.1.loss_bbox: 0.0473  rpn_s.1.loss_giou: 0.3843  rpn_s.2.loss_cls: 0.3870  rpn_s.2.loss_bbox: 0.0396  rpn_s.2.loss_giou: 0.3292  rpn_s.3.loss_cls: 0.3533  rpn_s.3.loss_bbox: 0.0382  rpn_s.3.loss_giou: 0.3126  s0.loss_cls: 0.4007  s0.pos_acc: 80.0000  s0.loss_bbox: 0.6169  s0.loss_iou: 1.1062  s1.loss_cls: 0.4186  s1.pos_acc: 85.0000  s1.loss_bbox: 0.6337  s1.loss_iou: 1.1635
2026/03/27 15:21:31 - mmengine - INFO - Epoch(train) [10][ 9850/10002]  lr: 2.5000e-05  eta: 23:40:35  time: 0.3756  data_time: 0.0032  memory: 7329  grad_norm: 80.1728  loss: 8.2033  rpn_s.0.loss_cls: 0.6186  rpn_s.0.loss_bbox: 0.1068  rpn_s.0.loss_giou: 0.8036  rpn_s.1.loss_cls: 0.4514  rpn_s.1.loss_bbox: 0.0450  rpn_s.1.loss_giou: 0.3992  rpn_s.2.loss_cls: 0.3646  rpn_s.2.loss_bbox: 0.0377  rpn_s.2.loss_giou: 0.3462  rpn_s.3.loss_cls: 0.3274  rpn_s.3.loss_bbox: 0.0356  rpn_s.3.loss_giou: 0.3298  s0.loss_cls: 0.3750  s0.pos_acc: 65.9091  s0.loss_bbox: 0.6278  s0.loss_iou: 1.0882  s1.loss_cls: 0.3855  s1.pos_acc: 77.2727  s1.loss_bbox: 0.6798  s1.loss_iou: 1.1811
2026/03/27 15:21:50 - mmengine - INFO - Epoch(train) [10][ 9900/10002]  lr: 2.5000e-05  eta: 23:39:16  time: 0.3760  data_time: 0.0032  memory: 7329  grad_norm: 98.3518  loss: 8.2013  rpn_s.0.loss_cls: 0.6280  rpn_s.0.loss_bbox: 0.0997  rpn_s.0.loss_giou: 0.8362  rpn_s.1.loss_cls: 0.4411  rpn_s.1.loss_bbox: 0.0409  rpn_s.1.loss_giou: 0.3972  rpn_s.2.loss_cls: 0.3572  rpn_s.2.loss_bbox: 0.0334  rpn_s.2.loss_giou: 0.3426  rpn_s.3.loss_cls: 0.3198  rpn_s.3.loss_bbox: 0.0312  rpn_s.3.loss_giou: 0.3258  s0.loss_cls: 0.3614  s0.pos_acc: 83.3333  s0.loss_bbox: 0.6526  s0.loss_iou: 1.0917  s1.loss_cls: 0.3932  s1.pos_acc: 100.0000  s1.loss_bbox: 0.7003  s1.loss_iou: 1.1491
2026/03/27 15:22:09 - mmengine - INFO - Epoch(train) [10][ 9950/10002]  lr: 2.5000e-05  eta: 23:38:03  time: 0.3867  data_time: 0.0032  memory: 7330  grad_norm: 97.0133  loss: 8.1773  rpn_s.0.loss_cls: 0.6035  rpn_s.0.loss_bbox: 0.1209  rpn_s.0.loss_giou: 0.8212  rpn_s.1.loss_cls: 0.4371  rpn_s.1.loss_bbox: 0.0536  rpn_s.1.loss_giou: 0.4031  rpn_s.2.loss_cls: 0.3616  rpn_s.2.loss_bbox: 0.0451  rpn_s.2.loss_giou: 0.3459  rpn_s.3.loss_cls: 0.3265  rpn_s.3.loss_bbox: 0.0419  rpn_s.3.loss_giou: 0.3270  s0.loss_cls: 0.3785  s0.pos_acc: 68.4211  s0.loss_bbox: 0.5277  s0.loss_iou: 1.1261  s1.loss_cls: 0.4328  s1.pos_acc: 68.4211  s1.loss_bbox: 0.5769  s1.loss_iou: 1.2481
2026/03/27 15:22:24 - mmengine - INFO - Exp name: GSDet_r50_b900_h2h4_h2r1_r2r1_2x_fair1m1.0_20260327_123453
2026/03/27 15:22:29 - mmengine - INFO - Epoch(train) [10][10000/10002]  lr: 2.5000e-05  eta: 23:36:49  time: 0.3861  data_time: 0.0032  memory: 7329  grad_norm: 85.7594  loss: 8.1182  rpn_s.0.loss_cls: 0.5992  rpn_s.0.loss_bbox: 0.1155  rpn_s.0.loss_giou: 0.7967  rpn_s.1.loss_cls: 0.4312  rpn_s.1.loss_bbox: 0.0480  rpn_s.1.loss_giou: 0.3872  rpn_s.2.loss_cls: 0.3552  rpn_s.2.loss_bbox: 0.0412  rpn_s.2.loss_giou: 0.3459  rpn_s.3.loss_cls: 0.3152  rpn_s.3.loss_bbox: 0.0388  rpn_s.3.loss_giou: 0.3334  s0.loss_cls: 0.3519  s0.pos_acc: 88.0952  s0.loss_bbox: 0.6498  s0.loss_iou: 1.1046  s1.loss_cls: 0.3712  s1.pos_acc: 83.3333  s1.loss_bbox: 0.6736  s1.loss_iou: 1.1596
2026/03/27 15:22:29 - mmengine - INFO - Exp name: GSDet_r50_b900_h2h4_h2r1_r2r1_2x_fair1m1.0_20260327_123453
2026/03/27 15:22:29 - mmengine - INFO - Saving checkpoint at 10 epochs
2026/03/27 15:22:52 - mmengine - INFO - Epoch(train) [11][   50/10002]  lr: 2.5000e-05  eta: 23:35:35  time: 0.3934  data_time: 0.0053  memory: 7330  grad_norm: 134.8982  loss: 8.4035  rpn_s.0.loss_cls: 0.6173  rpn_s.0.loss_bbox: 0.1210  rpn_s.0.loss_giou: 0.8675  rpn_s.1.loss_cls: 0.4161  rpn_s.1.loss_bbox: 0.0508  rpn_s.1.loss_giou: 0.4139  rpn_s.2.loss_cls: 0.3430  rpn_s.2.loss_bbox: 0.0430  rpn_s.2.loss_giou: 0.3606  rpn_s.3.loss_cls: 0.3015  rpn_s.3.loss_bbox: 0.0390  rpn_s.3.loss_giou: 0.3387  s0.loss_cls: 0.3545  s0.pos_acc: 78.5714  s0.loss_bbox: 0.6481  s0.loss_iou: 1.1827  s1.loss_cls: 0.3880  s1.pos_acc: 90.4762  s1.loss_bbox: 0.6656  s1.loss_iou: 1.2523
2026/03/27 15:23:11 - mmengine - INFO - Epoch(train) [11][  100/10002]  lr: 2.5000e-05  eta: 23:34:21  time: 0.3853  data_time: 0.0033  memory: 7330  grad_norm: 75.8568  loss: 8.7530  rpn_s.0.loss_cls: 0.6475  rpn_s.0.loss_bbox: 0.1189  rpn_s.0.loss_giou: 0.9071  rpn_s.1.loss_cls: 0.4522  rpn_s.1.loss_bbox: 0.0512  rpn_s.1.loss_giou: 0.4395  rpn_s.2.loss_cls: 0.3852  rpn_s.2.loss_bbox: 0.0398  rpn_s.2.loss_giou: 0.3696  rpn_s.3.loss_cls: 0.3469  rpn_s.3.loss_bbox: 0.0373  rpn_s.3.loss_giou: 0.3511  s0.loss_cls: 0.3937  s0.pos_acc: 100.0000  s0.loss_bbox: 0.6365  s0.loss_iou: 1.2143  s1.loss_cls: 0.4181  s1.pos_acc: 100.0000  s1.loss_bbox: 0.6668  s1.loss_iou: 1.2771
2026/03/27 15:23:30 - mmengine - INFO - Epoch(train) [11][  150/10002]  lr: 2.5000e-05  eta: 23:33:06  time: 0.3801  data_time: 0.0032  memory: 7329  grad_norm: 69.7646  loss: 8.3993  rpn_s.0.loss_cls: 0.6538  rpn_s.0.loss_bbox: 0.1061  rpn_s.0.loss_giou: 0.8332  rpn_s.1.loss_cls: 0.4596  rpn_s.1.loss_bbox: 0.0422  rpn_s.1.loss_giou: 0.4056  rpn_s.2.loss_cls: 0.3931  rpn_s.2.loss_bbox: 0.0359  rpn_s.2.loss_giou: 0.3533  rpn_s.3.loss_cls: 0.3608  rpn_s.3.loss_bbox: 0.0336  rpn_s.3.loss_giou: 0.3377  s0.loss_cls: 0.3960  s0.pos_acc: 67.0213  s0.loss_bbox: 0.5652  s0.loss_iou: 1.1809  s1.loss_cls: 0.4177  s1.pos_acc: 70.7447  s1.loss_bbox: 0.5990  s1.loss_iou: 1.2255
2026/03/27 15:23:49 - mmengine - INFO - Epoch(train) [11][  200/10002]  lr: 2.5000e-05  eta: 23:31:51  time: 0.3799  data_time: 0.0031  memory: 7329  grad_norm: 77.8031  loss: 8.1027  rpn_s.0.loss_cls: 0.6301  rpn_s.0.loss_bbox: 0.1059  rpn_s.0.loss_giou: 0.8112  rpn_s.1.loss_cls: 0.4324  rpn_s.1.loss_bbox: 0.0448  rpn_s.1.loss_giou: 0.4024  rpn_s.2.loss_cls: 0.3590  rpn_s.2.loss_bbox: 0.0385  rpn_s.2.loss_giou: 0.3499  rpn_s.3.loss_cls: 0.3183  rpn_s.3.loss_bbox: 0.0361  rpn_s.3.loss_giou: 0.3306  s0.loss_cls: 0.3601  s0.pos_acc: 75.0000  s0.loss_bbox: 0.6139  s0.loss_iou: 1.0989  s1.loss_cls: 0.3823  s1.pos_acc: 69.2308  s1.loss_bbox: 0.6246  s1.loss_iou: 1.1638
2026/03/27 15:24:08 - mmengine - INFO - Epoch(train) [11][  250/10002]  lr: 2.5000e-05  eta: 23:30:38  time: 0.3836  data_time: 0.0032  memory: 7329  grad_norm: 92.9662  loss: 8.1687  rpn_s.0.loss_cls: 0.6202  rpn_s.0.loss_bbox: 0.1160  rpn_s.0.loss_giou: 0.8351  rpn_s.1.loss_cls: 0.4358  rpn_s.1.loss_bbox: 0.0496  rpn_s.1.loss_giou: 0.4092  rpn_s.2.loss_cls: 0.3633  rpn_s.2.loss_bbox: 0.0422  rpn_s.2.loss_giou: 0.3479  rpn_s.3.loss_cls: 0.3227  rpn_s.3.loss_bbox: 0.0395  rpn_s.3.loss_giou: 0.3343  s0.loss_cls: 0.3655  s0.pos_acc: 88.8889  s0.loss_bbox: 0.6127  s0.loss_iou: 1.1006  s1.loss_cls: 0.3973  s1.pos_acc: 86.1111  s1.loss_bbox: 0.6375  s1.loss_iou: 1.1391
2026/03/27 15:24:27 - mmengine - INFO - Epoch(train) [11][  300/10002]  lr: 2.5000e-05  eta: 23:29:26  time: 0.3855  data_time: 0.0032  memory: 7329  grad_norm: 78.2253  loss: 8.1025  rpn_s.0.loss_cls: 0.6145  rpn_s.0.loss_bbox: 0.1203  rpn_s.0.loss_giou: 0.8463  rpn_s.1.loss_cls: 0.4334  rpn_s.1.loss_bbox: 0.0496  rpn_s.1.loss_giou: 0.4074  rpn_s.2.loss_cls: 0.3544  rpn_s.2.loss_bbox: 0.0412  rpn_s.2.loss_giou: 0.3414  rpn_s.3.loss_cls: 0.3078  rpn_s.3.loss_bbox: 0.0378  rpn_s.3.loss_giou: 0.3197  s0.loss_cls: 0.3400  s0.pos_acc: 64.7059  s0.loss_bbox: 0.6087  s0.loss_iou: 1.0999  s1.loss_cls: 0.3596  s1.pos_acc: 65.6863  s1.loss_bbox: 0.6571  s1.loss_iou: 1.1635
2026/03/27 15:24:46 - mmengine - INFO - Epoch(train) [11][  350/10002]  lr: 2.5000e-05  eta: 23:28:13  time: 0.3834  data_time: 0.0032  memory: 7329  grad_norm: 77.9998  loss: 8.1637  rpn_s.0.loss_cls: 0.6592  rpn_s.0.loss_bbox: 0.1050  rpn_s.0.loss_giou: 0.8779  rpn_s.1.loss_cls: 0.4484  rpn_s.1.loss_bbox: 0.0403  rpn_s.1.loss_giou: 0.4029  rpn_s.2.loss_cls: 0.3728  rpn_s.2.loss_bbox: 0.0342  rpn_s.2.loss_giou: 0.3446  rpn_s.3.loss_cls: 0.3281  rpn_s.3.loss_bbox: 0.0321  rpn_s.3.loss_giou: 0.3286  s0.loss_cls: 0.3590  s0.pos_acc: 82.9710  s0.loss_bbox: 0.5733  s0.loss_iou: 1.0886  s1.loss_cls: 0.3830  s1.pos_acc: 84.0580  s1.loss_bbox: 0.6306  s1.loss_iou: 1.1549
2026/03/27 15:25:06 - mmengine - INFO - Epoch(train) [11][  400/10002]  lr: 2.5000e-05  eta: 23:27:01  time: 0.3854  data_time: 0.0031  memory: 7330  grad_norm: 65.7053  loss: 8.4153  rpn_s.0.loss_cls: 0.6163  rpn_s.0.loss_bbox: 0.1133  rpn_s.0.loss_giou: 0.8819  rpn_s.1.loss_cls: 0.4343  rpn_s.1.loss_bbox: 0.0492  rpn_s.1.loss_giou: 0.4252  rpn_s.2.loss_cls: 0.3629  rpn_s.2.loss_bbox: 0.0400  rpn_s.2.loss_giou: 0.3605  rpn_s.3.loss_cls: 0.3218  rpn_s.3.loss_bbox: 0.0370  rpn_s.3.loss_giou: 0.3413  s0.loss_cls: 0.3705  s0.pos_acc: 74.3750  s0.loss_bbox: 0.6065  s0.loss_iou: 1.1610  s1.loss_cls: 0.3902  s1.pos_acc: 72.5000  s1.loss_bbox: 0.6746  s1.loss_iou: 1.2288
2026/03/27 15:25:25 - mmengine - INFO - Epoch(train) [11][  450/10002]  lr: 2.5000e-05  eta: 23:25:49  time: 0.3836  data_time: 0.0031  memory: 7329  grad_norm: 68.6037  loss: 7.9813  rpn_s.0.loss_cls: 0.6003  rpn_s.0.loss_bbox: 0.1037  rpn_s.0.loss_giou: 0.7951  rpn_s.1.loss_cls: 0.4333  rpn_s.1.loss_bbox: 0.0437  rpn_s.1.loss_giou: 0.3898  rpn_s.2.loss_cls: 0.3550  rpn_s.2.loss_bbox: 0.0375  rpn_s.2.loss_giou: 0.3365  rpn_s.3.loss_cls: 0.3104  rpn_s.3.loss_bbox: 0.0353  rpn_s.3.loss_giou: 0.3186  s0.loss_cls: 0.3447  s0.pos_acc: 70.0000  s0.loss_bbox: 0.6222  s0.loss_iou: 1.1077  s1.loss_cls: 0.3566  s1.pos_acc: 80.0000  s1.loss_bbox: 0.6226  s1.loss_iou: 1.1682
2026/03/27 15:25:44 - mmengine - INFO - Epoch(train) [11][  500/10002]  lr: 2.5000e-05  eta: 23:24:38  time: 0.3849  data_time: 0.0031  memory: 7329  grad_norm: 77.9955  loss: 8.2959  rpn_s.0.loss_cls: 0.6236  rpn_s.0.loss_bbox: 0.1062  rpn_s.0.loss_giou: 0.8415  rpn_s.1.loss_cls: 0.4265  rpn_s.1.loss_bbox: 0.0448  rpn_s.1.loss_giou: 0.4122  rpn_s.2.loss_cls: 0.3384  rpn_s.2.loss_bbox: 0.0376  rpn_s.2.loss_giou: 0.3549  rpn_s.3.loss_cls: 0.3004  rpn_s.3.loss_bbox: 0.0355  rpn_s.3.loss_giou: 0.3347  s0.loss_cls: 0.3394  s0.pos_acc: 78.1250  s0.loss_bbox: 0.6475  s0.loss_iou: 1.1766  s1.loss_cls: 0.3620  s1.pos_acc: 81.2500  s1.loss_bbox: 0.7045  s1.loss_iou: 1.2096
2026/03/27 15:26:03 - mmengine - INFO - Epoch(train) [11][  550/10002]  lr: 2.5000e-05  eta: 23:23:22  time: 0.3742  data_time: 0.0031  memory: 7329  grad_norm: 84.6983  loss: 8.1857  rpn_s.0.loss_cls: 0.5971  rpn_s.0.loss_bbox: 0.1040  rpn_s.0.loss_giou: 0.7402  rpn_s.1.loss_cls: 0.4343  rpn_s.1.loss_bbox: 0.0488  rpn_s.1.loss_giou: 0.3940  rpn_s.2.loss_cls: 0.3622  rpn_s.2.loss_bbox: 0.0430  rpn_s.2.loss_giou: 0.3514  rpn_s.3.loss_cls: 0.3178  rpn_s.3.loss_bbox: 0.0398  rpn_s.3.loss_giou: 0.3277  s0.loss_cls: 0.3871  s0.pos_acc: 73.6364  s0.loss_bbox: 0.6332  s0.loss_iou: 1.1279  s1.loss_cls: 0.3923  s1.pos_acc: 70.0000  s1.loss_bbox: 0.6997  s1.loss_iou: 1.1851
2026/03/27 15:26:22 - mmengine - INFO - Epoch(train) [11][  600/10002]  lr: 2.5000e-05  eta: 23:22:09  time: 0.3789  data_time: 0.0031  memory: 7329  grad_norm: 83.8243  loss: 7.9818  rpn_s.0.loss_cls: 0.5998  rpn_s.0.loss_bbox: 0.1064  rpn_s.0.loss_giou: 0.7619  rpn_s.1.loss_cls: 0.4276  rpn_s.1.loss_bbox: 0.0456  rpn_s.1.loss_giou: 0.3736  rpn_s.2.loss_cls: 0.3490  rpn_s.2.loss_bbox: 0.0393  rpn_s.2.loss_giou: 0.3320  rpn_s.3.loss_cls: 0.2994  rpn_s.3.loss_bbox: 0.0357  rpn_s.3.loss_giou: 0.3087  s0.loss_cls: 0.3291  s0.pos_acc: 100.0000  s0.loss_bbox: 0.6922  s0.loss_iou: 1.0595  s1.loss_cls: 0.3484  s1.pos_acc: 100.0000  s1.loss_bbox: 0.7461  s1.loss_iou: 1.1275
2026/03/27 15:26:41 - mmengine - INFO - Epoch(train) [11][  650/10002]  lr: 2.5000e-05  eta: 23:20:56  time: 0.3786  data_time: 0.0031  memory: 7329  grad_norm: 77.3301  loss: 8.3707  rpn_s.0.loss_cls: 0.6411  rpn_s.0.loss_bbox: 0.1158  rpn_s.0.loss_giou: 0.8105  rpn_s.1.loss_cls: 0.4419  rpn_s.1.loss_bbox: 0.0509  rpn_s.1.loss_giou: 0.4040  rpn_s.2.loss_cls: 0.3658  rpn_s.2.loss_bbox: 0.0445  rpn_s.2.loss_giou: 0.3502  rpn_s.3.loss_cls: 0.3271  rpn_s.3.loss_bbox: 0.0422  rpn_s.3.loss_giou: 0.3310  s0.loss_cls: 0.3653  s0.pos_acc: 100.0000  s0.loss_bbox: 0.6431  s0.loss_iou: 1.1215  s1.loss_cls: 0.3954  s1.pos_acc: 100.0000  s1.loss_bbox: 0.7492  s1.loss_iou: 1.1710
2026/03/27 15:27:00 - mmengine - INFO - Epoch(train) [11][  700/10002]  lr: 2.5000e-05  eta: 23:19:43  time: 0.3801  data_time: 0.0031  memory: 7329  grad_norm: 78.0749  loss: 8.4286  rpn_s.0.loss_cls: 0.6235  rpn_s.0.loss_bbox: 0.1076  rpn_s.0.loss_giou: 0.7943  rpn_s.1.loss_cls: 0.4375  rpn_s.1.loss_bbox: 0.0498  rpn_s.1.loss_giou: 0.4138  rpn_s.2.loss_cls: 0.3576  rpn_s.2.loss_bbox: 0.0430  rpn_s.2.loss_giou: 0.3601  rpn_s.3.loss_cls: 0.3188  rpn_s.3.loss_bbox: 0.0403  rpn_s.3.loss_giou: 0.3415  s0.loss_cls: 0.3556  s0.pos_acc: 95.7317  s0.loss_bbox: 0.6680  s0.loss_iou: 1.1980  s1.loss_cls: 0.3757  s1.pos_acc: 96.9512  s1.loss_bbox: 0.6984  s1.loss_iou: 1.2450
2026/03/27 15:27:19 - mmengine - INFO - Epoch(train) [11][  750/10002]  lr: 2.5000e-05  eta: 23:18:31  time: 0.3794  data_time: 0.0031  memory: 7329  grad_norm: 77.0996  loss: 8.7217  rpn_s.0.loss_cls: 0.6416  rpn_s.0.loss_bbox: 0.1266  rpn_s.0.loss_giou: 0.8133  rpn_s.1.loss_cls: 0.4560  rpn_s.1.loss_bbox: 0.0616  rpn_s.1.loss_giou: 0.4277  rpn_s.2.loss_cls: 0.3693  rpn_s.2.loss_bbox: 0.0479  rpn_s.2.loss_giou: 0.3694  rpn_s.3.loss_cls: 0.3195  rpn_s.3.loss_bbox: 0.0445  rpn_s.3.loss_giou: 0.3517  s0.loss_cls: 0.3982  s0.pos_acc: 71.0526  s0.loss_bbox: 0.6874  s0.loss_iou: 1.2166  s1.loss_cls: 0.3953  s1.pos_acc: 69.7368  s1.loss_bbox: 0.7093  s1.loss_iou: 1.2856
2026/03/27 15:27:38 - mmengine - INFO - Epoch(train) [11][  800/10002]  lr: 2.5000e-05  eta: 23:17:18  time: 0.3772  data_time: 0.0031  memory: 7329  grad_norm: 89.3431  loss: 8.1231  rpn_s.0.loss_cls: 0.6053  rpn_s.0.loss_bbox: 0.1107  rpn_s.0.loss_giou: 0.7894  rpn_s.1.loss_cls: 0.4232  rpn_s.1.loss_bbox: 0.0483  rpn_s.1.loss_giou: 0.3973  rpn_s.2.loss_cls: 0.3432  rpn_s.2.loss_bbox: 0.0427  rpn_s.2.loss_giou: 0.3538  rpn_s.3.loss_cls: 0.3094  rpn_s.3.loss_bbox: 0.0406  rpn_s.3.loss_giou: 0.3318  s0.loss_cls: 0.3376  s0.pos_acc: 55.5556  s0.loss_bbox: 0.7038  s0.loss_iou: 1.0705  s1.loss_cls: 0.3647  s1.pos_acc: 44.4444  s1.loss_bbox: 0.7094  s1.loss_iou: 1.1414
2026/03/27 15:27:56 - mmengine - INFO - Epoch(train) [11][  850/10002]  lr: 2.5000e-05  eta: 23:16:05  time: 0.3756  data_time: 0.0031  memory: 7329  grad_norm: 80.6108  loss: 8.4673  rpn_s.0.loss_cls: 0.6661  rpn_s.0.loss_bbox: 0.1112  rpn_s.0.loss_giou: 0.8840  rpn_s.1.loss_cls: 0.4518  rpn_s.1.loss_bbox: 0.0438  rpn_s.1.loss_giou: 0.4332  rpn_s.2.loss_cls: 0.3803  rpn_s.2.loss_bbox: 0.0366  rpn_s.2.loss_giou: 0.3751  rpn_s.3.loss_cls: 0.3387  rpn_s.3.loss_bbox: 0.0347  rpn_s.3.loss_giou: 0.3547  s0.loss_cls: 0.3978  s0.pos_acc: 25.0000  s0.loss_bbox: 0.5839  s0.loss_iou: 1.1445  s1.loss_cls: 0.4193  s1.pos_acc: 50.0000  s1.loss_bbox: 0.6206  s1.loss_iou: 1.1910
2026/03/27 15:28:15 - mmengine - INFO - Epoch(train) [11][  900/10002]  lr: 2.5000e-05  eta: 23:14:52  time: 0.3758  data_time: 0.0031  memory: 7329  grad_norm: 89.3378  loss: 8.7096  rpn_s.0.loss_cls: 0.6443  rpn_s.0.loss_bbox: 0.1113  rpn_s.0.loss_giou: 0.8711  rpn_s.1.loss_cls: 0.4247  rpn_s.1.loss_bbox: 0.0482  rpn_s.1.loss_giou: 0.4260  rpn_s.2.loss_cls: 0.3486  rpn_s.2.loss_bbox: 0.0410  rpn_s.2.loss_giou: 0.3658  rpn_s.3.loss_cls: 0.3049  rpn_s.3.loss_bbox: 0.0381  rpn_s.3.loss_giou: 0.3509  s0.loss_cls: 0.3424  s0.pos_acc: 60.0000  s0.loss_bbox: 0.7085  s0.loss_iou: 1.2359  s1.loss_cls: 0.3547  s1.pos_acc: 45.0000  s1.loss_bbox: 0.7658  s1.loss_iou: 1.3273
2026/03/27 15:28:34 - mmengine - INFO - Epoch(train) [11][  950/10002]  lr: 2.5000e-05  eta: 23:13:42  time: 0.3834  data_time: 0.0031  memory: 7330  grad_norm: 75.4348  loss: 8.3554  rpn_s.0.loss_cls: 0.6291  rpn_s.0.loss_bbox: 0.1127  rpn_s.0.loss_giou: 0.8540  rpn_s.1.loss_cls: 0.4480  rpn_s.1.loss_bbox: 0.0473  rpn_s.1.loss_giou: 0.4128  rpn_s.2.loss_cls: 0.3681  rpn_s.2.loss_bbox: 0.0391  rpn_s.2.loss_giou: 0.3516  rpn_s.3.loss_cls: 0.3138  rpn_s.3.loss_bbox: 0.0363  rpn_s.3.loss_giou: 0.3303  s0.loss_cls: 0.3524  s0.pos_acc: 60.0000  s0.loss_bbox: 0.6333  s0.loss_iou: 1.1383  s1.loss_cls: 0.3804  s1.pos_acc: 54.0000  s1.loss_bbox: 0.7058  s1.loss_iou: 1.2020
2026/03/27 15:28:48 - mmengine - INFO - Exp name: GSDet_r50_b900_h2h4_h2r1_r2r1_2x_fair1m1.0_20260327_123453
2026/03/27 15:28:53 - mmengine - INFO - Epoch(train) [11][ 1000/10002]  lr: 2.5000e-05  eta: 23:12:30  time: 0.3777  data_time: 0.0031  memory: 7329  grad_norm: 89.1080  loss: 8.0118  rpn_s.0.loss_cls: 0.6074  rpn_s.0.loss_bbox: 0.1114  rpn_s.0.loss_giou: 0.8080  rpn_s.1.loss_cls: 0.4266  rpn_s.1.loss_bbox: 0.0451  rpn_s.1.loss_giou: 0.4055  rpn_s.2.loss_cls: 0.3471  rpn_s.2.loss_bbox: 0.0397  rpn_s.2.loss_giou: 0.3422  rpn_s.3.loss_cls: 0.3121  rpn_s.3.loss_bbox: 0.0367  rpn_s.3.loss_giou: 0.3256  s0.loss_cls: 0.3577  s0.pos_acc: 50.0000  s0.loss_bbox: 0.5737  s0.loss_iou: 1.1155  s1.loss_cls: 0.3732  s1.pos_acc: 69.2308  s1.loss_bbox: 0.5807  s1.loss_iou: 1.2035
2026/03/27 15:29:12 - mmengine - INFO - Epoch(train) [11][ 1050/10002]  lr: 2.5000e-05  eta: 23:11:18  time: 0.3765  data_time: 0.0031  memory: 7329  grad_norm: 71.7102  loss: 8.0413  rpn_s.0.loss_cls: 0.6053  rpn_s.0.loss_bbox: 0.1178  rpn_s.0.loss_giou: 0.8033  rpn_s.1.loss_cls: 0.4274  rpn_s.1.loss_bbox: 0.0489  rpn_s.1.loss_giou: 0.3891  rpn_s.2.loss_cls: 0.3513  rpn_s.2.loss_bbox: 0.0391  rpn_s.2.loss_giou: 0.3279  rpn_s.3.loss_cls: 0.3096  rpn_s.3.loss_bbox: 0.0364  rpn_s.3.loss_giou: 0.3125  s0.loss_cls: 0.3383  s0.pos_acc: 88.8889  s0.loss_bbox: 0.6335  s0.loss_iou: 1.1051  s1.loss_cls: 0.3629  s1.pos_acc: 83.3333  s1.loss_bbox: 0.6792  s1.loss_iou: 1.1539
2026/03/27 15:29:31 - mmengine - INFO - Epoch(train) [11][ 1100/10002]  lr: 2.5000e-05  eta: 23:10:07  time: 0.3769  data_time: 0.0031  memory: 7329  grad_norm: 86.6501  loss: 8.2483  rpn_s.0.loss_cls: 0.6497  rpn_s.0.loss_bbox: 0.1078  rpn_s.0.loss_giou: 0.7562  rpn_s.1.loss_cls: 0.4624  rpn_s.1.loss_bbox: 0.0478  rpn_s.1.loss_giou: 0.3913  rpn_s.2.loss_cls: 0.3885  rpn_s.2.loss_bbox: 0.0411  rpn_s.2.loss_giou: 0.3391  rpn_s.3.loss_cls: 0.3338  rpn_s.3.loss_bbox: 0.0390  rpn_s.3.loss_giou: 0.3233  s0.loss_cls: 0.3883  s0.pos_acc: 66.6667  s0.loss_bbox: 0.6787  s0.loss_iou: 1.0738  s1.loss_cls: 0.4345  s1.pos_acc: 73.3333  s1.loss_bbox: 0.6547  s1.loss_iou: 1.1383
2026/03/27 15:29:50 - mmengine - INFO - Epoch(train) [11][ 1150/10002]  lr: 2.5000e-05  eta: 23:08:55  time: 0.3752  data_time: 0.0031  memory: 7329  grad_norm: 78.0252  loss: 7.7937  rpn_s.0.loss_cls: 0.5896  rpn_s.0.loss_bbox: 0.1008  rpn_s.0.loss_giou: 0.7250  rpn_s.1.loss_cls: 0.4257  rpn_s.1.loss_bbox: 0.0432  rpn_s.1.loss_giou: 0.3605  rpn_s.2.loss_cls: 0.3526  rpn_s.2.loss_bbox: 0.0377  rpn_s.2.loss_giou: 0.3199  rpn_s.3.loss_cls: 0.3223  rpn_s.3.loss_bbox: 0.0355  rpn_s.3.loss_giou: 0.3027  s0.loss_cls: 0.3529  s0.pos_acc: 66.6667  s0.loss_bbox: 0.6457  s0.loss_iou: 1.0323  s1.loss_cls: 0.3834  s1.pos_acc: 50.0000  s1.loss_bbox: 0.6702  s1.loss_iou: 1.0936
2026/03/27 15:30:09 - mmengine - INFO - Epoch(train) [11][ 1200/10002]  lr: 2.5000e-05  eta: 23:07:47  time: 0.3866  data_time: 0.0031  memory: 7330  grad_norm: 79.8918  loss: 8.4923  rpn_s.0.loss_cls: 0.6128  rpn_s.0.loss_bbox: 0.1107  rpn_s.0.loss_giou: 0.9136  rpn_s.1.loss_cls: 0.4177  rpn_s.1.loss_bbox: 0.0441  rpn_s.1.loss_giou: 0.4342  rpn_s.2.loss_cls: 0.3460  rpn_s.2.loss_bbox: 0.0372  rpn_s.2.loss_giou: 0.3731  rpn_s.3.loss_cls: 0.3044  rpn_s.3.loss_bbox: 0.0347  rpn_s.3.loss_giou: 0.3484  s0.loss_cls: 0.3394  s0.pos_acc: 100.0000  s0.loss_bbox: 0.6180  s0.loss_iou: 1.2209  s1.loss_cls: 0.3563  s1.pos_acc: 91.6667  s1.loss_bbox: 0.7060  s1.loss_iou: 1.2748
2026/03/27 15:30:28 - mmengine - INFO - Epoch(train) [11][ 1250/10002]  lr: 2.5000e-05  eta: 23:06:36  time: 0.3746  data_time: 0.0031  memory: 7329  grad_norm: 96.9907  loss: 7.8175  rpn_s.0.loss_cls: 0.6120  rpn_s.0.loss_bbox: 0.1026  rpn_s.0.loss_giou: 0.7844  rpn_s.1.loss_cls: 0.4174  rpn_s.1.loss_bbox: 0.0426  rpn_s.1.loss_giou: 0.3861  rpn_s.2.loss_cls: 0.3426  rpn_s.2.loss_bbox: 0.0359  rpn_s.2.loss_giou: 0.3305  rpn_s.3.loss_cls: 0.3101  rpn_s.3.loss_bbox: 0.0342  rpn_s.3.loss_giou: 0.3118  s0.loss_cls: 0.3512  s0.pos_acc: 100.0000  s0.loss_bbox: 0.5691  s0.loss_iou: 1.0900  s1.loss_cls: 0.3596  s1.pos_acc: 100.0000  s1.loss_bbox: 0.5824  s1.loss_iou: 1.1550
2026/03/27 15:30:47 - mmengine - INFO - Epoch(train) [11][ 1300/10002]  lr: 2.5000e-05  eta: 23:05:25  time: 0.3780  data_time: 0.0031  memory: 7329  grad_norm: 94.4395  loss: 8.2060  rpn_s.0.loss_cls: 0.6125  rpn_s.0.loss_bbox: 0.1081  rpn_s.0.loss_giou: 0.7548  rpn_s.1.loss_cls: 0.4357  rpn_s.1.loss_bbox: 0.0524  rpn_s.1.loss_giou: 0.3787  rpn_s.2.loss_cls: 0.3694  rpn_s.2.loss_bbox: 0.0461  rpn_s.2.loss_giou: 0.3306  rpn_s.3.loss_cls: 0.3239  rpn_s.3.loss_bbox: 0.0458  rpn_s.3.loss_giou: 0.3141  s0.loss_cls: 0.3708  s0.pos_acc: 80.0000  s0.loss_bbox: 0.7212  s0.loss_iou: 1.0970  s1.loss_cls: 0.3922  s1.pos_acc: 80.0000  s1.loss_bbox: 0.7239  s1.loss_iou: 1.1287
2026/03/27 15:31:06 - mmengine - INFO - Epoch(train) [11][ 1350/10002]  lr: 2.5000e-05  eta: 23:04:18  time: 0.3841  data_time: 0.0031  memory: 7330  grad_norm: 82.6327  loss: 8.4647  rpn_s.0.loss_cls: 0.6302  rpn_s.0.loss_bbox: 0.1120  rpn_s.0.loss_giou: 0.8671  rpn_s.1.loss_cls: 0.4498  rpn_s.1.loss_bbox: 0.0455  rpn_s.1.loss_giou: 0.4155  rpn_s.2.loss_cls: 0.3702  rpn_s.2.loss_bbox: 0.0390  rpn_s.2.loss_giou: 0.3581  rpn_s.3.loss_cls: 0.3212  rpn_s.3.loss_bbox: 0.0358  rpn_s.3.loss_giou: 0.3351  s0.loss_cls: 0.3671  s0.pos_acc: 86.2069  s0.loss_bbox: 0.6670  s0.loss_iou: 1.1426  s1.loss_cls: 0.3899  s1.pos_acc: 86.2069  s1.loss_bbox: 0.6882  s1.loss_iou: 1.2304
2026/03/27 15:31:25 - mmengine - INFO - Epoch(train) [11][ 1400/10002]  lr: 2.5000e-05  eta: 23:03:07  time: 0.3740  data_time: 0.0031  memory: 7329  grad_norm: 98.7572  loss: 8.2973  rpn_s.0.loss_cls: 0.6217  rpn_s.0.loss_bbox: 0.1139  rpn_s.0.loss_giou: 0.8109  rpn_s.1.loss_cls: 0.4301  rpn_s.1.loss_bbox: 0.0508  rpn_s.1.loss_giou: 0.4174  rpn_s.2.loss_cls: 0.3538  rpn_s.2.loss_bbox: 0.0441  rpn_s.2.loss_giou: 0.3682  rpn_s.3.loss_cls: 0.3033  rpn_s.3.loss_bbox: 0.0417  rpn_s.3.loss_giou: 0.3514  s0.loss_cls: 0.3501  s0.pos_acc: 74.5902  s0.loss_bbox: 0.6416  s0.loss_iou: 1.1504  s1.loss_cls: 0.3716  s1.pos_acc: 74.1803  s1.loss_bbox: 0.6770  s1.loss_iou: 1.1991
2026/03/27 15:31:43 - mmengine - INFO - Epoch(train) [11][ 1450/10002]  lr: 2.5000e-05  eta: 23:01:56  time: 0.3748  data_time: 0.0031  memory: 7329  grad_norm: 90.5559  loss: 8.4809  rpn_s.0.loss_cls: 0.6537  rpn_s.0.loss_bbox: 0.1087  rpn_s.0.loss_giou: 0.8608  rpn_s.1.loss_cls: 0.4373  rpn_s.1.loss_bbox: 0.0441  rpn_s.1.loss_giou: 0.4249  rpn_s.2.loss_cls: 0.3617  rpn_s.2.loss_bbox: 0.0367  rpn_s.2.loss_giou: 0.3640  rpn_s.3.loss_cls: 0.3271  rpn_s.3.loss_bbox: 0.0344  rpn_s.3.loss_giou: 0.3456  s0.loss_cls: 0.3898  s0.pos_acc: 77.6119  s0.loss_bbox: 0.6366  s0.loss_iou: 1.1380  s1.loss_cls: 0.4112  s1.pos_acc: 78.3582  s1.loss_bbox: 0.7098  s1.loss_iou: 1.1965
2026/03/27 15:32:02 - mmengine - INFO - Epoch(train) [11][ 1500/10002]  lr: 2.5000e-05  eta: 23:00:48  time: 0.3802  data_time: 0.0031  memory: 7329  grad_norm: 80.5524  loss: 7.9710  rpn_s.0.loss_cls: 0.6147  rpn_s.0.loss_bbox: 0.1020  rpn_s.0.loss_giou: 0.7869  rpn_s.1.loss_cls: 0.4215  rpn_s.1.loss_bbox: 0.0418  rpn_s.1.loss_giou: 0.3787  rpn_s.2.loss_cls: 0.3402  rpn_s.2.loss_bbox: 0.0358  rpn_s.2.loss_giou: 0.3312  rpn_s.3.loss_cls: 0.3031  rpn_s.3.loss_bbox: 0.0341  rpn_s.3.loss_giou: 0.3186  s0.loss_cls: 0.3440  s0.pos_acc: 80.2817  s0.loss_bbox: 0.6236  s0.loss_iou: 1.0976  s1.loss_cls: 0.3664  s1.pos_acc: 78.8732  s1.loss_bbox: 0.6757  s1.loss_iou: 1.1550
2026/03/27 15:32:21 - mmengine - INFO - Epoch(train) [11][ 1550/10002]  lr: 2.5000e-05  eta: 22:59:39  time: 0.3795  data_time: 0.0031  memory: 7329  grad_norm: 75.5880  loss: 7.9461  rpn_s.0.loss_cls: 0.6060  rpn_s.0.loss_bbox: 0.1082  rpn_s.0.loss_giou: 0.8104  rpn_s.1.loss_cls: 0.4185  rpn_s.1.loss_bbox: 0.0461  rpn_s.1.loss_giou: 0.3954  rpn_s.2.loss_cls: 0.3508  rpn_s.2.loss_bbox: 0.0368  rpn_s.2.loss_giou: 0.3370  rpn_s.3.loss_cls: 0.3084  rpn_s.3.loss_bbox: 0.0346  rpn_s.3.loss_giou: 0.3196  s0.loss_cls: 0.3517  s0.pos_acc: 77.3585  s0.loss_bbox: 0.6004  s0.loss_iou: 1.0766  s1.loss_cls: 0.3751  s1.pos_acc: 77.3585  s1.loss_bbox: 0.6361  s1.loss_iou: 1.1344
2026/03/27 15:32:40 - mmengine - INFO - Epoch(train) [11][ 1600/10002]  lr: 2.5000e-05  eta: 22:58:32  time: 0.3822  data_time: 0.0031  memory: 7329  grad_norm: 74.5696  loss: 8.2980  rpn_s.0.loss_cls: 0.6111  rpn_s.0.loss_bbox: 0.1124  rpn_s.0.loss_giou: 0.8603  rpn_s.1.loss_cls: 0.4209  rpn_s.1.loss_bbox: 0.0459  rpn_s.1.loss_giou: 0.4196  rpn_s.2.loss_cls: 0.3573  rpn_s.2.loss_bbox: 0.0386  rpn_s.2.loss_giou: 0.3610  rpn_s.3.loss_cls: 0.3142  rpn_s.3.loss_bbox: 0.0355  rpn_s.3.loss_giou: 0.3375  s0.loss_cls: 0.3412  s0.pos_acc: 66.6667  s0.loss_bbox: 0.6695  s0.loss_iou: 1.0973  s1.loss_cls: 0.3745  s1.pos_acc: 66.6667  s1.loss_bbox: 0.7506  s1.loss_iou: 1.1504
2026/03/27 15:32:59 - mmengine - INFO - Epoch(train) [11][ 1650/10002]  lr: 2.5000e-05  eta: 22:57:23  time: 0.3762  data_time: 0.0031  memory: 7329  grad_norm: 88.6968  loss: 7.6633  rpn_s.0.loss_cls: 0.5976  rpn_s.0.loss_bbox: 0.0967  rpn_s.0.loss_giou: 0.7107  rpn_s.1.loss_cls: 0.4366  rpn_s.1.loss_bbox: 0.0424  rpn_s.1.loss_giou: 0.3622  rpn_s.2.loss_cls: 0.3743  rpn_s.2.loss_bbox: 0.0368  rpn_s.2.loss_giou: 0.3184  rpn_s.3.loss_cls: 0.3387  rpn_s.3.loss_bbox: 0.0342  rpn_s.3.loss_giou: 0.2975  s0.loss_cls: 0.3738  s0.pos_acc: 65.7303  s0.loss_bbox: 0.5677  s0.loss_iou: 0.9947  s1.loss_cls: 0.3924  s1.pos_acc: 61.2360  s1.loss_bbox: 0.6038  s1.loss_iou: 1.0849
2026/03/27 15:33:18 - mmengine - INFO - Epoch(train) [11][ 1700/10002]  lr: 2.5000e-05  eta: 22:56:16  time: 0.3810  data_time: 0.0031  memory: 7330  grad_norm: 77.7006  loss: 7.9184  rpn_s.0.loss_cls: 0.6079  rpn_s.0.loss_bbox: 0.1020  rpn_s.0.loss_giou: 0.7809  rpn_s.1.loss_cls: 0.4215  rpn_s.1.loss_bbox: 0.0424  rpn_s.1.loss_giou: 0.3855  rpn_s.2.loss_cls: 0.3523  rpn_s.2.loss_bbox: 0.0366  rpn_s.2.loss_giou: 0.3352  rpn_s.3.loss_cls: 0.3170  rpn_s.3.loss_bbox: 0.0333  rpn_s.3.loss_giou: 0.3133  s0.loss_cls: 0.3666  s0.pos_acc: 100.0000  s0.loss_bbox: 0.5976  s0.loss_iou: 1.0601  s1.loss_cls: 0.3862  s1.pos_acc: 100.0000  s1.loss_bbox: 0.6564  s1.loss_iou: 1.1236
2026/03/27 15:33:37 - mmengine - INFO - Epoch(train) [11][ 1750/10002]  lr: 2.5000e-05  eta: 22:55:10  time: 0.3832  data_time: 0.0031  memory: 7330  grad_norm: 75.0219  loss: 8.5090  rpn_s.0.loss_cls: 0.6187  rpn_s.0.loss_bbox: 0.1070  rpn_s.0.loss_giou: 0.8374  rpn_s.1.loss_cls: 0.4432  rpn_s.1.loss_bbox: 0.0462  rpn_s.1.loss_giou: 0.4250  rpn_s.2.loss_cls: 0.3695  rpn_s.2.loss_bbox: 0.0386  rpn_s.2.loss_giou: 0.3658  rpn_s.3.loss_cls: 0.3340  rpn_s.3.loss_bbox: 0.0355  rpn_s.3.loss_giou: 0.3453  s0.loss_cls: 0.3702  s0.pos_acc: 78.8462  s0.loss_bbox: 0.6370  s0.loss_iou: 1.2076  s1.loss_cls: 0.4099  s1.pos_acc: 80.7692  s1.loss_bbox: 0.6504  s1.loss_iou: 1.2677
2026/03/27 15:33:57 - mmengine - INFO - Epoch(train) [11][ 1800/10002]  lr: 2.5000e-05  eta: 22:54:04  time: 0.3844  data_time: 0.0031  memory: 7330  grad_norm: 78.4560  loss: 8.1267  rpn_s.0.loss_cls: 0.5924  rpn_s.0.loss_bbox: 0.1114  rpn_s.0.loss_giou: 0.8347  rpn_s.1.loss_cls: 0.4268  rpn_s.1.loss_bbox: 0.0452  rpn_s.1.loss_giou: 0.4079  rpn_s.2.loss_cls: 0.3469  rpn_s.2.loss_bbox: 0.0380  rpn_s.2.loss_giou: 0.3516  rpn_s.3.loss_cls: 0.2986  rpn_s.3.loss_bbox: 0.0350  rpn_s.3.loss_giou: 0.3313  s0.loss_cls: 0.3377  s0.pos_acc: 69.7802  s0.loss_bbox: 0.6458  s0.loss_iou: 1.1066  s1.loss_cls: 0.3579  s1.pos_acc: 67.5824  s1.loss_bbox: 0.6951  s1.loss_iou: 1.1639
2026/03/27 15:34:15 - mmengine - INFO - Epoch(train) [11][ 1850/10002]  lr: 2.5000e-05  eta: 22:52:55  time: 0.3741  data_time: 0.0031  memory: 7329  grad_norm: 79.3724  loss: 7.9202  rpn_s.0.loss_cls: 0.6179  rpn_s.0.loss_bbox: 0.1046  rpn_s.0.loss_giou: 0.7707  rpn_s.1.loss_cls: 0.4479  rpn_s.1.loss_bbox: 0.0453  rpn_s.1.loss_giou: 0.3903  rpn_s.2.loss_cls: 0.3785  rpn_s.2.loss_bbox: 0.0389  rpn_s.2.loss_giou: 0.3404  rpn_s.3.loss_cls: 0.3430  rpn_s.3.loss_bbox: 0.0355  rpn_s.3.loss_giou: 0.3187  s0.loss_cls: 0.3889  s0.pos_acc: 62.5000  s0.loss_bbox: 0.5429  s0.loss_iou: 1.0628  s1.loss_cls: 0.4118  s1.pos_acc: 62.5000  s1.loss_bbox: 0.5870  s1.loss_iou: 1.0951
2026/03/27 15:34:34 - mmengine - INFO - Epoch(train) [11][ 1900/10002]  lr: 2.5000e-05  eta: 22:51:48  time: 0.3770  data_time: 0.0031  memory: 7329  grad_norm: 82.3890  loss: 7.8682  rpn_s.0.loss_cls: 0.5916  rpn_s.0.loss_bbox: 0.1030  rpn_s.0.loss_giou: 0.7209  rpn_s.1.loss_cls: 0.4308  rpn_s.1.loss_bbox: 0.0460  rpn_s.1.loss_giou: 0.3622  rpn_s.2.loss_cls: 0.3548  rpn_s.2.loss_bbox: 0.0400  rpn_s.2.loss_giou: 0.3129  rpn_s.3.loss_cls: 0.3205  rpn_s.3.loss_bbox: 0.0359  rpn_s.3.loss_giou: 0.2922  s0.loss_cls: 0.3607  s0.pos_acc: 80.0000  s0.loss_bbox: 0.6776  s0.loss_iou: 1.0291  s1.loss_cls: 0.3857  s1.pos_acc: 90.0000  s1.loss_bbox: 0.7068  s1.loss_iou: 1.0975
2026/03/27 15:34:53 - mmengine - INFO - Epoch(train) [11][ 1950/10002]  lr: 2.5000e-05  eta: 22:50:40  time: 0.3772  data_time: 0.0031  memory: 7330  grad_norm: 79.1179  loss: 7.9701  rpn_s.0.loss_cls: 0.6162  rpn_s.0.loss_bbox: 0.0999  rpn_s.0.loss_giou: 0.7509  rpn_s.1.loss_cls: 0.4318  rpn_s.1.loss_bbox: 0.0444  rpn_s.1.loss_giou: 0.3966  rpn_s.2.loss_cls: 0.3538  rpn_s.2.loss_bbox: 0.0369  rpn_s.2.loss_giou: 0.3377  rpn_s.3.loss_cls: 0.3032  rpn_s.3.loss_bbox: 0.0347  rpn_s.3.loss_giou: 0.3209  s0.loss_cls: 0.3393  s0.pos_acc: 70.4819  s0.loss_bbox: 0.6229  s0.loss_iou: 1.0989  s1.loss_cls: 0.3753  s1.pos_acc: 65.0602  s1.loss_bbox: 0.6615  s1.loss_iou: 1.1453
2026/03/27 15:35:07 - mmengine - INFO - Exp name: GSDet_r50_b900_h2h4_h2r1_r2r1_2x_fair1m1.0_20260327_123453
2026/03/27 15:35:12 - mmengine - INFO - Epoch(train) [11][ 2000/10002]  lr: 2.5000e-05  eta: 22:49:37  time: 0.3883  data_time: 0.0031  memory: 7330  grad_norm: 83.6756  loss: 8.0169  rpn_s.0.loss_cls: 0.5840  rpn_s.0.loss_bbox: 0.1192  rpn_s.0.loss_giou: 0.7553  rpn_s.1.loss_cls: 0.4258  rpn_s.1.loss_bbox: 0.0507  rpn_s.1.loss_giou: 0.3873  rpn_s.2.loss_cls: 0.3439  rpn_s.2.loss_bbox: 0.0432  rpn_s.2.loss_giou: 0.3333  rpn_s.3.loss_cls: 0.3030  rpn_s.3.loss_bbox: 0.0399  rpn_s.3.loss_giou: 0.3135  s0.loss_cls: 0.3436  s0.pos_acc: 100.0000  s0.loss_bbox: 0.6763  s0.loss_iou: 1.0819  s1.loss_cls: 0.3695  s1.pos_acc: 100.0000  s1.loss_bbox: 0.7041  s1.loss_iou: 1.1422
2026/03/27 15:35:32 - mmengine - INFO - Epoch(train) [11][ 2050/10002]  lr: 2.5000e-05  eta: 22:48:32  time: 0.3834  data_time: 0.0031  memory: 7330  grad_norm: 81.3889  loss: 8.1764  rpn_s.0.loss_cls: 0.5913  rpn_s.0.loss_bbox: 0.1204  rpn_s.0.loss_giou: 0.7911  rpn_s.1.loss_cls: 0.4139  rpn_s.1.loss_bbox: 0.0576  rpn_s.1.loss_giou: 0.4121  rpn_s.2.loss_cls: 0.3376  rpn_s.2.loss_bbox: 0.0472  rpn_s.2.loss_giou: 0.3462  rpn_s.3.loss_cls: 0.3025  rpn_s.3.loss_bbox: 0.0443  rpn_s.3.loss_giou: 0.3275  s0.loss_cls: 0.3453  s0.pos_acc: 73.9130  s0.loss_bbox: 0.6980  s0.loss_iou: 1.1072  s1.loss_cls: 0.3569  s1.pos_acc: 67.3913  s1.loss_bbox: 0.7268  s1.loss_iou: 1.1506
2026/03/27 15:35:51 - mmengine - INFO - Epoch(train) [11][ 2100/10002]  lr: 2.5000e-05  eta: 22:47:26  time: 0.3786  data_time: 0.0031  memory: 7329  grad_norm: 82.6035  loss: 8.4788  rpn_s.0.loss_cls: 0.6160  rpn_s.0.loss_bbox: 0.1174  rpn_s.0.loss_giou: 0.8356  rpn_s.1.loss_cls: 0.4459  rpn_s.1.loss_bbox: 0.0545  rpn_s.1.loss_giou: 0.4259  rpn_s.2.loss_cls: 0.3637  rpn_s.2.loss_bbox: 0.0447  rpn_s.2.loss_giou: 0.3699  rpn_s.3.loss_cls: 0.3127  rpn_s.3.loss_bbox: 0.0420  rpn_s.3.loss_giou: 0.3513  s0.loss_cls: 0.3521  s0.pos_acc: 95.4545  s0.loss_bbox: 0.6632  s0.loss_iou: 1.1878  s1.loss_cls: 0.3720  s1.pos_acc: 90.9091  s1.loss_bbox: 0.6929  s1.loss_iou: 1.2311
2026/03/27 15:36:09 - mmengine - INFO - Epoch(train) [11][ 2150/10002]  lr: 2.5000e-05  eta: 22:46:19  time: 0.3768  data_time: 0.0032  memory: 7330  grad_norm: 85.1049  loss: 8.1198  rpn_s.0.loss_cls: 0.6157  rpn_s.0.loss_bbox: 0.1059  rpn_s.0.loss_giou: 0.8128  rpn_s.1.loss_cls: 0.4192  rpn_s.1.loss_bbox: 0.0430  rpn_s.1.loss_giou: 0.3903  rpn_s.2.loss_cls: 0.3347  rpn_s.2.loss_bbox: 0.0370  rpn_s.2.loss_giou: 0.3423  rpn_s.3.loss_cls: 0.2896  rpn_s.3.loss_bbox: 0.0337  rpn_s.3.loss_giou: 0.3248  s0.loss_cls: 0.3271  s0.pos_acc: 100.0000  s0.loss_bbox: 0.6789  s0.loss_iou: 1.1321  s1.loss_cls: 0.3530  s1.pos_acc: 100.0000  s1.loss_bbox: 0.7150  s1.loss_iou: 1.1647
2026/03/27 15:36:28 - mmengine - INFO - Epoch(train) [11][ 2200/10002]  lr: 2.5000e-05  eta: 22:45:13  time: 0.3775  data_time: 0.0031  memory: 7329  grad_norm: 74.3370  loss: 8.2088  rpn_s.0.loss_cls: 0.6001  rpn_s.0.loss_bbox: 0.1115  rpn_s.0.loss_giou: 0.8130  rpn_s.1.loss_cls: 0.4188  rpn_s.1.loss_bbox: 0.0499  rpn_s.1.loss_giou: 0.4076  rpn_s.2.loss_cls: 0.3439  rpn_s.2.loss_bbox: 0.0419  rpn_s.2.loss_giou: 0.3572  rpn_s.3.loss_cls: 0.3032  rpn_s.3.loss_bbox: 0.0385  rpn_s.3.loss_giou: 0.3425  s0.loss_cls: 0.3339  s0.pos_acc: 78.5714  s0.loss_bbox: 0.6308  s0.loss_iou: 1.1548  s1.loss_cls: 0.3513  s1.pos_acc: 85.7143  s1.loss_bbox: 0.6883  s1.loss_iou: 1.2216
2026/03/27 15:36:47 - mmengine - INFO - Epoch(train) [11][ 2250/10002]  lr: 2.5000e-05  eta: 22:44:04  time: 0.3706  data_time: 0.0031  memory: 7329  grad_norm: 82.0566  loss: 7.8063  rpn_s.0.loss_cls: 0.6400  rpn_s.0.loss_bbox: 0.1073  rpn_s.0.loss_giou: 0.6886  rpn_s.1.loss_cls: 0.4479  rpn_s.1.loss_bbox: 0.0520  rpn_s.1.loss_giou: 0.3663  rpn_s.2.loss_cls: 0.3782  rpn_s.2.loss_bbox: 0.0449  rpn_s.2.loss_giou: 0.3231  rpn_s.3.loss_cls: 0.3374  rpn_s.3.loss_bbox: 0.0422  rpn_s.3.loss_giou: 0.3083  s0.loss_cls: 0.3606  s0.pos_acc: 86.3636  s0.loss_bbox: 0.5984  s0.loss_iou: 1.0237  s1.loss_cls: 0.3884  s1.pos_acc: 81.8182  s1.loss_bbox: 0.6261  s1.loss_iou: 1.0730
2026/03/27 15:37:06 - mmengine - INFO - Epoch(train) [11][ 2300/10002]  lr: 2.5000e-05  eta: 22:42:57  time: 0.3748  data_time: 0.0031  memory: 7329  grad_norm: 80.4714  loss: 7.8531  rpn_s.0.loss_cls: 0.6020  rpn_s.0.loss_bbox: 0.1037  rpn_s.0.loss_giou: 0.7510  rpn_s.1.loss_cls: 0.4233  rpn_s.1.loss_bbox: 0.0448  rpn_s.1.loss_giou: 0.3819  rpn_s.2.loss_cls: 0.3482  rpn_s.2.loss_bbox: 0.0377  rpn_s.2.loss_giou: 0.3324  rpn_s.3.loss_cls: 0.3126  rpn_s.3.loss_bbox: 0.0349  rpn_s.3.loss_giou: 0.3128  s0.loss_cls: 0.3495  s0.pos_acc: 100.0000  s0.loss_bbox: 0.6177  s0.loss_iou: 1.0805  s1.loss_cls: 0.3740  s1.pos_acc: 90.0000  s1.loss_bbox: 0.6143  s1.loss_iou: 1.1318
2026/03/27 15:37:24 - mmengine - INFO - Epoch(train) [11][ 2350/10002]  lr: 2.5000e-05  eta: 22:41:52  time: 0.3775  data_time: 0.0031  memory: 7329  grad_norm: 85.0721  loss: 8.1124  rpn_s.0.loss_cls: 0.6396  rpn_s.0.loss_bbox: 0.1081  rpn_s.0.loss_giou: 0.7995  rpn_s.1.loss_cls: 0.4502  rpn_s.1.loss_bbox: 0.0433  rpn_s.1.loss_giou: 0.3910  rpn_s.2.loss_cls: 0.3762  rpn_s.2.loss_bbox: 0.0354  rpn_s.2.loss_giou: 0.3350  rpn_s.3.loss_cls: 0.3328  rpn_s.3.loss_bbox: 0.0343  rpn_s.3.loss_giou: 0.3214  s0.loss_cls: 0.3894  s0.pos_acc: 100.0000  s0.loss_bbox: 0.5984  s0.loss_iou: 1.0676  s1.loss_cls: 0.4267  s1.pos_acc: 100.0000  s1.loss_bbox: 0.6418  s1.loss_iou: 1.1217
2026/03/27 15:37:43 - mmengine - INFO - Epoch(train) [11][ 2400/10002]  lr: 2.5000e-05  eta: 22:40:46  time: 0.3766  data_time: 0.0032  memory: 7329  grad_norm: 91.3716  loss: 8.2189  rpn_s.0.loss_cls: 0.6262  rpn_s.0.loss_bbox: 0.1082  rpn_s.0.loss_giou: 0.8424  rpn_s.1.loss_cls: 0.4271  rpn_s.1.loss_bbox: 0.0437  rpn_s.1.loss_giou: 0.4060  rpn_s.2.loss_cls: 0.3530  rpn_s.2.loss_bbox: 0.0377  rpn_s.2.loss_giou: 0.3435  rpn_s.3.loss_cls: 0.3069  rpn_s.3.loss_bbox: 0.0349  rpn_s.3.loss_giou: 0.3272  s0.loss_cls: 0.3371  s0.pos_acc: 78.8462  s0.loss_bbox: 0.6235  s0.loss_iou: 1.1283  s1.loss_cls: 0.3666  s1.pos_acc: 76.9231  s1.loss_bbox: 0.6830  s1.loss_iou: 1.2238
2026/03/27 15:38:02 - mmengine - INFO - Epoch(train) [11][ 2450/10002]  lr: 2.5000e-05  eta: 22:39:39  time: 0.3731  data_time: 0.0032  memory: 7329  grad_norm: 85.2911  loss: 8.2374  rpn_s.0.loss_cls: 0.6247  rpn_s.0.loss_bbox: 0.1075  rpn_s.0.loss_giou: 0.8003  rpn_s.1.loss_cls: 0.4341  rpn_s.1.loss_bbox: 0.0476  rpn_s.1.loss_giou: 0.4011  rpn_s.2.loss_cls: 0.3738  rpn_s.2.loss_bbox: 0.0405  rpn_s.2.loss_giou: 0.3566  rpn_s.3.loss_cls: 0.3285  rpn_s.3.loss_bbox: 0.0382  rpn_s.3.loss_giou: 0.3398  s0.loss_cls: 0.3778  s0.pos_acc: 78.7129  s0.loss_bbox: 0.6241  s0.loss_iou: 1.0982  s1.loss_cls: 0.3984  s1.pos_acc: 78.4653  s1.loss_bbox: 0.7066  s1.loss_iou: 1.1396
2026/03/27 15:38:21 - mmengine - INFO - Epoch(train) [11][ 2500/10002]  lr: 2.5000e-05  eta: 22:38:37  time: 0.3851  data_time: 0.0032  memory: 7330  grad_norm: 87.4649  loss: 7.9981  rpn_s.0.loss_cls: 0.5984  rpn_s.0.loss_bbox: 0.1049  rpn_s.0.loss_giou: 0.8162  rpn_s.1.loss_cls: 0.4277  rpn_s.1.loss_bbox: 0.0459  rpn_s.1.loss_giou: 0.3954  rpn_s.2.loss_cls: 0.3582  rpn_s.2.loss_bbox: 0.0382  rpn_s.2.loss_giou: 0.3367  rpn_s.3.loss_cls: 0.3199  rpn_s.3.loss_bbox: 0.0355  rpn_s.3.loss_giou: 0.3187  s0.loss_cls: 0.3547  s0.pos_acc: 71.4286  s0.loss_bbox: 0.6096  s0.loss_iou: 1.0543  s1.loss_cls: 0.3841  s1.pos_acc: 71.4286  s1.loss_bbox: 0.6633  s1.loss_iou: 1.1364
2026/03/27 15:38:41 - mmengine - INFO - Epoch(train) [11][ 2550/10002]  lr: 2.5000e-05  eta: 22:37:35  time: 0.3866  data_time: 0.0032  memory: 7330  grad_norm: 80.0116  loss: 8.2017  rpn_s.0.loss_cls: 0.6410  rpn_s.0.loss_bbox: 0.1109  rpn_s.0.loss_giou: 0.8640  rpn_s.1.loss_cls: 0.4445  rpn_s.1.loss_bbox: 0.0442  rpn_s.1.loss_giou: 0.4099  rpn_s.2.loss_cls: 0.3637  rpn_s.2.loss_bbox: 0.0355  rpn_s.2.loss_giou: 0.3456  rpn_s.3.loss_cls: 0.3258  rpn_s.3.loss_bbox: 0.0333  rpn_s.3.loss_giou: 0.3279  s0.loss_cls: 0.3782  s0.pos_acc: 65.7895  s0.loss_bbox: 0.5593  s0.loss_iou: 1.1515  s1.loss_cls: 0.4038  s1.pos_acc: 70.1754  s1.loss_bbox: 0.5721  s1.loss_iou: 1.1907
2026/03/27 15:39:00 - mmengine - INFO - Epoch(train) [11][ 2600/10002]  lr: 2.5000e-05  eta: 22:36:34  time: 0.3867  data_time: 0.0033  memory: 7330  grad_norm: 74.8803  loss: 8.8034  rpn_s.0.loss_cls: 0.6558  rpn_s.0.loss_bbox: 0.1134  rpn_s.0.loss_giou: 0.9026  rpn_s.1.loss_cls: 0.4454  rpn_s.1.loss_bbox: 0.0466  rpn_s.1.loss_giou: 0.4446  rpn_s.2.loss_cls: 0.3626  rpn_s.2.loss_bbox: 0.0401  rpn_s.2.loss_giou: 0.3843  rpn_s.3.loss_cls: 0.3168  rpn_s.3.loss_bbox: 0.0375  rpn_s.3.loss_giou: 0.3653  s0.loss_cls: 0.3712  s0.pos_acc: 68.1818  s0.loss_bbox: 0.6654  s0.loss_iou: 1.2240  s1.loss_cls: 0.3985  s1.pos_acc: 70.4545  s1.loss_bbox: 0.7568  s1.loss_iou: 1.2723
2026/03/27 15:39:19 - mmengine - INFO - Epoch(train) [11][ 2650/10002]  lr: 2.5000e-05  eta: 22:35:30  time: 0.3793  data_time: 0.0032  memory: 7329  grad_norm: 76.8343  loss: 8.0045  rpn_s.0.loss_cls: 0.5884  rpn_s.0.loss_bbox: 0.1122  rpn_s.0.loss_giou: 0.8140  rpn_s.1.loss_cls: 0.4153  rpn_s.1.loss_bbox: 0.0485  rpn_s.1.loss_giou: 0.4024  rpn_s.2.loss_cls: 0.3270  rpn_s.2.loss_bbox: 0.0407  rpn_s.2.loss_giou: 0.3454  rpn_s.3.loss_cls: 0.2912  rpn_s.3.loss_bbox: 0.0387  rpn_s.3.loss_giou: 0.3279  s0.loss_cls: 0.3501  s0.pos_acc: 71.4286  s0.loss_bbox: 0.5994  s0.loss_iou: 1.1007  s1.loss_cls: 0.3702  s1.pos_acc: 72.2689  s1.loss_bbox: 0.6412  s1.loss_iou: 1.1911
2026/03/27 15:39:38 - mmengine - INFO - Epoch(train) [11][ 2700/10002]  lr: 2.5000e-05  eta: 22:34:28  time: 0.3834  data_time: 0.0032  memory: 7330  grad_norm: 84.6004  loss: 8.8838  rpn_s.0.loss_cls: 0.6479  rpn_s.0.loss_bbox: 0.1142  rpn_s.0.loss_giou: 0.9505  rpn_s.1.loss_cls: 0.4550  rpn_s.1.loss_bbox: 0.0473  rpn_s.1.loss_giou: 0.4608  rpn_s.2.loss_cls: 0.3643  rpn_s.2.loss_bbox: 0.0395  rpn_s.2.loss_giou: 0.4048  rpn_s.3.loss_cls: 0.3232  rpn_s.3.loss_bbox: 0.0360  rpn_s.3.loss_giou: 0.3816  s0.loss_cls: 0.3802  s0.pos_acc: 71.4286  s0.loss_bbox: 0.6221  s0.loss_iou: 1.2623  s1.loss_cls: 0.4028  s1.pos_acc: 57.1429  s1.loss_bbox: 0.6903  s1.loss_iou: 1.3009
2026/03/27 15:39:57 - mmengine - INFO - Epoch(train) [11][ 2750/10002]  lr: 2.5000e-05  eta: 22:33:26  time: 0.3825  data_time: 0.0033  memory: 7330  grad_norm: 76.9328  loss: 7.9615  rpn_s.0.loss_cls: 0.6040  rpn_s.0.loss_bbox: 0.1025  rpn_s.0.loss_giou: 0.8545  rpn_s.1.loss_cls: 0.4024  rpn_s.1.loss_bbox: 0.0417  rpn_s.1.loss_giou: 0.4074  rpn_s.2.loss_cls: 0.3360  rpn_s.2.loss_bbox: 0.0347  rpn_s.2.loss_giou: 0.3439  rpn_s.3.loss_cls: 0.2993  rpn_s.3.loss_bbox: 0.0318  rpn_s.3.loss_giou: 0.3245  s0.loss_cls: 0.3283  s0.pos_acc: 100.0000  s0.loss_bbox: 0.5678  s0.loss_iou: 1.1027  s1.loss_cls: 0.3434  s1.pos_acc: 100.0000  s1.loss_bbox: 0.6669  s1.loss_iou: 1.1698
2026/03/27 15:40:16 - mmengine - INFO - Epoch(train) [11][ 2800/10002]  lr: 2.5000e-05  eta: 22:32:21  time: 0.3750  data_time: 0.0033  memory: 7329  grad_norm: 84.8525  loss: 8.2193  rpn_s.0.loss_cls: 0.6381  rpn_s.0.loss_bbox: 0.1112  rpn_s.0.loss_giou: 0.8247  rpn_s.1.loss_cls: 0.4487  rpn_s.1.loss_bbox: 0.0461  rpn_s.1.loss_giou: 0.4005  rpn_s.2.loss_cls: 0.3589  rpn_s.2.loss_bbox: 0.0376  rpn_s.2.loss_giou: 0.3428  rpn_s.3.loss_cls: 0.3142  rpn_s.3.loss_bbox: 0.0351  rpn_s.3.loss_giou: 0.3247  s0.loss_cls: 0.3588  s0.pos_acc: 76.6667  s0.loss_bbox: 0.6241  s0.loss_iou: 1.1168  s1.loss_cls: 0.3824  s1.pos_acc: 80.0000  s1.loss_bbox: 0.6800  s1.loss_iou: 1.1746
2026/03/27 15:40:35 - mmengine - INFO - Epoch(train) [11][ 2850/10002]  lr: 2.5000e-05  eta: 22:31:17  time: 0.3753  data_time: 0.0033  memory: 7329  grad_norm: 103.2688  loss: 8.0698  rpn_s.0.loss_cls: 0.6157  rpn_s.0.loss_bbox: 0.1099  rpn_s.0.loss_giou: 0.8147  rpn_s.1.loss_cls: 0.4170  rpn_s.1.loss_bbox: 0.0462  rpn_s.1.loss_giou: 0.3896  rpn_s.2.loss_cls: 0.3293  rpn_s.2.loss_bbox: 0.0388  rpn_s.2.loss_giou: 0.3386  rpn_s.3.loss_cls: 0.2838  rpn_s.3.loss_bbox: 0.0363  rpn_s.3.loss_giou: 0.3195  s0.loss_cls: 0.3275  s0.pos_acc: 75.8333  s0.loss_bbox: 0.7144  s0.loss_iou: 1.0738  s1.loss_cls: 0.3462  s1.pos_acc: 73.3333  s1.loss_bbox: 0.7376  s1.loss_iou: 1.1310
2026/03/27 15:40:54 - mmengine - INFO - Epoch(train) [11][ 2900/10002]  lr: 2.5000e-05  eta: 22:30:14  time: 0.3781  data_time: 0.0033  memory: 7329  grad_norm: 166.5006  loss: 8.6646  rpn_s.0.loss_cls: 0.6434  rpn_s.0.loss_bbox: 0.1270  rpn_s.0.loss_giou: 0.9012  rpn_s.1.loss_cls: 0.4526  rpn_s.1.loss_bbox: 0.0509  rpn_s.1.loss_giou: 0.4372  rpn_s.2.loss_cls: 0.3764  rpn_s.2.loss_bbox: 0.0419  rpn_s.2.loss_giou: 0.3782  rpn_s.3.loss_cls: 0.3373  rpn_s.3.loss_bbox: 0.0393  rpn_s.3.loss_giou: 0.3619  s0.loss_cls: 0.3795  s0.pos_acc: 75.6410  s0.loss_bbox: 0.5924  s0.loss_iou: 1.2238  s1.loss_cls: 0.3955  s1.pos_acc: 73.7179  s1.loss_bbox: 0.6562  s1.loss_iou: 1.2697
2026/03/27 15:41:13 - mmengine - INFO - Epoch(train) [11][ 2950/10002]  lr: 2.5000e-05  eta: 22:29:13  time: 0.3855  data_time: 0.0033  memory: 7330  grad_norm: 67.3222  loss: 8.2169  rpn_s.0.loss_cls: 0.6228  rpn_s.0.loss_bbox: 0.1003  rpn_s.0.loss_giou: 0.8203  rpn_s.1.loss_cls: 0.4246  rpn_s.1.loss_bbox: 0.0439  rpn_s.1.loss_giou: 0.4212  rpn_s.2.loss_cls: 0.3496  rpn_s.2.loss_bbox: 0.0363  rpn_s.2.loss_giou: 0.3642  rpn_s.3.loss_cls: 0.3095  rpn_s.3.loss_bbox: 0.0338  rpn_s.3.loss_giou: 0.3456  s0.loss_cls: 0.3771  s0.pos_acc: 81.2500  s0.loss_bbox: 0.5951  s0.loss_iou: 1.1533  s1.loss_cls: 0.4005  s1.pos_acc: 71.8750  s1.loss_bbox: 0.5969  s1.loss_iou: 1.2220
2026/03/27 15:41:27 - mmengine - INFO - Exp name: GSDet_r50_b900_h2h4_h2r1_r2r1_2x_fair1m1.0_20260327_123453
2026/03/27 15:41:32 - mmengine - INFO - Epoch(train) [11][ 3000/10002]  lr: 2.5000e-05  eta: 22:28:11  time: 0.3804  data_time: 0.0032  memory: 7330  grad_norm: 86.1878  loss: 8.2700  rpn_s.0.loss_cls: 0.6409  rpn_s.0.loss_bbox: 0.0943  rpn_s.0.loss_giou: 0.8025  rpn_s.1.loss_cls: 0.4511  rpn_s.1.loss_bbox: 0.0386  rpn_s.1.loss_giou: 0.3923  rpn_s.2.loss_cls: 0.3732  rpn_s.2.loss_bbox: 0.0330  rpn_s.2.loss_giou: 0.3457  rpn_s.3.loss_cls: 0.3409  rpn_s.3.loss_bbox: 0.0307  rpn_s.3.loss_giou: 0.3256  s0.loss_cls: 0.3929  s0.pos_acc: 79.1304  s0.loss_bbox: 0.5905  s0.loss_iou: 1.1335  s1.loss_cls: 0.4062  s1.pos_acc: 73.4783  s1.loss_bbox: 0.6600  s1.loss_iou: 1.2180
2026/03/27 15:41:51 - mmengine - INFO - Epoch(train) [11][ 3050/10002]  lr: 2.5000e-05  eta: 22:27:09  time: 0.3783  data_time: 0.0033  memory: 7329  grad_norm: 103.2688  loss: 8.0632  rpn_s.0.loss_cls: 0.5711  rpn_s.0.loss_bbox: 0.1183  rpn_s.0.loss_giou: 0.7070  rpn_s.1.loss_cls: 0.3914  rpn_s.1.loss_bbox: 0.0537  rpn_s.1.loss_giou: 0.3564  rpn_s.2.loss_cls: 0.3157  rpn_s.2.loss_bbox: 0.0471  rpn_s.2.loss_giou: 0.3072  rpn_s.3.loss_cls: 0.2864  rpn_s.3.loss_bbox: 0.0444  rpn_s.3.loss_giou: 0.2953  s0.loss_cls: 0.3168  s0.pos_acc: 78.5714  s0.loss_bbox: 0.8192  s0.loss_iou: 1.0866  s1.loss_cls: 0.3502  s1.pos_acc: 75.0000  s1.loss_bbox: 0.8188  s1.loss_iou: 1.1774
2026/03/27 15:42:10 - mmengine - INFO - Epoch(train) [11][ 3100/10002]  lr: 2.5000e-05  eta: 22:26:05  time: 0.3758  data_time: 0.0033  memory: 7329  grad_norm: 82.4080  loss: 8.3652  rpn_s.0.loss_cls: 0.6544  rpn_s.0.loss_bbox: 0.1104  rpn_s.0.loss_giou: 0.8009  rpn_s.1.loss_cls: 0.4658  rpn_s.1.loss_bbox: 0.0510  rpn_s.1.loss_giou: 0.3958  rpn_s.2.loss_cls: 0.3841  rpn_s.2.loss_bbox: 0.0436  rpn_s.2.loss_giou: 0.3427  rpn_s.3.loss_cls: 0.3401  rpn_s.3.loss_bbox: 0.0409  rpn_s.3.loss_giou: 0.3297  s0.loss_cls: 0.3886  s0.pos_acc: 100.0000  s0.loss_bbox: 0.6459  s0.loss_iou: 1.1196  s1.loss_cls: 0.4034  s1.pos_acc: 100.0000  s1.loss_bbox: 0.6810  s1.loss_iou: 1.1674
2026/03/27 15:42:28 - mmengine - INFO - Epoch(train) [11][ 3150/10002]  lr: 2.5000e-05  eta: 22:25:01  time: 0.3721  data_time: 0.0033  memory: 7329  grad_norm: 81.9346  loss: 8.5649  rpn_s.0.loss_cls: 0.6448  rpn_s.0.loss_bbox: 0.1133  rpn_s.0.loss_giou: 0.8206  rpn_s.1.loss_cls: 0.4345  rpn_s.1.loss_bbox: 0.0489  rpn_s.1.loss_giou: 0.4224  rpn_s.2.loss_cls: 0.3614  rpn_s.2.loss_bbox: 0.0433  rpn_s.2.loss_giou: 0.3715  rpn_s.3.loss_cls: 0.3231  rpn_s.3.loss_bbox: 0.0393  rpn_s.3.loss_giou: 0.3502  s0.loss_cls: 0.3781  s0.pos_acc: 69.6970  s0.loss_bbox: 0.6579  s0.loss_iou: 1.1885  s1.loss_cls: 0.3944  s1.pos_acc: 66.6667  s1.loss_bbox: 0.7222  s1.loss_iou: 1.2503
2026/03/27 15:42:47 - mmengine - INFO - Epoch(train) [11][ 3200/10002]  lr: 2.5000e-05  eta: 22:23:58  time: 0.3759  data_time: 0.0033  memory: 7329  grad_norm: 75.2669  loss: 9.0412  rpn_s.0.loss_cls: 0.6477  rpn_s.0.loss_bbox: 0.1327  rpn_s.0.loss_giou: 0.9183  rpn_s.1.loss_cls: 0.4286  rpn_s.1.loss_bbox: 0.0641  rpn_s.1.loss_giou: 0.4579  rpn_s.2.loss_cls: 0.3572  rpn_s.2.loss_bbox: 0.0577  rpn_s.2.loss_giou: 0.3996  rpn_s.3.loss_cls: 0.3230  rpn_s.3.loss_bbox: 0.0551  rpn_s.3.loss_giou: 0.3836  s0.loss_cls: 0.3660  s0.pos_acc: 87.5000  s0.loss_bbox: 0.6710  s0.loss_iou: 1.3063  s1.loss_cls: 0.3802  s1.pos_acc: 87.5000  s1.loss_bbox: 0.7277  s1.loss_iou: 1.3646
2026/03/27 15:43:06 - mmengine - INFO - Epoch(train) [11][ 3250/10002]  lr: 2.5000e-05  eta: 22:22:56  time: 0.3785  data_time: 0.0033  memory: 7330  grad_norm: 77.9099  loss: 8.2056  rpn_s.0.loss_cls: 0.6253  rpn_s.0.loss_bbox: 0.1065  rpn_s.0.loss_giou: 0.8018  rpn_s.1.loss_cls: 0.4113  rpn_s.1.loss_bbox: 0.0467  rpn_s.1.loss_giou: 0.3973  rpn_s.2.loss_cls: 0.3439  rpn_s.2.loss_bbox: 0.0409  rpn_s.2.loss_giou: 0.3481  rpn_s.3.loss_cls: 0.3037  rpn_s.3.loss_bbox: 0.0381  rpn_s.3.loss_giou: 0.3293  s0.loss_cls: 0.3444  s0.pos_acc: 68.4211  s0.loss_bbox: 0.6588  s0.loss_iou: 1.1583  s1.loss_cls: 0.3664  s1.pos_acc: 52.6316  s1.loss_bbox: 0.6803  s1.loss_iou: 1.2046
2026/03/27 15:43:25 - mmengine - INFO - Epoch(train) [11][ 3300/10002]  lr: 2.5000e-05  eta: 22:21:54  time: 0.3757  data_time: 0.0033  memory: 7329  grad_norm: 73.3864  loss: 7.8916  rpn_s.0.loss_cls: 0.6238  rpn_s.0.loss_bbox: 0.1004  rpn_s.0.loss_giou: 0.8138  rpn_s.1.loss_cls: 0.4203  rpn_s.1.loss_bbox: 0.0420  rpn_s.1.loss_giou: 0.3987  rpn_s.2.loss_cls: 0.3399  rpn_s.2.loss_bbox: 0.0351  rpn_s.2.loss_giou: 0.3393  rpn_s.3.loss_cls: 0.3031  rpn_s.3.loss_bbox: 0.0323  rpn_s.3.loss_giou: 0.3205  s0.loss_cls: 0.3304  s0.pos_acc: 86.9565  s0.loss_bbox: 0.5948  s0.loss_iou: 1.0768  s1.loss_cls: 0.3474  s1.pos_acc: 84.7826  s1.loss_bbox: 0.6483  s1.loss_iou: 1.1247
2026/03/27 15:43:44 - mmengine - INFO - Epoch(train) [11][ 3350/10002]  lr: 2.5000e-05  eta: 22:20:54  time: 0.3827  data_time: 0.0033  memory: 7329  grad_norm: 74.3067  loss: 8.3233  rpn_s.0.loss_cls: 0.6268  rpn_s.0.loss_bbox: 0.1104  rpn_s.0.loss_giou: 0.8679  rpn_s.1.loss_cls: 0.4486  rpn_s.1.loss_bbox: 0.0460  rpn_s.1.loss_giou: 0.4216  rpn_s.2.loss_cls: 0.3745  rpn_s.2.loss_bbox: 0.0382  rpn_s.2.loss_giou: 0.3586  rpn_s.3.loss_cls: 0.3291  rpn_s.3.loss_bbox: 0.0360  rpn_s.3.loss_giou: 0.3380  s0.loss_cls: 0.3638  s0.pos_acc: 77.3148  s0.loss_bbox: 0.5603  s0.loss_iou: 1.2003  s1.loss_cls: 0.3746  s1.pos_acc: 73.6111  s1.loss_bbox: 0.5966  s1.loss_iou: 1.2321
2026/03/27 15:44:03 - mmengine - INFO - Epoch(train) [11][ 3400/10002]  lr: 2.5000e-05  eta: 22:19:53  time: 0.3801  data_time: 0.0033  memory: 7330  grad_norm: 78.9133  loss: 8.3858  rpn_s.0.loss_cls: 0.6249  rpn_s.0.loss_bbox: 0.1082  rpn_s.0.loss_giou: 0.8481  rpn_s.1.loss_cls: 0.4298  rpn_s.1.loss_bbox: 0.0450  rpn_s.1.loss_giou: 0.4174  rpn_s.2.loss_cls: 0.3623  rpn_s.2.loss_bbox: 0.0377  rpn_s.2.loss_giou: 0.3589  rpn_s.3.loss_cls: 0.3225  rpn_s.3.loss_bbox: 0.0356  rpn_s.3.loss_giou: 0.3402  s0.loss_cls: 0.3574  s0.pos_acc: 74.0741  s0.loss_bbox: 0.6650  s0.loss_iou: 1.1463  s1.loss_cls: 0.3795  s1.pos_acc: 64.8148  s1.loss_bbox: 0.7029  s1.loss_iou: 1.2041
2026/03/27 15:44:22 - mmengine - INFO - Epoch(train) [11][ 3450/10002]  lr: 2.5000e-05  eta: 22:18:51  time: 0.3758  data_time: 0.0033  memory: 7329  grad_norm: 77.0147  loss: 8.1097  rpn_s.0.loss_cls: 0.6126  rpn_s.0.loss_bbox: 0.0987  rpn_s.0.loss_giou: 0.7747  rpn_s.1.loss_cls: 0.4292  rpn_s.1.loss_bbox: 0.0425  rpn_s.1.loss_giou: 0.3899  rpn_s.2.loss_cls: 0.3678  rpn_s.2.loss_bbox: 0.0352  rpn_s.2.loss_giou: 0.3398  rpn_s.3.loss_cls: 0.3190  rpn_s.3.loss_bbox: 0.0333  rpn_s.3.loss_giou: 0.3264  s0.loss_cls: 0.3394  s0.pos_acc: 100.0000  s0.loss_bbox: 0.6463  s0.loss_iou: 1.1385  s1.loss_cls: 0.3631  s1.pos_acc: 100.0000  s1.loss_bbox: 0.6583  s1.loss_iou: 1.1949
2026/03/27 15:44:40 - mmengine - INFO - Epoch(train) [11][ 3500/10002]  lr: 2.5000e-05  eta: 22:17:48  time: 0.3727  data_time: 0.0033  memory: 7329  grad_norm: 106.7155  loss: 8.0224  rpn_s.0.loss_cls: 0.6344  rpn_s.0.loss_bbox: 0.0957  rpn_s.0.loss_giou: 0.7775  rpn_s.1.loss_cls: 0.4384  rpn_s.1.loss_bbox: 0.0417  rpn_s.1.loss_giou: 0.3934  rpn_s.2.loss_cls: 0.3570  rpn_s.2.loss_bbox: 0.0347  rpn_s.2.loss_giou: 0.3393  rpn_s.3.loss_cls: 0.3093  rpn_s.3.loss_bbox: 0.0322  rpn_s.3.loss_giou: 0.3204  s0.loss_cls: 0.3553  s0.pos_acc: 94.1176  s0.loss_bbox: 0.6172  s0.loss_iou: 1.0643  s1.loss_cls: 0.3603  s1.pos_acc: 85.2941  s1.loss_bbox: 0.7223  s1.loss_iou: 1.1289
2026/03/27 15:44:59 - mmengine - INFO - Epoch(train) [11][ 3550/10002]  lr: 2.5000e-05  eta: 22:16:48  time: 0.3794  data_time: 0.0032  memory: 7330  grad_norm: 121.1495  loss: 8.4330  rpn_s.0.loss_cls: 0.6373  rpn_s.0.loss_bbox: 0.1058  rpn_s.0.loss_giou: 0.8171  rpn_s.1.loss_cls: 0.4515  rpn_s.1.loss_bbox: 0.0473  rpn_s.1.loss_giou: 0.4205  rpn_s.2.loss_cls: 0.3792  rpn_s.2.loss_bbox: 0.0399  rpn_s.2.loss_giou: 0.3583  rpn_s.3.loss_cls: 0.3392  rpn_s.3.loss_bbox: 0.0369  rpn_s.3.loss_giou: 0.3429  s0.loss_cls: 0.4034  s0.pos_acc: 73.7500  s0.loss_bbox: 0.6190  s0.loss_iou: 1.1479  s1.loss_cls: 0.4132  s1.pos_acc: 67.5000  s1.loss_bbox: 0.6707  s1.loss_iou: 1.2031
2026/03/27 15:45:18 - mmengine - INFO - Epoch(train) [11][ 3600/10002]  lr: 2.5000e-05  eta: 22:15:46  time: 0.3753  data_time: 0.0032  memory: 7329  grad_norm: 75.2300  loss: 7.9375  rpn_s.0.loss_cls: 0.6083  rpn_s.0.loss_bbox: 0.1055  rpn_s.0.loss_giou: 0.7800  rpn_s.1.loss_cls: 0.4193  rpn_s.1.loss_bbox: 0.0459  rpn_s.1.loss_giou: 0.3974  rpn_s.2.loss_cls: 0.3518  rpn_s.2.loss_bbox: 0.0391  rpn_s.2.loss_giou: 0.3482  rpn_s.3.loss_cls: 0.3103  rpn_s.3.loss_bbox: 0.0374  rpn_s.3.loss_giou: 0.3368  s0.loss_cls: 0.3537  s0.pos_acc: 77.2727  s0.loss_bbox: 0.5711  s0.loss_iou: 1.1094  s1.loss_cls: 0.3656  s1.pos_acc: 77.2727  s1.loss_bbox: 0.5943  s1.loss_iou: 1.1635
2026/03/27 15:45:37 - mmengine - INFO - Epoch(train) [11][ 3650/10002]  lr: 2.5000e-05  eta: 22:14:47  time: 0.3811  data_time: 0.0033  memory: 7330  grad_norm: 82.4895  loss: 8.2584  rpn_s.0.loss_cls: 0.6319  rpn_s.0.loss_bbox: 0.1093  rpn_s.0.loss_giou: 0.8192  rpn_s.1.loss_cls: 0.4532  rpn_s.1.loss_bbox: 0.0458  rpn_s.1.loss_giou: 0.3852  rpn_s.2.loss_cls: 0.3790  rpn_s.2.loss_bbox: 0.0410  rpn_s.2.loss_giou: 0.3423  rpn_s.3.loss_cls: 0.3421  rpn_s.3.loss_bbox: 0.0379  rpn_s.3.loss_giou: 0.3258  s0.loss_cls: 0.3878  s0.pos_acc: 77.4194  s0.loss_bbox: 0.6315  s0.loss_iou: 1.1160  s1.loss_cls: 0.4023  s1.pos_acc: 77.4194  s1.loss_bbox: 0.6420  s1.loss_iou: 1.1660
2026/03/27 15:45:56 - mmengine - INFO - Epoch(train) [11][ 3700/10002]  lr: 2.5000e-05  eta: 22:13:44  time: 0.3719  data_time: 0.0032  memory: 7329  grad_norm: 103.9486  loss: 7.8119  rpn_s.0.loss_cls: 0.6204  rpn_s.0.loss_bbox: 0.1041  rpn_s.0.loss_giou: 0.7681  rpn_s.1.loss_cls: 0.4397  rpn_s.1.loss_bbox: 0.0429  rpn_s.1.loss_giou: 0.3707  rpn_s.2.loss_cls: 0.3710  rpn_s.2.loss_bbox: 0.0365  rpn_s.2.loss_giou: 0.3185  rpn_s.3.loss_cls: 0.3338  rpn_s.3.loss_bbox: 0.0341  rpn_s.3.loss_giou: 0.3018  s0.loss_cls: 0.3745  s0.pos_acc: 66.2500  s0.loss_bbox: 0.6138  s0.loss_iou: 0.9912  s1.loss_cls: 0.3892  s1.pos_acc: 62.5000  s1.loss_bbox: 0.6360  s1.loss_iou: 1.0657
2026/03/27 15:46:15 - mmengine - INFO - Epoch(train) [11][ 3750/10002]  lr: 2.5000e-05  eta: 22:12:47  time: 0.3846  data_time: 0.0033  memory: 7329  grad_norm: 82.2690  loss: 7.6951  rpn_s.0.loss_cls: 0.6096  rpn_s.0.loss_bbox: 0.1034  rpn_s.0.loss_giou: 0.7531  rpn_s.1.loss_cls: 0.4258  rpn_s.1.loss_bbox: 0.0434  rpn_s.1.loss_giou: 0.3688  rpn_s.2.loss_cls: 0.3572  rpn_s.2.loss_bbox: 0.0359  rpn_s.2.loss_giou: 0.3125  rpn_s.3.loss_cls: 0.3136  rpn_s.3.loss_bbox: 0.0330  rpn_s.3.loss_giou: 0.2993  s0.loss_cls: 0.3485  s0.pos_acc: 76.9231  s0.loss_bbox: 0.6195  s0.loss_iou: 1.0173  s1.loss_cls: 0.3716  s1.pos_acc: 65.3846  s1.loss_bbox: 0.6081  s1.loss_iou: 1.0746
2026/03/27 15:46:34 - mmengine - INFO - Epoch(train) [11][ 3800/10002]  lr: 2.5000e-05  eta: 22:11:47  time: 0.3784  data_time: 0.0032  memory: 7329  grad_norm: 82.0313  loss: 8.1122  rpn_s.0.loss_cls: 0.6375  rpn_s.0.loss_bbox: 0.1071  rpn_s.0.loss_giou: 0.8086  rpn_s.1.loss_cls: 0.4539  rpn_s.1.loss_bbox: 0.0447  rpn_s.1.loss_giou: 0.3940  rpn_s.2.loss_cls: 0.3715  rpn_s.2.loss_bbox: 0.0373  rpn_s.2.loss_giou: 0.3352  rpn_s.3.loss_cls: 0.3201  rpn_s.3.loss_bbox: 0.0352  rpn_s.3.loss_giou: 0.3207  s0.loss_cls: 0.3653  s0.pos_acc: 63.0435  s0.loss_bbox: 0.6055  s0.loss_iou: 1.0986  s1.loss_cls: 0.3859  s1.pos_acc: 71.7391  s1.loss_bbox: 0.6270  s1.loss_iou: 1.1641
2026/03/27 15:46:53 - mmengine - INFO - Epoch(train) [11][ 3850/10002]  lr: 2.5000e-05  eta: 22:10:47  time: 0.3770  data_time: 0.0032  memory: 7329  grad_norm: 92.2033  loss: 7.7895  rpn_s.0.loss_cls: 0.6044  rpn_s.0.loss_bbox: 0.1046  rpn_s.0.loss_giou: 0.7291  rpn_s.1.loss_cls: 0.4322  rpn_s.1.loss_bbox: 0.0474  rpn_s.1.loss_giou: 0.3735  rpn_s.2.loss_cls: 0.3650  rpn_s.2.loss_bbox: 0.0402  rpn_s.2.loss_giou: 0.3224  rpn_s.3.loss_cls: 0.3241  rpn_s.3.loss_bbox: 0.0375  rpn_s.3.loss_giou: 0.3081  s0.loss_cls: 0.3587  s0.pos_acc: 83.3333  s0.loss_bbox: 0.6384  s0.loss_iou: 0.9883  s1.loss_cls: 0.3741  s1.pos_acc: 79.1667  s1.loss_bbox: 0.6986  s1.loss_iou: 1.0428
2026/03/27 15:47:12 - mmengine - INFO - Epoch(train) [11][ 3900/10002]  lr: 2.5000e-05  eta: 22:09:48  time: 0.3798  data_time: 0.0033  memory: 7329  grad_norm: 87.1163  loss: 8.2382  rpn_s.0.loss_cls: 0.5883  rpn_s.0.loss_bbox: 0.1058  rpn_s.0.loss_giou: 0.8165  rpn_s.1.loss_cls: 0.4191  rpn_s.1.loss_bbox: 0.0465  rpn_s.1.loss_giou: 0.4056  rpn_s.2.loss_cls: 0.3461  rpn_s.2.loss_bbox: 0.0391  rpn_s.2.loss_giou: 0.3480  rpn_s.3.loss_cls: 0.3039  rpn_s.3.loss_bbox: 0.0366  rpn_s.3.loss_giou: 0.3306  s0.loss_cls: 0.3390  s0.pos_acc: 60.3448  s0.loss_bbox: 0.6476  s0.loss_iou: 1.1553  s1.loss_cls: 0.3811  s1.pos_acc: 60.3448  s1.loss_bbox: 0.7076  s1.loss_iou: 1.2215
2026/03/27 15:47:31 - mmengine - INFO - Epoch(train) [11][ 3950/10002]  lr: 2.5000e-05  eta: 22:08:48  time: 0.3780  data_time: 0.0032  memory: 7329  grad_norm: 81.5010  loss: 7.9176  rpn_s.0.loss_cls: 0.5647  rpn_s.0.loss_bbox: 0.1103  rpn_s.0.loss_giou: 0.7670  rpn_s.1.loss_cls: 0.4009  rpn_s.1.loss_bbox: 0.0488  rpn_s.1.loss_giou: 0.3794  rpn_s.2.loss_cls: 0.3237  rpn_s.2.loss_bbox: 0.0413  rpn_s.2.loss_giou: 0.3299  rpn_s.3.loss_cls: 0.2838  rpn_s.3.loss_bbox: 0.0382  rpn_s.3.loss_giou: 0.3117  s0.loss_cls: 0.3160  s0.pos_acc: 71.4286  s0.loss_bbox: 0.7063  s0.loss_iou: 1.0769  s1.loss_cls: 0.3341  s1.pos_acc: 67.8571  s1.loss_bbox: 0.7376  s1.loss_iou: 1.1470
2026/03/27 15:47:45 - mmengine - INFO - Exp name: GSDet_r50_b900_h2h4_h2r1_r2r1_2x_fair1m1.0_20260327_123453
2026/03/27 15:47:50 - mmengine - INFO - Epoch(train) [11][ 4000/10002]  lr: 2.5000e-05  eta: 22:07:51  time: 0.3839  data_time: 0.0033  memory: 7330  grad_norm: 72.6649  loss: 8.0625  rpn_s.0.loss_cls: 0.5853  rpn_s.0.loss_bbox: 0.1111  rpn_s.0.loss_giou: 0.7635  rpn_s.1.loss_cls: 0.4224  rpn_s.1.loss_bbox: 0.0500  rpn_s.1.loss_giou: 0.3919  rpn_s.2.loss_cls: 0.3410  rpn_s.2.loss_bbox: 0.0415  rpn_s.2.loss_giou: 0.3372  rpn_s.3.loss_cls: 0.3011  rpn_s.3.loss_bbox: 0.0382  rpn_s.3.loss_giou: 0.3204  s0.loss_cls: 0.3434  s0.pos_acc: 64.5062  s0.loss_bbox: 0.6589  s0.loss_iou: 1.0945  s1.loss_cls: 0.3635  s1.pos_acc: 70.0617  s1.loss_bbox: 0.7322  s1.loss_iou: 1.1665
2026/03/27 15:48:09 - mmengine - INFO - Epoch(train) [11][ 4050/10002]  lr: 2.5000e-05  eta: 22:06:51  time: 0.3769  data_time: 0.0033  memory: 7329  grad_norm: 86.5940  loss: 7.8832  rpn_s.0.loss_cls: 0.5920  rpn_s.0.loss_bbox: 0.1012  rpn_s.0.loss_giou: 0.7471  rpn_s.1.loss_cls: 0.4170  rpn_s.1.loss_bbox: 0.0451  rpn_s.1.loss_giou: 0.3777  rpn_s.2.loss_cls: 0.3419  rpn_s.2.loss_bbox: 0.0390  rpn_s.2.loss_giou: 0.3302  rpn_s.3.loss_cls: 0.2999  rpn_s.3.loss_bbox: 0.0373  rpn_s.3.loss_giou: 0.3167  s0.loss_cls: 0.3436  s0.pos_acc: 81.8182  s0.loss_bbox: 0.6803  s0.loss_iou: 1.0310  s1.loss_cls: 0.3607  s1.pos_acc: 84.0909  s1.loss_bbox: 0.7250  s1.loss_iou: 1.0973
2026/03/27 15:48:28 - mmengine - INFO - Epoch(train) [11][ 4100/10002]  lr: 2.5000e-05  eta: 22:05:53  time: 0.3806  data_time: 0.0033  memory: 7330  grad_norm: 72.3964  loss: 8.9418  rpn_s.0.loss_cls: 0.6403  rpn_s.0.loss_bbox: 0.1052  rpn_s.0.loss_giou: 0.9221  rpn_s.1.loss_cls: 0.4524  rpn_s.1.loss_bbox: 0.0439  rpn_s.1.loss_giou: 0.4548  rpn_s.2.loss_cls: 0.3796  rpn_s.2.loss_bbox: 0.0362  rpn_s.2.loss_giou: 0.3911  rpn_s.3.loss_cls: 0.3400  rpn_s.3.loss_bbox: 0.0335  rpn_s.3.loss_giou: 0.3685  s0.loss_cls: 0.3749  s0.pos_acc: 73.9130  s0.loss_bbox: 0.7052  s0.loss_iou: 1.2460  s1.loss_cls: 0.4084  s1.pos_acc: 63.0435  s1.loss_bbox: 0.7323  s1.loss_iou: 1.3073
2026/03/27 15:48:47 - mmengine - INFO - Epoch(train) [11][ 4150/10002]  lr: 2.5000e-05  eta: 22:04:54  time: 0.3764  data_time: 0.0033  memory: 7329  grad_norm: 78.2129  loss: 8.0175  rpn_s.0.loss_cls: 0.6331  rpn_s.0.loss_bbox: 0.1058  rpn_s.0.loss_giou: 0.8174  rpn_s.1.loss_cls: 0.4312  rpn_s.1.loss_bbox: 0.0452  rpn_s.1.loss_giou: 0.3998  rpn_s.2.loss_cls: 0.3632  rpn_s.2.loss_bbox: 0.0387  rpn_s.2.loss_giou: 0.3479  rpn_s.3.loss_cls: 0.3191  rpn_s.3.loss_bbox: 0.0348  rpn_s.3.loss_giou: 0.3239  s0.loss_cls: 0.3636  s0.pos_acc: 90.0000  s0.loss_bbox: 0.5842  s0.loss_iou: 1.0607  s1.loss_cls: 0.3835  s1.pos_acc: 90.0000  s1.loss_bbox: 0.6635  s1.loss_iou: 1.1020
2026/03/27 15:49:05 - mmengine - INFO - Epoch(train) [11][ 4200/10002]  lr: 2.5000e-05  eta: 22:03:53  time: 0.3728  data_time: 0.0033  memory: 7329  grad_norm: 104.2623  loss: 8.1828  rpn_s.0.loss_cls: 0.6609  rpn_s.0.loss_bbox: 0.1045  rpn_s.0.loss_giou: 0.8068  rpn_s.1.loss_cls: 0.4746  rpn_s.1.loss_bbox: 0.0450  rpn_s.1.loss_giou: 0.4028  rpn_s.2.loss_cls: 0.4040  rpn_s.2.loss_bbox: 0.0377  rpn_s.2.loss_giou: 0.3474  rpn_s.3.loss_cls: 0.3730  rpn_s.3.loss_bbox: 0.0355  rpn_s.3.loss_giou: 0.3290  s0.loss_cls: 0.4154  s0.pos_acc: 73.5294  s0.loss_bbox: 0.5336  s0.loss_iou: 1.0694  s1.loss_cls: 0.4415  s1.pos_acc: 73.5294  s1.loss_bbox: 0.5829  s1.loss_iou: 1.1187
2026/03/27 15:49:24 - mmengine - INFO - Epoch(train) [11][ 4250/10002]  lr: 2.5000e-05  eta: 22:02:54  time: 0.3750  data_time: 0.0033  memory: 7330  grad_norm: 78.7129  loss: 7.7037  rpn_s.0.loss_cls: 0.5861  rpn_s.0.loss_bbox: 0.1046  rpn_s.0.loss_giou: 0.7384  rpn_s.1.loss_cls: 0.4229  rpn_s.1.loss_bbox: 0.0472  rpn_s.1.loss_giou: 0.3768  rpn_s.2.loss_cls: 0.3373  rpn_s.2.loss_bbox: 0.0407  rpn_s.2.loss_giou: 0.3274  rpn_s.3.loss_cls: 0.2959  rpn_s.3.loss_bbox: 0.0386  rpn_s.3.loss_giou: 0.3085  s0.loss_cls: 0.3396  s0.pos_acc: 50.0000  s0.loss_bbox: 0.6382  s0.loss_iou: 1.0452  s1.loss_cls: 0.3481  s1.pos_acc: 50.0000  s1.loss_bbox: 0.6110  s1.loss_iou: 1.0974
2026/03/27 15:49:43 - mmengine - INFO - Epoch(train) [11][ 4300/10002]  lr: 2.5000e-05  eta: 22:01:58  time: 0.3836  data_time: 0.0033  memory: 7330  grad_norm: 79.3937  loss: 8.2288  rpn_s.0.loss_cls: 0.6360  rpn_s.0.loss_bbox: 0.1119  rpn_s.0.loss_giou: 0.7592  rpn_s.1.loss_cls: 0.4495  rpn_s.1.loss_bbox: 0.0512  rpn_s.1.loss_giou: 0.3945  rpn_s.2.loss_cls: 0.3632  rpn_s.2.loss_bbox: 0.0428  rpn_s.2.loss_giou: 0.3404  rpn_s.3.loss_cls: 0.3337  rpn_s.3.loss_bbox: 0.0395  rpn_s.3.loss_giou: 0.3190  s0.loss_cls: 0.3725  s0.pos_acc: 87.5000  s0.loss_bbox: 0.6614  s0.loss_iou: 1.1381  s1.loss_cls: 0.3822  s1.pos_acc: 87.5000  s1.loss_bbox: 0.6563  s1.loss_iou: 1.1775
2026/03/27 15:50:02 - mmengine - INFO - Epoch(train) [11][ 4350/10002]  lr: 2.5000e-05  eta: 22:01:00  time: 0.3783  data_time: 0.0032  memory: 7330  grad_norm: 96.4320  loss: 8.2060  rpn_s.0.loss_cls: 0.6124  rpn_s.0.loss_bbox: 0.1151  rpn_s.0.loss_giou: 0.8604  rpn_s.1.loss_cls: 0.4105  rpn_s.1.loss_bbox: 0.0504  rpn_s.1.loss_giou: 0.4105  rpn_s.2.loss_cls: 0.3267  rpn_s.2.loss_bbox: 0.0415  rpn_s.2.loss_giou: 0.3542  rpn_s.3.loss_cls: 0.2866  rpn_s.3.loss_bbox: 0.0384  rpn_s.3.loss_giou: 0.3359  s0.loss_cls: 0.3277  s0.pos_acc: 100.0000  s0.loss_bbox: 0.6730  s0.loss_iou: 1.1355  s1.loss_cls: 0.3436  s1.pos_acc: 100.0000  s1.loss_bbox: 0.6615  s1.loss_iou: 1.2222
2026/03/27 15:50:21 - mmengine - INFO - Epoch(train) [11][ 4400/10002]  lr: 2.5000e-05  eta: 22:00:02  time: 0.3800  data_time: 0.0033  memory: 7330  grad_norm: 87.6511  loss: 8.3246  rpn_s.0.loss_cls: 0.6289  rpn_s.0.loss_bbox: 0.1055  rpn_s.0.loss_giou: 0.8238  rpn_s.1.loss_cls: 0.4531  rpn_s.1.loss_bbox: 0.0479  rpn_s.1.loss_giou: 0.4147  rpn_s.2.loss_cls: 0.3781  rpn_s.2.loss_bbox: 0.0403  rpn_s.2.loss_giou: 0.3601  rpn_s.3.loss_cls: 0.3369  rpn_s.3.loss_bbox: 0.0389  rpn_s.3.loss_giou: 0.3416  s0.loss_cls: 0.3622  s0.pos_acc: 80.5555  s0.loss_bbox: 0.6100  s0.loss_iou: 1.1620  s1.loss_cls: 0.3745  s1.pos_acc: 80.5555  s1.loss_bbox: 0.6210  s1.loss_iou: 1.2253
2026/03/27 15:50:40 - mmengine - INFO - Epoch(train) [11][ 4450/10002]  lr: 2.5000e-05  eta: 21:59:03  time: 0.3735  data_time: 0.0033  memory: 7329  grad_norm: 104.6386  loss: 7.5444  rpn_s.0.loss_cls: 0.6102  rpn_s.0.loss_bbox: 0.0984  rpn_s.0.loss_giou: 0.7127  rpn_s.1.loss_cls: 0.4274  rpn_s.1.loss_bbox: 0.0438  rpn_s.1.loss_giou: 0.3559  rpn_s.2.loss_cls: 0.3513  rpn_s.2.loss_bbox: 0.0366  rpn_s.2.loss_giou: 0.3045  rpn_s.3.loss_cls: 0.3072  rpn_s.3.loss_bbox: 0.0356  rpn_s.3.loss_giou: 0.2904  s0.loss_cls: 0.3432  s0.pos_acc: 80.0000  s0.loss_bbox: 0.6004  s0.loss_iou: 1.0005  s1.loss_cls: 0.3547  s1.pos_acc: 82.0000  s1.loss_bbox: 0.6048  s1.loss_iou: 1.0668
2026/03/27 15:50:59 - mmengine - INFO - Epoch(train) [11][ 4500/10002]  lr: 2.5000e-05  eta: 21:58:05  time: 0.3780  data_time: 0.0033  memory: 7329  grad_norm: 73.7986  loss: 8.1062  rpn_s.0.loss_cls: 0.6398  rpn_s.0.loss_bbox: 0.1112  rpn_s.0.loss_giou: 0.8138  rpn_s.1.loss_cls: 0.4450  rpn_s.1.loss_bbox: 0.0500  rpn_s.1.loss_giou: 0.3948  rpn_s.2.loss_cls: 0.3657  rpn_s.2.loss_bbox: 0.0413  rpn_s.2.loss_giou: 0.3411  rpn_s.3.loss_cls: 0.3213  rpn_s.3.loss_bbox: 0.0382  rpn_s.3.loss_giou: 0.3270  s0.loss_cls: 0.3539  s0.pos_acc: 72.5806  s0.loss_bbox: 0.6080  s0.loss_iou: 1.1044  s1.loss_cls: 0.3655  s1.pos_acc: 66.1290  s1.loss_bbox: 0.6586  s1.loss_iou: 1.1267
2026/03/27 15:51:18 - mmengine - INFO - Epoch(train) [11][ 4550/10002]  lr: 2.5000e-05  eta: 21:57:07  time: 0.3771  data_time: 0.0033  memory: 7330  grad_norm: 70.6970  loss: 8.2826  rpn_s.0.loss_cls: 0.6107  rpn_s.0.loss_bbox: 0.1109  rpn_s.0.loss_giou: 0.8399  rpn_s.1.loss_cls: 0.4267  rpn_s.1.loss_bbox: 0.0503  rpn_s.1.loss_giou: 0.4099  rpn_s.2.loss_cls: 0.3525  rpn_s.2.loss_bbox: 0.0417  rpn_s.2.loss_giou: 0.3493  rpn_s.3.loss_cls: 0.3107  rpn_s.3.loss_bbox: 0.0396  rpn_s.3.loss_giou: 0.3344  s0.loss_cls: 0.3538  s0.pos_acc: 61.1111  s0.loss_bbox: 0.6424  s0.loss_iou: 1.1464  s1.loss_cls: 0.3733  s1.pos_acc: 63.8889  s1.loss_bbox: 0.6890  s1.loss_iou: 1.2012
2026/03/27 15:51:36 - mmengine - INFO - Epoch(train) [11][ 4600/10002]  lr: 2.5000e-05  eta: 21:56:10  time: 0.3766  data_time: 0.0033  memory: 7330  grad_norm: 100.0691  loss: 7.9114  rpn_s.0.loss_cls: 0.6419  rpn_s.0.loss_bbox: 0.1024  rpn_s.0.loss_giou: 0.7926  rpn_s.1.loss_cls: 0.4587  rpn_s.1.loss_bbox: 0.0399  rpn_s.1.loss_giou: 0.3722  rpn_s.2.loss_cls: 0.3874  rpn_s.2.loss_bbox: 0.0330  rpn_s.2.loss_giou: 0.3161  rpn_s.3.loss_cls: 0.3488  rpn_s.3.loss_bbox: 0.0310  rpn_s.3.loss_giou: 0.3001  s0.loss_cls: 0.3804  s0.pos_acc: 65.0943  s0.loss_bbox: 0.5868  s0.loss_iou: 1.0148  s1.loss_cls: 0.4013  s1.pos_acc: 60.3774  s1.loss_bbox: 0.6324  s1.loss_iou: 1.0716
2026/03/27 15:51:55 - mmengine - INFO - Epoch(train) [11][ 4650/10002]  lr: 2.5000e-05  eta: 21:55:12  time: 0.3778  data_time: 0.0033  memory: 7329  grad_norm: 73.4681  loss: 8.2172  rpn_s.0.loss_cls: 0.5771  rpn_s.0.loss_bbox: 0.1084  rpn_s.0.loss_giou: 0.7962  rpn_s.1.loss_cls: 0.4142  rpn_s.1.loss_bbox: 0.0472  rpn_s.1.loss_giou: 0.4070  rpn_s.2.loss_cls: 0.3656  rpn_s.2.loss_bbox: 0.0399  rpn_s.2.loss_giou: 0.3523  rpn_s.3.loss_cls: 0.3238  rpn_s.3.loss_bbox: 0.0373  rpn_s.3.loss_giou: 0.3358  s0.loss_cls: 0.3849  s0.pos_acc: 78.1250  s0.loss_bbox: 0.6378  s0.loss_iou: 1.1472  s1.loss_cls: 0.3972  s1.pos_acc: 75.0000  s1.loss_bbox: 0.6683  s1.loss_iou: 1.1769
2026/03/27 15:52:15 - mmengine - INFO - Epoch(train) [11][ 4700/10002]  lr: 2.5000e-05  eta: 21:54:18  time: 0.3860  data_time: 0.0033  memory: 7330  grad_norm: 88.0151  loss: 8.1327  rpn_s.0.loss_cls: 0.5971  rpn_s.0.loss_bbox: 0.1133  rpn_s.0.loss_giou: 0.7898  rpn_s.1.loss_cls: 0.4316  rpn_s.1.loss_bbox: 0.0487  rpn_s.1.loss_giou: 0.3924  rpn_s.2.loss_cls: 0.3716  rpn_s.2.loss_bbox: 0.0433  rpn_s.2.loss_giou: 0.3416  rpn_s.3.loss_cls: 0.3132  rpn_s.3.loss_bbox: 0.0397  rpn_s.3.loss_giou: 0.3208  s0.loss_cls: 0.3748  s0.pos_acc: 60.0000  s0.loss_bbox: 0.6398  s0.loss_iou: 1.0788  s1.loss_cls: 0.3988  s1.pos_acc: 90.0000  s1.loss_bbox: 0.7157  s1.loss_iou: 1.1217
2026/03/27 15:52:34 - mmengine - INFO - Epoch(train) [11][ 4750/10002]  lr: 2.5000e-05  eta: 21:53:24  time: 0.3854  data_time: 0.0032  memory: 7330  grad_norm: 71.8862  loss: 8.6457  rpn_s.0.loss_cls: 0.6572  rpn_s.0.loss_bbox: 0.1047  rpn_s.0.loss_giou: 0.8462  rpn_s.1.loss_cls: 0.4717  rpn_s.1.loss_bbox: 0.0458  rpn_s.1.loss_giou: 0.4308  rpn_s.2.loss_cls: 0.3991  rpn_s.2.loss_bbox: 0.0392  rpn_s.2.loss_giou: 0.3732  rpn_s.3.loss_cls: 0.3586  rpn_s.3.loss_bbox: 0.0372  rpn_s.3.loss_giou: 0.3573  s0.loss_cls: 0.4087  s0.pos_acc: 100.0000  s0.loss_bbox: 0.6171  s0.loss_iou: 1.1818  s1.loss_cls: 0.4244  s1.pos_acc: 100.0000  s1.loss_bbox: 0.6568  s1.loss_iou: 1.2360
2026/03/27 15:52:53 - mmengine - INFO - Epoch(train) [11][ 4800/10002]  lr: 2.5000e-05  eta: 21:52:31  time: 0.3903  data_time: 0.0032  memory: 7330  grad_norm: 84.4835  loss: 8.4415  rpn_s.0.loss_cls: 0.6110  rpn_s.0.loss_bbox: 0.1151  rpn_s.0.loss_giou: 0.8250  rpn_s.1.loss_cls: 0.4245  rpn_s.1.loss_bbox: 0.0559  rpn_s.1.loss_giou: 0.4283  rpn_s.2.loss_cls: 0.3639  rpn_s.2.loss_bbox: 0.0492  rpn_s.2.loss_giou: 0.3803  rpn_s.3.loss_cls: 0.3240  rpn_s.3.loss_bbox: 0.0450  rpn_s.3.loss_giou: 0.3556  s0.loss_cls: 0.3567  s0.pos_acc: 100.0000  s0.loss_bbox: 0.6276  s0.loss_iou: 1.1709  s1.loss_cls: 0.3880  s1.pos_acc: 100.0000  s1.loss_bbox: 0.6969  s1.loss_iou: 1.2237
2026/03/27 15:53:12 - mmengine - INFO - Epoch(train) [11][ 4850/10002]  lr: 2.5000e-05  eta: 21:51:35  time: 0.3806  data_time: 0.0033  memory: 7329  grad_norm: 83.7799  loss: 8.5199  rpn_s.0.loss_cls: 0.6155  rpn_s.0.loss_bbox: 0.1176  rpn_s.0.loss_giou: 0.8504  rpn_s.1.loss_cls: 0.4512  rpn_s.1.loss_bbox: 0.0494  rpn_s.1.loss_giou: 0.4329  rpn_s.2.loss_cls: 0.3797  rpn_s.2.loss_bbox: 0.0404  rpn_s.2.loss_giou: 0.3792  rpn_s.3.loss_cls: 0.3325  rpn_s.3.loss_bbox: 0.0381  rpn_s.3.loss_giou: 0.3621  s0.loss_cls: 0.3992  s0.pos_acc: 100.0000  s0.loss_bbox: 0.5873  s0.loss_iou: 1.2054  s1.loss_cls: 0.4099  s1.pos_acc: 100.0000  s1.loss_bbox: 0.6280  s1.loss_iou: 1.2413
2026/03/27 15:53:32 - mmengine - INFO - Epoch(train) [11][ 4900/10002]  lr: 2.5000e-05  eta: 21:50:41  time: 0.3854  data_time: 0.0033  memory: 7329  grad_norm: 75.3731  loss: 8.6635  rpn_s.0.loss_cls: 0.6504  rpn_s.0.loss_bbox: 0.1153  rpn_s.0.loss_giou: 0.8668  rpn_s.1.loss_cls: 0.4714  rpn_s.1.loss_bbox: 0.0471  rpn_s.1.loss_giou: 0.4139  rpn_s.2.loss_cls: 0.4000  rpn_s.2.loss_bbox: 0.0412  rpn_s.2.loss_giou: 0.3671  rpn_s.3.loss_cls: 0.3573  rpn_s.3.loss_bbox: 0.0371  rpn_s.3.loss_giou: 0.3459  s0.loss_cls: 0.3987  s0.pos_acc: 80.0000  s0.loss_bbox: 0.6469  s0.loss_iou: 1.1735  s1.loss_cls: 0.4085  s1.pos_acc: 80.0000  s1.loss_bbox: 0.7028  s1.loss_iou: 1.2195
2026/03/27 15:53:51 - mmengine - INFO - Epoch(train) [11][ 4950/10002]  lr: 2.5000e-05  eta: 21:49:46  time: 0.3803  data_time: 0.0032  memory: 7330  grad_norm: 73.0550  loss: 8.4536  rpn_s.0.loss_cls: 0.6335  rpn_s.0.loss_bbox: 0.1069  rpn_s.0.loss_giou: 0.8477  rpn_s.1.loss_cls: 0.4389  rpn_s.1.loss_bbox: 0.0461  rpn_s.1.loss_giou: 0.4221  rpn_s.2.loss_cls: 0.3619  rpn_s.2.loss_bbox: 0.0377  rpn_s.2.loss_giou: 0.3635  rpn_s.3.loss_cls: 0.3229  rpn_s.3.loss_bbox: 0.0363  rpn_s.3.loss_giou: 0.3480  s0.loss_cls: 0.3694  s0.pos_acc: 92.5532  s0.loss_bbox: 0.6309  s0.loss_iou: 1.1871  s1.loss_cls: 0.3868  s1.pos_acc: 92.5532  s1.loss_bbox: 0.6810  s1.loss_iou: 1.2329
2026/03/27 15:54:04 - mmengine - INFO - Exp name: GSDet_r50_b900_h2h4_h2r1_r2r1_2x_fair1m1.0_20260327_123453
2026/03/27 15:54:10 - mmengine - INFO - Epoch(train) [11][ 5000/10002]  lr: 2.5000e-05  eta: 21:48:49  time: 0.3766  data_time: 0.0032  memory: 7329  grad_norm: 75.0654  loss: 7.9021  rpn_s.0.loss_cls: 0.6093  rpn_s.0.loss_bbox: 0.1041  rpn_s.0.loss_giou: 0.7165  rpn_s.1.loss_cls: 0.4272  rpn_s.1.loss_bbox: 0.0468  rpn_s.1.loss_giou: 0.3696  rpn_s.2.loss_cls: 0.3493  rpn_s.2.loss_bbox: 0.0398  rpn_s.2.loss_giou: 0.3213  rpn_s.3.loss_cls: 0.3117  rpn_s.3.loss_bbox: 0.0372  rpn_s.3.loss_giou: 0.3060  s0.loss_cls: 0.3505  s0.pos_acc: 83.3333  s0.loss_bbox: 0.7145  s0.loss_iou: 1.0151  s1.loss_cls: 0.3780  s1.pos_acc: 83.3333  s1.loss_bbox: 0.7298  s1.loss_iou: 1.0752
2026/03/27 15:54:28 - mmengine - INFO - Epoch(train) [11][ 5050/10002]  lr: 2.5000e-05  eta: 21:47:53  time: 0.3786  data_time: 0.0033  memory: 7329  grad_norm: 81.3100  loss: 8.0228  rpn_s.0.loss_cls: 0.5903  rpn_s.0.loss_bbox: 0.1111  rpn_s.0.loss_giou: 0.7459  rpn_s.1.loss_cls: 0.4179  rpn_s.1.loss_bbox: 0.0499  rpn_s.1.loss_giou: 0.3930  rpn_s.2.loss_cls: 0.3454  rpn_s.2.loss_bbox: 0.0429  rpn_s.2.loss_giou: 0.3491  rpn_s.3.loss_cls: 0.3062  rpn_s.3.loss_bbox: 0.0412  rpn_s.3.loss_giou: 0.3342  s0.loss_cls: 0.3450  s0.pos_acc: 50.0000  s0.loss_bbox: 0.6808  s0.loss_iou: 1.0765  s1.loss_cls: 0.3471  s1.pos_acc: 50.0000  s1.loss_bbox: 0.7165  s1.loss_iou: 1.1297
2026/03/27 15:54:48 - mmengine - INFO - Epoch(train) [11][ 5100/10002]  lr: 2.5000e-05  eta: 21:46:58  time: 0.3809  data_time: 0.0033  memory: 7329  grad_norm: 74.4118  loss: 8.5503  rpn_s.0.loss_cls: 0.6184  rpn_s.0.loss_bbox: 0.1195  rpn_s.0.loss_giou: 0.8297  rpn_s.1.loss_cls: 0.4335  rpn_s.1.loss_bbox: 0.0498  rpn_s.1.loss_giou: 0.4140  rpn_s.2.loss_cls: 0.3740  rpn_s.2.loss_bbox: 0.0422  rpn_s.2.loss_giou: 0.3606  rpn_s.3.loss_cls: 0.3358  rpn_s.3.loss_bbox: 0.0404  rpn_s.3.loss_giou: 0.3469  s0.loss_cls: 0.3717  s0.pos_acc: 28.5714  s0.loss_bbox: 0.6689  s0.loss_iou: 1.1960  s1.loss_cls: 0.3979  s1.pos_acc: 28.5714  s1.loss_bbox: 0.7249  s1.loss_iou: 1.2261
2026/03/27 15:55:06 - mmengine - INFO - Epoch(train) [11][ 5150/10002]  lr: 2.5000e-05  eta: 21:46:03  time: 0.3780  data_time: 0.0033  memory: 7329  grad_norm: 89.4646  loss: 8.2248  rpn_s.0.loss_cls: 0.6016  rpn_s.0.loss_bbox: 0.1128  rpn_s.0.loss_giou: 0.8349  rpn_s.1.loss_cls: 0.4229  rpn_s.1.loss_bbox: 0.0443  rpn_s.1.loss_giou: 0.3959  rpn_s.2.loss_cls: 0.3632  rpn_s.2.loss_bbox: 0.0363  rpn_s.2.loss_giou: 0.3406  rpn_s.3.loss_cls: 0.3277  rpn_s.3.loss_bbox: 0.0341  rpn_s.3.loss_giou: 0.3241  s0.loss_cls: 0.3625  s0.pos_acc: 78.8991  s0.loss_bbox: 0.6350  s0.loss_iou: 1.1186  s1.loss_cls: 0.3900  s1.pos_acc: 74.7706  s1.loss_bbox: 0.6994  s1.loss_iou: 1.1807
2026/03/27 15:55:26 - mmengine - INFO - Epoch(train) [11][ 5200/10002]  lr: 2.5000e-05  eta: 21:45:09  time: 0.3840  data_time: 0.0033  memory: 7329  grad_norm: 73.4706  loss: 8.3594  rpn_s.0.loss_cls: 0.6238  rpn_s.0.loss_bbox: 0.1081  rpn_s.0.loss_giou: 0.7997  rpn_s.1.loss_cls: 0.4281  rpn_s.1.loss_bbox: 0.0490  rpn_s.1.loss_giou: 0.4087  rpn_s.2.loss_cls: 0.3563  rpn_s.2.loss_bbox: 0.0388  rpn_s.2.loss_giou: 0.3442  rpn_s.3.loss_cls: 0.3104  rpn_s.3.loss_bbox: 0.0359  rpn_s.3.loss_giou: 0.3280  s0.loss_cls: 0.3570  s0.pos_acc: 89.2857  s0.loss_bbox: 0.7032  s0.loss_iou: 1.1494  s1.loss_cls: 0.3817  s1.pos_acc: 92.8571  s1.loss_bbox: 0.7429  s1.loss_iou: 1.1941
2026/03/27 15:55:45 - mmengine - INFO - Epoch(train) [11][ 5250/10002]  lr: 2.5000e-05  eta: 21:44:15  time: 0.3838  data_time: 0.0033  memory: 7329  grad_norm: 90.5888  loss: 8.6448  rpn_s.0.loss_cls: 0.6421  rpn_s.0.loss_bbox: 0.1154  rpn_s.0.loss_giou: 0.8930  rpn_s.1.loss_cls: 0.4454  rpn_s.1.loss_bbox: 0.0476  rpn_s.1.loss_giou: 0.4362  rpn_s.2.loss_cls: 0.3808  rpn_s.2.loss_bbox: 0.0388  rpn_s.2.loss_giou: 0.3657  rpn_s.3.loss_cls: 0.3324  rpn_s.3.loss_bbox: 0.0358  rpn_s.3.loss_giou: 0.3443  s0.loss_cls: 0.3829  s0.pos_acc: 74.0000  s0.loss_bbox: 0.6060  s0.loss_iou: 1.2238  s1.loss_cls: 0.4107  s1.pos_acc: 72.0000  s1.loss_bbox: 0.6793  s1.loss_iou: 1.2648
2026/03/27 15:56:04 - mmengine - INFO - Epoch(train) [11][ 5300/10002]  lr: 2.5000e-05  eta: 21:43:20  time: 0.3778  data_time: 0.0033  memory: 7329  grad_norm: 73.1972  loss: 8.4569  rpn_s.0.loss_cls: 0.6071  rpn_s.0.loss_bbox: 0.1073  rpn_s.0.loss_giou: 0.8497  rpn_s.1.loss_cls: 0.4347  rpn_s.1.loss_bbox: 0.0488  rpn_s.1.loss_giou: 0.4197  rpn_s.2.loss_cls: 0.3765  rpn_s.2.loss_bbox: 0.0383  rpn_s.2.loss_giou: 0.3504  rpn_s.3.loss_cls: 0.3305  rpn_s.3.loss_bbox: 0.0360  rpn_s.3.loss_giou: 0.3303  s0.loss_cls: 0.3745  s0.pos_acc: 80.0000  s0.loss_bbox: 0.6675  s0.loss_iou: 1.1646  s1.loss_cls: 0.3917  s1.pos_acc: 80.0000  s1.loss_bbox: 0.6956  s1.loss_iou: 1.2336
2026/03/27 15:56:23 - mmengine - INFO - Epoch(train) [11][ 5350/10002]  lr: 2.5000e-05  eta: 21:42:26  time: 0.3804  data_time: 0.0033  memory: 7329  grad_norm: 85.9744  loss: 7.5190  rpn_s.0.loss_cls: 0.5949  rpn_s.0.loss_bbox: 0.0982  rpn_s.0.loss_giou: 0.7354  rpn_s.1.loss_cls: 0.4214  rpn_s.1.loss_bbox: 0.0401  rpn_s.1.loss_giou: 0.3544  rpn_s.2.loss_cls: 0.3472  rpn_s.2.loss_bbox: 0.0334  rpn_s.2.loss_giou: 0.3063  rpn_s.3.loss_cls: 0.3131  rpn_s.3.loss_bbox: 0.0313  rpn_s.3.loss_giou: 0.2875  s0.loss_cls: 0.3395  s0.pos_acc: 87.2727  s0.loss_bbox: 0.5905  s0.loss_iou: 0.9695  s1.loss_cls: 0.3554  s1.pos_acc: 87.2727  s1.loss_bbox: 0.6706  s1.loss_iou: 1.0302
2026/03/27 15:56:42 - mmengine - INFO - Epoch(train) [11][ 5400/10002]  lr: 2.5000e-05  eta: 21:41:32  time: 0.3820  data_time: 0.0032  memory: 7329  grad_norm: 80.6607  loss: 7.6777  rpn_s.0.loss_cls: 0.5880  rpn_s.0.loss_bbox: 0.1044  rpn_s.0.loss_giou: 0.7519  rpn_s.1.loss_cls: 0.4154  rpn_s.1.loss_bbox: 0.0447  rpn_s.1.loss_giou: 0.3771  rpn_s.2.loss_cls: 0.3416  rpn_s.2.loss_bbox: 0.0389  rpn_s.2.loss_giou: 0.3295  rpn_s.3.loss_cls: 0.3037  rpn_s.3.loss_bbox: 0.0354  rpn_s.3.loss_giou: 0.3081  s0.loss_cls: 0.3349  s0.pos_acc: 67.3077  s0.loss_bbox: 0.5848  s0.loss_iou: 1.0468  s1.loss_cls: 0.3542  s1.pos_acc: 65.3846  s1.loss_bbox: 0.6159  s1.loss_iou: 1.1023
2026/03/27 15:57:01 - mmengine - INFO - Epoch(train) [11][ 5450/10002]  lr: 2.5000e-05  eta: 21:40:40  time: 0.3871  data_time: 0.0033  memory: 7330  grad_norm: 70.6299  loss: 8.7446  rpn_s.0.loss_cls: 0.6450  rpn_s.0.loss_bbox: 0.1118  rpn_s.0.loss_giou: 0.8982  rpn_s.1.loss_cls: 0.4682  rpn_s.1.loss_bbox: 0.0478  rpn_s.1.loss_giou: 0.4421  rpn_s.2.loss_cls: 0.3749  rpn_s.2.loss_bbox: 0.0406  rpn_s.2.loss_giou: 0.3795  rpn_s.3.loss_cls: 0.3423  rpn_s.3.loss_bbox: 0.0359  rpn_s.3.loss_giou: 0.3586  s0.loss_cls: 0.3723  s0.pos_acc: 71.4286  s0.loss_bbox: 0.6194  s0.loss_iou: 1.2195  s1.loss_cls: 0.3982  s1.pos_acc: 71.4286  s1.loss_bbox: 0.6907  s1.loss_iou: 1.2996
2026/03/27 15:57:20 - mmengine - INFO - Epoch(train) [11][ 5500/10002]  lr: 2.5000e-05  eta: 21:39:47  time: 0.3839  data_time: 0.0033  memory: 7329  grad_norm: 83.7073  loss: 7.9126  rpn_s.0.loss_cls: 0.6119  rpn_s.0.loss_bbox: 0.1075  rpn_s.0.loss_giou: 0.7945  rpn_s.1.loss_cls: 0.4211  rpn_s.1.loss_bbox: 0.0457  rpn_s.1.loss_giou: 0.3933  rpn_s.2.loss_cls: 0.3375  rpn_s.2.loss_bbox: 0.0379  rpn_s.2.loss_giou: 0.3375  rpn_s.3.loss_cls: 0.3004  rpn_s.3.loss_bbox: 0.0352  rpn_s.3.loss_giou: 0.3194  s0.loss_cls: 0.3274  s0.pos_acc: 86.6667  s0.loss_bbox: 0.6667  s0.loss_iou: 1.0473  s1.loss_cls: 0.3480  s1.pos_acc: 86.6667  s1.loss_bbox: 0.7064  s1.loss_iou: 1.0750
2026/03/27 15:57:39 - mmengine - INFO - Epoch(train) [11][ 5550/10002]  lr: 2.5000e-05  eta: 21:38:53  time: 0.3794  data_time: 0.0033  memory: 7329  grad_norm: 76.4157  loss: 8.1303  rpn_s.0.loss_cls: 0.5929  rpn_s.0.loss_bbox: 0.1121  rpn_s.0.loss_giou: 0.8160  rpn_s.1.loss_cls: 0.4160  rpn_s.1.loss_bbox: 0.0534  rpn_s.1.loss_giou: 0.4175  rpn_s.2.loss_cls: 0.3349  rpn_s.2.loss_bbox: 0.0435  rpn_s.2.loss_giou: 0.3525  rpn_s.3.loss_cls: 0.3021  rpn_s.3.loss_bbox: 0.0395  rpn_s.3.loss_giou: 0.3318  s0.loss_cls: 0.3355  s0.pos_acc: 78.8462  s0.loss_bbox: 0.6467  s0.loss_iou: 1.1207  s1.loss_cls: 0.3546  s1.pos_acc: 76.9231  s1.loss_bbox: 0.6779  s1.loss_iou: 1.1825
2026/03/27 15:57:58 - mmengine - INFO - Epoch(train) [11][ 5600/10002]  lr: 2.5000e-05  eta: 21:38:00  time: 0.3814  data_time: 0.0033  memory: 7330  grad_norm: 74.5909  loss: 8.2398  rpn_s.0.loss_cls: 0.6104  rpn_s.0.loss_bbox: 0.1157  rpn_s.0.loss_giou: 0.8152  rpn_s.1.loss_cls: 0.4446  rpn_s.1.loss_bbox: 0.0480  rpn_s.1.loss_giou: 0.3939  rpn_s.2.loss_cls: 0.3627  rpn_s.2.loss_bbox: 0.0387  rpn_s.2.loss_giou: 0.3379  rpn_s.3.loss_cls: 0.3314  rpn_s.3.loss_bbox: 0.0389  rpn_s.3.loss_giou: 0.3259  s0.loss_cls: 0.3719  s0.pos_acc: 90.0000  s0.loss_bbox: 0.6274  s0.loss_iou: 1.1386  s1.loss_cls: 0.4033  s1.pos_acc: 80.0000  s1.loss_bbox: 0.6566  s1.loss_iou: 1.1788
2026/03/27 15:58:18 - mmengine - INFO - Epoch(train) [11][ 5650/10002]  lr: 2.5000e-05  eta: 21:37:09  time: 0.3898  data_time: 0.0033  memory: 7330  grad_norm: 69.2873  loss: 8.5715  rpn_s.0.loss_cls: 0.6238  rpn_s.0.loss_bbox: 0.1147  rpn_s.0.loss_giou: 0.8970  rpn_s.1.loss_cls: 0.4429  rpn_s.1.loss_bbox: 0.0451  rpn_s.1.loss_giou: 0.4349  rpn_s.2.loss_cls: 0.3779  rpn_s.2.loss_bbox: 0.0369  rpn_s.2.loss_giou: 0.3705  rpn_s.3.loss_cls: 0.3305  rpn_s.3.loss_bbox: 0.0329  rpn_s.3.loss_giou: 0.3472  s0.loss_cls: 0.3710  s0.pos_acc: 61.8182  s0.loss_bbox: 0.5586  s0.loss_iou: 1.2395  s1.loss_cls: 0.4033  s1.pos_acc: 59.0909  s1.loss_bbox: 0.6654  s1.loss_iou: 1.2793
2026/03/27 15:58:37 - mmengine - INFO - Epoch(train) [11][ 5700/10002]  lr: 2.5000e-05  eta: 21:36:15  time: 0.3775  data_time: 0.0033  memory: 7329  grad_norm: 85.6497  loss: 8.4762  rpn_s.0.loss_cls: 0.6150  rpn_s.0.loss_bbox: 0.1161  rpn_s.0.loss_giou: 0.8315  rpn_s.1.loss_cls: 0.4136  rpn_s.1.loss_bbox: 0.0703  rpn_s.1.loss_giou: 0.4167  rpn_s.2.loss_cls: 0.3397  rpn_s.2.loss_bbox: 0.0620  rpn_s.2.loss_giou: 0.3614  rpn_s.3.loss_cls: 0.3090  rpn_s.3.loss_bbox: 0.0623  rpn_s.3.loss_giou: 0.3409  s0.loss_cls: 0.3554  s0.pos_acc: 53.3333  s0.loss_bbox: 0.6685  s0.loss_iou: 1.1599  s1.loss_cls: 0.3789  s1.pos_acc: 60.0000  s1.loss_bbox: 0.7476  s1.loss_iou: 1.2274
2026/03/27 15:58:56 - mmengine - INFO - Epoch(train) [11][ 5750/10002]  lr: 2.5000e-05  eta: 21:35:22  time: 0.3812  data_time: 0.0033  memory: 7329  grad_norm: 73.1093  loss: 8.4146  rpn_s.0.loss_cls: 0.5864  rpn_s.0.loss_bbox: 0.1182  rpn_s.0.loss_giou: 0.8317  rpn_s.1.loss_cls: 0.4153  rpn_s.1.loss_bbox: 0.0499  rpn_s.1.loss_giou: 0.4221  rpn_s.2.loss_cls: 0.3468  rpn_s.2.loss_bbox: 0.0415  rpn_s.2.loss_giou: 0.3636  rpn_s.3.loss_cls: 0.3101  rpn_s.3.loss_bbox: 0.0386  rpn_s.3.loss_giou: 0.3449  s0.loss_cls: 0.3510  s0.pos_acc: 75.0000  s0.loss_bbox: 0.7027  s0.loss_iou: 1.1594  s1.loss_cls: 0.3755  s1.pos_acc: 71.6667  s1.loss_bbox: 0.7467  s1.loss_iou: 1.2101
2026/03/27 15:59:15 - mmengine - INFO - Epoch(train) [11][ 5800/10002]  lr: 2.5000e-05  eta: 21:34:28  time: 0.3778  data_time: 0.0033  memory: 7329  grad_norm: 80.3885  loss: 7.8351  rpn_s.0.loss_cls: 0.6155  rpn_s.0.loss_bbox: 0.1068  rpn_s.0.loss_giou: 0.7355  rpn_s.1.loss_cls: 0.4630  rpn_s.1.loss_bbox: 0.0442  rpn_s.1.loss_giou: 0.3669  rpn_s.2.loss_cls: 0.4039  rpn_s.2.loss_bbox: 0.0370  rpn_s.2.loss_giou: 0.3146  rpn_s.3.loss_cls: 0.3646  rpn_s.3.loss_bbox: 0.0346  rpn_s.3.loss_giou: 0.2987  s0.loss_cls: 0.3893  s0.pos_acc: 85.7143  s0.loss_bbox: 0.5438  s0.loss_iou: 1.0305  s1.loss_cls: 0.4100  s1.pos_acc: 85.7143  s1.loss_bbox: 0.5986  s1.loss_iou: 1.0775
2026/03/27 15:59:34 - mmengine - INFO - Epoch(train) [11][ 5850/10002]  lr: 2.5000e-05  eta: 21:33:37  time: 0.3855  data_time: 0.0032  memory: 7329  grad_norm: 68.5325  loss: 8.5790  rpn_s.0.loss_cls: 0.6180  rpn_s.0.loss_bbox: 0.1126  rpn_s.0.loss_giou: 0.8560  rpn_s.1.loss_cls: 0.4399  rpn_s.1.loss_bbox: 0.0485  rpn_s.1.loss_giou: 0.4317  rpn_s.2.loss_cls: 0.3783  rpn_s.2.loss_bbox: 0.0395  rpn_s.2.loss_giou: 0.3722  rpn_s.3.loss_cls: 0.3371  rpn_s.3.loss_bbox: 0.0358  rpn_s.3.loss_giou: 0.3516  s0.loss_cls: 0.3849  s0.pos_acc: 94.7368  s0.loss_bbox: 0.6522  s0.loss_iou: 1.1799  s1.loss_cls: 0.4075  s1.pos_acc: 89.4737  s1.loss_bbox: 0.6966  s1.loss_iou: 1.2367
2026/03/27 15:59:54 - mmengine - INFO - Epoch(train) [11][ 5900/10002]  lr: 2.5000e-05  eta: 21:32:47  time: 0.3899  data_time: 0.0033  memory: 7329  grad_norm: 68.4140  loss: 8.2989  rpn_s.0.loss_cls: 0.5891  rpn_s.0.loss_bbox: 0.1085  rpn_s.0.loss_giou: 0.8635  rpn_s.1.loss_cls: 0.4135  rpn_s.1.loss_bbox: 0.0424  rpn_s.1.loss_giou: 0.4169  rpn_s.2.loss_cls: 0.3377  rpn_s.2.loss_bbox: 0.0357  rpn_s.2.loss_giou: 0.3550  rpn_s.3.loss_cls: 0.3069  rpn_s.3.loss_bbox: 0.0323  rpn_s.3.loss_giou: 0.3389  s0.loss_cls: 0.3295  s0.pos_acc: 67.5000  s0.loss_bbox: 0.6539  s0.loss_iou: 1.1615  s1.loss_cls: 0.3580  s1.pos_acc: 70.0000  s1.loss_bbox: 0.7339  s1.loss_iou: 1.2218
2026/03/27 16:00:13 - mmengine - INFO - Epoch(train) [11][ 5950/10002]  lr: 2.5000e-05  eta: 21:31:55  time: 0.3844  data_time: 0.0032  memory: 7329  grad_norm: 87.7285  loss: 7.7580  rpn_s.0.loss_cls: 0.5840  rpn_s.0.loss_bbox: 0.1226  rpn_s.0.loss_giou: 0.7435  rpn_s.1.loss_cls: 0.4255  rpn_s.1.loss_bbox: 0.0584  rpn_s.1.loss_giou: 0.3614  rpn_s.2.loss_cls: 0.3503  rpn_s.2.loss_bbox: 0.0473  rpn_s.2.loss_giou: 0.3132  rpn_s.3.loss_cls: 0.3071  rpn_s.3.loss_bbox: 0.0446  rpn_s.3.loss_giou: 0.2962  s0.loss_cls: 0.3332  s0.pos_acc: 90.9091  s0.loss_bbox: 0.6140  s0.loss_iou: 1.0346  s1.loss_cls: 0.3555  s1.pos_acc: 90.9091  s1.loss_bbox: 0.6860  s1.loss_iou: 1.0805
2026/03/27 16:00:26 - mmengine - INFO - Exp name: GSDet_r50_b900_h2h4_h2r1_r2r1_2x_fair1m1.0_20260327_123453
2026/03/27 16:00:32 - mmengine - INFO - Epoch(train) [11][ 6000/10002]  lr: 2.5000e-05  eta: 21:31:04  time: 0.3856  data_time: 0.0032  memory: 7330  grad_norm: 92.2169  loss: 8.3187  rpn_s.0.loss_cls: 0.6284  rpn_s.0.loss_bbox: 0.1067  rpn_s.0.loss_giou: 0.8038  rpn_s.1.loss_cls: 0.4396  rpn_s.1.loss_bbox: 0.0488  rpn_s.1.loss_giou: 0.4065  rpn_s.2.loss_cls: 0.3690  rpn_s.2.loss_bbox: 0.0404  rpn_s.2.loss_giou: 0.3518  rpn_s.3.loss_cls: 0.3368  rpn_s.3.loss_bbox: 0.0370  rpn_s.3.loss_giou: 0.3350  s0.loss_cls: 0.3786  s0.pos_acc: 88.4615  s0.loss_bbox: 0.6293  s0.loss_iou: 1.1302  s1.loss_cls: 0.4076  s1.pos_acc: 86.5385  s1.loss_bbox: 0.6799  s1.loss_iou: 1.1892
2026/03/27 16:00:51 - mmengine - INFO - Epoch(train) [11][ 6050/10002]  lr: 2.5000e-05  eta: 21:30:14  time: 0.3867  data_time: 0.0033  memory: 7329  grad_norm: 75.6791  loss: 8.0358  rpn_s.0.loss_cls: 0.6095  rpn_s.0.loss_bbox: 0.1048  rpn_s.0.loss_giou: 0.7413  rpn_s.1.loss_cls: 0.4335  rpn_s.1.loss_bbox: 0.0495  rpn_s.1.loss_giou: 0.3793  rpn_s.2.loss_cls: 0.3655  rpn_s.2.loss_bbox: 0.0431  rpn_s.2.loss_giou: 0.3323  rpn_s.3.loss_cls: 0.3235  rpn_s.3.loss_bbox: 0.0391  rpn_s.3.loss_giou: 0.3148  s0.loss_cls: 0.3774  s0.pos_acc: 100.0000  s0.loss_bbox: 0.6627  s0.loss_iou: 1.0742  s1.loss_cls: 0.3993  s1.pos_acc: 100.0000  s1.loss_bbox: 0.6673  s1.loss_iou: 1.1188
2026/03/27 16:01:11 - mmengine - INFO - Epoch(train) [11][ 6100/10002]  lr: 2.5000e-05  eta: 21:29:26  time: 0.3963  data_time: 0.0032  memory: 7330  grad_norm: 76.8759  loss: 7.9903  rpn_s.0.loss_cls: 0.5643  rpn_s.0.loss_bbox: 0.1059  rpn_s.0.loss_giou: 0.8047  rpn_s.1.loss_cls: 0.4137  rpn_s.1.loss_bbox: 0.0472  rpn_s.1.loss_giou: 0.4084  rpn_s.2.loss_cls: 0.3453  rpn_s.2.loss_bbox: 0.0395  rpn_s.2.loss_giou: 0.3549  rpn_s.3.loss_cls: 0.3063  rpn_s.3.loss_bbox: 0.0351  rpn_s.3.loss_giou: 0.3286  s0.loss_cls: 0.3353  s0.pos_acc: 100.0000  s0.loss_bbox: 0.6152  s0.loss_iou: 1.1286  s1.loss_cls: 0.3472  s1.pos_acc: 100.0000  s1.loss_bbox: 0.6391  s1.loss_iou: 1.1710
2026/03/27 16:01:31 - mmengine - INFO - Epoch(train) [11][ 6150/10002]  lr: 2.5000e-05  eta: 21:28:36  time: 0.3878  data_time: 0.0032  memory: 7329  grad_norm: 74.4756  loss: 7.9999  rpn_s.0.loss_cls: 0.6099  rpn_s.0.loss_bbox: 0.1076  rpn_s.0.loss_giou: 0.8013  rpn_s.1.loss_cls: 0.4328  rpn_s.1.loss_bbox: 0.0462  rpn_s.1.loss_giou: 0.3977  rpn_s.2.loss_cls: 0.3549  rpn_s.2.loss_bbox: 0.0386  rpn_s.2.loss_giou: 0.3464  rpn_s.3.loss_cls: 0.3115  rpn_s.3.loss_bbox: 0.0362  rpn_s.3.loss_giou: 0.3289  s0.loss_cls: 0.3538  s0.pos_acc: 100.0000  s0.loss_bbox: 0.5668  s0.loss_iou: 1.0992  s1.loss_cls: 0.3742  s1.pos_acc: 100.0000  s1.loss_bbox: 0.6514  s1.loss_iou: 1.1426
2026/03/27 16:01:50 - mmengine - INFO - Epoch(train) [11][ 6200/10002]  lr: 2.5000e-05  eta: 21:27:47  time: 0.3912  data_time: 0.0033  memory: 7330  grad_norm: 70.9121  loss: 8.0590  rpn_s.0.loss_cls: 0.6169  rpn_s.0.loss_bbox: 0.1107  rpn_s.0.loss_giou: 0.8050  rpn_s.1.loss_cls: 0.4558  rpn_s.1.loss_bbox: 0.0479  rpn_s.1.loss_giou: 0.3977  rpn_s.2.loss_cls: 0.3956  rpn_s.2.loss_bbox: 0.0402  rpn_s.2.loss_giou: 0.3451  rpn_s.3.loss_cls: 0.3390  rpn_s.3.loss_bbox: 0.0365  rpn_s.3.loss_giou: 0.3195  s0.loss_cls: 0.3756  s0.pos_acc: 100.0000  s0.loss_bbox: 0.5447  s0.loss_iou: 1.0942  s1.loss_cls: 0.3857  s1.pos_acc: 100.0000  s1.loss_bbox: 0.6005  s1.loss_iou: 1.1485
2026/03/27 16:02:09 - mmengine - INFO - Epoch(train) [11][ 6250/10002]  lr: 2.5000e-05  eta: 21:26:57  time: 0.3841  data_time: 0.0032  memory: 7329  grad_norm: 67.5741  loss: 8.7868  rpn_s.0.loss_cls: 0.6493  rpn_s.0.loss_bbox: 0.1241  rpn_s.0.loss_giou: 0.9011  rpn_s.1.loss_cls: 0.4654  rpn_s.1.loss_bbox: 0.0536  rpn_s.1.loss_giou: 0.4442  rpn_s.2.loss_cls: 0.3838  rpn_s.2.loss_bbox: 0.0419  rpn_s.2.loss_giou: 0.3750  rpn_s.3.loss_cls: 0.3378  rpn_s.3.loss_bbox: 0.0400  rpn_s.3.loss_giou: 0.3584  s0.loss_cls: 0.3719  s0.pos_acc: 35.0000  s0.loss_bbox: 0.6071  s0.loss_iou: 1.2604  s1.loss_cls: 0.3970  s1.pos_acc: 40.0000  s1.loss_bbox: 0.6885  s1.loss_iou: 1.2871
2026/03/27 16:02:28 - mmengine - INFO - Epoch(train) [11][ 6300/10002]  lr: 2.5000e-05  eta: 21:26:05  time: 0.3801  data_time: 0.0032  memory: 7329  grad_norm: 70.9698  loss: 8.1990  rpn_s.0.loss_cls: 0.6207  rpn_s.0.loss_bbox: 0.1069  rpn_s.0.loss_giou: 0.7595  rpn_s.1.loss_cls: 0.4427  rpn_s.1.loss_bbox: 0.0492  rpn_s.1.loss_giou: 0.3926  rpn_s.2.loss_cls: 0.3645  rpn_s.2.loss_bbox: 0.0439  rpn_s.2.loss_giou: 0.3478  rpn_s.3.loss_cls: 0.3223  rpn_s.3.loss_bbox: 0.0422  rpn_s.3.loss_giou: 0.3353  s0.loss_cls: 0.3518  s0.pos_acc: 81.0345  s0.loss_bbox: 0.6405  s0.loss_iou: 1.1541  s1.loss_cls: 0.3735  s1.pos_acc: 77.5862  s1.loss_bbox: 0.6614  s1.loss_iou: 1.1902
2026/03/27 16:02:47 - mmengine - INFO - Epoch(train) [11][ 6350/10002]  lr: 2.5000e-05  eta: 21:25:13  time: 0.3806  data_time: 0.0032  memory: 7329  grad_norm: 99.1037  loss: 7.9460  rpn_s.0.loss_cls: 0.6151  rpn_s.0.loss_bbox: 0.1071  rpn_s.0.loss_giou: 0.7284  rpn_s.1.loss_cls: 0.4405  rpn_s.1.loss_bbox: 0.0451  rpn_s.1.loss_giou: 0.3672  rpn_s.2.loss_cls: 0.3785  rpn_s.2.loss_bbox: 0.0382  rpn_s.2.loss_giou: 0.3222  rpn_s.3.loss_cls: 0.3310  rpn_s.3.loss_bbox: 0.0364  rpn_s.3.loss_giou: 0.3033  s0.loss_cls: 0.3711  s0.pos_acc: 90.0000  s0.loss_bbox: 0.6679  s0.loss_iou: 1.0161  s1.loss_cls: 0.3988  s1.pos_acc: 80.0000  s1.loss_bbox: 0.6880  s1.loss_iou: 1.0910
2026/03/27 16:03:07 - mmengine - INFO - Epoch(train) [11][ 6400/10002]  lr: 2.5000e-05  eta: 21:24:23  time: 0.3850  data_time: 0.0032  memory: 7329  grad_norm: 78.4648  loss: 7.8058  rpn_s.0.loss_cls: 0.6196  rpn_s.0.loss_bbox: 0.1057  rpn_s.0.loss_giou: 0.7888  rpn_s.1.loss_cls: 0.4294  rpn_s.1.loss_bbox: 0.0435  rpn_s.1.loss_giou: 0.3768  rpn_s.2.loss_cls: 0.3541  rpn_s.2.loss_bbox: 0.0365  rpn_s.2.loss_giou: 0.3251  rpn_s.3.loss_cls: 0.3116  rpn_s.3.loss_bbox: 0.0330  rpn_s.3.loss_giou: 0.3054  s0.loss_cls: 0.3409  s0.pos_acc: 69.6808  s0.loss_bbox: 0.6208  s0.loss_iou: 1.0365  s1.loss_cls: 0.3710  s1.pos_acc: 67.0213  s1.loss_bbox: 0.6249  s1.loss_iou: 1.0823
2026/03/27 16:03:26 - mmengine - INFO - Epoch(train) [11][ 6450/10002]  lr: 2.5000e-05  eta: 21:23:33  time: 0.3863  data_time: 0.0033  memory: 7329  grad_norm: 82.9580  loss: 7.5205  rpn_s.0.loss_cls: 0.5764  rpn_s.0.loss_bbox: 0.0938  rpn_s.0.loss_giou: 0.7417  rpn_s.1.loss_cls: 0.4075  rpn_s.1.loss_bbox: 0.0407  rpn_s.1.loss_giou: 0.3720  rpn_s.2.loss_cls: 0.3265  rpn_s.2.loss_bbox: 0.0344  rpn_s.2.loss_giou: 0.3239  rpn_s.3.loss_cls: 0.2849  rpn_s.3.loss_bbox: 0.0324  rpn_s.3.loss_giou: 0.3119  s0.loss_cls: 0.3178  s0.pos_acc: 78.3019  s0.loss_bbox: 0.5833  s0.loss_iou: 1.0261  s1.loss_cls: 0.3460  s1.pos_acc: 77.3585  s1.loss_bbox: 0.6242  s1.loss_iou: 1.0769
2026/03/27 16:03:46 - mmengine - INFO - Epoch(train) [11][ 6500/10002]  lr: 2.5000e-05  eta: 21:22:46  time: 0.3938  data_time: 0.0033  memory: 7330  grad_norm: 73.7695  loss: 8.0542  rpn_s.0.loss_cls: 0.6041  rpn_s.0.loss_bbox: 0.1070  rpn_s.0.loss_giou: 0.8067  rpn_s.1.loss_cls: 0.4221  rpn_s.1.loss_bbox: 0.0480  rpn_s.1.loss_giou: 0.4048  rpn_s.2.loss_cls: 0.3596  rpn_s.2.loss_bbox: 0.0394  rpn_s.2.loss_giou: 0.3419  rpn_s.3.loss_cls: 0.3149  rpn_s.3.loss_bbox: 0.0366  rpn_s.3.loss_giou: 0.3233  s0.loss_cls: 0.3412  s0.pos_acc: 71.2290  s0.loss_bbox: 0.6003  s0.loss_iou: 1.1077  s1.loss_cls: 0.3648  s1.pos_acc: 70.3911  s1.loss_bbox: 0.6594  s1.loss_iou: 1.1724
2026/03/27 16:04:05 - mmengine - INFO - Epoch(train) [11][ 6550/10002]  lr: 2.5000e-05  eta: 21:21:55  time: 0.3835  data_time: 0.0033  memory: 7329  grad_norm: 73.5786  loss: 8.3219  rpn_s.0.loss_cls: 0.6059  rpn_s.0.loss_bbox: 0.1070  rpn_s.0.loss_giou: 0.8525  rpn_s.1.loss_cls: 0.4180  rpn_s.1.loss_bbox: 0.0475  rpn_s.1.loss_giou: 0.4289  rpn_s.2.loss_cls: 0.3454  rpn_s.2.loss_bbox: 0.0389  rpn_s.2.loss_giou: 0.3735  rpn_s.3.loss_cls: 0.3105  rpn_s.3.loss_bbox: 0.0362  rpn_s.3.loss_giou: 0.3511  s0.loss_cls: 0.3459  s0.pos_acc: 100.0000  s0.loss_bbox: 0.6751  s0.loss_iou: 1.1240  s1.loss_cls: 0.3586  s1.pos_acc: 100.0000  s1.loss_bbox: 0.7178  s1.loss_iou: 1.1851
2026/03/27 16:04:24 - mmengine - INFO - Epoch(train) [11][ 6600/10002]  lr: 2.5000e-05  eta: 21:21:05  time: 0.3826  data_time: 0.0032  memory: 7329  grad_norm: 81.6251  loss: 7.7969  rpn_s.0.loss_cls: 0.5981  rpn_s.0.loss_bbox: 0.1098  rpn_s.0.loss_giou: 0.7064  rpn_s.1.loss_cls: 0.4507  rpn_s.1.loss_bbox: 0.0508  rpn_s.1.loss_giou: 0.3626  rpn_s.2.loss_cls: 0.3670  rpn_s.2.loss_bbox: 0.0453  rpn_s.2.loss_giou: 0.3203  rpn_s.3.loss_cls: 0.3276  rpn_s.3.loss_bbox: 0.0412  rpn_s.3.loss_giou: 0.3039  s0.loss_cls: 0.3643  s0.pos_acc: 75.0000  s0.loss_bbox: 0.6400  s0.loss_iou: 1.0177  s1.loss_cls: 0.3895  s1.pos_acc: 75.0000  s1.loss_bbox: 0.6477  s1.loss_iou: 1.0539
2026/03/27 16:04:43 - mmengine - INFO - Epoch(train) [11][ 6650/10002]  lr: 2.5000e-05  eta: 21:20:16  time: 0.3871  data_time: 0.0032  memory: 7329  grad_norm: 70.7954  loss: 8.3452  rpn_s.0.loss_cls: 0.6328  rpn_s.0.loss_bbox: 0.1127  rpn_s.0.loss_giou: 0.8425  rpn_s.1.loss_cls: 0.4373  rpn_s.1.loss_bbox: 0.0473  rpn_s.1.loss_giou: 0.4009  rpn_s.2.loss_cls: 0.3567  rpn_s.2.loss_bbox: 0.0398  rpn_s.2.loss_giou: 0.3461  rpn_s.3.loss_cls: 0.3129  rpn_s.3.loss_bbox: 0.0368  rpn_s.3.loss_giou: 0.3288  s0.loss_cls: 0.3609  s0.pos_acc: 89.3617  s0.loss_bbox: 0.6357  s0.loss_iou: 1.1671  s1.loss_cls: 0.3868  s1.pos_acc: 86.1702  s1.loss_bbox: 0.7015  s1.loss_iou: 1.1985
2026/03/27 16:05:03 - mmengine - INFO - Epoch(train) [11][ 6700/10002]  lr: 2.5000e-05  eta: 21:19:28  time: 0.3899  data_time: 0.0032  memory: 7330  grad_norm: 74.6864  loss: 8.1220  rpn_s.0.loss_cls: 0.6038  rpn_s.0.loss_bbox: 0.1105  rpn_s.0.loss_giou: 0.7750  rpn_s.1.loss_cls: 0.4351  rpn_s.1.loss_bbox: 0.0498  rpn_s.1.loss_giou: 0.4079  rpn_s.2.loss_cls: 0.3609  rpn_s.2.loss_bbox: 0.0438  rpn_s.2.loss_giou: 0.3555  rpn_s.3.loss_cls: 0.3194  rpn_s.3.loss_bbox: 0.0406  rpn_s.3.loss_giou: 0.3357  s0.loss_cls: 0.3706  s0.pos_acc: 78.9474  s0.loss_bbox: 0.5772  s0.loss_iou: 1.1415  s1.loss_cls: 0.3787  s1.pos_acc: 76.3158  s1.loss_bbox: 0.6419  s1.loss_iou: 1.1739
2026/03/27 16:05:22 - mmengine - INFO - Epoch(train) [11][ 6750/10002]  lr: 2.5000e-05  eta: 21:18:36  time: 0.3776  data_time: 0.0032  memory: 7330  grad_norm: 87.4486  loss: 7.5891  rpn_s.0.loss_cls: 0.6047  rpn_s.0.loss_bbox: 0.1004  rpn_s.0.loss_giou: 0.7018  rpn_s.1.loss_cls: 0.4249  rpn_s.1.loss_bbox: 0.0457  rpn_s.1.loss_giou: 0.3603  rpn_s.2.loss_cls: 0.3409  rpn_s.2.loss_bbox: 0.0396  rpn_s.2.loss_giou: 0.3176  rpn_s.3.loss_cls: 0.2954  rpn_s.3.loss_bbox: 0.0360  rpn_s.3.loss_giou: 0.2961  s0.loss_cls: 0.3524  s0.pos_acc: 71.4286  s0.loss_bbox: 0.5897  s0.loss_iou: 1.0109  s1.loss_cls: 0.3796  s1.pos_acc: 71.4286  s1.loss_bbox: 0.6163  s1.loss_iou: 1.0768
2026/03/27 16:05:41 - mmengine - INFO - Epoch(train) [11][ 6800/10002]  lr: 2.5000e-05  eta: 21:17:46  time: 0.3842  data_time: 0.0032  memory: 7329  grad_norm: 71.9211  loss: 8.8193  rpn_s.0.loss_cls: 0.6351  rpn_s.0.loss_bbox: 0.1079  rpn_s.0.loss_giou: 0.9064  rpn_s.1.loss_cls: 0.4353  rpn_s.1.loss_bbox: 0.0463  rpn_s.1.loss_giou: 0.4452  rpn_s.2.loss_cls: 0.3636  rpn_s.2.loss_bbox: 0.0389  rpn_s.2.loss_giou: 0.3865  rpn_s.3.loss_cls: 0.3244  rpn_s.3.loss_bbox: 0.0351  rpn_s.3.loss_giou: 0.3651  s0.loss_cls: 0.3651  s0.pos_acc: 75.9259  s0.loss_bbox: 0.6908  s0.loss_iou: 1.2285  s1.loss_cls: 0.3752  s1.pos_acc: 72.2222  s1.loss_bbox: 0.7610  s1.loss_iou: 1.3089
2026/03/27 16:06:00 - mmengine - INFO - Epoch(train) [11][ 6850/10002]  lr: 2.5000e-05  eta: 21:16:57  time: 0.3856  data_time: 0.0032  memory: 7330  grad_norm: 111.2174  loss: 8.4277  rpn_s.0.loss_cls: 0.6309  rpn_s.0.loss_bbox: 0.1107  rpn_s.0.loss_giou: 0.8063  rpn_s.1.loss_cls: 0.4419  rpn_s.1.loss_bbox: 0.0488  rpn_s.1.loss_giou: 0.4006  rpn_s.2.loss_cls: 0.3617  rpn_s.2.loss_bbox: 0.0410  rpn_s.2.loss_giou: 0.3494  rpn_s.3.loss_cls: 0.3236  rpn_s.3.loss_bbox: 0.0400  rpn_s.3.loss_giou: 0.3404  s0.loss_cls: 0.3682  s0.pos_acc: 100.0000  s0.loss_bbox: 0.6874  s0.loss_iou: 1.1257  s1.loss_cls: 0.3834  s1.pos_acc: 100.0000  s1.loss_bbox: 0.7695  s1.loss_iou: 1.1982
2026/03/27 16:06:19 - mmengine - INFO - Epoch(train) [11][ 6900/10002]  lr: 2.5000e-05  eta: 21:16:07  time: 0.3810  data_time: 0.0031  memory: 7330  grad_norm: 95.7715  loss: 8.5843  rpn_s.0.loss_cls: 0.6554  rpn_s.0.loss_bbox: 0.1142  rpn_s.0.loss_giou: 0.8341  rpn_s.1.loss_cls: 0.4675  rpn_s.1.loss_bbox: 0.0504  rpn_s.1.loss_giou: 0.4168  rpn_s.2.loss_cls: 0.3743  rpn_s.2.loss_bbox: 0.0419  rpn_s.2.loss_giou: 0.3627  rpn_s.3.loss_cls: 0.3273  rpn_s.3.loss_bbox: 0.0397  rpn_s.3.loss_giou: 0.3458  s0.loss_cls: 0.3645  s0.pos_acc: 97.5000  s0.loss_bbox: 0.6520  s0.loss_iou: 1.1771  s1.loss_cls: 0.3877  s1.pos_acc: 98.7500  s1.loss_bbox: 0.7367  s1.loss_iou: 1.2364
2026/03/27 16:06:38 - mmengine - INFO - Epoch(train) [11][ 6950/10002]  lr: 2.5000e-05  eta: 21:15:16  time: 0.3770  data_time: 0.0031  memory: 7329  grad_norm: 90.9014  loss: 8.3976  rpn_s.0.loss_cls: 0.6154  rpn_s.0.loss_bbox: 0.1100  rpn_s.0.loss_giou: 0.8038  rpn_s.1.loss_cls: 0.4351  rpn_s.1.loss_bbox: 0.0489  rpn_s.1.loss_giou: 0.3961  rpn_s.2.loss_cls: 0.3723  rpn_s.2.loss_bbox: 0.0410  rpn_s.2.loss_giou: 0.3398  rpn_s.3.loss_cls: 0.3350  rpn_s.3.loss_bbox: 0.0410  rpn_s.3.loss_giou: 0.3304  s0.loss_cls: 0.3811  s0.pos_acc: 66.6667  s0.loss_bbox: 0.7286  s0.loss_iou: 1.0993  s1.loss_cls: 0.3937  s1.pos_acc: 75.0000  s1.loss_bbox: 0.7840  s1.loss_iou: 1.1421
2026/03/27 16:06:52 - mmengine - INFO - Exp name: GSDet_r50_b900_h2h4_h2r1_r2r1_2x_fair1m1.0_20260327_123453
2026/03/27 16:06:57 - mmengine - INFO - Epoch(train) [11][ 7000/10002]  lr: 2.5000e-05  eta: 21:14:24  time: 0.3747  data_time: 0.0032  memory: 7329  grad_norm: 79.0435  loss: 7.9003  rpn_s.0.loss_cls: 0.5820  rpn_s.0.loss_bbox: 0.0975  rpn_s.0.loss_giou: 0.7373  rpn_s.1.loss_cls: 0.4216  rpn_s.1.loss_bbox: 0.0458  rpn_s.1.loss_giou: 0.3929  rpn_s.2.loss_cls: 0.3400  rpn_s.2.loss_bbox: 0.0391  rpn_s.2.loss_giou: 0.3427  rpn_s.3.loss_cls: 0.2954  rpn_s.3.loss_bbox: 0.0366  rpn_s.3.loss_giou: 0.3262  s0.loss_cls: 0.3258  s0.pos_acc: 54.7445  s0.loss_bbox: 0.6284  s0.loss_iou: 1.0961  s1.loss_cls: 0.3428  s1.pos_acc: 53.6496  s1.loss_bbox: 0.6894  s1.loss_iou: 1.1607
2026/03/27 16:07:16 - mmengine - INFO - Epoch(train) [11][ 7050/10002]  lr: 2.5000e-05  eta: 21:13:33  time: 0.3792  data_time: 0.0031  memory: 7329  grad_norm: 83.0203  loss: 7.9476  rpn_s.0.loss_cls: 0.5913  rpn_s.0.loss_bbox: 0.1120  rpn_s.0.loss_giou: 0.7403  rpn_s.1.loss_cls: 0.4359  rpn_s.1.loss_bbox: 0.0498  rpn_s.1.loss_giou: 0.3825  rpn_s.2.loss_cls: 0.3587  rpn_s.2.loss_bbox: 0.0422  rpn_s.2.loss_giou: 0.3288  rpn_s.3.loss_cls: 0.3271  rpn_s.3.loss_bbox: 0.0382  rpn_s.3.loss_giou: 0.3038  s0.loss_cls: 0.3559  s0.pos_acc: 75.8475  s0.loss_bbox: 0.6224  s0.loss_iou: 1.1037  s1.loss_cls: 0.3769  s1.pos_acc: 74.5763  s1.loss_bbox: 0.6289  s1.loss_iou: 1.1493
2026/03/27 16:07:36 - mmengine - INFO - Epoch(train) [11][ 7100/10002]  lr: 2.5000e-05  eta: 21:12:47  time: 0.3923  data_time: 0.0031  memory: 7330  grad_norm: 88.0977  loss: 8.3645  rpn_s.0.loss_cls: 0.6325  rpn_s.0.loss_bbox: 0.1060  rpn_s.0.loss_giou: 0.8282  rpn_s.1.loss_cls: 0.4524  rpn_s.1.loss_bbox: 0.0466  rpn_s.1.loss_giou: 0.4107  rpn_s.2.loss_cls: 0.3658  rpn_s.2.loss_bbox: 0.0391  rpn_s.2.loss_giou: 0.3525  rpn_s.3.loss_cls: 0.3308  rpn_s.3.loss_bbox: 0.0368  rpn_s.3.loss_giou: 0.3350  s0.loss_cls: 0.3487  s0.pos_acc: 50.0000  s0.loss_bbox: 0.6265  s0.loss_iou: 1.1687  s1.loss_cls: 0.3757  s1.pos_acc: 50.0000  s1.loss_bbox: 0.6838  s1.loss_iou: 1.2246
2026/03/27 16:07:54 - mmengine - INFO - Epoch(train) [11][ 7150/10002]  lr: 2.5000e-05  eta: 21:11:57  time: 0.3796  data_time: 0.0032  memory: 7329  grad_norm: 86.6677  loss: 8.6537  rpn_s.0.loss_cls: 0.6359  rpn_s.0.loss_bbox: 0.1175  rpn_s.0.loss_giou: 0.8002  rpn_s.1.loss_cls: 0.4564  rpn_s.1.loss_bbox: 0.0571  rpn_s.1.loss_giou: 0.4183  rpn_s.2.loss_cls: 0.3907  rpn_s.2.loss_bbox: 0.0480  rpn_s.2.loss_giou: 0.3627  rpn_s.3.loss_cls: 0.3499  rpn_s.3.loss_bbox: 0.0443  rpn_s.3.loss_giou: 0.3475  s0.loss_cls: 0.3919  s0.pos_acc: 100.0000  s0.loss_bbox: 0.6419  s0.loss_iou: 1.1932  s1.loss_cls: 0.4436  s1.pos_acc: 100.0000  s1.loss_bbox: 0.6712  s1.loss_iou: 1.2831
2026/03/27 16:08:13 - mmengine - INFO - Epoch(train) [11][ 7200/10002]  lr: 2.5000e-05  eta: 21:11:06  time: 0.3787  data_time: 0.0032  memory: 7329  grad_norm: 100.7381  loss: 7.5067  rpn_s.0.loss_cls: 0.5712  rpn_s.0.loss_bbox: 0.0996  rpn_s.0.loss_giou: 0.6324  rpn_s.1.loss_cls: 0.4185  rpn_s.1.loss_bbox: 0.0503  rpn_s.1.loss_giou: 0.3401  rpn_s.2.loss_cls: 0.3506  rpn_s.2.loss_bbox: 0.0425  rpn_s.2.loss_giou: 0.2957  rpn_s.3.loss_cls: 0.3163  rpn_s.3.loss_bbox: 0.0394  rpn_s.3.loss_giou: 0.2834  s0.loss_cls: 0.3695  s0.pos_acc: 68.1818  s0.loss_bbox: 0.6486  s0.loss_iou: 0.9379  s1.loss_cls: 0.4017  s1.pos_acc: 63.6364  s1.loss_bbox: 0.6929  s1.loss_iou: 1.0162
2026/03/27 16:08:33 - mmengine - INFO - Epoch(train) [11][ 7250/10002]  lr: 2.5000e-05  eta: 21:10:18  time: 0.3862  data_time: 0.0032  memory: 7330  grad_norm: 67.6350  loss: 8.4183  rpn_s.0.loss_cls: 0.6367  rpn_s.0.loss_bbox: 0.1119  rpn_s.0.loss_giou: 0.8399  rpn_s.1.loss_cls: 0.4491  rpn_s.1.loss_bbox: 0.0475  rpn_s.1.loss_giou: 0.4094  rpn_s.2.loss_cls: 0.3679  rpn_s.2.loss_bbox: 0.0403  rpn_s.2.loss_giou: 0.3580  rpn_s.3.loss_cls: 0.3288  rpn_s.3.loss_bbox: 0.0387  rpn_s.3.loss_giou: 0.3410  s0.loss_cls: 0.3641  s0.pos_acc: 68.6274  s0.loss_bbox: 0.6150  s0.loss_iou: 1.1699  s1.loss_cls: 0.3851  s1.pos_acc: 72.0588  s1.loss_bbox: 0.7130  s1.loss_iou: 1.2021
2026/03/27 16:08:52 - mmengine - INFO - Epoch(train) [11][ 7300/10002]  lr: 2.5000e-05  eta: 21:09:29  time: 0.3821  data_time: 0.0032  memory: 7329  grad_norm: 86.3767  loss: 8.0166  rpn_s.0.loss_cls: 0.6248  rpn_s.0.loss_bbox: 0.1127  rpn_s.0.loss_giou: 0.7747  rpn_s.1.loss_cls: 0.4431  rpn_s.1.loss_bbox: 0.0499  rpn_s.1.loss_giou: 0.3886  rpn_s.2.loss_cls: 0.3644  rpn_s.2.loss_bbox: 0.0432  rpn_s.2.loss_giou: 0.3425  rpn_s.3.loss_cls: 0.3199  rpn_s.3.loss_bbox: 0.0400  rpn_s.3.loss_giou: 0.3226  s0.loss_cls: 0.3632  s0.pos_acc: 92.3077  s0.loss_bbox: 0.5996  s0.loss_iou: 1.0686  s1.loss_cls: 0.3832  s1.pos_acc: 92.3077  s1.loss_bbox: 0.6474  s1.loss_iou: 1.1283
2026/03/27 16:09:11 - mmengine - INFO - Epoch(train) [11][ 7350/10002]  lr: 2.5000e-05  eta: 21:08:39  time: 0.3772  data_time: 0.0032  memory: 7329  grad_norm: 86.2660  loss: 7.6111  rpn_s.0.loss_cls: 0.6274  rpn_s.0.loss_bbox: 0.0993  rpn_s.0.loss_giou: 0.7103  rpn_s.1.loss_cls: 0.4412  rpn_s.1.loss_bbox: 0.0391  rpn_s.1.loss_giou: 0.3373  rpn_s.2.loss_cls: 0.3577  rpn_s.2.loss_bbox: 0.0327  rpn_s.2.loss_giou: 0.2938  rpn_s.3.loss_cls: 0.3177  rpn_s.3.loss_bbox: 0.0308  rpn_s.3.loss_giou: 0.2790  s0.loss_cls: 0.3562  s0.pos_acc: 82.5000  s0.loss_bbox: 0.6321  s0.loss_iou: 0.9637  s1.loss_cls: 0.3735  s1.pos_acc: 83.7500  s1.loss_bbox: 0.6860  s1.loss_iou: 1.0333
2026/03/27 16:09:30 - mmengine - INFO - Epoch(train) [11][ 7400/10002]  lr: 2.5000e-05  eta: 21:07:49  time: 0.3801  data_time: 0.0032  memory: 7329  grad_norm: 68.1871  loss: 8.1440  rpn_s.0.loss_cls: 0.6087  rpn_s.0.loss_bbox: 0.1046  rpn_s.0.loss_giou: 0.8103  rpn_s.1.loss_cls: 0.4433  rpn_s.1.loss_bbox: 0.0452  rpn_s.1.loss_giou: 0.3945  rpn_s.2.loss_cls: 0.3575  rpn_s.2.loss_bbox: 0.0385  rpn_s.2.loss_giou: 0.3442  rpn_s.3.loss_cls: 0.3310  rpn_s.3.loss_bbox: 0.0358  rpn_s.3.loss_giou: 0.3241  s0.loss_cls: 0.3703  s0.pos_acc: 100.0000  s0.loss_bbox: 0.6108  s0.loss_iou: 1.1021  s1.loss_cls: 0.3832  s1.pos_acc: 100.0000  s1.loss_bbox: 0.7045  s1.loss_iou: 1.1354
2026/03/27 16:09:49 - mmengine - INFO - Epoch(train) [11][ 7450/10002]  lr: 2.5000e-05  eta: 21:07:00  time: 0.3813  data_time: 0.0032  memory: 7329  grad_norm: 80.9854  loss: 8.4776  rpn_s.0.loss_cls: 0.6326  rpn_s.0.loss_bbox: 0.1291  rpn_s.0.loss_giou: 0.8716  rpn_s.1.loss_cls: 0.4435  rpn_s.1.loss_bbox: 0.0599  rpn_s.1.loss_giou: 0.4242  rpn_s.2.loss_cls: 0.3472  rpn_s.2.loss_bbox: 0.0514  rpn_s.2.loss_giou: 0.3666  rpn_s.3.loss_cls: 0.3100  rpn_s.3.loss_bbox: 0.0467  rpn_s.3.loss_giou: 0.3492  s0.loss_cls: 0.3382  s0.pos_acc: 85.7143  s0.loss_bbox: 0.6305  s0.loss_iou: 1.1837  s1.loss_cls: 0.3631  s1.pos_acc: 85.7143  s1.loss_bbox: 0.6946  s1.loss_iou: 1.2356
2026/03/27 16:10:08 - mmengine - INFO - Epoch(train) [11][ 7500/10002]  lr: 2.5000e-05  eta: 21:06:10  time: 0.3772  data_time: 0.0032  memory: 7329  grad_norm: 81.3117  loss: 8.0694  rpn_s.0.loss_cls: 0.5967  rpn_s.0.loss_bbox: 0.1154  rpn_s.0.loss_giou: 0.7703  rpn_s.1.loss_cls: 0.4373  rpn_s.1.loss_bbox: 0.0539  rpn_s.1.loss_giou: 0.3854  rpn_s.2.loss_cls: 0.3507  rpn_s.2.loss_bbox: 0.0505  rpn_s.2.loss_giou: 0.3370  rpn_s.3.loss_cls: 0.3124  rpn_s.3.loss_bbox: 0.0455  rpn_s.3.loss_giou: 0.3198  s0.loss_cls: 0.3507  s0.pos_acc: 72.2222  s0.loss_bbox: 0.6565  s0.loss_iou: 1.0918  s1.loss_cls: 0.3531  s1.pos_acc: 66.6667  s1.loss_bbox: 0.6999  s1.loss_iou: 1.1424
2026/03/27 16:10:27 - mmengine - INFO - Epoch(train) [11][ 7550/10002]  lr: 2.5000e-05  eta: 21:05:21  time: 0.3781  data_time: 0.0032  memory: 7329  grad_norm: 81.6891  loss: 8.2590  rpn_s.0.loss_cls: 0.6127  rpn_s.0.loss_bbox: 0.1149  rpn_s.0.loss_giou: 0.8160  rpn_s.1.loss_cls: 0.4444  rpn_s.1.loss_bbox: 0.0496  rpn_s.1.loss_giou: 0.4073  rpn_s.2.loss_cls: 0.3664  rpn_s.2.loss_bbox: 0.0410  rpn_s.2.loss_giou: 0.3430  rpn_s.3.loss_cls: 0.3208  rpn_s.3.loss_bbox: 0.0384  rpn_s.3.loss_giou: 0.3245  s0.loss_cls: 0.3597  s0.pos_acc: 65.6250  s0.loss_bbox: 0.6532  s0.loss_iou: 1.0951  s1.loss_cls: 0.3730  s1.pos_acc: 59.3750  s1.loss_bbox: 0.7412  s1.loss_iou: 1.1577
2026/03/27 16:10:46 - mmengine - INFO - Epoch(train) [11][ 7600/10002]  lr: 2.5000e-05  eta: 21:04:32  time: 0.3803  data_time: 0.0031  memory: 7329  grad_norm: 78.4803  loss: 8.1867  rpn_s.0.loss_cls: 0.5858  rpn_s.0.loss_bbox: 0.1115  rpn_s.0.loss_giou: 0.7598  rpn_s.1.loss_cls: 0.4328  rpn_s.1.loss_bbox: 0.0527  rpn_s.1.loss_giou: 0.3842  rpn_s.2.loss_cls: 0.3500  rpn_s.2.loss_bbox: 0.0461  rpn_s.2.loss_giou: 0.3397  rpn_s.3.loss_cls: 0.3198  rpn_s.3.loss_bbox: 0.0439  rpn_s.3.loss_giou: 0.3238  s0.loss_cls: 0.3550  s0.pos_acc: 100.0000  s0.loss_bbox: 0.6605  s0.loss_iou: 1.1558  s1.loss_cls: 0.3721  s1.pos_acc: 100.0000  s1.loss_bbox: 0.6965  s1.loss_iou: 1.1966
2026/03/27 16:11:05 - mmengine - INFO - Epoch(train) [11][ 7650/10002]  lr: 2.5000e-05  eta: 21:03:43  time: 0.3794  data_time: 0.0031  memory: 7329  grad_norm: 84.0976  loss: 8.3272  rpn_s.0.loss_cls: 0.6154  rpn_s.0.loss_bbox: 0.1155  rpn_s.0.loss_giou: 0.7898  rpn_s.1.loss_cls: 0.4298  rpn_s.1.loss_bbox: 0.0556  rpn_s.1.loss_giou: 0.4094  rpn_s.2.loss_cls: 0.3514  rpn_s.2.loss_bbox: 0.0474  rpn_s.2.loss_giou: 0.3549  rpn_s.3.loss_cls: 0.3083  rpn_s.3.loss_bbox: 0.0436  rpn_s.3.loss_giou: 0.3345  s0.loss_cls: 0.3428  s0.pos_acc: 76.9231  s0.loss_bbox: 0.6631  s0.loss_iou: 1.1764  s1.loss_cls: 0.3476  s1.pos_acc: 77.8846  s1.loss_bbox: 0.6888  s1.loss_iou: 1.2530
2026/03/27 16:11:24 - mmengine - INFO - Epoch(train) [11][ 7700/10002]  lr: 2.5000e-05  eta: 21:02:54  time: 0.3809  data_time: 0.0031  memory: 7329  grad_norm: 71.4656  loss: 8.2467  rpn_s.0.loss_cls: 0.6137  rpn_s.0.loss_bbox: 0.1153  rpn_s.0.loss_giou: 0.7939  rpn_s.1.loss_cls: 0.4487  rpn_s.1.loss_bbox: 0.0508  rpn_s.1.loss_giou: 0.3966  rpn_s.2.loss_cls: 0.3664  rpn_s.2.loss_bbox: 0.0429  rpn_s.2.loss_giou: 0.3412  rpn_s.3.loss_cls: 0.3200  rpn_s.3.loss_bbox: 0.0403  rpn_s.3.loss_giou: 0.3216  s0.loss_cls: 0.3455  s0.pos_acc: 76.1905  s0.loss_bbox: 0.6606  s0.loss_iou: 1.1193  s1.loss_cls: 0.3675  s1.pos_acc: 76.5873  s1.loss_bbox: 0.7228  s1.loss_iou: 1.1796
2026/03/27 16:11:43 - mmengine - INFO - Epoch(train) [11][ 7750/10002]  lr: 2.5000e-05  eta: 21:02:09  time: 0.3943  data_time: 0.0031  memory: 7330  grad_norm: 78.0198  loss: 8.0153  rpn_s.0.loss_cls: 0.5959  rpn_s.0.loss_bbox: 0.1148  rpn_s.0.loss_giou: 0.8284  rpn_s.1.loss_cls: 0.4131  rpn_s.1.loss_bbox: 0.0447  rpn_s.1.loss_giou: 0.3862  rpn_s.2.loss_cls: 0.3256  rpn_s.2.loss_bbox: 0.0389  rpn_s.2.loss_giou: 0.3411  rpn_s.3.loss_cls: 0.2897  rpn_s.3.loss_bbox: 0.0362  rpn_s.3.loss_giou: 0.3206  s0.loss_cls: 0.3145  s0.pos_acc: 85.7143  s0.loss_bbox: 0.6906  s0.loss_iou: 1.1012  s1.loss_cls: 0.3220  s1.pos_acc: 78.5714  s1.loss_bbox: 0.7036  s1.loss_iou: 1.1482
2026/03/27 16:12:02 - mmengine - INFO - Epoch(train) [11][ 7800/10002]  lr: 2.5000e-05  eta: 21:01:20  time: 0.3787  data_time: 0.0031  memory: 7329  grad_norm: 83.1905  loss: 8.4286  rpn_s.0.loss_cls: 0.6393  rpn_s.0.loss_bbox: 0.1187  rpn_s.0.loss_giou: 0.8464  rpn_s.1.loss_cls: 0.4357  rpn_s.1.loss_bbox: 0.0546  rpn_s.1.loss_giou: 0.4266  rpn_s.2.loss_cls: 0.3478  rpn_s.2.loss_bbox: 0.0449  rpn_s.2.loss_giou: 0.3693  rpn_s.3.loss_cls: 0.3112  rpn_s.3.loss_bbox: 0.0415  rpn_s.3.loss_giou: 0.3486  s0.loss_cls: 0.3613  s0.pos_acc: 61.4130  s0.loss_bbox: 0.5896  s0.loss_iou: 1.2105  s1.loss_cls: 0.3857  s1.pos_acc: 61.9565  s1.loss_bbox: 0.6215  s1.loss_iou: 1.2754
2026/03/27 16:12:21 - mmengine - INFO - Epoch(train) [11][ 7850/10002]  lr: 2.5000e-05  eta: 21:00:33  time: 0.3830  data_time: 0.0031  memory: 7330  grad_norm: 78.0875  loss: 8.3756  rpn_s.0.loss_cls: 0.6237  rpn_s.0.loss_bbox: 0.1080  rpn_s.0.loss_giou: 0.8188  rpn_s.1.loss_cls: 0.4436  rpn_s.1.loss_bbox: 0.0459  rpn_s.1.loss_giou: 0.3999  rpn_s.2.loss_cls: 0.3716  rpn_s.2.loss_bbox: 0.0384  rpn_s.2.loss_giou: 0.3465  rpn_s.3.loss_cls: 0.3359  rpn_s.3.loss_bbox: 0.0360  rpn_s.3.loss_giou: 0.3273  s0.loss_cls: 0.3631  s0.pos_acc: 67.8571  s0.loss_bbox: 0.6589  s0.loss_iou: 1.1374  s1.loss_cls: 0.3973  s1.pos_acc: 67.8571  s1.loss_bbox: 0.7197  s1.loss_iou: 1.2036
2026/03/27 16:12:41 - mmengine - INFO - Epoch(train) [11][ 7900/10002]  lr: 2.5000e-05  eta: 20:59:45  time: 0.3832  data_time: 0.0032  memory: 7329  grad_norm: 85.6076  loss: 8.4970  rpn_s.0.loss_cls: 0.6353  rpn_s.0.loss_bbox: 0.1150  rpn_s.0.loss_giou: 0.8755  rpn_s.1.loss_cls: 0.4472  rpn_s.1.loss_bbox: 0.0502  rpn_s.1.loss_giou: 0.4346  rpn_s.2.loss_cls: 0.3715  rpn_s.2.loss_bbox: 0.0421  rpn_s.2.loss_giou: 0.3726  rpn_s.3.loss_cls: 0.3272  rpn_s.3.loss_bbox: 0.0387  rpn_s.3.loss_giou: 0.3514  s0.loss_cls: 0.3772  s0.pos_acc: 77.3504  s0.loss_bbox: 0.5554  s0.loss_iou: 1.2063  s1.loss_cls: 0.4138  s1.pos_acc: 77.7778  s1.loss_bbox: 0.6283  s1.loss_iou: 1.2548
2026/03/27 16:13:00 - mmengine - INFO - Epoch(train) [11][ 7950/10002]  lr: 2.5000e-05  eta: 20:58:57  time: 0.3780  data_time: 0.0032  memory: 7329  grad_norm: 70.6946  loss: 8.3178  rpn_s.0.loss_cls: 0.6322  rpn_s.0.loss_bbox: 0.1062  rpn_s.0.loss_giou: 0.8233  rpn_s.1.loss_cls: 0.4651  rpn_s.1.loss_bbox: 0.0446  rpn_s.1.loss_giou: 0.4121  rpn_s.2.loss_cls: 0.3824  rpn_s.2.loss_bbox: 0.0399  rpn_s.2.loss_giou: 0.3496  rpn_s.3.loss_cls: 0.3424  rpn_s.3.loss_bbox: 0.0349  rpn_s.3.loss_giou: 0.3298  s0.loss_cls: 0.3903  s0.pos_acc: 33.3333  s0.loss_bbox: 0.6054  s0.loss_iou: 1.1294  s1.loss_cls: 0.4062  s1.pos_acc: 33.3333  s1.loss_bbox: 0.6453  s1.loss_iou: 1.1786
2026/03/27 16:13:14 - mmengine - INFO - Exp name: GSDet_r50_b900_h2h4_h2r1_r2r1_2x_fair1m1.0_20260327_123453
2026/03/27 16:13:19 - mmengine - INFO - Epoch(train) [11][ 8000/10002]  lr: 2.5000e-05  eta: 20:58:11  time: 0.3882  data_time: 0.0032  memory: 7330  grad_norm: 94.9820  loss: 8.3087  rpn_s.0.loss_cls: 0.6018  rpn_s.0.loss_bbox: 0.1118  rpn_s.0.loss_giou: 0.8420  rpn_s.1.loss_cls: 0.4239  rpn_s.1.loss_bbox: 0.0453  rpn_s.1.loss_giou: 0.4126  rpn_s.2.loss_cls: 0.3515  rpn_s.2.loss_bbox: 0.0376  rpn_s.2.loss_giou: 0.3554  rpn_s.3.loss_cls: 0.3109  rpn_s.3.loss_bbox: 0.0342  rpn_s.3.loss_giou: 0.3330  s0.loss_cls: 0.3287  s0.pos_acc: 75.0000  s0.loss_bbox: 0.6765  s0.loss_iou: 1.1421  s1.loss_cls: 0.3431  s1.pos_acc: 72.9167  s1.loss_bbox: 0.7202  s1.loss_iou: 1.2380
2026/03/27 16:13:38 - mmengine - INFO - Epoch(train) [11][ 8050/10002]  lr: 2.5000e-05  eta: 20:57:23  time: 0.3809  data_time: 0.0032  memory: 7330  grad_norm: 79.6804  loss: 8.0279  rpn_s.0.loss_cls: 0.6439  rpn_s.0.loss_bbox: 0.1054  rpn_s.0.loss_giou: 0.7638  rpn_s.1.loss_cls: 0.4576  rpn_s.1.loss_bbox: 0.0506  rpn_s.1.loss_giou: 0.3904  rpn_s.2.loss_cls: 0.3792  rpn_s.2.loss_bbox: 0.0431  rpn_s.2.loss_giou: 0.3345  rpn_s.3.loss_cls: 0.3389  rpn_s.3.loss_bbox: 0.0404  rpn_s.3.loss_giou: 0.3180  s0.loss_cls: 0.3645  s0.pos_acc: 59.0909  s0.loss_bbox: 0.6059  s0.loss_iou: 1.0301  s1.loss_cls: 0.3769  s1.pos_acc: 75.0000  s1.loss_bbox: 0.6928  s1.loss_iou: 1.0921
2026/03/27 16:13:57 - mmengine - INFO - Epoch(train) [11][ 8100/10002]  lr: 2.5000e-05  eta: 20:56:35  time: 0.3819  data_time: 0.0032  memory: 7329  grad_norm: 77.0450  loss: 8.5099  rpn_s.0.loss_cls: 0.6145  rpn_s.0.loss_bbox: 0.1122  rpn_s.0.loss_giou: 0.8765  rpn_s.1.loss_cls: 0.4280  rpn_s.1.loss_bbox: 0.0467  rpn_s.1.loss_giou: 0.4247  rpn_s.2.loss_cls: 0.3461  rpn_s.2.loss_bbox: 0.0381  rpn_s.2.loss_giou: 0.3648  rpn_s.3.loss_cls: 0.3077  rpn_s.3.loss_bbox: 0.0352  rpn_s.3.loss_giou: 0.3443  s0.loss_cls: 0.3406  s0.pos_acc: 82.4324  s0.loss_bbox: 0.6665  s0.loss_iou: 1.1945  s1.loss_cls: 0.3533  s1.pos_acc: 82.8829  s1.loss_bbox: 0.7500  s1.loss_iou: 1.2659
2026/03/27 16:14:16 - mmengine - INFO - Epoch(train) [11][ 8150/10002]  lr: 2.5000e-05  eta: 20:55:47  time: 0.3790  data_time: 0.0032  memory: 7329  grad_norm: 82.8250  loss: 8.7729  rpn_s.0.loss_cls: 0.6214  rpn_s.0.loss_bbox: 0.1169  rpn_s.0.loss_giou: 0.8854  rpn_s.1.loss_cls: 0.4298  rpn_s.1.loss_bbox: 0.0509  rpn_s.1.loss_giou: 0.4377  rpn_s.2.loss_cls: 0.3551  rpn_s.2.loss_bbox: 0.0435  rpn_s.2.loss_giou: 0.3843  rpn_s.3.loss_cls: 0.3190  rpn_s.3.loss_bbox: 0.0403  rpn_s.3.loss_giou: 0.3678  s0.loss_cls: 0.3611  s0.pos_acc: 84.2105  s0.loss_bbox: 0.6420  s0.loss_iou: 1.2647  s1.loss_cls: 0.4139  s1.pos_acc: 78.9474  s1.loss_bbox: 0.7130  s1.loss_iou: 1.3261
2026/03/27 16:14:35 - mmengine - INFO - Epoch(train) [11][ 8200/10002]  lr: 2.5000e-05  eta: 20:55:00  time: 0.3828  data_time: 0.0031  memory: 7330  grad_norm: 81.6061  loss: 8.4671  rpn_s.0.loss_cls: 0.6253  rpn_s.0.loss_bbox: 0.1118  rpn_s.0.loss_giou: 0.8669  rpn_s.1.loss_cls: 0.4445  rpn_s.1.loss_bbox: 0.0457  rpn_s.1.loss_giou: 0.4125  rpn_s.2.loss_cls: 0.3659  rpn_s.2.loss_bbox: 0.0382  rpn_s.2.loss_giou: 0.3602  rpn_s.3.loss_cls: 0.3313  rpn_s.3.loss_bbox: 0.0358  rpn_s.3.loss_giou: 0.3419  s0.loss_cls: 0.3591  s0.pos_acc: 63.6139  s0.loss_bbox: 0.6624  s0.loss_iou: 1.1607  s1.loss_cls: 0.3842  s1.pos_acc: 66.0891  s1.loss_bbox: 0.7150  s1.loss_iou: 1.2058
2026/03/27 16:14:54 - mmengine - INFO - Epoch(train) [11][ 8250/10002]  lr: 2.5000e-05  eta: 20:54:13  time: 0.3826  data_time: 0.0031  memory: 7330  grad_norm: 77.8680  loss: 8.3508  rpn_s.0.loss_cls: 0.6538  rpn_s.0.loss_bbox: 0.1099  rpn_s.0.loss_giou: 0.8424  rpn_s.1.loss_cls: 0.4498  rpn_s.1.loss_bbox: 0.0469  rpn_s.1.loss_giou: 0.4176  rpn_s.2.loss_cls: 0.3697  rpn_s.2.loss_bbox: 0.0385  rpn_s.2.loss_giou: 0.3561  rpn_s.3.loss_cls: 0.3354  rpn_s.3.loss_bbox: 0.0363  rpn_s.3.loss_giou: 0.3389  s0.loss_cls: 0.3643  s0.pos_acc: 77.2727  s0.loss_bbox: 0.6131  s0.loss_iou: 1.1481  s1.loss_cls: 0.3839  s1.pos_acc: 71.9008  s1.loss_bbox: 0.6674  s1.loss_iou: 1.1788
2026/03/27 16:15:13 - mmengine - INFO - Epoch(train) [11][ 8300/10002]  lr: 2.5000e-05  eta: 20:53:26  time: 0.3810  data_time: 0.0032  memory: 7330  grad_norm: 75.7171  loss: 8.0133  rpn_s.0.loss_cls: 0.5974  rpn_s.0.loss_bbox: 0.1007  rpn_s.0.loss_giou: 0.7816  rpn_s.1.loss_cls: 0.4238  rpn_s.1.loss_bbox: 0.0481  rpn_s.1.loss_giou: 0.3975  rpn_s.2.loss_cls: 0.3498  rpn_s.2.loss_bbox: 0.0399  rpn_s.2.loss_giou: 0.3393  rpn_s.3.loss_cls: 0.3057  rpn_s.3.loss_bbox: 0.0373  rpn_s.3.loss_giou: 0.3193  s0.loss_cls: 0.3497  s0.pos_acc: 77.2727  s0.loss_bbox: 0.6150  s0.loss_iou: 1.1075  s1.loss_cls: 0.3667  s1.pos_acc: 78.4091  s1.loss_bbox: 0.6781  s1.loss_iou: 1.1559
2026/03/27 16:15:33 - mmengine - INFO - Epoch(train) [11][ 8350/10002]  lr: 2.5000e-05  eta: 20:52:40  time: 0.3861  data_time: 0.0031  memory: 7330  grad_norm: 70.2310  loss: 8.2737  rpn_s.0.loss_cls: 0.6162  rpn_s.0.loss_bbox: 0.1072  rpn_s.0.loss_giou: 0.8397  rpn_s.1.loss_cls: 0.4428  rpn_s.1.loss_bbox: 0.0433  rpn_s.1.loss_giou: 0.4048  rpn_s.2.loss_cls: 0.3508  rpn_s.2.loss_bbox: 0.0364  rpn_s.2.loss_giou: 0.3496  rpn_s.3.loss_cls: 0.3104  rpn_s.3.loss_bbox: 0.0334  rpn_s.3.loss_giou: 0.3305  s0.loss_cls: 0.3530  s0.pos_acc: 94.4444  s0.loss_bbox: 0.6512  s0.loss_iou: 1.1335  s1.loss_cls: 0.3719  s1.pos_acc: 94.4444  s1.loss_bbox: 0.7082  s1.loss_iou: 1.1907
2026/03/27 16:15:52 - mmengine - INFO - Epoch(train) [11][ 8400/10002]  lr: 2.5000e-05  eta: 20:51:54  time: 0.3833  data_time: 0.0031  memory: 7329  grad_norm: 74.1056  loss: 7.8378  rpn_s.0.loss_cls: 0.5668  rpn_s.0.loss_bbox: 0.1173  rpn_s.0.loss_giou: 0.8073  rpn_s.1.loss_cls: 0.4014  rpn_s.1.loss_bbox: 0.0522  rpn_s.1.loss_giou: 0.4004  rpn_s.2.loss_cls: 0.3223  rpn_s.2.loss_bbox: 0.0442  rpn_s.2.loss_giou: 0.3473  rpn_s.3.loss_cls: 0.2803  rpn_s.3.loss_bbox: 0.0415  rpn_s.3.loss_giou: 0.3290  s0.loss_cls: 0.3149  s0.pos_acc: 100.0000  s0.loss_bbox: 0.5852  s0.loss_iou: 1.0895  s1.loss_cls: 0.3440  s1.pos_acc: 100.0000  s1.loss_bbox: 0.6344  s1.loss_iou: 1.1599
2026/03/27 16:16:11 - mmengine - INFO - Epoch(train) [11][ 8450/10002]  lr: 2.5000e-05  eta: 20:51:06  time: 0.3787  data_time: 0.0031  memory: 7329  grad_norm: 90.8895  loss: 8.1458  rpn_s.0.loss_cls: 0.6377  rpn_s.0.loss_bbox: 0.1079  rpn_s.0.loss_giou: 0.7999  rpn_s.1.loss_cls: 0.4572  rpn_s.1.loss_bbox: 0.0478  rpn_s.1.loss_giou: 0.3894  rpn_s.2.loss_cls: 0.3644  rpn_s.2.loss_bbox: 0.0398  rpn_s.2.loss_giou: 0.3342  rpn_s.3.loss_cls: 0.3366  rpn_s.3.loss_bbox: 0.0378  rpn_s.3.loss_giou: 0.3186  s0.loss_cls: 0.3781  s0.pos_acc: 70.1342  s0.loss_bbox: 0.6258  s0.loss_iou: 1.0765  s1.loss_cls: 0.3838  s1.pos_acc: 74.1611  s1.loss_bbox: 0.6867  s1.loss_iou: 1.1236
2026/03/27 16:16:31 - mmengine - INFO - Epoch(train) [11][ 8500/10002]  lr: 2.5000e-05  eta: 20:50:23  time: 0.3948  data_time: 0.0031  memory: 7330  grad_norm: 78.6855  loss: 8.8954  rpn_s.0.loss_cls: 0.6829  rpn_s.0.loss_bbox: 0.1059  rpn_s.0.loss_giou: 0.9060  rpn_s.1.loss_cls: 0.4660  rpn_s.1.loss_bbox: 0.0445  rpn_s.1.loss_giou: 0.4379  rpn_s.2.loss_cls: 0.3979  rpn_s.2.loss_bbox: 0.0381  rpn_s.2.loss_giou: 0.3849  rpn_s.3.loss_cls: 0.3476  rpn_s.3.loss_bbox: 0.0360  rpn_s.3.loss_giou: 0.3659  s0.loss_cls: 0.3953  s0.pos_acc: 82.2581  s0.loss_bbox: 0.6314  s0.loss_iou: 1.2363  s1.loss_cls: 0.4272  s1.pos_acc: 83.8710  s1.loss_bbox: 0.6912  s1.loss_iou: 1.3005
2026/03/27 16:16:50 - mmengine - INFO - Epoch(train) [11][ 8550/10002]  lr: 2.5000e-05  eta: 20:49:38  time: 0.3884  data_time: 0.0032  memory: 7330  grad_norm: 74.7999  loss: 8.5671  rpn_s.0.loss_cls: 0.6095  rpn_s.0.loss_bbox: 0.1138  rpn_s.0.loss_giou: 0.8295  rpn_s.1.loss_cls: 0.4423  rpn_s.1.loss_bbox: 0.0494  rpn_s.1.loss_giou: 0.4208  rpn_s.2.loss_cls: 0.3746  rpn_s.2.loss_bbox: 0.0413  rpn_s.2.loss_giou: 0.3600  rpn_s.3.loss_cls: 0.3318  rpn_s.3.loss_bbox: 0.0382  rpn_s.3.loss_giou: 0.3427  s0.loss_cls: 0.3708  s0.pos_acc: 46.8750  s0.loss_bbox: 0.6492  s0.loss_iou: 1.2139  s1.loss_cls: 0.3819  s1.pos_acc: 50.0000  s1.loss_bbox: 0.7205  s1.loss_iou: 1.2769
2026/03/27 16:17:09 - mmengine - INFO - Epoch(train) [11][ 8600/10002]  lr: 2.5000e-05  eta: 20:48:52  time: 0.3833  data_time: 0.0032  memory: 7330  grad_norm: 85.3432  loss: 8.2373  rpn_s.0.loss_cls: 0.6261  rpn_s.0.loss_bbox: 0.1103  rpn_s.0.loss_giou: 0.8056  rpn_s.1.loss_cls: 0.4369  rpn_s.1.loss_bbox: 0.0495  rpn_s.1.loss_giou: 0.4039  rpn_s.2.loss_cls: 0.3584  rpn_s.2.loss_bbox: 0.0407  rpn_s.2.loss_giou: 0.3441  rpn_s.3.loss_cls: 0.3168  rpn_s.3.loss_bbox: 0.0389  rpn_s.3.loss_giou: 0.3280  s0.loss_cls: 0.3705  s0.pos_acc: 76.1905  s0.loss_bbox: 0.6283  s0.loss_iou: 1.1318  s1.loss_cls: 0.3781  s1.pos_acc: 76.1905  s1.loss_bbox: 0.6778  s1.loss_iou: 1.1916
2026/03/27 16:17:28 - mmengine - INFO - Epoch(train) [11][ 8650/10002]  lr: 2.5000e-05  eta: 20:48:07  time: 0.3846  data_time: 0.0032  memory: 7329  grad_norm: 69.0907  loss: 8.2674  rpn_s.0.loss_cls: 0.6205  rpn_s.0.loss_bbox: 0.1059  rpn_s.0.loss_giou: 0.8657  rpn_s.1.loss_cls: 0.4261  rpn_s.1.loss_bbox: 0.0422  rpn_s.1.loss_giou: 0.4167  rpn_s.2.loss_cls: 0.3582  rpn_s.2.loss_bbox: 0.0342  rpn_s.2.loss_giou: 0.3525  rpn_s.3.loss_cls: 0.3170  rpn_s.3.loss_bbox: 0.0320  rpn_s.3.loss_giou: 0.3367  s0.loss_cls: 0.3600  s0.pos_acc: 82.2581  s0.loss_bbox: 0.6146  s0.loss_iou: 1.1523  s1.loss_cls: 0.3679  s1.pos_acc: 75.8064  s1.loss_bbox: 0.6559  s1.loss_iou: 1.2088
2026/03/27 16:17:47 - mmengine - INFO - Epoch(train) [11][ 8700/10002]  lr: 2.5000e-05  eta: 20:47:19  time: 0.3772  data_time: 0.0033  memory: 7329  grad_norm: 87.1392  loss: 8.1814  rpn_s.0.loss_cls: 0.6150  rpn_s.0.loss_bbox: 0.1029  rpn_s.0.loss_giou: 0.7244  rpn_s.1.loss_cls: 0.4213  rpn_s.1.loss_bbox: 0.0473  rpn_s.1.loss_giou: 0.3865  rpn_s.2.loss_cls: 0.3465  rpn_s.2.loss_bbox: 0.0408  rpn_s.2.loss_giou: 0.3405  rpn_s.3.loss_cls: 0.3176  rpn_s.3.loss_bbox: 0.0385  rpn_s.3.loss_giou: 0.3222  s0.loss_cls: 0.3826  s0.pos_acc: 81.6327  s0.loss_bbox: 0.6680  s0.loss_iou: 1.1168  s1.loss_cls: 0.3971  s1.pos_acc: 80.6122  s1.loss_bbox: 0.7281  s1.loss_iou: 1.1852
2026/03/27 16:18:06 - mmengine - INFO - Epoch(train) [11][ 8750/10002]  lr: 2.5000e-05  eta: 20:46:32  time: 0.3789  data_time: 0.0032  memory: 7329  grad_norm: 87.6100  loss: 8.1031  rpn_s.0.loss_cls: 0.6319  rpn_s.0.loss_bbox: 0.1026  rpn_s.0.loss_giou: 0.8130  rpn_s.1.loss_cls: 0.4309  rpn_s.1.loss_bbox: 0.0436  rpn_s.1.loss_giou: 0.3955  rpn_s.2.loss_cls: 0.3557  rpn_s.2.loss_bbox: 0.0366  rpn_s.2.loss_giou: 0.3455  rpn_s.3.loss_cls: 0.3170  rpn_s.3.loss_bbox: 0.0344  rpn_s.3.loss_giou: 0.3299  s0.loss_cls: 0.3562  s0.pos_acc: 90.0000  s0.loss_bbox: 0.6013  s0.loss_iou: 1.0901  s1.loss_cls: 0.3759  s1.pos_acc: 85.0000  s1.loss_bbox: 0.6743  s1.loss_iou: 1.1685
2026/03/27 16:18:25 - mmengine - INFO - Epoch(train) [11][ 8800/10002]  lr: 2.5000e-05  eta: 20:45:46  time: 0.3804  data_time: 0.0032  memory: 7330  grad_norm: 71.5086  loss: 8.7643  rpn_s.0.loss_cls: 0.6626  rpn_s.0.loss_bbox: 0.1102  rpn_s.0.loss_giou: 0.8811  rpn_s.1.loss_cls: 0.4475  rpn_s.1.loss_bbox: 0.0467  rpn_s.1.loss_giou: 0.4328  rpn_s.2.loss_cls: 0.3818  rpn_s.2.loss_bbox: 0.0378  rpn_s.2.loss_giou: 0.3708  rpn_s.3.loss_cls: 0.3392  rpn_s.3.loss_bbox: 0.0349  rpn_s.3.loss_giou: 0.3485  s0.loss_cls: 0.3732  s0.pos_acc: 67.9012  s0.loss_bbox: 0.6437  s0.loss_iou: 1.2489  s1.loss_cls: 0.3953  s1.pos_acc: 67.2840  s1.loss_bbox: 0.7096  s1.loss_iou: 1.2998
2026/03/27 16:18:45 - mmengine - INFO - Epoch(train) [11][ 8850/10002]  lr: 2.5000e-05  eta: 20:45:02  time: 0.3888  data_time: 0.0032  memory: 7330  grad_norm: 79.0363  loss: 7.8916  rpn_s.0.loss_cls: 0.5624  rpn_s.0.loss_bbox: 0.1129  rpn_s.0.loss_giou: 0.8073  rpn_s.1.loss_cls: 0.3874  rpn_s.1.loss_bbox: 0.0500  rpn_s.1.loss_giou: 0.3977  rpn_s.2.loss_cls: 0.3044  rpn_s.2.loss_bbox: 0.0430  rpn_s.2.loss_giou: 0.3474  rpn_s.3.loss_cls: 0.2635  rpn_s.3.loss_bbox: 0.0396  rpn_s.3.loss_giou: 0.3299  s0.loss_cls: 0.3019  s0.pos_acc: 77.0588  s0.loss_bbox: 0.6599  s0.loss_iou: 1.1144  s1.loss_cls: 0.3241  s1.pos_acc: 75.8824  s1.loss_bbox: 0.7016  s1.loss_iou: 1.1444
2026/03/27 16:19:04 - mmengine - INFO - Epoch(train) [11][ 8900/10002]  lr: 2.5000e-05  eta: 20:44:15  time: 0.3809  data_time: 0.0032  memory: 7330  grad_norm: 93.7558  loss: 8.1397  rpn_s.0.loss_cls: 0.6120  rpn_s.0.loss_bbox: 0.1031  rpn_s.0.loss_giou: 0.8085  rpn_s.1.loss_cls: 0.4153  rpn_s.1.loss_bbox: 0.0421  rpn_s.1.loss_giou: 0.3990  rpn_s.2.loss_cls: 0.3394  rpn_s.2.loss_bbox: 0.0352  rpn_s.2.loss_giou: 0.3421  rpn_s.3.loss_cls: 0.3140  rpn_s.3.loss_bbox: 0.0338  rpn_s.3.loss_giou: 0.3293  s0.loss_cls: 0.3443  s0.pos_acc: 88.8889  s0.loss_bbox: 0.6251  s0.loss_iou: 1.1402  s1.loss_cls: 0.3684  s1.pos_acc: 83.3333  s1.loss_bbox: 0.6853  s1.loss_iou: 1.2026
2026/03/27 16:19:22 - mmengine - INFO - Epoch(train) [11][ 8950/10002]  lr: 2.5000e-05  eta: 20:43:28  time: 0.3747  data_time: 0.0032  memory: 7329  grad_norm: 76.9392  loss: 8.5947  rpn_s.0.loss_cls: 0.6233  rpn_s.0.loss_bbox: 0.1199  rpn_s.0.loss_giou: 0.8320  rpn_s.1.loss_cls: 0.4250  rpn_s.1.loss_bbox: 0.0571  rpn_s.1.loss_giou: 0.4232  rpn_s.2.loss_cls: 0.3463  rpn_s.2.loss_bbox: 0.0485  rpn_s.2.loss_giou: 0.3666  rpn_s.3.loss_cls: 0.3061  rpn_s.3.loss_bbox: 0.0460  rpn_s.3.loss_giou: 0.3547  s0.loss_cls: 0.3672  s0.pos_acc: 81.2500  s0.loss_bbox: 0.6744  s0.loss_iou: 1.2127  s1.loss_cls: 0.3940  s1.pos_acc: 81.2500  s1.loss_bbox: 0.7270  s1.loss_iou: 1.2706
2026/03/27 16:19:36 - mmengine - INFO - Exp name: GSDet_r50_b900_h2h4_h2r1_r2r1_2x_fair1m1.0_20260327_123453
2026/03/27 16:19:41 - mmengine - INFO - Epoch(train) [11][ 9000/10002]  lr: 2.5000e-05  eta: 20:42:41  time: 0.3796  data_time: 0.0032  memory: 7329  grad_norm: 73.7721  loss: 7.8687  rpn_s.0.loss_cls: 0.5995  rpn_s.0.loss_bbox: 0.1067  rpn_s.0.loss_giou: 0.7737  rpn_s.1.loss_cls: 0.4163  rpn_s.1.loss_bbox: 0.0502  rpn_s.1.loss_giou: 0.3953  rpn_s.2.loss_cls: 0.3379  rpn_s.2.loss_bbox: 0.0408  rpn_s.2.loss_giou: 0.3391  rpn_s.3.loss_cls: 0.3026  rpn_s.3.loss_bbox: 0.0361  rpn_s.3.loss_giou: 0.3156  s0.loss_cls: 0.3463  s0.pos_acc: 100.0000  s0.loss_bbox: 0.6317  s0.loss_iou: 1.0489  s1.loss_cls: 0.3615  s1.pos_acc: 100.0000  s1.loss_bbox: 0.6779  s1.loss_iou: 1.0886
2026/03/27 16:20:00 - mmengine - INFO - Epoch(train) [11][ 9050/10002]  lr: 2.5000e-05  eta: 20:41:54  time: 0.3768  data_time: 0.0033  memory: 7329  grad_norm: 122.4381  loss: 8.3626  rpn_s.0.loss_cls: 0.6601  rpn_s.0.loss_bbox: 0.1042  rpn_s.0.loss_giou: 0.7889  rpn_s.1.loss_cls: 0.4669  rpn_s.1.loss_bbox: 0.0450  rpn_s.1.loss_giou: 0.3857  rpn_s.2.loss_cls: 0.3933  rpn_s.2.loss_bbox: 0.0388  rpn_s.2.loss_giou: 0.3407  rpn_s.3.loss_cls: 0.3533  rpn_s.3.loss_bbox: 0.0372  rpn_s.3.loss_giou: 0.3243  s0.loss_cls: 0.3925  s0.pos_acc: 100.0000  s0.loss_bbox: 0.6725  s0.loss_iou: 1.0938  s1.loss_cls: 0.4109  s1.pos_acc: 100.0000  s1.loss_bbox: 0.7297  s1.loss_iou: 1.1247
2026/03/27 16:20:19 - mmengine - INFO - Epoch(train) [11][ 9100/10002]  lr: 2.5000e-05  eta: 20:41:09  time: 0.3827  data_time: 0.0033  memory: 7329  grad_norm: 94.5404  loss: 8.3937  rpn_s.0.loss_cls: 0.6065  rpn_s.0.loss_bbox: 0.1170  rpn_s.0.loss_giou: 0.7891  rpn_s.1.loss_cls: 0.4368  rpn_s.1.loss_bbox: 0.0539  rpn_s.1.loss_giou: 0.3995  rpn_s.2.loss_cls: 0.3667  rpn_s.2.loss_bbox: 0.0457  rpn_s.2.loss_giou: 0.3507  rpn_s.3.loss_cls: 0.3326  rpn_s.3.loss_bbox: 0.0424  rpn_s.3.loss_giou: 0.3307  s0.loss_cls: 0.3806  s0.pos_acc: 66.6667  s0.loss_bbox: 0.6688  s0.loss_iou: 1.1577  s1.loss_cls: 0.3877  s1.pos_acc: 66.6667  s1.loss_bbox: 0.7243  s1.loss_iou: 1.2029
2026/03/27 16:20:39 - mmengine - INFO - Epoch(train) [11][ 9150/10002]  lr: 2.5000e-05  eta: 20:40:24  time: 0.3824  data_time: 0.0033  memory: 7329  grad_norm: 78.5858  loss: 7.9657  rpn_s.0.loss_cls: 0.6059  rpn_s.0.loss_bbox: 0.1044  rpn_s.0.loss_giou: 0.7690  rpn_s.1.loss_cls: 0.4260  rpn_s.1.loss_bbox: 0.0444  rpn_s.1.loss_giou: 0.3939  rpn_s.2.loss_cls: 0.3638  rpn_s.2.loss_bbox: 0.0369  rpn_s.2.loss_giou: 0.3363  rpn_s.3.loss_cls: 0.3239  rpn_s.3.loss_bbox: 0.0337  rpn_s.3.loss_giou: 0.3139  s0.loss_cls: 0.3624  s0.pos_acc: 75.0000  s0.loss_bbox: 0.6293  s0.loss_iou: 1.0609  s1.loss_cls: 0.3967  s1.pos_acc: 72.9167  s1.loss_bbox: 0.6700  s1.loss_iou: 1.0943
2026/03/27 16:20:58 - mmengine - INFO - Epoch(train) [11][ 9200/10002]  lr: 2.5000e-05  eta: 20:39:40  time: 0.3885  data_time: 0.0033  memory: 7330  grad_norm: 70.7378  loss: 8.3403  rpn_s.0.loss_cls: 0.6199  rpn_s.0.loss_bbox: 0.1097  rpn_s.0.loss_giou: 0.8573  rpn_s.1.loss_cls: 0.4263  rpn_s.1.loss_bbox: 0.0445  rpn_s.1.loss_giou: 0.4056  rpn_s.2.loss_cls: 0.3584  rpn_s.2.loss_bbox: 0.0369  rpn_s.2.loss_giou: 0.3421  rpn_s.3.loss_cls: 0.3214  rpn_s.3.loss_bbox: 0.0341  rpn_s.3.loss_giou: 0.3209  s0.loss_cls: 0.3688  s0.pos_acc: 72.2222  s0.loss_bbox: 0.6620  s0.loss_iou: 1.1122  s1.loss_cls: 0.4043  s1.pos_acc: 71.2963  s1.loss_bbox: 0.7269  s1.loss_iou: 1.1889
2026/03/27 16:21:17 - mmengine - INFO - Epoch(train) [11][ 9250/10002]  lr: 2.5000e-05  eta: 20:38:54  time: 0.3800  data_time: 0.0032  memory: 7329  grad_norm: 76.1675  loss: 8.3303  rpn_s.0.loss_cls: 0.6532  rpn_s.0.loss_bbox: 0.1093  rpn_s.0.loss_giou: 0.8870  rpn_s.1.loss_cls: 0.4538  rpn_s.1.loss_bbox: 0.0442  rpn_s.1.loss_giou: 0.4221  rpn_s.2.loss_cls: 0.3654  rpn_s.2.loss_bbox: 0.0368  rpn_s.2.loss_giou: 0.3641  rpn_s.3.loss_cls: 0.3196  rpn_s.3.loss_bbox: 0.0348  rpn_s.3.loss_giou: 0.3485  s0.loss_cls: 0.3745  s0.pos_acc: 79.3814  s0.loss_bbox: 0.5873  s0.loss_iou: 1.1103  s1.loss_cls: 0.4179  s1.pos_acc: 77.8350  s1.loss_bbox: 0.6499  s1.loss_iou: 1.1516
2026/03/27 16:21:36 - mmengine - INFO - Epoch(train) [11][ 9300/10002]  lr: 2.5000e-05  eta: 20:38:11  time: 0.3882  data_time: 0.0033  memory: 7329  grad_norm: 78.7337  loss: 8.6191  rpn_s.0.loss_cls: 0.6370  rpn_s.0.loss_bbox: 0.1213  rpn_s.0.loss_giou: 0.8716  rpn_s.1.loss_cls: 0.4444  rpn_s.1.loss_bbox: 0.0524  rpn_s.1.loss_giou: 0.4317  rpn_s.2.loss_cls: 0.3634  rpn_s.2.loss_bbox: 0.0414  rpn_s.2.loss_giou: 0.3693  rpn_s.3.loss_cls: 0.3293  rpn_s.3.loss_bbox: 0.0390  rpn_s.3.loss_giou: 0.3507  s0.loss_cls: 0.3652  s0.pos_acc: 100.0000  s0.loss_bbox: 0.6334  s0.loss_iou: 1.2146  s1.loss_cls: 0.4000  s1.pos_acc: 100.0000  s1.loss_bbox: 0.6907  s1.loss_iou: 1.2637
2026/03/27 16:21:55 - mmengine - INFO - Epoch(train) [11][ 9350/10002]  lr: 2.5000e-05  eta: 20:37:25  time: 0.3806  data_time: 0.0032  memory: 7329  grad_norm: 73.9003  loss: 8.2725  rpn_s.0.loss_cls: 0.5976  rpn_s.0.loss_bbox: 0.1176  rpn_s.0.loss_giou: 0.7988  rpn_s.1.loss_cls: 0.4367  rpn_s.1.loss_bbox: 0.0503  rpn_s.1.loss_giou: 0.4066  rpn_s.2.loss_cls: 0.3571  rpn_s.2.loss_bbox: 0.0434  rpn_s.2.loss_giou: 0.3567  rpn_s.3.loss_cls: 0.3083  rpn_s.3.loss_bbox: 0.0403  rpn_s.3.loss_giou: 0.3376  s0.loss_cls: 0.3521  s0.pos_acc: 78.3133  s0.loss_bbox: 0.6335  s0.loss_iou: 1.1774  s1.loss_cls: 0.3674  s1.pos_acc: 79.5181  s1.loss_bbox: 0.6747  s1.loss_iou: 1.2162
2026/03/27 16:22:15 - mmengine - INFO - Epoch(train) [11][ 9400/10002]  lr: 2.5000e-05  eta: 20:36:41  time: 0.3836  data_time: 0.0033  memory: 7330  grad_norm: 81.7571  loss: 8.6509  rpn_s.0.loss_cls: 0.6451  rpn_s.0.loss_bbox: 0.1096  rpn_s.0.loss_giou: 0.9027  rpn_s.1.loss_cls: 0.4293  rpn_s.1.loss_bbox: 0.0437  rpn_s.1.loss_giou: 0.4348  rpn_s.2.loss_cls: 0.3568  rpn_s.2.loss_bbox: 0.0369  rpn_s.2.loss_giou: 0.3822  rpn_s.3.loss_cls: 0.3166  rpn_s.3.loss_bbox: 0.0342  rpn_s.3.loss_giou: 0.3622  s0.loss_cls: 0.3674  s0.pos_acc: 60.0000  s0.loss_bbox: 0.6551  s0.loss_iou: 1.2068  s1.loss_cls: 0.3878  s1.pos_acc: 58.6667  s1.loss_bbox: 0.7214  s1.loss_iou: 1.2583
2026/03/27 16:22:34 - mmengine - INFO - Epoch(train) [11][ 9450/10002]  lr: 2.5000e-05  eta: 20:35:55  time: 0.3792  data_time: 0.0033  memory: 7329  grad_norm: 88.4834  loss: 8.5142  rpn_s.0.loss_cls: 0.6330  rpn_s.0.loss_bbox: 0.1044  rpn_s.0.loss_giou: 0.8736  rpn_s.1.loss_cls: 0.4328  rpn_s.1.loss_bbox: 0.0434  rpn_s.1.loss_giou: 0.4251  rpn_s.2.loss_cls: 0.3613  rpn_s.2.loss_bbox: 0.0374  rpn_s.2.loss_giou: 0.3732  rpn_s.3.loss_cls: 0.3222  rpn_s.3.loss_bbox: 0.0336  rpn_s.3.loss_giou: 0.3510  s0.loss_cls: 0.3872  s0.pos_acc: 86.6667  s0.loss_bbox: 0.6430  s0.loss_iou: 1.1895  s1.loss_cls: 0.4169  s1.pos_acc: 86.6667  s1.loss_bbox: 0.6649  s1.loss_iou: 1.2217
2026/03/27 16:22:53 - mmengine - INFO - Epoch(train) [11][ 9500/10002]  lr: 2.5000e-05  eta: 20:35:10  time: 0.3802  data_time: 0.0033  memory: 7330  grad_norm: 73.0680  loss: 8.3217  rpn_s.0.loss_cls: 0.6454  rpn_s.0.loss_bbox: 0.1049  rpn_s.0.loss_giou: 0.8516  rpn_s.1.loss_cls: 0.4491  rpn_s.1.loss_bbox: 0.0430  rpn_s.1.loss_giou: 0.4190  rpn_s.2.loss_cls: 0.3639  rpn_s.2.loss_bbox: 0.0353  rpn_s.2.loss_giou: 0.3579  rpn_s.3.loss_cls: 0.3201  rpn_s.3.loss_bbox: 0.0322  rpn_s.3.loss_giou: 0.3410  s0.loss_cls: 0.3503  s0.pos_acc: 86.3636  s0.loss_bbox: 0.6129  s0.loss_iou: 1.1519  s1.loss_cls: 0.3648  s1.pos_acc: 81.8182  s1.loss_bbox: 0.6644  s1.loss_iou: 1.2141
2026/03/27 16:23:12 - mmengine - INFO - Epoch(train) [11][ 9550/10002]  lr: 2.5000e-05  eta: 20:34:24  time: 0.3795  data_time: 0.0033  memory: 7329  grad_norm: 75.1337  loss: 8.4495  rpn_s.0.loss_cls: 0.6136  rpn_s.0.loss_bbox: 0.1093  rpn_s.0.loss_giou: 0.8403  rpn_s.1.loss_cls: 0.4404  rpn_s.1.loss_bbox: 0.0461  rpn_s.1.loss_giou: 0.4161  rpn_s.2.loss_cls: 0.3589  rpn_s.2.loss_bbox: 0.0402  rpn_s.2.loss_giou: 0.3712  rpn_s.3.loss_cls: 0.3166  rpn_s.3.loss_bbox: 0.0376  rpn_s.3.loss_giou: 0.3504  s0.loss_cls: 0.3596  s0.pos_acc: 100.0000  s0.loss_bbox: 0.6311  s0.loss_iou: 1.2084  s1.loss_cls: 0.3867  s1.pos_acc: 100.0000  s1.loss_bbox: 0.6666  s1.loss_iou: 1.2564
2026/03/27 16:23:31 - mmengine - INFO - Epoch(train) [11][ 9600/10002]  lr: 2.5000e-05  eta: 20:33:40  time: 0.3839  data_time: 0.0033  memory: 7330  grad_norm: 100.5669  loss: 7.9704  rpn_s.0.loss_cls: 0.5872  rpn_s.0.loss_bbox: 0.1137  rpn_s.0.loss_giou: 0.8081  rpn_s.1.loss_cls: 0.4148  rpn_s.1.loss_bbox: 0.0498  rpn_s.1.loss_giou: 0.4005  rpn_s.2.loss_cls: 0.3344  rpn_s.2.loss_bbox: 0.0413  rpn_s.2.loss_giou: 0.3390  rpn_s.3.loss_cls: 0.2970  rpn_s.3.loss_bbox: 0.0395  rpn_s.3.loss_giou: 0.3224  s0.loss_cls: 0.3417  s0.pos_acc: 80.0000  s0.loss_bbox: 0.6227  s0.loss_iou: 1.0759  s1.loss_cls: 0.3696  s1.pos_acc: 80.0000  s1.loss_bbox: 0.6737  s1.loss_iou: 1.1393
2026/03/27 16:23:50 - mmengine - INFO - Epoch(train) [11][ 9650/10002]  lr: 2.5000e-05  eta: 20:32:55  time: 0.3803  data_time: 0.0033  memory: 7329  grad_norm: 77.0470  loss: 8.2049  rpn_s.0.loss_cls: 0.6613  rpn_s.0.loss_bbox: 0.1060  rpn_s.0.loss_giou: 0.8291  rpn_s.1.loss_cls: 0.4530  rpn_s.1.loss_bbox: 0.0445  rpn_s.1.loss_giou: 0.3961  rpn_s.2.loss_cls: 0.3713  rpn_s.2.loss_bbox: 0.0374  rpn_s.2.loss_giou: 0.3403  rpn_s.3.loss_cls: 0.3317  rpn_s.3.loss_bbox: 0.0349  rpn_s.3.loss_giou: 0.3227  s0.loss_cls: 0.3777  s0.pos_acc: 76.6667  s0.loss_bbox: 0.6168  s0.loss_iou: 1.0936  s1.loss_cls: 0.3970  s1.pos_acc: 75.3333  s1.loss_bbox: 0.6482  s1.loss_iou: 1.1436
2026/03/27 16:24:09 - mmengine - INFO - Epoch(train) [11][ 9700/10002]  lr: 2.5000e-05  eta: 20:32:11  time: 0.3826  data_time: 0.0032  memory: 7330  grad_norm: 86.6418  loss: 7.8481  rpn_s.0.loss_cls: 0.5743  rpn_s.0.loss_bbox: 0.1149  rpn_s.0.loss_giou: 0.7310  rpn_s.1.loss_cls: 0.3966  rpn_s.1.loss_bbox: 0.0555  rpn_s.1.loss_giou: 0.3774  rpn_s.2.loss_cls: 0.3377  rpn_s.2.loss_bbox: 0.0507  rpn_s.2.loss_giou: 0.3286  rpn_s.3.loss_cls: 0.2945  rpn_s.3.loss_bbox: 0.0444  rpn_s.3.loss_giou: 0.3126  s0.loss_cls: 0.3453  s0.pos_acc: 100.0000  s0.loss_bbox: 0.6418  s0.loss_iou: 1.0772  s1.loss_cls: 0.3684  s1.pos_acc: 100.0000  s1.loss_bbox: 0.6633  s1.loss_iou: 1.1341
2026/03/27 16:24:29 - mmengine - INFO - Epoch(train) [11][ 9750/10002]  lr: 2.5000e-05  eta: 20:31:30  time: 0.3937  data_time: 0.0033  memory: 7330  grad_norm: 81.5195  loss: 8.6800  rpn_s.0.loss_cls: 0.6595  rpn_s.0.loss_bbox: 0.1122  rpn_s.0.loss_giou: 0.8891  rpn_s.1.loss_cls: 0.4542  rpn_s.1.loss_bbox: 0.0482  rpn_s.1.loss_giou: 0.4524  rpn_s.2.loss_cls: 0.3667  rpn_s.2.loss_bbox: 0.0405  rpn_s.2.loss_giou: 0.3924  rpn_s.3.loss_cls: 0.3322  rpn_s.3.loss_bbox: 0.0383  rpn_s.3.loss_giou: 0.3734  s0.loss_cls: 0.3810  s0.pos_acc: 77.9279  s0.loss_bbox: 0.5903  s0.loss_iou: 1.2285  s1.loss_cls: 0.4022  s1.pos_acc: 77.9279  s1.loss_bbox: 0.6397  s1.loss_iou: 1.2792
2026/03/27 16:24:48 - mmengine - INFO - Epoch(train) [11][ 9800/10002]  lr: 2.5000e-05  eta: 20:30:46  time: 0.3834  data_time: 0.0032  memory: 7330  grad_norm: 89.9179  loss: 8.4007  rpn_s.0.loss_cls: 0.6100  rpn_s.0.loss_bbox: 0.1048  rpn_s.0.loss_giou: 0.8023  rpn_s.1.loss_cls: 0.4427  rpn_s.1.loss_bbox: 0.0438  rpn_s.1.loss_giou: 0.4016  rpn_s.2.loss_cls: 0.3667  rpn_s.2.loss_bbox: 0.0385  rpn_s.2.loss_giou: 0.3568  rpn_s.3.loss_cls: 0.3322  rpn_s.3.loss_bbox: 0.0357  rpn_s.3.loss_giou: 0.3390  s0.loss_cls: 0.3787  s0.pos_acc: 83.3333  s0.loss_bbox: 0.6409  s0.loss_iou: 1.1593  s1.loss_cls: 0.4232  s1.pos_acc: 83.3333  s1.loss_bbox: 0.7117  s1.loss_iou: 1.2127
2026/03/27 16:25:07 - mmengine - INFO - Epoch(train) [11][ 9850/10002]  lr: 2.5000e-05  eta: 20:30:02  time: 0.3825  data_time: 0.0032  memory: 7330  grad_norm: 81.3763  loss: 8.6463  rpn_s.0.loss_cls: 0.6228  rpn_s.0.loss_bbox: 0.1141  rpn_s.0.loss_giou: 0.8869  rpn_s.1.loss_cls: 0.4298  rpn_s.1.loss_bbox: 0.0502  rpn_s.1.loss_giou: 0.4398  rpn_s.2.loss_cls: 0.3604  rpn_s.2.loss_bbox: 0.0413  rpn_s.2.loss_giou: 0.3772  rpn_s.3.loss_cls: 0.3224  rpn_s.3.loss_bbox: 0.0382  rpn_s.3.loss_giou: 0.3583  s0.loss_cls: 0.3519  s0.pos_acc: 87.5000  s0.loss_bbox: 0.6459  s0.loss_iou: 1.2447  s1.loss_cls: 0.3854  s1.pos_acc: 68.7500  s1.loss_bbox: 0.6994  s1.loss_iou: 1.2776
2026/03/27 16:25:26 - mmengine - INFO - Epoch(train) [11][ 9900/10002]  lr: 2.5000e-05  eta: 20:29:17  time: 0.3811  data_time: 0.0033  memory: 7329  grad_norm: 93.3067  loss: 8.3441  rpn_s.0.loss_cls: 0.6309  rpn_s.0.loss_bbox: 0.1131  rpn_s.0.loss_giou: 0.8330  rpn_s.1.loss_cls: 0.4472  rpn_s.1.loss_bbox: 0.0455  rpn_s.1.loss_giou: 0.4056  rpn_s.2.loss_cls: 0.3652  rpn_s.2.loss_bbox: 0.0376  rpn_s.2.loss_giou: 0.3501  rpn_s.3.loss_cls: 0.3275  rpn_s.3.loss_bbox: 0.0352  rpn_s.3.loss_giou: 0.3340  s0.loss_cls: 0.3776  s0.pos_acc: 57.1429  s0.loss_bbox: 0.6426  s0.loss_iou: 1.1242  s1.loss_cls: 0.3987  s1.pos_acc: 53.5714  s1.loss_bbox: 0.6904  s1.loss_iou: 1.1857
2026/03/27 16:25:45 - mmengine - INFO - Epoch(train) [11][ 9950/10002]  lr: 2.5000e-05  eta: 20:28:34  time: 0.3853  data_time: 0.0032  memory: 7330  grad_norm: 77.6660  loss: 8.2385  rpn_s.0.loss_cls: 0.6146  rpn_s.0.loss_bbox: 0.1141  rpn_s.0.loss_giou: 0.8256  rpn_s.1.loss_cls: 0.4492  rpn_s.1.loss_bbox: 0.0460  rpn_s.1.loss_giou: 0.3928  rpn_s.2.loss_cls: 0.3644  rpn_s.2.loss_bbox: 0.0380  rpn_s.2.loss_giou: 0.3334  rpn_s.3.loss_cls: 0.3230  rpn_s.3.loss_bbox: 0.0350  rpn_s.3.loss_giou: 0.3115  s0.loss_cls: 0.3580  s0.pos_acc: 50.0000  s0.loss_bbox: 0.6596  s0.loss_iou: 1.1093  s1.loss_cls: 0.3741  s1.pos_acc: 50.0000  s1.loss_bbox: 0.7521  s1.loss_iou: 1.1377
2026/03/27 16:25:59 - mmengine - INFO - Exp name: GSDet_r50_b900_h2h4_h2r1_r2r1_2x_fair1m1.0_20260327_123453
2026/03/27 16:26:04 - mmengine - INFO - Epoch(train) [11][10000/10002]  lr: 2.5000e-05  eta: 20:27:49  time: 0.3756  data_time: 0.0032  memory: 7329  grad_norm: 89.4647  loss: 7.9070  rpn_s.0.loss_cls: 0.6392  rpn_s.0.loss_bbox: 0.1012  rpn_s.0.loss_giou: 0.7794  rpn_s.1.loss_cls: 0.4577  rpn_s.1.loss_bbox: 0.0408  rpn_s.1.loss_giou: 0.3658  rpn_s.2.loss_cls: 0.3723  rpn_s.2.loss_bbox: 0.0346  rpn_s.2.loss_giou: 0.3153  rpn_s.3.loss_cls: 0.3310  rpn_s.3.loss_bbox: 0.0317  rpn_s.3.loss_giou: 0.2966  s0.loss_cls: 0.3656  s0.pos_acc: 66.0000  s0.loss_bbox: 0.6296  s0.loss_iou: 0.9928  s1.loss_cls: 0.3950  s1.pos_acc: 66.0000  s1.loss_bbox: 0.7001  s1.loss_iou: 1.0582
2026/03/27 16:26:05 - mmengine - INFO - Exp name: GSDet_r50_b900_h2h4_h2r1_r2r1_2x_fair1m1.0_20260327_123453
2026/03/27 16:26:05 - mmengine - INFO - Saving checkpoint at 11 epochs
2026/03/27 16:26:26 - mmengine - INFO - Epoch(train) [12][   50/10002]  lr: 2.5000e-05  eta: 20:27:03  time: 0.3835  data_time: 0.0052  memory: 7329  grad_norm: 91.9177  loss: 8.4812  rpn_s.0.loss_cls: 0.6208  rpn_s.0.loss_bbox: 0.1074  rpn_s.0.loss_giou: 0.8228  rpn_s.1.loss_cls: 0.4593  rpn_s.1.loss_bbox: 0.0463  rpn_s.1.loss_giou: 0.4067  rpn_s.2.loss_cls: 0.3781  rpn_s.2.loss_bbox: 0.0404  rpn_s.2.loss_giou: 0.3614  rpn_s.3.loss_cls: 0.3342  rpn_s.3.loss_bbox: 0.0383  rpn_s.3.loss_giou: 0.3461  s0.loss_cls: 0.3686  s0.pos_acc: 83.3333  s0.loss_bbox: 0.6287  s0.loss_iou: 1.2047  s1.loss_cls: 0.3951  s1.pos_acc: 91.6667  s1.loss_bbox: 0.6627  s1.loss_iou: 1.2597
2026/03/27 16:26:45 - mmengine - INFO - Epoch(train) [12][  100/10002]  lr: 2.5000e-05  eta: 20:26:19  time: 0.3803  data_time: 0.0033  memory: 7329  grad_norm: 95.4055  loss: 8.3727  rpn_s.0.loss_cls: 0.6182  rpn_s.0.loss_bbox: 0.1187  rpn_s.0.loss_giou: 0.8316  rpn_s.1.loss_cls: 0.4248  rpn_s.1.loss_bbox: 0.0539  rpn_s.1.loss_giou: 0.4130  rpn_s.2.loss_cls: 0.3543  rpn_s.2.loss_bbox: 0.0475  rpn_s.2.loss_giou: 0.3575  rpn_s.3.loss_cls: 0.3250  rpn_s.3.loss_bbox: 0.0457  rpn_s.3.loss_giou: 0.3421  s0.loss_cls: 0.3769  s0.pos_acc: 75.0000  s0.loss_bbox: 0.6760  s0.loss_iou: 1.1357  s1.loss_cls: 0.3988  s1.pos_acc: 81.2500  s1.loss_bbox: 0.6787  s1.loss_iou: 1.1742
2026/03/27 16:27:04 - mmengine - INFO - Epoch(train) [12][  150/10002]  lr: 2.5000e-05  eta: 20:25:34  time: 0.3785  data_time: 0.0033  memory: 7329  grad_norm: 76.5533  loss: 8.3011  rpn_s.0.loss_cls: 0.5994  rpn_s.0.loss_bbox: 0.1045  rpn_s.0.loss_giou: 0.8401  rpn_s.1.loss_cls: 0.4303  rpn_s.1.loss_bbox: 0.0415  rpn_s.1.loss_giou: 0.4092  rpn_s.2.loss_cls: 0.3663  rpn_s.2.loss_bbox: 0.0348  rpn_s.2.loss_giou: 0.3548  rpn_s.3.loss_cls: 0.3290  rpn_s.3.loss_bbox: 0.0325  rpn_s.3.loss_giou: 0.3418  s0.loss_cls: 0.3810  s0.pos_acc: 87.5000  s0.loss_bbox: 0.6287  s0.loss_iou: 1.1141  s1.loss_cls: 0.4067  s1.pos_acc: 93.7500  s1.loss_bbox: 0.7141  s1.loss_iou: 1.1722
2026/03/27 16:27:23 - mmengine - INFO - Epoch(train) [12][  200/10002]  lr: 2.5000e-05  eta: 20:24:51  time: 0.3838  data_time: 0.0033  memory: 7330  grad_norm: 79.8083  loss: 8.2738  rpn_s.0.loss_cls: 0.6054  rpn_s.0.loss_bbox: 0.1146  rpn_s.0.loss_giou: 0.8448  rpn_s.1.loss_cls: 0.4306  rpn_s.1.loss_bbox: 0.0486  rpn_s.1.loss_giou: 0.4172  rpn_s.2.loss_cls: 0.3414  rpn_s.2.loss_bbox: 0.0394  rpn_s.2.loss_giou: 0.3551  rpn_s.3.loss_cls: 0.3078  rpn_s.3.loss_bbox: 0.0362  rpn_s.3.loss_giou: 0.3356  s0.loss_cls: 0.3517  s0.pos_acc: 96.1538  s0.loss_bbox: 0.6191  s0.loss_iou: 1.1695  s1.loss_cls: 0.3635  s1.pos_acc: 100.0000  s1.loss_bbox: 0.6584  s1.loss_iou: 1.2349
2026/03/27 16:27:43 - mmengine - INFO - Epoch(train) [12][  250/10002]  lr: 2.5000e-05  eta: 20:24:09  time: 0.3888  data_time: 0.0033  memory: 7330  grad_norm: 84.5542  loss: 8.7476  rpn_s.0.loss_cls: 0.6268  rpn_s.0.loss_bbox: 0.1187  rpn_s.0.loss_giou: 0.8749  rpn_s.1.loss_cls: 0.4400  rpn_s.1.loss_bbox: 0.0529  rpn_s.1.loss_giou: 0.4473  rpn_s.2.loss_cls: 0.3721  rpn_s.2.loss_bbox: 0.0444  rpn_s.2.loss_giou: 0.3845  rpn_s.3.loss_cls: 0.3313  rpn_s.3.loss_bbox: 0.0409  rpn_s.3.loss_giou: 0.3678  s0.loss_cls: 0.3833  s0.pos_acc: 90.3226  s0.loss_bbox: 0.5836  s0.loss_iou: 1.2899  s1.loss_cls: 0.4013  s1.pos_acc: 93.5484  s1.loss_bbox: 0.6304  s1.loss_iou: 1.3576
2026/03/27 16:28:02 - mmengine - INFO - Epoch(train) [12][  300/10002]  lr: 2.5000e-05  eta: 20:23:25  time: 0.3804  data_time: 0.0033  memory: 7330  grad_norm: 78.8865  loss: 8.5371  rpn_s.0.loss_cls: 0.6348  rpn_s.0.loss_bbox: 0.1098  rpn_s.0.loss_giou: 0.8545  rpn_s.1.loss_cls: 0.4351  rpn_s.1.loss_bbox: 0.0470  rpn_s.1.loss_giou: 0.4268  rpn_s.2.loss_cls: 0.3473  rpn_s.2.loss_bbox: 0.0412  rpn_s.2.loss_giou: 0.3786  rpn_s.3.loss_cls: 0.3058  rpn_s.3.loss_bbox: 0.0388  rpn_s.3.loss_giou: 0.3577  s0.loss_cls: 0.3594  s0.pos_acc: 88.8889  s0.loss_bbox: 0.6618  s0.loss_iou: 1.2201  s1.loss_cls: 0.3729  s1.pos_acc: 88.8889  s1.loss_bbox: 0.6844  s1.loss_iou: 1.2609
2026/03/27 16:28:21 - mmengine - INFO - Epoch(train) [12][  350/10002]  lr: 2.5000e-05  eta: 20:22:42  time: 0.3823  data_time: 0.0033  memory: 7330  grad_norm: 120.0444  loss: 8.2341  rpn_s.0.loss_cls: 0.6085  rpn_s.0.loss_bbox: 0.1141  rpn_s.0.loss_giou: 0.8528  rpn_s.1.loss_cls: 0.4130  rpn_s.1.loss_bbox: 0.0489  rpn_s.1.loss_giou: 0.4208  rpn_s.2.loss_cls: 0.3410  rpn_s.2.loss_bbox: 0.0408  rpn_s.2.loss_giou: 0.3660  rpn_s.3.loss_cls: 0.2894  rpn_s.3.loss_bbox: 0.0396  rpn_s.3.loss_giou: 0.3529  s0.loss_cls: 0.3323  s0.pos_acc: 100.0000  s0.loss_bbox: 0.6412  s0.loss_iou: 1.1584  s1.loss_cls: 0.3515  s1.pos_acc: 100.0000  s1.loss_bbox: 0.6387  s1.loss_iou: 1.2242
2026/03/27 16:28:40 - mmengine - INFO - Epoch(train) [12][  400/10002]  lr: 2.5000e-05  eta: 20:21:59  time: 0.3831  data_time: 0.0033  memory: 7330  grad_norm: 86.9590  loss: 8.2631  rpn_s.0.loss_cls: 0.6080  rpn_s.0.loss_bbox: 0.1218  rpn_s.0.loss_giou: 0.8411  rpn_s.1.loss_cls: 0.4450  rpn_s.1.loss_bbox: 0.0484  rpn_s.1.loss_giou: 0.3979  rpn_s.2.loss_cls: 0.3697  rpn_s.2.loss_bbox: 0.0407  rpn_s.2.loss_giou: 0.3420  rpn_s.3.loss_cls: 0.3341  rpn_s.3.loss_bbox: 0.0383  rpn_s.3.loss_giou: 0.3272  s0.loss_cls: 0.3535  s0.pos_acc: 66.6667  s0.loss_bbox: 0.6356  s0.loss_iou: 1.1376  s1.loss_cls: 0.3715  s1.pos_acc: 58.3333  s1.loss_bbox: 0.6628  s1.loss_iou: 1.1878
2026/03/27 16:28:59 - mmengine - INFO - Epoch(train) [12][  450/10002]  lr: 2.5000e-05  eta: 20:21:16  time: 0.3816  data_time: 0.0033  memory: 7330  grad_norm: 71.9698  loss: 8.3959  rpn_s.0.loss_cls: 0.6328  rpn_s.0.loss_bbox: 0.1110  rpn_s.0.loss_giou: 0.8871  rpn_s.1.loss_cls: 0.4411  rpn_s.1.loss_bbox: 0.0437  rpn_s.1.loss_giou: 0.4300  rpn_s.2.loss_cls: 0.3611  rpn_s.2.loss_bbox: 0.0362  rpn_s.2.loss_giou: 0.3674  rpn_s.3.loss_cls: 0.3207  rpn_s.3.loss_bbox: 0.0332  rpn_s.3.loss_giou: 0.3467  s0.loss_cls: 0.3531  s0.pos_acc: 90.4762  s0.loss_bbox: 0.5963  s0.loss_iou: 1.1798  s1.loss_cls: 0.3708  s1.pos_acc: 95.2381  s1.loss_bbox: 0.6470  s1.loss_iou: 1.2378
2026/03/27 16:29:18 - mmengine - INFO - Epoch(train) [12][  500/10002]  lr: 2.5000e-05  eta: 20:20:30  time: 0.3736  data_time: 0.0033  memory: 7330  grad_norm: 103.3306  loss: 8.5844  rpn_s.0.loss_cls: 0.6556  rpn_s.0.loss_bbox: 0.1043  rpn_s.0.loss_giou: 0.8996  rpn_s.1.loss_cls: 0.4564  rpn_s.1.loss_bbox: 0.0422  rpn_s.1.loss_giou: 0.4272  rpn_s.2.loss_cls: 0.3732  rpn_s.2.loss_bbox: 0.0352  rpn_s.2.loss_giou: 0.3668  rpn_s.3.loss_cls: 0.3332  rpn_s.3.loss_bbox: 0.0332  rpn_s.3.loss_giou: 0.3454  s0.loss_cls: 0.3764  s0.pos_acc: 64.4445  s0.loss_bbox: 0.6487  s0.loss_iou: 1.1584  s1.loss_cls: 0.3942  s1.pos_acc: 66.6667  s1.loss_bbox: 0.7114  s1.loss_iou: 1.2229
2026/03/27 16:29:37 - mmengine - INFO - Epoch(train) [12][  550/10002]  lr: 2.5000e-05  eta: 20:19:45  time: 0.3718  data_time: 0.0033  memory: 7329  grad_norm: 72.7502  loss: 7.9982  rpn_s.0.loss_cls: 0.6142  rpn_s.0.loss_bbox: 0.0979  rpn_s.0.loss_giou: 0.7982  rpn_s.1.loss_cls: 0.4282  rpn_s.1.loss_bbox: 0.0422  rpn_s.1.loss_giou: 0.3978  rpn_s.2.loss_cls: 0.3573  rpn_s.2.loss_bbox: 0.0359  rpn_s.2.loss_giou: 0.3429  rpn_s.3.loss_cls: 0.3096  rpn_s.3.loss_bbox: 0.0332  rpn_s.3.loss_giou: 0.3236  s0.loss_cls: 0.3435  s0.pos_acc: 79.1667  s0.loss_bbox: 0.6211  s0.loss_iou: 1.0827  s1.loss_cls: 0.3663  s1.pos_acc: 84.7222  s1.loss_bbox: 0.6786  s1.loss_iou: 1.1251
2026/03/27 16:29:55 - mmengine - INFO - Epoch(train) [12][  600/10002]  lr: 2.5000e-05  eta: 20:19:00  time: 0.3749  data_time: 0.0033  memory: 7330  grad_norm: 73.5836  loss: 8.3900  rpn_s.0.loss_cls: 0.6358  rpn_s.0.loss_bbox: 0.1060  rpn_s.0.loss_giou: 0.8515  rpn_s.1.loss_cls: 0.4388  rpn_s.1.loss_bbox: 0.0436  rpn_s.1.loss_giou: 0.4094  rpn_s.2.loss_cls: 0.3658  rpn_s.2.loss_bbox: 0.0364  rpn_s.2.loss_giou: 0.3577  rpn_s.3.loss_cls: 0.3245  rpn_s.3.loss_bbox: 0.0344  rpn_s.3.loss_giou: 0.3401  s0.loss_cls: 0.3553  s0.pos_acc: 88.8889  s0.loss_bbox: 0.6545  s0.loss_iou: 1.1164  s1.loss_cls: 0.3758  s1.pos_acc: 88.8889  s1.loss_bbox: 0.7484  s1.loss_iou: 1.1955
2026/03/27 16:30:14 - mmengine - INFO - Epoch(train) [12][  650/10002]  lr: 2.5000e-05  eta: 20:18:15  time: 0.3742  data_time: 0.0033  memory: 7330  grad_norm: 100.2332  loss: 7.4017  rpn_s.0.loss_cls: 0.5620  rpn_s.0.loss_bbox: 0.0955  rpn_s.0.loss_giou: 0.6891  rpn_s.1.loss_cls: 0.4084  rpn_s.1.loss_bbox: 0.0423  rpn_s.1.loss_giou: 0.3429  rpn_s.2.loss_cls: 0.3357  rpn_s.2.loss_bbox: 0.0362  rpn_s.2.loss_giou: 0.3012  rpn_s.3.loss_cls: 0.2963  rpn_s.3.loss_bbox: 0.0339  rpn_s.3.loss_giou: 0.2868  s0.loss_cls: 0.3257  s0.pos_acc: 60.0000  s0.loss_bbox: 0.6548  s0.loss_iou: 0.9408  s1.loss_cls: 0.3480  s1.pos_acc: 60.0000  s1.loss_bbox: 0.7028  s1.loss_iou: 0.9991
2026/03/27 16:30:33 - mmengine - INFO - Epoch(train) [12][  700/10002]  lr: 2.5000e-05  eta: 20:17:31  time: 0.3764  data_time: 0.0033  memory: 7329  grad_norm: 94.0683  loss: 8.1408  rpn_s.0.loss_cls: 0.6082  rpn_s.0.loss_bbox: 0.1060  rpn_s.0.loss_giou: 0.8015  rpn_s.1.loss_cls: 0.4440  rpn_s.1.loss_bbox: 0.0431  rpn_s.1.loss_giou: 0.3972  rpn_s.2.loss_cls: 0.3768  rpn_s.2.loss_bbox: 0.0356  rpn_s.2.loss_giou: 0.3372  rpn_s.3.loss_cls: 0.3457  rpn_s.3.loss_bbox: 0.0333  rpn_s.3.loss_giou: 0.3232  s0.loss_cls: 0.3870  s0.pos_acc: 100.0000  s0.loss_bbox: 0.5906  s0.loss_iou: 1.1102  s1.loss_cls: 0.4349  s1.pos_acc: 100.0000  s1.loss_bbox: 0.5998  s1.loss_iou: 1.1665
2026/03/27 16:30:52 - mmengine - INFO - Epoch(train) [12][  750/10002]  lr: 2.5000e-05  eta: 20:16:47  time: 0.3789  data_time: 0.0033  memory: 7329  grad_norm: 74.5182  loss: 7.9249  rpn_s.0.loss_cls: 0.5902  rpn_s.0.loss_bbox: 0.1103  rpn_s.0.loss_giou: 0.7995  rpn_s.1.loss_cls: 0.4015  rpn_s.1.loss_bbox: 0.0478  rpn_s.1.loss_giou: 0.4049  rpn_s.2.loss_cls: 0.3204  rpn_s.2.loss_bbox: 0.0409  rpn_s.2.loss_giou: 0.3549  rpn_s.3.loss_cls: 0.2776  rpn_s.3.loss_bbox: 0.0382  rpn_s.3.loss_giou: 0.3384  s0.loss_cls: 0.3270  s0.pos_acc: 66.6667  s0.loss_bbox: 0.6148  s0.loss_iou: 1.1352  s1.loss_cls: 0.3472  s1.pos_acc: 66.9399  s1.loss_bbox: 0.6188  s1.loss_iou: 1.1572
2026/03/27 16:31:11 - mmengine - INFO - Epoch(train) [12][  800/10002]  lr: 2.5000e-05  eta: 20:16:02  time: 0.3743  data_time: 0.0032  memory: 7329  grad_norm: 82.3076  loss: 7.8620  rpn_s.0.loss_cls: 0.6051  rpn_s.0.loss_bbox: 0.1071  rpn_s.0.loss_giou: 0.7674  rpn_s.1.loss_cls: 0.4108  rpn_s.1.loss_bbox: 0.0474  rpn_s.1.loss_giou: 0.3770  rpn_s.2.loss_cls: 0.3319  rpn_s.2.loss_bbox: 0.0413  rpn_s.2.loss_giou: 0.3356  rpn_s.3.loss_cls: 0.2907  rpn_s.3.loss_bbox: 0.0382  rpn_s.3.loss_giou: 0.3167  s0.loss_cls: 0.3321  s0.pos_acc: 59.8039  s0.loss_bbox: 0.6632  s0.loss_iou: 1.0584  s1.loss_cls: 0.3560  s1.pos_acc: 56.3726  s1.loss_bbox: 0.6745  s1.loss_iou: 1.1085
2026/03/27 16:31:29 - mmengine - INFO - Epoch(train) [12][  850/10002]  lr: 2.5000e-05  eta: 20:15:19  time: 0.3785  data_time: 0.0032  memory: 7329  grad_norm: 87.4517  loss: 8.3940  rpn_s.0.loss_cls: 0.6254  rpn_s.0.loss_bbox: 0.1147  rpn_s.0.loss_giou: 0.7997  rpn_s.1.loss_cls: 0.4520  rpn_s.1.loss_bbox: 0.0537  rpn_s.1.loss_giou: 0.4203  rpn_s.2.loss_cls: 0.3664  rpn_s.2.loss_bbox: 0.0439  rpn_s.2.loss_giou: 0.3569  rpn_s.3.loss_cls: 0.3254  rpn_s.3.loss_bbox: 0.0413  rpn_s.3.loss_giou: 0.3418  s0.loss_cls: 0.3877  s0.pos_acc: 66.6667  s0.loss_bbox: 0.6572  s0.loss_iou: 1.1921  s1.loss_cls: 0.3870  s1.pos_acc: 72.2222  s1.loss_bbox: 0.5934  s1.loss_iou: 1.2351
2026/03/27 16:31:49 - mmengine - INFO - Epoch(train) [12][  900/10002]  lr: 2.5000e-05  eta: 20:14:40  time: 0.3971  data_time: 0.0032  memory: 7330  grad_norm: 83.1803  loss: 8.3275  rpn_s.0.loss_cls: 0.5902  rpn_s.0.loss_bbox: 0.1097  rpn_s.0.loss_giou: 0.8501  rpn_s.1.loss_cls: 0.4269  rpn_s.1.loss_bbox: 0.0478  rpn_s.1.loss_giou: 0.4235  rpn_s.2.loss_cls: 0.3528  rpn_s.2.loss_bbox: 0.0401  rpn_s.2.loss_giou: 0.3633  rpn_s.3.loss_cls: 0.3131  rpn_s.3.loss_bbox: 0.0372  rpn_s.3.loss_giou: 0.3410  s0.loss_cls: 0.3582  s0.pos_acc: 72.7273  s0.loss_bbox: 0.6310  s0.loss_iou: 1.1798  s1.loss_cls: 0.3777  s1.pos_acc: 68.1818  s1.loss_bbox: 0.6456  s1.loss_iou: 1.2396
2026/03/27 16:32:08 - mmengine - INFO - Epoch(train) [12][  950/10002]  lr: 2.5000e-05  eta: 20:13:56  time: 0.3746  data_time: 0.0032  memory: 7329  grad_norm: 85.2481  loss: 8.1953  rpn_s.0.loss_cls: 0.6207  rpn_s.0.loss_bbox: 0.1137  rpn_s.0.loss_giou: 0.7705  rpn_s.1.loss_cls: 0.4286  rpn_s.1.loss_bbox: 0.0530  rpn_s.1.loss_giou: 0.4061  rpn_s.2.loss_cls: 0.3465  rpn_s.2.loss_bbox: 0.0426  rpn_s.2.loss_giou: 0.3494  rpn_s.3.loss_cls: 0.3133  rpn_s.3.loss_bbox: 0.0403  rpn_s.3.loss_giou: 0.3289  s0.loss_cls: 0.3483  s0.pos_acc: 88.4615  s0.loss_bbox: 0.6604  s0.loss_iou: 1.1570  s1.loss_cls: 0.3653  s1.pos_acc: 84.6154  s1.loss_bbox: 0.6507  s1.loss_iou: 1.2001
2026/03/27 16:32:21 - mmengine - INFO - Exp name: GSDet_r50_b900_h2h4_h2r1_r2r1_2x_fair1m1.0_20260327_123453
2026/03/27 16:32:27 - mmengine - INFO - Epoch(train) [12][ 1000/10002]  lr: 2.5000e-05  eta: 20:13:13  time: 0.3780  data_time: 0.0032  memory: 7329  grad_norm: 81.7351  loss: 7.7872  rpn_s.0.loss_cls: 0.5959  rpn_s.0.loss_bbox: 0.1058  rpn_s.0.loss_giou: 0.7659  rpn_s.1.loss_cls: 0.4123  rpn_s.1.loss_bbox: 0.0455  rpn_s.1.loss_giou: 0.3782  rpn_s.2.loss_cls: 0.3444  rpn_s.2.loss_bbox: 0.0373  rpn_s.2.loss_giou: 0.3221  rpn_s.3.loss_cls: 0.2940  rpn_s.3.loss_bbox: 0.0347  rpn_s.3.loss_giou: 0.3039  s0.loss_cls: 0.3352  s0.pos_acc: 85.4839  s0.loss_bbox: 0.6291  s0.loss_iou: 1.0702  s1.loss_cls: 0.3471  s1.pos_acc: 85.4839  s1.loss_bbox: 0.6474  s1.loss_iou: 1.1182
2026/03/27 16:32:46 - mmengine - INFO - Epoch(train) [12][ 1050/10002]  lr: 2.5000e-05  eta: 20:12:29  time: 0.3752  data_time: 0.0031  memory: 7329  grad_norm: 85.3613  loss: 9.0788  rpn_s.0.loss_cls: 0.6750  rpn_s.0.loss_bbox: 0.1114  rpn_s.0.loss_giou: 0.8683  rpn_s.1.loss_cls: 0.4646  rpn_s.1.loss_bbox: 0.0496  rpn_s.1.loss_giou: 0.4552  rpn_s.2.loss_cls: 0.3897  rpn_s.2.loss_bbox: 0.0428  rpn_s.2.loss_giou: 0.4004  rpn_s.3.loss_cls: 0.3474  rpn_s.3.loss_bbox: 0.0399  rpn_s.3.loss_giou: 0.3771  s0.loss_cls: 0.3837  s0.pos_acc: 100.0000  s0.loss_bbox: 0.6478  s0.loss_iou: 1.3495  s1.loss_cls: 0.4064  s1.pos_acc: 100.0000  s1.loss_bbox: 0.6597  s1.loss_iou: 1.4101
2026/03/27 16:33:05 - mmengine - INFO - Epoch(train) [12][ 1100/10002]  lr: 2.5000e-05  eta: 20:11:45  time: 0.3773  data_time: 0.0031  memory: 7329  grad_norm: 84.4680  loss: 8.2920  rpn_s.0.loss_cls: 0.6392  rpn_s.0.loss_bbox: 0.1051  rpn_s.0.loss_giou: 0.8292  rpn_s.1.loss_cls: 0.4331  rpn_s.1.loss_bbox: 0.0435  rpn_s.1.loss_giou: 0.4044  rpn_s.2.loss_cls: 0.3683  rpn_s.2.loss_bbox: 0.0358  rpn_s.2.loss_giou: 0.3477  rpn_s.3.loss_cls: 0.3261  rpn_s.3.loss_bbox: 0.0333  rpn_s.3.loss_giou: 0.3302  s0.loss_cls: 0.3647  s0.pos_acc: 75.0000  s0.loss_bbox: 0.6175  s0.loss_iou: 1.1482  s1.loss_cls: 0.3786  s1.pos_acc: 75.0000  s1.loss_bbox: 0.6760  s1.loss_iou: 1.2111
2026/03/27 16:33:23 - mmengine - INFO - Epoch(train) [12][ 1150/10002]  lr: 2.5000e-05  eta: 20:11:01  time: 0.3745  data_time: 0.0031  memory: 7329  grad_norm: 106.4222  loss: 8.1692  rpn_s.0.loss_cls: 0.6204  rpn_s.0.loss_bbox: 0.1041  rpn_s.0.loss_giou: 0.7645  rpn_s.1.loss_cls: 0.4553  rpn_s.1.loss_bbox: 0.0452  rpn_s.1.loss_giou: 0.3829  rpn_s.2.loss_cls: 0.3867  rpn_s.2.loss_bbox: 0.0397  rpn_s.2.loss_giou: 0.3385  rpn_s.3.loss_cls: 0.3480  rpn_s.3.loss_bbox: 0.0365  rpn_s.3.loss_giou: 0.3207  s0.loss_cls: 0.3877  s0.pos_acc: 71.6667  s0.loss_bbox: 0.6457  s0.loss_iou: 1.0765  s1.loss_cls: 0.4055  s1.pos_acc: 78.3333  s1.loss_bbox: 0.6882  s1.loss_iou: 1.1230
2026/03/27 16:33:42 - mmengine - INFO - Epoch(train) [12][ 1200/10002]  lr: 2.5000e-05  eta: 20:10:19  time: 0.3816  data_time: 0.0031  memory: 7329  grad_norm: 97.7452  loss: 8.2435  rpn_s.0.loss_cls: 0.6183  rpn_s.0.loss_bbox: 0.1119  rpn_s.0.loss_giou: 0.8025  rpn_s.1.loss_cls: 0.4190  rpn_s.1.loss_bbox: 0.0503  rpn_s.1.loss_giou: 0.4014  rpn_s.2.loss_cls: 0.3486  rpn_s.2.loss_bbox: 0.0450  rpn_s.2.loss_giou: 0.3509  rpn_s.3.loss_cls: 0.3129  rpn_s.3.loss_bbox: 0.0423  rpn_s.3.loss_giou: 0.3346  s0.loss_cls: 0.3430  s0.pos_acc: 72.0430  s0.loss_bbox: 0.6552  s0.loss_iou: 1.1696  s1.loss_cls: 0.3624  s1.pos_acc: 75.2688  s1.loss_bbox: 0.6644  s1.loss_iou: 1.2113
2026/03/27 16:34:02 - mmengine - INFO - Epoch(train) [12][ 1250/10002]  lr: 2.5000e-05  eta: 20:09:38  time: 0.3856  data_time: 0.0031  memory: 7330  grad_norm: 82.2631  loss: 8.6281  rpn_s.0.loss_cls: 0.6525  rpn_s.0.loss_bbox: 0.1097  rpn_s.0.loss_giou: 0.8784  rpn_s.1.loss_cls: 0.4476  rpn_s.1.loss_bbox: 0.0456  rpn_s.1.loss_giou: 0.4318  rpn_s.2.loss_cls: 0.3779  rpn_s.2.loss_bbox: 0.0394  rpn_s.2.loss_giou: 0.3703  rpn_s.3.loss_cls: 0.3317  rpn_s.3.loss_bbox: 0.0374  rpn_s.3.loss_giou: 0.3578  s0.loss_cls: 0.3624  s0.pos_acc: 79.1667  s0.loss_bbox: 0.6397  s0.loss_iou: 1.2350  s1.loss_cls: 0.3948  s1.pos_acc: 76.0417  s1.loss_bbox: 0.6617  s1.loss_iou: 1.2541
2026/03/27 16:34:20 - mmengine - INFO - Epoch(train) [12][ 1300/10002]  lr: 2.5000e-05  eta: 20:08:54  time: 0.3743  data_time: 0.0031  memory: 7329  grad_norm: 105.9635  loss: 7.6071  rpn_s.0.loss_cls: 0.5926  rpn_s.0.loss_bbox: 0.0984  rpn_s.0.loss_giou: 0.7469  rpn_s.1.loss_cls: 0.4166  rpn_s.1.loss_bbox: 0.0427  rpn_s.1.loss_giou: 0.3632  rpn_s.2.loss_cls: 0.3243  rpn_s.2.loss_bbox: 0.0367  rpn_s.2.loss_giou: 0.3192  rpn_s.3.loss_cls: 0.2788  rpn_s.3.loss_bbox: 0.0347  rpn_s.3.loss_giou: 0.3042  s0.loss_cls: 0.3202  s0.pos_acc: 100.0000  s0.loss_bbox: 0.5783  s0.loss_iou: 1.0465  s1.loss_cls: 0.3489  s1.pos_acc: 100.0000  s1.loss_bbox: 0.6632  s1.loss_iou: 1.0917
2026/03/27 16:34:40 - mmengine - INFO - Epoch(train) [12][ 1350/10002]  lr: 2.5000e-05  eta: 20:08:13  time: 0.3840  data_time: 0.0031  memory: 7330  grad_norm: 92.0025  loss: 8.2867  rpn_s.0.loss_cls: 0.6367  rpn_s.0.loss_bbox: 0.1028  rpn_s.0.loss_giou: 0.8380  rpn_s.1.loss_cls: 0.4489  rpn_s.1.loss_bbox: 0.0427  rpn_s.1.loss_giou: 0.4244  rpn_s.2.loss_cls: 0.3717  rpn_s.2.loss_bbox: 0.0360  rpn_s.2.loss_giou: 0.3689  rpn_s.3.loss_cls: 0.3206  rpn_s.3.loss_bbox: 0.0335  rpn_s.3.loss_giou: 0.3481  s0.loss_cls: 0.3622  s0.pos_acc: 100.0000  s0.loss_bbox: 0.5637  s0.loss_iou: 1.1453  s1.loss_cls: 0.3888  s1.pos_acc: 90.0000  s1.loss_bbox: 0.6665  s1.loss_iou: 1.1880
2026/03/27 16:34:59 - mmengine - INFO - Epoch(train) [12][ 1400/10002]  lr: 2.5000e-05  eta: 20:07:30  time: 0.3791  data_time: 0.0031  memory: 7329  grad_norm: 82.2687  loss: 8.4993  rpn_s.0.loss_cls: 0.6278  rpn_s.0.loss_bbox: 0.1131  rpn_s.0.loss_giou: 0.8332  rpn_s.1.loss_cls: 0.4538  rpn_s.1.loss_bbox: 0.0469  rpn_s.1.loss_giou: 0.4193  rpn_s.2.loss_cls: 0.3683  rpn_s.2.loss_bbox: 0.0377  rpn_s.2.loss_giou: 0.3539  rpn_s.3.loss_cls: 0.3361  rpn_s.3.loss_bbox: 0.0348  rpn_s.3.loss_giou: 0.3339  s0.loss_cls: 0.3927  s0.pos_acc: 62.5000  s0.loss_bbox: 0.6091  s0.loss_iou: 1.2032  s1.loss_cls: 0.4072  s1.pos_acc: 64.6429  s1.loss_bbox: 0.6769  s1.loss_iou: 1.2513
2026/03/27 16:35:17 - mmengine - INFO - Epoch(train) [12][ 1450/10002]  lr: 2.5000e-05  eta: 20:06:47  time: 0.3762  data_time: 0.0031  memory: 7329  grad_norm: 90.0029  loss: 7.5677  rpn_s.0.loss_cls: 0.5984  rpn_s.0.loss_bbox: 0.1047  rpn_s.0.loss_giou: 0.7324  rpn_s.1.loss_cls: 0.4256  rpn_s.1.loss_bbox: 0.0473  rpn_s.1.loss_giou: 0.3642  rpn_s.2.loss_cls: 0.3323  rpn_s.2.loss_bbox: 0.0406  rpn_s.2.loss_giou: 0.3170  rpn_s.3.loss_cls: 0.2915  rpn_s.3.loss_bbox: 0.0388  rpn_s.3.loss_giou: 0.2991  s0.loss_cls: 0.3383  s0.pos_acc: 100.0000  s0.loss_bbox: 0.6206  s0.loss_iou: 0.9977  s1.loss_cls: 0.3382  s1.pos_acc: 100.0000  s1.loss_bbox: 0.6474  s1.loss_iou: 1.0333
2026/03/27 16:35:37 - mmengine - INFO - Epoch(train) [12][ 1500/10002]  lr: 2.5000e-05  eta: 20:06:06  time: 0.3846  data_time: 0.0031  memory: 7330  grad_norm: 65.9864  loss: 8.1575  rpn_s.0.loss_cls: 0.5978  rpn_s.0.loss_bbox: 0.1077  rpn_s.0.loss_giou: 0.7907  rpn_s.1.loss_cls: 0.4245  rpn_s.1.loss_bbox: 0.0461  rpn_s.1.loss_giou: 0.4034  rpn_s.2.loss_cls: 0.3458  rpn_s.2.loss_bbox: 0.0370  rpn_s.2.loss_giou: 0.3364  rpn_s.3.loss_cls: 0.2979  rpn_s.3.loss_bbox: 0.0336  rpn_s.3.loss_giou: 0.3151  s0.loss_cls: 0.3416  s0.pos_acc: 72.5000  s0.loss_bbox: 0.7091  s0.loss_iou: 1.1095  s1.loss_cls: 0.3481  s1.pos_acc: 67.5000  s1.loss_bbox: 0.7455  s1.loss_iou: 1.1677
2026/03/27 16:35:55 - mmengine - INFO - Epoch(train) [12][ 1550/10002]  lr: 2.5000e-05  eta: 20:05:24  time: 0.3768  data_time: 0.0031  memory: 7329  grad_norm: 75.7912  loss: 7.5325  rpn_s.0.loss_cls: 0.6165  rpn_s.0.loss_bbox: 0.1026  rpn_s.0.loss_giou: 0.7034  rpn_s.1.loss_cls: 0.4308  rpn_s.1.loss_bbox: 0.0466  rpn_s.1.loss_giou: 0.3461  rpn_s.2.loss_cls: 0.3508  rpn_s.2.loss_bbox: 0.0417  rpn_s.2.loss_giou: 0.3091  rpn_s.3.loss_cls: 0.3155  rpn_s.3.loss_bbox: 0.0398  rpn_s.3.loss_giou: 0.2939  s0.loss_cls: 0.3441  s0.pos_acc: 81.2500  s0.loss_bbox: 0.6005  s0.loss_iou: 0.9674  s1.loss_cls: 0.3703  s1.pos_acc: 75.0000  s1.loss_bbox: 0.6535  s1.loss_iou: 0.9998
2026/03/27 16:36:14 - mmengine - INFO - Epoch(train) [12][ 1600/10002]  lr: 2.5000e-05  eta: 20:04:42  time: 0.3801  data_time: 0.0031  memory: 7329  grad_norm: 79.0450  loss: 8.1869  rpn_s.0.loss_cls: 0.6105  rpn_s.0.loss_bbox: 0.1068  rpn_s.0.loss_giou: 0.7948  rpn_s.1.loss_cls: 0.4263  rpn_s.1.loss_bbox: 0.0442  rpn_s.1.loss_giou: 0.3948  rpn_s.2.loss_cls: 0.3430  rpn_s.2.loss_bbox: 0.0395  rpn_s.2.loss_giou: 0.3494  rpn_s.3.loss_cls: 0.2946  rpn_s.3.loss_bbox: 0.0359  rpn_s.3.loss_giou: 0.3322  s0.loss_cls: 0.3346  s0.pos_acc: 83.9286  s0.loss_bbox: 0.6301  s0.loss_iou: 1.1466  s1.loss_cls: 0.3770  s1.pos_acc: 82.7381  s1.loss_bbox: 0.7178  s1.loss_iou: 1.2087
2026/03/27 16:36:34 - mmengine - INFO - Epoch(train) [12][ 1650/10002]  lr: 2.5000e-05  eta: 20:04:00  time: 0.3823  data_time: 0.0031  memory: 7329  grad_norm: 72.2801  loss: 8.1876  rpn_s.0.loss_cls: 0.6235  rpn_s.0.loss_bbox: 0.1050  rpn_s.0.loss_giou: 0.8530  rpn_s.1.loss_cls: 0.4412  rpn_s.1.loss_bbox: 0.0423  rpn_s.1.loss_giou: 0.4050  rpn_s.2.loss_cls: 0.3708  rpn_s.2.loss_bbox: 0.0356  rpn_s.2.loss_giou: 0.3488  rpn_s.3.loss_cls: 0.3341  rpn_s.3.loss_bbox: 0.0333  rpn_s.3.loss_giou: 0.3316  s0.loss_cls: 0.3801  s0.pos_acc: 79.2308  s0.loss_bbox: 0.5721  s0.loss_iou: 1.1428  s1.loss_cls: 0.3937  s1.pos_acc: 76.9231  s1.loss_bbox: 0.6065  s1.loss_iou: 1.1681
2026/03/27 16:36:53 - mmengine - INFO - Epoch(train) [12][ 1700/10002]  lr: 2.5000e-05  eta: 20:03:21  time: 0.3908  data_time: 0.0031  memory: 7330  grad_norm: 91.9570  loss: 8.2082  rpn_s.0.loss_cls: 0.5810  rpn_s.0.loss_bbox: 0.1052  rpn_s.0.loss_giou: 0.7725  rpn_s.1.loss_cls: 0.4181  rpn_s.1.loss_bbox: 0.0463  rpn_s.1.loss_giou: 0.3945  rpn_s.2.loss_cls: 0.3401  rpn_s.2.loss_bbox: 0.0388  rpn_s.2.loss_giou: 0.3414  rpn_s.3.loss_cls: 0.3127  rpn_s.3.loss_bbox: 0.0359  rpn_s.3.loss_giou: 0.3205  s0.loss_cls: 0.3536  s0.pos_acc: 68.2540  s0.loss_bbox: 0.7176  s0.loss_iou: 1.1321  s1.loss_cls: 0.3745  s1.pos_acc: 71.4286  s1.loss_bbox: 0.7472  s1.loss_iou: 1.1761
2026/03/27 16:37:12 - mmengine - INFO - Epoch(train) [12][ 1750/10002]  lr: 2.5000e-05  eta: 20:02:40  time: 0.3839  data_time: 0.0031  memory: 7329  grad_norm: 75.0861  loss: 8.4895  rpn_s.0.loss_cls: 0.6461  rpn_s.0.loss_bbox: 0.1109  rpn_s.0.loss_giou: 0.8829  rpn_s.1.loss_cls: 0.4539  rpn_s.1.loss_bbox: 0.0433  rpn_s.1.loss_giou: 0.4146  rpn_s.2.loss_cls: 0.3704  rpn_s.2.loss_bbox: 0.0358  rpn_s.2.loss_giou: 0.3580  rpn_s.3.loss_cls: 0.3432  rpn_s.3.loss_bbox: 0.0332  rpn_s.3.loss_giou: 0.3397  s0.loss_cls: 0.3878  s0.pos_acc: 100.0000  s0.loss_bbox: 0.6063  s0.loss_iou: 1.1533  s1.loss_cls: 0.4018  s1.pos_acc: 100.0000  s1.loss_bbox: 0.7081  s1.loss_iou: 1.2002
2026/03/27 16:37:31 - mmengine - INFO - Epoch(train) [12][ 1800/10002]  lr: 2.5000e-05  eta: 20:01:59  time: 0.3806  data_time: 0.0031  memory: 7329  grad_norm: 79.0124  loss: 8.2675  rpn_s.0.loss_cls: 0.5895  rpn_s.0.loss_bbox: 0.1119  rpn_s.0.loss_giou: 0.7909  rpn_s.1.loss_cls: 0.4197  rpn_s.1.loss_bbox: 0.0475  rpn_s.1.loss_giou: 0.4001  rpn_s.2.loss_cls: 0.3479  rpn_s.2.loss_bbox: 0.0410  rpn_s.2.loss_giou: 0.3389  rpn_s.3.loss_cls: 0.3126  rpn_s.3.loss_bbox: 0.0393  rpn_s.3.loss_giou: 0.3244  s0.loss_cls: 0.3417  s0.pos_acc: 79.2308  s0.loss_bbox: 0.6849  s0.loss_iou: 1.1683  s1.loss_cls: 0.3585  s1.pos_acc: 75.3846  s1.loss_bbox: 0.7495  s1.loss_iou: 1.2011
2026/03/27 16:37:50 - mmengine - INFO - Epoch(train) [12][ 1850/10002]  lr: 2.5000e-05  eta: 20:01:16  time: 0.3758  data_time: 0.0031  memory: 7329  grad_norm: 82.0753  loss: 7.9281  rpn_s.0.loss_cls: 0.6001  rpn_s.0.loss_bbox: 0.1023  rpn_s.0.loss_giou: 0.7635  rpn_s.1.loss_cls: 0.4331  rpn_s.1.loss_bbox: 0.0465  rpn_s.1.loss_giou: 0.3886  rpn_s.2.loss_cls: 0.3309  rpn_s.2.loss_bbox: 0.0423  rpn_s.2.loss_giou: 0.3522  rpn_s.3.loss_cls: 0.2931  rpn_s.3.loss_bbox: 0.0389  rpn_s.3.loss_giou: 0.3320  s0.loss_cls: 0.3333  s0.pos_acc: 94.4444  s0.loss_bbox: 0.6386  s0.loss_iou: 1.0902  s1.loss_cls: 0.3522  s1.pos_acc: 100.0000  s1.loss_bbox: 0.6631  s1.loss_iou: 1.1275
2026/03/27 16:38:09 - mmengine - INFO - Epoch(train) [12][ 1900/10002]  lr: 2.5000e-05  eta: 20:00:36  time: 0.3855  data_time: 0.0032  memory: 7330  grad_norm: 90.3192  loss: 8.0494  rpn_s.0.loss_cls: 0.5895  rpn_s.0.loss_bbox: 0.1152  rpn_s.0.loss_giou: 0.8056  rpn_s.1.loss_cls: 0.4254  rpn_s.1.loss_bbox: 0.0522  rpn_s.1.loss_giou: 0.4002  rpn_s.2.loss_cls: 0.3451  rpn_s.2.loss_bbox: 0.0448  rpn_s.2.loss_giou: 0.3382  rpn_s.3.loss_cls: 0.3088  rpn_s.3.loss_bbox: 0.0412  rpn_s.3.loss_giou: 0.3168  s0.loss_cls: 0.3435  s0.pos_acc: 79.2424  s0.loss_bbox: 0.6355  s0.loss_iou: 1.1006  s1.loss_cls: 0.3696  s1.pos_acc: 76.5152  s1.loss_bbox: 0.6809  s1.loss_iou: 1.1363
2026/03/27 16:38:28 - mmengine - INFO - Epoch(train) [12][ 1950/10002]  lr: 2.5000e-05  eta: 19:59:53  time: 0.3735  data_time: 0.0031  memory: 7329  grad_norm: 83.5252  loss: 7.7464  rpn_s.0.loss_cls: 0.5966  rpn_s.0.loss_bbox: 0.1027  rpn_s.0.loss_giou: 0.7422  rpn_s.1.loss_cls: 0.4314  rpn_s.1.loss_bbox: 0.0451  rpn_s.1.loss_giou: 0.3687  rpn_s.2.loss_cls: 0.3491  rpn_s.2.loss_bbox: 0.0394  rpn_s.2.loss_giou: 0.3255  rpn_s.3.loss_cls: 0.2938  rpn_s.3.loss_bbox: 0.0371  rpn_s.3.loss_giou: 0.3061  s0.loss_cls: 0.3338  s0.pos_acc: 70.7865  s0.loss_bbox: 0.6645  s0.loss_iou: 1.0083  s1.loss_cls: 0.3532  s1.pos_acc: 71.6292  s1.loss_bbox: 0.7046  s1.loss_iou: 1.0443
2026/03/27 16:38:41 - mmengine - INFO - Exp name: GSDet_r50_b900_h2h4_h2r1_r2r1_2x_fair1m1.0_20260327_123453
2026/03/27 16:38:47 - mmengine - INFO - Epoch(train) [12][ 2000/10002]  lr: 2.5000e-05  eta: 19:59:12  time: 0.3819  data_time: 0.0031  memory: 7329  grad_norm: 98.0243  loss: 7.7439  rpn_s.0.loss_cls: 0.5779  rpn_s.0.loss_bbox: 0.1014  rpn_s.0.loss_giou: 0.7695  rpn_s.1.loss_cls: 0.3995  rpn_s.1.loss_bbox: 0.0459  rpn_s.1.loss_giou: 0.3920  rpn_s.2.loss_cls: 0.3240  rpn_s.2.loss_bbox: 0.0383  rpn_s.2.loss_giou: 0.3377  rpn_s.3.loss_cls: 0.2821  rpn_s.3.loss_bbox: 0.0375  rpn_s.3.loss_giou: 0.3251  s0.loss_cls: 0.2974  s0.pos_acc: 65.0655  s0.loss_bbox: 0.5447  s0.loss_iou: 1.1247  s1.loss_cls: 0.3326  s1.pos_acc: 63.7555  s1.loss_bbox: 0.6109  s1.loss_iou: 1.2028
2026/03/27 16:39:07 - mmengine - INFO - Epoch(train) [12][ 2050/10002]  lr: 2.5000e-05  eta: 19:58:32  time: 0.3862  data_time: 0.0031  memory: 7329  grad_norm: 68.7821  loss: 8.0155  rpn_s.0.loss_cls: 0.6148  rpn_s.0.loss_bbox: 0.1049  rpn_s.0.loss_giou: 0.8063  rpn_s.1.loss_cls: 0.4273  rpn_s.1.loss_bbox: 0.0433  rpn_s.1.loss_giou: 0.3841  rpn_s.2.loss_cls: 0.3505  rpn_s.2.loss_bbox: 0.0366  rpn_s.2.loss_giou: 0.3377  rpn_s.3.loss_cls: 0.3038  rpn_s.3.loss_bbox: 0.0339  rpn_s.3.loss_giou: 0.3215  s0.loss_cls: 0.3309  s0.pos_acc: 92.3077  s0.loss_bbox: 0.6432  s0.loss_iou: 1.0893  s1.loss_cls: 0.3525  s1.pos_acc: 84.6154  s1.loss_bbox: 0.7140  s1.loss_iou: 1.1210
2026/03/27 16:39:26 - mmengine - INFO - Epoch(train) [12][ 2100/10002]  lr: 2.5000e-05  eta: 19:57:52  time: 0.3847  data_time: 0.0031  memory: 7330  grad_norm: 76.3526  loss: 8.2366  rpn_s.0.loss_cls: 0.6138  rpn_s.0.loss_bbox: 0.1133  rpn_s.0.loss_giou: 0.8311  rpn_s.1.loss_cls: 0.4055  rpn_s.1.loss_bbox: 0.0492  rpn_s.1.loss_giou: 0.4217  rpn_s.2.loss_cls: 0.3357  rpn_s.2.loss_bbox: 0.0417  rpn_s.2.loss_giou: 0.3644  rpn_s.3.loss_cls: 0.3011  rpn_s.3.loss_bbox: 0.0384  rpn_s.3.loss_giou: 0.3457  s0.loss_cls: 0.3456  s0.pos_acc: 76.4151  s0.loss_bbox: 0.6438  s0.loss_iou: 1.1475  s1.loss_cls: 0.3609  s1.pos_acc: 74.5283  s1.loss_bbox: 0.6814  s1.loss_iou: 1.1959
2026/03/27 16:39:45 - mmengine - INFO - Epoch(train) [12][ 2150/10002]  lr: 2.5000e-05  eta: 19:57:10  time: 0.3760  data_time: 0.0031  memory: 7329  grad_norm: 70.4657  loss: 7.6478  rpn_s.0.loss_cls: 0.6121  rpn_s.0.loss_bbox: 0.1005  rpn_s.0.loss_giou: 0.7583  rpn_s.1.loss_cls: 0.4266  rpn_s.1.loss_bbox: 0.0397  rpn_s.1.loss_giou: 0.3656  rpn_s.2.loss_cls: 0.3447  rpn_s.2.loss_bbox: 0.0340  rpn_s.2.loss_giou: 0.3175  rpn_s.3.loss_cls: 0.3071  rpn_s.3.loss_bbox: 0.0315  rpn_s.3.loss_giou: 0.2977  s0.loss_cls: 0.3383  s0.pos_acc: 84.6154  s0.loss_bbox: 0.6175  s0.loss_iou: 1.0055  s1.loss_cls: 0.3601  s1.pos_acc: 92.3077  s1.loss_bbox: 0.6669  s1.loss_iou: 1.0242
2026/03/27 16:40:03 - mmengine - INFO - Epoch(train) [12][ 2200/10002]  lr: 2.5000e-05  eta: 19:56:27  time: 0.3743  data_time: 0.0031  memory: 7329  grad_norm: 97.7061  loss: 8.0823  rpn_s.0.loss_cls: 0.5966  rpn_s.0.loss_bbox: 0.1049  rpn_s.0.loss_giou: 0.7795  rpn_s.1.loss_cls: 0.4193  rpn_s.1.loss_bbox: 0.0452  rpn_s.1.loss_giou: 0.3861  rpn_s.2.loss_cls: 0.3567  rpn_s.2.loss_bbox: 0.0384  rpn_s.2.loss_giou: 0.3311  rpn_s.3.loss_cls: 0.3210  rpn_s.3.loss_bbox: 0.0364  rpn_s.3.loss_giou: 0.3169  s0.loss_cls: 0.3555  s0.pos_acc: 61.7021  s0.loss_bbox: 0.6604  s0.loss_iou: 1.0758  s1.loss_cls: 0.3747  s1.pos_acc: 62.7660  s1.loss_bbox: 0.7187  s1.loss_iou: 1.1649
2026/03/27 16:40:22 - mmengine - INFO - Epoch(train) [12][ 2250/10002]  lr: 2.5000e-05  eta: 19:55:45  time: 0.3748  data_time: 0.0031  memory: 7329  grad_norm: 77.6006  loss: 7.8621  rpn_s.0.loss_cls: 0.6010  rpn_s.0.loss_bbox: 0.1001  rpn_s.0.loss_giou: 0.7556  rpn_s.1.loss_cls: 0.4205  rpn_s.1.loss_bbox: 0.0435  rpn_s.1.loss_giou: 0.3866  rpn_s.2.loss_cls: 0.3489  rpn_s.2.loss_bbox: 0.0367  rpn_s.2.loss_giou: 0.3338  rpn_s.3.loss_cls: 0.3099  rpn_s.3.loss_bbox: 0.0344  rpn_s.3.loss_giou: 0.3165  s0.loss_cls: 0.3465  s0.pos_acc: 74.0741  s0.loss_bbox: 0.6240  s0.loss_iou: 1.0559  s1.loss_cls: 0.3635  s1.pos_acc: 77.7778  s1.loss_bbox: 0.6877  s1.loss_iou: 1.0972
2026/03/27 16:40:41 - mmengine - INFO - Epoch(train) [12][ 2300/10002]  lr: 2.5000e-05  eta: 19:55:03  time: 0.3751  data_time: 0.0031  memory: 7329  grad_norm: 76.8530  loss: 7.7170  rpn_s.0.loss_cls: 0.5873  rpn_s.0.loss_bbox: 0.0985  rpn_s.0.loss_giou: 0.7302  rpn_s.1.loss_cls: 0.4111  rpn_s.1.loss_bbox: 0.0440  rpn_s.1.loss_giou: 0.3694  rpn_s.2.loss_cls: 0.3335  rpn_s.2.loss_bbox: 0.0373  rpn_s.2.loss_giou: 0.3178  rpn_s.3.loss_cls: 0.2944  rpn_s.3.loss_bbox: 0.0350  rpn_s.3.loss_giou: 0.2983  s0.loss_cls: 0.3319  s0.pos_acc: 84.2105  s0.loss_bbox: 0.6929  s0.loss_iou: 0.9992  s1.loss_cls: 0.3418  s1.pos_acc: 83.8346  s1.loss_bbox: 0.7412  s1.loss_iou: 1.0532
2026/03/27 16:41:00 - mmengine - INFO - Epoch(train) [12][ 2350/10002]  lr: 2.5000e-05  eta: 19:54:23  time: 0.3819  data_time: 0.0032  memory: 7329  grad_norm: 151.6940  loss: 8.0517  rpn_s.0.loss_cls: 0.6156  rpn_s.0.loss_bbox: 0.1006  rpn_s.0.loss_giou: 0.7686  rpn_s.1.loss_cls: 0.4431  rpn_s.1.loss_bbox: 0.0425  rpn_s.1.loss_giou: 0.3905  rpn_s.2.loss_cls: 0.3524  rpn_s.2.loss_bbox: 0.0370  rpn_s.2.loss_giou: 0.3496  rpn_s.3.loss_cls: 0.3126  rpn_s.3.loss_bbox: 0.0339  rpn_s.3.loss_giou: 0.3317  s0.loss_cls: 0.3559  s0.pos_acc: 56.2500  s0.loss_bbox: 0.6174  s0.loss_iou: 1.1108  s1.loss_cls: 0.3796  s1.pos_acc: 50.0000  s1.loss_bbox: 0.6574  s1.loss_iou: 1.1524
2026/03/27 16:41:19 - mmengine - INFO - Epoch(train) [12][ 2400/10002]  lr: 2.5000e-05  eta: 19:53:44  time: 0.3885  data_time: 0.0031  memory: 7330  grad_norm: 151.8147  loss: 8.0146  rpn_s.0.loss_cls: 0.6069  rpn_s.0.loss_bbox: 0.1060  rpn_s.0.loss_giou: 0.7785  rpn_s.1.loss_cls: 0.4355  rpn_s.1.loss_bbox: 0.0451  rpn_s.1.loss_giou: 0.3906  rpn_s.2.loss_cls: 0.3582  rpn_s.2.loss_bbox: 0.0378  rpn_s.2.loss_giou: 0.3372  rpn_s.3.loss_cls: 0.3208  rpn_s.3.loss_bbox: 0.0346  rpn_s.3.loss_giou: 0.3155  s0.loss_cls: 0.3458  s0.pos_acc: 66.6667  s0.loss_bbox: 0.6785  s0.loss_iou: 1.0510  s1.loss_cls: 0.3617  s1.pos_acc: 66.6667  s1.loss_bbox: 0.6995  s1.loss_iou: 1.1112
2026/03/27 16:41:38 - mmengine - INFO - Epoch(train) [12][ 2450/10002]  lr: 2.5000e-05  eta: 19:53:04  time: 0.3824  data_time: 0.0031  memory: 7329  grad_norm: 74.7109  loss: 8.0870  rpn_s.0.loss_cls: 0.5678  rpn_s.0.loss_bbox: 0.1131  rpn_s.0.loss_giou: 0.8218  rpn_s.1.loss_cls: 0.4111  rpn_s.1.loss_bbox: 0.0504  rpn_s.1.loss_giou: 0.4047  rpn_s.2.loss_cls: 0.3290  rpn_s.2.loss_bbox: 0.0433  rpn_s.2.loss_giou: 0.3516  rpn_s.3.loss_cls: 0.2939  rpn_s.3.loss_bbox: 0.0403  rpn_s.3.loss_giou: 0.3392  s0.loss_cls: 0.3238  s0.pos_acc: 71.4286  s0.loss_bbox: 0.6436  s0.loss_iou: 1.1147  s1.loss_cls: 0.3364  s1.pos_acc: 71.4286  s1.loss_bbox: 0.7129  s1.loss_iou: 1.1892
2026/03/27 16:41:58 - mmengine - INFO - Epoch(train) [12][ 2500/10002]  lr: 2.5000e-05  eta: 19:52:24  time: 0.3840  data_time: 0.0032  memory: 7329  grad_norm: 77.5022  loss: 8.0209  rpn_s.0.loss_cls: 0.6191  rpn_s.0.loss_bbox: 0.1042  rpn_s.0.loss_giou: 0.8238  rpn_s.1.loss_cls: 0.4226  rpn_s.1.loss_bbox: 0.0417  rpn_s.1.loss_giou: 0.3972  rpn_s.2.loss_cls: 0.3510  rpn_s.2.loss_bbox: 0.0349  rpn_s.2.loss_giou: 0.3377  rpn_s.3.loss_cls: 0.3074  rpn_s.3.loss_bbox: 0.0319  rpn_s.3.loss_giou: 0.3167  s0.loss_cls: 0.3359  s0.pos_acc: 60.8696  s0.loss_bbox: 0.6311  s0.loss_iou: 1.0860  s1.loss_cls: 0.3596  s1.pos_acc: 69.5652  s1.loss_bbox: 0.6803  s1.loss_iou: 1.1397
2026/03/27 16:42:17 - mmengine - INFO - Epoch(train) [12][ 2550/10002]  lr: 2.5000e-05  eta: 19:51:44  time: 0.3832  data_time: 0.0033  memory: 7329  grad_norm: 80.3379  loss: 7.8806  rpn_s.0.loss_cls: 0.6090  rpn_s.0.loss_bbox: 0.1003  rpn_s.0.loss_giou: 0.7772  rpn_s.1.loss_cls: 0.4149  rpn_s.1.loss_bbox: 0.0444  rpn_s.1.loss_giou: 0.3854  rpn_s.2.loss_cls: 0.3516  rpn_s.2.loss_bbox: 0.0395  rpn_s.2.loss_giou: 0.3341  rpn_s.3.loss_cls: 0.3048  rpn_s.3.loss_bbox: 0.0374  rpn_s.3.loss_giou: 0.3165  s0.loss_cls: 0.3358  s0.pos_acc: 80.0000  s0.loss_bbox: 0.6249  s0.loss_iou: 1.0751  s1.loss_cls: 0.3566  s1.pos_acc: 80.0000  s1.loss_bbox: 0.6555  s1.loss_iou: 1.1178
2026/03/27 16:42:36 - mmengine - INFO - Epoch(train) [12][ 2600/10002]  lr: 2.5000e-05  eta: 19:51:06  time: 0.3887  data_time: 0.0032  memory: 7330  grad_norm: 75.9445  loss: 8.1224  rpn_s.0.loss_cls: 0.6201  rpn_s.0.loss_bbox: 0.1095  rpn_s.0.loss_giou: 0.8216  rpn_s.1.loss_cls: 0.4417  rpn_s.1.loss_bbox: 0.0477  rpn_s.1.loss_giou: 0.4054  rpn_s.2.loss_cls: 0.3684  rpn_s.2.loss_bbox: 0.0407  rpn_s.2.loss_giou: 0.3464  rpn_s.3.loss_cls: 0.3329  rpn_s.3.loss_bbox: 0.0365  rpn_s.3.loss_giou: 0.3233  s0.loss_cls: 0.3776  s0.pos_acc: 73.9583  s0.loss_bbox: 0.5700  s0.loss_iou: 1.0897  s1.loss_cls: 0.3963  s1.pos_acc: 68.7500  s1.loss_bbox: 0.6462  s1.loss_iou: 1.1486
2026/03/27 16:42:55 - mmengine - INFO - Epoch(train) [12][ 2650/10002]  lr: 2.5000e-05  eta: 19:50:26  time: 0.3836  data_time: 0.0033  memory: 7329  grad_norm: 78.7762  loss: 7.8923  rpn_s.0.loss_cls: 0.5971  rpn_s.0.loss_bbox: 0.1034  rpn_s.0.loss_giou: 0.7535  rpn_s.1.loss_cls: 0.4325  rpn_s.1.loss_bbox: 0.0461  rpn_s.1.loss_giou: 0.3795  rpn_s.2.loss_cls: 0.3470  rpn_s.2.loss_bbox: 0.0388  rpn_s.2.loss_giou: 0.3305  rpn_s.3.loss_cls: 0.3055  rpn_s.3.loss_bbox: 0.0365  rpn_s.3.loss_giou: 0.3115  s0.loss_cls: 0.3399  s0.pos_acc: 85.7143  s0.loss_bbox: 0.6269  s0.loss_iou: 1.0914  s1.loss_cls: 0.3597  s1.pos_acc: 85.7143  s1.loss_bbox: 0.6480  s1.loss_iou: 1.1444
2026/03/27 16:43:14 - mmengine - INFO - Epoch(train) [12][ 2700/10002]  lr: 2.5000e-05  eta: 19:49:45  time: 0.3798  data_time: 0.0033  memory: 7329  grad_norm: 79.5322  loss: 8.6655  rpn_s.0.loss_cls: 0.6458  rpn_s.0.loss_bbox: 0.1125  rpn_s.0.loss_giou: 0.8591  rpn_s.1.loss_cls: 0.4526  rpn_s.1.loss_bbox: 0.0517  rpn_s.1.loss_giou: 0.4302  rpn_s.2.loss_cls: 0.3906  rpn_s.2.loss_bbox: 0.0460  rpn_s.2.loss_giou: 0.3749  rpn_s.3.loss_cls: 0.3351  rpn_s.3.loss_bbox: 0.0427  rpn_s.3.loss_giou: 0.3573  s0.loss_cls: 0.3893  s0.pos_acc: 69.5652  s0.loss_bbox: 0.6227  s0.loss_iou: 1.2010  s1.loss_cls: 0.4179  s1.pos_acc: 56.5217  s1.loss_bbox: 0.6883  s1.loss_iou: 1.2477
2026/03/27 16:43:33 - mmengine - INFO - Epoch(train) [12][ 2750/10002]  lr: 2.5000e-05  eta: 19:49:05  time: 0.3792  data_time: 0.0033  memory: 7329  grad_norm: 97.9503  loss: 8.0385  rpn_s.0.loss_cls: 0.6539  rpn_s.0.loss_bbox: 0.1007  rpn_s.0.loss_giou: 0.8058  rpn_s.1.loss_cls: 0.4385  rpn_s.1.loss_bbox: 0.0414  rpn_s.1.loss_giou: 0.3797  rpn_s.2.loss_cls: 0.3653  rpn_s.2.loss_bbox: 0.0335  rpn_s.2.loss_giou: 0.3260  rpn_s.3.loss_cls: 0.3373  rpn_s.3.loss_bbox: 0.0311  rpn_s.3.loss_giou: 0.3106  s0.loss_cls: 0.3689  s0.pos_acc: 78.4091  s0.loss_bbox: 0.6199  s0.loss_iou: 1.0273  s1.loss_cls: 0.4003  s1.pos_acc: 77.2727  s1.loss_bbox: 0.6730  s1.loss_iou: 1.1253
2026/03/27 16:43:52 - mmengine - INFO - Epoch(train) [12][ 2800/10002]  lr: 2.5000e-05  eta: 19:48:24  time: 0.3802  data_time: 0.0033  memory: 7330  grad_norm: 86.7223  loss: 7.8168  rpn_s.0.loss_cls: 0.6075  rpn_s.0.loss_bbox: 0.1070  rpn_s.0.loss_giou: 0.7859  rpn_s.1.loss_cls: 0.4208  rpn_s.1.loss_bbox: 0.0447  rpn_s.1.loss_giou: 0.3851  rpn_s.2.loss_cls: 0.3387  rpn_s.2.loss_bbox: 0.0363  rpn_s.2.loss_giou: 0.3315  rpn_s.3.loss_cls: 0.2928  rpn_s.3.loss_bbox: 0.0336  rpn_s.3.loss_giou: 0.3129  s0.loss_cls: 0.3296  s0.pos_acc: 82.0513  s0.loss_bbox: 0.6069  s0.loss_iou: 1.0540  s1.loss_cls: 0.3563  s1.pos_acc: 78.2051  s1.loss_bbox: 0.6572  s1.loss_iou: 1.1159
2026/03/27 16:44:11 - mmengine - INFO - Epoch(train) [12][ 2850/10002]  lr: 2.5000e-05  eta: 19:47:44  time: 0.3785  data_time: 0.0033  memory: 7329  grad_norm: 81.0846  loss: 7.5325  rpn_s.0.loss_cls: 0.5993  rpn_s.0.loss_bbox: 0.1020  rpn_s.0.loss_giou: 0.7712  rpn_s.1.loss_cls: 0.4036  rpn_s.1.loss_bbox: 0.0428  rpn_s.1.loss_giou: 0.3738  rpn_s.2.loss_cls: 0.3096  rpn_s.2.loss_bbox: 0.0361  rpn_s.2.loss_giou: 0.3252  rpn_s.3.loss_cls: 0.2668  rpn_s.3.loss_bbox: 0.0336  rpn_s.3.loss_giou: 0.3033  s0.loss_cls: 0.2932  s0.pos_acc: 85.7143  s0.loss_bbox: 0.6250  s0.loss_iou: 1.0177  s1.loss_cls: 0.3214  s1.pos_acc: 71.4286  s1.loss_bbox: 0.6554  s1.loss_iou: 1.0525
2026/03/27 16:44:30 - mmengine - INFO - Epoch(train) [12][ 2900/10002]  lr: 2.5000e-05  eta: 19:47:02  time: 0.3739  data_time: 0.0033  memory: 7329  grad_norm: 73.2309  loss: 7.7231  rpn_s.0.loss_cls: 0.6088  rpn_s.0.loss_bbox: 0.0974  rpn_s.0.loss_giou: 0.7804  rpn_s.1.loss_cls: 0.4300  rpn_s.1.loss_bbox: 0.0389  rpn_s.1.loss_giou: 0.3743  rpn_s.2.loss_cls: 0.3501  rpn_s.2.loss_bbox: 0.0326  rpn_s.2.loss_giou: 0.3211  rpn_s.3.loss_cls: 0.2997  rpn_s.3.loss_bbox: 0.0302  rpn_s.3.loss_giou: 0.3021  s0.loss_cls: 0.3405  s0.pos_acc: 81.6901  s0.loss_bbox: 0.6070  s0.loss_iou: 1.0090  s1.loss_cls: 0.3426  s1.pos_acc: 78.8732  s1.loss_bbox: 0.6858  s1.loss_iou: 1.0726
2026/03/27 16:44:49 - mmengine - INFO - Epoch(train) [12][ 2950/10002]  lr: 2.5000e-05  eta: 19:46:23  time: 0.3831  data_time: 0.0033  memory: 7330  grad_norm: 94.5785  loss: 8.7553  rpn_s.0.loss_cls: 0.6444  rpn_s.0.loss_bbox: 0.1101  rpn_s.0.loss_giou: 0.9039  rpn_s.1.loss_cls: 0.4533  rpn_s.1.loss_bbox: 0.0455  rpn_s.1.loss_giou: 0.4573  rpn_s.2.loss_cls: 0.3897  rpn_s.2.loss_bbox: 0.0395  rpn_s.2.loss_giou: 0.3922  rpn_s.3.loss_cls: 0.3421  rpn_s.3.loss_bbox: 0.0364  rpn_s.3.loss_giou: 0.3682  s0.loss_cls: 0.3865  s0.pos_acc: 66.6667  s0.loss_bbox: 0.5945  s0.loss_iou: 1.2465  s1.loss_cls: 0.4062  s1.pos_acc: 83.3333  s1.loss_bbox: 0.6347  s1.loss_iou: 1.3042
2026/03/27 16:45:02 - mmengine - INFO - Exp name: GSDet_r50_b900_h2h4_h2r1_r2r1_2x_fair1m1.0_20260327_123453
2026/03/27 16:45:08 - mmengine - INFO - Epoch(train) [12][ 3000/10002]  lr: 2.5000e-05  eta: 19:45:43  time: 0.3816  data_time: 0.0033  memory: 7329  grad_norm: 78.9236  loss: 7.7039  rpn_s.0.loss_cls: 0.5716  rpn_s.0.loss_bbox: 0.1122  rpn_s.0.loss_giou: 0.7273  rpn_s.1.loss_cls: 0.4133  rpn_s.1.loss_bbox: 0.0520  rpn_s.1.loss_giou: 0.3772  rpn_s.2.loss_cls: 0.3265  rpn_s.2.loss_bbox: 0.0427  rpn_s.2.loss_giou: 0.3273  rpn_s.3.loss_cls: 0.2851  rpn_s.3.loss_bbox: 0.0400  rpn_s.3.loss_giou: 0.3128  s0.loss_cls: 0.3245  s0.pos_acc: 80.0000  s0.loss_bbox: 0.6154  s0.loss_iou: 1.0571  s1.loss_cls: 0.3412  s1.pos_acc: 60.0000  s1.loss_bbox: 0.6603  s1.loss_iou: 1.1174
2026/03/27 16:45:28 - mmengine - INFO - Epoch(train) [12][ 3050/10002]  lr: 2.5000e-05  eta: 19:45:05  time: 0.3866  data_time: 0.0033  memory: 7329  grad_norm: 79.5478  loss: 8.1737  rpn_s.0.loss_cls: 0.6042  rpn_s.0.loss_bbox: 0.1132  rpn_s.0.loss_giou: 0.8058  rpn_s.1.loss_cls: 0.4192  rpn_s.1.loss_bbox: 0.0481  rpn_s.1.loss_giou: 0.3990  rpn_s.2.loss_cls: 0.3406  rpn_s.2.loss_bbox: 0.0407  rpn_s.2.loss_giou: 0.3408  rpn_s.3.loss_cls: 0.2990  rpn_s.3.loss_bbox: 0.0389  rpn_s.3.loss_giou: 0.3268  s0.loss_cls: 0.3307  s0.pos_acc: 100.0000  s0.loss_bbox: 0.6732  s0.loss_iou: 1.1281  s1.loss_cls: 0.3520  s1.pos_acc: 100.0000  s1.loss_bbox: 0.7425  s1.loss_iou: 1.1709
2026/03/27 16:45:47 - mmengine - INFO - Epoch(train) [12][ 3100/10002]  lr: 2.5000e-05  eta: 19:44:25  time: 0.3825  data_time: 0.0033  memory: 7329  grad_norm: 88.4758  loss: 7.9387  rpn_s.0.loss_cls: 0.5826  rpn_s.0.loss_bbox: 0.1077  rpn_s.0.loss_giou: 0.7889  rpn_s.1.loss_cls: 0.4085  rpn_s.1.loss_bbox: 0.0439  rpn_s.1.loss_giou: 0.3819  rpn_s.2.loss_cls: 0.3450  rpn_s.2.loss_bbox: 0.0373  rpn_s.2.loss_giou: 0.3331  rpn_s.3.loss_cls: 0.3080  rpn_s.3.loss_bbox: 0.0347  rpn_s.3.loss_giou: 0.3175  s0.loss_cls: 0.3464  s0.pos_acc: 72.3684  s0.loss_bbox: 0.6006  s0.loss_iou: 1.1256  s1.loss_cls: 0.3588  s1.pos_acc: 64.4737  s1.loss_bbox: 0.6552  s1.loss_iou: 1.1631
2026/03/27 16:46:06 - mmengine - INFO - Epoch(train) [12][ 3150/10002]  lr: 2.5000e-05  eta: 19:43:44  time: 0.3751  data_time: 0.0033  memory: 7329  grad_norm: 80.1006  loss: 8.3686  rpn_s.0.loss_cls: 0.6611  rpn_s.0.loss_bbox: 0.1079  rpn_s.0.loss_giou: 0.8211  rpn_s.1.loss_cls: 0.4576  rpn_s.1.loss_bbox: 0.0459  rpn_s.1.loss_giou: 0.3999  rpn_s.2.loss_cls: 0.3649  rpn_s.2.loss_bbox: 0.0377  rpn_s.2.loss_giou: 0.3366  rpn_s.3.loss_cls: 0.3216  rpn_s.3.loss_bbox: 0.0349  rpn_s.3.loss_giou: 0.3169  s0.loss_cls: 0.3734  s0.pos_acc: 76.8116  s0.loss_bbox: 0.7073  s0.loss_iou: 1.0882  s1.loss_cls: 0.3900  s1.pos_acc: 75.3623  s1.loss_bbox: 0.7631  s1.loss_iou: 1.1404
2026/03/27 16:46:25 - mmengine - INFO - Epoch(train) [12][ 3200/10002]  lr: 2.5000e-05  eta: 19:43:05  time: 0.3815  data_time: 0.0033  memory: 7330  grad_norm: 83.4750  loss: 8.0705  rpn_s.0.loss_cls: 0.6293  rpn_s.0.loss_bbox: 0.1093  rpn_s.0.loss_giou: 0.8117  rpn_s.1.loss_cls: 0.4547  rpn_s.1.loss_bbox: 0.0439  rpn_s.1.loss_giou: 0.3890  rpn_s.2.loss_cls: 0.3673  rpn_s.2.loss_bbox: 0.0359  rpn_s.2.loss_giou: 0.3320  rpn_s.3.loss_cls: 0.3339  rpn_s.3.loss_bbox: 0.0334  rpn_s.3.loss_giou: 0.3171  s0.loss_cls: 0.3786  s0.pos_acc: 83.6538  s0.loss_bbox: 0.5723  s0.loss_iou: 1.0877  s1.loss_cls: 0.3971  s1.pos_acc: 79.8077  s1.loss_bbox: 0.6388  s1.loss_iou: 1.1384
2026/03/27 16:46:43 - mmengine - INFO - Epoch(train) [12][ 3250/10002]  lr: 2.5000e-05  eta: 19:42:24  time: 0.3761  data_time: 0.0033  memory: 7329  grad_norm: 87.9170  loss: 7.8380  rpn_s.0.loss_cls: 0.5970  rpn_s.0.loss_bbox: 0.1056  rpn_s.0.loss_giou: 0.7998  rpn_s.1.loss_cls: 0.4242  rpn_s.1.loss_bbox: 0.0435  rpn_s.1.loss_giou: 0.3876  rpn_s.2.loss_cls: 0.3528  rpn_s.2.loss_bbox: 0.0384  rpn_s.2.loss_giou: 0.3372  rpn_s.3.loss_cls: 0.3008  rpn_s.3.loss_bbox: 0.0355  rpn_s.3.loss_giou: 0.3227  s0.loss_cls: 0.3455  s0.pos_acc: 85.7143  s0.loss_bbox: 0.5568  s0.loss_iou: 1.0858  s1.loss_cls: 0.3666  s1.pos_acc: 85.7143  s1.loss_bbox: 0.5960  s1.loss_iou: 1.1425
2026/03/27 16:47:03 - mmengine - INFO - Epoch(train) [12][ 3300/10002]  lr: 2.5000e-05  eta: 19:41:47  time: 0.3916  data_time: 0.0032  memory: 7330  grad_norm: 77.5495  loss: 8.1216  rpn_s.0.loss_cls: 0.6096  rpn_s.0.loss_bbox: 0.1036  rpn_s.0.loss_giou: 0.8686  rpn_s.1.loss_cls: 0.4134  rpn_s.1.loss_bbox: 0.0409  rpn_s.1.loss_giou: 0.4109  rpn_s.2.loss_cls: 0.3440  rpn_s.2.loss_bbox: 0.0335  rpn_s.2.loss_giou: 0.3525  rpn_s.3.loss_cls: 0.3007  rpn_s.3.loss_bbox: 0.0312  rpn_s.3.loss_giou: 0.3318  s0.loss_cls: 0.3359  s0.pos_acc: 100.0000  s0.loss_bbox: 0.6140  s0.loss_iou: 1.1336  s1.loss_cls: 0.3570  s1.pos_acc: 100.0000  s1.loss_bbox: 0.6867  s1.loss_iou: 1.1539
2026/03/27 16:47:22 - mmengine - INFO - Epoch(train) [12][ 3350/10002]  lr: 2.5000e-05  eta: 19:41:06  time: 0.3744  data_time: 0.0032  memory: 7329  grad_norm: 82.5518  loss: 7.7342  rpn_s.0.loss_cls: 0.6290  rpn_s.0.loss_bbox: 0.1013  rpn_s.0.loss_giou: 0.7492  rpn_s.1.loss_cls: 0.4417  rpn_s.1.loss_bbox: 0.0433  rpn_s.1.loss_giou: 0.3724  rpn_s.2.loss_cls: 0.3623  rpn_s.2.loss_bbox: 0.0371  rpn_s.2.loss_giou: 0.3263  rpn_s.3.loss_cls: 0.3208  rpn_s.3.loss_bbox: 0.0348  rpn_s.3.loss_giou: 0.3077  s0.loss_cls: 0.3602  s0.pos_acc: 75.0000  s0.loss_bbox: 0.5921  s0.loss_iou: 1.0001  s1.loss_cls: 0.3840  s1.pos_acc: 75.0000  s1.loss_bbox: 0.6279  s1.loss_iou: 1.0441
2026/03/27 16:47:41 - mmengine - INFO - Epoch(train) [12][ 3400/10002]  lr: 2.5000e-05  eta: 19:40:28  time: 0.3863  data_time: 0.0033  memory: 7330  grad_norm: 67.2540  loss: 8.3806  rpn_s.0.loss_cls: 0.6288  rpn_s.0.loss_bbox: 0.1096  rpn_s.0.loss_giou: 0.8739  rpn_s.1.loss_cls: 0.4287  rpn_s.1.loss_bbox: 0.0468  rpn_s.1.loss_giou: 0.4281  rpn_s.2.loss_cls: 0.3454  rpn_s.2.loss_bbox: 0.0396  rpn_s.2.loss_giou: 0.3693  rpn_s.3.loss_cls: 0.3056  rpn_s.3.loss_bbox: 0.0372  rpn_s.3.loss_giou: 0.3497  s0.loss_cls: 0.3404  s0.pos_acc: 68.0952  s0.loss_bbox: 0.6133  s0.loss_iou: 1.1872  s1.loss_cls: 0.3560  s1.pos_acc: 71.4286  s1.loss_bbox: 0.6869  s1.loss_iou: 1.2340
2026/03/27 16:48:00 - mmengine - INFO - Epoch(train) [12][ 3450/10002]  lr: 2.5000e-05  eta: 19:39:48  time: 0.3790  data_time: 0.0033  memory: 7329  grad_norm: 90.1873  loss: 7.5691  rpn_s.0.loss_cls: 0.5716  rpn_s.0.loss_bbox: 0.1014  rpn_s.0.loss_giou: 0.6862  rpn_s.1.loss_cls: 0.4251  rpn_s.1.loss_bbox: 0.0477  rpn_s.1.loss_giou: 0.3564  rpn_s.2.loss_cls: 0.3343  rpn_s.2.loss_bbox: 0.0413  rpn_s.2.loss_giou: 0.3160  rpn_s.3.loss_cls: 0.2893  rpn_s.3.loss_bbox: 0.0390  rpn_s.3.loss_giou: 0.2959  s0.loss_cls: 0.3407  s0.pos_acc: 100.0000  s0.loss_bbox: 0.6223  s0.loss_iou: 1.0187  s1.loss_cls: 0.3742  s1.pos_acc: 100.0000  s1.loss_bbox: 0.6381  s1.loss_iou: 1.0710
2026/03/27 16:48:20 - mmengine - INFO - Epoch(train) [12][ 3500/10002]  lr: 2.5000e-05  eta: 19:39:12  time: 0.3926  data_time: 0.0033  memory: 7330  grad_norm: 79.4869  loss: 8.7973  rpn_s.0.loss_cls: 0.5903  rpn_s.0.loss_bbox: 0.1140  rpn_s.0.loss_giou: 0.9207  rpn_s.1.loss_cls: 0.4162  rpn_s.1.loss_bbox: 0.0462  rpn_s.1.loss_giou: 0.4426  rpn_s.2.loss_cls: 0.3467  rpn_s.2.loss_bbox: 0.0388  rpn_s.2.loss_giou: 0.3844  rpn_s.3.loss_cls: 0.3083  rpn_s.3.loss_bbox: 0.0352  rpn_s.3.loss_giou: 0.3613  s0.loss_cls: 0.3647  s0.pos_acc: 75.8064  s0.loss_bbox: 0.6994  s0.loss_iou: 1.2728  s1.loss_cls: 0.3821  s1.pos_acc: 78.2258  s1.loss_bbox: 0.7537  s1.loss_iou: 1.3198
2026/03/27 16:48:39 - mmengine - INFO - Epoch(train) [12][ 3550/10002]  lr: 2.5000e-05  eta: 19:38:34  time: 0.3867  data_time: 0.0033  memory: 7330  grad_norm: 67.2120  loss: 8.6840  rpn_s.0.loss_cls: 0.6434  rpn_s.0.loss_bbox: 0.1167  rpn_s.0.loss_giou: 0.9003  rpn_s.1.loss_cls: 0.4437  rpn_s.1.loss_bbox: 0.0495  rpn_s.1.loss_giou: 0.4445  rpn_s.2.loss_cls: 0.3581  rpn_s.2.loss_bbox: 0.0428  rpn_s.2.loss_giou: 0.3825  rpn_s.3.loss_cls: 0.3194  rpn_s.3.loss_bbox: 0.0390  rpn_s.3.loss_giou: 0.3603  s0.loss_cls: 0.3749  s0.pos_acc: 68.4211  s0.loss_bbox: 0.6178  s0.loss_iou: 1.2277  s1.loss_cls: 0.4073  s1.pos_acc: 76.3158  s1.loss_bbox: 0.6943  s1.loss_iou: 1.2616
2026/03/27 16:48:58 - mmengine - INFO - Epoch(train) [12][ 3600/10002]  lr: 2.5000e-05  eta: 19:37:54  time: 0.3758  data_time: 0.0033  memory: 7329  grad_norm: 91.7021  loss: 8.1941  rpn_s.0.loss_cls: 0.5929  rpn_s.0.loss_bbox: 0.1129  rpn_s.0.loss_giou: 0.7692  rpn_s.1.loss_cls: 0.4220  rpn_s.1.loss_bbox: 0.0543  rpn_s.1.loss_giou: 0.3886  rpn_s.2.loss_cls: 0.3475  rpn_s.2.loss_bbox: 0.0472  rpn_s.2.loss_giou: 0.3413  rpn_s.3.loss_cls: 0.3096  rpn_s.3.loss_bbox: 0.0444  rpn_s.3.loss_giou: 0.3273  s0.loss_cls: 0.3693  s0.pos_acc: 71.6667  s0.loss_bbox: 0.6476  s0.loss_iou: 1.1284  s1.loss_cls: 0.4013  s1.pos_acc: 58.3333  s1.loss_bbox: 0.7224  s1.loss_iou: 1.1679
2026/03/27 16:49:17 - mmengine - INFO - Epoch(train) [12][ 3650/10002]  lr: 2.5000e-05  eta: 19:37:14  time: 0.3767  data_time: 0.0032  memory: 7329  grad_norm: 73.5032  loss: 8.0061  rpn_s.0.loss_cls: 0.6294  rpn_s.0.loss_bbox: 0.1092  rpn_s.0.loss_giou: 0.7759  rpn_s.1.loss_cls: 0.4285  rpn_s.1.loss_bbox: 0.0491  rpn_s.1.loss_giou: 0.3891  rpn_s.2.loss_cls: 0.3519  rpn_s.2.loss_bbox: 0.0407  rpn_s.2.loss_giou: 0.3322  rpn_s.3.loss_cls: 0.3071  rpn_s.3.loss_bbox: 0.0380  rpn_s.3.loss_giou: 0.3144  s0.loss_cls: 0.3518  s0.pos_acc: 75.0000  s0.loss_bbox: 0.6478  s0.loss_iou: 1.0582  s1.loss_cls: 0.3835  s1.pos_acc: 75.0000  s1.loss_bbox: 0.6950  s1.loss_iou: 1.1044
2026/03/27 16:49:35 - mmengine - INFO - Epoch(train) [12][ 3700/10002]  lr: 2.5000e-05  eta: 19:36:34  time: 0.3769  data_time: 0.0033  memory: 7329  grad_norm: 76.7388  loss: 8.1581  rpn_s.0.loss_cls: 0.6161  rpn_s.0.loss_bbox: 0.1108  rpn_s.0.loss_giou: 0.8216  rpn_s.1.loss_cls: 0.4294  rpn_s.1.loss_bbox: 0.0494  rpn_s.1.loss_giou: 0.4063  rpn_s.2.loss_cls: 0.3524  rpn_s.2.loss_bbox: 0.0403  rpn_s.2.loss_giou: 0.3468  rpn_s.3.loss_cls: 0.3128  rpn_s.3.loss_bbox: 0.0379  rpn_s.3.loss_giou: 0.3280  s0.loss_cls: 0.3581  s0.pos_acc: 100.0000  s0.loss_bbox: 0.6305  s0.loss_iou: 1.1309  s1.loss_cls: 0.3739  s1.pos_acc: 100.0000  s1.loss_bbox: 0.6461  s1.loss_iou: 1.1669
2026/03/27 16:49:55 - mmengine - INFO - Epoch(train) [12][ 3750/10002]  lr: 2.5000e-05  eta: 19:35:56  time: 0.3857  data_time: 0.0033  memory: 7330  grad_norm: 81.3588  loss: 8.6193  rpn_s.0.loss_cls: 0.6301  rpn_s.0.loss_bbox: 0.1168  rpn_s.0.loss_giou: 0.8817  rpn_s.1.loss_cls: 0.4532  rpn_s.1.loss_bbox: 0.0514  rpn_s.1.loss_giou: 0.4411  rpn_s.2.loss_cls: 0.3695  rpn_s.2.loss_bbox: 0.0420  rpn_s.2.loss_giou: 0.3820  rpn_s.3.loss_cls: 0.3260  rpn_s.3.loss_bbox: 0.0388  rpn_s.3.loss_giou: 0.3605  s0.loss_cls: 0.3798  s0.pos_acc: 65.0000  s0.loss_bbox: 0.5699  s0.loss_iou: 1.2342  s1.loss_cls: 0.3907  s1.pos_acc: 60.0000  s1.loss_bbox: 0.6625  s1.loss_iou: 1.2891
2026/03/27 16:50:14 - mmengine - INFO - Epoch(train) [12][ 3800/10002]  lr: 2.5000e-05  eta: 19:35:16  time: 0.3778  data_time: 0.0033  memory: 7329  grad_norm: 90.9591  loss: 8.3107  rpn_s.0.loss_cls: 0.6310  rpn_s.0.loss_bbox: 0.1102  rpn_s.0.loss_giou: 0.8488  rpn_s.1.loss_cls: 0.4556  rpn_s.1.loss_bbox: 0.0445  rpn_s.1.loss_giou: 0.4072  rpn_s.2.loss_cls: 0.3745  rpn_s.2.loss_bbox: 0.0371  rpn_s.2.loss_giou: 0.3468  rpn_s.3.loss_cls: 0.3268  rpn_s.3.loss_bbox: 0.0347  rpn_s.3.loss_giou: 0.3248  s0.loss_cls: 0.3566  s0.pos_acc: 64.0000  s0.loss_bbox: 0.6289  s0.loss_iou: 1.1439  s1.loss_cls: 0.3745  s1.pos_acc: 62.0000  s1.loss_bbox: 0.6820  s1.loss_iou: 1.1828
2026/03/27 16:50:33 - mmengine - INFO - Epoch(train) [12][ 3850/10002]  lr: 2.5000e-05  eta: 19:34:37  time: 0.3774  data_time: 0.0032  memory: 7330  grad_norm: 77.6265  loss: 7.6907  rpn_s.0.loss_cls: 0.5993  rpn_s.0.loss_bbox: 0.1045  rpn_s.0.loss_giou: 0.7594  rpn_s.1.loss_cls: 0.3924  rpn_s.1.loss_bbox: 0.0441  rpn_s.1.loss_giou: 0.3709  rpn_s.2.loss_cls: 0.3209  rpn_s.2.loss_bbox: 0.0373  rpn_s.2.loss_giou: 0.3230  rpn_s.3.loss_cls: 0.2832  rpn_s.3.loss_bbox: 0.0355  rpn_s.3.loss_giou: 0.3136  s0.loss_cls: 0.3282  s0.pos_acc: 70.9302  s0.loss_bbox: 0.6552  s0.loss_iou: 0.9963  s1.loss_cls: 0.3470  s1.pos_acc: 72.0930  s1.loss_bbox: 0.7057  s1.loss_iou: 1.0743
2026/03/27 16:50:52 - mmengine - INFO - Epoch(train) [12][ 3900/10002]  lr: 2.5000e-05  eta: 19:34:00  time: 0.3900  data_time: 0.0033  memory: 7330  grad_norm: 85.6280  loss: 7.8049  rpn_s.0.loss_cls: 0.5987  rpn_s.0.loss_bbox: 0.1054  rpn_s.0.loss_giou: 0.7629  rpn_s.1.loss_cls: 0.4025  rpn_s.1.loss_bbox: 0.0460  rpn_s.1.loss_giou: 0.3823  rpn_s.2.loss_cls: 0.3187  rpn_s.2.loss_bbox: 0.0374  rpn_s.2.loss_giou: 0.3244  rpn_s.3.loss_cls: 0.2774  rpn_s.3.loss_bbox: 0.0352  rpn_s.3.loss_giou: 0.3080  s0.loss_cls: 0.3289  s0.pos_acc: 65.6250  s0.loss_bbox: 0.6486  s0.loss_iou: 1.0392  s1.loss_cls: 0.3436  s1.pos_acc: 65.6250  s1.loss_bbox: 0.7404  s1.loss_iou: 1.1051
2026/03/27 16:51:12 - mmengine - INFO - Epoch(train) [12][ 3950/10002]  lr: 2.5000e-05  eta: 19:33:24  time: 0.3901  data_time: 0.0033  memory: 7330  grad_norm: 138.7671  loss: 7.8662  rpn_s.0.loss_cls: 0.5831  rpn_s.0.loss_bbox: 0.0991  rpn_s.0.loss_giou: 0.7496  rpn_s.1.loss_cls: 0.4145  rpn_s.1.loss_bbox: 0.0421  rpn_s.1.loss_giou: 0.3728  rpn_s.2.loss_cls: 0.3527  rpn_s.2.loss_bbox: 0.0355  rpn_s.2.loss_giou: 0.3205  rpn_s.3.loss_cls: 0.3146  rpn_s.3.loss_bbox: 0.0339  rpn_s.3.loss_giou: 0.3048  s0.loss_cls: 0.3419  s0.pos_acc: 70.0000  s0.loss_bbox: 0.6406  s0.loss_iou: 1.0825  s1.loss_cls: 0.3595  s1.pos_acc: 80.0000  s1.loss_bbox: 0.6695  s1.loss_iou: 1.1489
2026/03/27 16:51:24 - mmengine - INFO - Exp name: GSDet_r50_b900_h2h4_h2r1_r2r1_2x_fair1m1.0_20260327_123453
2026/03/27 16:51:31 - mmengine - INFO - Epoch(train) [12][ 4000/10002]  lr: 2.5000e-05  eta: 19:32:45  time: 0.3804  data_time: 0.0033  memory: 7329  grad_norm: 72.5882  loss: 8.5447  rpn_s.0.loss_cls: 0.6401  rpn_s.0.loss_bbox: 0.1078  rpn_s.0.loss_giou: 0.8735  rpn_s.1.loss_cls: 0.4436  rpn_s.1.loss_bbox: 0.0453  rpn_s.1.loss_giou: 0.4199  rpn_s.2.loss_cls: 0.3737  rpn_s.2.loss_bbox: 0.0382  rpn_s.2.loss_giou: 0.3633  rpn_s.3.loss_cls: 0.3209  rpn_s.3.loss_bbox: 0.0348  rpn_s.3.loss_giou: 0.3460  s0.loss_cls: 0.3689  s0.pos_acc: 78.4091  s0.loss_bbox: 0.6645  s0.loss_iou: 1.1714  s1.loss_cls: 0.3794  s1.pos_acc: 79.5455  s1.loss_bbox: 0.7417  s1.loss_iou: 1.2116
2026/03/27 16:51:49 - mmengine - INFO - Epoch(train) [12][ 4050/10002]  lr: 2.5000e-05  eta: 19:32:05  time: 0.3774  data_time: 0.0032  memory: 7329  grad_norm: 85.3915  loss: 7.9548  rpn_s.0.loss_cls: 0.6112  rpn_s.0.loss_bbox: 0.1053  rpn_s.0.loss_giou: 0.7796  rpn_s.1.loss_cls: 0.4258  rpn_s.1.loss_bbox: 0.0476  rpn_s.1.loss_giou: 0.3882  rpn_s.2.loss_cls: 0.3369  rpn_s.2.loss_bbox: 0.0400  rpn_s.2.loss_giou: 0.3393  rpn_s.3.loss_cls: 0.2965  rpn_s.3.loss_bbox: 0.0373  rpn_s.3.loss_giou: 0.3198  s0.loss_cls: 0.3263  s0.pos_acc: 76.9231  s0.loss_bbox: 0.6606  s0.loss_iou: 1.0763  s1.loss_cls: 0.3393  s1.pos_acc: 76.9231  s1.loss_bbox: 0.7085  s1.loss_iou: 1.1164
2026/03/27 16:52:08 - mmengine - INFO - Epoch(train) [12][ 4100/10002]  lr: 2.5000e-05  eta: 19:31:26  time: 0.3758  data_time: 0.0032  memory: 7329  grad_norm: 77.7969  loss: 7.6989  rpn_s.0.loss_cls: 0.5558  rpn_s.0.loss_bbox: 0.1009  rpn_s.0.loss_giou: 0.7308  rpn_s.1.loss_cls: 0.3949  rpn_s.1.loss_bbox: 0.0478  rpn_s.1.loss_giou: 0.3789  rpn_s.2.loss_cls: 0.3268  rpn_s.2.loss_bbox: 0.0412  rpn_s.2.loss_giou: 0.3272  rpn_s.3.loss_cls: 0.2878  rpn_s.3.loss_bbox: 0.0383  rpn_s.3.loss_giou: 0.3091  s0.loss_cls: 0.3212  s0.pos_acc: 73.6842  s0.loss_bbox: 0.6502  s0.loss_iou: 1.0550  s1.loss_cls: 0.3367  s1.pos_acc: 73.6842  s1.loss_bbox: 0.7022  s1.loss_iou: 1.0940
2026/03/27 16:52:28 - mmengine - INFO - Epoch(train) [12][ 4150/10002]  lr: 2.5000e-05  eta: 19:30:48  time: 0.3863  data_time: 0.0032  memory: 7330  grad_norm: 88.9086  loss: 8.7852  rpn_s.0.loss_cls: 0.6123  rpn_s.0.loss_bbox: 0.1204  rpn_s.0.loss_giou: 0.8664  rpn_s.1.loss_cls: 0.4486  rpn_s.1.loss_bbox: 0.0494  rpn_s.1.loss_giou: 0.4238  rpn_s.2.loss_cls: 0.3561  rpn_s.2.loss_bbox: 0.0425  rpn_s.2.loss_giou: 0.3725  rpn_s.3.loss_cls: 0.3250  rpn_s.3.loss_bbox: 0.0396  rpn_s.3.loss_giou: 0.3618  s0.loss_cls: 0.3447  s0.pos_acc: 100.0000  s0.loss_bbox: 0.7290  s0.loss_iou: 1.2375  s1.loss_cls: 0.3654  s1.pos_acc: 100.0000  s1.loss_bbox: 0.7926  s1.loss_iou: 1.2978
2026/03/27 16:52:47 - mmengine - INFO - Epoch(train) [12][ 4200/10002]  lr: 2.5000e-05  eta: 19:30:10  time: 0.3818  data_time: 0.0032  memory: 7330  grad_norm: 82.0855  loss: 7.8002  rpn_s.0.loss_cls: 0.5915  rpn_s.0.loss_bbox: 0.1082  rpn_s.0.loss_giou: 0.7853  rpn_s.1.loss_cls: 0.4099  rpn_s.1.loss_bbox: 0.0428  rpn_s.1.loss_giou: 0.3778  rpn_s.2.loss_cls: 0.3343  rpn_s.2.loss_bbox: 0.0368  rpn_s.2.loss_giou: 0.3237  rpn_s.3.loss_cls: 0.2891  rpn_s.3.loss_bbox: 0.0343  rpn_s.3.loss_giou: 0.3068  s0.loss_cls: 0.3144  s0.pos_acc: 100.0000  s0.loss_bbox: 0.6710  s0.loss_iou: 1.0146  s1.loss_cls: 0.3455  s1.pos_acc: 100.0000  s1.loss_bbox: 0.7439  s1.loss_iou: 1.0704
2026/03/27 16:53:06 - mmengine - INFO - Epoch(train) [12][ 4250/10002]  lr: 2.5000e-05  eta: 19:29:32  time: 0.3823  data_time: 0.0032  memory: 7330  grad_norm: 86.9130  loss: 7.6097  rpn_s.0.loss_cls: 0.5963  rpn_s.0.loss_bbox: 0.1074  rpn_s.0.loss_giou: 0.7357  rpn_s.1.loss_cls: 0.4207  rpn_s.1.loss_bbox: 0.0470  rpn_s.1.loss_giou: 0.3589  rpn_s.2.loss_cls: 0.3487  rpn_s.2.loss_bbox: 0.0405  rpn_s.2.loss_giou: 0.3133  rpn_s.3.loss_cls: 0.3116  rpn_s.3.loss_bbox: 0.0380  rpn_s.3.loss_giou: 0.2928  s0.loss_cls: 0.3275  s0.pos_acc: 75.0000  s0.loss_bbox: 0.6417  s0.loss_iou: 0.9730  s1.loss_cls: 0.3349  s1.pos_acc: 75.0000  s1.loss_bbox: 0.6767  s1.loss_iou: 1.0450
2026/03/27 16:53:25 - mmengine - INFO - Epoch(train) [12][ 4300/10002]  lr: 2.5000e-05  eta: 19:28:54  time: 0.3808  data_time: 0.0032  memory: 7329  grad_norm: 70.6462  loss: 7.8726  rpn_s.0.loss_cls: 0.6019  rpn_s.0.loss_bbox: 0.1062  rpn_s.0.loss_giou: 0.8152  rpn_s.1.loss_cls: 0.4045  rpn_s.1.loss_bbox: 0.0461  rpn_s.1.loss_giou: 0.3943  rpn_s.2.loss_cls: 0.3273  rpn_s.2.loss_bbox: 0.0389  rpn_s.2.loss_giou: 0.3360  rpn_s.3.loss_cls: 0.2824  rpn_s.3.loss_bbox: 0.0374  rpn_s.3.loss_giou: 0.3161  s0.loss_cls: 0.3203  s0.pos_acc: 75.0000  s0.loss_bbox: 0.5963  s0.loss_iou: 1.0871  s1.loss_cls: 0.3416  s1.pos_acc: 75.0000  s1.loss_bbox: 0.6931  s1.loss_iou: 1.1281
2026/03/27 16:53:44 - mmengine - INFO - Epoch(train) [12][ 4350/10002]  lr: 2.5000e-05  eta: 19:28:16  time: 0.3812  data_time: 0.0032  memory: 7329  grad_norm: 87.0813  loss: 8.1380  rpn_s.0.loss_cls: 0.5869  rpn_s.0.loss_bbox: 0.1116  rpn_s.0.loss_giou: 0.7784  rpn_s.1.loss_cls: 0.4121  rpn_s.1.loss_bbox: 0.0525  rpn_s.1.loss_giou: 0.3984  rpn_s.2.loss_cls: 0.3455  rpn_s.2.loss_bbox: 0.0430  rpn_s.2.loss_giou: 0.3389  rpn_s.3.loss_cls: 0.3105  rpn_s.3.loss_bbox: 0.0417  rpn_s.3.loss_giou: 0.3243  s0.loss_cls: 0.3381  s0.pos_acc: 100.0000  s0.loss_bbox: 0.7073  s0.loss_iou: 1.0993  s1.loss_cls: 0.3465  s1.pos_acc: 100.0000  s1.loss_bbox: 0.7477  s1.loss_iou: 1.1552
2026/03/27 16:54:03 - mmengine - INFO - Epoch(train) [12][ 4400/10002]  lr: 2.5000e-05  eta: 19:27:38  time: 0.3838  data_time: 0.0032  memory: 7329  grad_norm: 77.3973  loss: 8.1161  rpn_s.0.loss_cls: 0.6301  rpn_s.0.loss_bbox: 0.1055  rpn_s.0.loss_giou: 0.8437  rpn_s.1.loss_cls: 0.4343  rpn_s.1.loss_bbox: 0.0455  rpn_s.1.loss_giou: 0.4147  rpn_s.2.loss_cls: 0.3763  rpn_s.2.loss_bbox: 0.0381  rpn_s.2.loss_giou: 0.3508  rpn_s.3.loss_cls: 0.3388  rpn_s.3.loss_bbox: 0.0360  rpn_s.3.loss_giou: 0.3333  s0.loss_cls: 0.3690  s0.pos_acc: 50.0000  s0.loss_bbox: 0.5333  s0.loss_iou: 1.1066  s1.loss_cls: 0.3831  s1.pos_acc: 50.0000  s1.loss_bbox: 0.6296  s1.loss_iou: 1.1474
2026/03/27 16:54:22 - mmengine - INFO - Epoch(train) [12][ 4450/10002]  lr: 2.5000e-05  eta: 19:27:01  time: 0.3862  data_time: 0.0032  memory: 7329  grad_norm: 72.3835  loss: 7.6829  rpn_s.0.loss_cls: 0.5735  rpn_s.0.loss_bbox: 0.1024  rpn_s.0.loss_giou: 0.7546  rpn_s.1.loss_cls: 0.3999  rpn_s.1.loss_bbox: 0.0446  rpn_s.1.loss_giou: 0.3746  rpn_s.2.loss_cls: 0.3397  rpn_s.2.loss_bbox: 0.0365  rpn_s.2.loss_giou: 0.3244  rpn_s.3.loss_cls: 0.3022  rpn_s.3.loss_bbox: 0.0344  rpn_s.3.loss_giou: 0.3036  s0.loss_cls: 0.3416  s0.pos_acc: 100.0000  s0.loss_bbox: 0.6374  s0.loss_iou: 1.0322  s1.loss_cls: 0.3661  s1.pos_acc: 100.0000  s1.loss_bbox: 0.6387  s1.loss_iou: 1.0764
2026/03/27 16:54:42 - mmengine - INFO - Epoch(train) [12][ 4500/10002]  lr: 2.5000e-05  eta: 19:26:24  time: 0.3848  data_time: 0.0032  memory: 7329  grad_norm: 85.5060  loss: 8.0946  rpn_s.0.loss_cls: 0.5976  rpn_s.0.loss_bbox: 0.1121  rpn_s.0.loss_giou: 0.8228  rpn_s.1.loss_cls: 0.4285  rpn_s.1.loss_bbox: 0.0486  rpn_s.1.loss_giou: 0.3973  rpn_s.2.loss_cls: 0.3533  rpn_s.2.loss_bbox: 0.0426  rpn_s.2.loss_giou: 0.3401  rpn_s.3.loss_cls: 0.3097  rpn_s.3.loss_bbox: 0.0398  rpn_s.3.loss_giou: 0.3211  s0.loss_cls: 0.3534  s0.pos_acc: 70.8333  s0.loss_bbox: 0.6333  s0.loss_iou: 1.1173  s1.loss_cls: 0.3791  s1.pos_acc: 75.0000  s1.loss_bbox: 0.6297  s1.loss_iou: 1.1684
2026/03/27 16:55:00 - mmengine - INFO - Epoch(train) [12][ 4550/10002]  lr: 2.5000e-05  eta: 19:25:44  time: 0.3726  data_time: 0.0032  memory: 7329  grad_norm: 76.1295  loss: 7.7270  rpn_s.0.loss_cls: 0.6192  rpn_s.0.loss_bbox: 0.1081  rpn_s.0.loss_giou: 0.7948  rpn_s.1.loss_cls: 0.4324  rpn_s.1.loss_bbox: 0.0431  rpn_s.1.loss_giou: 0.3711  rpn_s.2.loss_cls: 0.3423  rpn_s.2.loss_bbox: 0.0376  rpn_s.2.loss_giou: 0.3233  rpn_s.3.loss_cls: 0.2904  rpn_s.3.loss_bbox: 0.0356  rpn_s.3.loss_giou: 0.3080  s0.loss_cls: 0.3189  s0.pos_acc: 80.0000  s0.loss_bbox: 0.6433  s0.loss_iou: 0.9918  s1.loss_cls: 0.3333  s1.pos_acc: 80.0000  s1.loss_bbox: 0.7267  s1.loss_iou: 1.0072
2026/03/27 16:55:19 - mmengine - INFO - Epoch(train) [12][ 4600/10002]  lr: 2.5000e-05  eta: 19:25:06  time: 0.3792  data_time: 0.0032  memory: 7330  grad_norm: 79.8714  loss: 8.0120  rpn_s.0.loss_cls: 0.6049  rpn_s.0.loss_bbox: 0.1108  rpn_s.0.loss_giou: 0.8362  rpn_s.1.loss_cls: 0.4318  rpn_s.1.loss_bbox: 0.0462  rpn_s.1.loss_giou: 0.3985  rpn_s.2.loss_cls: 0.3495  rpn_s.2.loss_bbox: 0.0384  rpn_s.2.loss_giou: 0.3346  rpn_s.3.loss_cls: 0.3084  rpn_s.3.loss_bbox: 0.0358  rpn_s.3.loss_giou: 0.3172  s0.loss_cls: 0.3283  s0.pos_acc: 73.1707  s0.loss_bbox: 0.6359  s0.loss_iou: 1.0776  s1.loss_cls: 0.3560  s1.pos_acc: 75.6098  s1.loss_bbox: 0.6823  s1.loss_iou: 1.1197
2026/03/27 16:55:38 - mmengine - INFO - Epoch(train) [12][ 4650/10002]  lr: 2.5000e-05  eta: 19:24:26  time: 0.3725  data_time: 0.0032  memory: 7329  grad_norm: 140.8324  loss: 8.2324  rpn_s.0.loss_cls: 0.6154  rpn_s.0.loss_bbox: 0.1011  rpn_s.0.loss_giou: 0.8231  rpn_s.1.loss_cls: 0.4135  rpn_s.1.loss_bbox: 0.0435  rpn_s.1.loss_giou: 0.4175  rpn_s.2.loss_cls: 0.3393  rpn_s.2.loss_bbox: 0.0389  rpn_s.2.loss_giou: 0.3705  rpn_s.3.loss_cls: 0.2992  rpn_s.3.loss_bbox: 0.0368  rpn_s.3.loss_giou: 0.3507  s0.loss_cls: 0.3330  s0.pos_acc: 80.6818  s0.loss_bbox: 0.6458  s0.loss_iou: 1.1554  s1.loss_cls: 0.3492  s1.pos_acc: 81.8182  s1.loss_bbox: 0.7060  s1.loss_iou: 1.1936
2026/03/27 16:55:57 - mmengine - INFO - Epoch(train) [12][ 4700/10002]  lr: 2.5000e-05  eta: 19:23:48  time: 0.3805  data_time: 0.0032  memory: 7330  grad_norm: 83.0435  loss: 8.7623  rpn_s.0.loss_cls: 0.6652  rpn_s.0.loss_bbox: 0.1098  rpn_s.0.loss_giou: 0.8690  rpn_s.1.loss_cls: 0.4610  rpn_s.1.loss_bbox: 0.0509  rpn_s.1.loss_giou: 0.4408  rpn_s.2.loss_cls: 0.3934  rpn_s.2.loss_bbox: 0.0412  rpn_s.2.loss_giou: 0.3804  rpn_s.3.loss_cls: 0.3432  rpn_s.3.loss_bbox: 0.0376  rpn_s.3.loss_giou: 0.3538  s0.loss_cls: 0.3843  s0.pos_acc: 66.6667  s0.loss_bbox: 0.6903  s0.loss_iou: 1.1937  s1.loss_cls: 0.3985  s1.pos_acc: 71.4286  s1.loss_bbox: 0.7089  s1.loss_iou: 1.2404
2026/03/27 16:56:16 - mmengine - INFO - Epoch(train) [12][ 4750/10002]  lr: 2.5000e-05  eta: 19:23:10  time: 0.3791  data_time: 0.0032  memory: 7329  grad_norm: 73.8794  loss: 7.9574  rpn_s.0.loss_cls: 0.6080  rpn_s.0.loss_bbox: 0.0997  rpn_s.0.loss_giou: 0.8034  rpn_s.1.loss_cls: 0.4178  rpn_s.1.loss_bbox: 0.0419  rpn_s.1.loss_giou: 0.3878  rpn_s.2.loss_cls: 0.3505  rpn_s.2.loss_bbox: 0.0345  rpn_s.2.loss_giou: 0.3309  rpn_s.3.loss_cls: 0.3098  rpn_s.3.loss_bbox: 0.0323  rpn_s.3.loss_giou: 0.3176  s0.loss_cls: 0.3430  s0.pos_acc: 63.6364  s0.loss_bbox: 0.6193  s0.loss_iou: 1.0953  s1.loss_cls: 0.3616  s1.pos_acc: 63.6364  s1.loss_bbox: 0.6838  s1.loss_iou: 1.1202
2026/03/27 16:56:35 - mmengine - INFO - Epoch(train) [12][ 4800/10002]  lr: 2.5000e-05  eta: 19:22:30  time: 0.3726  data_time: 0.0032  memory: 7330  grad_norm: 109.6874  loss: 7.7452  rpn_s.0.loss_cls: 0.5846  rpn_s.0.loss_bbox: 0.1022  rpn_s.0.loss_giou: 0.7479  rpn_s.1.loss_cls: 0.4145  rpn_s.1.loss_bbox: 0.0449  rpn_s.1.loss_giou: 0.3768  rpn_s.2.loss_cls: 0.3251  rpn_s.2.loss_bbox: 0.0396  rpn_s.2.loss_giou: 0.3270  rpn_s.3.loss_cls: 0.2895  rpn_s.3.loss_bbox: 0.0366  rpn_s.3.loss_giou: 0.3085  s0.loss_cls: 0.3310  s0.pos_acc: 51.0638  s0.loss_bbox: 0.6216  s0.loss_iou: 1.0739  s1.loss_cls: 0.3503  s1.pos_acc: 46.8085  s1.loss_bbox: 0.6478  s1.loss_iou: 1.1236
2026/03/27 16:56:53 - mmengine - INFO - Epoch(train) [12][ 4850/10002]  lr: 2.5000e-05  eta: 19:21:51  time: 0.3765  data_time: 0.0032  memory: 7329  grad_norm: 80.4619  loss: 7.4228  rpn_s.0.loss_cls: 0.5901  rpn_s.0.loss_bbox: 0.0943  rpn_s.0.loss_giou: 0.7184  rpn_s.1.loss_cls: 0.4018  rpn_s.1.loss_bbox: 0.0388  rpn_s.1.loss_giou: 0.3464  rpn_s.2.loss_cls: 0.3393  rpn_s.2.loss_bbox: 0.0336  rpn_s.2.loss_giou: 0.3019  rpn_s.3.loss_cls: 0.3087  rpn_s.3.loss_bbox: 0.0320  rpn_s.3.loss_giou: 0.2870  s0.loss_cls: 0.3366  s0.pos_acc: 66.6667  s0.loss_bbox: 0.5917  s0.loss_iou: 0.9812  s1.loss_cls: 0.3641  s1.pos_acc: 83.3333  s1.loss_bbox: 0.6350  s1.loss_iou: 1.0219
2026/03/27 16:57:12 - mmengine - INFO - Epoch(train) [12][ 4900/10002]  lr: 2.5000e-05  eta: 19:21:13  time: 0.3788  data_time: 0.0033  memory: 7329  grad_norm: 75.9388  loss: 8.4712  rpn_s.0.loss_cls: 0.6200  rpn_s.0.loss_bbox: 0.1106  rpn_s.0.loss_giou: 0.8520  rpn_s.1.loss_cls: 0.4380  rpn_s.1.loss_bbox: 0.0475  rpn_s.1.loss_giou: 0.4203  rpn_s.2.loss_cls: 0.3691  rpn_s.2.loss_bbox: 0.0408  rpn_s.2.loss_giou: 0.3650  rpn_s.3.loss_cls: 0.3318  rpn_s.3.loss_bbox: 0.0378  rpn_s.3.loss_giou: 0.3465  s0.loss_cls: 0.3725  s0.pos_acc: 64.2857  s0.loss_bbox: 0.6293  s0.loss_iou: 1.1852  s1.loss_cls: 0.3965  s1.pos_acc: 50.0000  s1.loss_bbox: 0.6872  s1.loss_iou: 1.2213
2026/03/27 16:57:32 - mmengine - INFO - Epoch(train) [12][ 4950/10002]  lr: 2.5000e-05  eta: 19:20:38  time: 0.3890  data_time: 0.0032  memory: 7330  grad_norm: 78.9752  loss: 7.9781  rpn_s.0.loss_cls: 0.6059  rpn_s.0.loss_bbox: 0.1021  rpn_s.0.loss_giou: 0.7621  rpn_s.1.loss_cls: 0.4367  rpn_s.1.loss_bbox: 0.0466  rpn_s.1.loss_giou: 0.3961  rpn_s.2.loss_cls: 0.3521  rpn_s.2.loss_bbox: 0.0386  rpn_s.2.loss_giou: 0.3398  rpn_s.3.loss_cls: 0.3160  rpn_s.3.loss_bbox: 0.0357  rpn_s.3.loss_giou: 0.3206  s0.loss_cls: 0.3468  s0.pos_acc: 64.4531  s0.loss_bbox: 0.6120  s0.loss_iou: 1.0927  s1.loss_cls: 0.3768  s1.pos_acc: 72.0052  s1.loss_bbox: 0.6617  s1.loss_iou: 1.1358
2026/03/27 16:57:44 - mmengine - INFO - Exp name: GSDet_r50_b900_h2h4_h2r1_r2r1_2x_fair1m1.0_20260327_123453
2026/03/27 16:57:50 - mmengine - INFO - Epoch(train) [12][ 5000/10002]  lr: 2.5000e-05  eta: 19:19:58  time: 0.3727  data_time: 0.0032  memory: 7329  grad_norm: 78.3339  loss: 7.8163  rpn_s.0.loss_cls: 0.6165  rpn_s.0.loss_bbox: 0.0933  rpn_s.0.loss_giou: 0.7512  rpn_s.1.loss_cls: 0.4270  rpn_s.1.loss_bbox: 0.0406  rpn_s.1.loss_giou: 0.3768  rpn_s.2.loss_cls: 0.3423  rpn_s.2.loss_bbox: 0.0346  rpn_s.2.loss_giou: 0.3294  rpn_s.3.loss_cls: 0.3096  rpn_s.3.loss_bbox: 0.0325  rpn_s.3.loss_giou: 0.3133  s0.loss_cls: 0.3369  s0.pos_acc: 73.6842  s0.loss_bbox: 0.6522  s0.loss_iou: 1.0339  s1.loss_cls: 0.3593  s1.pos_acc: 60.5263  s1.loss_bbox: 0.6928  s1.loss_iou: 1.0743
2026/03/27 16:58:09 - mmengine - INFO - Epoch(train) [12][ 5050/10002]  lr: 2.5000e-05  eta: 19:19:19  time: 0.3748  data_time: 0.0032  memory: 7329  grad_norm: 78.1918  loss: 8.1287  rpn_s.0.loss_cls: 0.6007  rpn_s.0.loss_bbox: 0.1079  rpn_s.0.loss_giou: 0.8051  rpn_s.1.loss_cls: 0.4297  rpn_s.1.loss_bbox: 0.0462  rpn_s.1.loss_giou: 0.4096  rpn_s.2.loss_cls: 0.3505  rpn_s.2.loss_bbox: 0.0378  rpn_s.2.loss_giou: 0.3476  rpn_s.3.loss_cls: 0.3091  rpn_s.3.loss_bbox: 0.0354  rpn_s.3.loss_giou: 0.3310  s0.loss_cls: 0.3437  s0.pos_acc: 83.3333  s0.loss_bbox: 0.6320  s0.loss_iou: 1.1195  s1.loss_cls: 0.3734  s1.pos_acc: 83.3333  s1.loss_bbox: 0.6964  s1.loss_iou: 1.1531
2026/03/27 16:58:28 - mmengine - INFO - Epoch(train) [12][ 5100/10002]  lr: 2.5000e-05  eta: 19:18:43  time: 0.3853  data_time: 0.0032  memory: 7330  grad_norm: 79.3197  loss: 8.6509  rpn_s.0.loss_cls: 0.6274  rpn_s.0.loss_bbox: 0.1112  rpn_s.0.loss_giou: 0.8862  rpn_s.1.loss_cls: 0.4459  rpn_s.1.loss_bbox: 0.0501  rpn_s.1.loss_giou: 0.4426  rpn_s.2.loss_cls: 0.3702  rpn_s.2.loss_bbox: 0.0416  rpn_s.2.loss_giou: 0.3784  rpn_s.3.loss_cls: 0.3337  rpn_s.3.loss_bbox: 0.0383  rpn_s.3.loss_giou: 0.3580  s0.loss_cls: 0.3771  s0.pos_acc: 81.0345  s0.loss_bbox: 0.6047  s0.loss_iou: 1.2266  s1.loss_cls: 0.3996  s1.pos_acc: 81.0345  s1.loss_bbox: 0.6887  s1.loss_iou: 1.2706
2026/03/27 16:58:47 - mmengine - INFO - Epoch(train) [12][ 5150/10002]  lr: 2.5000e-05  eta: 19:18:05  time: 0.3764  data_time: 0.0032  memory: 7329  grad_norm: 71.5893  loss: 7.3756  rpn_s.0.loss_cls: 0.5881  rpn_s.0.loss_bbox: 0.0957  rpn_s.0.loss_giou: 0.6942  rpn_s.1.loss_cls: 0.4189  rpn_s.1.loss_bbox: 0.0409  rpn_s.1.loss_giou: 0.3409  rpn_s.2.loss_cls: 0.3392  rpn_s.2.loss_bbox: 0.0348  rpn_s.2.loss_giou: 0.2971  rpn_s.3.loss_cls: 0.2990  rpn_s.3.loss_bbox: 0.0331  rpn_s.3.loss_giou: 0.2834  s0.loss_cls: 0.3336  s0.pos_acc: 50.0000  s0.loss_bbox: 0.6317  s0.loss_iou: 0.9533  s1.loss_cls: 0.3577  s1.pos_acc: 56.2500  s1.loss_bbox: 0.6495  s1.loss_iou: 0.9846
2026/03/27 16:59:06 - mmengine - INFO - Epoch(train) [12][ 5200/10002]  lr: 2.5000e-05  eta: 19:17:26  time: 0.3748  data_time: 0.0033  memory: 7330  grad_norm: 85.2075  loss: 7.8174  rpn_s.0.loss_cls: 0.5832  rpn_s.0.loss_bbox: 0.1065  rpn_s.0.loss_giou: 0.7323  rpn_s.1.loss_cls: 0.4270  rpn_s.1.loss_bbox: 0.0453  rpn_s.1.loss_giou: 0.3618  rpn_s.2.loss_cls: 0.3622  rpn_s.2.loss_bbox: 0.0397  rpn_s.2.loss_giou: 0.3159  rpn_s.3.loss_cls: 0.3154  rpn_s.3.loss_bbox: 0.0373  rpn_s.3.loss_giou: 0.3007  s0.loss_cls: 0.3578  s0.pos_acc: 88.8889  s0.loss_bbox: 0.6484  s0.loss_iou: 1.0336  s1.loss_cls: 0.3707  s1.pos_acc: 88.8889  s1.loss_bbox: 0.6775  s1.loss_iou: 1.1022
2026/03/27 16:59:25 - mmengine - INFO - Epoch(train) [12][ 5250/10002]  lr: 2.5000e-05  eta: 19:16:49  time: 0.3812  data_time: 0.0033  memory: 7329  grad_norm: 94.3070  loss: 8.2058  rpn_s.0.loss_cls: 0.6003  rpn_s.0.loss_bbox: 0.1004  rpn_s.0.loss_giou: 0.8505  rpn_s.1.loss_cls: 0.4115  rpn_s.1.loss_bbox: 0.0411  rpn_s.1.loss_giou: 0.4215  rpn_s.2.loss_cls: 0.3313  rpn_s.2.loss_bbox: 0.0341  rpn_s.2.loss_giou: 0.3644  rpn_s.3.loss_cls: 0.2901  rpn_s.3.loss_bbox: 0.0313  rpn_s.3.loss_giou: 0.3424  s0.loss_cls: 0.3326  s0.pos_acc: 100.0000  s0.loss_bbox: 0.6151  s0.loss_iou: 1.1776  s1.loss_cls: 0.3409  s1.pos_acc: 100.0000  s1.loss_bbox: 0.7003  s1.loss_iou: 1.2204
2026/03/27 16:59:44 - mmengine - INFO - Epoch(train) [12][ 5300/10002]  lr: 2.5000e-05  eta: 19:16:11  time: 0.3778  data_time: 0.0032  memory: 7329  grad_norm: 101.1657  loss: 8.5957  rpn_s.0.loss_cls: 0.6047  rpn_s.0.loss_bbox: 0.1170  rpn_s.0.loss_giou: 0.8670  rpn_s.1.loss_cls: 0.4463  rpn_s.1.loss_bbox: 0.0513  rpn_s.1.loss_giou: 0.4331  rpn_s.2.loss_cls: 0.3667  rpn_s.2.loss_bbox: 0.0435  rpn_s.2.loss_giou: 0.3712  rpn_s.3.loss_cls: 0.3303  rpn_s.3.loss_bbox: 0.0423  rpn_s.3.loss_giou: 0.3550  s0.loss_cls: 0.3675  s0.pos_acc: 87.5000  s0.loss_bbox: 0.6304  s0.loss_iou: 1.2127  s1.loss_cls: 0.3858  s1.pos_acc: 87.5000  s1.loss_bbox: 0.7101  s1.loss_iou: 1.2609
2026/03/27 17:00:03 - mmengine - INFO - Epoch(train) [12][ 5350/10002]  lr: 2.5000e-05  eta: 19:15:32  time: 0.3744  data_time: 0.0032  memory: 7329  grad_norm: 71.8326  loss: 8.0057  rpn_s.0.loss_cls: 0.6011  rpn_s.0.loss_bbox: 0.1031  rpn_s.0.loss_giou: 0.8116  rpn_s.1.loss_cls: 0.4124  rpn_s.1.loss_bbox: 0.0431  rpn_s.1.loss_giou: 0.3941  rpn_s.2.loss_cls: 0.3412  rpn_s.2.loss_bbox: 0.0372  rpn_s.2.loss_giou: 0.3408  rpn_s.3.loss_cls: 0.3032  rpn_s.3.loss_bbox: 0.0362  rpn_s.3.loss_giou: 0.3289  s0.loss_cls: 0.3345  s0.pos_acc: 68.0233  s0.loss_bbox: 0.6402  s0.loss_iou: 1.1003  s1.loss_cls: 0.3417  s1.pos_acc: 68.0233  s1.loss_bbox: 0.6890  s1.loss_iou: 1.1471
2026/03/27 17:00:22 - mmengine - INFO - Epoch(train) [12][ 5400/10002]  lr: 2.5000e-05  eta: 19:14:56  time: 0.3840  data_time: 0.0032  memory: 7330  grad_norm: 76.3020  loss: 8.4240  rpn_s.0.loss_cls: 0.5909  rpn_s.0.loss_bbox: 0.1109  rpn_s.0.loss_giou: 0.8515  rpn_s.1.loss_cls: 0.4367  rpn_s.1.loss_bbox: 0.0481  rpn_s.1.loss_giou: 0.4395  rpn_s.2.loss_cls: 0.3567  rpn_s.2.loss_bbox: 0.0398  rpn_s.2.loss_giou: 0.3775  rpn_s.3.loss_cls: 0.3117  rpn_s.3.loss_bbox: 0.0371  rpn_s.3.loss_giou: 0.3576  s0.loss_cls: 0.3766  s0.pos_acc: 70.1299  s0.loss_bbox: 0.6031  s0.loss_iou: 1.1865  s1.loss_cls: 0.3788  s1.pos_acc: 72.0779  s1.loss_bbox: 0.6901  s1.loss_iou: 1.2309
2026/03/27 17:00:41 - mmengine - INFO - Epoch(train) [12][ 5450/10002]  lr: 2.5000e-05  eta: 19:14:18  time: 0.3780  data_time: 0.0032  memory: 7330  grad_norm: 75.0957  loss: 7.9287  rpn_s.0.loss_cls: 0.5932  rpn_s.0.loss_bbox: 0.1099  rpn_s.0.loss_giou: 0.7649  rpn_s.1.loss_cls: 0.4109  rpn_s.1.loss_bbox: 0.0507  rpn_s.1.loss_giou: 0.3913  rpn_s.2.loss_cls: 0.3344  rpn_s.2.loss_bbox: 0.0427  rpn_s.2.loss_giou: 0.3337  rpn_s.3.loss_cls: 0.2990  rpn_s.3.loss_bbox: 0.0405  rpn_s.3.loss_giou: 0.3182  s0.loss_cls: 0.3380  s0.pos_acc: 80.0000  s0.loss_bbox: 0.6526  s0.loss_iou: 1.0887  s1.loss_cls: 0.3513  s1.pos_acc: 75.0000  s1.loss_bbox: 0.6782  s1.loss_iou: 1.1304
2026/03/27 17:01:00 - mmengine - INFO - Epoch(train) [12][ 5500/10002]  lr: 2.5000e-05  eta: 19:13:40  time: 0.3772  data_time: 0.0032  memory: 7329  grad_norm: 79.8226  loss: 8.1054  rpn_s.0.loss_cls: 0.5841  rpn_s.0.loss_bbox: 0.1049  rpn_s.0.loss_giou: 0.7743  rpn_s.1.loss_cls: 0.4159  rpn_s.1.loss_bbox: 0.0519  rpn_s.1.loss_giou: 0.4058  rpn_s.2.loss_cls: 0.3301  rpn_s.2.loss_bbox: 0.0450  rpn_s.2.loss_giou: 0.3597  rpn_s.3.loss_cls: 0.2876  rpn_s.3.loss_bbox: 0.0419  rpn_s.3.loss_giou: 0.3364  s0.loss_cls: 0.3258  s0.pos_acc: 100.0000  s0.loss_bbox: 0.6585  s0.loss_iou: 1.1412  s1.loss_cls: 0.3461  s1.pos_acc: 75.0000  s1.loss_bbox: 0.7103  s1.loss_iou: 1.1857
2026/03/27 17:01:19 - mmengine - INFO - Epoch(train) [12][ 5550/10002]  lr: 2.5000e-05  eta: 19:13:03  time: 0.3778  data_time: 0.0032  memory: 7329  grad_norm: 88.0014  loss: 7.7278  rpn_s.0.loss_cls: 0.5682  rpn_s.0.loss_bbox: 0.1080  rpn_s.0.loss_giou: 0.7518  rpn_s.1.loss_cls: 0.4060  rpn_s.1.loss_bbox: 0.0457  rpn_s.1.loss_giou: 0.3689  rpn_s.2.loss_cls: 0.3189  rpn_s.2.loss_bbox: 0.0381  rpn_s.2.loss_giou: 0.3146  rpn_s.3.loss_cls: 0.2851  rpn_s.3.loss_bbox: 0.0353  rpn_s.3.loss_giou: 0.2964  s0.loss_cls: 0.3138  s0.pos_acc: 20.0000  s0.loss_bbox: 0.7083  s0.loss_iou: 1.0201  s1.loss_cls: 0.3195  s1.pos_acc: 60.0000  s1.loss_bbox: 0.7573  s1.loss_iou: 1.0719
2026/03/27 17:01:38 - mmengine - INFO - Epoch(train) [12][ 5600/10002]  lr: 2.5000e-05  eta: 19:12:26  time: 0.3818  data_time: 0.0032  memory: 7329  grad_norm: 82.0197  loss: 7.9961  rpn_s.0.loss_cls: 0.5906  rpn_s.0.loss_bbox: 0.1111  rpn_s.0.loss_giou: 0.7613  rpn_s.1.loss_cls: 0.4188  rpn_s.1.loss_bbox: 0.0497  rpn_s.1.loss_giou: 0.3808  rpn_s.2.loss_cls: 0.3523  rpn_s.2.loss_bbox: 0.0424  rpn_s.2.loss_giou: 0.3348  rpn_s.3.loss_cls: 0.3026  rpn_s.3.loss_bbox: 0.0389  rpn_s.3.loss_giou: 0.3143  s0.loss_cls: 0.3350  s0.pos_acc: 77.7778  s0.loss_bbox: 0.6569  s0.loss_iou: 1.1031  s1.loss_cls: 0.3503  s1.pos_acc: 77.7778  s1.loss_bbox: 0.6831  s1.loss_iou: 1.1700
2026/03/27 17:01:57 - mmengine - INFO - Epoch(train) [12][ 5650/10002]  lr: 2.5000e-05  eta: 19:11:49  time: 0.3790  data_time: 0.0032  memory: 7330  grad_norm: 82.2930  loss: 7.9498  rpn_s.0.loss_cls: 0.5702  rpn_s.0.loss_bbox: 0.1114  rpn_s.0.loss_giou: 0.7728  rpn_s.1.loss_cls: 0.3983  rpn_s.1.loss_bbox: 0.0504  rpn_s.1.loss_giou: 0.3859  rpn_s.2.loss_cls: 0.3194  rpn_s.2.loss_bbox: 0.0443  rpn_s.2.loss_giou: 0.3401  rpn_s.3.loss_cls: 0.2774  rpn_s.3.loss_bbox: 0.0414  rpn_s.3.loss_giou: 0.3236  s0.loss_cls: 0.3122  s0.pos_acc: 96.1749  s0.loss_bbox: 0.6902  s0.loss_iou: 1.1090  s1.loss_cls: 0.3420  s1.pos_acc: 96.1749  s1.loss_bbox: 0.7140  s1.loss_iou: 1.1470
2026/03/27 17:02:15 - mmengine - INFO - Epoch(train) [12][ 5700/10002]  lr: 2.5000e-05  eta: 19:11:10  time: 0.3739  data_time: 0.0032  memory: 7329  grad_norm: 79.6458  loss: 7.7469  rpn_s.0.loss_cls: 0.5839  rpn_s.0.loss_bbox: 0.1039  rpn_s.0.loss_giou: 0.7285  rpn_s.1.loss_cls: 0.4053  rpn_s.1.loss_bbox: 0.0498  rpn_s.1.loss_giou: 0.3846  rpn_s.2.loss_cls: 0.3289  rpn_s.2.loss_bbox: 0.0426  rpn_s.2.loss_giou: 0.3335  rpn_s.3.loss_cls: 0.2830  rpn_s.3.loss_bbox: 0.0397  rpn_s.3.loss_giou: 0.3193  s0.loss_cls: 0.3233  s0.pos_acc: 100.0000  s0.loss_bbox: 0.6008  s0.loss_iou: 1.0896  s1.loss_cls: 0.3322  s1.pos_acc: 100.0000  s1.loss_bbox: 0.6600  s1.loss_iou: 1.1380
2026/03/27 17:02:35 - mmengine - INFO - Epoch(train) [12][ 5750/10002]  lr: 2.5000e-05  eta: 19:10:36  time: 0.3905  data_time: 0.0033  memory: 7330  grad_norm: 77.5569  loss: 7.7805  rpn_s.0.loss_cls: 0.5722  rpn_s.0.loss_bbox: 0.0996  rpn_s.0.loss_giou: 0.7319  rpn_s.1.loss_cls: 0.4208  rpn_s.1.loss_bbox: 0.0448  rpn_s.1.loss_giou: 0.3857  rpn_s.2.loss_cls: 0.3379  rpn_s.2.loss_bbox: 0.0370  rpn_s.2.loss_giou: 0.3372  rpn_s.3.loss_cls: 0.2966  rpn_s.3.loss_bbox: 0.0341  rpn_s.3.loss_giou: 0.3122  s0.loss_cls: 0.3392  s0.pos_acc: 65.4762  s0.loss_bbox: 0.5884  s0.loss_iou: 1.1025  s1.loss_cls: 0.3678  s1.pos_acc: 66.6667  s1.loss_bbox: 0.6094  s1.loss_iou: 1.1633
2026/03/27 17:02:54 - mmengine - INFO - Epoch(train) [12][ 5800/10002]  lr: 2.5000e-05  eta: 19:09:58  time: 0.3786  data_time: 0.0032  memory: 7330  grad_norm: 82.9751  loss: 8.3170  rpn_s.0.loss_cls: 0.6323  rpn_s.0.loss_bbox: 0.1059  rpn_s.0.loss_giou: 0.8671  rpn_s.1.loss_cls: 0.4233  rpn_s.1.loss_bbox: 0.0435  rpn_s.1.loss_giou: 0.4131  rpn_s.2.loss_cls: 0.3480  rpn_s.2.loss_bbox: 0.0365  rpn_s.2.loss_giou: 0.3548  rpn_s.3.loss_cls: 0.3116  rpn_s.3.loss_bbox: 0.0346  rpn_s.3.loss_giou: 0.3393  s0.loss_cls: 0.3425  s0.pos_acc: 100.0000  s0.loss_bbox: 0.6399  s0.loss_iou: 1.1459  s1.loss_cls: 0.3720  s1.pos_acc: 100.0000  s1.loss_bbox: 0.7062  s1.loss_iou: 1.2006
2026/03/27 17:03:13 - mmengine - INFO - Epoch(train) [12][ 5850/10002]  lr: 2.5000e-05  eta: 19:09:21  time: 0.3798  data_time: 0.0032  memory: 7329  grad_norm: 77.8176  loss: 8.3519  rpn_s.0.loss_cls: 0.5926  rpn_s.0.loss_bbox: 0.1110  rpn_s.0.loss_giou: 0.8766  rpn_s.1.loss_cls: 0.4179  rpn_s.1.loss_bbox: 0.0491  rpn_s.1.loss_giou: 0.4194  rpn_s.2.loss_cls: 0.3452  rpn_s.2.loss_bbox: 0.0399  rpn_s.2.loss_giou: 0.3645  rpn_s.3.loss_cls: 0.3119  rpn_s.3.loss_bbox: 0.0384  rpn_s.3.loss_giou: 0.3456  s0.loss_cls: 0.3595  s0.pos_acc: 100.0000  s0.loss_bbox: 0.6052  s0.loss_iou: 1.1840  s1.loss_cls: 0.3899  s1.pos_acc: 100.0000  s1.loss_bbox: 0.6737  s1.loss_iou: 1.2276
2026/03/27 17:03:32 - mmengine - INFO - Epoch(train) [12][ 5900/10002]  lr: 2.5000e-05  eta: 19:08:45  time: 0.3795  data_time: 0.0032  memory: 7330  grad_norm: 85.8755  loss: 8.6747  rpn_s.0.loss_cls: 0.6274  rpn_s.0.loss_bbox: 0.1118  rpn_s.0.loss_giou: 0.9268  rpn_s.1.loss_cls: 0.4287  rpn_s.1.loss_bbox: 0.0445  rpn_s.1.loss_giou: 0.4492  rpn_s.2.loss_cls: 0.3571  rpn_s.2.loss_bbox: 0.0366  rpn_s.2.loss_giou: 0.3835  rpn_s.3.loss_cls: 0.3152  rpn_s.3.loss_bbox: 0.0343  rpn_s.3.loss_giou: 0.3628  s0.loss_cls: 0.3496  s0.pos_acc: 74.5968  s0.loss_bbox: 0.6178  s0.loss_iou: 1.2408  s1.loss_cls: 0.3753  s1.pos_acc: 75.0000  s1.loss_bbox: 0.7291  s1.loss_iou: 1.2842
2026/03/27 17:03:50 - mmengine - INFO - Epoch(train) [12][ 5950/10002]  lr: 2.5000e-05  eta: 19:08:06  time: 0.3729  data_time: 0.0032  memory: 7329  grad_norm: 87.3910  loss: 8.1431  rpn_s.0.loss_cls: 0.6135  rpn_s.0.loss_bbox: 0.1093  rpn_s.0.loss_giou: 0.7888  rpn_s.1.loss_cls: 0.4238  rpn_s.1.loss_bbox: 0.0517  rpn_s.1.loss_giou: 0.4088  rpn_s.2.loss_cls: 0.3426  rpn_s.2.loss_bbox: 0.0431  rpn_s.2.loss_giou: 0.3611  rpn_s.3.loss_cls: 0.2999  rpn_s.3.loss_bbox: 0.0403  rpn_s.3.loss_giou: 0.3380  s0.loss_cls: 0.3310  s0.pos_acc: 56.4103  s0.loss_bbox: 0.6592  s0.loss_iou: 1.1110  s1.loss_cls: 0.3495  s1.pos_acc: 52.5641  s1.loss_bbox: 0.7124  s1.loss_iou: 1.1594
2026/03/27 17:04:03 - mmengine - INFO - Exp name: GSDet_r50_b900_h2h4_h2r1_r2r1_2x_fair1m1.0_20260327_123453
2026/03/27 17:04:09 - mmengine - INFO - Epoch(train) [12][ 6000/10002]  lr: 2.5000e-05  eta: 19:07:29  time: 0.3755  data_time: 0.0033  memory: 7329  grad_norm: 82.7266  loss: 7.6560  rpn_s.0.loss_cls: 0.5483  rpn_s.0.loss_bbox: 0.1044  rpn_s.0.loss_giou: 0.7220  rpn_s.1.loss_cls: 0.3798  rpn_s.1.loss_bbox: 0.0506  rpn_s.1.loss_giou: 0.3661  rpn_s.2.loss_cls: 0.3126  rpn_s.2.loss_bbox: 0.0403  rpn_s.2.loss_giou: 0.3081  rpn_s.3.loss_cls: 0.2814  rpn_s.3.loss_bbox: 0.0383  rpn_s.3.loss_giou: 0.2952  s0.loss_cls: 0.3089  s0.pos_acc: 76.8421  s0.loss_bbox: 0.6776  s0.loss_iou: 1.0645  s1.loss_cls: 0.3311  s1.pos_acc: 80.5263  s1.loss_bbox: 0.7189  s1.loss_iou: 1.1079
2026/03/27 17:04:28 - mmengine - INFO - Epoch(train) [12][ 6050/10002]  lr: 2.5000e-05  eta: 19:06:51  time: 0.3772  data_time: 0.0033  memory: 7329  grad_norm: 72.1785  loss: 8.2010  rpn_s.0.loss_cls: 0.6220  rpn_s.0.loss_bbox: 0.1072  rpn_s.0.loss_giou: 0.8445  rpn_s.1.loss_cls: 0.4353  rpn_s.1.loss_bbox: 0.0440  rpn_s.1.loss_giou: 0.4055  rpn_s.2.loss_cls: 0.3592  rpn_s.2.loss_bbox: 0.0363  rpn_s.2.loss_giou: 0.3479  rpn_s.3.loss_cls: 0.3314  rpn_s.3.loss_bbox: 0.0339  rpn_s.3.loss_giou: 0.3285  s0.loss_cls: 0.3520  s0.pos_acc: 100.0000  s0.loss_bbox: 0.6146  s0.loss_iou: 1.1330  s1.loss_cls: 0.3812  s1.pos_acc: 100.0000  s1.loss_bbox: 0.6538  s1.loss_iou: 1.1706
2026/03/27 17:04:47 - mmengine - INFO - Epoch(train) [12][ 6100/10002]  lr: 2.5000e-05  eta: 19:06:14  time: 0.3758  data_time: 0.0032  memory: 7329  grad_norm: 76.8866  loss: 7.7486  rpn_s.0.loss_cls: 0.6013  rpn_s.0.loss_bbox: 0.0943  rpn_s.0.loss_giou: 0.7288  rpn_s.1.loss_cls: 0.4456  rpn_s.1.loss_bbox: 0.0409  rpn_s.1.loss_giou: 0.3625  rpn_s.2.loss_cls: 0.3819  rpn_s.2.loss_bbox: 0.0353  rpn_s.2.loss_giou: 0.3134  rpn_s.3.loss_cls: 0.3377  rpn_s.3.loss_bbox: 0.0327  rpn_s.3.loss_giou: 0.2955  s0.loss_cls: 0.3664  s0.pos_acc: 70.0000  s0.loss_bbox: 0.6323  s0.loss_iou: 0.9916  s1.loss_cls: 0.3846  s1.pos_acc: 68.0000  s1.loss_bbox: 0.6725  s1.loss_iou: 1.0314
2026/03/27 17:05:06 - mmengine - INFO - Epoch(train) [12][ 6150/10002]  lr: 2.5000e-05  eta: 19:05:37  time: 0.3788  data_time: 0.0032  memory: 7329  grad_norm: 107.0423  loss: 8.0905  rpn_s.0.loss_cls: 0.6003  rpn_s.0.loss_bbox: 0.1151  rpn_s.0.loss_giou: 0.7734  rpn_s.1.loss_cls: 0.4233  rpn_s.1.loss_bbox: 0.0530  rpn_s.1.loss_giou: 0.3844  rpn_s.2.loss_cls: 0.3645  rpn_s.2.loss_bbox: 0.0458  rpn_s.2.loss_giou: 0.3311  rpn_s.3.loss_cls: 0.3222  rpn_s.3.loss_bbox: 0.0437  rpn_s.3.loss_giou: 0.3185  s0.loss_cls: 0.3518  s0.pos_acc: 100.0000  s0.loss_bbox: 0.6745  s0.loss_iou: 1.0694  s1.loss_cls: 0.3874  s1.pos_acc: 100.0000  s1.loss_bbox: 0.7257  s1.loss_iou: 1.1065
2026/03/27 17:05:25 - mmengine - INFO - Epoch(train) [12][ 6200/10002]  lr: 2.5000e-05  eta: 19:05:01  time: 0.3816  data_time: 0.0032  memory: 7330  grad_norm: 71.4464  loss: 8.6134  rpn_s.0.loss_cls: 0.6439  rpn_s.0.loss_bbox: 0.1104  rpn_s.0.loss_giou: 0.8675  rpn_s.1.loss_cls: 0.4525  rpn_s.1.loss_bbox: 0.0469  rpn_s.1.loss_giou: 0.4355  rpn_s.2.loss_cls: 0.3721  rpn_s.2.loss_bbox: 0.0395  rpn_s.2.loss_giou: 0.3757  rpn_s.3.loss_cls: 0.3337  rpn_s.3.loss_bbox: 0.0365  rpn_s.3.loss_giou: 0.3564  s0.loss_cls: 0.3744  s0.pos_acc: 81.6327  s0.loss_bbox: 0.6246  s0.loss_iou: 1.2072  s1.loss_cls: 0.3930  s1.pos_acc: 82.6531  s1.loss_bbox: 0.7271  s1.loss_iou: 1.2167
2026/03/27 17:05:44 - mmengine - INFO - Epoch(train) [12][ 6250/10002]  lr: 2.5000e-05  eta: 19:04:24  time: 0.3796  data_time: 0.0032  memory: 7329  grad_norm: 75.3405  loss: 8.1942  rpn_s.0.loss_cls: 0.6044  rpn_s.0.loss_bbox: 0.1144  rpn_s.0.loss_giou: 0.8458  rpn_s.1.loss_cls: 0.4185  rpn_s.1.loss_bbox: 0.0497  rpn_s.1.loss_giou: 0.4196  rpn_s.2.loss_cls: 0.3492  rpn_s.2.loss_bbox: 0.0420  rpn_s.2.loss_giou: 0.3579  rpn_s.3.loss_cls: 0.3105  rpn_s.3.loss_bbox: 0.0393  rpn_s.3.loss_giou: 0.3405  s0.loss_cls: 0.3549  s0.pos_acc: 76.1468  s0.loss_bbox: 0.5694  s0.loss_iou: 1.1795  s1.loss_cls: 0.3748  s1.pos_acc: 75.6881  s1.loss_bbox: 0.6053  s1.loss_iou: 1.2187
2026/03/27 17:06:03 - mmengine - INFO - Epoch(train) [12][ 6300/10002]  lr: 2.5000e-05  eta: 19:03:48  time: 0.3820  data_time: 0.0032  memory: 7330  grad_norm: 88.9977  loss: 8.4306  rpn_s.0.loss_cls: 0.6058  rpn_s.0.loss_bbox: 0.1194  rpn_s.0.loss_giou: 0.8690  rpn_s.1.loss_cls: 0.4209  rpn_s.1.loss_bbox: 0.0523  rpn_s.1.loss_giou: 0.4236  rpn_s.2.loss_cls: 0.3553  rpn_s.2.loss_bbox: 0.0443  rpn_s.2.loss_giou: 0.3652  rpn_s.3.loss_cls: 0.3122  rpn_s.3.loss_bbox: 0.0410  rpn_s.3.loss_giou: 0.3430  s0.loss_cls: 0.3714  s0.pos_acc: 100.0000  s0.loss_bbox: 0.6331  s0.loss_iou: 1.1691  s1.loss_cls: 0.3954  s1.pos_acc: 100.0000  s1.loss_bbox: 0.6716  s1.loss_iou: 1.2380
2026/03/27 17:06:22 - mmengine - INFO - Epoch(train) [12][ 6350/10002]  lr: 2.5000e-05  eta: 19:03:11  time: 0.3744  data_time: 0.0032  memory: 7329  grad_norm: 77.6908  loss: 7.7761  rpn_s.0.loss_cls: 0.5720  rpn_s.0.loss_bbox: 0.0996  rpn_s.0.loss_giou: 0.7440  rpn_s.1.loss_cls: 0.3996  rpn_s.1.loss_bbox: 0.0446  rpn_s.1.loss_giou: 0.3689  rpn_s.2.loss_cls: 0.3363  rpn_s.2.loss_bbox: 0.0375  rpn_s.2.loss_giou: 0.3204  rpn_s.3.loss_cls: 0.3093  rpn_s.3.loss_bbox: 0.0363  rpn_s.3.loss_giou: 0.3058  s0.loss_cls: 0.3463  s0.pos_acc: 77.2727  s0.loss_bbox: 0.6115  s0.loss_iou: 1.0478  s1.loss_cls: 0.3656  s1.pos_acc: 72.7273  s1.loss_bbox: 0.7121  s1.loss_iou: 1.1185
2026/03/27 17:06:41 - mmengine - INFO - Epoch(train) [12][ 6400/10002]  lr: 2.5000e-05  eta: 19:02:34  time: 0.3778  data_time: 0.0032  memory: 7330  grad_norm: 133.5865  loss: 8.0505  rpn_s.0.loss_cls: 0.5810  rpn_s.0.loss_bbox: 0.1095  rpn_s.0.loss_giou: 0.7821  rpn_s.1.loss_cls: 0.4179  rpn_s.1.loss_bbox: 0.0491  rpn_s.1.loss_giou: 0.3989  rpn_s.2.loss_cls: 0.3503  rpn_s.2.loss_bbox: 0.0416  rpn_s.2.loss_giou: 0.3418  rpn_s.3.loss_cls: 0.3096  rpn_s.3.loss_bbox: 0.0384  rpn_s.3.loss_giou: 0.3193  s0.loss_cls: 0.3407  s0.pos_acc: 67.6471  s0.loss_bbox: 0.5959  s0.loss_iou: 1.1577  s1.loss_cls: 0.3718  s1.pos_acc: 73.5294  s1.loss_bbox: 0.6396  s1.loss_iou: 1.2054
2026/03/27 17:06:59 - mmengine - INFO - Epoch(train) [12][ 6450/10002]  lr: 2.5000e-05  eta: 19:01:57  time: 0.3759  data_time: 0.0033  memory: 7329  grad_norm: 95.9708  loss: 8.4304  rpn_s.0.loss_cls: 0.6438  rpn_s.0.loss_bbox: 0.0984  rpn_s.0.loss_giou: 0.8403  rpn_s.1.loss_cls: 0.4380  rpn_s.1.loss_bbox: 0.0419  rpn_s.1.loss_giou: 0.4123  rpn_s.2.loss_cls: 0.3689  rpn_s.2.loss_bbox: 0.0352  rpn_s.2.loss_giou: 0.3598  rpn_s.3.loss_cls: 0.3219  rpn_s.3.loss_bbox: 0.0336  rpn_s.3.loss_giou: 0.3459  s0.loss_cls: 0.3606  s0.pos_acc: 81.8182  s0.loss_bbox: 0.6488  s0.loss_iou: 1.1834  s1.loss_cls: 0.3883  s1.pos_acc: 81.8182  s1.loss_bbox: 0.6668  s1.loss_iou: 1.2424
2026/03/27 17:07:18 - mmengine - INFO - Epoch(train) [12][ 6500/10002]  lr: 2.5000e-05  eta: 19:01:20  time: 0.3750  data_time: 0.0032  memory: 7329  grad_norm: 96.2066  loss: 7.9263  rpn_s.0.loss_cls: 0.6131  rpn_s.0.loss_bbox: 0.1086  rpn_s.0.loss_giou: 0.7247  rpn_s.1.loss_cls: 0.4320  rpn_s.1.loss_bbox: 0.0511  rpn_s.1.loss_giou: 0.3691  rpn_s.2.loss_cls: 0.3438  rpn_s.2.loss_bbox: 0.0414  rpn_s.2.loss_giou: 0.3245  rpn_s.3.loss_cls: 0.3049  rpn_s.3.loss_bbox: 0.0386  rpn_s.3.loss_giou: 0.3100  s0.loss_cls: 0.3306  s0.pos_acc: 75.0000  s0.loss_bbox: 0.6827  s0.loss_iou: 1.0433  s1.loss_cls: 0.3475  s1.pos_acc: 75.0000  s1.loss_bbox: 0.7596  s1.loss_iou: 1.1008
2026/03/27 17:07:37 - mmengine - INFO - Epoch(train) [12][ 6550/10002]  lr: 2.5000e-05  eta: 19:00:44  time: 0.3804  data_time: 0.0032  memory: 7330  grad_norm: 82.5034  loss: 8.3709  rpn_s.0.loss_cls: 0.6283  rpn_s.0.loss_bbox: 0.1104  rpn_s.0.loss_giou: 0.8036  rpn_s.1.loss_cls: 0.4255  rpn_s.1.loss_bbox: 0.0504  rpn_s.1.loss_giou: 0.4089  rpn_s.2.loss_cls: 0.3551  rpn_s.2.loss_bbox: 0.0422  rpn_s.2.loss_giou: 0.3533  rpn_s.3.loss_cls: 0.3213  rpn_s.3.loss_bbox: 0.0391  rpn_s.3.loss_giou: 0.3350  s0.loss_cls: 0.3813  s0.pos_acc: 70.5128  s0.loss_bbox: 0.6564  s0.loss_iou: 1.1736  s1.loss_cls: 0.3912  s1.pos_acc: 71.3675  s1.loss_bbox: 0.6846  s1.loss_iou: 1.2108
2026/03/27 17:07:56 - mmengine - INFO - Epoch(train) [12][ 6600/10002]  lr: 2.5000e-05  eta: 19:00:08  time: 0.3812  data_time: 0.0033  memory: 7329  grad_norm: 77.5449  loss: 8.4237  rpn_s.0.loss_cls: 0.6431  rpn_s.0.loss_bbox: 0.1073  rpn_s.0.loss_giou: 0.8499  rpn_s.1.loss_cls: 0.4538  rpn_s.1.loss_bbox: 0.0427  rpn_s.1.loss_giou: 0.4040  rpn_s.2.loss_cls: 0.3891  rpn_s.2.loss_bbox: 0.0366  rpn_s.2.loss_giou: 0.3549  rpn_s.3.loss_cls: 0.3433  rpn_s.3.loss_bbox: 0.0349  rpn_s.3.loss_giou: 0.3393  s0.loss_cls: 0.3785  s0.pos_acc: 85.1852  s0.loss_bbox: 0.6198  s0.loss_iou: 1.1412  s1.loss_cls: 0.4071  s1.pos_acc: 81.4815  s1.loss_bbox: 0.7093  s1.loss_iou: 1.1689
2026/03/27 17:08:15 - mmengine - INFO - Epoch(train) [12][ 6650/10002]  lr: 2.5000e-05  eta: 18:59:32  time: 0.3815  data_time: 0.0033  memory: 7329  grad_norm: 79.8846  loss: 7.7469  rpn_s.0.loss_cls: 0.5796  rpn_s.0.loss_bbox: 0.1059  rpn_s.0.loss_giou: 0.7472  rpn_s.1.loss_cls: 0.4279  rpn_s.1.loss_bbox: 0.0483  rpn_s.1.loss_giou: 0.3916  rpn_s.2.loss_cls: 0.3498  rpn_s.2.loss_bbox: 0.0409  rpn_s.2.loss_giou: 0.3395  rpn_s.3.loss_cls: 0.3036  rpn_s.3.loss_bbox: 0.0376  rpn_s.3.loss_giou: 0.3196  s0.loss_cls: 0.3323  s0.pos_acc: 100.0000  s0.loss_bbox: 0.5519  s0.loss_iou: 1.1023  s1.loss_cls: 0.3505  s1.pos_acc: 100.0000  s1.loss_bbox: 0.5722  s1.loss_iou: 1.1462
2026/03/27 17:08:34 - mmengine - INFO - Epoch(train) [12][ 6700/10002]  lr: 2.5000e-05  eta: 18:58:56  time: 0.3822  data_time: 0.0032  memory: 7329  grad_norm: 72.5407  loss: 7.9565  rpn_s.0.loss_cls: 0.5895  rpn_s.0.loss_bbox: 0.1069  rpn_s.0.loss_giou: 0.7640  rpn_s.1.loss_cls: 0.4179  rpn_s.1.loss_bbox: 0.0473  rpn_s.1.loss_giou: 0.3817  rpn_s.2.loss_cls: 0.3492  rpn_s.2.loss_bbox: 0.0394  rpn_s.2.loss_giou: 0.3297  rpn_s.3.loss_cls: 0.3029  rpn_s.3.loss_bbox: 0.0364  rpn_s.3.loss_giou: 0.3118  s0.loss_cls: 0.3355  s0.pos_acc: 100.0000  s0.loss_bbox: 0.6791  s0.loss_iou: 1.0729  s1.loss_cls: 0.3579  s1.pos_acc: 100.0000  s1.loss_bbox: 0.7159  s1.loss_iou: 1.1186
2026/03/27 17:08:53 - mmengine - INFO - Epoch(train) [12][ 6750/10002]  lr: 2.5000e-05  eta: 18:58:19  time: 0.3727  data_time: 0.0032  memory: 7329  grad_norm: 87.8334  loss: 7.4274  rpn_s.0.loss_cls: 0.5571  rpn_s.0.loss_bbox: 0.0992  rpn_s.0.loss_giou: 0.6882  rpn_s.1.loss_cls: 0.3887  rpn_s.1.loss_bbox: 0.0458  rpn_s.1.loss_giou: 0.3538  rpn_s.2.loss_cls: 0.3160  rpn_s.2.loss_bbox: 0.0375  rpn_s.2.loss_giou: 0.3017  rpn_s.3.loss_cls: 0.2812  rpn_s.3.loss_bbox: 0.0364  rpn_s.3.loss_giou: 0.2872  s0.loss_cls: 0.3206  s0.pos_acc: 77.3256  s0.loss_bbox: 0.6567  s0.loss_iou: 0.9798  s1.loss_cls: 0.3494  s1.pos_acc: 76.7442  s1.loss_bbox: 0.6915  s1.loss_iou: 1.0365
2026/03/27 17:09:12 - mmengine - INFO - Epoch(train) [12][ 6800/10002]  lr: 2.5000e-05  eta: 18:57:41  time: 0.3710  data_time: 0.0032  memory: 7329  grad_norm: 83.1010  loss: 7.6921  rpn_s.0.loss_cls: 0.5885  rpn_s.0.loss_bbox: 0.1005  rpn_s.0.loss_giou: 0.7108  rpn_s.1.loss_cls: 0.4303  rpn_s.1.loss_bbox: 0.0454  rpn_s.1.loss_giou: 0.3597  rpn_s.2.loss_cls: 0.3465  rpn_s.2.loss_bbox: 0.0390  rpn_s.2.loss_giou: 0.3131  rpn_s.3.loss_cls: 0.3067  rpn_s.3.loss_bbox: 0.0369  rpn_s.3.loss_giou: 0.2999  s0.loss_cls: 0.3341  s0.pos_acc: 100.0000  s0.loss_bbox: 0.6289  s0.loss_iou: 1.0364  s1.loss_cls: 0.3542  s1.pos_acc: 100.0000  s1.loss_bbox: 0.6834  s1.loss_iou: 1.0779
2026/03/27 17:09:30 - mmengine - INFO - Epoch(train) [12][ 6850/10002]  lr: 2.5000e-05  eta: 18:57:04  time: 0.3719  data_time: 0.0033  memory: 7329  grad_norm: 80.6048  loss: 7.7358  rpn_s.0.loss_cls: 0.5985  rpn_s.0.loss_bbox: 0.1002  rpn_s.0.loss_giou: 0.7362  rpn_s.1.loss_cls: 0.4140  rpn_s.1.loss_bbox: 0.0445  rpn_s.1.loss_giou: 0.3688  rpn_s.2.loss_cls: 0.3319  rpn_s.2.loss_bbox: 0.0373  rpn_s.2.loss_giou: 0.3167  rpn_s.3.loss_cls: 0.2988  rpn_s.3.loss_bbox: 0.0348  rpn_s.3.loss_giou: 0.2967  s0.loss_cls: 0.3134  s0.pos_acc: 72.9592  s0.loss_bbox: 0.7061  s0.loss_iou: 1.0016  s1.loss_cls: 0.3354  s1.pos_acc: 73.9796  s1.loss_bbox: 0.7454  s1.loss_iou: 1.0555
2026/03/27 17:09:49 - mmengine - INFO - Epoch(train) [12][ 6900/10002]  lr: 2.5000e-05  eta: 18:56:27  time: 0.3745  data_time: 0.0033  memory: 7329  grad_norm: 78.2181  loss: 8.5430  rpn_s.0.loss_cls: 0.6353  rpn_s.0.loss_bbox: 0.1144  rpn_s.0.loss_giou: 0.8957  rpn_s.1.loss_cls: 0.4209  rpn_s.1.loss_bbox: 0.0492  rpn_s.1.loss_giou: 0.4322  rpn_s.2.loss_cls: 0.3522  rpn_s.2.loss_bbox: 0.0421  rpn_s.2.loss_giou: 0.3798  rpn_s.3.loss_cls: 0.3099  rpn_s.3.loss_bbox: 0.0382  rpn_s.3.loss_giou: 0.3605  s0.loss_cls: 0.3549  s0.pos_acc: 87.5000  s0.loss_bbox: 0.6141  s0.loss_iou: 1.2210  s1.loss_cls: 0.3648  s1.pos_acc: 81.2500  s1.loss_bbox: 0.6756  s1.loss_iou: 1.2820
2026/03/27 17:10:08 - mmengine - INFO - Epoch(train) [12][ 6950/10002]  lr: 2.5000e-05  eta: 18:55:50  time: 0.3783  data_time: 0.0033  memory: 7330  grad_norm: 82.5321  loss: 8.2619  rpn_s.0.loss_cls: 0.6668  rpn_s.0.loss_bbox: 0.0976  rpn_s.0.loss_giou: 0.8406  rpn_s.1.loss_cls: 0.4589  rpn_s.1.loss_bbox: 0.0425  rpn_s.1.loss_giou: 0.4167  rpn_s.2.loss_cls: 0.3824  rpn_s.2.loss_bbox: 0.0354  rpn_s.2.loss_giou: 0.3591  rpn_s.3.loss_cls: 0.3392  rpn_s.3.loss_bbox: 0.0329  rpn_s.3.loss_giou: 0.3426  s0.loss_cls: 0.3606  s0.pos_acc: 95.4545  s0.loss_bbox: 0.5480  s0.loss_iou: 1.1529  s1.loss_cls: 0.3774  s1.pos_acc: 95.4545  s1.loss_bbox: 0.5932  s1.loss_iou: 1.2151
2026/03/27 17:10:21 - mmengine - INFO - Exp name: GSDet_r50_b900_h2h4_h2r1_r2r1_2x_fair1m1.0_20260327_123453
2026/03/27 17:10:27 - mmengine - INFO - Epoch(train) [12][ 7000/10002]  lr: 2.5000e-05  eta: 18:55:15  time: 0.3812  data_time: 0.0033  memory: 7329  grad_norm: 71.9720  loss: 8.3703  rpn_s.0.loss_cls: 0.6383  rpn_s.0.loss_bbox: 0.1142  rpn_s.0.loss_giou: 0.8779  rpn_s.1.loss_cls: 0.4401  rpn_s.1.loss_bbox: 0.0496  rpn_s.1.loss_giou: 0.4282  rpn_s.2.loss_cls: 0.3690  rpn_s.2.loss_bbox: 0.0426  rpn_s.2.loss_giou: 0.3693  rpn_s.3.loss_cls: 0.3282  rpn_s.3.loss_bbox: 0.0398  rpn_s.3.loss_giou: 0.3507  s0.loss_cls: 0.3643  s0.pos_acc: 81.0000  s0.loss_bbox: 0.5529  s0.loss_iou: 1.1678  s1.loss_cls: 0.3766  s1.pos_acc: 79.0000  s1.loss_bbox: 0.6537  s1.loss_iou: 1.2071
2026/03/27 17:10:46 - mmengine - INFO - Epoch(train) [12][ 7050/10002]  lr: 2.5000e-05  eta: 18:54:39  time: 0.3776  data_time: 0.0033  memory: 7329  grad_norm: 72.4605  loss: 7.8612  rpn_s.0.loss_cls: 0.6374  rpn_s.0.loss_bbox: 0.1001  rpn_s.0.loss_giou: 0.8187  rpn_s.1.loss_cls: 0.4323  rpn_s.1.loss_bbox: 0.0406  rpn_s.1.loss_giou: 0.3894  rpn_s.2.loss_cls: 0.3551  rpn_s.2.loss_bbox: 0.0340  rpn_s.2.loss_giou: 0.3304  rpn_s.3.loss_cls: 0.3092  rpn_s.3.loss_bbox: 0.0311  rpn_s.3.loss_giou: 0.3142  s0.loss_cls: 0.3432  s0.pos_acc: 92.3077  s0.loss_bbox: 0.6073  s0.loss_iou: 1.0272  s1.loss_cls: 0.3482  s1.pos_acc: 92.3077  s1.loss_bbox: 0.6796  s1.loss_iou: 1.0632
2026/03/27 17:11:05 - mmengine - INFO - Epoch(train) [12][ 7100/10002]  lr: 2.5000e-05  eta: 18:54:03  time: 0.3786  data_time: 0.0033  memory: 7329  grad_norm: 65.1007  loss: 8.0851  rpn_s.0.loss_cls: 0.6394  rpn_s.0.loss_bbox: 0.1049  rpn_s.0.loss_giou: 0.8544  rpn_s.1.loss_cls: 0.4389  rpn_s.1.loss_bbox: 0.0390  rpn_s.1.loss_giou: 0.3943  rpn_s.2.loss_cls: 0.3593  rpn_s.2.loss_bbox: 0.0321  rpn_s.2.loss_giou: 0.3383  rpn_s.3.loss_cls: 0.3181  rpn_s.3.loss_bbox: 0.0297  rpn_s.3.loss_giou: 0.3215  s0.loss_cls: 0.3391  s0.pos_acc: 100.0000  s0.loss_bbox: 0.6833  s0.loss_iou: 1.0410  s1.loss_cls: 0.3668  s1.pos_acc: 92.8571  s1.loss_bbox: 0.7112  s1.loss_iou: 1.0737
2026/03/27 17:11:24 - mmengine - INFO - Epoch(train) [12][ 7150/10002]  lr: 2.5000e-05  eta: 18:53:29  time: 0.3892  data_time: 0.0033  memory: 7330  grad_norm: 87.9364  loss: 8.0464  rpn_s.0.loss_cls: 0.6278  rpn_s.0.loss_bbox: 0.0977  rpn_s.0.loss_giou: 0.7584  rpn_s.1.loss_cls: 0.4295  rpn_s.1.loss_bbox: 0.0445  rpn_s.1.loss_giou: 0.3905  rpn_s.2.loss_cls: 0.3594  rpn_s.2.loss_bbox: 0.0375  rpn_s.2.loss_giou: 0.3373  rpn_s.3.loss_cls: 0.3239  rpn_s.3.loss_bbox: 0.0350  rpn_s.3.loss_giou: 0.3176  s0.loss_cls: 0.3603  s0.pos_acc: 100.0000  s0.loss_bbox: 0.6850  s0.loss_iou: 1.0436  s1.loss_cls: 0.3830  s1.pos_acc: 100.0000  s1.loss_bbox: 0.7323  s1.loss_iou: 1.0829
2026/03/27 17:11:43 - mmengine - INFO - Epoch(train) [12][ 7200/10002]  lr: 2.5000e-05  eta: 18:52:54  time: 0.3813  data_time: 0.0033  memory: 7330  grad_norm: 76.9196  loss: 7.9379  rpn_s.0.loss_cls: 0.5832  rpn_s.0.loss_bbox: 0.1085  rpn_s.0.loss_giou: 0.8469  rpn_s.1.loss_cls: 0.4061  rpn_s.1.loss_bbox: 0.0431  rpn_s.1.loss_giou: 0.4030  rpn_s.2.loss_cls: 0.3388  rpn_s.2.loss_bbox: 0.0354  rpn_s.2.loss_giou: 0.3403  rpn_s.3.loss_cls: 0.3060  rpn_s.3.loss_bbox: 0.0336  rpn_s.3.loss_giou: 0.3220  s0.loss_cls: 0.3416  s0.pos_acc: 65.0000  s0.loss_bbox: 0.5729  s0.loss_iou: 1.0898  s1.loss_cls: 0.3809  s1.pos_acc: 60.0000  s1.loss_bbox: 0.6433  s1.loss_iou: 1.1424
2026/03/27 17:12:02 - mmengine - INFO - Epoch(train) [12][ 7250/10002]  lr: 2.5000e-05  eta: 18:52:19  time: 0.3818  data_time: 0.0033  memory: 7330  grad_norm: 70.1390  loss: 8.0991  rpn_s.0.loss_cls: 0.6067  rpn_s.0.loss_bbox: 0.1025  rpn_s.0.loss_giou: 0.8428  rpn_s.1.loss_cls: 0.4230  rpn_s.1.loss_bbox: 0.0430  rpn_s.1.loss_giou: 0.3999  rpn_s.2.loss_cls: 0.3443  rpn_s.2.loss_bbox: 0.0371  rpn_s.2.loss_giou: 0.3491  rpn_s.3.loss_cls: 0.2975  rpn_s.3.loss_bbox: 0.0346  rpn_s.3.loss_giou: 0.3313  s0.loss_cls: 0.3229  s0.pos_acc: 83.3333  s0.loss_bbox: 0.6573  s0.loss_iou: 1.1161  s1.loss_cls: 0.3360  s1.pos_acc: 83.3333  s1.loss_bbox: 0.7142  s1.loss_iou: 1.1408
2026/03/27 17:12:21 - mmengine - INFO - Epoch(train) [12][ 7300/10002]  lr: 2.5000e-05  eta: 18:51:42  time: 0.3734  data_time: 0.0033  memory: 7329  grad_norm: 75.6703  loss: 8.3968  rpn_s.0.loss_cls: 0.6329  rpn_s.0.loss_bbox: 0.1114  rpn_s.0.loss_giou: 0.8205  rpn_s.1.loss_cls: 0.4335  rpn_s.1.loss_bbox: 0.0500  rpn_s.1.loss_giou: 0.4168  rpn_s.2.loss_cls: 0.3606  rpn_s.2.loss_bbox: 0.0408  rpn_s.2.loss_giou: 0.3692  rpn_s.3.loss_cls: 0.3182  rpn_s.3.loss_bbox: 0.0387  rpn_s.3.loss_giou: 0.3496  s0.loss_cls: 0.3630  s0.pos_acc: 75.7576  s0.loss_bbox: 0.6044  s0.loss_iou: 1.1738  s1.loss_cls: 0.3876  s1.pos_acc: 81.8182  s1.loss_bbox: 0.6935  s1.loss_iou: 1.2321
2026/03/27 17:12:40 - mmengine - INFO - Epoch(train) [12][ 7350/10002]  lr: 2.5000e-05  eta: 18:51:05  time: 0.3749  data_time: 0.0033  memory: 7329  grad_norm: 74.6314  loss: 7.9388  rpn_s.0.loss_cls: 0.6054  rpn_s.0.loss_bbox: 0.0950  rpn_s.0.loss_giou: 0.7532  rpn_s.1.loss_cls: 0.4352  rpn_s.1.loss_bbox: 0.0423  rpn_s.1.loss_giou: 0.3837  rpn_s.2.loss_cls: 0.3688  rpn_s.2.loss_bbox: 0.0363  rpn_s.2.loss_giou: 0.3355  rpn_s.3.loss_cls: 0.3259  rpn_s.3.loss_bbox: 0.0340  rpn_s.3.loss_giou: 0.3141  s0.loss_cls: 0.3593  s0.pos_acc: 88.8889  s0.loss_bbox: 0.6323  s0.loss_iou: 1.0639  s1.loss_cls: 0.3761  s1.pos_acc: 88.8889  s1.loss_bbox: 0.6526  s1.loss_iou: 1.1254
2026/03/27 17:12:59 - mmengine - INFO - Epoch(train) [12][ 7400/10002]  lr: 2.5000e-05  eta: 18:50:29  time: 0.3767  data_time: 0.0033  memory: 7329  grad_norm: 76.1797  loss: 7.9750  rpn_s.0.loss_cls: 0.5874  rpn_s.0.loss_bbox: 0.0998  rpn_s.0.loss_giou: 0.7804  rpn_s.1.loss_cls: 0.4181  rpn_s.1.loss_bbox: 0.0471  rpn_s.1.loss_giou: 0.3955  rpn_s.2.loss_cls: 0.3417  rpn_s.2.loss_bbox: 0.0401  rpn_s.2.loss_giou: 0.3404  rpn_s.3.loss_cls: 0.2980  rpn_s.3.loss_bbox: 0.0373  rpn_s.3.loss_giou: 0.3205  s0.loss_cls: 0.3290  s0.pos_acc: 63.9535  s0.loss_bbox: 0.6620  s0.loss_iou: 1.0793  s1.loss_cls: 0.3467  s1.pos_acc: 58.1395  s1.loss_bbox: 0.7262  s1.loss_iou: 1.1254
2026/03/27 17:13:18 - mmengine - INFO - Epoch(train) [12][ 7450/10002]  lr: 2.5000e-05  eta: 18:49:54  time: 0.3802  data_time: 0.0033  memory: 7329  grad_norm: 86.9656  loss: 8.6852  rpn_s.0.loss_cls: 0.6066  rpn_s.0.loss_bbox: 0.1160  rpn_s.0.loss_giou: 0.8582  rpn_s.1.loss_cls: 0.4277  rpn_s.1.loss_bbox: 0.0538  rpn_s.1.loss_giou: 0.4365  rpn_s.2.loss_cls: 0.3652  rpn_s.2.loss_bbox: 0.0457  rpn_s.2.loss_giou: 0.3827  rpn_s.3.loss_cls: 0.3288  rpn_s.3.loss_bbox: 0.0411  rpn_s.3.loss_giou: 0.3595  s0.loss_cls: 0.3804  s0.pos_acc: 83.4416  s0.loss_bbox: 0.6431  s0.loss_iou: 1.2368  s1.loss_cls: 0.4039  s1.pos_acc: 77.5974  s1.loss_bbox: 0.7323  s1.loss_iou: 1.2669
2026/03/27 17:13:37 - mmengine - INFO - Epoch(train) [12][ 7500/10002]  lr: 2.5000e-05  eta: 18:49:18  time: 0.3772  data_time: 0.0033  memory: 7329  grad_norm: 74.7141  loss: 8.0767  rpn_s.0.loss_cls: 0.6229  rpn_s.0.loss_bbox: 0.1018  rpn_s.0.loss_giou: 0.8312  rpn_s.1.loss_cls: 0.4283  rpn_s.1.loss_bbox: 0.0424  rpn_s.1.loss_giou: 0.4043  rpn_s.2.loss_cls: 0.3530  rpn_s.2.loss_bbox: 0.0358  rpn_s.2.loss_giou: 0.3516  rpn_s.3.loss_cls: 0.3155  rpn_s.3.loss_bbox: 0.0325  rpn_s.3.loss_giou: 0.3336  s0.loss_cls: 0.3689  s0.pos_acc: 80.6122  s0.loss_bbox: 0.5916  s0.loss_iou: 1.0901  s1.loss_cls: 0.3874  s1.pos_acc: 81.6327  s1.loss_bbox: 0.6584  s1.loss_iou: 1.1275
2026/03/27 17:13:55 - mmengine - INFO - Epoch(train) [12][ 7550/10002]  lr: 2.5000e-05  eta: 18:48:43  time: 0.3798  data_time: 0.0033  memory: 7330  grad_norm: 81.1009  loss: 8.0735  rpn_s.0.loss_cls: 0.6004  rpn_s.0.loss_bbox: 0.1077  rpn_s.0.loss_giou: 0.8294  rpn_s.1.loss_cls: 0.4259  rpn_s.1.loss_bbox: 0.0463  rpn_s.1.loss_giou: 0.4040  rpn_s.2.loss_cls: 0.3449  rpn_s.2.loss_bbox: 0.0402  rpn_s.2.loss_giou: 0.3468  rpn_s.3.loss_cls: 0.3030  rpn_s.3.loss_bbox: 0.0369  rpn_s.3.loss_giou: 0.3306  s0.loss_cls: 0.3281  s0.pos_acc: 74.1379  s0.loss_bbox: 0.6433  s0.loss_iou: 1.1046  s1.loss_cls: 0.3456  s1.pos_acc: 77.5862  s1.loss_bbox: 0.6996  s1.loss_iou: 1.1362
2026/03/27 17:14:14 - mmengine - INFO - Epoch(train) [12][ 7600/10002]  lr: 2.5000e-05  eta: 18:48:07  time: 0.3784  data_time: 0.0033  memory: 7329  grad_norm: 75.5114  loss: 8.6133  rpn_s.0.loss_cls: 0.6695  rpn_s.0.loss_bbox: 0.1124  rpn_s.0.loss_giou: 0.8947  rpn_s.1.loss_cls: 0.4675  rpn_s.1.loss_bbox: 0.0486  rpn_s.1.loss_giou: 0.4339  rpn_s.2.loss_cls: 0.3819  rpn_s.2.loss_bbox: 0.0408  rpn_s.2.loss_giou: 0.3805  rpn_s.3.loss_cls: 0.3434  rpn_s.3.loss_bbox: 0.0381  rpn_s.3.loss_giou: 0.3619  s0.loss_cls: 0.3728  s0.pos_acc: 61.1111  s0.loss_bbox: 0.5820  s0.loss_iou: 1.1970  s1.loss_cls: 0.4011  s1.pos_acc: 77.7778  s1.loss_bbox: 0.6548  s1.loss_iou: 1.2323
2026/03/27 17:14:34 - mmengine - INFO - Epoch(train) [12][ 7650/10002]  lr: 2.5000e-05  eta: 18:47:32  time: 0.3814  data_time: 0.0033  memory: 7330  grad_norm: 84.3523  loss: 8.3383  rpn_s.0.loss_cls: 0.6263  rpn_s.0.loss_bbox: 0.1089  rpn_s.0.loss_giou: 0.8479  rpn_s.1.loss_cls: 0.4293  rpn_s.1.loss_bbox: 0.0480  rpn_s.1.loss_giou: 0.4190  rpn_s.2.loss_cls: 0.3558  rpn_s.2.loss_bbox: 0.0398  rpn_s.2.loss_giou: 0.3627  rpn_s.3.loss_cls: 0.3153  rpn_s.3.loss_bbox: 0.0374  rpn_s.3.loss_giou: 0.3469  s0.loss_cls: 0.3649  s0.pos_acc: 58.3333  s0.loss_bbox: 0.6815  s0.loss_iou: 1.0955  s1.loss_cls: 0.4068  s1.pos_acc: 65.0000  s1.loss_bbox: 0.7207  s1.loss_iou: 1.1314
2026/03/27 17:14:53 - mmengine - INFO - Epoch(train) [12][ 7700/10002]  lr: 2.5000e-05  eta: 18:46:58  time: 0.3843  data_time: 0.0032  memory: 7329  grad_norm: 81.4973  loss: 8.2665  rpn_s.0.loss_cls: 0.6484  rpn_s.0.loss_bbox: 0.1100  rpn_s.0.loss_giou: 0.8360  rpn_s.1.loss_cls: 0.4311  rpn_s.1.loss_bbox: 0.0478  rpn_s.1.loss_giou: 0.4122  rpn_s.2.loss_cls: 0.3614  rpn_s.2.loss_bbox: 0.0405  rpn_s.2.loss_giou: 0.3524  rpn_s.3.loss_cls: 0.3158  rpn_s.3.loss_bbox: 0.0369  rpn_s.3.loss_giou: 0.3357  s0.loss_cls: 0.3543  s0.pos_acc: 72.0588  s0.loss_bbox: 0.5757  s0.loss_iou: 1.1843  s1.loss_cls: 0.3977  s1.pos_acc: 67.6471  s1.loss_bbox: 0.6021  s1.loss_iou: 1.2241
2026/03/27 17:15:12 - mmengine - INFO - Epoch(train) [12][ 7750/10002]  lr: 2.5000e-05  eta: 18:46:24  time: 0.3847  data_time: 0.0033  memory: 7330  grad_norm: 84.1667  loss: 8.4276  rpn_s.0.loss_cls: 0.6596  rpn_s.0.loss_bbox: 0.1083  rpn_s.0.loss_giou: 0.9073  rpn_s.1.loss_cls: 0.4441  rpn_s.1.loss_bbox: 0.0431  rpn_s.1.loss_giou: 0.4245  rpn_s.2.loss_cls: 0.3705  rpn_s.2.loss_bbox: 0.0357  rpn_s.2.loss_giou: 0.3677  rpn_s.3.loss_cls: 0.3306  rpn_s.3.loss_bbox: 0.0326  rpn_s.3.loss_giou: 0.3458  s0.loss_cls: 0.3649  s0.pos_acc: 88.8889  s0.loss_bbox: 0.5876  s0.loss_iou: 1.1607  s1.loss_cls: 0.3945  s1.pos_acc: 83.3333  s1.loss_bbox: 0.6460  s1.loss_iou: 1.2040
2026/03/27 17:15:31 - mmengine - INFO - Epoch(train) [12][ 7800/10002]  lr: 2.5000e-05  eta: 18:45:48  time: 0.3741  data_time: 0.0032  memory: 7329  grad_norm: 123.0614  loss: 7.9654  rpn_s.0.loss_cls: 0.6090  rpn_s.0.loss_bbox: 0.1035  rpn_s.0.loss_giou: 0.7976  rpn_s.1.loss_cls: 0.4383  rpn_s.1.loss_bbox: 0.0443  rpn_s.1.loss_giou: 0.3888  rpn_s.2.loss_cls: 0.3629  rpn_s.2.loss_bbox: 0.0379  rpn_s.2.loss_giou: 0.3384  rpn_s.3.loss_cls: 0.3226  rpn_s.3.loss_bbox: 0.0361  rpn_s.3.loss_giou: 0.3211  s0.loss_cls: 0.3560  s0.pos_acc: 72.7273  s0.loss_bbox: 0.6078  s0.loss_iou: 1.0416  s1.loss_cls: 0.3824  s1.pos_acc: 75.0000  s1.loss_bbox: 0.6855  s1.loss_iou: 1.0917
2026/03/27 17:15:50 - mmengine - INFO - Epoch(train) [12][ 7850/10002]  lr: 2.5000e-05  eta: 18:45:13  time: 0.3797  data_time: 0.0033  memory: 7329  grad_norm: 78.4976  loss: 8.1059  rpn_s.0.loss_cls: 0.6371  rpn_s.0.loss_bbox: 0.0985  rpn_s.0.loss_giou: 0.8202  rpn_s.1.loss_cls: 0.4350  rpn_s.1.loss_bbox: 0.0402  rpn_s.1.loss_giou: 0.3943  rpn_s.2.loss_cls: 0.3716  rpn_s.2.loss_bbox: 0.0332  rpn_s.2.loss_giou: 0.3347  rpn_s.3.loss_cls: 0.3303  rpn_s.3.loss_bbox: 0.0314  rpn_s.3.loss_giou: 0.3217  s0.loss_cls: 0.3693  s0.pos_acc: 80.7018  s0.loss_bbox: 0.5630  s0.loss_iou: 1.1291  s1.loss_cls: 0.3935  s1.pos_acc: 79.8246  s1.loss_bbox: 0.6153  s1.loss_iou: 1.1875
2026/03/27 17:16:09 - mmengine - INFO - Epoch(train) [12][ 7900/10002]  lr: 2.5000e-05  eta: 18:44:37  time: 0.3781  data_time: 0.0032  memory: 7329  grad_norm: 98.3103  loss: 8.2324  rpn_s.0.loss_cls: 0.5989  rpn_s.0.loss_bbox: 0.1107  rpn_s.0.loss_giou: 0.8229  rpn_s.1.loss_cls: 0.4195  rpn_s.1.loss_bbox: 0.0513  rpn_s.1.loss_giou: 0.4183  rpn_s.2.loss_cls: 0.3420  rpn_s.2.loss_bbox: 0.0428  rpn_s.2.loss_giou: 0.3608  rpn_s.3.loss_cls: 0.3054  rpn_s.3.loss_bbox: 0.0401  rpn_s.3.loss_giou: 0.3411  s0.loss_cls: 0.3461  s0.pos_acc: 71.1538  s0.loss_bbox: 0.6439  s0.loss_iou: 1.1656  s1.loss_cls: 0.3690  s1.pos_acc: 73.0769  s1.loss_bbox: 0.6623  s1.loss_iou: 1.1919
2026/03/27 17:16:28 - mmengine - INFO - Epoch(train) [12][ 7950/10002]  lr: 2.5000e-05  eta: 18:44:03  time: 0.3818  data_time: 0.0032  memory: 7330  grad_norm: 98.9098  loss: 8.1370  rpn_s.0.loss_cls: 0.6020  rpn_s.0.loss_bbox: 0.1087  rpn_s.0.loss_giou: 0.7998  rpn_s.1.loss_cls: 0.4184  rpn_s.1.loss_bbox: 0.0474  rpn_s.1.loss_giou: 0.3895  rpn_s.2.loss_cls: 0.3464  rpn_s.2.loss_bbox: 0.0393  rpn_s.2.loss_giou: 0.3295  rpn_s.3.loss_cls: 0.3086  rpn_s.3.loss_bbox: 0.0366  rpn_s.3.loss_giou: 0.3125  s0.loss_cls: 0.3553  s0.pos_acc: 100.0000  s0.loss_bbox: 0.7017  s0.loss_iou: 1.0865  s1.loss_cls: 0.3851  s1.pos_acc: 100.0000  s1.loss_bbox: 0.7377  s1.loss_iou: 1.1320
2026/03/27 17:16:40 - mmengine - INFO - Exp name: GSDet_r50_b900_h2h4_h2r1_r2r1_2x_fair1m1.0_20260327_123453
2026/03/27 17:16:46 - mmengine - INFO - Epoch(train) [12][ 8000/10002]  lr: 2.5000e-05  eta: 18:43:27  time: 0.3749  data_time: 0.0033  memory: 7329  grad_norm: 75.9966  loss: 7.9099  rpn_s.0.loss_cls: 0.5955  rpn_s.0.loss_bbox: 0.1013  rpn_s.0.loss_giou: 0.7482  rpn_s.1.loss_cls: 0.4310  rpn_s.1.loss_bbox: 0.0435  rpn_s.1.loss_giou: 0.3835  rpn_s.2.loss_cls: 0.3587  rpn_s.2.loss_bbox: 0.0375  rpn_s.2.loss_giou: 0.3322  rpn_s.3.loss_cls: 0.3200  rpn_s.3.loss_bbox: 0.0349  rpn_s.3.loss_giou: 0.3160  s0.loss_cls: 0.3510  s0.pos_acc: 86.6667  s0.loss_bbox: 0.6027  s0.loss_iou: 1.0934  s1.loss_cls: 0.3842  s1.pos_acc: 80.0000  s1.loss_bbox: 0.6170  s1.loss_iou: 1.1594
2026/03/27 17:17:05 - mmengine - INFO - Epoch(train) [12][ 8050/10002]  lr: 2.5000e-05  eta: 18:42:51  time: 0.3740  data_time: 0.0032  memory: 7329  grad_norm: 81.8977  loss: 7.8235  rpn_s.0.loss_cls: 0.6026  rpn_s.0.loss_bbox: 0.0985  rpn_s.0.loss_giou: 0.7789  rpn_s.1.loss_cls: 0.4236  rpn_s.1.loss_bbox: 0.0399  rpn_s.1.loss_giou: 0.3706  rpn_s.2.loss_cls: 0.3525  rpn_s.2.loss_bbox: 0.0342  rpn_s.2.loss_giou: 0.3240  rpn_s.3.loss_cls: 0.3106  rpn_s.3.loss_bbox: 0.0319  rpn_s.3.loss_giou: 0.3066  s0.loss_cls: 0.3385  s0.pos_acc: 100.0000  s0.loss_bbox: 0.6767  s0.loss_iou: 0.9999  s1.loss_cls: 0.3622  s1.pos_acc: 100.0000  s1.loss_bbox: 0.7256  s1.loss_iou: 1.0469
2026/03/27 17:17:24 - mmengine - INFO - Epoch(train) [12][ 8100/10002]  lr: 2.5000e-05  eta: 18:42:16  time: 0.3797  data_time: 0.0033  memory: 7329  grad_norm: 86.1206  loss: 8.5974  rpn_s.0.loss_cls: 0.6100  rpn_s.0.loss_bbox: 0.1210  rpn_s.0.loss_giou: 0.9413  rpn_s.1.loss_cls: 0.4465  rpn_s.1.loss_bbox: 0.0476  rpn_s.1.loss_giou: 0.4436  rpn_s.2.loss_cls: 0.3829  rpn_s.2.loss_bbox: 0.0374  rpn_s.2.loss_giou: 0.3716  rpn_s.3.loss_cls: 0.3444  rpn_s.3.loss_bbox: 0.0348  rpn_s.3.loss_giou: 0.3478  s0.loss_cls: 0.3652  s0.pos_acc: 85.2713  s0.loss_bbox: 0.5994  s0.loss_iou: 1.2233  s1.loss_cls: 0.3762  s1.pos_acc: 83.7209  s1.loss_bbox: 0.6538  s1.loss_iou: 1.2506
2026/03/27 17:17:43 - mmengine - INFO - Epoch(train) [12][ 8150/10002]  lr: 2.5000e-05  eta: 18:41:42  time: 0.3814  data_time: 0.0032  memory: 7329  grad_norm: 69.9510  loss: 8.4693  rpn_s.0.loss_cls: 0.6278  rpn_s.0.loss_bbox: 0.1074  rpn_s.0.loss_giou: 0.8829  rpn_s.1.loss_cls: 0.4422  rpn_s.1.loss_bbox: 0.0423  rpn_s.1.loss_giou: 0.4279  rpn_s.2.loss_cls: 0.3732  rpn_s.2.loss_bbox: 0.0358  rpn_s.2.loss_giou: 0.3624  rpn_s.3.loss_cls: 0.3386  rpn_s.3.loss_bbox: 0.0323  rpn_s.3.loss_giou: 0.3423  s0.loss_cls: 0.3694  s0.pos_acc: 100.0000  s0.loss_bbox: 0.6194  s0.loss_iou: 1.1631  s1.loss_cls: 0.3853  s1.pos_acc: 100.0000  s1.loss_bbox: 0.7131  s1.loss_iou: 1.2038
2026/03/27 17:18:02 - mmengine - INFO - Epoch(train) [12][ 8200/10002]  lr: 2.5000e-05  eta: 18:41:06  time: 0.3751  data_time: 0.0033  memory: 7329  grad_norm: 78.2360  loss: 8.1501  rpn_s.0.loss_cls: 0.6076  rpn_s.0.loss_bbox: 0.1116  rpn_s.0.loss_giou: 0.7995  rpn_s.1.loss_cls: 0.4215  rpn_s.1.loss_bbox: 0.0521  rpn_s.1.loss_giou: 0.4040  rpn_s.2.loss_cls: 0.3442  rpn_s.2.loss_bbox: 0.0443  rpn_s.2.loss_giou: 0.3560  rpn_s.3.loss_cls: 0.3032  rpn_s.3.loss_bbox: 0.0411  rpn_s.3.loss_giou: 0.3361  s0.loss_cls: 0.3527  s0.pos_acc: 81.8182  s0.loss_bbox: 0.6079  s0.loss_iou: 1.1296  s1.loss_cls: 0.3610  s1.pos_acc: 81.8182  s1.loss_bbox: 0.6717  s1.loss_iou: 1.2060
2026/03/27 17:18:21 - mmengine - INFO - Epoch(train) [12][ 8250/10002]  lr: 2.5000e-05  eta: 18:40:31  time: 0.3793  data_time: 0.0033  memory: 7329  grad_norm: 83.5435  loss: 8.8799  rpn_s.0.loss_cls: 0.6375  rpn_s.0.loss_bbox: 0.1135  rpn_s.0.loss_giou: 0.9413  rpn_s.1.loss_cls: 0.4274  rpn_s.1.loss_bbox: 0.0481  rpn_s.1.loss_giou: 0.4608  rpn_s.2.loss_cls: 0.3550  rpn_s.2.loss_bbox: 0.0387  rpn_s.2.loss_giou: 0.4015  rpn_s.3.loss_cls: 0.3112  rpn_s.3.loss_bbox: 0.0357  rpn_s.3.loss_giou: 0.3797  s0.loss_cls: 0.3626  s0.pos_acc: 50.0000  s0.loss_bbox: 0.6563  s0.loss_iou: 1.2632  s1.loss_cls: 0.3730  s1.pos_acc: 50.0000  s1.loss_bbox: 0.7706  s1.loss_iou: 1.3039
