2026/03/26 20:01:44 - mmengine - INFO - 
------------------------------------------------------------
System environment:
    sys.platform: linux
    Python: 3.10.20 (main, Mar 11 2026, 17:46:40) [GCC 14.3.0]
    CUDA available: True
    MUSA available: False
    numpy_random_seed: 834809769
    GPU 0,1: NVIDIA GeForce RTX 3080 Ti
    CUDA_HOME: /usr/local/cuda
    NVCC: Cuda compilation tools, release 11.4, V11.4.48
    GCC: gcc (Ubuntu 9.4.0-1ubuntu1~20.04.2) 9.4.0
    PyTorch: 2.4.0+cu121
    PyTorch compiling details: PyTorch built with:
  - GCC 9.3
  - C++ Version: 201703
  - Intel(R) oneAPI Math Kernel Library Version 2022.2-Product Build 20220804 for Intel(R) 64 architecture applications
  - Intel(R) MKL-DNN v3.4.2 (Git Hash 1137e04ec0b5251ca2b4400a4fd3c667ce843d67)
  - OpenMP 201511 (a.k.a. OpenMP 4.5)
  - LAPACK is enabled (usually provided by MKL)
  - NNPACK is enabled
  - CPU capability usage: AVX512
  - CUDA Runtime 12.1
  - NVCC architecture flags: -gencode;arch=compute_50,code=sm_50;-gencode;arch=compute_60,code=sm_60;-gencode;arch=compute_70,code=sm_70;-gencode;arch=compute_75,code=sm_75;-gencode;arch=compute_80,code=sm_80;-gencode;arch=compute_86,code=sm_86;-gencode;arch=compute_90,code=sm_90
  - CuDNN 90.1  (built against CUDA 12.4)
  - Magma 2.6.1
  - Build settings: BLAS_INFO=mkl, BUILD_TYPE=Release, CUDA_VERSION=12.1, CUDNN_VERSION=9.1.0, CXX_COMPILER=/opt/rh/devtoolset-9/root/usr/bin/c++, CXX_FLAGS= -D_GLIBCXX_USE_CXX11_ABI=0 -fabi-version=11 -fvisibility-inlines-hidden -DUSE_PTHREADPOOL -DNDEBUG -DUSE_KINETO -DLIBKINETO_NOROCTRACER -DUSE_FBGEMM -DUSE_PYTORCH_QNNPACK -DUSE_XNNPACK -DSYMBOLICATE_MOBILE_DEBUG_HANDLE -O2 -fPIC -Wall -Wextra -Werror=return-type -Werror=non-virtual-dtor -Werror=bool-operation -Wnarrowing -Wno-missing-field-initializers -Wno-type-limits -Wno-array-bounds -Wno-unknown-pragmas -Wno-unused-parameter -Wno-unused-function -Wno-unused-result -Wno-strict-overflow -Wno-strict-aliasing -Wno-stringop-overflow -Wsuggest-override -Wno-psabi -Wno-error=pedantic -Wno-error=old-style-cast -Wno-missing-braces -fdiagnostics-color=always -faligned-new -Wno-unused-but-set-variable -Wno-maybe-uninitialized -fno-math-errno -fno-trapping-math -Werror=format -Wno-stringop-overflow, LAPACK_INFO=mkl, PERF_WITH_AVX=1, PERF_WITH_AVX2=1, PERF_WITH_AVX512=1, TORCH_VERSION=2.4.0, USE_CUDA=ON, USE_CUDNN=ON, USE_CUSPARSELT=1, USE_EXCEPTION_PTR=1, USE_GFLAGS=OFF, USE_GLOG=OFF, USE_GLOO=ON, USE_MKL=ON, USE_MKLDNN=ON, USE_MPI=OFF, USE_NCCL=1, USE_NNPACK=ON, USE_OPENMP=ON, USE_ROCM=OFF, USE_ROCM_KERNEL_ASSERT=OFF, 

    TorchVision: 0.19.0+cu121
    OpenCV: 4.13.0
    MMEngine: 0.10.7

Runtime environment:
    cudnn_benchmark: False
    mp_cfg: {'mp_start_method': 'fork', 'opencv_num_threads': 0}
    dist_cfg: {'backend': 'nccl'}
    seed: 834809769
    Distributed launcher: pytorch
    Distributed training: True
    GPU number: 2
------------------------------------------------------------

2026/03/26 20:01:44 - mmengine - INFO - Config:
angle_version = 'le90'
auto_scale_lr = dict(base_batch_size=4, enable=False)
backend_args = None
custom_imports = dict(
    allow_failed_imports=False, imports=[
        'projects.GSDet_baseline.gsdet',
    ])
data_root = 'data/split_ss_fair1m1.0/'
dataset_type = 'FAIRDataset'
default_hooks = dict(
    checkpoint=dict(interval=1, type='CheckpointHook'),
    logger=dict(interval=50, type='LoggerHook'),
    param_scheduler=dict(type='ParamSchedulerHook'),
    sampler_seed=dict(type='DistSamplerSeedHook'),
    timer=dict(type='IterTimerHook'),
    visualization=dict(type='mmdet.DetVisualizationHook'))
default_scope = 'mmrotate'
env_cfg = dict(
    cudnn_benchmark=False,
    dist_cfg=dict(backend='nccl'),
    mp_cfg=dict(mp_start_method='fork', opencv_num_threads=0))
hbox2hbox = 4
hbox2rbox = 1
launcher = 'pytorch'
load_from = None
log_level = 'INFO'
log_processor = dict(by_epoch=True, type='LogProcessor', window_size=50)
model = dict(
    backbone=dict(
        depth=50,
        frozen_stages=1,
        norm_cfg=dict(requires_grad=True, type='BN'),
        norm_eval=True,
        num_stages=4,
        out_indices=(
            0,
            1,
            2,
            3,
        ),
        style='pytorch',
        type='mmdet.ResNet'),
    data_preprocessor=dict(
        bgr_to_rgb=True,
        boxtype2tensor=False,
        mean=[
            123.675,
            116.28,
            103.53,
        ],
        pad_size_divisor=32,
        std=[
            58.395,
            57.12,
            57.375,
        ],
        type='mmdet.DetDataPreprocessor'),
    init_cfg=dict(
        checkpoint=
        'https://www.modelscope.cn/models/wokaikaixinxin/ai4rs/resolve/master/GSDet_baseline/pretrain/diffusiondet_r50_fpn_500-proposals_1-step_crop-ms-480-800-450k_coco_new2.pth',
        type='Pretrained'),
    neck=dict(
        in_channels=[
            256,
            512,
            1024,
            2048,
        ],
        num_outs=5,
        out_channels=256,
        type='mmdet.FPN'),
    roi_head=dict(
        angle_version='le90',
        bbox_head=[
            dict(
                act_cfg=dict(inplace=True, type='ReLU'),
                angle_version='le90',
                bbox_coder=dict(
                    angle_version='le90',
                    target_means=[
                        0.0,
                        0.0,
                        0.0,
                        0.0,
                        0.0,
                        0.0,
                    ],
                    target_stds=[
                        0.1,
                        0.1,
                        0.1,
                        0.1,
                        0.1,
                        0.1,
                    ],
                    type='MidpointOffsetCoderv2',
                    use_box_type=False),
                cls_predictor_cfg=dict(type='mmdet.Linear'),
                dim_feedforward=2048,
                dropout=0.0,
                dynamic_conv=dict(dynamic_dim=64, dynamic_num=2),
                feat_channels=256,
                loss_bbox=dict(loss_weight=2.0, type='mmdet.L1Loss'),
                loss_cls=dict(
                    alpha=0.25,
                    gamma=2.0,
                    loss_weight=2.0,
                    type='mmdet.FocalLoss',
                    use_sigmoid=True),
                loss_iou=dict(
                    loss_weight=5.0, mode='linear', type='RotatedIoULoss'),
                num_classes=37,
                num_cls_convs=1,
                num_heads=8,
                num_reg_convs=3,
                pooler_resolution=7,
                reg_predictor_cfg=dict(type='mmdet.Linear'),
                type='Hbox2RboxLayer'),
            dict(
                act_cfg=dict(inplace=True, type='ReLU'),
                angle_version='le90',
                bbox_coder=dict(
                    angle_version='le90',
                    edge_swap=True,
                    norm_factor=None,
                    proj_xy=True,
                    target_means=(
                        0.0,
                        0.0,
                        0.0,
                        0.0,
                        0.0,
                    ),
                    target_stds=(
                        1.0,
                        1.0,
                        1.0,
                        1.0,
                        1.0,
                    ),
                    type='DeltaXYWHTRBBoxCoder',
                    use_box_type=False),
                cls_predictor_cfg=dict(type='mmdet.Linear'),
                dim_feedforward=2048,
                dropout=0.0,
                dynamic_conv=dict(dynamic_dim=64, dynamic_num=2),
                feat_channels=256,
                loss_bbox=dict(loss_weight=2.0, type='mmdet.L1Loss'),
                loss_cls=dict(
                    alpha=0.25,
                    gamma=2.0,
                    loss_weight=2.0,
                    type='mmdet.FocalLoss',
                    use_sigmoid=True),
                loss_iou=dict(
                    loss_weight=5.0, mode='linear', type='RotatedIoULoss'),
                num_classes=37,
                num_cls_convs=1,
                num_heads=8,
                num_reg_convs=3,
                pooler_resolution=7,
                reg_predictor_cfg=dict(type='mmdet.Linear'),
                type='Rbox2RboxLayer'),
        ],
        bbox_roi_extractor=[
            dict(
                featmap_strides=[
                    4,
                    8,
                    16,
                    32,
                ],
                out_channels=256,
                roi_layer=dict(
                    output_size=7, sampling_ratio=0, type='RoIAlign'),
                type='mmdet.SingleRoIExtractor'),
            dict(
                featmap_strides=[
                    4,
                    8,
                    16,
                    32,
                ],
                out_channels=256,
                roi_layer=dict(
                    clockwise=True,
                    out_size=7,
                    sample_num=2,
                    type='RoIAlignRotated'),
                type='RotatedSingleRoIExtractor'),
        ],
        num_proposals=900,
        num_stages=2,
        stage_loss_weights=[
            1,
            1,
        ],
        type='Decoder'),
    rpn_head=dict(
        criterion=dict(
            assigner=dict(
                candidate_topk=5,
                center_radius=2.5,
                match_costs=[
                    dict(
                        alpha=0.25,
                        eps=1e-08,
                        gamma=2.0,
                        type='mmdet.FocalLossCost',
                        weight=2.0),
                    dict(
                        box_format='xyxy', type='mmdet.BBoxL1Cost',
                        weight=5.0),
                    dict(iou_mode='giou', type='mmdet.IoUCost', weight=2.0),
                ],
                type='Hbox2HboxLayerMatcher'),
            loss_bbox=dict(
                loss_weight=5.0, reduction='sum', type='mmdet.L1Loss'),
            loss_cls=dict(
                alpha=0.25,
                gamma=2.0,
                loss_weight=2.0,
                reduction='sum',
                type='mmdet.FocalLoss',
                use_sigmoid=True),
            loss_giou=dict(
                loss_weight=2.0, reduction='sum', type='mmdet.GIoULoss'),
            num_classes=37,
            type='Hbox2HboxLayerCriterion'),
        deep_supervision=True,
        feat_channels=256,
        num_classes=37,
        num_heads=4,
        num_proposals=900,
        prior_prob=0.01,
        roi_extractor=dict(
            featmap_strides=[
                4,
                8,
                16,
                32,
                64,
            ],
            out_channels=256,
            roi_layer=dict(output_size=7, sampling_ratio=2, type='RoIAlign'),
            type='mmdet.SingleRoIExtractor'),
        single_head=dict(
            act_cfg=dict(inplace=True, type='ReLU'),
            dim_feedforward=2048,
            dropout=0.0,
            dynamic_conv=dict(dynamic_dim=64, dynamic_num=2),
            num_cls_convs=1,
            num_heads=8,
            num_reg_convs=3,
            type='SingleHbox2HboxHead'),
        type='Hbox2HboxLayer'),
    test_cfg=dict(
        rcnn=dict(
            max_per_img=900,
            nms=dict(iou_threshold=0.6, type='nms_rotated'),
            use_nms=True),
        rpn=None),
    train_cfg=dict(
        rcnn=[
            dict(
                assigner=dict(
                    cls_cost=dict(type='mmdet.FocalLossCost', weight=2.0),
                    iou_cost=dict(
                        iou_mode='iou', type='RotatedIoUCost', weight=5.0),
                    reg_cost=dict(
                        angle_version='le90',
                        box_format='xywht',
                        type='RBBoxL1Cost',
                        weight=2.0),
                    topk=2,
                    type='TopkHungarianAssigner'),
                pos_weight=1,
                sampler=dict(type='mmdet.PseudoSampler')),
            dict(
                assigner=dict(
                    cls_cost=dict(type='mmdet.FocalLossCost', weight=2.0),
                    iou_cost=dict(
                        iou_mode='iou', type='RotatedIoUCost', weight=5.0),
                    reg_cost=dict(
                        angle_version='le90',
                        box_format='xywht',
                        type='RBBoxL1Cost',
                        weight=2.0),
                    topk=2,
                    type='TopkHungarianAssigner'),
                pos_weight=1,
                sampler=dict(type='mmdet.PseudoSampler')),
        ],
        rpn=None),
    type='GSDet')
num_classes = 37
num_proposals = 900
optim_wrapper = dict(
    clip_grad=dict(max_norm=1.0, norm_type=2),
    optimizer=dict(lr=2.5e-05, type='AdamW', weight_decay=0.0001),
    type='OptimWrapper')
param_scheduler = [
    dict(
        begin=0,
        by_epoch=False,
        end=500,
        start_factor=0.3333333333333333,
        type='LinearLR'),
    dict(
        begin=0,
        by_epoch=True,
        end=24,
        gamma=0.1,
        milestones=[
            16,
            22,
        ],
        type='MultiStepLR'),
]
pretrain = 'https://www.modelscope.cn/models/wokaikaixinxin/ai4rs/resolve/master/GSDet_baseline/pretrain/diffusiondet_r50_fpn_500-proposals_1-step_crop-ms-480-800-450k_coco_new2.pth'
rbox2rbox = 1
resume = False
test_cfg = dict(type='TestLoop')
test_dataloader = dict(
    batch_size=4,
    dataset=dict(
        data_prefix=dict(img_path='test/images/'),
        data_root='data/split_ss_fair1m1.0/',
        pipeline=[
            dict(backend_args=None, type='mmdet.LoadImageFromFile'),
            dict(keep_ratio=True, scale=(
                1024,
                1024,
            ), type='mmdet.Resize'),
            dict(
                meta_keys=(
                    'img_id',
                    'img_path',
                    'ori_shape',
                    'img_shape',
                    'scale_factor',
                ),
                type='mmdet.PackDetInputs'),
        ],
        test_mode=True,
        type='FAIRDataset'),
    drop_last=False,
    num_workers=2,
    persistent_workers=True,
    sampler=dict(shuffle=False, type='DefaultSampler'))
test_evaluator = dict(
    format_only=True,
    merge_patches=True,
    outfile_prefix='./work_dirs/fair1m1.0/Task1',
    type='FAIRMetric')
test_pipeline = [
    dict(backend_args=None, type='mmdet.LoadImageFromFile'),
    dict(keep_ratio=True, scale=(
        1024,
        1024,
    ), type='mmdet.Resize'),
    dict(
        meta_keys=(
            'img_id',
            'img_path',
            'ori_shape',
            'img_shape',
            'scale_factor',
        ),
        type='mmdet.PackDetInputs'),
]
train_cfg = dict(max_epochs=24, type='EpochBasedTrainLoop', val_interval=6)
train_dataloader = dict(
    batch_sampler=None,
    batch_size=2,
    dataset=dict(
        ann_file='train/annfiles/',
        data_prefix=dict(img_path='train/images/'),
        data_root='data/split_ss_fair1m1.0/',
        filter_cfg=dict(filter_empty_gt=True),
        pipeline=[
            dict(backend_args=None, type='mmdet.LoadImageFromFile'),
            dict(
                box_type='qbox', type='mmdet.LoadAnnotations', with_bbox=True),
            dict(
                box_type_mapping=dict(gt_bboxes='rbox'),
                type='ConvertBoxType'),
            dict(keep_ratio=True, scale=(
                1024,
                1024,
            ), type='mmdet.Resize'),
            dict(
                direction=[
                    'horizontal',
                    'vertical',
                    'diagonal',
                ],
                prob=0.75,
                type='mmdet.RandomFlip'),
            dict(type='mmdet.PackDetInputs'),
        ],
        type='FAIRDataset'),
    num_workers=2,
    persistent_workers=True,
    sampler=dict(shuffle=True, type='DefaultSampler'))
train_pipeline = [
    dict(backend_args=None, type='mmdet.LoadImageFromFile'),
    dict(box_type='qbox', type='mmdet.LoadAnnotations', with_bbox=True),
    dict(box_type_mapping=dict(gt_bboxes='rbox'), type='ConvertBoxType'),
    dict(keep_ratio=True, scale=(
        1024,
        1024,
    ), type='mmdet.Resize'),
    dict(
        direction=[
            'horizontal',
            'vertical',
            'diagonal',
        ],
        prob=0.75,
        type='mmdet.RandomFlip'),
    dict(type='mmdet.PackDetInputs'),
]
val_cfg = dict(type='ValLoop')
val_dataloader = dict(
    batch_size=4,
    dataset=dict(
        ann_file='train/annfiles/',
        data_prefix=dict(img_path='train/images/'),
        data_root='data/split_ss_fair1m1.0/',
        pipeline=[
            dict(backend_args=None, type='mmdet.LoadImageFromFile'),
            dict(keep_ratio=True, scale=(
                1024,
                1024,
            ), type='mmdet.Resize'),
            dict(
                box_type='qbox', type='mmdet.LoadAnnotations', with_bbox=True),
            dict(
                box_type_mapping=dict(gt_bboxes='rbox'),
                type='ConvertBoxType'),
            dict(
                meta_keys=(
                    'img_id',
                    'img_path',
                    'ori_shape',
                    'img_shape',
                    'scale_factor',
                ),
                type='mmdet.PackDetInputs'),
        ],
        test_mode=True,
        type='FAIRDataset'),
    drop_last=False,
    num_workers=2,
    persistent_workers=True,
    sampler=dict(shuffle=False, type='DefaultSampler'))
val_evaluator = dict(metric='mAP', type='FAIRMetric')
val_pipeline = [
    dict(backend_args=None, type='mmdet.LoadImageFromFile'),
    dict(keep_ratio=True, scale=(
        1024,
        1024,
    ), type='mmdet.Resize'),
    dict(box_type='qbox', type='mmdet.LoadAnnotations', with_bbox=True),
    dict(box_type_mapping=dict(gt_bboxes='rbox'), type='ConvertBoxType'),
    dict(
        meta_keys=(
            'img_id',
            'img_path',
            'ori_shape',
            'img_shape',
            'scale_factor',
        ),
        type='mmdet.PackDetInputs'),
]
vis_backends = [
    dict(type='LocalVisBackend'),
]
visualizer = dict(
    name='visualizer',
    type='RotLocalVisualizer',
    vis_backends=[
        dict(type='LocalVisBackend'),
    ])
work_dir = 'work_dirs/gsdet_fair1m_2gpu'

2026/03/26 20:01:47 - mmengine - INFO - Hooks will be executed in the following order:
before_run:
(VERY_HIGH   ) RuntimeInfoHook                    
(BELOW_NORMAL) LoggerHook                         
 -------------------- 
before_train:
(VERY_HIGH   ) RuntimeInfoHook                    
(NORMAL      ) IterTimerHook                      
(VERY_LOW    ) CheckpointHook                     
 -------------------- 
before_train_epoch:
(VERY_HIGH   ) RuntimeInfoHook                    
(NORMAL      ) IterTimerHook                      
(NORMAL      ) DistSamplerSeedHook                
 -------------------- 
before_train_iter:
(VERY_HIGH   ) RuntimeInfoHook                    
(NORMAL      ) IterTimerHook                      
 -------------------- 
after_train_iter:
(VERY_HIGH   ) RuntimeInfoHook                    
(NORMAL      ) IterTimerHook                      
(BELOW_NORMAL) LoggerHook                         
(LOW         ) ParamSchedulerHook                 
(VERY_LOW    ) CheckpointHook                     
 -------------------- 
after_train_epoch:
(NORMAL      ) IterTimerHook                      
(LOW         ) ParamSchedulerHook                 
(VERY_LOW    ) CheckpointHook                     
 -------------------- 
before_val:
(VERY_HIGH   ) RuntimeInfoHook                    
 -------------------- 
before_val_epoch:
(NORMAL      ) IterTimerHook                      
 -------------------- 
before_val_iter:
(NORMAL      ) IterTimerHook                      
 -------------------- 
after_val_iter:
(NORMAL      ) IterTimerHook                      
(NORMAL      ) DetVisualizationHook               
(BELOW_NORMAL) LoggerHook                         
 -------------------- 
after_val_epoch:
(VERY_HIGH   ) RuntimeInfoHook                    
(NORMAL      ) IterTimerHook                      
(BELOW_NORMAL) LoggerHook                         
(LOW         ) ParamSchedulerHook                 
(VERY_LOW    ) CheckpointHook                     
 -------------------- 
after_val:
(VERY_HIGH   ) RuntimeInfoHook                    
 -------------------- 
after_train:
(VERY_HIGH   ) RuntimeInfoHook                    
(VERY_LOW    ) CheckpointHook                     
 -------------------- 
before_test:
(VERY_HIGH   ) RuntimeInfoHook                    
 -------------------- 
before_test_epoch:
(NORMAL      ) IterTimerHook                      
 -------------------- 
before_test_iter:
(NORMAL      ) IterTimerHook                      
 -------------------- 
after_test_iter:
(NORMAL      ) IterTimerHook                      
(NORMAL      ) DetVisualizationHook               
(BELOW_NORMAL) LoggerHook                         
 -------------------- 
after_test_epoch:
(VERY_HIGH   ) RuntimeInfoHook                    
(NORMAL      ) IterTimerHook                      
(BELOW_NORMAL) LoggerHook                         
 -------------------- 
after_test:
(VERY_HIGH   ) RuntimeInfoHook                    
 -------------------- 
after_run:
(BELOW_NORMAL) LoggerHook                         
 -------------------- 
2026/03/26 20:01:50 - mmengine - WARNING - Failed to search registry with scope "mmrotate" in the "optim_wrapper" registry tree. As a workaround, the current "optim_wrapper" registry in "mmengine" is used to build instance. This may cause unexpected failure when running the built modules. Please check whether "mmrotate" is a correct scope, or whether the registry is initialized.
2026/03/26 20:01:54 - mmengine - INFO - load model from: https://www.modelscope.cn/models/wokaikaixinxin/ai4rs/resolve/master/GSDet_baseline/pretrain/diffusiondet_r50_fpn_500-proposals_1-step_crop-ms-480-800-450k_coco_new2.pth
2026/03/26 20:01:54 - mmengine - INFO - Loads checkpoint by http backend from path: https://www.modelscope.cn/models/wokaikaixinxin/ai4rs/resolve/master/GSDet_baseline/pretrain/diffusiondet_r50_fpn_500-proposals_1-step_crop-ms-480-800-450k_coco_new2.pth
2026/03/26 20:03:25 - mmengine - WARNING - The model and loaded state dict do not match exactly

size mismatch for rpn_head.head_series.0.class_logits.weight: copying a param with shape torch.Size([80, 256]) from checkpoint, the shape in current model is torch.Size([37, 256]).
size mismatch for rpn_head.head_series.0.class_logits.bias: copying a param with shape torch.Size([80]) from checkpoint, the shape in current model is torch.Size([37]).
size mismatch for rpn_head.head_series.1.class_logits.weight: copying a param with shape torch.Size([80, 256]) from checkpoint, the shape in current model is torch.Size([37, 256]).
size mismatch for rpn_head.head_series.1.class_logits.bias: copying a param with shape torch.Size([80]) from checkpoint, the shape in current model is torch.Size([37]).
size mismatch for rpn_head.head_series.2.class_logits.weight: copying a param with shape torch.Size([80, 256]) from checkpoint, the shape in current model is torch.Size([37, 256]).
size mismatch for rpn_head.head_series.2.class_logits.bias: copying a param with shape torch.Size([80]) from checkpoint, the shape in current model is torch.Size([37]).
size mismatch for rpn_head.head_series.3.class_logits.weight: copying a param with shape torch.Size([80, 256]) from checkpoint, the shape in current model is torch.Size([37, 256]).
size mismatch for rpn_head.head_series.3.class_logits.bias: copying a param with shape torch.Size([80]) from checkpoint, the shape in current model is torch.Size([37]).
unexpected key in source state_dict: bbox_head.betas, bbox_head.alphas_cumprod, bbox_head.alphas_cumprod_prev, bbox_head.sqrt_alphas_cumprod, bbox_head.sqrt_one_minus_alphas_cumprod, bbox_head.log_one_minus_alphas_cumprod, bbox_head.sqrt_recip_alphas_cumprod, bbox_head.sqrt_recipm1_alphas_cumprod, bbox_head.posterior_variance, bbox_head.posterior_log_variance_clipped, bbox_head.posterior_mean_coef1, bbox_head.posterior_mean_coef2, bbox_head.head_series.4.self_attn.in_proj_weight, bbox_head.head_series.4.self_attn.in_proj_bias, bbox_head.head_series.4.self_attn.out_proj.weight, bbox_head.head_series.4.self_attn.out_proj.bias, bbox_head.head_series.4.inst_interact.dynamic_layer.weight, bbox_head.head_series.4.inst_interact.dynamic_layer.bias, bbox_head.head_series.4.inst_interact.norm1.weight, bbox_head.head_series.4.inst_interact.norm1.bias, bbox_head.head_series.4.inst_interact.norm2.weight, bbox_head.head_series.4.inst_interact.norm2.bias, bbox_head.head_series.4.inst_interact.out_layer.weight, bbox_head.head_series.4.inst_interact.out_layer.bias, bbox_head.head_series.4.inst_interact.norm3.weight, bbox_head.head_series.4.inst_interact.norm3.bias, bbox_head.head_series.4.linear1.weight, bbox_head.head_series.4.linear1.bias, bbox_head.head_series.4.linear2.weight, bbox_head.head_series.4.linear2.bias, bbox_head.head_series.4.norm1.weight, bbox_head.head_series.4.norm1.bias, bbox_head.head_series.4.norm2.weight, bbox_head.head_series.4.norm2.bias, bbox_head.head_series.4.norm3.weight, bbox_head.head_series.4.norm3.bias, bbox_head.head_series.4.block_time_mlp.1.weight, bbox_head.head_series.4.block_time_mlp.1.bias, bbox_head.head_series.4.cls_module.0.weight, bbox_head.head_series.4.cls_module.1.weight, bbox_head.head_series.4.cls_module.1.bias, bbox_head.head_series.4.reg_module.0.weight, bbox_head.head_series.4.reg_module.1.weight, bbox_head.head_series.4.reg_module.1.bias, bbox_head.head_series.4.reg_module.3.weight, bbox_head.head_series.4.reg_module.4.weight, bbox_head.head_series.4.reg_module.4.bias, bbox_head.head_series.4.reg_module.6.weight, bbox_head.head_series.4.reg_module.7.weight, bbox_head.head_series.4.reg_module.7.bias, bbox_head.head_series.4.class_logits.weight, bbox_head.head_series.4.class_logits.bias, bbox_head.head_series.4.bboxes_delta.weight, bbox_head.head_series.4.bboxes_delta.bias, bbox_head.head_series.5.self_attn.in_proj_weight, bbox_head.head_series.5.self_attn.in_proj_bias, bbox_head.head_series.5.self_attn.out_proj.weight, bbox_head.head_series.5.self_attn.out_proj.bias, bbox_head.head_series.5.inst_interact.dynamic_layer.weight, bbox_head.head_series.5.inst_interact.dynamic_layer.bias, bbox_head.head_series.5.inst_interact.norm1.weight, bbox_head.head_series.5.inst_interact.norm1.bias, bbox_head.head_series.5.inst_interact.norm2.weight, bbox_head.head_series.5.inst_interact.norm2.bias, bbox_head.head_series.5.inst_interact.out_layer.weight, bbox_head.head_series.5.inst_interact.out_layer.bias, bbox_head.head_series.5.inst_interact.norm3.weight, bbox_head.head_series.5.inst_interact.norm3.bias, bbox_head.head_series.5.linear1.weight, bbox_head.head_series.5.linear1.bias, bbox_head.head_series.5.linear2.weight, bbox_head.head_series.5.linear2.bias, bbox_head.head_series.5.norm1.weight, bbox_head.head_series.5.norm1.bias, bbox_head.head_series.5.norm2.weight, bbox_head.head_series.5.norm2.bias, bbox_head.head_series.5.norm3.weight, bbox_head.head_series.5.norm3.bias, bbox_head.head_series.5.block_time_mlp.1.weight, bbox_head.head_series.5.block_time_mlp.1.bias, bbox_head.head_series.5.cls_module.0.weight, bbox_head.head_series.5.cls_module.1.weight, bbox_head.head_series.5.cls_module.1.bias, bbox_head.head_series.5.reg_module.0.weight, bbox_head.head_series.5.reg_module.1.weight, bbox_head.head_series.5.reg_module.1.bias, bbox_head.head_series.5.reg_module.3.weight, bbox_head.head_series.5.reg_module.4.weight, bbox_head.head_series.5.reg_module.4.bias, bbox_head.head_series.5.reg_module.6.weight, bbox_head.head_series.5.reg_module.7.weight, bbox_head.head_series.5.reg_module.7.bias, bbox_head.head_series.5.class_logits.weight, bbox_head.head_series.5.class_logits.bias, bbox_head.head_series.5.bboxes_delta.weight, bbox_head.head_series.5.bboxes_delta.bias, bbox_head.time_mlp.1.weight, bbox_head.time_mlp.1.bias, bbox_head.time_mlp.3.weight, bbox_head.time_mlp.3.bias, rpn_head.head_series.0.block_time_mlp.1.weight, rpn_head.head_series.0.block_time_mlp.1.bias, rpn_head.head_series.1.block_time_mlp.1.weight, rpn_head.head_series.1.block_time_mlp.1.bias, rpn_head.head_series.2.block_time_mlp.1.weight, rpn_head.head_series.2.block_time_mlp.1.bias, rpn_head.head_series.3.block_time_mlp.1.weight, rpn_head.head_series.3.block_time_mlp.1.bias

missing keys in source state_dict: roi_head.bbox_head.0.fc_cls.weight, roi_head.bbox_head.0.fc_cls.bias, roi_head.bbox_head.0.fc_reg.weight, roi_head.bbox_head.0.fc_reg.bias, roi_head.bbox_head.0.self_attn.in_proj_weight, roi_head.bbox_head.0.self_attn.in_proj_bias, roi_head.bbox_head.0.self_attn.out_proj.weight, roi_head.bbox_head.0.self_attn.out_proj.bias, roi_head.bbox_head.0.inst_interact.dynamic_layer.weight, roi_head.bbox_head.0.inst_interact.dynamic_layer.bias, roi_head.bbox_head.0.inst_interact.norm1.weight, roi_head.bbox_head.0.inst_interact.norm1.bias, roi_head.bbox_head.0.inst_interact.norm2.weight, roi_head.bbox_head.0.inst_interact.norm2.bias, roi_head.bbox_head.0.inst_interact.out_layer.weight, roi_head.bbox_head.0.inst_interact.out_layer.bias, roi_head.bbox_head.0.inst_interact.norm3.weight, roi_head.bbox_head.0.inst_interact.norm3.bias, roi_head.bbox_head.0.linear1.weight, roi_head.bbox_head.0.linear1.bias, roi_head.bbox_head.0.linear2.weight, roi_head.bbox_head.0.linear2.bias, roi_head.bbox_head.0.norm1.weight, roi_head.bbox_head.0.norm1.bias, roi_head.bbox_head.0.norm2.weight, roi_head.bbox_head.0.norm2.bias, roi_head.bbox_head.0.norm3.weight, roi_head.bbox_head.0.norm3.bias, roi_head.bbox_head.0.cls_module.0.weight, roi_head.bbox_head.0.cls_module.1.weight, roi_head.bbox_head.0.cls_module.1.bias, roi_head.bbox_head.0.reg_module.0.weight, roi_head.bbox_head.0.reg_module.1.weight, roi_head.bbox_head.0.reg_module.1.bias, roi_head.bbox_head.0.reg_module.3.weight, roi_head.bbox_head.0.reg_module.4.weight, roi_head.bbox_head.0.reg_module.4.bias, roi_head.bbox_head.0.reg_module.6.weight, roi_head.bbox_head.0.reg_module.7.weight, roi_head.bbox_head.0.reg_module.7.bias, roi_head.bbox_head.1.fc_cls.weight, roi_head.bbox_head.1.fc_cls.bias, roi_head.bbox_head.1.fc_reg.weight, roi_head.bbox_head.1.fc_reg.bias, roi_head.bbox_head.1.self_attn.in_proj_weight, roi_head.bbox_head.1.self_attn.in_proj_bias, roi_head.bbox_head.1.self_attn.out_proj.weight, roi_head.bbox_head.1.self_attn.out_proj.bias, roi_head.bbox_head.1.inst_interact.dynamic_layer.weight, roi_head.bbox_head.1.inst_interact.dynamic_layer.bias, roi_head.bbox_head.1.inst_interact.norm1.weight, roi_head.bbox_head.1.inst_interact.norm1.bias, roi_head.bbox_head.1.inst_interact.norm2.weight, roi_head.bbox_head.1.inst_interact.norm2.bias, roi_head.bbox_head.1.inst_interact.out_layer.weight, roi_head.bbox_head.1.inst_interact.out_layer.bias, roi_head.bbox_head.1.inst_interact.norm3.weight, roi_head.bbox_head.1.inst_interact.norm3.bias, roi_head.bbox_head.1.linear1.weight, roi_head.bbox_head.1.linear1.bias, roi_head.bbox_head.1.linear2.weight, roi_head.bbox_head.1.linear2.bias, roi_head.bbox_head.1.norm1.weight, roi_head.bbox_head.1.norm1.bias, roi_head.bbox_head.1.norm2.weight, roi_head.bbox_head.1.norm2.bias, roi_head.bbox_head.1.norm3.weight, roi_head.bbox_head.1.norm3.bias, roi_head.bbox_head.1.cls_module.0.weight, roi_head.bbox_head.1.cls_module.1.weight, roi_head.bbox_head.1.cls_module.1.bias, roi_head.bbox_head.1.reg_module.0.weight, roi_head.bbox_head.1.reg_module.1.weight, roi_head.bbox_head.1.reg_module.1.bias, roi_head.bbox_head.1.reg_module.3.weight, roi_head.bbox_head.1.reg_module.4.weight, roi_head.bbox_head.1.reg_module.4.bias, roi_head.bbox_head.1.reg_module.6.weight, roi_head.bbox_head.1.reg_module.7.weight, roi_head.bbox_head.1.reg_module.7.bias

Name of parameter - Initialization information

backbone.conv1.weight - torch.Size([64, 3, 7, 7]): 
PretrainedInit: load from https://www.modelscope.cn/models/wokaikaixinxin/ai4rs/resolve/master/GSDet_baseline/pretrain/diffusiondet_r50_fpn_500-proposals_1-step_crop-ms-480-800-450k_coco_new2.pth 

backbone.bn1.weight - torch.Size([64]): 
PretrainedInit: load from https://www.modelscope.cn/models/wokaikaixinxin/ai4rs/resolve/master/GSDet_baseline/pretrain/diffusiondet_r50_fpn_500-proposals_1-step_crop-ms-480-800-450k_coco_new2.pth 

backbone.bn1.bias - torch.Size([64]): 
PretrainedInit: load from https://www.modelscope.cn/models/wokaikaixinxin/ai4rs/resolve/master/GSDet_baseline/pretrain/diffusiondet_r50_fpn_500-proposals_1-step_crop-ms-480-800-450k_coco_new2.pth 

backbone.layer1.0.conv1.weight - torch.Size([64, 64, 1, 1]): 
PretrainedInit: load from https://www.modelscope.cn/models/wokaikaixinxin/ai4rs/resolve/master/GSDet_baseline/pretrain/diffusiondet_r50_fpn_500-proposals_1-step_crop-ms-480-800-450k_coco_new2.pth 

backbone.layer1.0.bn1.weight - torch.Size([64]): 
PretrainedInit: load from https://www.modelscope.cn/models/wokaikaixinxin/ai4rs/resolve/master/GSDet_baseline/pretrain/diffusiondet_r50_fpn_500-proposals_1-step_crop-ms-480-800-450k_coco_new2.pth 

backbone.layer1.0.bn1.bias - torch.Size([64]): 
PretrainedInit: load from https://www.modelscope.cn/models/wokaikaixinxin/ai4rs/resolve/master/GSDet_baseline/pretrain/diffusiondet_r50_fpn_500-proposals_1-step_crop-ms-480-800-450k_coco_new2.pth 

backbone.layer1.0.conv2.weight - torch.Size([64, 64, 3, 3]): 
PretrainedInit: load from https://www.modelscope.cn/models/wokaikaixinxin/ai4rs/resolve/master/GSDet_baseline/pretrain/diffusiondet_r50_fpn_500-proposals_1-step_crop-ms-480-800-450k_coco_new2.pth 

backbone.layer1.0.bn2.weight - torch.Size([64]): 
PretrainedInit: load from https://www.modelscope.cn/models/wokaikaixinxin/ai4rs/resolve/master/GSDet_baseline/pretrain/diffusiondet_r50_fpn_500-proposals_1-step_crop-ms-480-800-450k_coco_new2.pth 

backbone.layer1.0.bn2.bias - torch.Size([64]): 
PretrainedInit: load from https://www.modelscope.cn/models/wokaikaixinxin/ai4rs/resolve/master/GSDet_baseline/pretrain/diffusiondet_r50_fpn_500-proposals_1-step_crop-ms-480-800-450k_coco_new2.pth 

backbone.layer1.0.conv3.weight - torch.Size([256, 64, 1, 1]): 
PretrainedInit: load from https://www.modelscope.cn/models/wokaikaixinxin/ai4rs/resolve/master/GSDet_baseline/pretrain/diffusiondet_r50_fpn_500-proposals_1-step_crop-ms-480-800-450k_coco_new2.pth 

backbone.layer1.0.bn3.weight - torch.Size([256]): 
PretrainedInit: load from https://www.modelscope.cn/models/wokaikaixinxin/ai4rs/resolve/master/GSDet_baseline/pretrain/diffusiondet_r50_fpn_500-proposals_1-step_crop-ms-480-800-450k_coco_new2.pth 

backbone.layer1.0.bn3.bias - torch.Size([256]): 
PretrainedInit: load from https://www.modelscope.cn/models/wokaikaixinxin/ai4rs/resolve/master/GSDet_baseline/pretrain/diffusiondet_r50_fpn_500-proposals_1-step_crop-ms-480-800-450k_coco_new2.pth 

backbone.layer1.0.downsample.0.weight - torch.Size([256, 64, 1, 1]): 
PretrainedInit: load from https://www.modelscope.cn/models/wokaikaixinxin/ai4rs/resolve/master/GSDet_baseline/pretrain/diffusiondet_r50_fpn_500-proposals_1-step_crop-ms-480-800-450k_coco_new2.pth 

backbone.layer1.0.downsample.1.weight - torch.Size([256]): 
PretrainedInit: load from https://www.modelscope.cn/models/wokaikaixinxin/ai4rs/resolve/master/GSDet_baseline/pretrain/diffusiondet_r50_fpn_500-proposals_1-step_crop-ms-480-800-450k_coco_new2.pth 

backbone.layer1.0.downsample.1.bias - torch.Size([256]): 
PretrainedInit: load from https://www.modelscope.cn/models/wokaikaixinxin/ai4rs/resolve/master/GSDet_baseline/pretrain/diffusiondet_r50_fpn_500-proposals_1-step_crop-ms-480-800-450k_coco_new2.pth 

backbone.layer1.1.conv1.weight - torch.Size([64, 256, 1, 1]): 
PretrainedInit: load from https://www.modelscope.cn/models/wokaikaixinxin/ai4rs/resolve/master/GSDet_baseline/pretrain/diffusiondet_r50_fpn_500-proposals_1-step_crop-ms-480-800-450k_coco_new2.pth 

backbone.layer1.1.bn1.weight - torch.Size([64]): 
PretrainedInit: load from https://www.modelscope.cn/models/wokaikaixinxin/ai4rs/resolve/master/GSDet_baseline/pretrain/diffusiondet_r50_fpn_500-proposals_1-step_crop-ms-480-800-450k_coco_new2.pth 

backbone.layer1.1.bn1.bias - torch.Size([64]): 
PretrainedInit: load from https://www.modelscope.cn/models/wokaikaixinxin/ai4rs/resolve/master/GSDet_baseline/pretrain/diffusiondet_r50_fpn_500-proposals_1-step_crop-ms-480-800-450k_coco_new2.pth 

backbone.layer1.1.conv2.weight - torch.Size([64, 64, 3, 3]): 
PretrainedInit: load from https://www.modelscope.cn/models/wokaikaixinxin/ai4rs/resolve/master/GSDet_baseline/pretrain/diffusiondet_r50_fpn_500-proposals_1-step_crop-ms-480-800-450k_coco_new2.pth 

backbone.layer1.1.bn2.weight - torch.Size([64]): 
PretrainedInit: load from https://www.modelscope.cn/models/wokaikaixinxin/ai4rs/resolve/master/GSDet_baseline/pretrain/diffusiondet_r50_fpn_500-proposals_1-step_crop-ms-480-800-450k_coco_new2.pth 

backbone.layer1.1.bn2.bias - torch.Size([64]): 
PretrainedInit: load from https://www.modelscope.cn/models/wokaikaixinxin/ai4rs/resolve/master/GSDet_baseline/pretrain/diffusiondet_r50_fpn_500-proposals_1-step_crop-ms-480-800-450k_coco_new2.pth 

backbone.layer1.1.conv3.weight - torch.Size([256, 64, 1, 1]): 
PretrainedInit: load from https://www.modelscope.cn/models/wokaikaixinxin/ai4rs/resolve/master/GSDet_baseline/pretrain/diffusiondet_r50_fpn_500-proposals_1-step_crop-ms-480-800-450k_coco_new2.pth 

backbone.layer1.1.bn3.weight - torch.Size([256]): 
PretrainedInit: load from https://www.modelscope.cn/models/wokaikaixinxin/ai4rs/resolve/master/GSDet_baseline/pretrain/diffusiondet_r50_fpn_500-proposals_1-step_crop-ms-480-800-450k_coco_new2.pth 

backbone.layer1.1.bn3.bias - torch.Size([256]): 
PretrainedInit: load from https://www.modelscope.cn/models/wokaikaixinxin/ai4rs/resolve/master/GSDet_baseline/pretrain/diffusiondet_r50_fpn_500-proposals_1-step_crop-ms-480-800-450k_coco_new2.pth 

backbone.layer1.2.conv1.weight - torch.Size([64, 256, 1, 1]): 
PretrainedInit: load from https://www.modelscope.cn/models/wokaikaixinxin/ai4rs/resolve/master/GSDet_baseline/pretrain/diffusiondet_r50_fpn_500-proposals_1-step_crop-ms-480-800-450k_coco_new2.pth 

backbone.layer1.2.bn1.weight - torch.Size([64]): 
PretrainedInit: load from https://www.modelscope.cn/models/wokaikaixinxin/ai4rs/resolve/master/GSDet_baseline/pretrain/diffusiondet_r50_fpn_500-proposals_1-step_crop-ms-480-800-450k_coco_new2.pth 

backbone.layer1.2.bn1.bias - torch.Size([64]): 
PretrainedInit: load from https://www.modelscope.cn/models/wokaikaixinxin/ai4rs/resolve/master/GSDet_baseline/pretrain/diffusiondet_r50_fpn_500-proposals_1-step_crop-ms-480-800-450k_coco_new2.pth 

backbone.layer1.2.conv2.weight - torch.Size([64, 64, 3, 3]): 
PretrainedInit: load from https://www.modelscope.cn/models/wokaikaixinxin/ai4rs/resolve/master/GSDet_baseline/pretrain/diffusiondet_r50_fpn_500-proposals_1-step_crop-ms-480-800-450k_coco_new2.pth 

backbone.layer1.2.bn2.weight - torch.Size([64]): 
PretrainedInit: load from https://www.modelscope.cn/models/wokaikaixinxin/ai4rs/resolve/master/GSDet_baseline/pretrain/diffusiondet_r50_fpn_500-proposals_1-step_crop-ms-480-800-450k_coco_new2.pth 

backbone.layer1.2.bn2.bias - torch.Size([64]): 
PretrainedInit: load from https://www.modelscope.cn/models/wokaikaixinxin/ai4rs/resolve/master/GSDet_baseline/pretrain/diffusiondet_r50_fpn_500-proposals_1-step_crop-ms-480-800-450k_coco_new2.pth 

backbone.layer1.2.conv3.weight - torch.Size([256, 64, 1, 1]): 
PretrainedInit: load from https://www.modelscope.cn/models/wokaikaixinxin/ai4rs/resolve/master/GSDet_baseline/pretrain/diffusiondet_r50_fpn_500-proposals_1-step_crop-ms-480-800-450k_coco_new2.pth 

backbone.layer1.2.bn3.weight - torch.Size([256]): 
PretrainedInit: load from https://www.modelscope.cn/models/wokaikaixinxin/ai4rs/resolve/master/GSDet_baseline/pretrain/diffusiondet_r50_fpn_500-proposals_1-step_crop-ms-480-800-450k_coco_new2.pth 

backbone.layer1.2.bn3.bias - torch.Size([256]): 
PretrainedInit: load from https://www.modelscope.cn/models/wokaikaixinxin/ai4rs/resolve/master/GSDet_baseline/pretrain/diffusiondet_r50_fpn_500-proposals_1-step_crop-ms-480-800-450k_coco_new2.pth 

backbone.layer2.0.conv1.weight - torch.Size([128, 256, 1, 1]): 
PretrainedInit: load from https://www.modelscope.cn/models/wokaikaixinxin/ai4rs/resolve/master/GSDet_baseline/pretrain/diffusiondet_r50_fpn_500-proposals_1-step_crop-ms-480-800-450k_coco_new2.pth 

backbone.layer2.0.bn1.weight - torch.Size([128]): 
PretrainedInit: load from https://www.modelscope.cn/models/wokaikaixinxin/ai4rs/resolve/master/GSDet_baseline/pretrain/diffusiondet_r50_fpn_500-proposals_1-step_crop-ms-480-800-450k_coco_new2.pth 

backbone.layer2.0.bn1.bias - torch.Size([128]): 
PretrainedInit: load from https://www.modelscope.cn/models/wokaikaixinxin/ai4rs/resolve/master/GSDet_baseline/pretrain/diffusiondet_r50_fpn_500-proposals_1-step_crop-ms-480-800-450k_coco_new2.pth 

backbone.layer2.0.conv2.weight - torch.Size([128, 128, 3, 3]): 
PretrainedInit: load from https://www.modelscope.cn/models/wokaikaixinxin/ai4rs/resolve/master/GSDet_baseline/pretrain/diffusiondet_r50_fpn_500-proposals_1-step_crop-ms-480-800-450k_coco_new2.pth 

backbone.layer2.0.bn2.weight - torch.Size([128]): 
PretrainedInit: load from https://www.modelscope.cn/models/wokaikaixinxin/ai4rs/resolve/master/GSDet_baseline/pretrain/diffusiondet_r50_fpn_500-proposals_1-step_crop-ms-480-800-450k_coco_new2.pth 

backbone.layer2.0.bn2.bias - torch.Size([128]): 
PretrainedInit: load from https://www.modelscope.cn/models/wokaikaixinxin/ai4rs/resolve/master/GSDet_baseline/pretrain/diffusiondet_r50_fpn_500-proposals_1-step_crop-ms-480-800-450k_coco_new2.pth 

backbone.layer2.0.conv3.weight - torch.Size([512, 128, 1, 1]): 
PretrainedInit: load from https://www.modelscope.cn/models/wokaikaixinxin/ai4rs/resolve/master/GSDet_baseline/pretrain/diffusiondet_r50_fpn_500-proposals_1-step_crop-ms-480-800-450k_coco_new2.pth 

backbone.layer2.0.bn3.weight - torch.Size([512]): 
PretrainedInit: load from https://www.modelscope.cn/models/wokaikaixinxin/ai4rs/resolve/master/GSDet_baseline/pretrain/diffusiondet_r50_fpn_500-proposals_1-step_crop-ms-480-800-450k_coco_new2.pth 

backbone.layer2.0.bn3.bias - torch.Size([512]): 
PretrainedInit: load from https://www.modelscope.cn/models/wokaikaixinxin/ai4rs/resolve/master/GSDet_baseline/pretrain/diffusiondet_r50_fpn_500-proposals_1-step_crop-ms-480-800-450k_coco_new2.pth 

backbone.layer2.0.downsample.0.weight - torch.Size([512, 256, 1, 1]): 
PretrainedInit: load from https://www.modelscope.cn/models/wokaikaixinxin/ai4rs/resolve/master/GSDet_baseline/pretrain/diffusiondet_r50_fpn_500-proposals_1-step_crop-ms-480-800-450k_coco_new2.pth 

backbone.layer2.0.downsample.1.weight - torch.Size([512]): 
PretrainedInit: load from https://www.modelscope.cn/models/wokaikaixinxin/ai4rs/resolve/master/GSDet_baseline/pretrain/diffusiondet_r50_fpn_500-proposals_1-step_crop-ms-480-800-450k_coco_new2.pth 

backbone.layer2.0.downsample.1.bias - torch.Size([512]): 
PretrainedInit: load from https://www.modelscope.cn/models/wokaikaixinxin/ai4rs/resolve/master/GSDet_baseline/pretrain/diffusiondet_r50_fpn_500-proposals_1-step_crop-ms-480-800-450k_coco_new2.pth 

backbone.layer2.1.conv1.weight - torch.Size([128, 512, 1, 1]): 
PretrainedInit: load from https://www.modelscope.cn/models/wokaikaixinxin/ai4rs/resolve/master/GSDet_baseline/pretrain/diffusiondet_r50_fpn_500-proposals_1-step_crop-ms-480-800-450k_coco_new2.pth 

backbone.layer2.1.bn1.weight - torch.Size([128]): 
PretrainedInit: load from https://www.modelscope.cn/models/wokaikaixinxin/ai4rs/resolve/master/GSDet_baseline/pretrain/diffusiondet_r50_fpn_500-proposals_1-step_crop-ms-480-800-450k_coco_new2.pth 

backbone.layer2.1.bn1.bias - torch.Size([128]): 
PretrainedInit: load from https://www.modelscope.cn/models/wokaikaixinxin/ai4rs/resolve/master/GSDet_baseline/pretrain/diffusiondet_r50_fpn_500-proposals_1-step_crop-ms-480-800-450k_coco_new2.pth 

backbone.layer2.1.conv2.weight - torch.Size([128, 128, 3, 3]): 
PretrainedInit: load from https://www.modelscope.cn/models/wokaikaixinxin/ai4rs/resolve/master/GSDet_baseline/pretrain/diffusiondet_r50_fpn_500-proposals_1-step_crop-ms-480-800-450k_coco_new2.pth 

backbone.layer2.1.bn2.weight - torch.Size([128]): 
PretrainedInit: load from https://www.modelscope.cn/models/wokaikaixinxin/ai4rs/resolve/master/GSDet_baseline/pretrain/diffusiondet_r50_fpn_500-proposals_1-step_crop-ms-480-800-450k_coco_new2.pth 

backbone.layer2.1.bn2.bias - torch.Size([128]): 
PretrainedInit: load from https://www.modelscope.cn/models/wokaikaixinxin/ai4rs/resolve/master/GSDet_baseline/pretrain/diffusiondet_r50_fpn_500-proposals_1-step_crop-ms-480-800-450k_coco_new2.pth 

backbone.layer2.1.conv3.weight - torch.Size([512, 128, 1, 1]): 
PretrainedInit: load from https://www.modelscope.cn/models/wokaikaixinxin/ai4rs/resolve/master/GSDet_baseline/pretrain/diffusiondet_r50_fpn_500-proposals_1-step_crop-ms-480-800-450k_coco_new2.pth 

backbone.layer2.1.bn3.weight - torch.Size([512]): 
PretrainedInit: load from https://www.modelscope.cn/models/wokaikaixinxin/ai4rs/resolve/master/GSDet_baseline/pretrain/diffusiondet_r50_fpn_500-proposals_1-step_crop-ms-480-800-450k_coco_new2.pth 

backbone.layer2.1.bn3.bias - torch.Size([512]): 
PretrainedInit: load from https://www.modelscope.cn/models/wokaikaixinxin/ai4rs/resolve/master/GSDet_baseline/pretrain/diffusiondet_r50_fpn_500-proposals_1-step_crop-ms-480-800-450k_coco_new2.pth 

backbone.layer2.2.conv1.weight - torch.Size([128, 512, 1, 1]): 
PretrainedInit: load from https://www.modelscope.cn/models/wokaikaixinxin/ai4rs/resolve/master/GSDet_baseline/pretrain/diffusiondet_r50_fpn_500-proposals_1-step_crop-ms-480-800-450k_coco_new2.pth 

backbone.layer2.2.bn1.weight - torch.Size([128]): 
PretrainedInit: load from https://www.modelscope.cn/models/wokaikaixinxin/ai4rs/resolve/master/GSDet_baseline/pretrain/diffusiondet_r50_fpn_500-proposals_1-step_crop-ms-480-800-450k_coco_new2.pth 

backbone.layer2.2.bn1.bias - torch.Size([128]): 
PretrainedInit: load from https://www.modelscope.cn/models/wokaikaixinxin/ai4rs/resolve/master/GSDet_baseline/pretrain/diffusiondet_r50_fpn_500-proposals_1-step_crop-ms-480-800-450k_coco_new2.pth 

backbone.layer2.2.conv2.weight - torch.Size([128, 128, 3, 3]): 
PretrainedInit: load from https://www.modelscope.cn/models/wokaikaixinxin/ai4rs/resolve/master/GSDet_baseline/pretrain/diffusiondet_r50_fpn_500-proposals_1-step_crop-ms-480-800-450k_coco_new2.pth 

backbone.layer2.2.bn2.weight - torch.Size([128]): 
PretrainedInit: load from https://www.modelscope.cn/models/wokaikaixinxin/ai4rs/resolve/master/GSDet_baseline/pretrain/diffusiondet_r50_fpn_500-proposals_1-step_crop-ms-480-800-450k_coco_new2.pth 

backbone.layer2.2.bn2.bias - torch.Size([128]): 
PretrainedInit: load from https://www.modelscope.cn/models/wokaikaixinxin/ai4rs/resolve/master/GSDet_baseline/pretrain/diffusiondet_r50_fpn_500-proposals_1-step_crop-ms-480-800-450k_coco_new2.pth 

backbone.layer2.2.conv3.weight - torch.Size([512, 128, 1, 1]): 
PretrainedInit: load from https://www.modelscope.cn/models/wokaikaixinxin/ai4rs/resolve/master/GSDet_baseline/pretrain/diffusiondet_r50_fpn_500-proposals_1-step_crop-ms-480-800-450k_coco_new2.pth 

backbone.layer2.2.bn3.weight - torch.Size([512]): 
PretrainedInit: load from https://www.modelscope.cn/models/wokaikaixinxin/ai4rs/resolve/master/GSDet_baseline/pretrain/diffusiondet_r50_fpn_500-proposals_1-step_crop-ms-480-800-450k_coco_new2.pth 

backbone.layer2.2.bn3.bias - torch.Size([512]): 
PretrainedInit: load from https://www.modelscope.cn/models/wokaikaixinxin/ai4rs/resolve/master/GSDet_baseline/pretrain/diffusiondet_r50_fpn_500-proposals_1-step_crop-ms-480-800-450k_coco_new2.pth 

backbone.layer2.3.conv1.weight - torch.Size([128, 512, 1, 1]): 
PretrainedInit: load from https://www.modelscope.cn/models/wokaikaixinxin/ai4rs/resolve/master/GSDet_baseline/pretrain/diffusiondet_r50_fpn_500-proposals_1-step_crop-ms-480-800-450k_coco_new2.pth 

backbone.layer2.3.bn1.weight - torch.Size([128]): 
PretrainedInit: load from https://www.modelscope.cn/models/wokaikaixinxin/ai4rs/resolve/master/GSDet_baseline/pretrain/diffusiondet_r50_fpn_500-proposals_1-step_crop-ms-480-800-450k_coco_new2.pth 

backbone.layer2.3.bn1.bias - torch.Size([128]): 
PretrainedInit: load from https://www.modelscope.cn/models/wokaikaixinxin/ai4rs/resolve/master/GSDet_baseline/pretrain/diffusiondet_r50_fpn_500-proposals_1-step_crop-ms-480-800-450k_coco_new2.pth 

backbone.layer2.3.conv2.weight - torch.Size([128, 128, 3, 3]): 
PretrainedInit: load from https://www.modelscope.cn/models/wokaikaixinxin/ai4rs/resolve/master/GSDet_baseline/pretrain/diffusiondet_r50_fpn_500-proposals_1-step_crop-ms-480-800-450k_coco_new2.pth 

backbone.layer2.3.bn2.weight - torch.Size([128]): 
PretrainedInit: load from https://www.modelscope.cn/models/wokaikaixinxin/ai4rs/resolve/master/GSDet_baseline/pretrain/diffusiondet_r50_fpn_500-proposals_1-step_crop-ms-480-800-450k_coco_new2.pth 

backbone.layer2.3.bn2.bias - torch.Size([128]): 
PretrainedInit: load from https://www.modelscope.cn/models/wokaikaixinxin/ai4rs/resolve/master/GSDet_baseline/pretrain/diffusiondet_r50_fpn_500-proposals_1-step_crop-ms-480-800-450k_coco_new2.pth 

backbone.layer2.3.conv3.weight - torch.Size([512, 128, 1, 1]): 
PretrainedInit: load from https://www.modelscope.cn/models/wokaikaixinxin/ai4rs/resolve/master/GSDet_baseline/pretrain/diffusiondet_r50_fpn_500-proposals_1-step_crop-ms-480-800-450k_coco_new2.pth 

backbone.layer2.3.bn3.weight - torch.Size([512]): 
PretrainedInit: load from https://www.modelscope.cn/models/wokaikaixinxin/ai4rs/resolve/master/GSDet_baseline/pretrain/diffusiondet_r50_fpn_500-proposals_1-step_crop-ms-480-800-450k_coco_new2.pth 

backbone.layer2.3.bn3.bias - torch.Size([512]): 
PretrainedInit: load from https://www.modelscope.cn/models/wokaikaixinxin/ai4rs/resolve/master/GSDet_baseline/pretrain/diffusiondet_r50_fpn_500-proposals_1-step_crop-ms-480-800-450k_coco_new2.pth 

backbone.layer3.0.conv1.weight - torch.Size([256, 512, 1, 1]): 
PretrainedInit: load from https://www.modelscope.cn/models/wokaikaixinxin/ai4rs/resolve/master/GSDet_baseline/pretrain/diffusiondet_r50_fpn_500-proposals_1-step_crop-ms-480-800-450k_coco_new2.pth 

backbone.layer3.0.bn1.weight - torch.Size([256]): 
PretrainedInit: load from https://www.modelscope.cn/models/wokaikaixinxin/ai4rs/resolve/master/GSDet_baseline/pretrain/diffusiondet_r50_fpn_500-proposals_1-step_crop-ms-480-800-450k_coco_new2.pth 

backbone.layer3.0.bn1.bias - torch.Size([256]): 
PretrainedInit: load from https://www.modelscope.cn/models/wokaikaixinxin/ai4rs/resolve/master/GSDet_baseline/pretrain/diffusiondet_r50_fpn_500-proposals_1-step_crop-ms-480-800-450k_coco_new2.pth 

backbone.layer3.0.conv2.weight - torch.Size([256, 256, 3, 3]): 
PretrainedInit: load from https://www.modelscope.cn/models/wokaikaixinxin/ai4rs/resolve/master/GSDet_baseline/pretrain/diffusiondet_r50_fpn_500-proposals_1-step_crop-ms-480-800-450k_coco_new2.pth 

backbone.layer3.0.bn2.weight - torch.Size([256]): 
PretrainedInit: load from https://www.modelscope.cn/models/wokaikaixinxin/ai4rs/resolve/master/GSDet_baseline/pretrain/diffusiondet_r50_fpn_500-proposals_1-step_crop-ms-480-800-450k_coco_new2.pth 

backbone.layer3.0.bn2.bias - torch.Size([256]): 
PretrainedInit: load from https://www.modelscope.cn/models/wokaikaixinxin/ai4rs/resolve/master/GSDet_baseline/pretrain/diffusiondet_r50_fpn_500-proposals_1-step_crop-ms-480-800-450k_coco_new2.pth 

backbone.layer3.0.conv3.weight - torch.Size([1024, 256, 1, 1]): 
PretrainedInit: load from https://www.modelscope.cn/models/wokaikaixinxin/ai4rs/resolve/master/GSDet_baseline/pretrain/diffusiondet_r50_fpn_500-proposals_1-step_crop-ms-480-800-450k_coco_new2.pth 

backbone.layer3.0.bn3.weight - torch.Size([1024]): 
PretrainedInit: load from https://www.modelscope.cn/models/wokaikaixinxin/ai4rs/resolve/master/GSDet_baseline/pretrain/diffusiondet_r50_fpn_500-proposals_1-step_crop-ms-480-800-450k_coco_new2.pth 

backbone.layer3.0.bn3.bias - torch.Size([1024]): 
PretrainedInit: load from https://www.modelscope.cn/models/wokaikaixinxin/ai4rs/resolve/master/GSDet_baseline/pretrain/diffusiondet_r50_fpn_500-proposals_1-step_crop-ms-480-800-450k_coco_new2.pth 

backbone.layer3.0.downsample.0.weight - torch.Size([1024, 512, 1, 1]): 
PretrainedInit: load from https://www.modelscope.cn/models/wokaikaixinxin/ai4rs/resolve/master/GSDet_baseline/pretrain/diffusiondet_r50_fpn_500-proposals_1-step_crop-ms-480-800-450k_coco_new2.pth 

backbone.layer3.0.downsample.1.weight - torch.Size([1024]): 
PretrainedInit: load from https://www.modelscope.cn/models/wokaikaixinxin/ai4rs/resolve/master/GSDet_baseline/pretrain/diffusiondet_r50_fpn_500-proposals_1-step_crop-ms-480-800-450k_coco_new2.pth 

backbone.layer3.0.downsample.1.bias - torch.Size([1024]): 
PretrainedInit: load from https://www.modelscope.cn/models/wokaikaixinxin/ai4rs/resolve/master/GSDet_baseline/pretrain/diffusiondet_r50_fpn_500-proposals_1-step_crop-ms-480-800-450k_coco_new2.pth 

backbone.layer3.1.conv1.weight - torch.Size([256, 1024, 1, 1]): 
PretrainedInit: load from https://www.modelscope.cn/models/wokaikaixinxin/ai4rs/resolve/master/GSDet_baseline/pretrain/diffusiondet_r50_fpn_500-proposals_1-step_crop-ms-480-800-450k_coco_new2.pth 

backbone.layer3.1.bn1.weight - torch.Size([256]): 
PretrainedInit: load from https://www.modelscope.cn/models/wokaikaixinxin/ai4rs/resolve/master/GSDet_baseline/pretrain/diffusiondet_r50_fpn_500-proposals_1-step_crop-ms-480-800-450k_coco_new2.pth 

backbone.layer3.1.bn1.bias - torch.Size([256]): 
PretrainedInit: load from https://www.modelscope.cn/models/wokaikaixinxin/ai4rs/resolve/master/GSDet_baseline/pretrain/diffusiondet_r50_fpn_500-proposals_1-step_crop-ms-480-800-450k_coco_new2.pth 

backbone.layer3.1.conv2.weight - torch.Size([256, 256, 3, 3]): 
PretrainedInit: load from https://www.modelscope.cn/models/wokaikaixinxin/ai4rs/resolve/master/GSDet_baseline/pretrain/diffusiondet_r50_fpn_500-proposals_1-step_crop-ms-480-800-450k_coco_new2.pth 

backbone.layer3.1.bn2.weight - torch.Size([256]): 
PretrainedInit: load from https://www.modelscope.cn/models/wokaikaixinxin/ai4rs/resolve/master/GSDet_baseline/pretrain/diffusiondet_r50_fpn_500-proposals_1-step_crop-ms-480-800-450k_coco_new2.pth 

backbone.layer3.1.bn2.bias - torch.Size([256]): 
PretrainedInit: load from https://www.modelscope.cn/models/wokaikaixinxin/ai4rs/resolve/master/GSDet_baseline/pretrain/diffusiondet_r50_fpn_500-proposals_1-step_crop-ms-480-800-450k_coco_new2.pth 

backbone.layer3.1.conv3.weight - torch.Size([1024, 256, 1, 1]): 
PretrainedInit: load from https://www.modelscope.cn/models/wokaikaixinxin/ai4rs/resolve/master/GSDet_baseline/pretrain/diffusiondet_r50_fpn_500-proposals_1-step_crop-ms-480-800-450k_coco_new2.pth 

backbone.layer3.1.bn3.weight - torch.Size([1024]): 
PretrainedInit: load from https://www.modelscope.cn/models/wokaikaixinxin/ai4rs/resolve/master/GSDet_baseline/pretrain/diffusiondet_r50_fpn_500-proposals_1-step_crop-ms-480-800-450k_coco_new2.pth 

backbone.layer3.1.bn3.bias - torch.Size([1024]): 
PretrainedInit: load from https://www.modelscope.cn/models/wokaikaixinxin/ai4rs/resolve/master/GSDet_baseline/pretrain/diffusiondet_r50_fpn_500-proposals_1-step_crop-ms-480-800-450k_coco_new2.pth 

backbone.layer3.2.conv1.weight - torch.Size([256, 1024, 1, 1]): 
PretrainedInit: load from https://www.modelscope.cn/models/wokaikaixinxin/ai4rs/resolve/master/GSDet_baseline/pretrain/diffusiondet_r50_fpn_500-proposals_1-step_crop-ms-480-800-450k_coco_new2.pth 

backbone.layer3.2.bn1.weight - torch.Size([256]): 
PretrainedInit: load from https://www.modelscope.cn/models/wokaikaixinxin/ai4rs/resolve/master/GSDet_baseline/pretrain/diffusiondet_r50_fpn_500-proposals_1-step_crop-ms-480-800-450k_coco_new2.pth 

backbone.layer3.2.bn1.bias - torch.Size([256]): 
PretrainedInit: load from https://www.modelscope.cn/models/wokaikaixinxin/ai4rs/resolve/master/GSDet_baseline/pretrain/diffusiondet_r50_fpn_500-proposals_1-step_crop-ms-480-800-450k_coco_new2.pth 

backbone.layer3.2.conv2.weight - torch.Size([256, 256, 3, 3]): 
PretrainedInit: load from https://www.modelscope.cn/models/wokaikaixinxin/ai4rs/resolve/master/GSDet_baseline/pretrain/diffusiondet_r50_fpn_500-proposals_1-step_crop-ms-480-800-450k_coco_new2.pth 

backbone.layer3.2.bn2.weight - torch.Size([256]): 
PretrainedInit: load from https://www.modelscope.cn/models/wokaikaixinxin/ai4rs/resolve/master/GSDet_baseline/pretrain/diffusiondet_r50_fpn_500-proposals_1-step_crop-ms-480-800-450k_coco_new2.pth 

backbone.layer3.2.bn2.bias - torch.Size([256]): 
PretrainedInit: load from https://www.modelscope.cn/models/wokaikaixinxin/ai4rs/resolve/master/GSDet_baseline/pretrain/diffusiondet_r50_fpn_500-proposals_1-step_crop-ms-480-800-450k_coco_new2.pth 

backbone.layer3.2.conv3.weight - torch.Size([1024, 256, 1, 1]): 
PretrainedInit: load from https://www.modelscope.cn/models/wokaikaixinxin/ai4rs/resolve/master/GSDet_baseline/pretrain/diffusiondet_r50_fpn_500-proposals_1-step_crop-ms-480-800-450k_coco_new2.pth 

backbone.layer3.2.bn3.weight - torch.Size([1024]): 
PretrainedInit: load from https://www.modelscope.cn/models/wokaikaixinxin/ai4rs/resolve/master/GSDet_baseline/pretrain/diffusiondet_r50_fpn_500-proposals_1-step_crop-ms-480-800-450k_coco_new2.pth 

backbone.layer3.2.bn3.bias - torch.Size([1024]): 
PretrainedInit: load from https://www.modelscope.cn/models/wokaikaixinxin/ai4rs/resolve/master/GSDet_baseline/pretrain/diffusiondet_r50_fpn_500-proposals_1-step_crop-ms-480-800-450k_coco_new2.pth 

backbone.layer3.3.conv1.weight - torch.Size([256, 1024, 1, 1]): 
PretrainedInit: load from https://www.modelscope.cn/models/wokaikaixinxin/ai4rs/resolve/master/GSDet_baseline/pretrain/diffusiondet_r50_fpn_500-proposals_1-step_crop-ms-480-800-450k_coco_new2.pth 

backbone.layer3.3.bn1.weight - torch.Size([256]): 
PretrainedInit: load from https://www.modelscope.cn/models/wokaikaixinxin/ai4rs/resolve/master/GSDet_baseline/pretrain/diffusiondet_r50_fpn_500-proposals_1-step_crop-ms-480-800-450k_coco_new2.pth 

backbone.layer3.3.bn1.bias - torch.Size([256]): 
PretrainedInit: load from https://www.modelscope.cn/models/wokaikaixinxin/ai4rs/resolve/master/GSDet_baseline/pretrain/diffusiondet_r50_fpn_500-proposals_1-step_crop-ms-480-800-450k_coco_new2.pth 

backbone.layer3.3.conv2.weight - torch.Size([256, 256, 3, 3]): 
PretrainedInit: load from https://www.modelscope.cn/models/wokaikaixinxin/ai4rs/resolve/master/GSDet_baseline/pretrain/diffusiondet_r50_fpn_500-proposals_1-step_crop-ms-480-800-450k_coco_new2.pth 

backbone.layer3.3.bn2.weight - torch.Size([256]): 
PretrainedInit: load from https://www.modelscope.cn/models/wokaikaixinxin/ai4rs/resolve/master/GSDet_baseline/pretrain/diffusiondet_r50_fpn_500-proposals_1-step_crop-ms-480-800-450k_coco_new2.pth 

backbone.layer3.3.bn2.bias - torch.Size([256]): 
PretrainedInit: load from https://www.modelscope.cn/models/wokaikaixinxin/ai4rs/resolve/master/GSDet_baseline/pretrain/diffusiondet_r50_fpn_500-proposals_1-step_crop-ms-480-800-450k_coco_new2.pth 

backbone.layer3.3.conv3.weight - torch.Size([1024, 256, 1, 1]): 
PretrainedInit: load from https://www.modelscope.cn/models/wokaikaixinxin/ai4rs/resolve/master/GSDet_baseline/pretrain/diffusiondet_r50_fpn_500-proposals_1-step_crop-ms-480-800-450k_coco_new2.pth 

backbone.layer3.3.bn3.weight - torch.Size([1024]): 
PretrainedInit: load from https://www.modelscope.cn/models/wokaikaixinxin/ai4rs/resolve/master/GSDet_baseline/pretrain/diffusiondet_r50_fpn_500-proposals_1-step_crop-ms-480-800-450k_coco_new2.pth 

backbone.layer3.3.bn3.bias - torch.Size([1024]): 
PretrainedInit: load from https://www.modelscope.cn/models/wokaikaixinxin/ai4rs/resolve/master/GSDet_baseline/pretrain/diffusiondet_r50_fpn_500-proposals_1-step_crop-ms-480-800-450k_coco_new2.pth 

backbone.layer3.4.conv1.weight - torch.Size([256, 1024, 1, 1]): 
PretrainedInit: load from https://www.modelscope.cn/models/wokaikaixinxin/ai4rs/resolve/master/GSDet_baseline/pretrain/diffusiondet_r50_fpn_500-proposals_1-step_crop-ms-480-800-450k_coco_new2.pth 

backbone.layer3.4.bn1.weight - torch.Size([256]): 
PretrainedInit: load from https://www.modelscope.cn/models/wokaikaixinxin/ai4rs/resolve/master/GSDet_baseline/pretrain/diffusiondet_r50_fpn_500-proposals_1-step_crop-ms-480-800-450k_coco_new2.pth 

backbone.layer3.4.bn1.bias - torch.Size([256]): 
PretrainedInit: load from https://www.modelscope.cn/models/wokaikaixinxin/ai4rs/resolve/master/GSDet_baseline/pretrain/diffusiondet_r50_fpn_500-proposals_1-step_crop-ms-480-800-450k_coco_new2.pth 

backbone.layer3.4.conv2.weight - torch.Size([256, 256, 3, 3]): 
PretrainedInit: load from https://www.modelscope.cn/models/wokaikaixinxin/ai4rs/resolve/master/GSDet_baseline/pretrain/diffusiondet_r50_fpn_500-proposals_1-step_crop-ms-480-800-450k_coco_new2.pth 

backbone.layer3.4.bn2.weight - torch.Size([256]): 
PretrainedInit: load from https://www.modelscope.cn/models/wokaikaixinxin/ai4rs/resolve/master/GSDet_baseline/pretrain/diffusiondet_r50_fpn_500-proposals_1-step_crop-ms-480-800-450k_coco_new2.pth 

backbone.layer3.4.bn2.bias - torch.Size([256]): 
PretrainedInit: load from https://www.modelscope.cn/models/wokaikaixinxin/ai4rs/resolve/master/GSDet_baseline/pretrain/diffusiondet_r50_fpn_500-proposals_1-step_crop-ms-480-800-450k_coco_new2.pth 

backbone.layer3.4.conv3.weight - torch.Size([1024, 256, 1, 1]): 
PretrainedInit: load from https://www.modelscope.cn/models/wokaikaixinxin/ai4rs/resolve/master/GSDet_baseline/pretrain/diffusiondet_r50_fpn_500-proposals_1-step_crop-ms-480-800-450k_coco_new2.pth 

backbone.layer3.4.bn3.weight - torch.Size([1024]): 
PretrainedInit: load from https://www.modelscope.cn/models/wokaikaixinxin/ai4rs/resolve/master/GSDet_baseline/pretrain/diffusiondet_r50_fpn_500-proposals_1-step_crop-ms-480-800-450k_coco_new2.pth 

backbone.layer3.4.bn3.bias - torch.Size([1024]): 
PretrainedInit: load from https://www.modelscope.cn/models/wokaikaixinxin/ai4rs/resolve/master/GSDet_baseline/pretrain/diffusiondet_r50_fpn_500-proposals_1-step_crop-ms-480-800-450k_coco_new2.pth 

backbone.layer3.5.conv1.weight - torch.Size([256, 1024, 1, 1]): 
PretrainedInit: load from https://www.modelscope.cn/models/wokaikaixinxin/ai4rs/resolve/master/GSDet_baseline/pretrain/diffusiondet_r50_fpn_500-proposals_1-step_crop-ms-480-800-450k_coco_new2.pth 

backbone.layer3.5.bn1.weight - torch.Size([256]): 
PretrainedInit: load from https://www.modelscope.cn/models/wokaikaixinxin/ai4rs/resolve/master/GSDet_baseline/pretrain/diffusiondet_r50_fpn_500-proposals_1-step_crop-ms-480-800-450k_coco_new2.pth 

backbone.layer3.5.bn1.bias - torch.Size([256]): 
PretrainedInit: load from https://www.modelscope.cn/models/wokaikaixinxin/ai4rs/resolve/master/GSDet_baseline/pretrain/diffusiondet_r50_fpn_500-proposals_1-step_crop-ms-480-800-450k_coco_new2.pth 

backbone.layer3.5.conv2.weight - torch.Size([256, 256, 3, 3]): 
PretrainedInit: load from https://www.modelscope.cn/models/wokaikaixinxin/ai4rs/resolve/master/GSDet_baseline/pretrain/diffusiondet_r50_fpn_500-proposals_1-step_crop-ms-480-800-450k_coco_new2.pth 

backbone.layer3.5.bn2.weight - torch.Size([256]): 
PretrainedInit: load from https://www.modelscope.cn/models/wokaikaixinxin/ai4rs/resolve/master/GSDet_baseline/pretrain/diffusiondet_r50_fpn_500-proposals_1-step_crop-ms-480-800-450k_coco_new2.pth 

backbone.layer3.5.bn2.bias - torch.Size([256]): 
PretrainedInit: load from https://www.modelscope.cn/models/wokaikaixinxin/ai4rs/resolve/master/GSDet_baseline/pretrain/diffusiondet_r50_fpn_500-proposals_1-step_crop-ms-480-800-450k_coco_new2.pth 

backbone.layer3.5.conv3.weight - torch.Size([1024, 256, 1, 1]): 
PretrainedInit: load from https://www.modelscope.cn/models/wokaikaixinxin/ai4rs/resolve/master/GSDet_baseline/pretrain/diffusiondet_r50_fpn_500-proposals_1-step_crop-ms-480-800-450k_coco_new2.pth 

backbone.layer3.5.bn3.weight - torch.Size([1024]): 
PretrainedInit: load from https://www.modelscope.cn/models/wokaikaixinxin/ai4rs/resolve/master/GSDet_baseline/pretrain/diffusiondet_r50_fpn_500-proposals_1-step_crop-ms-480-800-450k_coco_new2.pth 

backbone.layer3.5.bn3.bias - torch.Size([1024]): 
PretrainedInit: load from https://www.modelscope.cn/models/wokaikaixinxin/ai4rs/resolve/master/GSDet_baseline/pretrain/diffusiondet_r50_fpn_500-proposals_1-step_crop-ms-480-800-450k_coco_new2.pth 

backbone.layer4.0.conv1.weight - torch.Size([512, 1024, 1, 1]): 
PretrainedInit: load from https://www.modelscope.cn/models/wokaikaixinxin/ai4rs/resolve/master/GSDet_baseline/pretrain/diffusiondet_r50_fpn_500-proposals_1-step_crop-ms-480-800-450k_coco_new2.pth 

backbone.layer4.0.bn1.weight - torch.Size([512]): 
PretrainedInit: load from https://www.modelscope.cn/models/wokaikaixinxin/ai4rs/resolve/master/GSDet_baseline/pretrain/diffusiondet_r50_fpn_500-proposals_1-step_crop-ms-480-800-450k_coco_new2.pth 

backbone.layer4.0.bn1.bias - torch.Size([512]): 
PretrainedInit: load from https://www.modelscope.cn/models/wokaikaixinxin/ai4rs/resolve/master/GSDet_baseline/pretrain/diffusiondet_r50_fpn_500-proposals_1-step_crop-ms-480-800-450k_coco_new2.pth 

backbone.layer4.0.conv2.weight - torch.Size([512, 512, 3, 3]): 
PretrainedInit: load from https://www.modelscope.cn/models/wokaikaixinxin/ai4rs/resolve/master/GSDet_baseline/pretrain/diffusiondet_r50_fpn_500-proposals_1-step_crop-ms-480-800-450k_coco_new2.pth 

backbone.layer4.0.bn2.weight - torch.Size([512]): 
PretrainedInit: load from https://www.modelscope.cn/models/wokaikaixinxin/ai4rs/resolve/master/GSDet_baseline/pretrain/diffusiondet_r50_fpn_500-proposals_1-step_crop-ms-480-800-450k_coco_new2.pth 

backbone.layer4.0.bn2.bias - torch.Size([512]): 
PretrainedInit: load from https://www.modelscope.cn/models/wokaikaixinxin/ai4rs/resolve/master/GSDet_baseline/pretrain/diffusiondet_r50_fpn_500-proposals_1-step_crop-ms-480-800-450k_coco_new2.pth 

backbone.layer4.0.conv3.weight - torch.Size([2048, 512, 1, 1]): 
PretrainedInit: load from https://www.modelscope.cn/models/wokaikaixinxin/ai4rs/resolve/master/GSDet_baseline/pretrain/diffusiondet_r50_fpn_500-proposals_1-step_crop-ms-480-800-450k_coco_new2.pth 

backbone.layer4.0.bn3.weight - torch.Size([2048]): 
PretrainedInit: load from https://www.modelscope.cn/models/wokaikaixinxin/ai4rs/resolve/master/GSDet_baseline/pretrain/diffusiondet_r50_fpn_500-proposals_1-step_crop-ms-480-800-450k_coco_new2.pth 

backbone.layer4.0.bn3.bias - torch.Size([2048]): 
PretrainedInit: load from https://www.modelscope.cn/models/wokaikaixinxin/ai4rs/resolve/master/GSDet_baseline/pretrain/diffusiondet_r50_fpn_500-proposals_1-step_crop-ms-480-800-450k_coco_new2.pth 

backbone.layer4.0.downsample.0.weight - torch.Size([2048, 1024, 1, 1]): 
PretrainedInit: load from https://www.modelscope.cn/models/wokaikaixinxin/ai4rs/resolve/master/GSDet_baseline/pretrain/diffusiondet_r50_fpn_500-proposals_1-step_crop-ms-480-800-450k_coco_new2.pth 

backbone.layer4.0.downsample.1.weight - torch.Size([2048]): 
PretrainedInit: load from https://www.modelscope.cn/models/wokaikaixinxin/ai4rs/resolve/master/GSDet_baseline/pretrain/diffusiondet_r50_fpn_500-proposals_1-step_crop-ms-480-800-450k_coco_new2.pth 

backbone.layer4.0.downsample.1.bias - torch.Size([2048]): 
PretrainedInit: load from https://www.modelscope.cn/models/wokaikaixinxin/ai4rs/resolve/master/GSDet_baseline/pretrain/diffusiondet_r50_fpn_500-proposals_1-step_crop-ms-480-800-450k_coco_new2.pth 

backbone.layer4.1.conv1.weight - torch.Size([512, 2048, 1, 1]): 
PretrainedInit: load from https://www.modelscope.cn/models/wokaikaixinxin/ai4rs/resolve/master/GSDet_baseline/pretrain/diffusiondet_r50_fpn_500-proposals_1-step_crop-ms-480-800-450k_coco_new2.pth 

backbone.layer4.1.bn1.weight - torch.Size([512]): 
PretrainedInit: load from https://www.modelscope.cn/models/wokaikaixinxin/ai4rs/resolve/master/GSDet_baseline/pretrain/diffusiondet_r50_fpn_500-proposals_1-step_crop-ms-480-800-450k_coco_new2.pth 

backbone.layer4.1.bn1.bias - torch.Size([512]): 
PretrainedInit: load from https://www.modelscope.cn/models/wokaikaixinxin/ai4rs/resolve/master/GSDet_baseline/pretrain/diffusiondet_r50_fpn_500-proposals_1-step_crop-ms-480-800-450k_coco_new2.pth 

backbone.layer4.1.conv2.weight - torch.Size([512, 512, 3, 3]): 
PretrainedInit: load from https://www.modelscope.cn/models/wokaikaixinxin/ai4rs/resolve/master/GSDet_baseline/pretrain/diffusiondet_r50_fpn_500-proposals_1-step_crop-ms-480-800-450k_coco_new2.pth 

backbone.layer4.1.bn2.weight - torch.Size([512]): 
PretrainedInit: load from https://www.modelscope.cn/models/wokaikaixinxin/ai4rs/resolve/master/GSDet_baseline/pretrain/diffusiondet_r50_fpn_500-proposals_1-step_crop-ms-480-800-450k_coco_new2.pth 

backbone.layer4.1.bn2.bias - torch.Size([512]): 
PretrainedInit: load from https://www.modelscope.cn/models/wokaikaixinxin/ai4rs/resolve/master/GSDet_baseline/pretrain/diffusiondet_r50_fpn_500-proposals_1-step_crop-ms-480-800-450k_coco_new2.pth 

backbone.layer4.1.conv3.weight - torch.Size([2048, 512, 1, 1]): 
PretrainedInit: load from https://www.modelscope.cn/models/wokaikaixinxin/ai4rs/resolve/master/GSDet_baseline/pretrain/diffusiondet_r50_fpn_500-proposals_1-step_crop-ms-480-800-450k_coco_new2.pth 

backbone.layer4.1.bn3.weight - torch.Size([2048]): 
PretrainedInit: load from https://www.modelscope.cn/models/wokaikaixinxin/ai4rs/resolve/master/GSDet_baseline/pretrain/diffusiondet_r50_fpn_500-proposals_1-step_crop-ms-480-800-450k_coco_new2.pth 

backbone.layer4.1.bn3.bias - torch.Size([2048]): 
PretrainedInit: load from https://www.modelscope.cn/models/wokaikaixinxin/ai4rs/resolve/master/GSDet_baseline/pretrain/diffusiondet_r50_fpn_500-proposals_1-step_crop-ms-480-800-450k_coco_new2.pth 

backbone.layer4.2.conv1.weight - torch.Size([512, 2048, 1, 1]): 
PretrainedInit: load from https://www.modelscope.cn/models/wokaikaixinxin/ai4rs/resolve/master/GSDet_baseline/pretrain/diffusiondet_r50_fpn_500-proposals_1-step_crop-ms-480-800-450k_coco_new2.pth 

backbone.layer4.2.bn1.weight - torch.Size([512]): 
PretrainedInit: load from https://www.modelscope.cn/models/wokaikaixinxin/ai4rs/resolve/master/GSDet_baseline/pretrain/diffusiondet_r50_fpn_500-proposals_1-step_crop-ms-480-800-450k_coco_new2.pth 

backbone.layer4.2.bn1.bias - torch.Size([512]): 
PretrainedInit: load from https://www.modelscope.cn/models/wokaikaixinxin/ai4rs/resolve/master/GSDet_baseline/pretrain/diffusiondet_r50_fpn_500-proposals_1-step_crop-ms-480-800-450k_coco_new2.pth 

backbone.layer4.2.conv2.weight - torch.Size([512, 512, 3, 3]): 
PretrainedInit: load from https://www.modelscope.cn/models/wokaikaixinxin/ai4rs/resolve/master/GSDet_baseline/pretrain/diffusiondet_r50_fpn_500-proposals_1-step_crop-ms-480-800-450k_coco_new2.pth 

backbone.layer4.2.bn2.weight - torch.Size([512]): 
PretrainedInit: load from https://www.modelscope.cn/models/wokaikaixinxin/ai4rs/resolve/master/GSDet_baseline/pretrain/diffusiondet_r50_fpn_500-proposals_1-step_crop-ms-480-800-450k_coco_new2.pth 

backbone.layer4.2.bn2.bias - torch.Size([512]): 
PretrainedInit: load from https://www.modelscope.cn/models/wokaikaixinxin/ai4rs/resolve/master/GSDet_baseline/pretrain/diffusiondet_r50_fpn_500-proposals_1-step_crop-ms-480-800-450k_coco_new2.pth 

backbone.layer4.2.conv3.weight - torch.Size([2048, 512, 1, 1]): 
PretrainedInit: load from https://www.modelscope.cn/models/wokaikaixinxin/ai4rs/resolve/master/GSDet_baseline/pretrain/diffusiondet_r50_fpn_500-proposals_1-step_crop-ms-480-800-450k_coco_new2.pth 

backbone.layer4.2.bn3.weight - torch.Size([2048]): 
PretrainedInit: load from https://www.modelscope.cn/models/wokaikaixinxin/ai4rs/resolve/master/GSDet_baseline/pretrain/diffusiondet_r50_fpn_500-proposals_1-step_crop-ms-480-800-450k_coco_new2.pth 

backbone.layer4.2.bn3.bias - torch.Size([2048]): 
PretrainedInit: load from https://www.modelscope.cn/models/wokaikaixinxin/ai4rs/resolve/master/GSDet_baseline/pretrain/diffusiondet_r50_fpn_500-proposals_1-step_crop-ms-480-800-450k_coco_new2.pth 

neck.lateral_convs.0.conv.weight - torch.Size([256, 256, 1, 1]): 
PretrainedInit: load from https://www.modelscope.cn/models/wokaikaixinxin/ai4rs/resolve/master/GSDet_baseline/pretrain/diffusiondet_r50_fpn_500-proposals_1-step_crop-ms-480-800-450k_coco_new2.pth 

neck.lateral_convs.0.conv.bias - torch.Size([256]): 
PretrainedInit: load from https://www.modelscope.cn/models/wokaikaixinxin/ai4rs/resolve/master/GSDet_baseline/pretrain/diffusiondet_r50_fpn_500-proposals_1-step_crop-ms-480-800-450k_coco_new2.pth 

neck.lateral_convs.1.conv.weight - torch.Size([256, 512, 1, 1]): 
PretrainedInit: load from https://www.modelscope.cn/models/wokaikaixinxin/ai4rs/resolve/master/GSDet_baseline/pretrain/diffusiondet_r50_fpn_500-proposals_1-step_crop-ms-480-800-450k_coco_new2.pth 

neck.lateral_convs.1.conv.bias - torch.Size([256]): 
PretrainedInit: load from https://www.modelscope.cn/models/wokaikaixinxin/ai4rs/resolve/master/GSDet_baseline/pretrain/diffusiondet_r50_fpn_500-proposals_1-step_crop-ms-480-800-450k_coco_new2.pth 

neck.lateral_convs.2.conv.weight - torch.Size([256, 1024, 1, 1]): 
PretrainedInit: load from https://www.modelscope.cn/models/wokaikaixinxin/ai4rs/resolve/master/GSDet_baseline/pretrain/diffusiondet_r50_fpn_500-proposals_1-step_crop-ms-480-800-450k_coco_new2.pth 

neck.lateral_convs.2.conv.bias - torch.Size([256]): 
PretrainedInit: load from https://www.modelscope.cn/models/wokaikaixinxin/ai4rs/resolve/master/GSDet_baseline/pretrain/diffusiondet_r50_fpn_500-proposals_1-step_crop-ms-480-800-450k_coco_new2.pth 

neck.lateral_convs.3.conv.weight - torch.Size([256, 2048, 1, 1]): 
PretrainedInit: load from https://www.modelscope.cn/models/wokaikaixinxin/ai4rs/resolve/master/GSDet_baseline/pretrain/diffusiondet_r50_fpn_500-proposals_1-step_crop-ms-480-800-450k_coco_new2.pth 

neck.lateral_convs.3.conv.bias - torch.Size([256]): 
PretrainedInit: load from https://www.modelscope.cn/models/wokaikaixinxin/ai4rs/resolve/master/GSDet_baseline/pretrain/diffusiondet_r50_fpn_500-proposals_1-step_crop-ms-480-800-450k_coco_new2.pth 

neck.fpn_convs.0.conv.weight - torch.Size([256, 256, 3, 3]): 
PretrainedInit: load from https://www.modelscope.cn/models/wokaikaixinxin/ai4rs/resolve/master/GSDet_baseline/pretrain/diffusiondet_r50_fpn_500-proposals_1-step_crop-ms-480-800-450k_coco_new2.pth 

neck.fpn_convs.0.conv.bias - torch.Size([256]): 
PretrainedInit: load from https://www.modelscope.cn/models/wokaikaixinxin/ai4rs/resolve/master/GSDet_baseline/pretrain/diffusiondet_r50_fpn_500-proposals_1-step_crop-ms-480-800-450k_coco_new2.pth 

neck.fpn_convs.1.conv.weight - torch.Size([256, 256, 3, 3]): 
PretrainedInit: load from https://www.modelscope.cn/models/wokaikaixinxin/ai4rs/resolve/master/GSDet_baseline/pretrain/diffusiondet_r50_fpn_500-proposals_1-step_crop-ms-480-800-450k_coco_new2.pth 

neck.fpn_convs.1.conv.bias - torch.Size([256]): 
PretrainedInit: load from https://www.modelscope.cn/models/wokaikaixinxin/ai4rs/resolve/master/GSDet_baseline/pretrain/diffusiondet_r50_fpn_500-proposals_1-step_crop-ms-480-800-450k_coco_new2.pth 

neck.fpn_convs.2.conv.weight - torch.Size([256, 256, 3, 3]): 
PretrainedInit: load from https://www.modelscope.cn/models/wokaikaixinxin/ai4rs/resolve/master/GSDet_baseline/pretrain/diffusiondet_r50_fpn_500-proposals_1-step_crop-ms-480-800-450k_coco_new2.pth 

neck.fpn_convs.2.conv.bias - torch.Size([256]): 
PretrainedInit: load from https://www.modelscope.cn/models/wokaikaixinxin/ai4rs/resolve/master/GSDet_baseline/pretrain/diffusiondet_r50_fpn_500-proposals_1-step_crop-ms-480-800-450k_coco_new2.pth 

neck.fpn_convs.3.conv.weight - torch.Size([256, 256, 3, 3]): 
PretrainedInit: load from https://www.modelscope.cn/models/wokaikaixinxin/ai4rs/resolve/master/GSDet_baseline/pretrain/diffusiondet_r50_fpn_500-proposals_1-step_crop-ms-480-800-450k_coco_new2.pth 

neck.fpn_convs.3.conv.bias - torch.Size([256]): 
PretrainedInit: load from https://www.modelscope.cn/models/wokaikaixinxin/ai4rs/resolve/master/GSDet_baseline/pretrain/diffusiondet_r50_fpn_500-proposals_1-step_crop-ms-480-800-450k_coco_new2.pth 

rpn_head.head_series.0.self_attn.in_proj_weight - torch.Size([768, 256]): 
PretrainedInit: load from https://www.modelscope.cn/models/wokaikaixinxin/ai4rs/resolve/master/GSDet_baseline/pretrain/diffusiondet_r50_fpn_500-proposals_1-step_crop-ms-480-800-450k_coco_new2.pth 

rpn_head.head_series.0.self_attn.in_proj_bias - torch.Size([768]): 
PretrainedInit: load from https://www.modelscope.cn/models/wokaikaixinxin/ai4rs/resolve/master/GSDet_baseline/pretrain/diffusiondet_r50_fpn_500-proposals_1-step_crop-ms-480-800-450k_coco_new2.pth 

rpn_head.head_series.0.self_attn.out_proj.weight - torch.Size([256, 256]): 
PretrainedInit: load from https://www.modelscope.cn/models/wokaikaixinxin/ai4rs/resolve/master/GSDet_baseline/pretrain/diffusiondet_r50_fpn_500-proposals_1-step_crop-ms-480-800-450k_coco_new2.pth 

rpn_head.head_series.0.self_attn.out_proj.bias - torch.Size([256]): 
PretrainedInit: load from https://www.modelscope.cn/models/wokaikaixinxin/ai4rs/resolve/master/GSDet_baseline/pretrain/diffusiondet_r50_fpn_500-proposals_1-step_crop-ms-480-800-450k_coco_new2.pth 

rpn_head.head_series.0.inst_interact.dynamic_layer.weight - torch.Size([32768, 256]): 
PretrainedInit: load from https://www.modelscope.cn/models/wokaikaixinxin/ai4rs/resolve/master/GSDet_baseline/pretrain/diffusiondet_r50_fpn_500-proposals_1-step_crop-ms-480-800-450k_coco_new2.pth 

rpn_head.head_series.0.inst_interact.dynamic_layer.bias - torch.Size([32768]): 
PretrainedInit: load from https://www.modelscope.cn/models/wokaikaixinxin/ai4rs/resolve/master/GSDet_baseline/pretrain/diffusiondet_r50_fpn_500-proposals_1-step_crop-ms-480-800-450k_coco_new2.pth 

rpn_head.head_series.0.inst_interact.norm1.weight - torch.Size([64]): 
PretrainedInit: load from https://www.modelscope.cn/models/wokaikaixinxin/ai4rs/resolve/master/GSDet_baseline/pretrain/diffusiondet_r50_fpn_500-proposals_1-step_crop-ms-480-800-450k_coco_new2.pth 

rpn_head.head_series.0.inst_interact.norm1.bias - torch.Size([64]): 
PretrainedInit: load from https://www.modelscope.cn/models/wokaikaixinxin/ai4rs/resolve/master/GSDet_baseline/pretrain/diffusiondet_r50_fpn_500-proposals_1-step_crop-ms-480-800-450k_coco_new2.pth 

rpn_head.head_series.0.inst_interact.norm2.weight - torch.Size([256]): 
PretrainedInit: load from https://www.modelscope.cn/models/wokaikaixinxin/ai4rs/resolve/master/GSDet_baseline/pretrain/diffusiondet_r50_fpn_500-proposals_1-step_crop-ms-480-800-450k_coco_new2.pth 

rpn_head.head_series.0.inst_interact.norm2.bias - torch.Size([256]): 
PretrainedInit: load from https://www.modelscope.cn/models/wokaikaixinxin/ai4rs/resolve/master/GSDet_baseline/pretrain/diffusiondet_r50_fpn_500-proposals_1-step_crop-ms-480-800-450k_coco_new2.pth 

rpn_head.head_series.0.inst_interact.out_layer.weight - torch.Size([256, 12544]): 
PretrainedInit: load from https://www.modelscope.cn/models/wokaikaixinxin/ai4rs/resolve/master/GSDet_baseline/pretrain/diffusiondet_r50_fpn_500-proposals_1-step_crop-ms-480-800-450k_coco_new2.pth 

rpn_head.head_series.0.inst_interact.out_layer.bias - torch.Size([256]): 
PretrainedInit: load from https://www.modelscope.cn/models/wokaikaixinxin/ai4rs/resolve/master/GSDet_baseline/pretrain/diffusiondet_r50_fpn_500-proposals_1-step_crop-ms-480-800-450k_coco_new2.pth 

rpn_head.head_series.0.inst_interact.norm3.weight - torch.Size([256]): 
PretrainedInit: load from https://www.modelscope.cn/models/wokaikaixinxin/ai4rs/resolve/master/GSDet_baseline/pretrain/diffusiondet_r50_fpn_500-proposals_1-step_crop-ms-480-800-450k_coco_new2.pth 

rpn_head.head_series.0.inst_interact.norm3.bias - torch.Size([256]): 
PretrainedInit: load from https://www.modelscope.cn/models/wokaikaixinxin/ai4rs/resolve/master/GSDet_baseline/pretrain/diffusiondet_r50_fpn_500-proposals_1-step_crop-ms-480-800-450k_coco_new2.pth 

rpn_head.head_series.0.linear1.weight - torch.Size([2048, 256]): 
PretrainedInit: load from https://www.modelscope.cn/models/wokaikaixinxin/ai4rs/resolve/master/GSDet_baseline/pretrain/diffusiondet_r50_fpn_500-proposals_1-step_crop-ms-480-800-450k_coco_new2.pth 

rpn_head.head_series.0.linear1.bias - torch.Size([2048]): 
PretrainedInit: load from https://www.modelscope.cn/models/wokaikaixinxin/ai4rs/resolve/master/GSDet_baseline/pretrain/diffusiondet_r50_fpn_500-proposals_1-step_crop-ms-480-800-450k_coco_new2.pth 

rpn_head.head_series.0.linear2.weight - torch.Size([256, 2048]): 
PretrainedInit: load from https://www.modelscope.cn/models/wokaikaixinxin/ai4rs/resolve/master/GSDet_baseline/pretrain/diffusiondet_r50_fpn_500-proposals_1-step_crop-ms-480-800-450k_coco_new2.pth 

rpn_head.head_series.0.linear2.bias - torch.Size([256]): 
PretrainedInit: load from https://www.modelscope.cn/models/wokaikaixinxin/ai4rs/resolve/master/GSDet_baseline/pretrain/diffusiondet_r50_fpn_500-proposals_1-step_crop-ms-480-800-450k_coco_new2.pth 

rpn_head.head_series.0.norm1.weight - torch.Size([256]): 
PretrainedInit: load from https://www.modelscope.cn/models/wokaikaixinxin/ai4rs/resolve/master/GSDet_baseline/pretrain/diffusiondet_r50_fpn_500-proposals_1-step_crop-ms-480-800-450k_coco_new2.pth 

rpn_head.head_series.0.norm1.bias - torch.Size([256]): 
PretrainedInit: load from https://www.modelscope.cn/models/wokaikaixinxin/ai4rs/resolve/master/GSDet_baseline/pretrain/diffusiondet_r50_fpn_500-proposals_1-step_crop-ms-480-800-450k_coco_new2.pth 

rpn_head.head_series.0.norm2.weight - torch.Size([256]): 
PretrainedInit: load from https://www.modelscope.cn/models/wokaikaixinxin/ai4rs/resolve/master/GSDet_baseline/pretrain/diffusiondet_r50_fpn_500-proposals_1-step_crop-ms-480-800-450k_coco_new2.pth 

rpn_head.head_series.0.norm2.bias - torch.Size([256]): 
PretrainedInit: load from https://www.modelscope.cn/models/wokaikaixinxin/ai4rs/resolve/master/GSDet_baseline/pretrain/diffusiondet_r50_fpn_500-proposals_1-step_crop-ms-480-800-450k_coco_new2.pth 

rpn_head.head_series.0.norm3.weight - torch.Size([256]): 
PretrainedInit: load from https://www.modelscope.cn/models/wokaikaixinxin/ai4rs/resolve/master/GSDet_baseline/pretrain/diffusiondet_r50_fpn_500-proposals_1-step_crop-ms-480-800-450k_coco_new2.pth 

rpn_head.head_series.0.norm3.bias - torch.Size([256]): 
PretrainedInit: load from https://www.modelscope.cn/models/wokaikaixinxin/ai4rs/resolve/master/GSDet_baseline/pretrain/diffusiondet_r50_fpn_500-proposals_1-step_crop-ms-480-800-450k_coco_new2.pth 

rpn_head.head_series.0.cls_module.0.weight - torch.Size([256, 256]): 
PretrainedInit: load from https://www.modelscope.cn/models/wokaikaixinxin/ai4rs/resolve/master/GSDet_baseline/pretrain/diffusiondet_r50_fpn_500-proposals_1-step_crop-ms-480-800-450k_coco_new2.pth 

rpn_head.head_series.0.cls_module.1.weight - torch.Size([256]): 
PretrainedInit: load from https://www.modelscope.cn/models/wokaikaixinxin/ai4rs/resolve/master/GSDet_baseline/pretrain/diffusiondet_r50_fpn_500-proposals_1-step_crop-ms-480-800-450k_coco_new2.pth 

rpn_head.head_series.0.cls_module.1.bias - torch.Size([256]): 
PretrainedInit: load from https://www.modelscope.cn/models/wokaikaixinxin/ai4rs/resolve/master/GSDet_baseline/pretrain/diffusiondet_r50_fpn_500-proposals_1-step_crop-ms-480-800-450k_coco_new2.pth 

rpn_head.head_series.0.reg_module.0.weight - torch.Size([256, 256]): 
PretrainedInit: load from https://www.modelscope.cn/models/wokaikaixinxin/ai4rs/resolve/master/GSDet_baseline/pretrain/diffusiondet_r50_fpn_500-proposals_1-step_crop-ms-480-800-450k_coco_new2.pth 

rpn_head.head_series.0.reg_module.1.weight - torch.Size([256]): 
PretrainedInit: load from https://www.modelscope.cn/models/wokaikaixinxin/ai4rs/resolve/master/GSDet_baseline/pretrain/diffusiondet_r50_fpn_500-proposals_1-step_crop-ms-480-800-450k_coco_new2.pth 

rpn_head.head_series.0.reg_module.1.bias - torch.Size([256]): 
PretrainedInit: load from https://www.modelscope.cn/models/wokaikaixinxin/ai4rs/resolve/master/GSDet_baseline/pretrain/diffusiondet_r50_fpn_500-proposals_1-step_crop-ms-480-800-450k_coco_new2.pth 

rpn_head.head_series.0.reg_module.3.weight - torch.Size([256, 256]): 
PretrainedInit: load from https://www.modelscope.cn/models/wokaikaixinxin/ai4rs/resolve/master/GSDet_baseline/pretrain/diffusiondet_r50_fpn_500-proposals_1-step_crop-ms-480-800-450k_coco_new2.pth 

rpn_head.head_series.0.reg_module.4.weight - torch.Size([256]): 
PretrainedInit: load from https://www.modelscope.cn/models/wokaikaixinxin/ai4rs/resolve/master/GSDet_baseline/pretrain/diffusiondet_r50_fpn_500-proposals_1-step_crop-ms-480-800-450k_coco_new2.pth 

rpn_head.head_series.0.reg_module.4.bias - torch.Size([256]): 
PretrainedInit: load from https://www.modelscope.cn/models/wokaikaixinxin/ai4rs/resolve/master/GSDet_baseline/pretrain/diffusiondet_r50_fpn_500-proposals_1-step_crop-ms-480-800-450k_coco_new2.pth 

rpn_head.head_series.0.reg_module.6.weight - torch.Size([256, 256]): 
PretrainedInit: load from https://www.modelscope.cn/models/wokaikaixinxin/ai4rs/resolve/master/GSDet_baseline/pretrain/diffusiondet_r50_fpn_500-proposals_1-step_crop-ms-480-800-450k_coco_new2.pth 

rpn_head.head_series.0.reg_module.7.weight - torch.Size([256]): 
PretrainedInit: load from https://www.modelscope.cn/models/wokaikaixinxin/ai4rs/resolve/master/GSDet_baseline/pretrain/diffusiondet_r50_fpn_500-proposals_1-step_crop-ms-480-800-450k_coco_new2.pth 

rpn_head.head_series.0.reg_module.7.bias - torch.Size([256]): 
PretrainedInit: load from https://www.modelscope.cn/models/wokaikaixinxin/ai4rs/resolve/master/GSDet_baseline/pretrain/diffusiondet_r50_fpn_500-proposals_1-step_crop-ms-480-800-450k_coco_new2.pth 

rpn_head.head_series.0.class_logits.weight - torch.Size([37, 256]): 
The value is the same before and after calling `init_weights` of GSDet  

rpn_head.head_series.0.class_logits.bias - torch.Size([37]): 
The value is the same before and after calling `init_weights` of GSDet  

rpn_head.head_series.0.bboxes_delta.weight - torch.Size([4, 256]): 
PretrainedInit: load from https://www.modelscope.cn/models/wokaikaixinxin/ai4rs/resolve/master/GSDet_baseline/pretrain/diffusiondet_r50_fpn_500-proposals_1-step_crop-ms-480-800-450k_coco_new2.pth 

rpn_head.head_series.0.bboxes_delta.bias - torch.Size([4]): 
PretrainedInit: load from https://www.modelscope.cn/models/wokaikaixinxin/ai4rs/resolve/master/GSDet_baseline/pretrain/diffusiondet_r50_fpn_500-proposals_1-step_crop-ms-480-800-450k_coco_new2.pth 

rpn_head.head_series.1.self_attn.in_proj_weight - torch.Size([768, 256]): 
PretrainedInit: load from https://www.modelscope.cn/models/wokaikaixinxin/ai4rs/resolve/master/GSDet_baseline/pretrain/diffusiondet_r50_fpn_500-proposals_1-step_crop-ms-480-800-450k_coco_new2.pth 

rpn_head.head_series.1.self_attn.in_proj_bias - torch.Size([768]): 
PretrainedInit: load from https://www.modelscope.cn/models/wokaikaixinxin/ai4rs/resolve/master/GSDet_baseline/pretrain/diffusiondet_r50_fpn_500-proposals_1-step_crop-ms-480-800-450k_coco_new2.pth 

rpn_head.head_series.1.self_attn.out_proj.weight - torch.Size([256, 256]): 
PretrainedInit: load from https://www.modelscope.cn/models/wokaikaixinxin/ai4rs/resolve/master/GSDet_baseline/pretrain/diffusiondet_r50_fpn_500-proposals_1-step_crop-ms-480-800-450k_coco_new2.pth 

rpn_head.head_series.1.self_attn.out_proj.bias - torch.Size([256]): 
PretrainedInit: load from https://www.modelscope.cn/models/wokaikaixinxin/ai4rs/resolve/master/GSDet_baseline/pretrain/diffusiondet_r50_fpn_500-proposals_1-step_crop-ms-480-800-450k_coco_new2.pth 

rpn_head.head_series.1.inst_interact.dynamic_layer.weight - torch.Size([32768, 256]): 
PretrainedInit: load from https://www.modelscope.cn/models/wokaikaixinxin/ai4rs/resolve/master/GSDet_baseline/pretrain/diffusiondet_r50_fpn_500-proposals_1-step_crop-ms-480-800-450k_coco_new2.pth 

rpn_head.head_series.1.inst_interact.dynamic_layer.bias - torch.Size([32768]): 
PretrainedInit: load from https://www.modelscope.cn/models/wokaikaixinxin/ai4rs/resolve/master/GSDet_baseline/pretrain/diffusiondet_r50_fpn_500-proposals_1-step_crop-ms-480-800-450k_coco_new2.pth 

rpn_head.head_series.1.inst_interact.norm1.weight - torch.Size([64]): 
PretrainedInit: load from https://www.modelscope.cn/models/wokaikaixinxin/ai4rs/resolve/master/GSDet_baseline/pretrain/diffusiondet_r50_fpn_500-proposals_1-step_crop-ms-480-800-450k_coco_new2.pth 

rpn_head.head_series.1.inst_interact.norm1.bias - torch.Size([64]): 
PretrainedInit: load from https://www.modelscope.cn/models/wokaikaixinxin/ai4rs/resolve/master/GSDet_baseline/pretrain/diffusiondet_r50_fpn_500-proposals_1-step_crop-ms-480-800-450k_coco_new2.pth 

rpn_head.head_series.1.inst_interact.norm2.weight - torch.Size([256]): 
PretrainedInit: load from https://www.modelscope.cn/models/wokaikaixinxin/ai4rs/resolve/master/GSDet_baseline/pretrain/diffusiondet_r50_fpn_500-proposals_1-step_crop-ms-480-800-450k_coco_new2.pth 

rpn_head.head_series.1.inst_interact.norm2.bias - torch.Size([256]): 
PretrainedInit: load from https://www.modelscope.cn/models/wokaikaixinxin/ai4rs/resolve/master/GSDet_baseline/pretrain/diffusiondet_r50_fpn_500-proposals_1-step_crop-ms-480-800-450k_coco_new2.pth 

rpn_head.head_series.1.inst_interact.out_layer.weight - torch.Size([256, 12544]): 
PretrainedInit: load from https://www.modelscope.cn/models/wokaikaixinxin/ai4rs/resolve/master/GSDet_baseline/pretrain/diffusiondet_r50_fpn_500-proposals_1-step_crop-ms-480-800-450k_coco_new2.pth 

rpn_head.head_series.1.inst_interact.out_layer.bias - torch.Size([256]): 
PretrainedInit: load from https://www.modelscope.cn/models/wokaikaixinxin/ai4rs/resolve/master/GSDet_baseline/pretrain/diffusiondet_r50_fpn_500-proposals_1-step_crop-ms-480-800-450k_coco_new2.pth 

rpn_head.head_series.1.inst_interact.norm3.weight - torch.Size([256]): 
PretrainedInit: load from https://www.modelscope.cn/models/wokaikaixinxin/ai4rs/resolve/master/GSDet_baseline/pretrain/diffusiondet_r50_fpn_500-proposals_1-step_crop-ms-480-800-450k_coco_new2.pth 

rpn_head.head_series.1.inst_interact.norm3.bias - torch.Size([256]): 
PretrainedInit: load from https://www.modelscope.cn/models/wokaikaixinxin/ai4rs/resolve/master/GSDet_baseline/pretrain/diffusiondet_r50_fpn_500-proposals_1-step_crop-ms-480-800-450k_coco_new2.pth 

rpn_head.head_series.1.linear1.weight - torch.Size([2048, 256]): 
PretrainedInit: load from https://www.modelscope.cn/models/wokaikaixinxin/ai4rs/resolve/master/GSDet_baseline/pretrain/diffusiondet_r50_fpn_500-proposals_1-step_crop-ms-480-800-450k_coco_new2.pth 

rpn_head.head_series.1.linear1.bias - torch.Size([2048]): 
PretrainedInit: load from https://www.modelscope.cn/models/wokaikaixinxin/ai4rs/resolve/master/GSDet_baseline/pretrain/diffusiondet_r50_fpn_500-proposals_1-step_crop-ms-480-800-450k_coco_new2.pth 

rpn_head.head_series.1.linear2.weight - torch.Size([256, 2048]): 
PretrainedInit: load from https://www.modelscope.cn/models/wokaikaixinxin/ai4rs/resolve/master/GSDet_baseline/pretrain/diffusiondet_r50_fpn_500-proposals_1-step_crop-ms-480-800-450k_coco_new2.pth 

rpn_head.head_series.1.linear2.bias - torch.Size([256]): 
PretrainedInit: load from https://www.modelscope.cn/models/wokaikaixinxin/ai4rs/resolve/master/GSDet_baseline/pretrain/diffusiondet_r50_fpn_500-proposals_1-step_crop-ms-480-800-450k_coco_new2.pth 

rpn_head.head_series.1.norm1.weight - torch.Size([256]): 
PretrainedInit: load from https://www.modelscope.cn/models/wokaikaixinxin/ai4rs/resolve/master/GSDet_baseline/pretrain/diffusiondet_r50_fpn_500-proposals_1-step_crop-ms-480-800-450k_coco_new2.pth 

rpn_head.head_series.1.norm1.bias - torch.Size([256]): 
PretrainedInit: load from https://www.modelscope.cn/models/wokaikaixinxin/ai4rs/resolve/master/GSDet_baseline/pretrain/diffusiondet_r50_fpn_500-proposals_1-step_crop-ms-480-800-450k_coco_new2.pth 

rpn_head.head_series.1.norm2.weight - torch.Size([256]): 
PretrainedInit: load from https://www.modelscope.cn/models/wokaikaixinxin/ai4rs/resolve/master/GSDet_baseline/pretrain/diffusiondet_r50_fpn_500-proposals_1-step_crop-ms-480-800-450k_coco_new2.pth 

rpn_head.head_series.1.norm2.bias - torch.Size([256]): 
PretrainedInit: load from https://www.modelscope.cn/models/wokaikaixinxin/ai4rs/resolve/master/GSDet_baseline/pretrain/diffusiondet_r50_fpn_500-proposals_1-step_crop-ms-480-800-450k_coco_new2.pth 

rpn_head.head_series.1.norm3.weight - torch.Size([256]): 
PretrainedInit: load from https://www.modelscope.cn/models/wokaikaixinxin/ai4rs/resolve/master/GSDet_baseline/pretrain/diffusiondet_r50_fpn_500-proposals_1-step_crop-ms-480-800-450k_coco_new2.pth 

rpn_head.head_series.1.norm3.bias - torch.Size([256]): 
PretrainedInit: load from https://www.modelscope.cn/models/wokaikaixinxin/ai4rs/resolve/master/GSDet_baseline/pretrain/diffusiondet_r50_fpn_500-proposals_1-step_crop-ms-480-800-450k_coco_new2.pth 

rpn_head.head_series.1.cls_module.0.weight - torch.Size([256, 256]): 
PretrainedInit: load from https://www.modelscope.cn/models/wokaikaixinxin/ai4rs/resolve/master/GSDet_baseline/pretrain/diffusiondet_r50_fpn_500-proposals_1-step_crop-ms-480-800-450k_coco_new2.pth 

rpn_head.head_series.1.cls_module.1.weight - torch.Size([256]): 
PretrainedInit: load from https://www.modelscope.cn/models/wokaikaixinxin/ai4rs/resolve/master/GSDet_baseline/pretrain/diffusiondet_r50_fpn_500-proposals_1-step_crop-ms-480-800-450k_coco_new2.pth 

rpn_head.head_series.1.cls_module.1.bias - torch.Size([256]): 
PretrainedInit: load from https://www.modelscope.cn/models/wokaikaixinxin/ai4rs/resolve/master/GSDet_baseline/pretrain/diffusiondet_r50_fpn_500-proposals_1-step_crop-ms-480-800-450k_coco_new2.pth 

rpn_head.head_series.1.reg_module.0.weight - torch.Size([256, 256]): 
PretrainedInit: load from https://www.modelscope.cn/models/wokaikaixinxin/ai4rs/resolve/master/GSDet_baseline/pretrain/diffusiondet_r50_fpn_500-proposals_1-step_crop-ms-480-800-450k_coco_new2.pth 

rpn_head.head_series.1.reg_module.1.weight - torch.Size([256]): 
PretrainedInit: load from https://www.modelscope.cn/models/wokaikaixinxin/ai4rs/resolve/master/GSDet_baseline/pretrain/diffusiondet_r50_fpn_500-proposals_1-step_crop-ms-480-800-450k_coco_new2.pth 

rpn_head.head_series.1.reg_module.1.bias - torch.Size([256]): 
PretrainedInit: load from https://www.modelscope.cn/models/wokaikaixinxin/ai4rs/resolve/master/GSDet_baseline/pretrain/diffusiondet_r50_fpn_500-proposals_1-step_crop-ms-480-800-450k_coco_new2.pth 

rpn_head.head_series.1.reg_module.3.weight - torch.Size([256, 256]): 
PretrainedInit: load from https://www.modelscope.cn/models/wokaikaixinxin/ai4rs/resolve/master/GSDet_baseline/pretrain/diffusiondet_r50_fpn_500-proposals_1-step_crop-ms-480-800-450k_coco_new2.pth 

rpn_head.head_series.1.reg_module.4.weight - torch.Size([256]): 
PretrainedInit: load from https://www.modelscope.cn/models/wokaikaixinxin/ai4rs/resolve/master/GSDet_baseline/pretrain/diffusiondet_r50_fpn_500-proposals_1-step_crop-ms-480-800-450k_coco_new2.pth 

rpn_head.head_series.1.reg_module.4.bias - torch.Size([256]): 
PretrainedInit: load from https://www.modelscope.cn/models/wokaikaixinxin/ai4rs/resolve/master/GSDet_baseline/pretrain/diffusiondet_r50_fpn_500-proposals_1-step_crop-ms-480-800-450k_coco_new2.pth 

rpn_head.head_series.1.reg_module.6.weight - torch.Size([256, 256]): 
PretrainedInit: load from https://www.modelscope.cn/models/wokaikaixinxin/ai4rs/resolve/master/GSDet_baseline/pretrain/diffusiondet_r50_fpn_500-proposals_1-step_crop-ms-480-800-450k_coco_new2.pth 

rpn_head.head_series.1.reg_module.7.weight - torch.Size([256]): 
PretrainedInit: load from https://www.modelscope.cn/models/wokaikaixinxin/ai4rs/resolve/master/GSDet_baseline/pretrain/diffusiondet_r50_fpn_500-proposals_1-step_crop-ms-480-800-450k_coco_new2.pth 

rpn_head.head_series.1.reg_module.7.bias - torch.Size([256]): 
PretrainedInit: load from https://www.modelscope.cn/models/wokaikaixinxin/ai4rs/resolve/master/GSDet_baseline/pretrain/diffusiondet_r50_fpn_500-proposals_1-step_crop-ms-480-800-450k_coco_new2.pth 

rpn_head.head_series.1.class_logits.weight - torch.Size([37, 256]): 
The value is the same before and after calling `init_weights` of GSDet  

rpn_head.head_series.1.class_logits.bias - torch.Size([37]): 
The value is the same before and after calling `init_weights` of GSDet  

rpn_head.head_series.1.bboxes_delta.weight - torch.Size([4, 256]): 
PretrainedInit: load from https://www.modelscope.cn/models/wokaikaixinxin/ai4rs/resolve/master/GSDet_baseline/pretrain/diffusiondet_r50_fpn_500-proposals_1-step_crop-ms-480-800-450k_coco_new2.pth 

rpn_head.head_series.1.bboxes_delta.bias - torch.Size([4]): 
PretrainedInit: load from https://www.modelscope.cn/models/wokaikaixinxin/ai4rs/resolve/master/GSDet_baseline/pretrain/diffusiondet_r50_fpn_500-proposals_1-step_crop-ms-480-800-450k_coco_new2.pth 

rpn_head.head_series.2.self_attn.in_proj_weight - torch.Size([768, 256]): 
PretrainedInit: load from https://www.modelscope.cn/models/wokaikaixinxin/ai4rs/resolve/master/GSDet_baseline/pretrain/diffusiondet_r50_fpn_500-proposals_1-step_crop-ms-480-800-450k_coco_new2.pth 

rpn_head.head_series.2.self_attn.in_proj_bias - torch.Size([768]): 
PretrainedInit: load from https://www.modelscope.cn/models/wokaikaixinxin/ai4rs/resolve/master/GSDet_baseline/pretrain/diffusiondet_r50_fpn_500-proposals_1-step_crop-ms-480-800-450k_coco_new2.pth 

rpn_head.head_series.2.self_attn.out_proj.weight - torch.Size([256, 256]): 
PretrainedInit: load from https://www.modelscope.cn/models/wokaikaixinxin/ai4rs/resolve/master/GSDet_baseline/pretrain/diffusiondet_r50_fpn_500-proposals_1-step_crop-ms-480-800-450k_coco_new2.pth 

rpn_head.head_series.2.self_attn.out_proj.bias - torch.Size([256]): 
PretrainedInit: load from https://www.modelscope.cn/models/wokaikaixinxin/ai4rs/resolve/master/GSDet_baseline/pretrain/diffusiondet_r50_fpn_500-proposals_1-step_crop-ms-480-800-450k_coco_new2.pth 

rpn_head.head_series.2.inst_interact.dynamic_layer.weight - torch.Size([32768, 256]): 
PretrainedInit: load from https://www.modelscope.cn/models/wokaikaixinxin/ai4rs/resolve/master/GSDet_baseline/pretrain/diffusiondet_r50_fpn_500-proposals_1-step_crop-ms-480-800-450k_coco_new2.pth 

rpn_head.head_series.2.inst_interact.dynamic_layer.bias - torch.Size([32768]): 
PretrainedInit: load from https://www.modelscope.cn/models/wokaikaixinxin/ai4rs/resolve/master/GSDet_baseline/pretrain/diffusiondet_r50_fpn_500-proposals_1-step_crop-ms-480-800-450k_coco_new2.pth 

rpn_head.head_series.2.inst_interact.norm1.weight - torch.Size([64]): 
PretrainedInit: load from https://www.modelscope.cn/models/wokaikaixinxin/ai4rs/resolve/master/GSDet_baseline/pretrain/diffusiondet_r50_fpn_500-proposals_1-step_crop-ms-480-800-450k_coco_new2.pth 

rpn_head.head_series.2.inst_interact.norm1.bias - torch.Size([64]): 
PretrainedInit: load from https://www.modelscope.cn/models/wokaikaixinxin/ai4rs/resolve/master/GSDet_baseline/pretrain/diffusiondet_r50_fpn_500-proposals_1-step_crop-ms-480-800-450k_coco_new2.pth 

rpn_head.head_series.2.inst_interact.norm2.weight - torch.Size([256]): 
PretrainedInit: load from https://www.modelscope.cn/models/wokaikaixinxin/ai4rs/resolve/master/GSDet_baseline/pretrain/diffusiondet_r50_fpn_500-proposals_1-step_crop-ms-480-800-450k_coco_new2.pth 

rpn_head.head_series.2.inst_interact.norm2.bias - torch.Size([256]): 
PretrainedInit: load from https://www.modelscope.cn/models/wokaikaixinxin/ai4rs/resolve/master/GSDet_baseline/pretrain/diffusiondet_r50_fpn_500-proposals_1-step_crop-ms-480-800-450k_coco_new2.pth 

rpn_head.head_series.2.inst_interact.out_layer.weight - torch.Size([256, 12544]): 
PretrainedInit: load from https://www.modelscope.cn/models/wokaikaixinxin/ai4rs/resolve/master/GSDet_baseline/pretrain/diffusiondet_r50_fpn_500-proposals_1-step_crop-ms-480-800-450k_coco_new2.pth 

rpn_head.head_series.2.inst_interact.out_layer.bias - torch.Size([256]): 
PretrainedInit: load from https://www.modelscope.cn/models/wokaikaixinxin/ai4rs/resolve/master/GSDet_baseline/pretrain/diffusiondet_r50_fpn_500-proposals_1-step_crop-ms-480-800-450k_coco_new2.pth 

rpn_head.head_series.2.inst_interact.norm3.weight - torch.Size([256]): 
PretrainedInit: load from https://www.modelscope.cn/models/wokaikaixinxin/ai4rs/resolve/master/GSDet_baseline/pretrain/diffusiondet_r50_fpn_500-proposals_1-step_crop-ms-480-800-450k_coco_new2.pth 

rpn_head.head_series.2.inst_interact.norm3.bias - torch.Size([256]): 
PretrainedInit: load from https://www.modelscope.cn/models/wokaikaixinxin/ai4rs/resolve/master/GSDet_baseline/pretrain/diffusiondet_r50_fpn_500-proposals_1-step_crop-ms-480-800-450k_coco_new2.pth 

rpn_head.head_series.2.linear1.weight - torch.Size([2048, 256]): 
PretrainedInit: load from https://www.modelscope.cn/models/wokaikaixinxin/ai4rs/resolve/master/GSDet_baseline/pretrain/diffusiondet_r50_fpn_500-proposals_1-step_crop-ms-480-800-450k_coco_new2.pth 

rpn_head.head_series.2.linear1.bias - torch.Size([2048]): 
PretrainedInit: load from https://www.modelscope.cn/models/wokaikaixinxin/ai4rs/resolve/master/GSDet_baseline/pretrain/diffusiondet_r50_fpn_500-proposals_1-step_crop-ms-480-800-450k_coco_new2.pth 

rpn_head.head_series.2.linear2.weight - torch.Size([256, 2048]): 
PretrainedInit: load from https://www.modelscope.cn/models/wokaikaixinxin/ai4rs/resolve/master/GSDet_baseline/pretrain/diffusiondet_r50_fpn_500-proposals_1-step_crop-ms-480-800-450k_coco_new2.pth 

rpn_head.head_series.2.linear2.bias - torch.Size([256]): 
PretrainedInit: load from https://www.modelscope.cn/models/wokaikaixinxin/ai4rs/resolve/master/GSDet_baseline/pretrain/diffusiondet_r50_fpn_500-proposals_1-step_crop-ms-480-800-450k_coco_new2.pth 

rpn_head.head_series.2.norm1.weight - torch.Size([256]): 
PretrainedInit: load from https://www.modelscope.cn/models/wokaikaixinxin/ai4rs/resolve/master/GSDet_baseline/pretrain/diffusiondet_r50_fpn_500-proposals_1-step_crop-ms-480-800-450k_coco_new2.pth 

rpn_head.head_series.2.norm1.bias - torch.Size([256]): 
PretrainedInit: load from https://www.modelscope.cn/models/wokaikaixinxin/ai4rs/resolve/master/GSDet_baseline/pretrain/diffusiondet_r50_fpn_500-proposals_1-step_crop-ms-480-800-450k_coco_new2.pth 

rpn_head.head_series.2.norm2.weight - torch.Size([256]): 
PretrainedInit: load from https://www.modelscope.cn/models/wokaikaixinxin/ai4rs/resolve/master/GSDet_baseline/pretrain/diffusiondet_r50_fpn_500-proposals_1-step_crop-ms-480-800-450k_coco_new2.pth 

rpn_head.head_series.2.norm2.bias - torch.Size([256]): 
PretrainedInit: load from https://www.modelscope.cn/models/wokaikaixinxin/ai4rs/resolve/master/GSDet_baseline/pretrain/diffusiondet_r50_fpn_500-proposals_1-step_crop-ms-480-800-450k_coco_new2.pth 

rpn_head.head_series.2.norm3.weight - torch.Size([256]): 
PretrainedInit: load from https://www.modelscope.cn/models/wokaikaixinxin/ai4rs/resolve/master/GSDet_baseline/pretrain/diffusiondet_r50_fpn_500-proposals_1-step_crop-ms-480-800-450k_coco_new2.pth 

rpn_head.head_series.2.norm3.bias - torch.Size([256]): 
PretrainedInit: load from https://www.modelscope.cn/models/wokaikaixinxin/ai4rs/resolve/master/GSDet_baseline/pretrain/diffusiondet_r50_fpn_500-proposals_1-step_crop-ms-480-800-450k_coco_new2.pth 

rpn_head.head_series.2.cls_module.0.weight - torch.Size([256, 256]): 
PretrainedInit: load from https://www.modelscope.cn/models/wokaikaixinxin/ai4rs/resolve/master/GSDet_baseline/pretrain/diffusiondet_r50_fpn_500-proposals_1-step_crop-ms-480-800-450k_coco_new2.pth 

rpn_head.head_series.2.cls_module.1.weight - torch.Size([256]): 
PretrainedInit: load from https://www.modelscope.cn/models/wokaikaixinxin/ai4rs/resolve/master/GSDet_baseline/pretrain/diffusiondet_r50_fpn_500-proposals_1-step_crop-ms-480-800-450k_coco_new2.pth 

rpn_head.head_series.2.cls_module.1.bias - torch.Size([256]): 
PretrainedInit: load from https://www.modelscope.cn/models/wokaikaixinxin/ai4rs/resolve/master/GSDet_baseline/pretrain/diffusiondet_r50_fpn_500-proposals_1-step_crop-ms-480-800-450k_coco_new2.pth 

rpn_head.head_series.2.reg_module.0.weight - torch.Size([256, 256]): 
PretrainedInit: load from https://www.modelscope.cn/models/wokaikaixinxin/ai4rs/resolve/master/GSDet_baseline/pretrain/diffusiondet_r50_fpn_500-proposals_1-step_crop-ms-480-800-450k_coco_new2.pth 

rpn_head.head_series.2.reg_module.1.weight - torch.Size([256]): 
PretrainedInit: load from https://www.modelscope.cn/models/wokaikaixinxin/ai4rs/resolve/master/GSDet_baseline/pretrain/diffusiondet_r50_fpn_500-proposals_1-step_crop-ms-480-800-450k_coco_new2.pth 

rpn_head.head_series.2.reg_module.1.bias - torch.Size([256]): 
PretrainedInit: load from https://www.modelscope.cn/models/wokaikaixinxin/ai4rs/resolve/master/GSDet_baseline/pretrain/diffusiondet_r50_fpn_500-proposals_1-step_crop-ms-480-800-450k_coco_new2.pth 

rpn_head.head_series.2.reg_module.3.weight - torch.Size([256, 256]): 
PretrainedInit: load from https://www.modelscope.cn/models/wokaikaixinxin/ai4rs/resolve/master/GSDet_baseline/pretrain/diffusiondet_r50_fpn_500-proposals_1-step_crop-ms-480-800-450k_coco_new2.pth 

rpn_head.head_series.2.reg_module.4.weight - torch.Size([256]): 
PretrainedInit: load from https://www.modelscope.cn/models/wokaikaixinxin/ai4rs/resolve/master/GSDet_baseline/pretrain/diffusiondet_r50_fpn_500-proposals_1-step_crop-ms-480-800-450k_coco_new2.pth 

rpn_head.head_series.2.reg_module.4.bias - torch.Size([256]): 
PretrainedInit: load from https://www.modelscope.cn/models/wokaikaixinxin/ai4rs/resolve/master/GSDet_baseline/pretrain/diffusiondet_r50_fpn_500-proposals_1-step_crop-ms-480-800-450k_coco_new2.pth 

rpn_head.head_series.2.reg_module.6.weight - torch.Size([256, 256]): 
PretrainedInit: load from https://www.modelscope.cn/models/wokaikaixinxin/ai4rs/resolve/master/GSDet_baseline/pretrain/diffusiondet_r50_fpn_500-proposals_1-step_crop-ms-480-800-450k_coco_new2.pth 

rpn_head.head_series.2.reg_module.7.weight - torch.Size([256]): 
PretrainedInit: load from https://www.modelscope.cn/models/wokaikaixinxin/ai4rs/resolve/master/GSDet_baseline/pretrain/diffusiondet_r50_fpn_500-proposals_1-step_crop-ms-480-800-450k_coco_new2.pth 

rpn_head.head_series.2.reg_module.7.bias - torch.Size([256]): 
PretrainedInit: load from https://www.modelscope.cn/models/wokaikaixinxin/ai4rs/resolve/master/GSDet_baseline/pretrain/diffusiondet_r50_fpn_500-proposals_1-step_crop-ms-480-800-450k_coco_new2.pth 

rpn_head.head_series.2.class_logits.weight - torch.Size([37, 256]): 
The value is the same before and after calling `init_weights` of GSDet  

rpn_head.head_series.2.class_logits.bias - torch.Size([37]): 
The value is the same before and after calling `init_weights` of GSDet  

rpn_head.head_series.2.bboxes_delta.weight - torch.Size([4, 256]): 
PretrainedInit: load from https://www.modelscope.cn/models/wokaikaixinxin/ai4rs/resolve/master/GSDet_baseline/pretrain/diffusiondet_r50_fpn_500-proposals_1-step_crop-ms-480-800-450k_coco_new2.pth 

rpn_head.head_series.2.bboxes_delta.bias - torch.Size([4]): 
PretrainedInit: load from https://www.modelscope.cn/models/wokaikaixinxin/ai4rs/resolve/master/GSDet_baseline/pretrain/diffusiondet_r50_fpn_500-proposals_1-step_crop-ms-480-800-450k_coco_new2.pth 

rpn_head.head_series.3.self_attn.in_proj_weight - torch.Size([768, 256]): 
PretrainedInit: load from https://www.modelscope.cn/models/wokaikaixinxin/ai4rs/resolve/master/GSDet_baseline/pretrain/diffusiondet_r50_fpn_500-proposals_1-step_crop-ms-480-800-450k_coco_new2.pth 

rpn_head.head_series.3.self_attn.in_proj_bias - torch.Size([768]): 
PretrainedInit: load from https://www.modelscope.cn/models/wokaikaixinxin/ai4rs/resolve/master/GSDet_baseline/pretrain/diffusiondet_r50_fpn_500-proposals_1-step_crop-ms-480-800-450k_coco_new2.pth 

rpn_head.head_series.3.self_attn.out_proj.weight - torch.Size([256, 256]): 
PretrainedInit: load from https://www.modelscope.cn/models/wokaikaixinxin/ai4rs/resolve/master/GSDet_baseline/pretrain/diffusiondet_r50_fpn_500-proposals_1-step_crop-ms-480-800-450k_coco_new2.pth 

rpn_head.head_series.3.self_attn.out_proj.bias - torch.Size([256]): 
PretrainedInit: load from https://www.modelscope.cn/models/wokaikaixinxin/ai4rs/resolve/master/GSDet_baseline/pretrain/diffusiondet_r50_fpn_500-proposals_1-step_crop-ms-480-800-450k_coco_new2.pth 

rpn_head.head_series.3.inst_interact.dynamic_layer.weight - torch.Size([32768, 256]): 
PretrainedInit: load from https://www.modelscope.cn/models/wokaikaixinxin/ai4rs/resolve/master/GSDet_baseline/pretrain/diffusiondet_r50_fpn_500-proposals_1-step_crop-ms-480-800-450k_coco_new2.pth 

rpn_head.head_series.3.inst_interact.dynamic_layer.bias - torch.Size([32768]): 
PretrainedInit: load from https://www.modelscope.cn/models/wokaikaixinxin/ai4rs/resolve/master/GSDet_baseline/pretrain/diffusiondet_r50_fpn_500-proposals_1-step_crop-ms-480-800-450k_coco_new2.pth 

rpn_head.head_series.3.inst_interact.norm1.weight - torch.Size([64]): 
PretrainedInit: load from https://www.modelscope.cn/models/wokaikaixinxin/ai4rs/resolve/master/GSDet_baseline/pretrain/diffusiondet_r50_fpn_500-proposals_1-step_crop-ms-480-800-450k_coco_new2.pth 

rpn_head.head_series.3.inst_interact.norm1.bias - torch.Size([64]): 
PretrainedInit: load from https://www.modelscope.cn/models/wokaikaixinxin/ai4rs/resolve/master/GSDet_baseline/pretrain/diffusiondet_r50_fpn_500-proposals_1-step_crop-ms-480-800-450k_coco_new2.pth 

rpn_head.head_series.3.inst_interact.norm2.weight - torch.Size([256]): 
PretrainedInit: load from https://www.modelscope.cn/models/wokaikaixinxin/ai4rs/resolve/master/GSDet_baseline/pretrain/diffusiondet_r50_fpn_500-proposals_1-step_crop-ms-480-800-450k_coco_new2.pth 

rpn_head.head_series.3.inst_interact.norm2.bias - torch.Size([256]): 
PretrainedInit: load from https://www.modelscope.cn/models/wokaikaixinxin/ai4rs/resolve/master/GSDet_baseline/pretrain/diffusiondet_r50_fpn_500-proposals_1-step_crop-ms-480-800-450k_coco_new2.pth 

rpn_head.head_series.3.inst_interact.out_layer.weight - torch.Size([256, 12544]): 
PretrainedInit: load from https://www.modelscope.cn/models/wokaikaixinxin/ai4rs/resolve/master/GSDet_baseline/pretrain/diffusiondet_r50_fpn_500-proposals_1-step_crop-ms-480-800-450k_coco_new2.pth 

rpn_head.head_series.3.inst_interact.out_layer.bias - torch.Size([256]): 
PretrainedInit: load from https://www.modelscope.cn/models/wokaikaixinxin/ai4rs/resolve/master/GSDet_baseline/pretrain/diffusiondet_r50_fpn_500-proposals_1-step_crop-ms-480-800-450k_coco_new2.pth 

rpn_head.head_series.3.inst_interact.norm3.weight - torch.Size([256]): 
PretrainedInit: load from https://www.modelscope.cn/models/wokaikaixinxin/ai4rs/resolve/master/GSDet_baseline/pretrain/diffusiondet_r50_fpn_500-proposals_1-step_crop-ms-480-800-450k_coco_new2.pth 

rpn_head.head_series.3.inst_interact.norm3.bias - torch.Size([256]): 
PretrainedInit: load from https://www.modelscope.cn/models/wokaikaixinxin/ai4rs/resolve/master/GSDet_baseline/pretrain/diffusiondet_r50_fpn_500-proposals_1-step_crop-ms-480-800-450k_coco_new2.pth 

rpn_head.head_series.3.linear1.weight - torch.Size([2048, 256]): 
PretrainedInit: load from https://www.modelscope.cn/models/wokaikaixinxin/ai4rs/resolve/master/GSDet_baseline/pretrain/diffusiondet_r50_fpn_500-proposals_1-step_crop-ms-480-800-450k_coco_new2.pth 

rpn_head.head_series.3.linear1.bias - torch.Size([2048]): 
PretrainedInit: load from https://www.modelscope.cn/models/wokaikaixinxin/ai4rs/resolve/master/GSDet_baseline/pretrain/diffusiondet_r50_fpn_500-proposals_1-step_crop-ms-480-800-450k_coco_new2.pth 

rpn_head.head_series.3.linear2.weight - torch.Size([256, 2048]): 
PretrainedInit: load from https://www.modelscope.cn/models/wokaikaixinxin/ai4rs/resolve/master/GSDet_baseline/pretrain/diffusiondet_r50_fpn_500-proposals_1-step_crop-ms-480-800-450k_coco_new2.pth 

rpn_head.head_series.3.linear2.bias - torch.Size([256]): 
PretrainedInit: load from https://www.modelscope.cn/models/wokaikaixinxin/ai4rs/resolve/master/GSDet_baseline/pretrain/diffusiondet_r50_fpn_500-proposals_1-step_crop-ms-480-800-450k_coco_new2.pth 

rpn_head.head_series.3.norm1.weight - torch.Size([256]): 
PretrainedInit: load from https://www.modelscope.cn/models/wokaikaixinxin/ai4rs/resolve/master/GSDet_baseline/pretrain/diffusiondet_r50_fpn_500-proposals_1-step_crop-ms-480-800-450k_coco_new2.pth 

rpn_head.head_series.3.norm1.bias - torch.Size([256]): 
PretrainedInit: load from https://www.modelscope.cn/models/wokaikaixinxin/ai4rs/resolve/master/GSDet_baseline/pretrain/diffusiondet_r50_fpn_500-proposals_1-step_crop-ms-480-800-450k_coco_new2.pth 

rpn_head.head_series.3.norm2.weight - torch.Size([256]): 
PretrainedInit: load from https://www.modelscope.cn/models/wokaikaixinxin/ai4rs/resolve/master/GSDet_baseline/pretrain/diffusiondet_r50_fpn_500-proposals_1-step_crop-ms-480-800-450k_coco_new2.pth 

rpn_head.head_series.3.norm2.bias - torch.Size([256]): 
PretrainedInit: load from https://www.modelscope.cn/models/wokaikaixinxin/ai4rs/resolve/master/GSDet_baseline/pretrain/diffusiondet_r50_fpn_500-proposals_1-step_crop-ms-480-800-450k_coco_new2.pth 

rpn_head.head_series.3.norm3.weight - torch.Size([256]): 
PretrainedInit: load from https://www.modelscope.cn/models/wokaikaixinxin/ai4rs/resolve/master/GSDet_baseline/pretrain/diffusiondet_r50_fpn_500-proposals_1-step_crop-ms-480-800-450k_coco_new2.pth 

rpn_head.head_series.3.norm3.bias - torch.Size([256]): 
PretrainedInit: load from https://www.modelscope.cn/models/wokaikaixinxin/ai4rs/resolve/master/GSDet_baseline/pretrain/diffusiondet_r50_fpn_500-proposals_1-step_crop-ms-480-800-450k_coco_new2.pth 

rpn_head.head_series.3.cls_module.0.weight - torch.Size([256, 256]): 
PretrainedInit: load from https://www.modelscope.cn/models/wokaikaixinxin/ai4rs/resolve/master/GSDet_baseline/pretrain/diffusiondet_r50_fpn_500-proposals_1-step_crop-ms-480-800-450k_coco_new2.pth 

rpn_head.head_series.3.cls_module.1.weight - torch.Size([256]): 
PretrainedInit: load from https://www.modelscope.cn/models/wokaikaixinxin/ai4rs/resolve/master/GSDet_baseline/pretrain/diffusiondet_r50_fpn_500-proposals_1-step_crop-ms-480-800-450k_coco_new2.pth 

rpn_head.head_series.3.cls_module.1.bias - torch.Size([256]): 
PretrainedInit: load from https://www.modelscope.cn/models/wokaikaixinxin/ai4rs/resolve/master/GSDet_baseline/pretrain/diffusiondet_r50_fpn_500-proposals_1-step_crop-ms-480-800-450k_coco_new2.pth 

rpn_head.head_series.3.reg_module.0.weight - torch.Size([256, 256]): 
PretrainedInit: load from https://www.modelscope.cn/models/wokaikaixinxin/ai4rs/resolve/master/GSDet_baseline/pretrain/diffusiondet_r50_fpn_500-proposals_1-step_crop-ms-480-800-450k_coco_new2.pth 

rpn_head.head_series.3.reg_module.1.weight - torch.Size([256]): 
PretrainedInit: load from https://www.modelscope.cn/models/wokaikaixinxin/ai4rs/resolve/master/GSDet_baseline/pretrain/diffusiondet_r50_fpn_500-proposals_1-step_crop-ms-480-800-450k_coco_new2.pth 

rpn_head.head_series.3.reg_module.1.bias - torch.Size([256]): 
PretrainedInit: load from https://www.modelscope.cn/models/wokaikaixinxin/ai4rs/resolve/master/GSDet_baseline/pretrain/diffusiondet_r50_fpn_500-proposals_1-step_crop-ms-480-800-450k_coco_new2.pth 

rpn_head.head_series.3.reg_module.3.weight - torch.Size([256, 256]): 
PretrainedInit: load from https://www.modelscope.cn/models/wokaikaixinxin/ai4rs/resolve/master/GSDet_baseline/pretrain/diffusiondet_r50_fpn_500-proposals_1-step_crop-ms-480-800-450k_coco_new2.pth 

rpn_head.head_series.3.reg_module.4.weight - torch.Size([256]): 
PretrainedInit: load from https://www.modelscope.cn/models/wokaikaixinxin/ai4rs/resolve/master/GSDet_baseline/pretrain/diffusiondet_r50_fpn_500-proposals_1-step_crop-ms-480-800-450k_coco_new2.pth 

rpn_head.head_series.3.reg_module.4.bias - torch.Size([256]): 
PretrainedInit: load from https://www.modelscope.cn/models/wokaikaixinxin/ai4rs/resolve/master/GSDet_baseline/pretrain/diffusiondet_r50_fpn_500-proposals_1-step_crop-ms-480-800-450k_coco_new2.pth 

rpn_head.head_series.3.reg_module.6.weight - torch.Size([256, 256]): 
PretrainedInit: load from https://www.modelscope.cn/models/wokaikaixinxin/ai4rs/resolve/master/GSDet_baseline/pretrain/diffusiondet_r50_fpn_500-proposals_1-step_crop-ms-480-800-450k_coco_new2.pth 

rpn_head.head_series.3.reg_module.7.weight - torch.Size([256]): 
PretrainedInit: load from https://www.modelscope.cn/models/wokaikaixinxin/ai4rs/resolve/master/GSDet_baseline/pretrain/diffusiondet_r50_fpn_500-proposals_1-step_crop-ms-480-800-450k_coco_new2.pth 

rpn_head.head_series.3.reg_module.7.bias - torch.Size([256]): 
PretrainedInit: load from https://www.modelscope.cn/models/wokaikaixinxin/ai4rs/resolve/master/GSDet_baseline/pretrain/diffusiondet_r50_fpn_500-proposals_1-step_crop-ms-480-800-450k_coco_new2.pth 

rpn_head.head_series.3.class_logits.weight - torch.Size([37, 256]): 
The value is the same before and after calling `init_weights` of GSDet  

rpn_head.head_series.3.class_logits.bias - torch.Size([37]): 
The value is the same before and after calling `init_weights` of GSDet  

rpn_head.head_series.3.bboxes_delta.weight - torch.Size([4, 256]): 
PretrainedInit: load from https://www.modelscope.cn/models/wokaikaixinxin/ai4rs/resolve/master/GSDet_baseline/pretrain/diffusiondet_r50_fpn_500-proposals_1-step_crop-ms-480-800-450k_coco_new2.pth 

rpn_head.head_series.3.bboxes_delta.bias - torch.Size([4]): 
PretrainedInit: load from https://www.modelscope.cn/models/wokaikaixinxin/ai4rs/resolve/master/GSDet_baseline/pretrain/diffusiondet_r50_fpn_500-proposals_1-step_crop-ms-480-800-450k_coco_new2.pth 

roi_head.bbox_head.0.fc_cls.weight - torch.Size([37, 256]): 
Initialized by user-defined `init_weights` in Hbox2RboxLayer  

roi_head.bbox_head.0.fc_cls.bias - torch.Size([37]): 
Initialized by user-defined `init_weights` in Hbox2RboxLayer  

roi_head.bbox_head.0.fc_reg.weight - torch.Size([6, 256]): 
Initialized by user-defined `init_weights` in Hbox2RboxLayer  

roi_head.bbox_head.0.fc_reg.bias - torch.Size([6]): 
NormalInit: mean=0, std=0.001, bias=0 

roi_head.bbox_head.0.self_attn.in_proj_weight - torch.Size([768, 256]): 
Initialized by user-defined `init_weights` in Hbox2RboxLayer  

roi_head.bbox_head.0.self_attn.in_proj_bias - torch.Size([768]): 
The value is the same before and after calling `init_weights` of GSDet  

roi_head.bbox_head.0.self_attn.out_proj.weight - torch.Size([256, 256]): 
Initialized by user-defined `init_weights` in Hbox2RboxLayer  

roi_head.bbox_head.0.self_attn.out_proj.bias - torch.Size([256]): 
The value is the same before and after calling `init_weights` of GSDet  

roi_head.bbox_head.0.inst_interact.dynamic_layer.weight - torch.Size([32768, 256]): 
Initialized by user-defined `init_weights` in Hbox2RboxLayer  

roi_head.bbox_head.0.inst_interact.dynamic_layer.bias - torch.Size([32768]): 
The value is the same before and after calling `init_weights` of GSDet  

roi_head.bbox_head.0.inst_interact.norm1.weight - torch.Size([64]): 
The value is the same before and after calling `init_weights` of GSDet  

roi_head.bbox_head.0.inst_interact.norm1.bias - torch.Size([64]): 
The value is the same before and after calling `init_weights` of GSDet  

roi_head.bbox_head.0.inst_interact.norm2.weight - torch.Size([256]): 
The value is the same before and after calling `init_weights` of GSDet  

roi_head.bbox_head.0.inst_interact.norm2.bias - torch.Size([256]): 
The value is the same before and after calling `init_weights` of GSDet  

roi_head.bbox_head.0.inst_interact.out_layer.weight - torch.Size([256, 12544]): 
Initialized by user-defined `init_weights` in Hbox2RboxLayer  

roi_head.bbox_head.0.inst_interact.out_layer.bias - torch.Size([256]): 
The value is the same before and after calling `init_weights` of GSDet  

roi_head.bbox_head.0.inst_interact.norm3.weight - torch.Size([256]): 
The value is the same before and after calling `init_weights` of GSDet  

roi_head.bbox_head.0.inst_interact.norm3.bias - torch.Size([256]): 
The value is the same before and after calling `init_weights` of GSDet  

roi_head.bbox_head.0.linear1.weight - torch.Size([2048, 256]): 
Initialized by user-defined `init_weights` in Hbox2RboxLayer  

roi_head.bbox_head.0.linear1.bias - torch.Size([2048]): 
The value is the same before and after calling `init_weights` of GSDet  

roi_head.bbox_head.0.linear2.weight - torch.Size([256, 2048]): 
Initialized by user-defined `init_weights` in Hbox2RboxLayer  

roi_head.bbox_head.0.linear2.bias - torch.Size([256]): 
The value is the same before and after calling `init_weights` of GSDet  

roi_head.bbox_head.0.norm1.weight - torch.Size([256]): 
The value is the same before and after calling `init_weights` of GSDet  

roi_head.bbox_head.0.norm1.bias - torch.Size([256]): 
The value is the same before and after calling `init_weights` of GSDet  

roi_head.bbox_head.0.norm2.weight - torch.Size([256]): 
The value is the same before and after calling `init_weights` of GSDet  

roi_head.bbox_head.0.norm2.bias - torch.Size([256]): 
The value is the same before and after calling `init_weights` of GSDet  

roi_head.bbox_head.0.norm3.weight - torch.Size([256]): 
The value is the same before and after calling `init_weights` of GSDet  

roi_head.bbox_head.0.norm3.bias - torch.Size([256]): 
The value is the same before and after calling `init_weights` of GSDet  

roi_head.bbox_head.0.cls_module.0.weight - torch.Size([256, 256]): 
Initialized by user-defined `init_weights` in Hbox2RboxLayer  

roi_head.bbox_head.0.cls_module.1.weight - torch.Size([256]): 
The value is the same before and after calling `init_weights` of GSDet  

roi_head.bbox_head.0.cls_module.1.bias - torch.Size([256]): 
The value is the same before and after calling `init_weights` of GSDet  

roi_head.bbox_head.0.reg_module.0.weight - torch.Size([256, 256]): 
Initialized by user-defined `init_weights` in Hbox2RboxLayer  

roi_head.bbox_head.0.reg_module.1.weight - torch.Size([256]): 
The value is the same before and after calling `init_weights` of GSDet  

roi_head.bbox_head.0.reg_module.1.bias - torch.Size([256]): 
The value is the same before and after calling `init_weights` of GSDet  

roi_head.bbox_head.0.reg_module.3.weight - torch.Size([256, 256]): 
Initialized by user-defined `init_weights` in Hbox2RboxLayer  

roi_head.bbox_head.0.reg_module.4.weight - torch.Size([256]): 
The value is the same before and after calling `init_weights` of GSDet  

roi_head.bbox_head.0.reg_module.4.bias - torch.Size([256]): 
The value is the same before and after calling `init_weights` of GSDet  

roi_head.bbox_head.0.reg_module.6.weight - torch.Size([256, 256]): 
Initialized by user-defined `init_weights` in Hbox2RboxLayer  

roi_head.bbox_head.0.reg_module.7.weight - torch.Size([256]): 
The value is the same before and after calling `init_weights` of GSDet  

roi_head.bbox_head.0.reg_module.7.bias - torch.Size([256]): 
The value is the same before and after calling `init_weights` of GSDet  

roi_head.bbox_head.1.fc_cls.weight - torch.Size([37, 256]): 
Initialized by user-defined `init_weights` in Rbox2RboxLayer  

roi_head.bbox_head.1.fc_cls.bias - torch.Size([37]): 
Initialized by user-defined `init_weights` in Rbox2RboxLayer  

roi_head.bbox_head.1.fc_reg.weight - torch.Size([5, 256]): 
Initialized by user-defined `init_weights` in Rbox2RboxLayer  

roi_head.bbox_head.1.fc_reg.bias - torch.Size([5]): 
NormalInit: mean=0, std=0.001, bias=0 

roi_head.bbox_head.1.self_attn.in_proj_weight - torch.Size([768, 256]): 
Initialized by user-defined `init_weights` in Rbox2RboxLayer  

roi_head.bbox_head.1.self_attn.in_proj_bias - torch.Size([768]): 
The value is the same before and after calling `init_weights` of GSDet  

roi_head.bbox_head.1.self_attn.out_proj.weight - torch.Size([256, 256]): 
Initialized by user-defined `init_weights` in Rbox2RboxLayer  

roi_head.bbox_head.1.self_attn.out_proj.bias - torch.Size([256]): 
The value is the same before and after calling `init_weights` of GSDet  

roi_head.bbox_head.1.inst_interact.dynamic_layer.weight - torch.Size([32768, 256]): 
Initialized by user-defined `init_weights` in Rbox2RboxLayer  

roi_head.bbox_head.1.inst_interact.dynamic_layer.bias - torch.Size([32768]): 
The value is the same before and after calling `init_weights` of GSDet  

roi_head.bbox_head.1.inst_interact.norm1.weight - torch.Size([64]): 
The value is the same before and after calling `init_weights` of GSDet  

roi_head.bbox_head.1.inst_interact.norm1.bias - torch.Size([64]): 
The value is the same before and after calling `init_weights` of GSDet  

roi_head.bbox_head.1.inst_interact.norm2.weight - torch.Size([256]): 
The value is the same before and after calling `init_weights` of GSDet  

roi_head.bbox_head.1.inst_interact.norm2.bias - torch.Size([256]): 
The value is the same before and after calling `init_weights` of GSDet  

roi_head.bbox_head.1.inst_interact.out_layer.weight - torch.Size([256, 12544]): 
Initialized by user-defined `init_weights` in Rbox2RboxLayer  

roi_head.bbox_head.1.inst_interact.out_layer.bias - torch.Size([256]): 
The value is the same before and after calling `init_weights` of GSDet  

roi_head.bbox_head.1.inst_interact.norm3.weight - torch.Size([256]): 
The value is the same before and after calling `init_weights` of GSDet  

roi_head.bbox_head.1.inst_interact.norm3.bias - torch.Size([256]): 
The value is the same before and after calling `init_weights` of GSDet  

roi_head.bbox_head.1.linear1.weight - torch.Size([2048, 256]): 
Initialized by user-defined `init_weights` in Rbox2RboxLayer  

roi_head.bbox_head.1.linear1.bias - torch.Size([2048]): 
The value is the same before and after calling `init_weights` of GSDet  

roi_head.bbox_head.1.linear2.weight - torch.Size([256, 2048]): 
Initialized by user-defined `init_weights` in Rbox2RboxLayer  

roi_head.bbox_head.1.linear2.bias - torch.Size([256]): 
The value is the same before and after calling `init_weights` of GSDet  

roi_head.bbox_head.1.norm1.weight - torch.Size([256]): 
The value is the same before and after calling `init_weights` of GSDet  

roi_head.bbox_head.1.norm1.bias - torch.Size([256]): 
The value is the same before and after calling `init_weights` of GSDet  

roi_head.bbox_head.1.norm2.weight - torch.Size([256]): 
The value is the same before and after calling `init_weights` of GSDet  

roi_head.bbox_head.1.norm2.bias - torch.Size([256]): 
The value is the same before and after calling `init_weights` of GSDet  

roi_head.bbox_head.1.norm3.weight - torch.Size([256]): 
The value is the same before and after calling `init_weights` of GSDet  

roi_head.bbox_head.1.norm3.bias - torch.Size([256]): 
The value is the same before and after calling `init_weights` of GSDet  

roi_head.bbox_head.1.cls_module.0.weight - torch.Size([256, 256]): 
Initialized by user-defined `init_weights` in Rbox2RboxLayer  

roi_head.bbox_head.1.cls_module.1.weight - torch.Size([256]): 
The value is the same before and after calling `init_weights` of GSDet  

roi_head.bbox_head.1.cls_module.1.bias - torch.Size([256]): 
The value is the same before and after calling `init_weights` of GSDet  

roi_head.bbox_head.1.reg_module.0.weight - torch.Size([256, 256]): 
Initialized by user-defined `init_weights` in Rbox2RboxLayer  

roi_head.bbox_head.1.reg_module.1.weight - torch.Size([256]): 
The value is the same before and after calling `init_weights` of GSDet  

roi_head.bbox_head.1.reg_module.1.bias - torch.Size([256]): 
The value is the same before and after calling `init_weights` of GSDet  

roi_head.bbox_head.1.reg_module.3.weight - torch.Size([256, 256]): 
Initialized by user-defined `init_weights` in Rbox2RboxLayer  

roi_head.bbox_head.1.reg_module.4.weight - torch.Size([256]): 
The value is the same before and after calling `init_weights` of GSDet  

roi_head.bbox_head.1.reg_module.4.bias - torch.Size([256]): 
The value is the same before and after calling `init_weights` of GSDet  

roi_head.bbox_head.1.reg_module.6.weight - torch.Size([256, 256]): 
Initialized by user-defined `init_weights` in Rbox2RboxLayer  

roi_head.bbox_head.1.reg_module.7.weight - torch.Size([256]): 
The value is the same before and after calling `init_weights` of GSDet  

roi_head.bbox_head.1.reg_module.7.bias - torch.Size([256]): 
The value is the same before and after calling `init_weights` of GSDet  
2026/03/26 20:03:25 - mmengine - WARNING - "FileClient" will be deprecated in future. Please use io functions in https://mmengine.readthedocs.io/en/latest/api/fileio.html#file-io
2026/03/26 20:03:25 - mmengine - WARNING - "HardDiskBackend" is the alias of "LocalBackend" and the former will be deprecated in future.
2026/03/26 20:03:25 - mmengine - INFO - Checkpoints will be saved to /media/Harddisk_A/Workers/wsy/ai4rs/work_dirs/gsdet_fair1m_2gpu.
2026/03/26 20:03:58 - mmengine - INFO - Epoch(train)  [1][  50/5001]  lr: 9.9699e-06  eta: 21:45:41  time: 0.6530  data_time: 0.0226  memory: 7766  grad_norm: 180.5502  loss: 26.3544  rpn_s.0.loss_cls: 2.1827  rpn_s.0.loss_bbox: 0.3418  rpn_s.0.loss_giou: 1.3938  rpn_s.1.loss_cls: 2.2871  rpn_s.1.loss_bbox: 0.2549  rpn_s.1.loss_giou: 1.0292  rpn_s.2.loss_cls: 2.0155  rpn_s.2.loss_bbox: 0.2368  rpn_s.2.loss_giou: 0.9338  rpn_s.3.loss_cls: 2.3641  rpn_s.3.loss_bbox: 0.2300  rpn_s.3.loss_giou: 0.9301  s0.loss_cls: 1.7183  s0.pos_acc: 62.2807  s0.loss_bbox: 0.7763  s0.loss_iou: 3.4383  s1.loss_cls: 1.7959  s1.pos_acc: 61.4035  s1.loss_bbox: 0.6177  s1.loss_iou: 3.8082
2026/03/26 20:04:23 - mmengine - INFO - Epoch(train)  [1][ 100/5001]  lr: 1.1640e-05  eta: 19:10:11  time: 0.4979  data_time: 0.0033  memory: 7765  grad_norm: 115.4944  loss: 21.7606  rpn_s.0.loss_cls: 2.0196  rpn_s.0.loss_bbox: 0.2643  rpn_s.0.loss_giou: 1.2298  rpn_s.1.loss_cls: 1.9759  rpn_s.1.loss_bbox: 0.1865  rpn_s.1.loss_giou: 0.8906  rpn_s.2.loss_cls: 1.8173  rpn_s.2.loss_bbox: 0.1665  rpn_s.2.loss_giou: 0.8097  rpn_s.3.loss_cls: 1.8856  rpn_s.3.loss_bbox: 0.1602  rpn_s.3.loss_giou: 0.7961  s0.loss_cls: 1.2004  s0.pos_acc: 0.0000  s0.loss_bbox: 0.6382  s0.loss_iou: 2.8608  s1.loss_cls: 1.2274  s1.pos_acc: 16.6667  s1.loss_bbox: 0.5527  s1.loss_iou: 3.0789
2026/03/26 20:04:47 - mmengine - INFO - Epoch(train)  [1][ 150/5001]  lr: 1.3310e-05  eta: 18:11:10  time: 0.4876  data_time: 0.0032  memory: 7765  grad_norm: 92.3836  loss: 20.4421  rpn_s.0.loss_cls: 1.8041  rpn_s.0.loss_bbox: 0.2697  rpn_s.0.loss_giou: 1.2162  rpn_s.1.loss_cls: 1.7172  rpn_s.1.loss_bbox: 0.1766  rpn_s.1.loss_giou: 0.8609  rpn_s.2.loss_cls: 1.5619  rpn_s.2.loss_bbox: 0.1595  rpn_s.2.loss_giou: 0.7946  rpn_s.3.loss_cls: 1.5750  rpn_s.3.loss_bbox: 0.1516  rpn_s.3.loss_giou: 0.7657  s0.loss_cls: 1.1850  s0.pos_acc: 53.7190  s0.loss_bbox: 0.5975  s0.loss_iou: 2.8530  s1.loss_cls: 1.2097  s1.pos_acc: 60.1240  s1.loss_bbox: 0.5428  s1.loss_iou: 3.0010
2026/03/26 20:05:12 - mmengine - INFO - Epoch(train)  [1][ 200/5001]  lr: 1.4980e-05  eta: 17:45:01  time: 0.4947  data_time: 0.0032  memory: 7764  grad_norm: 89.5537  loss: 19.9414  rpn_s.0.loss_cls: 1.5798  rpn_s.0.loss_bbox: 0.2475  rpn_s.0.loss_giou: 1.2700  rpn_s.1.loss_cls: 1.4584  rpn_s.1.loss_bbox: 0.1551  rpn_s.1.loss_giou: 0.8622  rpn_s.2.loss_cls: 1.2858  rpn_s.2.loss_bbox: 0.1387  rpn_s.2.loss_giou: 0.7750  rpn_s.3.loss_cls: 1.3038  rpn_s.3.loss_bbox: 0.1291  rpn_s.3.loss_giou: 0.7389  s0.loss_cls: 1.1682  s0.pos_acc: 38.8889  s0.loss_bbox: 0.6826  s0.loss_iou: 3.0661  s1.loss_cls: 1.1953  s1.pos_acc: 33.3333  s1.loss_bbox: 0.6066  s1.loss_iou: 3.2782
2026/03/26 20:05:37 - mmengine - INFO - Epoch(train)  [1][ 250/5001]  lr: 1.6650e-05  eta: 17:27:06  time: 0.4895  data_time: 0.0031  memory: 7764  grad_norm: 84.4549  loss: 18.2711  rpn_s.0.loss_cls: 1.5596  rpn_s.0.loss_bbox: 0.2862  rpn_s.0.loss_giou: 1.0733  rpn_s.1.loss_cls: 1.5287  rpn_s.1.loss_bbox: 0.1982  rpn_s.1.loss_giou: 0.7655  rpn_s.2.loss_cls: 1.3449  rpn_s.2.loss_bbox: 0.1858  rpn_s.2.loss_giou: 0.6992  rpn_s.3.loss_cls: 1.3392  rpn_s.3.loss_bbox: 0.1759  rpn_s.3.loss_giou: 0.6902  s0.loss_cls: 1.1396  s0.pos_acc: 0.0000  s0.loss_bbox: 0.5850  s0.loss_iou: 2.4059  s1.loss_cls: 1.1981  s1.pos_acc: 0.0000  s1.loss_bbox: 0.5193  s1.loss_iou: 2.5765
2026/03/26 20:06:02 - mmengine - INFO - Epoch(train)  [1][ 300/5001]  lr: 1.8320e-05  eta: 17:18:01  time: 0.4985  data_time: 0.0032  memory: 7765  grad_norm: 67.5780  loss: 17.2623  rpn_s.0.loss_cls: 1.3295  rpn_s.0.loss_bbox: 0.2299  rpn_s.0.loss_giou: 1.0884  rpn_s.1.loss_cls: 1.2174  rpn_s.1.loss_bbox: 0.1461  rpn_s.1.loss_giou: 0.7408  rpn_s.2.loss_cls: 1.0812  rpn_s.2.loss_bbox: 0.1312  rpn_s.2.loss_giou: 0.6732  rpn_s.3.loss_cls: 1.0468  rpn_s.3.loss_bbox: 0.1182  rpn_s.3.loss_giou: 0.6421  s0.loss_cls: 0.9894  s0.pos_acc: 53.1250  s0.loss_bbox: 0.6791  s0.loss_iou: 2.6547  s1.loss_cls: 1.0507  s1.pos_acc: 68.7500  s1.loss_bbox: 0.5755  s1.loss_iou: 2.8681
2026/03/26 20:06:27 - mmengine - INFO - Epoch(train)  [1][ 350/5001]  lr: 1.9990e-05  eta: 17:15:48  time: 0.5140  data_time: 0.0031  memory: 7764  grad_norm: 82.0073  loss: 16.6325  rpn_s.0.loss_cls: 1.3106  rpn_s.0.loss_bbox: 0.2278  rpn_s.0.loss_giou: 1.1360  rpn_s.1.loss_cls: 1.1573  rpn_s.1.loss_bbox: 0.1408  rpn_s.1.loss_giou: 0.7525  rpn_s.2.loss_cls: 1.0642  rpn_s.2.loss_bbox: 0.1244  rpn_s.2.loss_giou: 0.6696  rpn_s.3.loss_cls: 1.0451  rpn_s.3.loss_bbox: 0.1197  rpn_s.3.loss_giou: 0.6591  s0.loss_cls: 0.9705  s0.pos_acc: 10.0000  s0.loss_bbox: 0.7082  s0.loss_iou: 2.3972  s1.loss_cls: 1.0188  s1.pos_acc: 0.0000  s1.loss_bbox: 0.5719  s1.loss_iou: 2.5590
2026/03/26 20:06:53 - mmengine - INFO - Epoch(train)  [1][ 400/5001]  lr: 2.1660e-05  eta: 17:16:13  time: 0.5227  data_time: 0.0031  memory: 7764  grad_norm: 59.8852  loss: 16.9064  rpn_s.0.loss_cls: 1.2161  rpn_s.0.loss_bbox: 0.2706  rpn_s.0.loss_giou: 1.2313  rpn_s.1.loss_cls: 1.0689  rpn_s.1.loss_bbox: 0.1679  rpn_s.1.loss_giou: 0.8141  rpn_s.2.loss_cls: 1.0000  rpn_s.2.loss_bbox: 0.1401  rpn_s.2.loss_giou: 0.7109  rpn_s.3.loss_cls: 0.9733  rpn_s.3.loss_bbox: 0.1246  rpn_s.3.loss_giou: 0.6746  s0.loss_cls: 0.9125  s0.pos_acc: 67.6923  s0.loss_bbox: 0.6824  s0.loss_iou: 2.6589  s1.loss_cls: 0.9446  s1.pos_acc: 60.0000  s1.loss_bbox: 0.5759  s1.loss_iou: 2.7399
2026/03/26 20:07:21 - mmengine - INFO - Epoch(train)  [1][ 450/5001]  lr: 2.3330e-05  eta: 17:24:36  time: 0.5596  data_time: 0.0032  memory: 7765  grad_norm: 70.2568  loss: 17.1566  rpn_s.0.loss_cls: 1.1216  rpn_s.0.loss_bbox: 0.2252  rpn_s.0.loss_giou: 1.1936  rpn_s.1.loss_cls: 1.0158  rpn_s.1.loss_bbox: 0.1381  rpn_s.1.loss_giou: 0.7755  rpn_s.2.loss_cls: 0.8915  rpn_s.2.loss_bbox: 0.1156  rpn_s.2.loss_giou: 0.6873  rpn_s.3.loss_cls: 0.9039  rpn_s.3.loss_bbox: 0.1061  rpn_s.3.loss_giou: 0.6577  s0.loss_cls: 0.9935  s0.pos_acc: 58.3333  s0.loss_bbox: 0.6680  s0.loss_iou: 2.8704  s1.loss_cls: 1.0441  s1.pos_acc: 50.0000  s1.loss_bbox: 0.6360  s1.loss_iou: 3.1127
2026/03/26 20:07:52 - mmengine - INFO - Epoch(train)  [1][ 500/5001]  lr: 2.5000e-05  eta: 17:41:50  time: 0.6129  data_time: 0.0033  memory: 7765  grad_norm: 68.5447  loss: 16.1447  rpn_s.0.loss_cls: 1.1255  rpn_s.0.loss_bbox: 0.2367  rpn_s.0.loss_giou: 1.1260  rpn_s.1.loss_cls: 0.9400  rpn_s.1.loss_bbox: 0.1387  rpn_s.1.loss_giou: 0.7329  rpn_s.2.loss_cls: 0.9058  rpn_s.2.loss_bbox: 0.1208  rpn_s.2.loss_giou: 0.6447  rpn_s.3.loss_cls: 0.8665  rpn_s.3.loss_bbox: 0.1130  rpn_s.3.loss_giou: 0.6240  s0.loss_cls: 0.8908  s0.pos_acc: 58.6957  s0.loss_bbox: 0.7638  s0.loss_iou: 2.6489  s1.loss_cls: 0.9369  s1.pos_acc: 69.5652  s1.loss_bbox: 0.6008  s1.loss_iou: 2.7288
2026/03/26 20:08:26 - mmengine - INFO - Epoch(train)  [1][ 550/5001]  lr: 2.5000e-05  eta: 18:06:39  time: 0.6726  data_time: 0.0035  memory: 7765  grad_norm: 65.6425  loss: 18.1489  rpn_s.0.loss_cls: 1.1644  rpn_s.0.loss_bbox: 0.2462  rpn_s.0.loss_giou: 1.3097  rpn_s.1.loss_cls: 0.9612  rpn_s.1.loss_bbox: 0.1257  rpn_s.1.loss_giou: 0.7857  rpn_s.2.loss_cls: 0.8820  rpn_s.2.loss_bbox: 0.1039  rpn_s.2.loss_giou: 0.6774  rpn_s.3.loss_cls: 0.8727  rpn_s.3.loss_bbox: 0.0938  rpn_s.3.loss_giou: 0.6476  s0.loss_cls: 1.0810  s0.pos_acc: 27.0270  s0.loss_bbox: 0.8650  s0.loss_iou: 3.1707  s1.loss_cls: 1.1427  s1.pos_acc: 24.3243  s1.loss_bbox: 0.7583  s1.loss_iou: 3.2610
2026/03/26 20:09:02 - mmengine - INFO - Epoch(train)  [1][ 600/5001]  lr: 2.5000e-05  eta: 18:34:40  time: 0.7174  data_time: 0.0034  memory: 7765  grad_norm: 59.1765  loss: 15.5548  rpn_s.0.loss_cls: 1.1354  rpn_s.0.loss_bbox: 0.2258  rpn_s.0.loss_giou: 1.1264  rpn_s.1.loss_cls: 0.9688  rpn_s.1.loss_bbox: 0.1367  rpn_s.1.loss_giou: 0.7371  rpn_s.2.loss_cls: 0.9223  rpn_s.2.loss_bbox: 0.1176  rpn_s.2.loss_giou: 0.6377  rpn_s.3.loss_cls: 0.8908  rpn_s.3.loss_bbox: 0.1107  rpn_s.3.loss_giou: 0.6257  s0.loss_cls: 0.8762  s0.pos_acc: 6.6667  s0.loss_bbox: 0.6194  s0.loss_iou: 2.4402  s1.loss_cls: 0.9266  s1.pos_acc: 13.3333  s1.loss_bbox: 0.5721  s1.loss_iou: 2.4854
2026/03/26 20:09:40 - mmengine - INFO - Epoch(train)  [1][ 650/5001]  lr: 2.5000e-05  eta: 19:05:39  time: 0.7655  data_time: 0.0033  memory: 7765  grad_norm: 66.9084  loss: 15.0918  rpn_s.0.loss_cls: 1.1154  rpn_s.0.loss_bbox: 0.2287  rpn_s.0.loss_giou: 1.0657  rpn_s.1.loss_cls: 0.9610  rpn_s.1.loss_bbox: 0.1396  rpn_s.1.loss_giou: 0.7101  rpn_s.2.loss_cls: 0.9025  rpn_s.2.loss_bbox: 0.1260  rpn_s.2.loss_giou: 0.6294  rpn_s.3.loss_cls: 0.8775  rpn_s.3.loss_bbox: 0.1161  rpn_s.3.loss_giou: 0.6110  s0.loss_cls: 0.8369  s0.pos_acc: 66.6667  s0.loss_bbox: 0.5927  s0.loss_iou: 2.3686  s1.loss_cls: 0.8753  s1.pos_acc: 0.0000  s1.loss_bbox: 0.5743  s1.loss_iou: 2.3609
2026/03/26 20:10:20 - mmengine - INFO - Epoch(train)  [1][ 700/5001]  lr: 2.5000e-05  eta: 19:36:21  time: 0.7953  data_time: 0.0033  memory: 7765  grad_norm: 63.6713  loss: 14.9386  rpn_s.0.loss_cls: 1.0402  rpn_s.0.loss_bbox: 0.2146  rpn_s.0.loss_giou: 1.2366  rpn_s.1.loss_cls: 0.8629  rpn_s.1.loss_bbox: 0.1174  rpn_s.1.loss_giou: 0.7453  rpn_s.2.loss_cls: 0.7917  rpn_s.2.loss_bbox: 0.0956  rpn_s.2.loss_giou: 0.6536  rpn_s.3.loss_cls: 0.7762  rpn_s.3.loss_bbox: 0.0895  rpn_s.3.loss_giou: 0.6290  s0.loss_cls: 0.7615  s0.pos_acc: 16.6667  s0.loss_bbox: 0.6508  s0.loss_iou: 2.4377  s1.loss_cls: 0.8024  s1.pos_acc: 30.5556  s1.loss_bbox: 0.5571  s1.loss_iou: 2.4766
2026/03/26 20:11:02 - mmengine - INFO - Epoch(train)  [1][ 750/5001]  lr: 2.5000e-05  eta: 20:09:29  time: 0.8453  data_time: 0.0032  memory: 7765  grad_norm: 63.4688  loss: 14.1963  rpn_s.0.loss_cls: 1.0549  rpn_s.0.loss_bbox: 0.2093  rpn_s.0.loss_giou: 1.0290  rpn_s.1.loss_cls: 0.8456  rpn_s.1.loss_bbox: 0.1185  rpn_s.1.loss_giou: 0.6481  rpn_s.2.loss_cls: 0.8109  rpn_s.2.loss_bbox: 0.0989  rpn_s.2.loss_giou: 0.5705  rpn_s.3.loss_cls: 0.7965  rpn_s.3.loss_bbox: 0.0958  rpn_s.3.loss_giou: 0.5506  s0.loss_cls: 0.8329  s0.pos_acc: 50.6173  s0.loss_bbox: 0.6390  s0.loss_iou: 2.1794  s1.loss_cls: 0.8852  s1.pos_acc: 55.5556  s1.loss_bbox: 0.5886  s1.loss_iou: 2.2426
2026/03/26 20:11:47 - mmengine - INFO - Epoch(train)  [1][ 800/5001]  lr: 2.5000e-05  eta: 20:46:36  time: 0.9114  data_time: 0.0033  memory: 7765  grad_norm: 58.1464  loss: 16.0075  rpn_s.0.loss_cls: 1.0290  rpn_s.0.loss_bbox: 0.2088  rpn_s.0.loss_giou: 1.1832  rpn_s.1.loss_cls: 0.8609  rpn_s.1.loss_bbox: 0.1036  rpn_s.1.loss_giou: 0.7176  rpn_s.2.loss_cls: 0.7974  rpn_s.2.loss_bbox: 0.0881  rpn_s.2.loss_giou: 0.6224  rpn_s.3.loss_cls: 0.7962  rpn_s.3.loss_bbox: 0.0825  rpn_s.3.loss_giou: 0.5983  s0.loss_cls: 0.9651  s0.pos_acc: 31.6667  s0.loss_bbox: 0.7572  s0.loss_iou: 2.7133  s1.loss_cls: 1.0229  s1.pos_acc: 30.0000  s1.loss_bbox: 0.6460  s1.loss_iou: 2.8150
2026/03/26 20:12:35 - mmengine - INFO - Epoch(train)  [1][ 850/5001]  lr: 2.5000e-05  eta: 21:25:11  time: 0.9620  data_time: 0.0032  memory: 7765  grad_norm: 66.9028  loss: 14.1080  rpn_s.0.loss_cls: 1.0199  rpn_s.0.loss_bbox: 0.1883  rpn_s.0.loss_giou: 1.0416  rpn_s.1.loss_cls: 0.8328  rpn_s.1.loss_bbox: 0.1045  rpn_s.1.loss_giou: 0.6357  rpn_s.2.loss_cls: 0.7798  rpn_s.2.loss_bbox: 0.0930  rpn_s.2.loss_giou: 0.5543  rpn_s.3.loss_cls: 0.7690  rpn_s.3.loss_bbox: 0.0873  rpn_s.3.loss_giou: 0.5352  s0.loss_cls: 0.8675  s0.pos_acc: 64.7059  s0.loss_bbox: 0.6348  s0.loss_iou: 2.1809  s1.loss_cls: 0.9315  s1.pos_acc: 66.6667  s1.loss_bbox: 0.5795  s1.loss_iou: 2.2721
2026/03/26 20:13:24 - mmengine - INFO - Epoch(train)  [1][ 900/5001]  lr: 2.5000e-05  eta: 22:01:20  time: 0.9797  data_time: 0.0032  memory: 7765  grad_norm: 57.2446  loss: 15.2725  rpn_s.0.loss_cls: 0.9575  rpn_s.0.loss_bbox: 0.2046  rpn_s.0.loss_giou: 1.2261  rpn_s.1.loss_cls: 0.7852  rpn_s.1.loss_bbox: 0.1035  rpn_s.1.loss_giou: 0.7224  rpn_s.2.loss_cls: 0.7192  rpn_s.2.loss_bbox: 0.0867  rpn_s.2.loss_giou: 0.6291  rpn_s.3.loss_cls: 0.7062  rpn_s.3.loss_bbox: 0.0838  rpn_s.3.loss_giou: 0.6212  s0.loss_cls: 0.8605  s0.pos_acc: 53.3333  s0.loss_bbox: 0.7057  s0.loss_iou: 2.5784  s1.loss_cls: 0.9220  s1.pos_acc: 50.0000  s1.loss_bbox: 0.6918  s1.loss_iou: 2.6687
2026/03/26 20:14:14 - mmengine - INFO - Epoch(train)  [1][ 950/5001]  lr: 2.5000e-05  eta: 22:35:28  time: 0.9977  data_time: 0.0032  memory: 7764  grad_norm: 60.3113  loss: 13.8883  rpn_s.0.loss_cls: 0.9960  rpn_s.0.loss_bbox: 0.1933  rpn_s.0.loss_giou: 1.0721  rpn_s.1.loss_cls: 0.8324  rpn_s.1.loss_bbox: 0.1060  rpn_s.1.loss_giou: 0.6497  rpn_s.2.loss_cls: 0.7577  rpn_s.2.loss_bbox: 0.0938  rpn_s.2.loss_giou: 0.5799  rpn_s.3.loss_cls: 0.7402  rpn_s.3.loss_bbox: 0.0911  rpn_s.3.loss_giou: 0.5617  s0.loss_cls: 0.8000  s0.pos_acc: 50.0000  s0.loss_bbox: 0.5885  s0.loss_iou: 2.1970  s1.loss_cls: 0.8527  s1.pos_acc: 37.5000  s1.loss_bbox: 0.5399  s1.loss_iou: 2.2363
2026/03/26 20:15:04 - mmengine - INFO - Exp name: GSDet_r50_b900_h2h4_h2r1_r2r1_2x_fair1m1.0_20260326_200141
2026/03/26 20:15:04 - mmengine - INFO - Epoch(train)  [1][1000/5001]  lr: 2.5000e-05  eta: 23:04:47  time: 0.9843  data_time: 0.0031  memory: 7765  grad_norm: 63.5930  loss: 14.7990  rpn_s.0.loss_cls: 0.9839  rpn_s.0.loss_bbox: 0.1959  rpn_s.0.loss_giou: 1.0805  rpn_s.1.loss_cls: 0.8146  rpn_s.1.loss_bbox: 0.1048  rpn_s.1.loss_giou: 0.6451  rpn_s.2.loss_cls: 0.7575  rpn_s.2.loss_bbox: 0.0891  rpn_s.2.loss_giou: 0.5607  rpn_s.3.loss_cls: 0.7341  rpn_s.3.loss_bbox: 0.0856  rpn_s.3.loss_giou: 0.5357  s0.loss_cls: 0.9251  s0.pos_acc: 62.2995  s0.loss_bbox: 0.6807  s0.loss_iou: 2.4987  s1.loss_cls: 0.9632  s1.pos_acc: 56.6845  s1.loss_bbox: 0.5893  s1.loss_iou: 2.5543
2026/03/26 20:15:53 - mmengine - INFO - Epoch(train)  [1][1050/5001]  lr: 2.5000e-05  eta: 23:31:27  time: 0.9865  data_time: 0.0032  memory: 7764  grad_norm: 58.0569  loss: 14.1622  rpn_s.0.loss_cls: 0.9596  rpn_s.0.loss_bbox: 0.2113  rpn_s.0.loss_giou: 1.0831  rpn_s.1.loss_cls: 0.8054  rpn_s.1.loss_bbox: 0.1117  rpn_s.1.loss_giou: 0.6628  rpn_s.2.loss_cls: 0.7547  rpn_s.2.loss_bbox: 0.0959  rpn_s.2.loss_giou: 0.5831  rpn_s.3.loss_cls: 0.7073  rpn_s.3.loss_bbox: 0.0864  rpn_s.3.loss_giou: 0.5636  s0.loss_cls: 0.7914  s0.pos_acc: 50.0000  s0.loss_bbox: 0.5495  s0.loss_iou: 2.3728  s1.loss_cls: 0.8359  s1.pos_acc: 50.0000  s1.loss_bbox: 0.5509  s1.loss_iou: 2.4368
2026/03/26 20:16:43 - mmengine - INFO - Epoch(train)  [1][1100/5001]  lr: 2.5000e-05  eta: 23:56:54  time: 1.0010  data_time: 0.0032  memory: 7765  grad_norm: 67.5380  loss: 14.6147  rpn_s.0.loss_cls: 1.0082  rpn_s.0.loss_bbox: 0.1990  rpn_s.0.loss_giou: 1.0416  rpn_s.1.loss_cls: 0.8343  rpn_s.1.loss_bbox: 0.1124  rpn_s.1.loss_giou: 0.6541  rpn_s.2.loss_cls: 0.7859  rpn_s.2.loss_bbox: 0.1017  rpn_s.2.loss_giou: 0.5749  rpn_s.3.loss_cls: 0.7705  rpn_s.3.loss_bbox: 0.1011  rpn_s.3.loss_giou: 0.5535  s0.loss_cls: 0.9003  s0.pos_acc: 42.6667  s0.loss_bbox: 0.6746  s0.loss_iou: 2.3370  s1.loss_cls: 0.9334  s1.pos_acc: 39.6667  s1.loss_bbox: 0.6296  s1.loss_iou: 2.4025
2026/03/26 20:17:32 - mmengine - INFO - Epoch(train)  [1][1150/5001]  lr: 2.5000e-05  eta: 1 day, 0:18:48  time: 0.9863  data_time: 0.0032  memory: 7765  grad_norm: 60.7281  loss: 13.8774  rpn_s.0.loss_cls: 1.0091  rpn_s.0.loss_bbox: 0.2260  rpn_s.0.loss_giou: 1.0783  rpn_s.1.loss_cls: 0.8486  rpn_s.1.loss_bbox: 0.1385  rpn_s.1.loss_giou: 0.6588  rpn_s.2.loss_cls: 0.7679  rpn_s.2.loss_bbox: 0.1232  rpn_s.2.loss_giou: 0.5756  rpn_s.3.loss_cls: 0.7727  rpn_s.3.loss_bbox: 0.1095  rpn_s.3.loss_giou: 0.5465  s0.loss_cls: 0.7897  s0.pos_acc: 41.2500  s0.loss_bbox: 0.6380  s0.loss_iou: 2.0690  s1.loss_cls: 0.8161  s1.pos_acc: 41.2500  s1.loss_bbox: 0.5446  s1.loss_iou: 2.1651
2026/03/26 20:18:21 - mmengine - INFO - Epoch(train)  [1][1200/5001]  lr: 2.5000e-05  eta: 1 day, 0:38:16  time: 0.9795  data_time: 0.0032  memory: 7765  grad_norm: 59.5480  loss: 13.9414  rpn_s.0.loss_cls: 0.9700  rpn_s.0.loss_bbox: 0.1897  rpn_s.0.loss_giou: 1.1249  rpn_s.1.loss_cls: 0.7904  rpn_s.1.loss_bbox: 0.1025  rpn_s.1.loss_giou: 0.6589  rpn_s.2.loss_cls: 0.7275  rpn_s.2.loss_bbox: 0.0877  rpn_s.2.loss_giou: 0.5828  rpn_s.3.loss_cls: 0.6711  rpn_s.3.loss_bbox: 0.0842  rpn_s.3.loss_giou: 0.5700  s0.loss_cls: 0.7407  s0.pos_acc: 85.7143  s0.loss_bbox: 0.6622  s0.loss_iou: 2.2517  s1.loss_cls: 0.7756  s1.pos_acc: 57.1429  s1.loss_bbox: 0.6038  s1.loss_iou: 2.3479
2026/03/26 20:19:11 - mmengine - INFO - Epoch(train)  [1][1250/5001]  lr: 2.5000e-05  eta: 1 day, 0:56:44  time: 0.9875  data_time: 0.0032  memory: 7764  grad_norm: 60.4053  loss: 13.9762  rpn_s.0.loss_cls: 0.9385  rpn_s.0.loss_bbox: 0.1720  rpn_s.0.loss_giou: 1.0063  rpn_s.1.loss_cls: 0.7725  rpn_s.1.loss_bbox: 0.1000  rpn_s.1.loss_giou: 0.6330  rpn_s.2.loss_cls: 0.7249  rpn_s.2.loss_bbox: 0.0879  rpn_s.2.loss_giou: 0.5621  rpn_s.3.loss_cls: 0.7089  rpn_s.3.loss_bbox: 0.0825  rpn_s.3.loss_giou: 0.5493  s0.loss_cls: 0.8529  s0.pos_acc: 100.0000  s0.loss_bbox: 0.6486  s0.loss_iou: 2.3083  s1.loss_cls: 0.9038  s1.pos_acc: 75.0000  s1.loss_bbox: 0.5919  s1.loss_iou: 2.3328
2026/03/26 20:20:02 - mmengine - INFO - Epoch(train)  [1][1300/5001]  lr: 2.5000e-05  eta: 1 day, 1:17:16  time: 1.0343  data_time: 0.0033  memory: 7764  grad_norm: 59.5666  loss: 12.5330  rpn_s.0.loss_cls: 0.9114  rpn_s.0.loss_bbox: 0.1883  rpn_s.0.loss_giou: 0.9548  rpn_s.1.loss_cls: 0.7508  rpn_s.1.loss_bbox: 0.1067  rpn_s.1.loss_giou: 0.5625  rpn_s.2.loss_cls: 0.6992  rpn_s.2.loss_bbox: 0.0909  rpn_s.2.loss_giou: 0.4947  rpn_s.3.loss_cls: 0.6770  rpn_s.3.loss_bbox: 0.0824  rpn_s.3.loss_giou: 0.4701  s0.loss_cls: 0.7881  s0.pos_acc: 67.7686  s0.loss_bbox: 0.6597  s0.loss_iou: 1.7892  s1.loss_cls: 0.8473  s1.pos_acc: 59.9174  s1.loss_bbox: 0.5768  s1.loss_iou: 1.8831
2026/03/26 20:20:51 - mmengine - INFO - Epoch(train)  [1][1350/5001]  lr: 2.5000e-05  eta: 1 day, 1:31:46  time: 0.9733  data_time: 0.0032  memory: 7765  grad_norm: 65.8998  loss: 14.2339  rpn_s.0.loss_cls: 0.8775  rpn_s.0.loss_bbox: 0.1856  rpn_s.0.loss_giou: 1.1148  rpn_s.1.loss_cls: 0.7078  rpn_s.1.loss_bbox: 0.0962  rpn_s.1.loss_giou: 0.6467  rpn_s.2.loss_cls: 0.6485  rpn_s.2.loss_bbox: 0.0800  rpn_s.2.loss_giou: 0.5570  rpn_s.3.loss_cls: 0.6192  rpn_s.3.loss_bbox: 0.0737  rpn_s.3.loss_giou: 0.5382  s0.loss_cls: 0.8263  s0.pos_acc: 57.0312  s0.loss_bbox: 0.7447  s0.loss_iou: 2.4610  s1.loss_cls: 0.8731  s1.pos_acc: 55.4688  s1.loss_bbox: 0.6594  s1.loss_iou: 2.5242
2026/03/26 20:21:40 - mmengine - INFO - Epoch(train)  [1][1400/5001]  lr: 2.5000e-05  eta: 1 day, 1:45:42  time: 0.9810  data_time: 0.0032  memory: 7765  grad_norm: 57.7879  loss: 14.4696  rpn_s.0.loss_cls: 0.9717  rpn_s.0.loss_bbox: 0.2169  rpn_s.0.loss_giou: 1.1096  rpn_s.1.loss_cls: 0.8003  rpn_s.1.loss_bbox: 0.1158  rpn_s.1.loss_giou: 0.6651  rpn_s.2.loss_cls: 0.7583  rpn_s.2.loss_bbox: 0.1013  rpn_s.2.loss_giou: 0.5809  rpn_s.3.loss_cls: 0.7402  rpn_s.3.loss_bbox: 0.0953  rpn_s.3.loss_giou: 0.5570  s0.loss_cls: 0.8322  s0.pos_acc: 58.6957  s0.loss_bbox: 0.6743  s0.loss_iou: 2.3753  s1.loss_cls: 0.8580  s1.pos_acc: 63.0435  s1.loss_bbox: 0.6364  s1.loss_iou: 2.3811
2026/03/26 20:22:53 - mmengine - INFO - Epoch(train)  [1][1450/5001]  lr: 2.5000e-05  eta: 1 day, 2:31:40  time: 1.4659  data_time: 0.0031  memory: 7764  grad_norm: 56.0040  loss: 12.5688  rpn_s.0.loss_cls: 0.9175  rpn_s.0.loss_bbox: 0.1810  rpn_s.0.loss_giou: 0.9813  rpn_s.1.loss_cls: 0.7473  rpn_s.1.loss_bbox: 0.0958  rpn_s.1.loss_giou: 0.5771  rpn_s.2.loss_cls: 0.6707  rpn_s.2.loss_bbox: 0.0811  rpn_s.2.loss_giou: 0.5096  rpn_s.3.loss_cls: 0.6361  rpn_s.3.loss_bbox: 0.0786  rpn_s.3.loss_giou: 0.4901  s0.loss_cls: 0.7711  s0.pos_acc: 50.0000  s0.loss_bbox: 0.5685  s0.loss_iou: 1.9488  s1.loss_cls: 0.8104  s1.pos_acc: 100.0000  s1.loss_bbox: 0.5213  s1.loss_iou: 1.9823
2026/03/26 20:24:11 - mmengine - INFO - Epoch(train)  [1][1500/5001]  lr: 2.5000e-05  eta: 1 day, 3:20:35  time: 1.5586  data_time: 0.0031  memory: 7764  grad_norm: 65.9398  loss: 12.6185  rpn_s.0.loss_cls: 0.9340  rpn_s.0.loss_bbox: 0.1648  rpn_s.0.loss_giou: 0.9782  rpn_s.1.loss_cls: 0.7576  rpn_s.1.loss_bbox: 0.0835  rpn_s.1.loss_giou: 0.5573  rpn_s.2.loss_cls: 0.7127  rpn_s.2.loss_bbox: 0.0767  rpn_s.2.loss_giou: 0.4945  rpn_s.3.loss_cls: 0.6966  rpn_s.3.loss_bbox: 0.0699  rpn_s.3.loss_giou: 0.4672  s0.loss_cls: 0.7957  s0.pos_acc: 10.0000  s0.loss_bbox: 0.6473  s0.loss_iou: 1.8500  s1.loss_cls: 0.8515  s1.pos_acc: 20.0000  s1.loss_bbox: 0.5842  s1.loss_iou: 1.8968
2026/03/26 20:25:29 - mmengine - INFO - Epoch(train)  [1][1550/5001]  lr: 2.5000e-05  eta: 1 day, 4:05:58  time: 1.5539  data_time: 0.0031  memory: 7765  grad_norm: 56.2570  loss: 12.6984  rpn_s.0.loss_cls: 0.9108  rpn_s.0.loss_bbox: 0.1876  rpn_s.0.loss_giou: 1.0269  rpn_s.1.loss_cls: 0.7210  rpn_s.1.loss_bbox: 0.0961  rpn_s.1.loss_giou: 0.6050  rpn_s.2.loss_cls: 0.6735  rpn_s.2.loss_bbox: 0.0800  rpn_s.2.loss_giou: 0.5142  rpn_s.3.loss_cls: 0.6513  rpn_s.3.loss_bbox: 0.0741  rpn_s.3.loss_giou: 0.4934  s0.loss_cls: 0.7632  s0.pos_acc: 35.1351  s0.loss_bbox: 0.5747  s0.loss_iou: 1.9586  s1.loss_cls: 0.7814  s1.pos_acc: 22.9730  s1.loss_bbox: 0.5321  s1.loss_iou: 2.0544
2026/03/26 20:26:46 - mmengine - INFO - Epoch(train)  [1][1600/5001]  lr: 2.5000e-05  eta: 1 day, 4:47:31  time: 1.5389  data_time: 0.0031  memory: 7764  grad_norm: 55.6961  loss: 12.8863  rpn_s.0.loss_cls: 0.9021  rpn_s.0.loss_bbox: 0.1771  rpn_s.0.loss_giou: 1.0001  rpn_s.1.loss_cls: 0.7476  rpn_s.1.loss_bbox: 0.0923  rpn_s.1.loss_giou: 0.5959  rpn_s.2.loss_cls: 0.6834  rpn_s.2.loss_bbox: 0.0774  rpn_s.2.loss_giou: 0.5242  rpn_s.3.loss_cls: 0.6832  rpn_s.3.loss_bbox: 0.0705  rpn_s.3.loss_giou: 0.4939  s0.loss_cls: 0.7497  s0.pos_acc: 33.3333  s0.loss_bbox: 0.6268  s0.loss_iou: 2.0221  s1.loss_cls: 0.7684  s1.pos_acc: 25.0000  s1.loss_bbox: 0.5720  s1.loss_iou: 2.0994
2026/03/26 20:28:02 - mmengine - INFO - Epoch(train)  [1][1650/5001]  lr: 2.5000e-05  eta: 1 day, 5:25:10  time: 1.5171  data_time: 0.0031  memory: 7765  grad_norm: 59.0836  loss: 12.4874  rpn_s.0.loss_cls: 0.9088  rpn_s.0.loss_bbox: 0.1836  rpn_s.0.loss_giou: 1.0218  rpn_s.1.loss_cls: 0.7436  rpn_s.1.loss_bbox: 0.0950  rpn_s.1.loss_giou: 0.6079  rpn_s.2.loss_cls: 0.6908  rpn_s.2.loss_bbox: 0.0807  rpn_s.2.loss_giou: 0.5323  rpn_s.3.loss_cls: 0.6709  rpn_s.3.loss_bbox: 0.0775  rpn_s.3.loss_giou: 0.5176  s0.loss_cls: 0.7105  s0.pos_acc: 16.6667  s0.loss_bbox: 0.5727  s0.loss_iou: 1.8657  s1.loss_cls: 0.7591  s1.pos_acc: 50.0000  s1.loss_bbox: 0.5509  s1.loss_iou: 1.8980
2026/03/26 20:29:12 - mmengine - INFO - Epoch(train)  [1][1700/5001]  lr: 2.5000e-05  eta: 1 day, 5:54:15  time: 1.4091  data_time: 0.0031  memory: 7764  grad_norm: 68.8961  loss: 13.0134  rpn_s.0.loss_cls: 0.9292  rpn_s.0.loss_bbox: 0.1733  rpn_s.0.loss_giou: 0.9795  rpn_s.1.loss_cls: 0.7564  rpn_s.1.loss_bbox: 0.0949  rpn_s.1.loss_giou: 0.5816  rpn_s.2.loss_cls: 0.6914  rpn_s.2.loss_bbox: 0.0775  rpn_s.2.loss_giou: 0.5008  rpn_s.3.loss_cls: 0.6693  rpn_s.3.loss_bbox: 0.0751  rpn_s.3.loss_giou: 0.4851  s0.loss_cls: 0.8696  s0.pos_acc: 22.7273  s0.loss_bbox: 0.6230  s0.loss_iou: 1.9983  s1.loss_cls: 0.9058  s1.pos_acc: 27.2727  s1.loss_bbox: 0.5538  s1.loss_iou: 2.0490
2026/03/26 20:30:03 - mmengine - INFO - Epoch(train)  [1][1750/5001]  lr: 2.5000e-05  eta: 1 day, 5:59:53  time: 1.0233  data_time: 0.0032  memory: 7764  grad_norm: 58.4215  loss: 13.0801  rpn_s.0.loss_cls: 0.8829  rpn_s.0.loss_bbox: 0.1815  rpn_s.0.loss_giou: 1.0896  rpn_s.1.loss_cls: 0.7184  rpn_s.1.loss_bbox: 0.0867  rpn_s.1.loss_giou: 0.6039  rpn_s.2.loss_cls: 0.6491  rpn_s.2.loss_bbox: 0.0780  rpn_s.2.loss_giou: 0.5256  rpn_s.3.loss_cls: 0.6286  rpn_s.3.loss_bbox: 0.0719  rpn_s.3.loss_giou: 0.5067  s0.loss_cls: 0.7546  s0.pos_acc: 56.4000  s0.loss_bbox: 0.6212  s0.loss_iou: 2.1108  s1.loss_cls: 0.7917  s1.pos_acc: 55.2000  s1.loss_bbox: 0.6017  s1.loss_iou: 2.1769
2026/03/26 20:30:57 - mmengine - INFO - Epoch(train)  [1][1800/5001]  lr: 2.5000e-05  eta: 1 day, 6:07:23  time: 1.0641  data_time: 0.0032  memory: 7765  grad_norm: 62.9013  loss: 12.8805  rpn_s.0.loss_cls: 0.8655  rpn_s.0.loss_bbox: 0.1751  rpn_s.0.loss_giou: 1.0600  rpn_s.1.loss_cls: 0.7093  rpn_s.1.loss_bbox: 0.0911  rpn_s.1.loss_giou: 0.6239  rpn_s.2.loss_cls: 0.6613  rpn_s.2.loss_bbox: 0.0710  rpn_s.2.loss_giou: 0.5287  rpn_s.3.loss_cls: 0.6415  rpn_s.3.loss_bbox: 0.0654  rpn_s.3.loss_giou: 0.5113  s0.loss_cls: 0.7327  s0.pos_acc: 66.6667  s0.loss_bbox: 0.6919  s0.loss_iou: 1.9818  s1.loss_cls: 0.7742  s1.pos_acc: 66.6667  s1.loss_bbox: 0.6439  s1.loss_iou: 2.0519
2026/03/26 20:31:50 - mmengine - INFO - Epoch(train)  [1][1850/5001]  lr: 2.5000e-05  eta: 1 day, 6:14:50  time: 1.0716  data_time: 0.0031  memory: 7764  grad_norm: 59.6027  loss: 12.6065  rpn_s.0.loss_cls: 0.9068  rpn_s.0.loss_bbox: 0.1620  rpn_s.0.loss_giou: 0.9629  rpn_s.1.loss_cls: 0.7108  rpn_s.1.loss_bbox: 0.0888  rpn_s.1.loss_giou: 0.5866  rpn_s.2.loss_cls: 0.6394  rpn_s.2.loss_bbox: 0.0745  rpn_s.2.loss_giou: 0.5131  rpn_s.3.loss_cls: 0.6163  rpn_s.3.loss_bbox: 0.0727  rpn_s.3.loss_giou: 0.4998  s0.loss_cls: 0.7186  s0.pos_acc: 60.0000  s0.loss_bbox: 0.6163  s0.loss_iou: 2.0107  s1.loss_cls: 0.7581  s1.pos_acc: 55.0000  s1.loss_bbox: 0.5878  s1.loss_iou: 2.0812
2026/03/26 20:32:45 - mmengine - INFO - Epoch(train)  [1][1900/5001]  lr: 2.5000e-05  eta: 1 day, 6:23:13  time: 1.0979  data_time: 0.0032  memory: 7764  grad_norm: 67.7037  loss: 10.8510  rpn_s.0.loss_cls: 0.9235  rpn_s.0.loss_bbox: 0.1636  rpn_s.0.loss_giou: 0.9315  rpn_s.1.loss_cls: 0.7444  rpn_s.1.loss_bbox: 0.0837  rpn_s.1.loss_giou: 0.5438  rpn_s.2.loss_cls: 0.6838  rpn_s.2.loss_bbox: 0.0744  rpn_s.2.loss_giou: 0.4831  rpn_s.3.loss_cls: 0.6644  rpn_s.3.loss_bbox: 0.0706  rpn_s.3.loss_giou: 0.4709  s0.loss_cls: 0.6024  s0.pos_acc: 46.4286  s0.loss_bbox: 0.5070  s0.loss_iou: 1.3580  s1.loss_cls: 0.6419  s1.pos_acc: 32.1429  s1.loss_bbox: 0.4731  s1.loss_iou: 1.4308
2026/03/26 20:33:41 - mmengine - INFO - Epoch(train)  [1][1950/5001]  lr: 2.5000e-05  eta: 1 day, 6:32:11  time: 1.1193  data_time: 0.0032  memory: 7765  grad_norm: 57.9879  loss: 12.4541  rpn_s.0.loss_cls: 0.8645  rpn_s.0.loss_bbox: 0.1885  rpn_s.0.loss_giou: 0.9995  rpn_s.1.loss_cls: 0.7071  rpn_s.1.loss_bbox: 0.0978  rpn_s.1.loss_giou: 0.5789  rpn_s.2.loss_cls: 0.6449  rpn_s.2.loss_bbox: 0.0819  rpn_s.2.loss_giou: 0.5088  rpn_s.3.loss_cls: 0.6214  rpn_s.3.loss_bbox: 0.0734  rpn_s.3.loss_giou: 0.4873  s0.loss_cls: 0.7167  s0.pos_acc: 60.2484  s0.loss_bbox: 0.5921  s0.loss_iou: 1.9682  s1.loss_cls: 0.7532  s1.pos_acc: 51.5528  s1.loss_bbox: 0.5843  s1.loss_iou: 1.9856
2026/03/26 20:34:37 - mmengine - INFO - Exp name: GSDet_r50_b900_h2h4_h2r1_r2r1_2x_fair1m1.0_20260326_200141
2026/03/26 20:34:37 - mmengine - INFO - Epoch(train)  [1][2000/5001]  lr: 2.5000e-05  eta: 1 day, 6:40:57  time: 1.1249  data_time: 0.0032  memory: 7764  grad_norm: 66.3064  loss: 13.2255  rpn_s.0.loss_cls: 0.9237  rpn_s.0.loss_bbox: 0.1873  rpn_s.0.loss_giou: 1.0824  rpn_s.1.loss_cls: 0.7731  rpn_s.1.loss_bbox: 0.0913  rpn_s.1.loss_giou: 0.6197  rpn_s.2.loss_cls: 0.7065  rpn_s.2.loss_bbox: 0.0742  rpn_s.2.loss_giou: 0.5370  rpn_s.3.loss_cls: 0.6792  rpn_s.3.loss_bbox: 0.0702  rpn_s.3.loss_giou: 0.5161  s0.loss_cls: 0.8072  s0.pos_acc: 55.1724  s0.loss_bbox: 0.5979  s0.loss_iou: 2.0446  s1.loss_cls: 0.8505  s1.pos_acc: 58.6207  s1.loss_bbox: 0.5663  s1.loss_iou: 2.0982
2026/03/26 20:35:34 - mmengine - INFO - Epoch(train)  [1][2050/5001]  lr: 2.5000e-05  eta: 1 day, 6:49:45  time: 1.1359  data_time: 0.0030  memory: 7765  grad_norm: 56.9447  loss: 11.6791  rpn_s.0.loss_cls: 0.9114  rpn_s.0.loss_bbox: 0.1912  rpn_s.0.loss_giou: 0.9761  rpn_s.1.loss_cls: 0.7477  rpn_s.1.loss_bbox: 0.1043  rpn_s.1.loss_giou: 0.5867  rpn_s.2.loss_cls: 0.6833  rpn_s.2.loss_bbox: 0.0884  rpn_s.2.loss_giou: 0.5081  rpn_s.3.loss_cls: 0.6373  rpn_s.3.loss_bbox: 0.0830  rpn_s.3.loss_giou: 0.4865  s0.loss_cls: 0.5781  s0.pos_acc: 57.6923  s0.loss_bbox: 0.4991  s0.loss_iou: 1.7516  s1.loss_cls: 0.5974  s1.pos_acc: 53.8462  s1.loss_bbox: 0.4724  s1.loss_iou: 1.7766
2026/03/26 20:36:31 - mmengine - INFO - Epoch(train)  [1][2100/5001]  lr: 2.5000e-05  eta: 1 day, 6:57:51  time: 1.1306  data_time: 0.0032  memory: 7765  grad_norm: 58.1459  loss: 11.4213  rpn_s.0.loss_cls: 0.8470  rpn_s.0.loss_bbox: 0.1596  rpn_s.0.loss_giou: 0.9505  rpn_s.1.loss_cls: 0.6879  rpn_s.1.loss_bbox: 0.0840  rpn_s.1.loss_giou: 0.5615  rpn_s.2.loss_cls: 0.6304  rpn_s.2.loss_bbox: 0.0725  rpn_s.2.loss_giou: 0.4969  rpn_s.3.loss_cls: 0.6051  rpn_s.3.loss_bbox: 0.0660  rpn_s.3.loss_giou: 0.4727  s0.loss_cls: 0.6240  s0.pos_acc: 80.9524  s0.loss_bbox: 0.5877  s0.loss_iou: 1.6501  s1.loss_cls: 0.6547  s1.pos_acc: 78.5714  s1.loss_bbox: 0.5726  s1.loss_iou: 1.6981
2026/03/26 20:37:27 - mmengine - INFO - Epoch(train)  [1][2150/5001]  lr: 2.5000e-05  eta: 1 day, 7:05:22  time: 1.1271  data_time: 0.0032  memory: 7764  grad_norm: 66.2207  loss: 11.9744  rpn_s.0.loss_cls: 0.8667  rpn_s.0.loss_bbox: 0.1750  rpn_s.0.loss_giou: 0.9753  rpn_s.1.loss_cls: 0.7067  rpn_s.1.loss_bbox: 0.0870  rpn_s.1.loss_giou: 0.5565  rpn_s.2.loss_cls: 0.6401  rpn_s.2.loss_bbox: 0.0754  rpn_s.2.loss_giou: 0.4913  rpn_s.3.loss_cls: 0.6313  rpn_s.3.loss_bbox: 0.0743  rpn_s.3.loss_giou: 0.4761  s0.loss_cls: 0.6489  s0.pos_acc: 60.0000  s0.loss_bbox: 0.6203  s0.loss_iou: 1.8139  s1.loss_cls: 0.6955  s1.pos_acc: 60.0000  s1.loss_bbox: 0.6004  s1.loss_iou: 1.8397
2026/03/26 20:38:23 - mmengine - INFO - Epoch(train)  [1][2200/5001]  lr: 2.5000e-05  eta: 1 day, 7:12:16  time: 1.1217  data_time: 0.0033  memory: 7764  grad_norm: 61.7097  loss: 11.9828  rpn_s.0.loss_cls: 0.8464  rpn_s.0.loss_bbox: 0.1642  rpn_s.0.loss_giou: 0.8676  rpn_s.1.loss_cls: 0.7163  rpn_s.1.loss_bbox: 0.0936  rpn_s.1.loss_giou: 0.5243  rpn_s.2.loss_cls: 0.6524  rpn_s.2.loss_bbox: 0.0830  rpn_s.2.loss_giou: 0.4602  rpn_s.3.loss_cls: 0.6472  rpn_s.3.loss_bbox: 0.0803  rpn_s.3.loss_giou: 0.4466  s0.loss_cls: 0.7528  s0.pos_acc: 75.0000  s0.loss_bbox: 0.6116  s0.loss_iou: 1.8036  s1.loss_cls: 0.7810  s1.pos_acc: 75.0000  s1.loss_bbox: 0.6005  s1.loss_iou: 1.8512
2026/03/26 20:39:19 - mmengine - INFO - Epoch(train)  [1][2250/5001]  lr: 2.5000e-05  eta: 1 day, 7:19:05  time: 1.1280  data_time: 0.0031  memory: 7765  grad_norm: 59.6054  loss: 13.4880  rpn_s.0.loss_cls: 0.8524  rpn_s.0.loss_bbox: 0.1725  rpn_s.0.loss_giou: 1.0046  rpn_s.1.loss_cls: 0.6829  rpn_s.1.loss_bbox: 0.0916  rpn_s.1.loss_giou: 0.5902  rpn_s.2.loss_cls: 0.6254  rpn_s.2.loss_bbox: 0.0782  rpn_s.2.loss_giou: 0.5067  rpn_s.3.loss_cls: 0.5859  rpn_s.3.loss_bbox: 0.0734  rpn_s.3.loss_giou: 0.4860  s0.loss_cls: 0.7995  s0.pos_acc: 65.6510  s0.loss_bbox: 0.7410  s0.loss_iou: 2.2962  s1.loss_cls: 0.8231  s1.pos_acc: 38.6427  s1.loss_bbox: 0.7594  s1.loss_iou: 2.3188
2026/03/26 20:40:15 - mmengine - INFO - Epoch(train)  [1][2300/5001]  lr: 2.5000e-05  eta: 1 day, 7:25:08  time: 1.1175  data_time: 0.0032  memory: 7764  grad_norm: 56.9404  loss: 12.6112  rpn_s.0.loss_cls: 0.8538  rpn_s.0.loss_bbox: 0.1822  rpn_s.0.loss_giou: 1.0358  rpn_s.1.loss_cls: 0.7002  rpn_s.1.loss_bbox: 0.0877  rpn_s.1.loss_giou: 0.5759  rpn_s.2.loss_cls: 0.6471  rpn_s.2.loss_bbox: 0.0759  rpn_s.2.loss_giou: 0.4983  rpn_s.3.loss_cls: 0.6391  rpn_s.3.loss_bbox: 0.0671  rpn_s.3.loss_giou: 0.4788  s0.loss_cls: 0.7381  s0.pos_acc: 71.4286  s0.loss_bbox: 0.6728  s0.loss_iou: 1.9471  s1.loss_cls: 0.7636  s1.pos_acc: 67.8571  s1.loss_bbox: 0.6488  s1.loss_iou: 1.9990
2026/03/26 20:41:11 - mmengine - INFO - Epoch(train)  [1][2350/5001]  lr: 2.5000e-05  eta: 1 day, 7:30:39  time: 1.1125  data_time: 0.0031  memory: 7765  grad_norm: 57.1726  loss: 12.4873  rpn_s.0.loss_cls: 0.8659  rpn_s.0.loss_bbox: 0.1657  rpn_s.0.loss_giou: 1.1189  rpn_s.1.loss_cls: 0.6697  rpn_s.1.loss_bbox: 0.0765  rpn_s.1.loss_giou: 0.6099  rpn_s.2.loss_cls: 0.6175  rpn_s.2.loss_bbox: 0.0654  rpn_s.2.loss_giou: 0.5308  rpn_s.3.loss_cls: 0.5824  rpn_s.3.loss_bbox: 0.0592  rpn_s.3.loss_giou: 0.5042  s0.loss_cls: 0.6515  s0.pos_acc: 57.6503  s0.loss_bbox: 0.5885  s0.loss_iou: 2.0220  s1.loss_cls: 0.6766  s1.pos_acc: 59.5628  s1.loss_bbox: 0.6190  s1.loss_iou: 2.0636
2026/03/26 20:42:07 - mmengine - INFO - Epoch(train)  [1][2400/5001]  lr: 2.5000e-05  eta: 1 day, 7:36:01  time: 1.1149  data_time: 0.0030  memory: 7765  grad_norm: 61.4074  loss: 13.3545  rpn_s.0.loss_cls: 0.8527  rpn_s.0.loss_bbox: 0.1819  rpn_s.0.loss_giou: 1.0410  rpn_s.1.loss_cls: 0.6896  rpn_s.1.loss_bbox: 0.0983  rpn_s.1.loss_giou: 0.6078  rpn_s.2.loss_cls: 0.6297  rpn_s.2.loss_bbox: 0.0806  rpn_s.2.loss_giou: 0.5297  rpn_s.3.loss_cls: 0.5974  rpn_s.3.loss_bbox: 0.0700  rpn_s.3.loss_giou: 0.5099  s0.loss_cls: 0.7894  s0.pos_acc: 56.7460  s0.loss_bbox: 0.6547  s0.loss_iou: 2.2744  s1.loss_cls: 0.8187  s1.pos_acc: 59.1270  s1.loss_bbox: 0.6483  s1.loss_iou: 2.2804
2026/03/26 20:43:03 - mmengine - INFO - Epoch(train)  [1][2450/5001]  lr: 2.5000e-05  eta: 1 day, 7:41:21  time: 1.1208  data_time: 0.0031  memory: 7764  grad_norm: 62.7094  loss: 12.5506  rpn_s.0.loss_cls: 0.8655  rpn_s.0.loss_bbox: 0.1658  rpn_s.0.loss_giou: 1.0402  rpn_s.1.loss_cls: 0.6910  rpn_s.1.loss_bbox: 0.0858  rpn_s.1.loss_giou: 0.5811  rpn_s.2.loss_cls: 0.6316  rpn_s.2.loss_bbox: 0.0701  rpn_s.2.loss_giou: 0.4998  rpn_s.3.loss_cls: 0.5930  rpn_s.3.loss_bbox: 0.0629  rpn_s.3.loss_giou: 0.4784  s0.loss_cls: 0.7300  s0.pos_acc: 57.4074  s0.loss_bbox: 0.5853  s0.loss_iou: 2.0430  s1.loss_cls: 0.7519  s1.pos_acc: 68.5185  s1.loss_bbox: 0.6321  s1.loss_iou: 2.0431
2026/03/26 20:43:59 - mmengine - INFO - Epoch(train)  [1][2500/5001]  lr: 2.5000e-05  eta: 1 day, 7:46:24  time: 1.1196  data_time: 0.0032  memory: 7765  grad_norm: 55.0806  loss: 14.3009  rpn_s.0.loss_cls: 0.8699  rpn_s.0.loss_bbox: 0.1830  rpn_s.0.loss_giou: 1.1941  rpn_s.1.loss_cls: 0.6854  rpn_s.1.loss_bbox: 0.0954  rpn_s.1.loss_giou: 0.6821  rpn_s.2.loss_cls: 0.6342  rpn_s.2.loss_bbox: 0.0760  rpn_s.2.loss_giou: 0.5901  rpn_s.3.loss_cls: 0.5992  rpn_s.3.loss_bbox: 0.0683  rpn_s.3.loss_giou: 0.5573  s0.loss_cls: 0.7966  s0.pos_acc: 61.2360  s0.loss_bbox: 0.7109  s0.loss_iou: 2.5032  s1.loss_cls: 0.8306  s1.pos_acc: 64.0449  s1.loss_bbox: 0.7061  s1.loss_iou: 2.5185
2026/03/26 20:44:54 - mmengine - INFO - Epoch(train)  [1][2550/5001]  lr: 2.5000e-05  eta: 1 day, 7:50:32  time: 1.1023  data_time: 0.0033  memory: 7765  grad_norm: 59.4338  loss: 11.4601  rpn_s.0.loss_cls: 0.8452  rpn_s.0.loss_bbox: 0.1592  rpn_s.0.loss_giou: 1.0224  rpn_s.1.loss_cls: 0.6667  rpn_s.1.loss_bbox: 0.0759  rpn_s.1.loss_giou: 0.5778  rpn_s.2.loss_cls: 0.6165  rpn_s.2.loss_bbox: 0.0636  rpn_s.2.loss_giou: 0.5018  rpn_s.3.loss_cls: 0.5764  rpn_s.3.loss_bbox: 0.0582  rpn_s.3.loss_giou: 0.4822  s0.loss_cls: 0.6264  s0.pos_acc: 0.0000  s0.loss_bbox: 0.5304  s0.loss_iou: 1.7025  s1.loss_cls: 0.6621  s1.pos_acc: 0.0000  s1.loss_bbox: 0.5462  s1.loss_iou: 1.7465
2026/03/26 20:45:50 - mmengine - INFO - Epoch(train)  [1][2600/5001]  lr: 2.5000e-05  eta: 1 day, 7:54:54  time: 1.1136  data_time: 0.0031  memory: 7764  grad_norm: 58.7717  loss: 12.8261  rpn_s.0.loss_cls: 0.8724  rpn_s.0.loss_bbox: 0.1557  rpn_s.0.loss_giou: 0.9807  rpn_s.1.loss_cls: 0.6908  rpn_s.1.loss_bbox: 0.0767  rpn_s.1.loss_giou: 0.5624  rpn_s.2.loss_cls: 0.6401  rpn_s.2.loss_bbox: 0.0688  rpn_s.2.loss_giou: 0.4893  rpn_s.3.loss_cls: 0.6184  rpn_s.3.loss_bbox: 0.0670  rpn_s.3.loss_giou: 0.4688  s0.loss_cls: 0.7766  s0.pos_acc: 63.8889  s0.loss_bbox: 0.6642  s0.loss_iou: 2.1003  s1.loss_cls: 0.8197  s1.pos_acc: 52.7778  s1.loss_bbox: 0.6483  s1.loss_iou: 2.1260
2026/03/26 20:46:45 - mmengine - INFO - Epoch(train)  [1][2650/5001]  lr: 2.5000e-05  eta: 1 day, 7:58:47  time: 1.1054  data_time: 0.0033  memory: 7765  grad_norm: 55.6817  loss: 12.1504  rpn_s.0.loss_cls: 0.8342  rpn_s.0.loss_bbox: 0.1691  rpn_s.0.loss_giou: 1.0402  rpn_s.1.loss_cls: 0.6623  rpn_s.1.loss_bbox: 0.0791  rpn_s.1.loss_giou: 0.5821  rpn_s.2.loss_cls: 0.6004  rpn_s.2.loss_bbox: 0.0695  rpn_s.2.loss_giou: 0.5079  rpn_s.3.loss_cls: 0.5780  rpn_s.3.loss_bbox: 0.0619  rpn_s.3.loss_giou: 0.4827  s0.loss_cls: 0.6663  s0.pos_acc: 62.5000  s0.loss_bbox: 0.6185  s0.loss_iou: 1.9288  s1.loss_cls: 0.6922  s1.pos_acc: 54.1667  s1.loss_bbox: 0.6273  s1.loss_iou: 1.9498
2026/03/26 20:47:40 - mmengine - INFO - Epoch(train)  [1][2700/5001]  lr: 2.5000e-05  eta: 1 day, 8:02:38  time: 1.1099  data_time: 0.0032  memory: 7765  grad_norm: 58.2324  loss: 11.7855  rpn_s.0.loss_cls: 0.8079  rpn_s.0.loss_bbox: 0.1486  rpn_s.0.loss_giou: 0.9594  rpn_s.1.loss_cls: 0.6479  rpn_s.1.loss_bbox: 0.0761  rpn_s.1.loss_giou: 0.5571  rpn_s.2.loss_cls: 0.5862  rpn_s.2.loss_bbox: 0.0638  rpn_s.2.loss_giou: 0.4816  rpn_s.3.loss_cls: 0.5610  rpn_s.3.loss_bbox: 0.0585  rpn_s.3.loss_giou: 0.4582  s0.loss_cls: 0.6717  s0.pos_acc: 67.5000  s0.loss_bbox: 0.6444  s0.loss_iou: 1.8564  s1.loss_cls: 0.6961  s1.pos_acc: 73.7500  s1.loss_bbox: 0.6100  s1.loss_iou: 1.9005
2026/03/26 20:48:36 - mmengine - INFO - Epoch(train)  [1][2750/5001]  lr: 2.5000e-05  eta: 1 day, 8:06:11  time: 1.1063  data_time: 0.0030  memory: 7765  grad_norm: 58.6978  loss: 12.5408  rpn_s.0.loss_cls: 0.8521  rpn_s.0.loss_bbox: 0.1658  rpn_s.0.loss_giou: 1.0395  rpn_s.1.loss_cls: 0.6821  rpn_s.1.loss_bbox: 0.0830  rpn_s.1.loss_giou: 0.5850  rpn_s.2.loss_cls: 0.6153  rpn_s.2.loss_bbox: 0.0692  rpn_s.2.loss_giou: 0.5166  rpn_s.3.loss_cls: 0.5902  rpn_s.3.loss_bbox: 0.0643  rpn_s.3.loss_giou: 0.4911  s0.loss_cls: 0.7543  s0.pos_acc: 28.5714  s0.loss_bbox: 0.6037  s0.loss_iou: 2.0131  s1.loss_cls: 0.7641  s1.pos_acc: 35.7143  s1.loss_bbox: 0.5961  s1.loss_iou: 2.0553
2026/03/26 20:49:31 - mmengine - INFO - Epoch(train)  [1][2800/5001]  lr: 2.5000e-05  eta: 1 day, 8:09:22  time: 1.1003  data_time: 0.0032  memory: 7765  grad_norm: 61.4314  loss: 13.1146  rpn_s.0.loss_cls: 0.8739  rpn_s.0.loss_bbox: 0.1726  rpn_s.0.loss_giou: 1.0621  rpn_s.1.loss_cls: 0.7071  rpn_s.1.loss_bbox: 0.0813  rpn_s.1.loss_giou: 0.6025  rpn_s.2.loss_cls: 0.6342  rpn_s.2.loss_bbox: 0.0666  rpn_s.2.loss_giou: 0.5208  rpn_s.3.loss_cls: 0.6059  rpn_s.3.loss_bbox: 0.0617  rpn_s.3.loss_giou: 0.4998  s0.loss_cls: 0.7576  s0.pos_acc: 66.6667  s0.loss_bbox: 0.6577  s0.loss_iou: 2.1714  s1.loss_cls: 0.7788  s1.pos_acc: 69.4444  s1.loss_bbox: 0.6239  s1.loss_iou: 2.2368
2026/03/26 20:50:25 - mmengine - INFO - Epoch(train)  [1][2850/5001]  lr: 2.5000e-05  eta: 1 day, 8:12:12  time: 1.0938  data_time: 0.0031  memory: 7764  grad_norm: 64.8139  loss: 11.3661  rpn_s.0.loss_cls: 0.7957  rpn_s.0.loss_bbox: 0.1526  rpn_s.0.loss_giou: 0.9517  rpn_s.1.loss_cls: 0.6294  rpn_s.1.loss_bbox: 0.0765  rpn_s.1.loss_giou: 0.5345  rpn_s.2.loss_cls: 0.5722  rpn_s.2.loss_bbox: 0.0629  rpn_s.2.loss_giou: 0.4564  rpn_s.3.loss_cls: 0.5579  rpn_s.3.loss_bbox: 0.0600  rpn_s.3.loss_giou: 0.4388  s0.loss_cls: 0.6755  s0.pos_acc: 85.7143  s0.loss_bbox: 0.6033  s0.loss_iou: 1.7457  s1.loss_cls: 0.7076  s1.pos_acc: 85.7143  s1.loss_bbox: 0.5618  s1.loss_iou: 1.7836
2026/03/26 20:51:20 - mmengine - INFO - Epoch(train)  [1][2900/5001]  lr: 2.5000e-05  eta: 1 day, 8:14:55  time: 1.0950  data_time: 0.0031  memory: 7765  grad_norm: 57.3976  loss: 10.7711  rpn_s.0.loss_cls: 0.8090  rpn_s.0.loss_bbox: 0.1447  rpn_s.0.loss_giou: 0.8805  rpn_s.1.loss_cls: 0.6489  rpn_s.1.loss_bbox: 0.0668  rpn_s.1.loss_giou: 0.4872  rpn_s.2.loss_cls: 0.6070  rpn_s.2.loss_bbox: 0.0561  rpn_s.2.loss_giou: 0.4189  rpn_s.3.loss_cls: 0.5787  rpn_s.3.loss_bbox: 0.0528  rpn_s.3.loss_giou: 0.4039  s0.loss_cls: 0.6634  s0.pos_acc: 68.9076  s0.loss_bbox: 0.5729  s0.loss_iou: 1.5259  s1.loss_cls: 0.6910  s1.pos_acc: 65.5462  s1.loss_bbox: 0.5740  s1.loss_iou: 1.5896
2026/03/26 20:52:15 - mmengine - INFO - Epoch(train)  [1][2950/5001]  lr: 2.5000e-05  eta: 1 day, 8:17:40  time: 1.0992  data_time: 0.0031  memory: 7765  grad_norm: 63.3118  loss: 11.8365  rpn_s.0.loss_cls: 0.7752  rpn_s.0.loss_bbox: 0.1490  rpn_s.0.loss_giou: 0.9125  rpn_s.1.loss_cls: 0.6480  rpn_s.1.loss_bbox: 0.0753  rpn_s.1.loss_giou: 0.5132  rpn_s.2.loss_cls: 0.5862  rpn_s.2.loss_bbox: 0.0624  rpn_s.2.loss_giou: 0.4470  rpn_s.3.loss_cls: 0.5494  rpn_s.3.loss_bbox: 0.0571  rpn_s.3.loss_giou: 0.4267  s0.loss_cls: 0.7304  s0.pos_acc: 65.3846  s0.loss_bbox: 0.6177  s0.loss_iou: 1.9316  s1.loss_cls: 0.7692  s1.pos_acc: 58.9744  s1.loss_bbox: 0.6278  s1.loss_iou: 1.9578
2026/03/26 20:53:10 - mmengine - INFO - Exp name: GSDet_r50_b900_h2h4_h2r1_r2r1_2x_fair1m1.0_20260326_200141
2026/03/26 20:53:10 - mmengine - INFO - Epoch(train)  [1][3000/5001]  lr: 2.5000e-05  eta: 1 day, 8:20:34  time: 1.1078  data_time: 0.0031  memory: 7765  grad_norm: 59.0633  loss: 12.1404  rpn_s.0.loss_cls: 0.8000  rpn_s.0.loss_bbox: 0.1647  rpn_s.0.loss_giou: 0.9852  rpn_s.1.loss_cls: 0.6434  rpn_s.1.loss_bbox: 0.0869  rpn_s.1.loss_giou: 0.5648  rpn_s.2.loss_cls: 0.5867  rpn_s.2.loss_bbox: 0.0724  rpn_s.2.loss_giou: 0.4895  rpn_s.3.loss_cls: 0.5777  rpn_s.3.loss_bbox: 0.0700  rpn_s.3.loss_giou: 0.4768  s0.loss_cls: 0.6955  s0.pos_acc: 65.1961  s0.loss_bbox: 0.6046  s0.loss_iou: 1.9454  s1.loss_cls: 0.7249  s1.pos_acc: 65.6863  s1.loss_bbox: 0.6444  s1.loss_iou: 2.0074
2026/03/26 20:54:07 - mmengine - INFO - Epoch(train)  [1][3050/5001]  lr: 2.5000e-05  eta: 1 day, 8:23:53  time: 1.1246  data_time: 0.0031  memory: 7765  grad_norm: 59.8323  loss: 12.0640  rpn_s.0.loss_cls: 0.7938  rpn_s.0.loss_bbox: 0.1598  rpn_s.0.loss_giou: 0.9974  rpn_s.1.loss_cls: 0.6189  rpn_s.1.loss_bbox: 0.0736  rpn_s.1.loss_giou: 0.5457  rpn_s.2.loss_cls: 0.5695  rpn_s.2.loss_bbox: 0.0606  rpn_s.2.loss_giou: 0.4698  rpn_s.3.loss_cls: 0.5512  rpn_s.3.loss_bbox: 0.0565  rpn_s.3.loss_giou: 0.4511  s0.loss_cls: 0.6689  s0.pos_acc: 65.7303  s0.loss_bbox: 0.6368  s0.loss_iou: 2.0168  s1.loss_cls: 0.6965  s1.pos_acc: 66.8539  s1.loss_bbox: 0.6268  s1.loss_iou: 2.0702
2026/03/26 20:55:03 - mmengine - INFO - Epoch(train)  [1][3100/5001]  lr: 2.5000e-05  eta: 1 day, 8:27:21  time: 1.1339  data_time: 0.0031  memory: 7764  grad_norm: 59.4185  loss: 11.2682  rpn_s.0.loss_cls: 0.8702  rpn_s.0.loss_bbox: 0.1623  rpn_s.0.loss_giou: 0.9667  rpn_s.1.loss_cls: 0.6912  rpn_s.1.loss_bbox: 0.0878  rpn_s.1.loss_giou: 0.5526  rpn_s.2.loss_cls: 0.6343  rpn_s.2.loss_bbox: 0.0743  rpn_s.2.loss_giou: 0.4829  rpn_s.3.loss_cls: 0.6143  rpn_s.3.loss_bbox: 0.0700  rpn_s.3.loss_giou: 0.4645  s0.loss_cls: 0.6297  s0.pos_acc: 59.4444  s0.loss_bbox: 0.5364  s0.loss_iou: 1.5852  s1.loss_cls: 0.6517  s1.pos_acc: 52.7778  s1.loss_bbox: 0.5479  s1.loss_iou: 1.6459
2026/03/26 20:56:00 - mmengine - INFO - Epoch(train)  [1][3150/5001]  lr: 2.5000e-05  eta: 1 day, 8:30:45  time: 1.1362  data_time: 0.0030  memory: 7764  grad_norm: 64.3712  loss: 11.5800  rpn_s.0.loss_cls: 0.8653  rpn_s.0.loss_bbox: 0.1529  rpn_s.0.loss_giou: 0.9034  rpn_s.1.loss_cls: 0.7085  rpn_s.1.loss_bbox: 0.0899  rpn_s.1.loss_giou: 0.5485  rpn_s.2.loss_cls: 0.6383  rpn_s.2.loss_bbox: 0.0752  rpn_s.2.loss_giou: 0.4788  rpn_s.3.loss_cls: 0.6097  rpn_s.3.loss_bbox: 0.0688  rpn_s.3.loss_giou: 0.4567  s0.loss_cls: 0.7024  s0.pos_acc: 64.2857  s0.loss_bbox: 0.5317  s0.loss_iou: 1.7392  s1.loss_cls: 0.7188  s1.pos_acc: 61.4286  s1.loss_bbox: 0.5407  s1.loss_iou: 1.7511
2026/03/26 20:56:57 - mmengine - INFO - Epoch(train)  [1][3200/5001]  lr: 2.5000e-05  eta: 1 day, 8:34:11  time: 1.1416  data_time: 0.0030  memory: 7765  grad_norm: 57.0046  loss: 11.3550  rpn_s.0.loss_cls: 0.8323  rpn_s.0.loss_bbox: 0.1594  rpn_s.0.loss_giou: 0.9322  rpn_s.1.loss_cls: 0.6546  rpn_s.1.loss_bbox: 0.0804  rpn_s.1.loss_giou: 0.5294  rpn_s.2.loss_cls: 0.5841  rpn_s.2.loss_bbox: 0.0716  rpn_s.2.loss_giou: 0.4609  rpn_s.3.loss_cls: 0.5626  rpn_s.3.loss_bbox: 0.0652  rpn_s.3.loss_giou: 0.4440  s0.loss_cls: 0.6762  s0.pos_acc: 36.3636  s0.loss_bbox: 0.5447  s0.loss_iou: 1.7544  s1.loss_cls: 0.7057  s1.pos_acc: 27.2727  s1.loss_bbox: 0.5498  s1.loss_iou: 1.7474
2026/03/26 20:57:54 - mmengine - INFO - Epoch(train)  [1][3250/5001]  lr: 2.5000e-05  eta: 1 day, 8:37:06  time: 1.1289  data_time: 0.0031  memory: 7765  grad_norm: 63.7415  loss: 11.7699  rpn_s.0.loss_cls: 0.8295  rpn_s.0.loss_bbox: 0.1606  rpn_s.0.loss_giou: 0.9833  rpn_s.1.loss_cls: 0.6614  rpn_s.1.loss_bbox: 0.0796  rpn_s.1.loss_giou: 0.5547  rpn_s.2.loss_cls: 0.6040  rpn_s.2.loss_bbox: 0.0656  rpn_s.2.loss_giou: 0.4834  rpn_s.3.loss_cls: 0.5734  rpn_s.3.loss_bbox: 0.0594  rpn_s.3.loss_giou: 0.4600  s0.loss_cls: 0.7215  s0.pos_acc: 16.6667  s0.loss_bbox: 0.6594  s0.loss_iou: 1.7144  s1.loss_cls: 0.7235  s1.pos_acc: 33.3333  s1.loss_bbox: 0.6671  s1.loss_iou: 1.7692
2026/03/26 20:58:50 - mmengine - INFO - Epoch(train)  [1][3300/5001]  lr: 2.5000e-05  eta: 1 day, 8:40:01  time: 1.1331  data_time: 0.0030  memory: 7765  grad_norm: 58.5928  loss: 12.1608  rpn_s.0.loss_cls: 0.7874  rpn_s.0.loss_bbox: 0.1595  rpn_s.0.loss_giou: 0.9847  rpn_s.1.loss_cls: 0.6297  rpn_s.1.loss_bbox: 0.0803  rpn_s.1.loss_giou: 0.5625  rpn_s.2.loss_cls: 0.5861  rpn_s.2.loss_bbox: 0.0692  rpn_s.2.loss_giou: 0.4992  rpn_s.3.loss_cls: 0.5611  rpn_s.3.loss_bbox: 0.0648  rpn_s.3.loss_giou: 0.4688  s0.loss_cls: 0.6526  s0.pos_acc: 66.6667  s0.loss_bbox: 0.6569  s0.loss_iou: 2.0110  s1.loss_cls: 0.6767  s1.pos_acc: 75.0000  s1.loss_bbox: 0.6631  s1.loss_iou: 2.0473
2026/03/26 20:59:46 - mmengine - INFO - Epoch(train)  [1][3350/5001]  lr: 2.5000e-05  eta: 1 day, 8:42:29  time: 1.1213  data_time: 0.0031  memory: 7765  grad_norm: 63.8300  loss: 12.9275  rpn_s.0.loss_cls: 0.8078  rpn_s.0.loss_bbox: 0.1517  rpn_s.0.loss_giou: 1.0581  rpn_s.1.loss_cls: 0.6289  rpn_s.1.loss_bbox: 0.0710  rpn_s.1.loss_giou: 0.5764  rpn_s.2.loss_cls: 0.5701  rpn_s.2.loss_bbox: 0.0566  rpn_s.2.loss_giou: 0.4972  rpn_s.3.loss_cls: 0.5379  rpn_s.3.loss_bbox: 0.0533  rpn_s.3.loss_giou: 0.4792  s0.loss_cls: 0.7489  s0.pos_acc: 64.4928  s0.loss_bbox: 0.6706  s0.loss_iou: 2.2580  s1.loss_cls: 0.7741  s1.pos_acc: 66.6667  s1.loss_bbox: 0.6645  s1.loss_iou: 2.3231
2026/03/26 21:00:42 - mmengine - INFO - Epoch(train)  [1][3400/5001]  lr: 2.5000e-05  eta: 1 day, 8:44:51  time: 1.1214  data_time: 0.0031  memory: 7765  grad_norm: 58.9102  loss: 12.8523  rpn_s.0.loss_cls: 0.8471  rpn_s.0.loss_bbox: 0.1624  rpn_s.0.loss_giou: 1.0552  rpn_s.1.loss_cls: 0.6491  rpn_s.1.loss_bbox: 0.0745  rpn_s.1.loss_giou: 0.5818  rpn_s.2.loss_cls: 0.6000  rpn_s.2.loss_bbox: 0.0608  rpn_s.2.loss_giou: 0.5040  rpn_s.3.loss_cls: 0.5748  rpn_s.3.loss_bbox: 0.0576  rpn_s.3.loss_giou: 0.4820  s0.loss_cls: 0.7593  s0.pos_acc: 50.0000  s0.loss_bbox: 0.7143  s0.loss_iou: 2.1113  s1.loss_cls: 0.7835  s1.pos_acc: 41.6667  s1.loss_bbox: 0.7159  s1.loss_iou: 2.1187
2026/03/26 21:01:39 - mmengine - INFO - Epoch(train)  [1][3450/5001]  lr: 2.5000e-05  eta: 1 day, 8:47:17  time: 1.1271  data_time: 0.0032  memory: 7765  grad_norm: 59.6536  loss: 12.3944  rpn_s.0.loss_cls: 0.8030  rpn_s.0.loss_bbox: 0.1631  rpn_s.0.loss_giou: 1.0078  rpn_s.1.loss_cls: 0.6398  rpn_s.1.loss_bbox: 0.0771  rpn_s.1.loss_giou: 0.5563  rpn_s.2.loss_cls: 0.5829  rpn_s.2.loss_bbox: 0.0630  rpn_s.2.loss_giou: 0.4675  rpn_s.3.loss_cls: 0.5617  rpn_s.3.loss_bbox: 0.0586  rpn_s.3.loss_giou: 0.4501  s0.loss_cls: 0.7128  s0.pos_acc: 52.5641  s0.loss_bbox: 0.7252  s0.loss_iou: 2.0020  s1.loss_cls: 0.7466  s1.pos_acc: 48.7179  s1.loss_bbox: 0.7045  s1.loss_iou: 2.0723
2026/03/26 21:02:35 - mmengine - INFO - Epoch(train)  [1][3500/5001]  lr: 2.5000e-05  eta: 1 day, 8:49:47  time: 1.1333  data_time: 0.0031  memory: 7764  grad_norm: 63.0758  loss: 10.5730  rpn_s.0.loss_cls: 0.8007  rpn_s.0.loss_bbox: 0.1428  rpn_s.0.loss_giou: 0.8687  rpn_s.1.loss_cls: 0.6179  rpn_s.1.loss_bbox: 0.0710  rpn_s.1.loss_giou: 0.4881  rpn_s.2.loss_cls: 0.5610  rpn_s.2.loss_bbox: 0.0602  rpn_s.2.loss_giou: 0.4211  rpn_s.3.loss_cls: 0.5373  rpn_s.3.loss_bbox: 0.0568  rpn_s.3.loss_giou: 0.4041  s0.loss_cls: 0.6167  s0.pos_acc: 80.0000  s0.loss_bbox: 0.5585  s0.loss_iou: 1.5907  s1.loss_cls: 0.6270  s1.pos_acc: 90.0000  s1.loss_bbox: 0.5159  s1.loss_iou: 1.6345
2026/03/26 21:03:32 - mmengine - INFO - Epoch(train)  [1][3550/5001]  lr: 2.5000e-05  eta: 1 day, 8:52:20  time: 1.1382  data_time: 0.0032  memory: 7765  grad_norm: 54.1598  loss: 11.6026  rpn_s.0.loss_cls: 0.7889  rpn_s.0.loss_bbox: 0.1588  rpn_s.0.loss_giou: 1.0356  rpn_s.1.loss_cls: 0.6205  rpn_s.1.loss_bbox: 0.0721  rpn_s.1.loss_giou: 0.5687  rpn_s.2.loss_cls: 0.5661  rpn_s.2.loss_bbox: 0.0580  rpn_s.2.loss_giou: 0.4800  rpn_s.3.loss_cls: 0.5393  rpn_s.3.loss_bbox: 0.0527  rpn_s.3.loss_giou: 0.4588  s0.loss_cls: 0.6267  s0.pos_acc: 65.1316  s0.loss_bbox: 0.6027  s0.loss_iou: 1.8503  s1.loss_cls: 0.6456  s1.pos_acc: 69.7368  s1.loss_bbox: 0.5780  s1.loss_iou: 1.8998
2026/03/26 21:04:29 - mmengine - INFO - Epoch(train)  [1][3600/5001]  lr: 2.5000e-05  eta: 1 day, 8:54:53  time: 1.1420  data_time: 0.0031  memory: 7765  grad_norm: 50.5256  loss: 12.4310  rpn_s.0.loss_cls: 0.7941  rpn_s.0.loss_bbox: 0.1763  rpn_s.0.loss_giou: 1.1369  rpn_s.1.loss_cls: 0.6107  rpn_s.1.loss_bbox: 0.0812  rpn_s.1.loss_giou: 0.6353  rpn_s.2.loss_cls: 0.5426  rpn_s.2.loss_bbox: 0.0662  rpn_s.2.loss_giou: 0.5494  rpn_s.3.loss_cls: 0.5137  rpn_s.3.loss_bbox: 0.0602  rpn_s.3.loss_giou: 0.5186  s0.loss_cls: 0.6107  s0.pos_acc: 36.3636  s0.loss_bbox: 0.6725  s0.loss_iou: 2.0473  s1.loss_cls: 0.6338  s1.pos_acc: 45.4545  s1.loss_bbox: 0.6978  s1.loss_iou: 2.0839
2026/03/26 21:05:28 - mmengine - INFO - Epoch(train)  [1][3650/5001]  lr: 2.5000e-05  eta: 1 day, 8:57:52  time: 1.1620  data_time: 0.0032  memory: 7765  grad_norm: 59.4010  loss: 11.0870  rpn_s.0.loss_cls: 0.8109  rpn_s.0.loss_bbox: 0.1599  rpn_s.0.loss_giou: 0.9254  rpn_s.1.loss_cls: 0.6526  rpn_s.1.loss_bbox: 0.0855  rpn_s.1.loss_giou: 0.5398  rpn_s.2.loss_cls: 0.5884  rpn_s.2.loss_bbox: 0.0703  rpn_s.2.loss_giou: 0.4677  rpn_s.3.loss_cls: 0.5615  rpn_s.3.loss_bbox: 0.0667  rpn_s.3.loss_giou: 0.4444  s0.loss_cls: 0.5832  s0.pos_acc: 37.5000  s0.loss_bbox: 0.6209  s0.loss_iou: 1.5959  s1.loss_cls: 0.6057  s1.pos_acc: 43.7500  s1.loss_bbox: 0.6330  s1.loss_iou: 1.6753
2026/03/26 21:06:25 - mmengine - INFO - Epoch(train)  [1][3700/5001]  lr: 2.5000e-05  eta: 1 day, 9:00:19  time: 1.1462  data_time: 0.0031  memory: 7765  grad_norm: 61.2764  loss: 11.5829  rpn_s.0.loss_cls: 0.8100  rpn_s.0.loss_bbox: 0.1825  rpn_s.0.loss_giou: 0.9632  rpn_s.1.loss_cls: 0.6538  rpn_s.1.loss_bbox: 0.0986  rpn_s.1.loss_giou: 0.5534  rpn_s.2.loss_cls: 0.5861  rpn_s.2.loss_bbox: 0.0922  rpn_s.2.loss_giou: 0.4847  rpn_s.3.loss_cls: 0.5516  rpn_s.3.loss_bbox: 0.0901  rpn_s.3.loss_giou: 0.4677  s0.loss_cls: 0.6179  s0.pos_acc: 62.3077  s0.loss_bbox: 0.6553  s0.loss_iou: 1.7298  s1.loss_cls: 0.6274  s1.pos_acc: 62.3077  s1.loss_bbox: 0.6164  s1.loss_iou: 1.8020
2026/03/26 21:07:22 - mmengine - INFO - Epoch(train)  [1][3750/5001]  lr: 2.5000e-05  eta: 1 day, 9:02:41  time: 1.1455  data_time: 0.0032  memory: 7765  grad_norm: 56.1073  loss: 12.5400  rpn_s.0.loss_cls: 0.8535  rpn_s.0.loss_bbox: 0.1715  rpn_s.0.loss_giou: 1.1600  rpn_s.1.loss_cls: 0.6727  rpn_s.1.loss_bbox: 0.0743  rpn_s.1.loss_giou: 0.6224  rpn_s.2.loss_cls: 0.6097  rpn_s.2.loss_bbox: 0.0618  rpn_s.2.loss_giou: 0.5337  rpn_s.3.loss_cls: 0.5752  rpn_s.3.loss_bbox: 0.0577  rpn_s.3.loss_giou: 0.5086  s0.loss_cls: 0.6447  s0.pos_acc: 68.7500  s0.loss_bbox: 0.6811  s0.loss_iou: 1.9686  s1.loss_cls: 0.6763  s1.pos_acc: 56.2500  s1.loss_bbox: 0.6534  s1.loss_iou: 2.0147
2026/03/26 21:08:19 - mmengine - INFO - Epoch(train)  [1][3800/5001]  lr: 2.5000e-05  eta: 1 day, 9:04:48  time: 1.1400  data_time: 0.0032  memory: 7765  grad_norm: 56.5376  loss: 11.4726  rpn_s.0.loss_cls: 0.7929  rpn_s.0.loss_bbox: 0.1495  rpn_s.0.loss_giou: 0.9834  rpn_s.1.loss_cls: 0.6104  rpn_s.1.loss_bbox: 0.0757  rpn_s.1.loss_giou: 0.5469  rpn_s.2.loss_cls: 0.5704  rpn_s.2.loss_bbox: 0.0657  rpn_s.2.loss_giou: 0.4775  rpn_s.3.loss_cls: 0.5520  rpn_s.3.loss_bbox: 0.0631  rpn_s.3.loss_giou: 0.4577  s0.loss_cls: 0.6350  s0.pos_acc: 59.6774  s0.loss_bbox: 0.6014  s0.loss_iou: 1.8165  s1.loss_cls: 0.6614  s1.pos_acc: 59.6774  s1.loss_bbox: 0.5790  s1.loss_iou: 1.8341
2026/03/26 21:09:16 - mmengine - INFO - Epoch(train)  [1][3850/5001]  lr: 2.5000e-05  eta: 1 day, 9:06:37  time: 1.1309  data_time: 0.0033  memory: 7765  grad_norm: 57.4710  loss: 11.6790  rpn_s.0.loss_cls: 0.7966  rpn_s.0.loss_bbox: 0.1524  rpn_s.0.loss_giou: 0.9764  rpn_s.1.loss_cls: 0.6268  rpn_s.1.loss_bbox: 0.0752  rpn_s.1.loss_giou: 0.5557  rpn_s.2.loss_cls: 0.5615  rpn_s.2.loss_bbox: 0.0618  rpn_s.2.loss_giou: 0.4797  rpn_s.3.loss_cls: 0.5529  rpn_s.3.loss_bbox: 0.0573  rpn_s.3.loss_giou: 0.4550  s0.loss_cls: 0.6504  s0.pos_acc: 81.2500  s0.loss_bbox: 0.6098  s0.loss_iou: 1.8675  s1.loss_cls: 0.6786  s1.pos_acc: 81.2500  s1.loss_bbox: 0.5909  s1.loss_iou: 1.9303
2026/03/26 21:10:13 - mmengine - INFO - Epoch(train)  [1][3900/5001]  lr: 2.5000e-05  eta: 1 day, 9:08:39  time: 1.1425  data_time: 0.0032  memory: 7765  grad_norm: 58.1894  loss: 11.3439  rpn_s.0.loss_cls: 0.7923  rpn_s.0.loss_bbox: 0.1559  rpn_s.0.loss_giou: 1.0169  rpn_s.1.loss_cls: 0.6353  rpn_s.1.loss_bbox: 0.0753  rpn_s.1.loss_giou: 0.5580  rpn_s.2.loss_cls: 0.5582  rpn_s.2.loss_bbox: 0.0625  rpn_s.2.loss_giou: 0.4846  rpn_s.3.loss_cls: 0.5176  rpn_s.3.loss_bbox: 0.0579  rpn_s.3.loss_giou: 0.4584  s0.loss_cls: 0.5715  s0.pos_acc: 70.4301  s0.loss_bbox: 0.6067  s0.loss_iou: 1.7944  s1.loss_cls: 0.5862  s1.pos_acc: 72.5807  s1.loss_bbox: 0.5888  s1.loss_iou: 1.8234
2026/03/26 21:11:09 - mmengine - INFO - Epoch(train)  [1][3950/5001]  lr: 2.5000e-05  eta: 1 day, 9:10:02  time: 1.1188  data_time: 0.0031  memory: 7765  grad_norm: 58.6445  loss: 11.8031  rpn_s.0.loss_cls: 0.8337  rpn_s.0.loss_bbox: 0.1491  rpn_s.0.loss_giou: 0.9912  rpn_s.1.loss_cls: 0.6279  rpn_s.1.loss_bbox: 0.0664  rpn_s.1.loss_giou: 0.5475  rpn_s.2.loss_cls: 0.5805  rpn_s.2.loss_bbox: 0.0559  rpn_s.2.loss_giou: 0.4754  rpn_s.3.loss_cls: 0.5533  rpn_s.3.loss_bbox: 0.0515  rpn_s.3.loss_giou: 0.4559  s0.loss_cls: 0.6680  s0.pos_acc: 41.6667  s0.loss_bbox: 0.6793  s0.loss_iou: 1.8185  s1.loss_cls: 0.6900  s1.pos_acc: 66.6667  s1.loss_bbox: 0.6669  s1.loss_iou: 1.8921
2026/03/26 21:12:04 - mmengine - INFO - Exp name: GSDet_r50_b900_h2h4_h2r1_r2r1_2x_fair1m1.0_20260326_200141
2026/03/26 21:12:04 - mmengine - INFO - Epoch(train)  [1][4000/5001]  lr: 2.5000e-05  eta: 1 day, 9:11:07  time: 1.1090  data_time: 0.0031  memory: 7765  grad_norm: 57.3811  loss: 13.1563  rpn_s.0.loss_cls: 0.8064  rpn_s.0.loss_bbox: 0.1544  rpn_s.0.loss_giou: 1.0895  rpn_s.1.loss_cls: 0.6152  rpn_s.1.loss_bbox: 0.0715  rpn_s.1.loss_giou: 0.5907  rpn_s.2.loss_cls: 0.5520  rpn_s.2.loss_bbox: 0.0587  rpn_s.2.loss_giou: 0.5104  rpn_s.3.loss_cls: 0.5252  rpn_s.3.loss_bbox: 0.0554  rpn_s.3.loss_giou: 0.4886  s0.loss_cls: 0.7406  s0.pos_acc: 85.2941  s0.loss_bbox: 0.7543  s0.loss_iou: 2.3073  s1.loss_cls: 0.7549  s1.pos_acc: 88.2353  s1.loss_bbox: 0.7509  s1.loss_iou: 2.3303
2026/03/26 21:13:00 - mmengine - INFO - Epoch(train)  [1][4050/5001]  lr: 2.5000e-05  eta: 1 day, 9:12:17  time: 1.1146  data_time: 0.0033  memory: 7765  grad_norm: 57.7816  loss: 12.0574  rpn_s.0.loss_cls: 0.8548  rpn_s.0.loss_bbox: 0.1647  rpn_s.0.loss_giou: 1.0068  rpn_s.1.loss_cls: 0.6775  rpn_s.1.loss_bbox: 0.0798  rpn_s.1.loss_giou: 0.5677  rpn_s.2.loss_cls: 0.6035  rpn_s.2.loss_bbox: 0.0668  rpn_s.2.loss_giou: 0.4962  rpn_s.3.loss_cls: 0.5885  rpn_s.3.loss_bbox: 0.0627  rpn_s.3.loss_giou: 0.4758  s0.loss_cls: 0.7064  s0.pos_acc: 53.5714  s0.loss_bbox: 0.6192  s0.loss_iou: 1.8583  s1.loss_cls: 0.7448  s1.pos_acc: 62.5000  s1.loss_bbox: 0.5941  s1.loss_iou: 1.8897
2026/03/26 21:13:56 - mmengine - INFO - Epoch(train)  [1][4100/5001]  lr: 2.5000e-05  eta: 1 day, 9:13:38  time: 1.1243  data_time: 0.0032  memory: 7765  grad_norm: 58.9150  loss: 10.2093  rpn_s.0.loss_cls: 0.8207  rpn_s.0.loss_bbox: 0.1579  rpn_s.0.loss_giou: 0.8452  rpn_s.1.loss_cls: 0.6567  rpn_s.1.loss_bbox: 0.0789  rpn_s.1.loss_giou: 0.5135  rpn_s.2.loss_cls: 0.5991  rpn_s.2.loss_bbox: 0.0694  rpn_s.2.loss_giou: 0.4604  rpn_s.3.loss_cls: 0.5702  rpn_s.3.loss_bbox: 0.0658  rpn_s.3.loss_giou: 0.4425  s0.loss_cls: 0.5347  s0.pos_acc: 66.6667  s0.loss_bbox: 0.5034  s0.loss_iou: 1.4205  s1.loss_cls: 0.5415  s1.pos_acc: 75.0000  s1.loss_bbox: 0.5025  s1.loss_iou: 1.4264
2026/03/26 21:14:53 - mmengine - INFO - Epoch(train)  [1][4150/5001]  lr: 2.5000e-05  eta: 1 day, 9:15:08  time: 1.1334  data_time: 0.0031  memory: 7765  grad_norm: 74.8273  loss: 12.2676  rpn_s.0.loss_cls: 0.8940  rpn_s.0.loss_bbox: 0.1793  rpn_s.0.loss_giou: 0.9347  rpn_s.1.loss_cls: 0.7112  rpn_s.1.loss_bbox: 0.1064  rpn_s.1.loss_giou: 0.5724  rpn_s.2.loss_cls: 0.6710  rpn_s.2.loss_bbox: 0.1022  rpn_s.2.loss_giou: 0.5058  rpn_s.3.loss_cls: 0.6581  rpn_s.3.loss_bbox: 0.0948  rpn_s.3.loss_giou: 0.4804  s0.loss_cls: 0.6806  s0.pos_acc: 70.0000  s0.loss_bbox: 0.6477  s0.loss_iou: 1.8097  s1.loss_cls: 0.7100  s1.pos_acc: 60.0000  s1.loss_bbox: 0.6264  s1.loss_iou: 1.8832
2026/03/26 21:15:50 - mmengine - INFO - Epoch(train)  [1][4200/5001]  lr: 2.5000e-05  eta: 1 day, 9:16:52  time: 1.1456  data_time: 0.0032  memory: 7765  grad_norm: 57.9782  loss: 11.7857  rpn_s.0.loss_cls: 0.8140  rpn_s.0.loss_bbox: 0.1593  rpn_s.0.loss_giou: 1.0220  rpn_s.1.loss_cls: 0.6428  rpn_s.1.loss_bbox: 0.0765  rpn_s.1.loss_giou: 0.5710  rpn_s.2.loss_cls: 0.5779  rpn_s.2.loss_bbox: 0.0651  rpn_s.2.loss_giou: 0.4967  rpn_s.3.loss_cls: 0.5499  rpn_s.3.loss_bbox: 0.0630  rpn_s.3.loss_giou: 0.4771  s0.loss_cls: 0.6299  s0.pos_acc: 37.5000  s0.loss_bbox: 0.6121  s0.loss_iou: 1.8866  s1.loss_cls: 0.6462  s1.pos_acc: 43.7500  s1.loss_bbox: 0.5964  s1.loss_iou: 1.8993
2026/03/26 21:16:47 - mmengine - INFO - Epoch(train)  [1][4250/5001]  lr: 2.5000e-05  eta: 1 day, 9:18:21  time: 1.1380  data_time: 0.0031  memory: 7765  grad_norm: 68.0725  loss: 11.7282  rpn_s.0.loss_cls: 0.8339  rpn_s.0.loss_bbox: 0.1449  rpn_s.0.loss_giou: 1.0243  rpn_s.1.loss_cls: 0.6588  rpn_s.1.loss_bbox: 0.0689  rpn_s.1.loss_giou: 0.5685  rpn_s.2.loss_cls: 0.5990  rpn_s.2.loss_bbox: 0.0564  rpn_s.2.loss_giou: 0.4891  rpn_s.3.loss_cls: 0.5873  rpn_s.3.loss_bbox: 0.0530  rpn_s.3.loss_giou: 0.4674  s0.loss_cls: 0.7558  s0.pos_acc: 50.0000  s0.loss_bbox: 0.5903  s0.loss_iou: 1.7311  s1.loss_cls: 0.7376  s1.pos_acc: 50.0000  s1.loss_bbox: 0.5995  s1.loss_iou: 1.7625
2026/03/26 21:17:44 - mmengine - INFO - Epoch(train)  [1][4300/5001]  lr: 2.5000e-05  eta: 1 day, 9:19:48  time: 1.1386  data_time: 0.0031  memory: 7765  grad_norm: 57.2715  loss: 11.6901  rpn_s.0.loss_cls: 0.8495  rpn_s.0.loss_bbox: 0.1536  rpn_s.0.loss_giou: 1.0108  rpn_s.1.loss_cls: 0.6591  rpn_s.1.loss_bbox: 0.0713  rpn_s.1.loss_giou: 0.5494  rpn_s.2.loss_cls: 0.5962  rpn_s.2.loss_bbox: 0.0612  rpn_s.2.loss_giou: 0.4847  rpn_s.3.loss_cls: 0.5715  rpn_s.3.loss_bbox: 0.0558  rpn_s.3.loss_giou: 0.4605  s0.loss_cls: 0.6585  s0.pos_acc: 45.0000  s0.loss_bbox: 0.6056  s0.loss_iou: 1.7796  s1.loss_cls: 0.6784  s1.pos_acc: 37.5000  s1.loss_bbox: 0.6168  s1.loss_iou: 1.8277
2026/03/26 21:18:41 - mmengine - INFO - Epoch(train)  [1][4350/5001]  lr: 2.5000e-05  eta: 1 day, 9:21:16  time: 1.1422  data_time: 0.0031  memory: 7765  grad_norm: 70.1209  loss: 11.6197  rpn_s.0.loss_cls: 0.8422  rpn_s.0.loss_bbox: 0.1492  rpn_s.0.loss_giou: 0.9227  rpn_s.1.loss_cls: 0.6563  rpn_s.1.loss_bbox: 0.0784  rpn_s.1.loss_giou: 0.5286  rpn_s.2.loss_cls: 0.5988  rpn_s.2.loss_bbox: 0.0678  rpn_s.2.loss_giou: 0.4692  rpn_s.3.loss_cls: 0.5843  rpn_s.3.loss_bbox: 0.0639  rpn_s.3.loss_giou: 0.4509  s0.loss_cls: 0.6857  s0.pos_acc: 63.6364  s0.loss_bbox: 0.6047  s0.loss_iou: 1.7671  s1.loss_cls: 0.6987  s1.pos_acc: 57.5758  s1.loss_bbox: 0.6165  s1.loss_iou: 1.8351
2026/03/26 21:19:37 - mmengine - INFO - Epoch(train)  [1][4400/5001]  lr: 2.5000e-05  eta: 1 day, 9:22:18  time: 1.1248  data_time: 0.0032  memory: 7765  grad_norm: 60.5257  loss: 11.1851  rpn_s.0.loss_cls: 0.7905  rpn_s.0.loss_bbox: 0.1341  rpn_s.0.loss_giou: 0.9372  rpn_s.1.loss_cls: 0.6054  rpn_s.1.loss_bbox: 0.0621  rpn_s.1.loss_giou: 0.5096  rpn_s.2.loss_cls: 0.5532  rpn_s.2.loss_bbox: 0.0544  rpn_s.2.loss_giou: 0.4556  rpn_s.3.loss_cls: 0.5332  rpn_s.3.loss_bbox: 0.0495  rpn_s.3.loss_giou: 0.4229  s0.loss_cls: 0.6421  s0.pos_acc: 58.2090  s0.loss_bbox: 0.6307  s0.loss_iou: 1.7385  s1.loss_cls: 0.6605  s1.pos_acc: 54.4776  s1.loss_bbox: 0.6358  s1.loss_iou: 1.7697
2026/03/26 21:20:34 - mmengine - INFO - Epoch(train)  [1][4450/5001]  lr: 2.5000e-05  eta: 1 day, 9:23:21  time: 1.1271  data_time: 0.0032  memory: 7765  grad_norm: 56.7564  loss: 12.6099  rpn_s.0.loss_cls: 0.8054  rpn_s.0.loss_bbox: 0.1508  rpn_s.0.loss_giou: 1.0656  rpn_s.1.loss_cls: 0.6163  rpn_s.1.loss_bbox: 0.0646  rpn_s.1.loss_giou: 0.5782  rpn_s.2.loss_cls: 0.5628  rpn_s.2.loss_bbox: 0.0525  rpn_s.2.loss_giou: 0.4937  rpn_s.3.loss_cls: 0.5308  rpn_s.3.loss_bbox: 0.0475  rpn_s.3.loss_giou: 0.4714  s0.loss_cls: 0.6863  s0.pos_acc: 45.0000  s0.loss_bbox: 0.7041  s0.loss_iou: 2.1583  s1.loss_cls: 0.6982  s1.pos_acc: 85.0000  s1.loss_bbox: 0.7263  s1.loss_iou: 2.1971
2026/03/26 21:21:30 - mmengine - INFO - Epoch(train)  [1][4500/5001]  lr: 2.5000e-05  eta: 1 day, 9:24:12  time: 1.1210  data_time: 0.0031  memory: 7765  grad_norm: 60.4727  loss: 12.5750  rpn_s.0.loss_cls: 0.8550  rpn_s.0.loss_bbox: 0.1554  rpn_s.0.loss_giou: 1.1567  rpn_s.1.loss_cls: 0.6436  rpn_s.1.loss_bbox: 0.0686  rpn_s.1.loss_giou: 0.6077  rpn_s.2.loss_cls: 0.5894  rpn_s.2.loss_bbox: 0.0552  rpn_s.2.loss_giou: 0.5236  rpn_s.3.loss_cls: 0.5667  rpn_s.3.loss_bbox: 0.0514  rpn_s.3.loss_giou: 0.4963  s0.loss_cls: 0.6462  s0.pos_acc: 69.2308  s0.loss_bbox: 0.7633  s0.loss_iou: 1.9916  s1.loss_cls: 0.6718  s1.pos_acc: 78.8462  s1.loss_bbox: 0.7385  s1.loss_iou: 1.9940
2026/03/26 21:22:26 - mmengine - INFO - Epoch(train)  [1][4550/5001]  lr: 2.5000e-05  eta: 1 day, 9:25:04  time: 1.1228  data_time: 0.0032  memory: 7764  grad_norm: 57.9317  loss: 10.3916  rpn_s.0.loss_cls: 0.7851  rpn_s.0.loss_bbox: 0.1463  rpn_s.0.loss_giou: 0.9119  rpn_s.1.loss_cls: 0.5982  rpn_s.1.loss_bbox: 0.0765  rpn_s.1.loss_giou: 0.5174  rpn_s.2.loss_cls: 0.5414  rpn_s.2.loss_bbox: 0.0627  rpn_s.2.loss_giou: 0.4469  rpn_s.3.loss_cls: 0.5043  rpn_s.3.loss_bbox: 0.0583  rpn_s.3.loss_giou: 0.4308  s0.loss_cls: 0.5678  s0.pos_acc: 57.1429  s0.loss_bbox: 0.5656  s0.loss_iou: 1.4872  s1.loss_cls: 0.5986  s1.pos_acc: 57.1429  s1.loss_bbox: 0.5431  s1.loss_iou: 1.5495
2026/03/26 21:23:22 - mmengine - INFO - Epoch(train)  [1][4600/5001]  lr: 2.5000e-05  eta: 1 day, 9:26:02  time: 1.1296  data_time: 0.0031  memory: 7764  grad_norm: 57.9454  loss: 11.0989  rpn_s.0.loss_cls: 0.8164  rpn_s.0.loss_bbox: 0.1513  rpn_s.0.loss_giou: 1.0034  rpn_s.1.loss_cls: 0.6283  rpn_s.1.loss_bbox: 0.0672  rpn_s.1.loss_giou: 0.5218  rpn_s.2.loss_cls: 0.5532  rpn_s.2.loss_bbox: 0.0586  rpn_s.2.loss_giou: 0.4626  rpn_s.3.loss_cls: 0.5228  rpn_s.3.loss_bbox: 0.0543  rpn_s.3.loss_giou: 0.4424  s0.loss_cls: 0.6108  s0.pos_acc: 57.1429  s0.loss_bbox: 0.6062  s0.loss_iou: 1.6441  s1.loss_cls: 0.6295  s1.pos_acc: 55.7143  s1.loss_bbox: 0.6568  s1.loss_iou: 1.6693
2026/03/26 21:24:19 - mmengine - INFO - Epoch(train)  [1][4650/5001]  lr: 2.5000e-05  eta: 1 day, 9:27:09  time: 1.1389  data_time: 0.0031  memory: 7765  grad_norm: 57.1272  loss: 11.1940  rpn_s.0.loss_cls: 0.7708  rpn_s.0.loss_bbox: 0.1389  rpn_s.0.loss_giou: 0.9821  rpn_s.1.loss_cls: 0.5787  rpn_s.1.loss_bbox: 0.0687  rpn_s.1.loss_giou: 0.5423  rpn_s.2.loss_cls: 0.5126  rpn_s.2.loss_bbox: 0.0560  rpn_s.2.loss_giou: 0.4701  rpn_s.3.loss_cls: 0.4898  rpn_s.3.loss_bbox: 0.0505  rpn_s.3.loss_giou: 0.4441  s0.loss_cls: 0.6049  s0.pos_acc: 45.4545  s0.loss_bbox: 0.5802  s0.loss_iou: 1.8233  s1.loss_cls: 0.6140  s1.pos_acc: 54.5455  s1.loss_bbox: 0.5861  s1.loss_iou: 1.8810
2026/03/26 21:25:17 - mmengine - INFO - Epoch(train)  [1][4700/5001]  lr: 2.5000e-05  eta: 1 day, 9:28:33  time: 1.1540  data_time: 0.0033  memory: 7765  grad_norm: 56.5639  loss: 11.1066  rpn_s.0.loss_cls: 0.7833  rpn_s.0.loss_bbox: 0.1493  rpn_s.0.loss_giou: 0.9846  rpn_s.1.loss_cls: 0.6067  rpn_s.1.loss_bbox: 0.0789  rpn_s.1.loss_giou: 0.5438  rpn_s.2.loss_cls: 0.5424  rpn_s.2.loss_bbox: 0.0651  rpn_s.2.loss_giou: 0.4754  rpn_s.3.loss_cls: 0.5107  rpn_s.3.loss_bbox: 0.0603  rpn_s.3.loss_giou: 0.4507  s0.loss_cls: 0.5947  s0.pos_acc: 71.1538  s0.loss_bbox: 0.6033  s0.loss_iou: 1.6878  s1.loss_cls: 0.6065  s1.pos_acc: 67.9487  s1.loss_bbox: 0.6243  s1.loss_iou: 1.7388
2026/03/26 21:26:14 - mmengine - INFO - Epoch(train)  [1][4750/5001]  lr: 2.5000e-05  eta: 1 day, 9:29:46  time: 1.1488  data_time: 0.0032  memory: 7765  grad_norm: 53.9580  loss: 10.5125  rpn_s.0.loss_cls: 0.8004  rpn_s.0.loss_bbox: 0.1445  rpn_s.0.loss_giou: 0.9089  rpn_s.1.loss_cls: 0.6298  rpn_s.1.loss_bbox: 0.0707  rpn_s.1.loss_giou: 0.5098  rpn_s.2.loss_cls: 0.5753  rpn_s.2.loss_bbox: 0.0620  rpn_s.2.loss_giou: 0.4493  rpn_s.3.loss_cls: 0.5343  rpn_s.3.loss_bbox: 0.0574  rpn_s.3.loss_giou: 0.4283  s0.loss_cls: 0.5702  s0.pos_acc: 62.5000  s0.loss_bbox: 0.5788  s0.loss_iou: 1.5046  s1.loss_cls: 0.6035  s1.pos_acc: 25.0000  s1.loss_bbox: 0.5632  s1.loss_iou: 1.5215
2026/03/26 21:27:12 - mmengine - INFO - Epoch(train)  [1][4800/5001]  lr: 2.5000e-05  eta: 1 day, 9:30:56  time: 1.1475  data_time: 0.0032  memory: 7765  grad_norm: 57.1362  loss: 12.5562  rpn_s.0.loss_cls: 0.8034  rpn_s.0.loss_bbox: 0.1524  rpn_s.0.loss_giou: 0.9805  rpn_s.1.loss_cls: 0.6321  rpn_s.1.loss_bbox: 0.0744  rpn_s.1.loss_giou: 0.5656  rpn_s.2.loss_cls: 0.5808  rpn_s.2.loss_bbox: 0.0635  rpn_s.2.loss_giou: 0.4930  rpn_s.3.loss_cls: 0.5563  rpn_s.3.loss_bbox: 0.0591  rpn_s.3.loss_giou: 0.4705  s0.loss_cls: 0.7462  s0.pos_acc: 76.2274  s0.loss_bbox: 0.6625  s0.loss_iou: 2.1306  s1.loss_cls: 0.7761  s1.pos_acc: 74.2894  s1.loss_bbox: 0.6752  s1.loss_iou: 2.1342
2026/03/26 21:28:09 - mmengine - INFO - Epoch(train)  [1][4850/5001]  lr: 2.5000e-05  eta: 1 day, 9:32:06  time: 1.1503  data_time: 0.0032  memory: 7764  grad_norm: 59.2132  loss: 10.6882  rpn_s.0.loss_cls: 0.7793  rpn_s.0.loss_bbox: 0.1462  rpn_s.0.loss_giou: 0.9354  rpn_s.1.loss_cls: 0.5986  rpn_s.1.loss_bbox: 0.0684  rpn_s.1.loss_giou: 0.5089  rpn_s.2.loss_cls: 0.5409  rpn_s.2.loss_bbox: 0.0569  rpn_s.2.loss_giou: 0.4374  rpn_s.3.loss_cls: 0.5217  rpn_s.3.loss_bbox: 0.0525  rpn_s.3.loss_giou: 0.4092  s0.loss_cls: 0.5912  s0.pos_acc: 60.0000  s0.loss_bbox: 0.5541  s0.loss_iou: 1.6118  s1.loss_cls: 0.5948  s1.pos_acc: 60.0000  s1.loss_bbox: 0.5936  s1.loss_iou: 1.6872
2026/03/26 21:29:06 - mmengine - INFO - Epoch(train)  [1][4900/5001]  lr: 2.5000e-05  eta: 1 day, 9:33:02  time: 1.1407  data_time: 0.0031  memory: 7764  grad_norm: 60.7277  loss: 10.6376  rpn_s.0.loss_cls: 0.7780  rpn_s.0.loss_bbox: 0.1449  rpn_s.0.loss_giou: 0.9044  rpn_s.1.loss_cls: 0.6290  rpn_s.1.loss_bbox: 0.0666  rpn_s.1.loss_giou: 0.4830  rpn_s.2.loss_cls: 0.5627  rpn_s.2.loss_bbox: 0.0552  rpn_s.2.loss_giou: 0.4176  rpn_s.3.loss_cls: 0.5384  rpn_s.3.loss_bbox: 0.0519  rpn_s.3.loss_giou: 0.4006  s0.loss_cls: 0.6328  s0.pos_acc: 47.5000  s0.loss_bbox: 0.5860  s0.loss_iou: 1.5718  s1.loss_cls: 0.6360  s1.pos_acc: 57.5000  s1.loss_bbox: 0.5670  s1.loss_iou: 1.6119
2026/03/26 21:30:03 - mmengine - INFO - Epoch(train)  [1][4950/5001]  lr: 2.5000e-05  eta: 1 day, 9:33:48  time: 1.1335  data_time: 0.0031  memory: 7765  grad_norm: 52.8287  loss: 11.1731  rpn_s.0.loss_cls: 0.7713  rpn_s.0.loss_bbox: 0.1355  rpn_s.0.loss_giou: 0.9403  rpn_s.1.loss_cls: 0.5829  rpn_s.1.loss_bbox: 0.0675  rpn_s.1.loss_giou: 0.5200  rpn_s.2.loss_cls: 0.5349  rpn_s.2.loss_bbox: 0.0563  rpn_s.2.loss_giou: 0.4512  rpn_s.3.loss_cls: 0.5154  rpn_s.3.loss_bbox: 0.0523  rpn_s.3.loss_giou: 0.4297  s0.loss_cls: 0.6408  s0.pos_acc: 22.2222  s0.loss_bbox: 0.6276  s0.loss_iou: 1.7738  s1.loss_cls: 0.6636  s1.pos_acc: 16.6667  s1.loss_bbox: 0.6289  s1.loss_iou: 1.7810
2026/03/26 21:30:59 - mmengine - INFO - Exp name: GSDet_r50_b900_h2h4_h2r1_r2r1_2x_fair1m1.0_20260326_200141
2026/03/26 21:30:59 - mmengine - INFO - Epoch(train)  [1][5000/5001]  lr: 2.5000e-05  eta: 1 day, 9:34:15  time: 1.1196  data_time: 0.0031  memory: 7765  grad_norm: 55.7738  loss: 12.2719  rpn_s.0.loss_cls: 0.8366  rpn_s.0.loss_bbox: 0.1573  rpn_s.0.loss_giou: 1.1020  rpn_s.1.loss_cls: 0.6270  rpn_s.1.loss_bbox: 0.0710  rpn_s.1.loss_giou: 0.5998  rpn_s.2.loss_cls: 0.5573  rpn_s.2.loss_bbox: 0.0605  rpn_s.2.loss_giou: 0.5123  rpn_s.3.loss_cls: 0.5311  rpn_s.3.loss_bbox: 0.0539  rpn_s.3.loss_giou: 0.4844  s0.loss_cls: 0.6520  s0.pos_acc: 83.3333  s0.loss_bbox: 0.6589  s0.loss_iou: 2.0065  s1.loss_cls: 0.6674  s1.pos_acc: 83.3333  s1.loss_bbox: 0.6720  s1.loss_iou: 2.0218
2026/03/26 21:31:00 - mmengine - INFO - Exp name: GSDet_r50_b900_h2h4_h2r1_r2r1_2x_fair1m1.0_20260326_200141
2026/03/26 21:31:00 - mmengine - INFO - Saving checkpoint at 1 epochs
2026/03/26 21:31:59 - mmengine - INFO - Epoch(train)  [2][  50/5001]  lr: 2.5000e-05  eta: 1 day, 9:34:46  time: 1.1236  data_time: 0.0039  memory: 7765  grad_norm: 64.6777  loss: 11.2295  rpn_s.0.loss_cls: 0.8138  rpn_s.0.loss_bbox: 0.1557  rpn_s.0.loss_giou: 0.9283  rpn_s.1.loss_cls: 0.6061  rpn_s.1.loss_bbox: 0.0778  rpn_s.1.loss_giou: 0.5234  rpn_s.2.loss_cls: 0.5468  rpn_s.2.loss_bbox: 0.0663  rpn_s.2.loss_giou: 0.4686  rpn_s.3.loss_cls: 0.5121  rpn_s.3.loss_bbox: 0.0626  rpn_s.3.loss_giou: 0.4498  s0.loss_cls: 0.6558  s0.pos_acc: 46.7742  s0.loss_bbox: 0.6208  s0.loss_iou: 1.7146  s1.loss_cls: 0.6644  s1.pos_acc: 48.3871  s1.loss_bbox: 0.6341  s1.loss_iou: 1.7286
2026/03/26 21:32:55 - mmengine - INFO - Epoch(train)  [2][ 100/5001]  lr: 2.5000e-05  eta: 1 day, 9:35:12  time: 1.1208  data_time: 0.0032  memory: 7765  grad_norm: 59.9249  loss: 9.7765  rpn_s.0.loss_cls: 0.7542  rpn_s.0.loss_bbox: 0.1389  rpn_s.0.loss_giou: 0.8332  rpn_s.1.loss_cls: 0.5839  rpn_s.1.loss_bbox: 0.0674  rpn_s.1.loss_giou: 0.4470  rpn_s.2.loss_cls: 0.5223  rpn_s.2.loss_bbox: 0.0570  rpn_s.2.loss_giou: 0.3924  rpn_s.3.loss_cls: 0.5001  rpn_s.3.loss_bbox: 0.0529  rpn_s.3.loss_giou: 0.3751  s0.loss_cls: 0.5593  s0.pos_acc: 80.3030  s0.loss_bbox: 0.5289  s0.loss_iou: 1.4042  s1.loss_cls: 0.5722  s1.pos_acc: 84.8485  s1.loss_bbox: 0.5429  s1.loss_iou: 1.4445
2026/03/26 21:33:51 - mmengine - INFO - Epoch(train)  [2][ 150/5001]  lr: 2.5000e-05  eta: 1 day, 9:35:37  time: 1.1225  data_time: 0.0031  memory: 7765  grad_norm: 64.5791  loss: 10.6200  rpn_s.0.loss_cls: 0.7853  rpn_s.0.loss_bbox: 0.1548  rpn_s.0.loss_giou: 0.9172  rpn_s.1.loss_cls: 0.5943  rpn_s.1.loss_bbox: 0.0839  rpn_s.1.loss_giou: 0.5166  rpn_s.2.loss_cls: 0.5318  rpn_s.2.loss_bbox: 0.0683  rpn_s.2.loss_giou: 0.4434  rpn_s.3.loss_cls: 0.5154  rpn_s.3.loss_bbox: 0.0635  rpn_s.3.loss_giou: 0.4201  s0.loss_cls: 0.5890  s0.pos_acc: 100.0000  s0.loss_bbox: 0.5199  s0.loss_iou: 1.6323  s1.loss_cls: 0.6065  s1.pos_acc: 100.0000  s1.loss_bbox: 0.5217  s1.loss_iou: 1.6561
2026/03/26 21:34:47 - mmengine - INFO - Epoch(train)  [2][ 200/5001]  lr: 2.5000e-05  eta: 1 day, 9:36:06  time: 1.1268  data_time: 0.0031  memory: 7765  grad_norm: 56.7524  loss: 11.4463  rpn_s.0.loss_cls: 0.8247  rpn_s.0.loss_bbox: 0.1476  rpn_s.0.loss_giou: 0.9787  rpn_s.1.loss_cls: 0.6044  rpn_s.1.loss_bbox: 0.0684  rpn_s.1.loss_giou: 0.5425  rpn_s.2.loss_cls: 0.5537  rpn_s.2.loss_bbox: 0.0576  rpn_s.2.loss_giou: 0.4677  rpn_s.3.loss_cls: 0.5348  rpn_s.3.loss_bbox: 0.0544  rpn_s.3.loss_giou: 0.4488  s0.loss_cls: 0.6507  s0.pos_acc: 50.0000  s0.loss_bbox: 0.6301  s0.loss_iou: 1.7678  s1.loss_cls: 0.6856  s1.pos_acc: 50.0000  s1.loss_bbox: 0.6343  s1.loss_iou: 1.7946
2026/03/26 21:35:44 - mmengine - INFO - Epoch(train)  [2][ 250/5001]  lr: 2.5000e-05  eta: 1 day, 9:36:48  time: 1.1394  data_time: 0.0032  memory: 7764  grad_norm: 55.5420  loss: 11.5723  rpn_s.0.loss_cls: 0.8086  rpn_s.0.loss_bbox: 0.1593  rpn_s.0.loss_giou: 0.9318  rpn_s.1.loss_cls: 0.6186  rpn_s.1.loss_bbox: 0.0748  rpn_s.1.loss_giou: 0.5232  rpn_s.2.loss_cls: 0.5645  rpn_s.2.loss_bbox: 0.0608  rpn_s.2.loss_giou: 0.4524  rpn_s.3.loss_cls: 0.5216  rpn_s.3.loss_bbox: 0.0557  rpn_s.3.loss_giou: 0.4315  s0.loss_cls: 0.6457  s0.pos_acc: 65.2985  s0.loss_bbox: 0.6685  s0.loss_iou: 1.8464  s1.loss_cls: 0.6665  s1.pos_acc: 68.2836  s1.loss_bbox: 0.6643  s1.loss_iou: 1.8782
2026/03/26 21:36:41 - mmengine - INFO - Epoch(train)  [2][ 300/5001]  lr: 2.5000e-05  eta: 1 day, 9:37:20  time: 1.1328  data_time: 0.0031  memory: 7765  grad_norm: 56.1314  loss: 12.3594  rpn_s.0.loss_cls: 0.7666  rpn_s.0.loss_bbox: 0.1423  rpn_s.0.loss_giou: 1.0367  rpn_s.1.loss_cls: 0.5792  rpn_s.1.loss_bbox: 0.0639  rpn_s.1.loss_giou: 0.5543  rpn_s.2.loss_cls: 0.5298  rpn_s.2.loss_bbox: 0.0530  rpn_s.2.loss_giou: 0.4808  rpn_s.3.loss_cls: 0.4924  rpn_s.3.loss_bbox: 0.0474  rpn_s.3.loss_giou: 0.4485  s0.loss_cls: 0.6867  s0.pos_acc: 49.1525  s0.loss_bbox: 0.7070  s0.loss_iou: 2.1449  s1.loss_cls: 0.7177  s1.pos_acc: 52.8249  s1.loss_bbox: 0.7394  s1.loss_iou: 2.1688
2026/03/26 21:37:37 - mmengine - INFO - Epoch(train)  [2][ 350/5001]  lr: 2.5000e-05  eta: 1 day, 9:37:39  time: 1.1218  data_time: 0.0030  memory: 7764  grad_norm: 56.3323  loss: 9.8928  rpn_s.0.loss_cls: 0.7856  rpn_s.0.loss_bbox: 0.1367  rpn_s.0.loss_giou: 0.8493  rpn_s.1.loss_cls: 0.6092  rpn_s.1.loss_bbox: 0.0672  rpn_s.1.loss_giou: 0.4825  rpn_s.2.loss_cls: 0.5473  rpn_s.2.loss_bbox: 0.0574  rpn_s.2.loss_giou: 0.4193  rpn_s.3.loss_cls: 0.5163  rpn_s.3.loss_bbox: 0.0521  rpn_s.3.loss_giou: 0.3966  s0.loss_cls: 0.5430  s0.pos_acc: 58.6207  s0.loss_bbox: 0.5254  s0.loss_iou: 1.3973  s1.loss_cls: 0.5462  s1.pos_acc: 58.6207  s1.loss_bbox: 0.5226  s1.loss_iou: 1.4389
2026/03/26 21:38:33 - mmengine - INFO - Epoch(train)  [2][ 400/5001]  lr: 2.5000e-05  eta: 1 day, 9:38:04  time: 1.1294  data_time: 0.0030  memory: 7765  grad_norm: 55.5688  loss: 11.1181  rpn_s.0.loss_cls: 0.7654  rpn_s.0.loss_bbox: 0.1551  rpn_s.0.loss_giou: 0.9668  rpn_s.1.loss_cls: 0.6042  rpn_s.1.loss_bbox: 0.0735  rpn_s.1.loss_giou: 0.5366  rpn_s.2.loss_cls: 0.5498  rpn_s.2.loss_bbox: 0.0613  rpn_s.2.loss_giou: 0.4619  rpn_s.3.loss_cls: 0.5224  rpn_s.3.loss_bbox: 0.0586  rpn_s.3.loss_giou: 0.4403  s0.loss_cls: 0.5946  s0.pos_acc: 33.3333  s0.loss_bbox: 0.6578  s0.loss_iou: 1.6807  s1.loss_cls: 0.6152  s1.pos_acc: 50.0000  s1.loss_bbox: 0.6686  s1.loss_iou: 1.7055
2026/03/26 21:39:29 - mmengine - INFO - Epoch(train)  [2][ 450/5001]  lr: 2.5000e-05  eta: 1 day, 9:38:19  time: 1.1205  data_time: 0.0032  memory: 7765  grad_norm: 60.4380  loss: 11.4751  rpn_s.0.loss_cls: 0.7702  rpn_s.0.loss_bbox: 0.1445  rpn_s.0.loss_giou: 1.0366  rpn_s.1.loss_cls: 0.5566  rpn_s.1.loss_bbox: 0.0611  rpn_s.1.loss_giou: 0.5393  rpn_s.2.loss_cls: 0.4995  rpn_s.2.loss_bbox: 0.0496  rpn_s.2.loss_giou: 0.4565  rpn_s.3.loss_cls: 0.4688  rpn_s.3.loss_bbox: 0.0466  rpn_s.3.loss_giou: 0.4335  s0.loss_cls: 0.6287  s0.pos_acc: 75.9259  s0.loss_bbox: 0.6641  s0.loss_iou: 1.8724  s1.loss_cls: 0.6426  s1.pos_acc: 73.1481  s1.loss_bbox: 0.7066  s1.loss_iou: 1.8978
2026/03/26 21:40:25 - mmengine - INFO - Epoch(train)  [2][ 500/5001]  lr: 2.5000e-05  eta: 1 day, 9:38:33  time: 1.1211  data_time: 0.0031  memory: 7765  grad_norm: 57.9249  loss: 11.7316  rpn_s.0.loss_cls: 0.7789  rpn_s.0.loss_bbox: 0.1476  rpn_s.0.loss_giou: 1.0110  rpn_s.1.loss_cls: 0.5655  rpn_s.1.loss_bbox: 0.0680  rpn_s.1.loss_giou: 0.5592  rpn_s.2.loss_cls: 0.5107  rpn_s.2.loss_bbox: 0.0563  rpn_s.2.loss_giou: 0.4851  rpn_s.3.loss_cls: 0.4855  rpn_s.3.loss_bbox: 0.0513  rpn_s.3.loss_giou: 0.4620  s0.loss_cls: 0.6340  s0.pos_acc: 67.9775  s0.loss_bbox: 0.6930  s0.loss_iou: 1.9185  s1.loss_cls: 0.6525  s1.pos_acc: 62.0787  s1.loss_bbox: 0.6892  s1.loss_iou: 1.9632
2026/03/26 21:41:21 - mmengine - INFO - Epoch(train)  [2][ 550/5001]  lr: 2.5000e-05  eta: 1 day, 9:38:37  time: 1.1130  data_time: 0.0032  memory: 7764  grad_norm: 58.1224  loss: 10.1333  rpn_s.0.loss_cls: 0.7678  rpn_s.0.loss_bbox: 0.1352  rpn_s.0.loss_giou: 0.9579  rpn_s.1.loss_cls: 0.5617  rpn_s.1.loss_bbox: 0.0649  rpn_s.1.loss_giou: 0.5201  rpn_s.2.loss_cls: 0.5165  rpn_s.2.loss_bbox: 0.0518  rpn_s.2.loss_giou: 0.4384  rpn_s.3.loss_cls: 0.4957  rpn_s.3.loss_bbox: 0.0481  rpn_s.3.loss_giou: 0.4177  s0.loss_cls: 0.5651  s0.pos_acc: 69.4444  s0.loss_bbox: 0.5314  s0.loss_iou: 1.4814  s1.loss_cls: 0.5812  s1.pos_acc: 58.3333  s1.loss_bbox: 0.5046  s1.loss_iou: 1.4940
2026/03/26 21:42:16 - mmengine - INFO - Epoch(train)  [2][ 600/5001]  lr: 2.5000e-05  eta: 1 day, 9:38:31  time: 1.1042  data_time: 0.0032  memory: 7765  grad_norm: 58.5862  loss: 11.3180  rpn_s.0.loss_cls: 0.7831  rpn_s.0.loss_bbox: 0.1493  rpn_s.0.loss_giou: 0.9339  rpn_s.1.loss_cls: 0.5996  rpn_s.1.loss_bbox: 0.0763  rpn_s.1.loss_giou: 0.5370  rpn_s.2.loss_cls: 0.5384  rpn_s.2.loss_bbox: 0.0665  rpn_s.2.loss_giou: 0.4717  rpn_s.3.loss_cls: 0.5045  rpn_s.3.loss_bbox: 0.0616  rpn_s.3.loss_giou: 0.4472  s0.loss_cls: 0.6503  s0.pos_acc: 65.0000  s0.loss_bbox: 0.6109  s0.loss_iou: 1.7816  s1.loss_cls: 0.6595  s1.pos_acc: 45.0000  s1.loss_bbox: 0.6280  s1.loss_iou: 1.8186
2026/03/26 21:43:12 - mmengine - INFO - Epoch(train)  [2][ 650/5001]  lr: 2.5000e-05  eta: 1 day, 9:38:26  time: 1.1058  data_time: 0.0032  memory: 7765  grad_norm: 58.8585  loss: 11.7890  rpn_s.0.loss_cls: 0.8270  rpn_s.0.loss_bbox: 0.1637  rpn_s.0.loss_giou: 1.0056  rpn_s.1.loss_cls: 0.6369  rpn_s.1.loss_bbox: 0.0824  rpn_s.1.loss_giou: 0.5362  rpn_s.2.loss_cls: 0.5681  rpn_s.2.loss_bbox: 0.0686  rpn_s.2.loss_giou: 0.4750  rpn_s.3.loss_cls: 0.5458  rpn_s.3.loss_bbox: 0.0644  rpn_s.3.loss_giou: 0.4513  s0.loss_cls: 0.6602  s0.pos_acc: 46.8254  s0.loss_bbox: 0.6437  s0.loss_iou: 1.8541  s1.loss_cls: 0.6555  s1.pos_acc: 53.9683  s1.loss_bbox: 0.6585  s1.loss_iou: 1.8917
2026/03/26 21:44:07 - mmengine - INFO - Epoch(train)  [2][ 700/5001]  lr: 2.5000e-05  eta: 1 day, 9:38:31  time: 1.1164  data_time: 0.0033  memory: 7765  grad_norm: 58.4096  loss: 10.6245  rpn_s.0.loss_cls: 0.7967  rpn_s.0.loss_bbox: 0.1453  rpn_s.0.loss_giou: 0.9204  rpn_s.1.loss_cls: 0.6011  rpn_s.1.loss_bbox: 0.0717  rpn_s.1.loss_giou: 0.5185  rpn_s.2.loss_cls: 0.5475  rpn_s.2.loss_bbox: 0.0593  rpn_s.2.loss_giou: 0.4380  rpn_s.3.loss_cls: 0.5240  rpn_s.3.loss_bbox: 0.0549  rpn_s.3.loss_giou: 0.4230  s0.loss_cls: 0.5783  s0.pos_acc: 70.2381  s0.loss_bbox: 0.5176  s0.loss_iou: 1.6379  s1.loss_cls: 0.5808  s1.pos_acc: 76.1905  s1.loss_bbox: 0.5215  s1.loss_iou: 1.6880
2026/03/26 21:45:04 - mmengine - INFO - Epoch(train)  [2][ 750/5001]  lr: 2.5000e-05  eta: 1 day, 9:38:49  time: 1.1310  data_time: 0.0031  memory: 7765  grad_norm: 58.9347  loss: 10.4750  rpn_s.0.loss_cls: 0.7666  rpn_s.0.loss_bbox: 0.1429  rpn_s.0.loss_giou: 0.8952  rpn_s.1.loss_cls: 0.5871  rpn_s.1.loss_bbox: 0.0700  rpn_s.1.loss_giou: 0.5028  rpn_s.2.loss_cls: 0.5230  rpn_s.2.loss_bbox: 0.0576  rpn_s.2.loss_giou: 0.4294  rpn_s.3.loss_cls: 0.4860  rpn_s.3.loss_bbox: 0.0546  rpn_s.3.loss_giou: 0.4113  s0.loss_cls: 0.5447  s0.pos_acc: 69.0000  s0.loss_bbox: 0.5615  s0.loss_iou: 1.6563  s1.loss_cls: 0.5614  s1.pos_acc: 73.0000  s1.loss_bbox: 0.5616  s1.loss_iou: 1.6630
2026/03/26 21:46:00 - mmengine - INFO - Epoch(train)  [2][ 800/5001]  lr: 2.5000e-05  eta: 1 day, 9:39:01  time: 1.1259  data_time: 0.0032  memory: 7765  grad_norm: 61.0951  loss: 10.9262  rpn_s.0.loss_cls: 0.7635  rpn_s.0.loss_bbox: 0.1369  rpn_s.0.loss_giou: 0.9294  rpn_s.1.loss_cls: 0.5829  rpn_s.1.loss_bbox: 0.0605  rpn_s.1.loss_giou: 0.5091  rpn_s.2.loss_cls: 0.5277  rpn_s.2.loss_bbox: 0.0506  rpn_s.2.loss_giou: 0.4382  rpn_s.3.loss_cls: 0.5005  rpn_s.3.loss_bbox: 0.0481  rpn_s.3.loss_giou: 0.4245  s0.loss_cls: 0.6173  s0.pos_acc: 60.7143  s0.loss_bbox: 0.5936  s0.loss_iou: 1.7342  s1.loss_cls: 0.6276  s1.pos_acc: 53.5714  s1.loss_bbox: 0.6168  s1.loss_iou: 1.7647
2026/03/26 21:46:57 - mmengine - INFO - Epoch(train)  [2][ 850/5001]  lr: 2.5000e-05  eta: 1 day, 9:39:16  time: 1.1301  data_time: 0.0032  memory: 7765  grad_norm: 55.5716  loss: 12.0625  rpn_s.0.loss_cls: 0.7941  rpn_s.0.loss_bbox: 0.1653  rpn_s.0.loss_giou: 1.0644  rpn_s.1.loss_cls: 0.6295  rpn_s.1.loss_bbox: 0.0754  rpn_s.1.loss_giou: 0.5710  rpn_s.2.loss_cls: 0.5620  rpn_s.2.loss_bbox: 0.0640  rpn_s.2.loss_giou: 0.4925  rpn_s.3.loss_cls: 0.5430  rpn_s.3.loss_bbox: 0.0608  rpn_s.3.loss_giou: 0.4691  s0.loss_cls: 0.6388  s0.pos_acc: 55.9633  s0.loss_bbox: 0.6215  s0.loss_iou: 2.0123  s1.loss_cls: 0.6584  s1.pos_acc: 58.7156  s1.loss_bbox: 0.6227  s1.loss_iou: 2.0178
2026/03/26 21:47:54 - mmengine - INFO - Epoch(train)  [2][ 900/5001]  lr: 2.5000e-05  eta: 1 day, 9:39:39  time: 1.1396  data_time: 0.0033  memory: 7765  grad_norm: 56.2904  loss: 11.0566  rpn_s.0.loss_cls: 0.7823  rpn_s.0.loss_bbox: 0.1510  rpn_s.0.loss_giou: 0.9843  rpn_s.1.loss_cls: 0.6040  rpn_s.1.loss_bbox: 0.0720  rpn_s.1.loss_giou: 0.5239  rpn_s.2.loss_cls: 0.5400  rpn_s.2.loss_bbox: 0.0558  rpn_s.2.loss_giou: 0.4493  rpn_s.3.loss_cls: 0.5111  rpn_s.3.loss_bbox: 0.0532  rpn_s.3.loss_giou: 0.4338  s0.loss_cls: 0.6401  s0.pos_acc: 66.9492  s0.loss_bbox: 0.6371  s0.loss_iou: 1.6289  s1.loss_cls: 0.6394  s1.pos_acc: 69.9153  s1.loss_bbox: 0.6675  s1.loss_iou: 1.6829
2026/03/26 21:48:50 - mmengine - INFO - Epoch(train)  [2][ 950/5001]  lr: 2.5000e-05  eta: 1 day, 9:39:56  time: 1.1356  data_time: 0.0032  memory: 7765  grad_norm: 63.3960  loss: 9.5911  rpn_s.0.loss_cls: 0.7417  rpn_s.0.loss_bbox: 0.1413  rpn_s.0.loss_giou: 0.8477  rpn_s.1.loss_cls: 0.5618  rpn_s.1.loss_bbox: 0.0703  rpn_s.1.loss_giou: 0.4840  rpn_s.2.loss_cls: 0.5007  rpn_s.2.loss_bbox: 0.0598  rpn_s.2.loss_giou: 0.4198  rpn_s.3.loss_cls: 0.4812  rpn_s.3.loss_bbox: 0.0566  rpn_s.3.loss_giou: 0.4100  s0.loss_cls: 0.5271  s0.pos_acc: 50.0000  s0.loss_bbox: 0.5111  s0.loss_iou: 1.3571  s1.loss_cls: 0.5534  s1.pos_acc: 31.2500  s1.loss_bbox: 0.4885  s1.loss_iou: 1.3788
2026/03/26 21:49:46 - mmengine - INFO - Exp name: GSDet_r50_b900_h2h4_h2r1_r2r1_2x_fair1m1.0_20260326_200141
2026/03/26 21:49:47 - mmengine - INFO - Epoch(train)  [2][1000/5001]  lr: 2.5000e-05  eta: 1 day, 9:40:06  time: 1.1283  data_time: 0.0032  memory: 7765  grad_norm: 57.2321  loss: 12.9730  rpn_s.0.loss_cls: 0.8072  rpn_s.0.loss_bbox: 0.1521  rpn_s.0.loss_giou: 1.0985  rpn_s.1.loss_cls: 0.6057  rpn_s.1.loss_bbox: 0.0666  rpn_s.1.loss_giou: 0.5928  rpn_s.2.loss_cls: 0.5467  rpn_s.2.loss_bbox: 0.0557  rpn_s.2.loss_giou: 0.5168  rpn_s.3.loss_cls: 0.5135  rpn_s.3.loss_bbox: 0.0516  rpn_s.3.loss_giou: 0.4905  s0.loss_cls: 0.7150  s0.pos_acc: 64.4578  s0.loss_bbox: 0.7208  s0.loss_iou: 2.2780  s1.loss_cls: 0.7357  s1.pos_acc: 64.7590  s1.loss_bbox: 0.6930  s1.loss_iou: 2.3329
2026/03/26 21:50:43 - mmengine - INFO - Epoch(train)  [2][1050/5001]  lr: 2.5000e-05  eta: 1 day, 9:40:06  time: 1.1195  data_time: 0.0033  memory: 7765  grad_norm: 58.3946  loss: 11.1193  rpn_s.0.loss_cls: 0.7837  rpn_s.0.loss_bbox: 0.1487  rpn_s.0.loss_giou: 0.9494  rpn_s.1.loss_cls: 0.5838  rpn_s.1.loss_bbox: 0.0731  rpn_s.1.loss_giou: 0.5238  rpn_s.2.loss_cls: 0.5223  rpn_s.2.loss_bbox: 0.0632  rpn_s.2.loss_giou: 0.4689  rpn_s.3.loss_cls: 0.4836  rpn_s.3.loss_bbox: 0.0586  rpn_s.3.loss_giou: 0.4430  s0.loss_cls: 0.5919  s0.pos_acc: 68.5185  s0.loss_bbox: 0.6022  s0.loss_iou: 1.7840  s1.loss_cls: 0.6169  s1.pos_acc: 55.5556  s1.loss_bbox: 0.6082  s1.loss_iou: 1.8142
2026/03/26 21:51:38 - mmengine - INFO - Epoch(train)  [2][1100/5001]  lr: 2.5000e-05  eta: 1 day, 9:39:55  time: 1.1088  data_time: 0.0034  memory: 7765  grad_norm: 64.8778  loss: 10.8824  rpn_s.0.loss_cls: 0.7962  rpn_s.0.loss_bbox: 0.1392  rpn_s.0.loss_giou: 0.8689  rpn_s.1.loss_cls: 0.6061  rpn_s.1.loss_bbox: 0.0707  rpn_s.1.loss_giou: 0.4945  rpn_s.2.loss_cls: 0.5550  rpn_s.2.loss_bbox: 0.0594  rpn_s.2.loss_giou: 0.4317  rpn_s.3.loss_cls: 0.5185  rpn_s.3.loss_bbox: 0.0575  rpn_s.3.loss_giou: 0.4096  s0.loss_cls: 0.6392  s0.pos_acc: 68.0000  s0.loss_bbox: 0.6350  s0.loss_iou: 1.6356  s1.loss_cls: 0.6705  s1.pos_acc: 69.5000  s1.loss_bbox: 0.6162  s1.loss_iou: 1.6786
2026/03/26 21:52:34 - mmengine - INFO - Epoch(train)  [2][1150/5001]  lr: 2.5000e-05  eta: 1 day, 9:39:41  time: 1.1068  data_time: 0.0033  memory: 7765  grad_norm: 57.2821  loss: 10.8816  rpn_s.0.loss_cls: 0.7614  rpn_s.0.loss_bbox: 0.1525  rpn_s.0.loss_giou: 0.9576  rpn_s.1.loss_cls: 0.5872  rpn_s.1.loss_bbox: 0.0720  rpn_s.1.loss_giou: 0.5144  rpn_s.2.loss_cls: 0.5352  rpn_s.2.loss_bbox: 0.0616  rpn_s.2.loss_giou: 0.4517  rpn_s.3.loss_cls: 0.5043  rpn_s.3.loss_bbox: 0.0574  rpn_s.3.loss_giou: 0.4315  s0.loss_cls: 0.5657  s0.pos_acc: 69.8630  s0.loss_bbox: 0.6559  s0.loss_iou: 1.6558  s1.loss_cls: 0.5824  s1.pos_acc: 75.3425  s1.loss_bbox: 0.6449  s1.loss_iou: 1.6899
2026/03/26 21:53:29 - mmengine - INFO - Epoch(train)  [2][1200/5001]  lr: 2.5000e-05  eta: 1 day, 9:39:28  time: 1.1079  data_time: 0.0033  memory: 7765  grad_norm: 61.0871  loss: 10.1544  rpn_s.0.loss_cls: 0.7771  rpn_s.0.loss_bbox: 0.1401  rpn_s.0.loss_giou: 0.8574  rpn_s.1.loss_cls: 0.6254  rpn_s.1.loss_bbox: 0.0695  rpn_s.1.loss_giou: 0.4801  rpn_s.2.loss_cls: 0.5803  rpn_s.2.loss_bbox: 0.0628  rpn_s.2.loss_giou: 0.4370  rpn_s.3.loss_cls: 0.5489  rpn_s.3.loss_bbox: 0.0587  rpn_s.3.loss_giou: 0.4179  s0.loss_cls: 0.5581  s0.pos_acc: 66.6667  s0.loss_bbox: 0.5156  s0.loss_iou: 1.4667  s1.loss_cls: 0.5500  s1.pos_acc: 50.0000  s1.loss_bbox: 0.5296  s1.loss_iou: 1.4793
2026/03/26 21:54:25 - mmengine - INFO - Epoch(train)  [2][1250/5001]  lr: 2.5000e-05  eta: 1 day, 9:39:16  time: 1.1095  data_time: 0.0033  memory: 7765  grad_norm: 53.4914  loss: 10.4827  rpn_s.0.loss_cls: 0.7860  rpn_s.0.loss_bbox: 0.1496  rpn_s.0.loss_giou: 0.9437  rpn_s.1.loss_cls: 0.6012  rpn_s.1.loss_bbox: 0.0721  rpn_s.1.loss_giou: 0.5216  rpn_s.2.loss_cls: 0.5529  rpn_s.2.loss_bbox: 0.0593  rpn_s.2.loss_giou: 0.4567  rpn_s.3.loss_cls: 0.5187  rpn_s.3.loss_bbox: 0.0550  rpn_s.3.loss_giou: 0.4381  s0.loss_cls: 0.5469  s0.pos_acc: 81.7073  s0.loss_bbox: 0.5589  s0.loss_iou: 1.5243  s1.loss_cls: 0.5501  s1.pos_acc: 81.7073  s1.loss_bbox: 0.5795  s1.loss_iou: 1.5681
2026/03/26 21:55:20 - mmengine - INFO - Epoch(train)  [2][1300/5001]  lr: 2.5000e-05  eta: 1 day, 9:39:12  time: 1.1196  data_time: 0.0032  memory: 7765  grad_norm: 58.1978  loss: 11.5405  rpn_s.0.loss_cls: 0.7829  rpn_s.0.loss_bbox: 0.1457  rpn_s.0.loss_giou: 0.9409  rpn_s.1.loss_cls: 0.6004  rpn_s.1.loss_bbox: 0.0649  rpn_s.1.loss_giou: 0.5214  rpn_s.2.loss_cls: 0.5506  rpn_s.2.loss_bbox: 0.0534  rpn_s.2.loss_giou: 0.4434  rpn_s.3.loss_cls: 0.5255  rpn_s.3.loss_bbox: 0.0505  rpn_s.3.loss_giou: 0.4210  s0.loss_cls: 0.6769  s0.pos_acc: 74.0741  s0.loss_bbox: 0.6469  s0.loss_iou: 1.8830  s1.loss_cls: 0.6837  s1.pos_acc: 61.1111  s1.loss_bbox: 0.6333  s1.loss_iou: 1.9160
2026/03/26 21:56:17 - mmengine - INFO - Epoch(train)  [2][1350/5001]  lr: 2.5000e-05  eta: 1 day, 9:39:09  time: 1.1209  data_time: 0.0033  memory: 7765  grad_norm: 58.8602  loss: 10.9772  rpn_s.0.loss_cls: 0.7639  rpn_s.0.loss_bbox: 0.1428  rpn_s.0.loss_giou: 0.8595  rpn_s.1.loss_cls: 0.5825  rpn_s.1.loss_bbox: 0.0691  rpn_s.1.loss_giou: 0.4873  rpn_s.2.loss_cls: 0.5294  rpn_s.2.loss_bbox: 0.0597  rpn_s.2.loss_giou: 0.4277  rpn_s.3.loss_cls: 0.4948  rpn_s.3.loss_bbox: 0.0558  rpn_s.3.loss_giou: 0.4082  s0.loss_cls: 0.6540  s0.pos_acc: 75.0000  s0.loss_bbox: 0.6472  s0.loss_iou: 1.6987  s1.loss_cls: 0.6815  s1.pos_acc: 75.0000  s1.loss_bbox: 0.6497  s1.loss_iou: 1.7655
2026/03/26 21:57:12 - mmengine - INFO - Epoch(train)  [2][1400/5001]  lr: 2.5000e-05  eta: 1 day, 9:38:57  time: 1.1131  data_time: 0.0033  memory: 7765  grad_norm: 67.0301  loss: 10.9733  rpn_s.0.loss_cls: 0.7811  rpn_s.0.loss_bbox: 0.1357  rpn_s.0.loss_giou: 0.9242  rpn_s.1.loss_cls: 0.5811  rpn_s.1.loss_bbox: 0.0667  rpn_s.1.loss_giou: 0.5138  rpn_s.2.loss_cls: 0.5261  rpn_s.2.loss_bbox: 0.0561  rpn_s.2.loss_giou: 0.4511  rpn_s.3.loss_cls: 0.5002  rpn_s.3.loss_bbox: 0.0525  rpn_s.3.loss_giou: 0.4366  s0.loss_cls: 0.6516  s0.pos_acc: 59.7561  s0.loss_bbox: 0.6296  s0.loss_iou: 1.6731  s1.loss_cls: 0.6623  s1.pos_acc: 48.7805  s1.loss_bbox: 0.6393  s1.loss_iou: 1.6922
2026/03/26 21:58:08 - mmengine - INFO - Epoch(train)  [2][1450/5001]  lr: 2.5000e-05  eta: 1 day, 9:38:51  time: 1.1199  data_time: 0.0033  memory: 7765  grad_norm: 57.4073  loss: 13.3027  rpn_s.0.loss_cls: 0.7751  rpn_s.0.loss_bbox: 0.1613  rpn_s.0.loss_giou: 1.0772  rpn_s.1.loss_cls: 0.5990  rpn_s.1.loss_bbox: 0.0762  rpn_s.1.loss_giou: 0.5909  rpn_s.2.loss_cls: 0.5460  rpn_s.2.loss_bbox: 0.0642  rpn_s.2.loss_giou: 0.5045  rpn_s.3.loss_cls: 0.5171  rpn_s.3.loss_bbox: 0.0585  rpn_s.3.loss_giou: 0.4789  s0.loss_cls: 0.7442  s0.pos_acc: 85.0000  s0.loss_bbox: 0.8567  s0.loss_iou: 2.2805  s1.loss_cls: 0.7634  s1.pos_acc: 80.0000  s1.loss_bbox: 0.8763  s1.loss_iou: 2.3328
2026/03/26 21:59:04 - mmengine - INFO - Epoch(train)  [2][1500/5001]  lr: 2.5000e-05  eta: 1 day, 9:38:37  time: 1.1110  data_time: 0.0032  memory: 7765  grad_norm: 55.8479  loss: 10.5139  rpn_s.0.loss_cls: 0.7500  rpn_s.0.loss_bbox: 0.1401  rpn_s.0.loss_giou: 0.9254  rpn_s.1.loss_cls: 0.5688  rpn_s.1.loss_bbox: 0.0672  rpn_s.1.loss_giou: 0.5029  rpn_s.2.loss_cls: 0.5023  rpn_s.2.loss_bbox: 0.0599  rpn_s.2.loss_giou: 0.4400  rpn_s.3.loss_cls: 0.4702  rpn_s.3.loss_bbox: 0.0572  rpn_s.3.loss_giou: 0.4284  s0.loss_cls: 0.5652  s0.pos_acc: 72.8188  s0.loss_bbox: 0.6025  s0.loss_iou: 1.6106  s1.loss_cls: 0.5755  s1.pos_acc: 74.7204  s1.loss_bbox: 0.6071  s1.loss_iou: 1.6405
2026/03/26 21:59:59 - mmengine - INFO - Epoch(train)  [2][1550/5001]  lr: 2.5000e-05  eta: 1 day, 9:38:18  time: 1.1071  data_time: 0.0033  memory: 7764  grad_norm: 62.7609  loss: 10.7845  rpn_s.0.loss_cls: 0.7573  rpn_s.0.loss_bbox: 0.1377  rpn_s.0.loss_giou: 0.9253  rpn_s.1.loss_cls: 0.5692  rpn_s.1.loss_bbox: 0.0637  rpn_s.1.loss_giou: 0.5048  rpn_s.2.loss_cls: 0.5047  rpn_s.2.loss_bbox: 0.0556  rpn_s.2.loss_giou: 0.4402  rpn_s.3.loss_cls: 0.4792  rpn_s.3.loss_bbox: 0.0526  rpn_s.3.loss_giou: 0.4221  s0.loss_cls: 0.5972  s0.pos_acc: 50.0000  s0.loss_bbox: 0.6656  s0.loss_iou: 1.6454  s1.loss_cls: 0.6194  s1.pos_acc: 33.3333  s1.loss_bbox: 0.6650  s1.loss_iou: 1.6794
2026/03/26 22:00:54 - mmengine - INFO - Epoch(train)  [2][1600/5001]  lr: 2.5000e-05  eta: 1 day, 9:37:44  time: 1.0893  data_time: 0.0033  memory: 7765  grad_norm: 57.6617  loss: 10.9625  rpn_s.0.loss_cls: 0.7858  rpn_s.0.loss_bbox: 0.1377  rpn_s.0.loss_giou: 0.9434  rpn_s.1.loss_cls: 0.5832  rpn_s.1.loss_bbox: 0.0607  rpn_s.1.loss_giou: 0.5073  rpn_s.2.loss_cls: 0.5327  rpn_s.2.loss_bbox: 0.0508  rpn_s.2.loss_giou: 0.4446  rpn_s.3.loss_cls: 0.5146  rpn_s.3.loss_bbox: 0.0483  rpn_s.3.loss_giou: 0.4253  s0.loss_cls: 0.6244  s0.pos_acc: 75.4545  s0.loss_bbox: 0.6283  s0.loss_iou: 1.6665  s1.loss_cls: 0.6499  s1.pos_acc: 76.3636  s1.loss_bbox: 0.6365  s1.loss_iou: 1.7225
2026/03/26 22:01:47 - mmengine - INFO - Epoch(train)  [2][1650/5001]  lr: 2.5000e-05  eta: 1 day, 9:36:57  time: 1.0749  data_time: 0.0034  memory: 7765  grad_norm: 59.1056  loss: 10.4553  rpn_s.0.loss_cls: 0.7499  rpn_s.0.loss_bbox: 0.1582  rpn_s.0.loss_giou: 0.9190  rpn_s.1.loss_cls: 0.5708  rpn_s.1.loss_bbox: 0.0756  rpn_s.1.loss_giou: 0.4879  rpn_s.2.loss_cls: 0.5176  rpn_s.2.loss_bbox: 0.0661  rpn_s.2.loss_giou: 0.4205  rpn_s.3.loss_cls: 0.4835  rpn_s.3.loss_bbox: 0.0631  rpn_s.3.loss_giou: 0.3974  s0.loss_cls: 0.5513  s0.pos_acc: 56.2500  s0.loss_bbox: 0.6152  s0.loss_iou: 1.5886  s1.loss_cls: 0.5795  s1.pos_acc: 50.0000  s1.loss_bbox: 0.6116  s1.loss_iou: 1.5997
2026/03/26 22:02:42 - mmengine - INFO - Epoch(train)  [2][1700/5001]  lr: 2.5000e-05  eta: 1 day, 9:36:18  time: 1.0848  data_time: 0.0033  memory: 7764  grad_norm: 65.4713  loss: 9.1371  rpn_s.0.loss_cls: 0.7375  rpn_s.0.loss_bbox: 0.1318  rpn_s.0.loss_giou: 0.7798  rpn_s.1.loss_cls: 0.5597  rpn_s.1.loss_bbox: 0.0651  rpn_s.1.loss_giou: 0.4316  rpn_s.2.loss_cls: 0.5001  rpn_s.2.loss_bbox: 0.0556  rpn_s.2.loss_giou: 0.3751  rpn_s.3.loss_cls: 0.4740  rpn_s.3.loss_bbox: 0.0516  rpn_s.3.loss_giou: 0.3534  s0.loss_cls: 0.5147  s0.pos_acc: 60.0000  s0.loss_bbox: 0.5451  s0.loss_iou: 1.2102  s1.loss_cls: 0.5336  s1.pos_acc: 80.0000  s1.loss_bbox: 0.5600  s1.loss_iou: 1.2583
2026/03/26 22:03:36 - mmengine - INFO - Epoch(train)  [2][1750/5001]  lr: 2.5000e-05  eta: 1 day, 9:35:44  time: 1.0909  data_time: 0.0033  memory: 7765  grad_norm: 54.6792  loss: 11.4418  rpn_s.0.loss_cls: 0.7510  rpn_s.0.loss_bbox: 0.1447  rpn_s.0.loss_giou: 0.9599  rpn_s.1.loss_cls: 0.5675  rpn_s.1.loss_bbox: 0.0661  rpn_s.1.loss_giou: 0.5151  rpn_s.2.loss_cls: 0.5224  rpn_s.2.loss_bbox: 0.0536  rpn_s.2.loss_giou: 0.4461  rpn_s.3.loss_cls: 0.4930  rpn_s.3.loss_bbox: 0.0497  rpn_s.3.loss_giou: 0.4244  s0.loss_cls: 0.6597  s0.pos_acc: 50.0000  s0.loss_bbox: 0.7189  s0.loss_iou: 1.8244  s1.loss_cls: 0.6774  s1.pos_acc: 60.0000  s1.loss_bbox: 0.7350  s1.loss_iou: 1.8329
2026/03/26 22:04:31 - mmengine - INFO - Epoch(train)  [2][1800/5001]  lr: 2.5000e-05  eta: 1 day, 9:35:09  time: 1.0895  data_time: 0.0032  memory: 7764  grad_norm: 57.9786  loss: 10.8588  rpn_s.0.loss_cls: 0.7754  rpn_s.0.loss_bbox: 0.1368  rpn_s.0.loss_giou: 0.9210  rpn_s.1.loss_cls: 0.5810  rpn_s.1.loss_bbox: 0.0686  rpn_s.1.loss_giou: 0.5093  rpn_s.2.loss_cls: 0.5295  rpn_s.2.loss_bbox: 0.0592  rpn_s.2.loss_giou: 0.4437  rpn_s.3.loss_cls: 0.5045  rpn_s.3.loss_bbox: 0.0555  rpn_s.3.loss_giou: 0.4313  s0.loss_cls: 0.5921  s0.pos_acc: 70.6897  s0.loss_bbox: 0.6196  s0.loss_iou: 1.6841  s1.loss_cls: 0.5916  s1.pos_acc: 72.4138  s1.loss_bbox: 0.6378  s1.loss_iou: 1.7177
2026/03/26 22:05:25 - mmengine - INFO - Epoch(train)  [2][1850/5001]  lr: 2.5000e-05  eta: 1 day, 9:34:35  time: 1.0912  data_time: 0.0032  memory: 7765  grad_norm: 53.7321  loss: 10.5332  rpn_s.0.loss_cls: 0.7643  rpn_s.0.loss_bbox: 0.1368  rpn_s.0.loss_giou: 0.9061  rpn_s.1.loss_cls: 0.5501  rpn_s.1.loss_bbox: 0.0657  rpn_s.1.loss_giou: 0.4953  rpn_s.2.loss_cls: 0.5084  rpn_s.2.loss_bbox: 0.0539  rpn_s.2.loss_giou: 0.4236  rpn_s.3.loss_cls: 0.4688  rpn_s.3.loss_bbox: 0.0515  rpn_s.3.loss_giou: 0.4083  s0.loss_cls: 0.5614  s0.pos_acc: 60.7143  s0.loss_bbox: 0.6252  s0.loss_iou: 1.6526  s1.loss_cls: 0.5705  s1.pos_acc: 67.3469  s1.loss_bbox: 0.6079  s1.loss_iou: 1.6826
2026/03/26 22:06:20 - mmengine - INFO - Epoch(train)  [2][1900/5001]  lr: 2.5000e-05  eta: 1 day, 9:34:12  time: 1.1057  data_time: 0.0033  memory: 7765  grad_norm: 60.0056  loss: 10.2999  rpn_s.0.loss_cls: 0.7392  rpn_s.0.loss_bbox: 0.1372  rpn_s.0.loss_giou: 0.8858  rpn_s.1.loss_cls: 0.5807  rpn_s.1.loss_bbox: 0.0700  rpn_s.1.loss_giou: 0.4918  rpn_s.2.loss_cls: 0.5148  rpn_s.2.loss_bbox: 0.0603  rpn_s.2.loss_giou: 0.4253  rpn_s.3.loss_cls: 0.4845  rpn_s.3.loss_bbox: 0.0588  rpn_s.3.loss_giou: 0.4056  s0.loss_cls: 0.5304  s0.pos_acc: 58.5714  s0.loss_bbox: 0.5328  s0.loss_iou: 1.6357  s1.loss_cls: 0.5420  s1.pos_acc: 60.0000  s1.loss_bbox: 0.5300  s1.loss_iou: 1.6751
2026/03/26 22:07:16 - mmengine - INFO - Epoch(train)  [2][1950/5001]  lr: 2.5000e-05  eta: 1 day, 9:34:01  time: 1.1198  data_time: 0.0031  memory: 7764  grad_norm: 57.7156  loss: 10.5117  rpn_s.0.loss_cls: 0.7566  rpn_s.0.loss_bbox: 0.1432  rpn_s.0.loss_giou: 0.8769  rpn_s.1.loss_cls: 0.5773  rpn_s.1.loss_bbox: 0.0745  rpn_s.1.loss_giou: 0.5079  rpn_s.2.loss_cls: 0.5131  rpn_s.2.loss_bbox: 0.0643  rpn_s.2.loss_giou: 0.4455  rpn_s.3.loss_cls: 0.4953  rpn_s.3.loss_bbox: 0.0610  rpn_s.3.loss_giou: 0.4303  s0.loss_cls: 0.5315  s0.pos_acc: 88.8889  s0.loss_bbox: 0.5515  s0.loss_iou: 1.6838  s1.loss_cls: 0.5353  s1.pos_acc: 100.0000  s1.loss_bbox: 0.5408  s1.loss_iou: 1.7230
2026/03/26 22:08:11 - mmengine - INFO - Exp name: GSDet_r50_b900_h2h4_h2r1_r2r1_2x_fair1m1.0_20260326_200141
2026/03/26 22:08:12 - mmengine - INFO - Epoch(train)  [2][2000/5001]  lr: 2.5000e-05  eta: 1 day, 9:33:49  time: 1.1197  data_time: 0.0032  memory: 7765  grad_norm: 62.1858  loss: 11.3777  rpn_s.0.loss_cls: 0.7754  rpn_s.0.loss_bbox: 0.1575  rpn_s.0.loss_giou: 0.9814  rpn_s.1.loss_cls: 0.6061  rpn_s.1.loss_bbox: 0.0779  rpn_s.1.loss_giou: 0.5351  rpn_s.2.loss_cls: 0.5721  rpn_s.2.loss_bbox: 0.0684  rpn_s.2.loss_giou: 0.4725  rpn_s.3.loss_cls: 0.5279  rpn_s.3.loss_bbox: 0.0610  rpn_s.3.loss_giou: 0.4485  s0.loss_cls: 0.5766  s0.pos_acc: 68.7500  s0.loss_bbox: 0.6173  s0.loss_iou: 1.8137  s1.loss_cls: 0.5816  s1.pos_acc: 70.7031  s1.loss_bbox: 0.6414  s1.loss_iou: 1.8634
2026/03/26 22:09:09 - mmengine - INFO - Epoch(train)  [2][2050/5001]  lr: 2.5000e-05  eta: 1 day, 9:33:38  time: 1.1226  data_time: 0.0033  memory: 7765  grad_norm: 60.1075  loss: 10.6731  rpn_s.0.loss_cls: 0.7673  rpn_s.0.loss_bbox: 0.1401  rpn_s.0.loss_giou: 0.9255  rpn_s.1.loss_cls: 0.5766  rpn_s.1.loss_bbox: 0.0723  rpn_s.1.loss_giou: 0.5129  rpn_s.2.loss_cls: 0.5140  rpn_s.2.loss_bbox: 0.0605  rpn_s.2.loss_giou: 0.4406  rpn_s.3.loss_cls: 0.4928  rpn_s.3.loss_bbox: 0.0536  rpn_s.3.loss_giou: 0.4285  s0.loss_cls: 0.5866  s0.pos_acc: 35.7143  s0.loss_bbox: 0.6060  s0.loss_iou: 1.6068  s1.loss_cls: 0.5865  s1.pos_acc: 42.8571  s1.loss_bbox: 0.6368  s1.loss_iou: 1.6658
2026/03/26 22:10:04 - mmengine - INFO - Epoch(train)  [2][2100/5001]  lr: 2.5000e-05  eta: 1 day, 9:33:10  time: 1.1014  data_time: 0.0032  memory: 7765  grad_norm: 59.5997  loss: 10.7254  rpn_s.0.loss_cls: 0.7803  rpn_s.0.loss_bbox: 0.1505  rpn_s.0.loss_giou: 0.9381  rpn_s.1.loss_cls: 0.5945  rpn_s.1.loss_bbox: 0.0789  rpn_s.1.loss_giou: 0.5330  rpn_s.2.loss_cls: 0.5289  rpn_s.2.loss_bbox: 0.0583  rpn_s.2.loss_giou: 0.4586  rpn_s.3.loss_cls: 0.4966  rpn_s.3.loss_bbox: 0.0532  rpn_s.3.loss_giou: 0.4377  s0.loss_cls: 0.5656  s0.pos_acc: 61.5385  s0.loss_bbox: 0.5790  s0.loss_iou: 1.6486  s1.loss_cls: 0.5699  s1.pos_acc: 64.4231  s1.loss_bbox: 0.5749  s1.loss_iou: 1.6788
2026/03/26 22:10:58 - mmengine - INFO - Epoch(train)  [2][2150/5001]  lr: 2.5000e-05  eta: 1 day, 9:32:37  time: 1.0958  data_time: 0.0032  memory: 7765  grad_norm: 65.5040  loss: 10.1305  rpn_s.0.loss_cls: 0.7412  rpn_s.0.loss_bbox: 0.1367  rpn_s.0.loss_giou: 0.8871  rpn_s.1.loss_cls: 0.5557  rpn_s.1.loss_bbox: 0.0647  rpn_s.1.loss_giou: 0.4874  rpn_s.2.loss_cls: 0.5071  rpn_s.2.loss_bbox: 0.0546  rpn_s.2.loss_giou: 0.4267  rpn_s.3.loss_cls: 0.4810  rpn_s.3.loss_bbox: 0.0513  rpn_s.3.loss_giou: 0.4045  s0.loss_cls: 0.5422  s0.pos_acc: 61.3636  s0.loss_bbox: 0.5675  s0.loss_iou: 1.5266  s1.loss_cls: 0.5498  s1.pos_acc: 62.7273  s1.loss_bbox: 0.5569  s1.loss_iou: 1.5893
2026/03/26 22:11:53 - mmengine - INFO - Epoch(train)  [2][2200/5001]  lr: 2.5000e-05  eta: 1 day, 9:32:06  time: 1.0988  data_time: 0.0033  memory: 7765  grad_norm: 56.1175  loss: 11.3681  rpn_s.0.loss_cls: 0.7984  rpn_s.0.loss_bbox: 0.1433  rpn_s.0.loss_giou: 0.9424  rpn_s.1.loss_cls: 0.6004  rpn_s.1.loss_bbox: 0.0655  rpn_s.1.loss_giou: 0.5150  rpn_s.2.loss_cls: 0.5284  rpn_s.2.loss_bbox: 0.0572  rpn_s.2.loss_giou: 0.4586  rpn_s.3.loss_cls: 0.4972  rpn_s.3.loss_bbox: 0.0549  rpn_s.3.loss_giou: 0.4435  s0.loss_cls: 0.6622  s0.pos_acc: 68.2353  s0.loss_bbox: 0.6682  s0.loss_iou: 1.7509  s1.loss_cls: 0.6497  s1.pos_acc: 66.4706  s1.loss_bbox: 0.7004  s1.loss_iou: 1.8318
2026/03/26 22:12:49 - mmengine - INFO - Epoch(train)  [2][2250/5001]  lr: 2.5000e-05  eta: 1 day, 9:31:42  time: 1.1071  data_time: 0.0032  memory: 7764  grad_norm: 58.1660  loss: 10.0112  rpn_s.0.loss_cls: 0.7556  rpn_s.0.loss_bbox: 0.1445  rpn_s.0.loss_giou: 0.8846  rpn_s.1.loss_cls: 0.5735  rpn_s.1.loss_bbox: 0.0694  rpn_s.1.loss_giou: 0.4972  rpn_s.2.loss_cls: 0.5142  rpn_s.2.loss_bbox: 0.0616  rpn_s.2.loss_giou: 0.4403  rpn_s.3.loss_cls: 0.4862  rpn_s.3.loss_bbox: 0.0574  rpn_s.3.loss_giou: 0.4197  s0.loss_cls: 0.5368  s0.pos_acc: 57.6923  s0.loss_bbox: 0.5619  s0.loss_iou: 1.4427  s1.loss_cls: 0.5568  s1.pos_acc: 55.1282  s1.loss_bbox: 0.5495  s1.loss_iou: 1.4593
2026/03/26 22:13:44 - mmengine - INFO - Epoch(train)  [2][2300/5001]  lr: 2.5000e-05  eta: 1 day, 9:31:09  time: 1.0974  data_time: 0.0032  memory: 7764  grad_norm: 55.0351  loss: 11.5190  rpn_s.0.loss_cls: 0.7734  rpn_s.0.loss_bbox: 0.1487  rpn_s.0.loss_giou: 0.9833  rpn_s.1.loss_cls: 0.5741  rpn_s.1.loss_bbox: 0.0667  rpn_s.1.loss_giou: 0.5297  rpn_s.2.loss_cls: 0.5265  rpn_s.2.loss_bbox: 0.0575  rpn_s.2.loss_giou: 0.4646  rpn_s.3.loss_cls: 0.4913  rpn_s.3.loss_bbox: 0.0522  rpn_s.3.loss_giou: 0.4462  s0.loss_cls: 0.6467  s0.pos_acc: 64.1509  s0.loss_bbox: 0.6723  s0.loss_iou: 1.8611  s1.loss_cls: 0.6566  s1.pos_acc: 66.9811  s1.loss_bbox: 0.6627  s1.loss_iou: 1.9053
2026/03/26 22:14:38 - mmengine - INFO - Epoch(train)  [2][2350/5001]  lr: 2.5000e-05  eta: 1 day, 9:30:35  time: 1.0964  data_time: 0.0033  memory: 7765  grad_norm: 58.0269  loss: 11.1841  rpn_s.0.loss_cls: 0.7768  rpn_s.0.loss_bbox: 0.1370  rpn_s.0.loss_giou: 0.8855  rpn_s.1.loss_cls: 0.5953  rpn_s.1.loss_bbox: 0.0657  rpn_s.1.loss_giou: 0.4916  rpn_s.2.loss_cls: 0.5422  rpn_s.2.loss_bbox: 0.0574  rpn_s.2.loss_giou: 0.4291  rpn_s.3.loss_cls: 0.5090  rpn_s.3.loss_bbox: 0.0529  rpn_s.3.loss_giou: 0.4046  s0.loss_cls: 0.6710  s0.pos_acc: 65.3846  s0.loss_bbox: 0.6732  s0.loss_iou: 1.7561  s1.loss_cls: 0.6797  s1.pos_acc: 61.5385  s1.loss_bbox: 0.6478  s1.loss_iou: 1.8092
2026/03/26 22:15:34 - mmengine - INFO - Epoch(train)  [2][2400/5001]  lr: 2.5000e-05  eta: 1 day, 9:30:17  time: 1.1171  data_time: 0.0032  memory: 7765  grad_norm: 55.5833  loss: 9.4347  rpn_s.0.loss_cls: 0.7599  rpn_s.0.loss_bbox: 0.1455  rpn_s.0.loss_giou: 0.8166  rpn_s.1.loss_cls: 0.5963  rpn_s.1.loss_bbox: 0.0695  rpn_s.1.loss_giou: 0.4597  rpn_s.2.loss_cls: 0.5347  rpn_s.2.loss_bbox: 0.0608  rpn_s.2.loss_giou: 0.3989  rpn_s.3.loss_cls: 0.5117  rpn_s.3.loss_bbox: 0.0555  rpn_s.3.loss_giou: 0.3796  s0.loss_cls: 0.4670  s0.pos_acc: 75.0000  s0.loss_bbox: 0.5179  s0.loss_iou: 1.3122  s1.loss_cls: 0.4700  s1.pos_acc: 58.3333  s1.loss_bbox: 0.5397  s1.loss_iou: 1.3393
2026/03/26 22:16:30 - mmengine - INFO - Epoch(train)  [2][2450/5001]  lr: 2.5000e-05  eta: 1 day, 9:29:56  time: 1.1140  data_time: 0.0033  memory: 7765  grad_norm: 55.8579  loss: 11.0870  rpn_s.0.loss_cls: 0.7756  rpn_s.0.loss_bbox: 0.1419  rpn_s.0.loss_giou: 0.9283  rpn_s.1.loss_cls: 0.5721  rpn_s.1.loss_bbox: 0.0617  rpn_s.1.loss_giou: 0.5013  rpn_s.2.loss_cls: 0.5222  rpn_s.2.loss_bbox: 0.0525  rpn_s.2.loss_giou: 0.4327  rpn_s.3.loss_cls: 0.4975  rpn_s.3.loss_bbox: 0.0481  rpn_s.3.loss_giou: 0.4079  s0.loss_cls: 0.6474  s0.pos_acc: 45.6522  s0.loss_bbox: 0.6309  s0.loss_iou: 1.7682  s1.loss_cls: 0.6673  s1.pos_acc: 34.7826  s1.loss_bbox: 0.6386  s1.loss_iou: 1.7928
2026/03/26 22:17:26 - mmengine - INFO - Epoch(train)  [2][2500/5001]  lr: 2.5000e-05  eta: 1 day, 9:29:33  time: 1.1115  data_time: 0.0032  memory: 7765  grad_norm: 58.8174  loss: 10.4109  rpn_s.0.loss_cls: 0.7391  rpn_s.0.loss_bbox: 0.1468  rpn_s.0.loss_giou: 0.9996  rpn_s.1.loss_cls: 0.5482  rpn_s.1.loss_bbox: 0.0642  rpn_s.1.loss_giou: 0.5247  rpn_s.2.loss_cls: 0.4978  rpn_s.2.loss_bbox: 0.0536  rpn_s.2.loss_giou: 0.4483  rpn_s.3.loss_cls: 0.4602  rpn_s.3.loss_bbox: 0.0488  rpn_s.3.loss_giou: 0.4226  s0.loss_cls: 0.5287  s0.pos_acc: 70.0000  s0.loss_bbox: 0.5836  s0.loss_iou: 1.5926  s1.loss_cls: 0.5243  s1.pos_acc: 50.0000  s1.loss_bbox: 0.6079  s1.loss_iou: 1.6201
2026/03/26 22:18:22 - mmengine - INFO - Epoch(train)  [2][2550/5001]  lr: 2.5000e-05  eta: 1 day, 9:29:18  time: 1.1239  data_time: 0.0032  memory: 7765  grad_norm: 56.0596  loss: 10.7791  rpn_s.0.loss_cls: 0.7667  rpn_s.0.loss_bbox: 0.1384  rpn_s.0.loss_giou: 0.9233  rpn_s.1.loss_cls: 0.5666  rpn_s.1.loss_bbox: 0.0634  rpn_s.1.loss_giou: 0.5045  rpn_s.2.loss_cls: 0.5220  rpn_s.2.loss_bbox: 0.0545  rpn_s.2.loss_giou: 0.4364  rpn_s.3.loss_cls: 0.4884  rpn_s.3.loss_bbox: 0.0500  rpn_s.3.loss_giou: 0.4137  s0.loss_cls: 0.5879  s0.pos_acc: 64.9254  s0.loss_bbox: 0.6315  s0.loss_iou: 1.6777  s1.loss_cls: 0.5962  s1.pos_acc: 72.0149  s1.loss_bbox: 0.6375  s1.loss_iou: 1.7205
2026/03/26 22:19:18 - mmengine - INFO - Epoch(train)  [2][2600/5001]  lr: 2.5000e-05  eta: 1 day, 9:29:07  time: 1.1299  data_time: 0.0031  memory: 7765  grad_norm: 58.3098  loss: 9.5266  rpn_s.0.loss_cls: 0.7298  rpn_s.0.loss_bbox: 0.1499  rpn_s.0.loss_giou: 0.8550  rpn_s.1.loss_cls: 0.5522  rpn_s.1.loss_bbox: 0.0701  rpn_s.1.loss_giou: 0.4712  rpn_s.2.loss_cls: 0.4948  rpn_s.2.loss_bbox: 0.0609  rpn_s.2.loss_giou: 0.4122  rpn_s.3.loss_cls: 0.4672  rpn_s.3.loss_bbox: 0.0571  rpn_s.3.loss_giou: 0.3951  s0.loss_cls: 0.5259  s0.pos_acc: 57.1429  s0.loss_bbox: 0.5068  s0.loss_iou: 1.3634  s1.loss_cls: 0.5347  s1.pos_acc: 60.7143  s1.loss_bbox: 0.5173  s1.loss_iou: 1.3629
2026/03/26 22:20:14 - mmengine - INFO - Epoch(train)  [2][2650/5001]  lr: 2.5000e-05  eta: 1 day, 9:28:51  time: 1.1232  data_time: 0.0033  memory: 7765  grad_norm: 60.2701  loss: 10.5265  rpn_s.0.loss_cls: 0.7444  rpn_s.0.loss_bbox: 0.1416  rpn_s.0.loss_giou: 0.8953  rpn_s.1.loss_cls: 0.5567  rpn_s.1.loss_bbox: 0.0667  rpn_s.1.loss_giou: 0.5004  rpn_s.2.loss_cls: 0.5093  rpn_s.2.loss_bbox: 0.0563  rpn_s.2.loss_giou: 0.4313  rpn_s.3.loss_cls: 0.4913  rpn_s.3.loss_bbox: 0.0509  rpn_s.3.loss_giou: 0.4078  s0.loss_cls: 0.5869  s0.pos_acc: 50.0000  s0.loss_bbox: 0.6035  s0.loss_iou: 1.6101  s1.loss_cls: 0.5927  s1.pos_acc: 42.8571  s1.loss_bbox: 0.6391  s1.loss_iou: 1.6422
2026/03/26 22:21:11 - mmengine - INFO - Epoch(train)  [2][2700/5001]  lr: 2.5000e-05  eta: 1 day, 9:28:39  time: 1.1288  data_time: 0.0033  memory: 7764  grad_norm: 59.7274  loss: 9.3963  rpn_s.0.loss_cls: 0.7342  rpn_s.0.loss_bbox: 0.1444  rpn_s.0.loss_giou: 0.7711  rpn_s.1.loss_cls: 0.5767  rpn_s.1.loss_bbox: 0.0757  rpn_s.1.loss_giou: 0.4488  rpn_s.2.loss_cls: 0.5143  rpn_s.2.loss_bbox: 0.0674  rpn_s.2.loss_giou: 0.4016  rpn_s.3.loss_cls: 0.4845  rpn_s.3.loss_bbox: 0.0639  rpn_s.3.loss_giou: 0.3845  s0.loss_cls: 0.5116  s0.pos_acc: 100.0000  s0.loss_bbox: 0.5195  s0.loss_iou: 1.3036  s1.loss_cls: 0.5228  s1.pos_acc: 100.0000  s1.loss_bbox: 0.5395  s1.loss_iou: 1.3322
2026/03/26 22:22:06 - mmengine - INFO - Epoch(train)  [2][2750/5001]  lr: 2.5000e-05  eta: 1 day, 9:28:13  time: 1.1122  data_time: 0.0034  memory: 7764  grad_norm: 59.1328  loss: 10.3408  rpn_s.0.loss_cls: 0.7603  rpn_s.0.loss_bbox: 0.1253  rpn_s.0.loss_giou: 0.8848  rpn_s.1.loss_cls: 0.5699  rpn_s.1.loss_bbox: 0.0582  rpn_s.1.loss_giou: 0.4709  rpn_s.2.loss_cls: 0.5079  rpn_s.2.loss_bbox: 0.0478  rpn_s.2.loss_giou: 0.4066  rpn_s.3.loss_cls: 0.4859  rpn_s.3.loss_bbox: 0.0426  rpn_s.3.loss_giou: 0.3820  s0.loss_cls: 0.6299  s0.pos_acc: 78.1250  s0.loss_bbox: 0.5509  s0.loss_iou: 1.5918  s1.loss_cls: 0.6392  s1.pos_acc: 78.1250  s1.loss_bbox: 0.5547  s1.loss_iou: 1.6322
2026/03/26 22:23:02 - mmengine - INFO - Epoch(train)  [2][2800/5001]  lr: 2.5000e-05  eta: 1 day, 9:27:40  time: 1.1019  data_time: 0.0033  memory: 7765  grad_norm: 53.5290  loss: 10.6195  rpn_s.0.loss_cls: 0.7559  rpn_s.0.loss_bbox: 0.1426  rpn_s.0.loss_giou: 0.9094  rpn_s.1.loss_cls: 0.5751  rpn_s.1.loss_bbox: 0.0700  rpn_s.1.loss_giou: 0.4930  rpn_s.2.loss_cls: 0.5163  rpn_s.2.loss_bbox: 0.0611  rpn_s.2.loss_giou: 0.4377  rpn_s.3.loss_cls: 0.4922  rpn_s.3.loss_bbox: 0.0547  rpn_s.3.loss_giou: 0.4164  s0.loss_cls: 0.5541  s0.pos_acc: 60.0000  s0.loss_bbox: 0.5893  s0.loss_iou: 1.6856  s1.loss_cls: 0.5601  s1.pos_acc: 70.0000  s1.loss_bbox: 0.5979  s1.loss_iou: 1.7082
2026/03/26 22:23:56 - mmengine - INFO - Epoch(train)  [2][2850/5001]  lr: 2.5000e-05  eta: 1 day, 9:27:02  time: 1.0950  data_time: 0.0032  memory: 7765  grad_norm: 55.4642  loss: 10.3562  rpn_s.0.loss_cls: 0.7366  rpn_s.0.loss_bbox: 0.1341  rpn_s.0.loss_giou: 0.9222  rpn_s.1.loss_cls: 0.5504  rpn_s.1.loss_bbox: 0.0622  rpn_s.1.loss_giou: 0.4872  rpn_s.2.loss_cls: 0.4944  rpn_s.2.loss_bbox: 0.0545  rpn_s.2.loss_giou: 0.4332  rpn_s.3.loss_cls: 0.4625  rpn_s.3.loss_bbox: 0.0508  rpn_s.3.loss_giou: 0.4157  s0.loss_cls: 0.5615  s0.pos_acc: 71.0526  s0.loss_bbox: 0.6108  s0.loss_iou: 1.5978  s1.loss_cls: 0.5730  s1.pos_acc: 78.9474  s1.loss_bbox: 0.6320  s1.loss_iou: 1.5774
2026/03/26 22:24:51 - mmengine - INFO - Epoch(train)  [2][2900/5001]  lr: 2.5000e-05  eta: 1 day, 9:26:28  time: 1.1005  data_time: 0.0032  memory: 7764  grad_norm: 60.1425  loss: 11.6743  rpn_s.0.loss_cls: 0.8191  rpn_s.0.loss_bbox: 0.1406  rpn_s.0.loss_giou: 1.0057  rpn_s.1.loss_cls: 0.6140  rpn_s.1.loss_bbox: 0.0641  rpn_s.1.loss_giou: 0.5422  rpn_s.2.loss_cls: 0.5536  rpn_s.2.loss_bbox: 0.0535  rpn_s.2.loss_giou: 0.4656  rpn_s.3.loss_cls: 0.5185  rpn_s.3.loss_bbox: 0.0496  rpn_s.3.loss_giou: 0.4416  s0.loss_cls: 0.6772  s0.pos_acc: 59.0909  s0.loss_bbox: 0.6508  s0.loss_iou: 1.8659  s1.loss_cls: 0.6882  s1.pos_acc: 57.9545  s1.loss_bbox: 0.6464  s1.loss_iou: 1.8779
2026/03/26 22:25:47 - mmengine - INFO - Epoch(train)  [2][2950/5001]  lr: 2.5000e-05  eta: 1 day, 9:25:56  time: 1.1054  data_time: 0.0032  memory: 7765  grad_norm: 55.0548  loss: 10.9564  rpn_s.0.loss_cls: 0.7648  rpn_s.0.loss_bbox: 0.1362  rpn_s.0.loss_giou: 0.9309  rpn_s.1.loss_cls: 0.5796  rpn_s.1.loss_bbox: 0.0628  rpn_s.1.loss_giou: 0.4966  rpn_s.2.loss_cls: 0.5325  rpn_s.2.loss_bbox: 0.0524  rpn_s.2.loss_giou: 0.4276  rpn_s.3.loss_cls: 0.4881  rpn_s.3.loss_bbox: 0.0504  rpn_s.3.loss_giou: 0.4105  s0.loss_cls: 0.5879  s0.pos_acc: 50.0000  s0.loss_bbox: 0.7006  s0.loss_iou: 1.7210  s1.loss_cls: 0.5978  s1.pos_acc: 100.0000  s1.loss_bbox: 0.6827  s1.loss_iou: 1.7341
2026/03/26 22:26:41 - mmengine - INFO - Exp name: GSDet_r50_b900_h2h4_h2r1_r2r1_2x_fair1m1.0_20260326_200141
2026/03/26 22:26:42 - mmengine - INFO - Epoch(train)  [2][3000/5001]  lr: 2.5000e-05  eta: 1 day, 9:25:28  time: 1.1103  data_time: 0.0030  memory: 7765  grad_norm: 58.8781  loss: 11.1667  rpn_s.0.loss_cls: 0.7969  rpn_s.0.loss_bbox: 0.1537  rpn_s.0.loss_giou: 0.9213  rpn_s.1.loss_cls: 0.5820  rpn_s.1.loss_bbox: 0.0691  rpn_s.1.loss_giou: 0.5016  rpn_s.2.loss_cls: 0.5320  rpn_s.2.loss_bbox: 0.0583  rpn_s.2.loss_giou: 0.4347  rpn_s.3.loss_cls: 0.5003  rpn_s.3.loss_bbox: 0.0533  rpn_s.3.loss_giou: 0.4075  s0.loss_cls: 0.6501  s0.pos_acc: 28.5714  s0.loss_bbox: 0.6206  s0.loss_iou: 1.7927  s1.loss_cls: 0.6612  s1.pos_acc: 78.5714  s1.loss_bbox: 0.6099  s1.loss_iou: 1.8216
2026/03/26 22:27:38 - mmengine - INFO - Epoch(train)  [2][3050/5001]  lr: 2.5000e-05  eta: 1 day, 9:25:03  time: 1.1148  data_time: 0.0031  memory: 7765  grad_norm: 56.3263  loss: 9.6852  rpn_s.0.loss_cls: 0.7695  rpn_s.0.loss_bbox: 0.1401  rpn_s.0.loss_giou: 0.9123  rpn_s.1.loss_cls: 0.5720  rpn_s.1.loss_bbox: 0.0619  rpn_s.1.loss_giou: 0.4745  rpn_s.2.loss_cls: 0.5060  rpn_s.2.loss_bbox: 0.0530  rpn_s.2.loss_giou: 0.4190  rpn_s.3.loss_cls: 0.4792  rpn_s.3.loss_bbox: 0.0490  rpn_s.3.loss_giou: 0.3958  s0.loss_cls: 0.4872  s0.pos_acc: 72.7273  s0.loss_bbox: 0.5583  s0.loss_iou: 1.3666  s1.loss_cls: 0.5033  s1.pos_acc: 72.7273  s1.loss_bbox: 0.5517  s1.loss_iou: 1.3859
2026/03/26 22:28:34 - mmengine - INFO - Epoch(train)  [2][3100/5001]  lr: 2.5000e-05  eta: 1 day, 9:24:42  time: 1.1229  data_time: 0.0032  memory: 7765  grad_norm: 58.3335  loss: 10.9349  rpn_s.0.loss_cls: 0.7546  rpn_s.0.loss_bbox: 0.1425  rpn_s.0.loss_giou: 0.9603  rpn_s.1.loss_cls: 0.5428  rpn_s.1.loss_bbox: 0.0655  rpn_s.1.loss_giou: 0.5202  rpn_s.2.loss_cls: 0.4769  rpn_s.2.loss_bbox: 0.0554  rpn_s.2.loss_giou: 0.4547  rpn_s.3.loss_cls: 0.4598  rpn_s.3.loss_bbox: 0.0520  rpn_s.3.loss_giou: 0.4372  s0.loss_cls: 0.5639  s0.pos_acc: 52.1739  s0.loss_bbox: 0.6698  s0.loss_iou: 1.7172  s1.loss_cls: 0.5805  s1.pos_acc: 67.3913  s1.loss_bbox: 0.7086  s1.loss_iou: 1.7728
2026/03/26 22:29:30 - mmengine - INFO - Epoch(train)  [2][3150/5001]  lr: 2.5000e-05  eta: 1 day, 9:24:25  time: 1.1270  data_time: 0.0032  memory: 7765  grad_norm: 57.1949  loss: 10.0130  rpn_s.0.loss_cls: 0.7721  rpn_s.0.loss_bbox: 0.1478  rpn_s.0.loss_giou: 0.9227  rpn_s.1.loss_cls: 0.6193  rpn_s.1.loss_bbox: 0.0690  rpn_s.1.loss_giou: 0.4994  rpn_s.2.loss_cls: 0.5263  rpn_s.2.loss_bbox: 0.0555  rpn_s.2.loss_giou: 0.4246  rpn_s.3.loss_cls: 0.4911  rpn_s.3.loss_bbox: 0.0519  rpn_s.3.loss_giou: 0.4033  s0.loss_cls: 0.5362  s0.pos_acc: 66.0839  s0.loss_bbox: 0.5662  s0.loss_iou: 1.4030  s1.loss_cls: 0.5361  s1.pos_acc: 65.7343  s1.loss_bbox: 0.5716  s1.loss_iou: 1.4167
2026/03/26 22:30:27 - mmengine - INFO - Epoch(train)  [2][3200/5001]  lr: 2.5000e-05  eta: 1 day, 9:24:05  time: 1.1245  data_time: 0.0031  memory: 7765  grad_norm: 58.9087  loss: 8.7256  rpn_s.0.loss_cls: 0.7326  rpn_s.0.loss_bbox: 0.1204  rpn_s.0.loss_giou: 0.7960  rpn_s.1.loss_cls: 0.5732  rpn_s.1.loss_bbox: 0.0571  rpn_s.1.loss_giou: 0.4353  rpn_s.2.loss_cls: 0.5247  rpn_s.2.loss_bbox: 0.0497  rpn_s.2.loss_giou: 0.3831  rpn_s.3.loss_cls: 0.4993  rpn_s.3.loss_bbox: 0.0469  rpn_s.3.loss_giou: 0.3657  s0.loss_cls: 0.4558  s0.pos_acc: 16.6667  s0.loss_bbox: 0.4744  s0.loss_iou: 1.1219  s1.loss_cls: 0.4541  s1.pos_acc: 33.3333  s1.loss_bbox: 0.4713  s1.loss_iou: 1.1642
2026/03/26 22:31:22 - mmengine - INFO - Epoch(train)  [2][3250/5001]  lr: 2.5000e-05  eta: 1 day, 9:23:35  time: 1.1107  data_time: 0.0029  memory: 7765  grad_norm: 56.6480  loss: 10.1061  rpn_s.0.loss_cls: 0.7396  rpn_s.0.loss_bbox: 0.1411  rpn_s.0.loss_giou: 0.8954  rpn_s.1.loss_cls: 0.5557  rpn_s.1.loss_bbox: 0.0659  rpn_s.1.loss_giou: 0.4876  rpn_s.2.loss_cls: 0.5077  rpn_s.2.loss_bbox: 0.0583  rpn_s.2.loss_giou: 0.4177  rpn_s.3.loss_cls: 0.4790  rpn_s.3.loss_bbox: 0.0533  rpn_s.3.loss_giou: 0.3941  s0.loss_cls: 0.5328  s0.pos_acc: 100.0000  s0.loss_bbox: 0.5753  s0.loss_iou: 1.5387  s1.loss_cls: 0.5375  s1.pos_acc: 100.0000  s1.loss_bbox: 0.5665  s1.loss_iou: 1.5598
2026/03/26 22:32:18 - mmengine - INFO - Epoch(train)  [2][3300/5001]  lr: 2.5000e-05  eta: 1 day, 9:23:06  time: 1.1124  data_time: 0.0030  memory: 7765  grad_norm: 56.4029  loss: 10.2839  rpn_s.0.loss_cls: 0.7526  rpn_s.0.loss_bbox: 0.1359  rpn_s.0.loss_giou: 0.9439  rpn_s.1.loss_cls: 0.5759  rpn_s.1.loss_bbox: 0.0614  rpn_s.1.loss_giou: 0.5111  rpn_s.2.loss_cls: 0.5313  rpn_s.2.loss_bbox: 0.0524  rpn_s.2.loss_giou: 0.4397  rpn_s.3.loss_cls: 0.5042  rpn_s.3.loss_bbox: 0.0487  rpn_s.3.loss_giou: 0.4154  s0.loss_cls: 0.5638  s0.pos_acc: 81.8182  s0.loss_bbox: 0.5668  s0.loss_iou: 1.5035  s1.loss_cls: 0.5652  s1.pos_acc: 86.3636  s1.loss_bbox: 0.6025  s1.loss_iou: 1.5097
2026/03/26 22:33:13 - mmengine - INFO - Epoch(train)  [2][3350/5001]  lr: 2.5000e-05  eta: 1 day, 9:22:29  time: 1.1017  data_time: 0.0032  memory: 7765  grad_norm: 53.6152  loss: 10.4284  rpn_s.0.loss_cls: 0.7378  rpn_s.0.loss_bbox: 0.1362  rpn_s.0.loss_giou: 0.9488  rpn_s.1.loss_cls: 0.5551  rpn_s.1.loss_bbox: 0.0652  rpn_s.1.loss_giou: 0.5225  rpn_s.2.loss_cls: 0.4928  rpn_s.2.loss_bbox: 0.0532  rpn_s.2.loss_giou: 0.4396  rpn_s.3.loss_cls: 0.4598  rpn_s.3.loss_bbox: 0.0498  rpn_s.3.loss_giou: 0.4179  s0.loss_cls: 0.5160  s0.pos_acc: 79.6196  s0.loss_bbox: 0.5854  s0.loss_iou: 1.6519  s1.loss_cls: 0.5245  s1.pos_acc: 79.3478  s1.loss_bbox: 0.6060  s1.loss_iou: 1.6659
2026/03/26 22:34:08 - mmengine - INFO - Epoch(train)  [2][3400/5001]  lr: 2.5000e-05  eta: 1 day, 9:21:51  time: 1.0988  data_time: 0.0032  memory: 7765  grad_norm: 56.7002  loss: 10.7908  rpn_s.0.loss_cls: 0.7345  rpn_s.0.loss_bbox: 0.1465  rpn_s.0.loss_giou: 0.9576  rpn_s.1.loss_cls: 0.5566  rpn_s.1.loss_bbox: 0.0646  rpn_s.1.loss_giou: 0.5093  rpn_s.2.loss_cls: 0.5064  rpn_s.2.loss_bbox: 0.0526  rpn_s.2.loss_giou: 0.4357  rpn_s.3.loss_cls: 0.4766  rpn_s.3.loss_bbox: 0.0490  rpn_s.3.loss_giou: 0.4106  s0.loss_cls: 0.5869  s0.pos_acc: 100.0000  s0.loss_bbox: 0.6945  s0.loss_iou: 1.6545  s1.loss_cls: 0.5884  s1.pos_acc: 100.0000  s1.loss_bbox: 0.6765  s1.loss_iou: 1.6901
2026/03/26 22:35:02 - mmengine - INFO - Epoch(train)  [2][3450/5001]  lr: 2.5000e-05  eta: 1 day, 9:21:07  time: 1.0915  data_time: 0.0033  memory: 7764  grad_norm: 52.3903  loss: 9.2146  rpn_s.0.loss_cls: 0.7115  rpn_s.0.loss_bbox: 0.1308  rpn_s.0.loss_giou: 0.9120  rpn_s.1.loss_cls: 0.5160  rpn_s.1.loss_bbox: 0.0566  rpn_s.1.loss_giou: 0.4709  rpn_s.2.loss_cls: 0.4558  rpn_s.2.loss_bbox: 0.0480  rpn_s.2.loss_giou: 0.4119  rpn_s.3.loss_cls: 0.4238  rpn_s.3.loss_bbox: 0.0463  rpn_s.3.loss_giou: 0.3938  s0.loss_cls: 0.4494  s0.pos_acc: 61.8590  s0.loss_bbox: 0.5135  s0.loss_iou: 1.3444  s1.loss_cls: 0.4619  s1.pos_acc: 57.3718  s1.loss_bbox: 0.5098  s1.loss_iou: 1.3583
2026/03/26 22:35:57 - mmengine - INFO - Epoch(train)  [2][3500/5001]  lr: 2.5000e-05  eta: 1 day, 9:20:31  time: 1.1033  data_time: 0.0032  memory: 7765  grad_norm: 55.7323  loss: 10.3544  rpn_s.0.loss_cls: 0.7173  rpn_s.0.loss_bbox: 0.1354  rpn_s.0.loss_giou: 0.9178  rpn_s.1.loss_cls: 0.5272  rpn_s.1.loss_bbox: 0.0622  rpn_s.1.loss_giou: 0.4979  rpn_s.2.loss_cls: 0.4727  rpn_s.2.loss_bbox: 0.0535  rpn_s.2.loss_giou: 0.4358  rpn_s.3.loss_cls: 0.4511  rpn_s.3.loss_bbox: 0.0507  rpn_s.3.loss_giou: 0.4177  s0.loss_cls: 0.5220  s0.pos_acc: 66.6667  s0.loss_bbox: 0.6330  s0.loss_iou: 1.6482  s1.loss_cls: 0.5266  s1.pos_acc: 66.6667  s1.loss_bbox: 0.6197  s1.loss_iou: 1.6658
2026/03/26 22:36:53 - mmengine - INFO - Epoch(train)  [2][3550/5001]  lr: 2.5000e-05  eta: 1 day, 9:20:00  time: 1.1109  data_time: 0.0032  memory: 7765  grad_norm: 55.6111  loss: 9.8273  rpn_s.0.loss_cls: 0.7296  rpn_s.0.loss_bbox: 0.1515  rpn_s.0.loss_giou: 0.9236  rpn_s.1.loss_cls: 0.5351  rpn_s.1.loss_bbox: 0.0646  rpn_s.1.loss_giou: 0.4980  rpn_s.2.loss_cls: 0.4812  rpn_s.2.loss_bbox: 0.0568  rpn_s.2.loss_giou: 0.4336  rpn_s.3.loss_cls: 0.4455  rpn_s.3.loss_bbox: 0.0534  rpn_s.3.loss_giou: 0.4218  s0.loss_cls: 0.4827  s0.pos_acc: 69.3182  s0.loss_bbox: 0.5376  s0.loss_iou: 1.4699  s1.loss_cls: 0.4997  s1.pos_acc: 67.0455  s1.loss_bbox: 0.5531  s1.loss_iou: 1.4896
2026/03/26 22:37:49 - mmengine - INFO - Epoch(train)  [2][3600/5001]  lr: 2.5000e-05  eta: 1 day, 9:19:29  time: 1.1120  data_time: 0.0032  memory: 7764  grad_norm: 61.6077  loss: 11.2011  rpn_s.0.loss_cls: 0.7359  rpn_s.0.loss_bbox: 0.1542  rpn_s.0.loss_giou: 0.9857  rpn_s.1.loss_cls: 0.5538  rpn_s.1.loss_bbox: 0.0720  rpn_s.1.loss_giou: 0.5170  rpn_s.2.loss_cls: 0.4933  rpn_s.2.loss_bbox: 0.0608  rpn_s.2.loss_giou: 0.4513  rpn_s.3.loss_cls: 0.4532  rpn_s.3.loss_bbox: 0.0553  rpn_s.3.loss_giou: 0.4249  s0.loss_cls: 0.6165  s0.pos_acc: 67.8571  s0.loss_bbox: 0.6599  s0.loss_iou: 1.8229  s1.loss_cls: 0.6325  s1.pos_acc: 65.4762  s1.loss_bbox: 0.6379  s1.loss_iou: 1.8743
2026/03/26 22:38:44 - mmengine - INFO - Epoch(train)  [2][3650/5001]  lr: 2.5000e-05  eta: 1 day, 9:19:00  time: 1.1152  data_time: 0.0031  memory: 7765  grad_norm: 55.5846  loss: 10.8475  rpn_s.0.loss_cls: 0.7528  rpn_s.0.loss_bbox: 0.1416  rpn_s.0.loss_giou: 0.9598  rpn_s.1.loss_cls: 0.5520  rpn_s.1.loss_bbox: 0.0670  rpn_s.1.loss_giou: 0.5023  rpn_s.2.loss_cls: 0.4880  rpn_s.2.loss_bbox: 0.0563  rpn_s.2.loss_giou: 0.4331  rpn_s.3.loss_cls: 0.4541  rpn_s.3.loss_bbox: 0.0539  rpn_s.3.loss_giou: 0.4205  s0.loss_cls: 0.5607  s0.pos_acc: 58.3333  s0.loss_bbox: 0.6274  s0.loss_iou: 1.7745  s1.loss_cls: 0.5651  s1.pos_acc: 63.0952  s1.loss_bbox: 0.6332  s1.loss_iou: 1.8052
2026/03/26 22:39:41 - mmengine - INFO - Epoch(train)  [2][3700/5001]  lr: 2.5000e-05  eta: 1 day, 9:18:38  time: 1.1268  data_time: 0.0031  memory: 7765  grad_norm: 62.1186  loss: 9.5483  rpn_s.0.loss_cls: 0.7311  rpn_s.0.loss_bbox: 0.1326  rpn_s.0.loss_giou: 0.8174  rpn_s.1.loss_cls: 0.5510  rpn_s.1.loss_bbox: 0.0594  rpn_s.1.loss_giou: 0.4485  rpn_s.2.loss_cls: 0.5007  rpn_s.2.loss_bbox: 0.0516  rpn_s.2.loss_giou: 0.3971  rpn_s.3.loss_cls: 0.4712  rpn_s.3.loss_bbox: 0.0498  rpn_s.3.loss_giou: 0.3826  s0.loss_cls: 0.5257  s0.pos_acc: 56.2500  s0.loss_bbox: 0.5359  s0.loss_iou: 1.3977  s1.loss_cls: 0.5483  s1.pos_acc: 50.0000  s1.loss_bbox: 0.5279  s1.loss_iou: 1.4200
2026/03/26 22:40:36 - mmengine - INFO - Epoch(train)  [2][3750/5001]  lr: 2.5000e-05  eta: 1 day, 9:18:08  time: 1.1138  data_time: 0.0032  memory: 7765  grad_norm: 59.4252  loss: 10.0579  rpn_s.0.loss_cls: 0.7790  rpn_s.0.loss_bbox: 0.1300  rpn_s.0.loss_giou: 0.8183  rpn_s.1.loss_cls: 0.5954  rpn_s.1.loss_bbox: 0.0676  rpn_s.1.loss_giou: 0.4691  rpn_s.2.loss_cls: 0.5399  rpn_s.2.loss_bbox: 0.0586  rpn_s.2.loss_giou: 0.4146  rpn_s.3.loss_cls: 0.5054  rpn_s.3.loss_bbox: 0.0542  rpn_s.3.loss_giou: 0.3971  s0.loss_cls: 0.5888  s0.pos_acc: 70.5882  s0.loss_bbox: 0.5806  s0.loss_iou: 1.4210  s1.loss_cls: 0.6102  s1.pos_acc: 79.4118  s1.loss_bbox: 0.5858  s1.loss_iou: 1.4424
2026/03/26 22:41:32 - mmengine - INFO - Epoch(train)  [2][3800/5001]  lr: 2.5000e-05  eta: 1 day, 9:17:35  time: 1.1118  data_time: 0.0033  memory: 7765  grad_norm: 60.3961  loss: 12.1754  rpn_s.0.loss_cls: 0.7646  rpn_s.0.loss_bbox: 0.1576  rpn_s.0.loss_giou: 1.0440  rpn_s.1.loss_cls: 0.5712  rpn_s.1.loss_bbox: 0.0710  rpn_s.1.loss_giou: 0.5538  rpn_s.2.loss_cls: 0.5170  rpn_s.2.loss_bbox: 0.0598  rpn_s.2.loss_giou: 0.4816  rpn_s.3.loss_cls: 0.4807  rpn_s.3.loss_bbox: 0.0559  rpn_s.3.loss_giou: 0.4588  s0.loss_cls: 0.6432  s0.pos_acc: 70.1493  s0.loss_bbox: 0.7283  s0.loss_iou: 2.0984  s1.loss_cls: 0.6453  s1.pos_acc: 71.6418  s1.loss_bbox: 0.7475  s1.loss_iou: 2.0969
2026/03/26 22:42:26 - mmengine - INFO - Epoch(train)  [2][3850/5001]  lr: 2.5000e-05  eta: 1 day, 9:16:48  time: 1.0873  data_time: 0.0033  memory: 7765  grad_norm: 54.5178  loss: 10.9596  rpn_s.0.loss_cls: 0.7260  rpn_s.0.loss_bbox: 0.1294  rpn_s.0.loss_giou: 0.9744  rpn_s.1.loss_cls: 0.5389  rpn_s.1.loss_bbox: 0.0585  rpn_s.1.loss_giou: 0.5220  rpn_s.2.loss_cls: 0.4838  rpn_s.2.loss_bbox: 0.0471  rpn_s.2.loss_giou: 0.4495  rpn_s.3.loss_cls: 0.4571  rpn_s.3.loss_bbox: 0.0422  rpn_s.3.loss_giou: 0.4243  s0.loss_cls: 0.6014  s0.pos_acc: 72.5806  s0.loss_bbox: 0.6467  s0.loss_iou: 1.7928  s1.loss_cls: 0.6189  s1.pos_acc: 59.6774  s1.loss_bbox: 0.6500  s1.loss_iou: 1.7965
2026/03/26 22:43:21 - mmengine - INFO - Epoch(train)  [2][3900/5001]  lr: 2.5000e-05  eta: 1 day, 9:16:02  time: 1.0913  data_time: 0.0032  memory: 7765  grad_norm: 58.3340  loss: 9.2728  rpn_s.0.loss_cls: 0.7239  rpn_s.0.loss_bbox: 0.1223  rpn_s.0.loss_giou: 0.7737  rpn_s.1.loss_cls: 0.5462  rpn_s.1.loss_bbox: 0.0609  rpn_s.1.loss_giou: 0.4235  rpn_s.2.loss_cls: 0.4891  rpn_s.2.loss_bbox: 0.0530  rpn_s.2.loss_giou: 0.3811  rpn_s.3.loss_cls: 0.4628  rpn_s.3.loss_bbox: 0.0491  rpn_s.3.loss_giou: 0.3662  s0.loss_cls: 0.5105  s0.pos_acc: 76.3158  s0.loss_bbox: 0.5778  s0.loss_iou: 1.2946  s1.loss_cls: 0.5285  s1.pos_acc: 78.9474  s1.loss_bbox: 0.5710  s1.loss_iou: 1.3385
2026/03/26 22:44:15 - mmengine - INFO - Epoch(train)  [2][3950/5001]  lr: 2.5000e-05  eta: 1 day, 9:15:15  time: 1.0885  data_time: 0.0032  memory: 7765  grad_norm: 59.9834  loss: 9.9965  rpn_s.0.loss_cls: 0.7186  rpn_s.0.loss_bbox: 0.1406  rpn_s.0.loss_giou: 0.8922  rpn_s.1.loss_cls: 0.5326  rpn_s.1.loss_bbox: 0.0662  rpn_s.1.loss_giou: 0.4900  rpn_s.2.loss_cls: 0.4780  rpn_s.2.loss_bbox: 0.0539  rpn_s.2.loss_giou: 0.4258  rpn_s.3.loss_cls: 0.4492  rpn_s.3.loss_bbox: 0.0505  rpn_s.3.loss_giou: 0.4103  s0.loss_cls: 0.4815  s0.pos_acc: 50.0000  s0.loss_bbox: 0.5817  s0.loss_iou: 1.5530  s1.loss_cls: 0.4917  s1.pos_acc: 52.0833  s1.loss_bbox: 0.5939  s1.loss_iou: 1.5867
2026/03/26 22:45:09 - mmengine - INFO - Exp name: GSDet_r50_b900_h2h4_h2r1_r2r1_2x_fair1m1.0_20260326_200141
2026/03/26 22:45:10 - mmengine - INFO - Epoch(train)  [2][4000/5001]  lr: 2.5000e-05  eta: 1 day, 9:14:26  time: 1.0858  data_time: 0.0032  memory: 7764  grad_norm: 54.0166  loss: 10.7147  rpn_s.0.loss_cls: 0.7509  rpn_s.0.loss_bbox: 0.1441  rpn_s.0.loss_giou: 0.9287  rpn_s.1.loss_cls: 0.5505  rpn_s.1.loss_bbox: 0.0683  rpn_s.1.loss_giou: 0.5086  rpn_s.2.loss_cls: 0.4853  rpn_s.2.loss_bbox: 0.0562  rpn_s.2.loss_giou: 0.4465  rpn_s.3.loss_cls: 0.4529  rpn_s.3.loss_bbox: 0.0541  rpn_s.3.loss_giou: 0.4291  s0.loss_cls: 0.5724  s0.pos_acc: 76.6667  s0.loss_bbox: 0.6500  s0.loss_iou: 1.6748  s1.loss_cls: 0.5814  s1.pos_acc: 80.0000  s1.loss_bbox: 0.6216  s1.loss_iou: 1.7394
2026/03/26 22:46:04 - mmengine - INFO - Epoch(train)  [2][4050/5001]  lr: 2.5000e-05  eta: 1 day, 9:13:39  time: 1.0884  data_time: 0.0031  memory: 7764  grad_norm: 57.6840  loss: 9.9306  rpn_s.0.loss_cls: 0.7118  rpn_s.0.loss_bbox: 0.1358  rpn_s.0.loss_giou: 0.8788  rpn_s.1.loss_cls: 0.5407  rpn_s.1.loss_bbox: 0.0648  rpn_s.1.loss_giou: 0.4813  rpn_s.2.loss_cls: 0.4901  rpn_s.2.loss_bbox: 0.0558  rpn_s.2.loss_giou: 0.4219  rpn_s.3.loss_cls: 0.4464  rpn_s.3.loss_bbox: 0.0519  rpn_s.3.loss_giou: 0.4035  s0.loss_cls: 0.5472  s0.pos_acc: 56.4516  s0.loss_bbox: 0.5011  s0.loss_iou: 1.5381  s1.loss_cls: 0.5515  s1.pos_acc: 62.9032  s1.loss_bbox: 0.5279  s1.loss_iou: 1.5820
2026/03/26 22:46:59 - mmengine - INFO - Epoch(train)  [2][4100/5001]  lr: 2.5000e-05  eta: 1 day, 9:12:53  time: 1.0915  data_time: 0.0032  memory: 7765  grad_norm: 56.2749  loss: 10.7959  rpn_s.0.loss_cls: 0.7386  rpn_s.0.loss_bbox: 0.1458  rpn_s.0.loss_giou: 0.9133  rpn_s.1.loss_cls: 0.5665  rpn_s.1.loss_bbox: 0.0748  rpn_s.1.loss_giou: 0.5159  rpn_s.2.loss_cls: 0.5215  rpn_s.2.loss_bbox: 0.0612  rpn_s.2.loss_giou: 0.4480  rpn_s.3.loss_cls: 0.4938  rpn_s.3.loss_bbox: 0.0581  rpn_s.3.loss_giou: 0.4373  s0.loss_cls: 0.5840  s0.pos_acc: 50.0000  s0.loss_bbox: 0.6363  s0.loss_iou: 1.6740  s1.loss_cls: 0.5786  s1.pos_acc: 50.0000  s1.loss_bbox: 0.6295  s1.loss_iou: 1.7187
2026/03/26 22:47:53 - mmengine - INFO - Epoch(train)  [2][4150/5001]  lr: 2.5000e-05  eta: 1 day, 9:12:08  time: 1.0931  data_time: 0.0032  memory: 7765  grad_norm: 57.1329  loss: 10.6624  rpn_s.0.loss_cls: 0.7683  rpn_s.0.loss_bbox: 0.1420  rpn_s.0.loss_giou: 0.9550  rpn_s.1.loss_cls: 0.5680  rpn_s.1.loss_bbox: 0.0634  rpn_s.1.loss_giou: 0.5075  rpn_s.2.loss_cls: 0.5149  rpn_s.2.loss_bbox: 0.0521  rpn_s.2.loss_giou: 0.4393  rpn_s.3.loss_cls: 0.4777  rpn_s.3.loss_bbox: 0.0492  rpn_s.3.loss_giou: 0.4205  s0.loss_cls: 0.6119  s0.pos_acc: 58.9744  s0.loss_bbox: 0.6136  s0.loss_iou: 1.5947  s1.loss_cls: 0.6290  s1.pos_acc: 64.1026  s1.loss_bbox: 0.6222  s1.loss_iou: 1.6331
2026/03/26 22:48:48 - mmengine - INFO - Epoch(train)  [2][4200/5001]  lr: 2.5000e-05  eta: 1 day, 9:11:20  time: 1.0870  data_time: 0.0032  memory: 7765  grad_norm: 55.5592  loss: 10.8760  rpn_s.0.loss_cls: 0.7419  rpn_s.0.loss_bbox: 0.1349  rpn_s.0.loss_giou: 0.8553  rpn_s.1.loss_cls: 0.5748  rpn_s.1.loss_bbox: 0.0714  rpn_s.1.loss_giou: 0.4979  rpn_s.2.loss_cls: 0.5069  rpn_s.2.loss_bbox: 0.0585  rpn_s.2.loss_giou: 0.4322  rpn_s.3.loss_cls: 0.4680  rpn_s.3.loss_bbox: 0.0539  rpn_s.3.loss_giou: 0.4111  s0.loss_cls: 0.5753  s0.pos_acc: 62.7907  s0.loss_bbox: 0.5537  s0.loss_iou: 1.8598  s1.loss_cls: 0.5944  s1.pos_acc: 69.7674  s1.loss_bbox: 0.5939  s1.loss_iou: 1.8920
2026/03/26 22:49:42 - mmengine - INFO - Epoch(train)  [2][4250/5001]  lr: 2.5000e-05  eta: 1 day, 9:10:35  time: 1.0940  data_time: 0.0032  memory: 7765  grad_norm: 57.7117  loss: 10.3971  rpn_s.0.loss_cls: 0.7394  rpn_s.0.loss_bbox: 0.1248  rpn_s.0.loss_giou: 0.9216  rpn_s.1.loss_cls: 0.5636  rpn_s.1.loss_bbox: 0.0573  rpn_s.1.loss_giou: 0.4774  rpn_s.2.loss_cls: 0.4992  rpn_s.2.loss_bbox: 0.0505  rpn_s.2.loss_giou: 0.4215  rpn_s.3.loss_cls: 0.4696  rpn_s.3.loss_bbox: 0.0446  rpn_s.3.loss_giou: 0.3954  s0.loss_cls: 0.5486  s0.pos_acc: 100.0000  s0.loss_bbox: 0.6718  s0.loss_iou: 1.5720  s1.loss_cls: 0.5400  s1.pos_acc: 100.0000  s1.loss_bbox: 0.6875  s1.loss_iou: 1.6123
2026/03/26 22:50:37 - mmengine - INFO - Epoch(train)  [2][4300/5001]  lr: 2.5000e-05  eta: 1 day, 9:09:48  time: 1.0892  data_time: 0.0031  memory: 7765  grad_norm: 51.9915  loss: 10.2980  rpn_s.0.loss_cls: 0.7865  rpn_s.0.loss_bbox: 0.1383  rpn_s.0.loss_giou: 0.9190  rpn_s.1.loss_cls: 0.5972  rpn_s.1.loss_bbox: 0.0680  rpn_s.1.loss_giou: 0.5037  rpn_s.2.loss_cls: 0.5358  rpn_s.2.loss_bbox: 0.0582  rpn_s.2.loss_giou: 0.4413  rpn_s.3.loss_cls: 0.5013  rpn_s.3.loss_bbox: 0.0545  rpn_s.3.loss_giou: 0.4247  s0.loss_cls: 0.5195  s0.pos_acc: 64.2857  s0.loss_bbox: 0.5541  s0.loss_iou: 1.5526  s1.loss_cls: 0.5278  s1.pos_acc: 64.2857  s1.loss_bbox: 0.5633  s1.loss_iou: 1.5521
2026/03/26 22:51:31 - mmengine - INFO - Epoch(train)  [2][4350/5001]  lr: 2.5000e-05  eta: 1 day, 9:09:01  time: 1.0891  data_time: 0.0033  memory: 7765  grad_norm: 53.3327  loss: 11.0122  rpn_s.0.loss_cls: 0.7709  rpn_s.0.loss_bbox: 0.1467  rpn_s.0.loss_giou: 0.9657  rpn_s.1.loss_cls: 0.5824  rpn_s.1.loss_bbox: 0.0685  rpn_s.1.loss_giou: 0.5414  rpn_s.2.loss_cls: 0.5311  rpn_s.2.loss_bbox: 0.0555  rpn_s.2.loss_giou: 0.4594  rpn_s.3.loss_cls: 0.5029  rpn_s.3.loss_bbox: 0.0524  rpn_s.3.loss_giou: 0.4390  s0.loss_cls: 0.5711  s0.pos_acc: 60.0000  s0.loss_bbox: 0.6399  s0.loss_iou: 1.7176  s1.loss_cls: 0.5762  s1.pos_acc: 70.0000  s1.loss_bbox: 0.6454  s1.loss_iou: 1.7462
2026/03/26 22:52:26 - mmengine - INFO - Epoch(train)  [2][4400/5001]  lr: 2.5000e-05  eta: 1 day, 9:08:13  time: 1.0887  data_time: 0.0033  memory: 7764  grad_norm: 57.3884  loss: 9.2642  rpn_s.0.loss_cls: 0.7164  rpn_s.0.loss_bbox: 0.1272  rpn_s.0.loss_giou: 0.8498  rpn_s.1.loss_cls: 0.5341  rpn_s.1.loss_bbox: 0.0572  rpn_s.1.loss_giou: 0.4448  rpn_s.2.loss_cls: 0.4815  rpn_s.2.loss_bbox: 0.0491  rpn_s.2.loss_giou: 0.3942  rpn_s.3.loss_cls: 0.4573  rpn_s.3.loss_bbox: 0.0463  rpn_s.3.loss_giou: 0.3774  s0.loss_cls: 0.4990  s0.pos_acc: 47.8261  s0.loss_bbox: 0.5398  s0.loss_iou: 1.3000  s1.loss_cls: 0.5144  s1.pos_acc: 63.0435  s1.loss_bbox: 0.5411  s1.loss_iou: 1.3345
2026/03/26 22:53:21 - mmengine - INFO - Epoch(train)  [2][4450/5001]  lr: 2.5000e-05  eta: 1 day, 9:07:31  time: 1.0989  data_time: 0.0032  memory: 7765  grad_norm: 56.4109  loss: 10.2983  rpn_s.0.loss_cls: 0.7130  rpn_s.0.loss_bbox: 0.1435  rpn_s.0.loss_giou: 0.9372  rpn_s.1.loss_cls: 0.5355  rpn_s.1.loss_bbox: 0.0635  rpn_s.1.loss_giou: 0.4965  rpn_s.2.loss_cls: 0.4806  rpn_s.2.loss_bbox: 0.0520  rpn_s.2.loss_giou: 0.4297  rpn_s.3.loss_cls: 0.4506  rpn_s.3.loss_bbox: 0.0486  rpn_s.3.loss_giou: 0.4095  s0.loss_cls: 0.4830  s0.pos_acc: 100.0000  s0.loss_bbox: 0.6315  s0.loss_iou: 1.6260  s1.loss_cls: 0.4992  s1.pos_acc: 100.0000  s1.loss_bbox: 0.6563  s1.loss_iou: 1.6422
2026/03/26 22:54:16 - mmengine - INFO - Epoch(train)  [2][4500/5001]  lr: 2.5000e-05  eta: 1 day, 9:06:48  time: 1.0973  data_time: 0.0033  memory: 7765  grad_norm: 58.6551  loss: 10.8599  rpn_s.0.loss_cls: 0.7181  rpn_s.0.loss_bbox: 0.1343  rpn_s.0.loss_giou: 0.8966  rpn_s.1.loss_cls: 0.5404  rpn_s.1.loss_bbox: 0.0640  rpn_s.1.loss_giou: 0.4930  rpn_s.2.loss_cls: 0.4896  rpn_s.2.loss_bbox: 0.0515  rpn_s.2.loss_giou: 0.4183  rpn_s.3.loss_cls: 0.4654  rpn_s.3.loss_bbox: 0.0483  rpn_s.3.loss_giou: 0.3965  s0.loss_cls: 0.6036  s0.pos_acc: 74.1379  s0.loss_bbox: 0.6667  s0.loss_iou: 1.7682  s1.loss_cls: 0.6112  s1.pos_acc: 75.8621  s1.loss_bbox: 0.6794  s1.loss_iou: 1.8148
2026/03/26 22:55:11 - mmengine - INFO - Epoch(train)  [2][4550/5001]  lr: 2.5000e-05  eta: 1 day, 9:06:07  time: 1.1016  data_time: 0.0032  memory: 7764  grad_norm: 55.9374  loss: 8.3637  rpn_s.0.loss_cls: 0.6830  rpn_s.0.loss_bbox: 0.1316  rpn_s.0.loss_giou: 0.7674  rpn_s.1.loss_cls: 0.5211  rpn_s.1.loss_bbox: 0.0687  rpn_s.1.loss_giou: 0.4317  rpn_s.2.loss_cls: 0.4744  rpn_s.2.loss_bbox: 0.0583  rpn_s.2.loss_giou: 0.3768  rpn_s.3.loss_cls: 0.4521  rpn_s.3.loss_bbox: 0.0545  rpn_s.3.loss_giou: 0.3555  s0.loss_cls: 0.4266  s0.pos_acc: 50.0000  s0.loss_bbox: 0.4913  s0.loss_iou: 1.0547  s1.loss_cls: 0.4432  s1.pos_acc: 62.5000  s1.loss_bbox: 0.4786  s1.loss_iou: 1.0943
2026/03/26 22:56:06 - mmengine - INFO - Epoch(train)  [2][4600/5001]  lr: 2.5000e-05  eta: 1 day, 9:05:31  time: 1.1093  data_time: 0.0033  memory: 7764  grad_norm: 56.9978  loss: 8.7633  rpn_s.0.loss_cls: 0.6904  rpn_s.0.loss_bbox: 0.1300  rpn_s.0.loss_giou: 0.8275  rpn_s.1.loss_cls: 0.5140  rpn_s.1.loss_bbox: 0.0613  rpn_s.1.loss_giou: 0.4499  rpn_s.2.loss_cls: 0.4748  rpn_s.2.loss_bbox: 0.0535  rpn_s.2.loss_giou: 0.3927  rpn_s.3.loss_cls: 0.4439  rpn_s.3.loss_bbox: 0.0500  rpn_s.3.loss_giou: 0.3770  s0.loss_cls: 0.4457  s0.pos_acc: 64.7059  s0.loss_bbox: 0.4566  s0.loss_iou: 1.2425  s1.loss_cls: 0.4510  s1.pos_acc: 60.2941  s1.loss_bbox: 0.4438  s1.loss_iou: 1.2586
2026/03/26 22:57:02 - mmengine - INFO - Epoch(train)  [2][4650/5001]  lr: 2.5000e-05  eta: 1 day, 9:04:55  time: 1.1104  data_time: 0.0033  memory: 7765  grad_norm: 60.3303  loss: 10.6847  rpn_s.0.loss_cls: 0.7490  rpn_s.0.loss_bbox: 0.1304  rpn_s.0.loss_giou: 0.9362  rpn_s.1.loss_cls: 0.5329  rpn_s.1.loss_bbox: 0.0631  rpn_s.1.loss_giou: 0.5129  rpn_s.2.loss_cls: 0.4793  rpn_s.2.loss_bbox: 0.0545  rpn_s.2.loss_giou: 0.4525  rpn_s.3.loss_cls: 0.4529  rpn_s.3.loss_bbox: 0.0487  rpn_s.3.loss_giou: 0.4301  s0.loss_cls: 0.5589  s0.pos_acc: 52.0000  s0.loss_bbox: 0.6362  s0.loss_iou: 1.7096  s1.loss_cls: 0.5707  s1.pos_acc: 68.0000  s1.loss_bbox: 0.6412  s1.loss_iou: 1.7257
2026/03/26 22:57:57 - mmengine - INFO - Epoch(train)  [2][4700/5001]  lr: 2.5000e-05  eta: 1 day, 9:04:16  time: 1.1045  data_time: 0.0032  memory: 7765  grad_norm: 59.5109  loss: 10.6791  rpn_s.0.loss_cls: 0.7502  rpn_s.0.loss_bbox: 0.1426  rpn_s.0.loss_giou: 0.9617  rpn_s.1.loss_cls: 0.5377  rpn_s.1.loss_bbox: 0.0689  rpn_s.1.loss_giou: 0.5181  rpn_s.2.loss_cls: 0.4899  rpn_s.2.loss_bbox: 0.0572  rpn_s.2.loss_giou: 0.4520  rpn_s.3.loss_cls: 0.4538  rpn_s.3.loss_bbox: 0.0506  rpn_s.3.loss_giou: 0.4284  s0.loss_cls: 0.5489  s0.pos_acc: 56.5217  s0.loss_bbox: 0.6101  s0.loss_iou: 1.7233  s1.loss_cls: 0.5467  s1.pos_acc: 58.6957  s1.loss_bbox: 0.6095  s1.loss_iou: 1.7295
2026/03/26 22:58:52 - mmengine - INFO - Epoch(train)  [2][4750/5001]  lr: 2.5000e-05  eta: 1 day, 9:03:36  time: 1.1049  data_time: 0.0033  memory: 7765  grad_norm: 54.5155  loss: 10.7122  rpn_s.0.loss_cls: 0.7842  rpn_s.0.loss_bbox: 0.1315  rpn_s.0.loss_giou: 0.9794  rpn_s.1.loss_cls: 0.5615  rpn_s.1.loss_bbox: 0.0588  rpn_s.1.loss_giou: 0.5162  rpn_s.2.loss_cls: 0.5141  rpn_s.2.loss_bbox: 0.0491  rpn_s.2.loss_giou: 0.4481  rpn_s.3.loss_cls: 0.4844  rpn_s.3.loss_bbox: 0.0452  rpn_s.3.loss_giou: 0.4269  s0.loss_cls: 0.5619  s0.pos_acc: 67.1429  s0.loss_bbox: 0.6717  s0.loss_iou: 1.6046  s1.loss_cls: 0.5672  s1.pos_acc: 72.8571  s1.loss_bbox: 0.6864  s1.loss_iou: 1.6210
2026/03/26 22:59:48 - mmengine - INFO - Epoch(train)  [2][4800/5001]  lr: 2.5000e-05  eta: 1 day, 9:03:00  time: 1.1112  data_time: 0.0034  memory: 7765  grad_norm: 56.8609  loss: 9.6662  rpn_s.0.loss_cls: 0.7633  rpn_s.0.loss_bbox: 0.1384  rpn_s.0.loss_giou: 0.8551  rpn_s.1.loss_cls: 0.5759  rpn_s.1.loss_bbox: 0.0727  rpn_s.1.loss_giou: 0.4770  rpn_s.2.loss_cls: 0.5126  rpn_s.2.loss_bbox: 0.0645  rpn_s.2.loss_giou: 0.4188  rpn_s.3.loss_cls: 0.4842  rpn_s.3.loss_bbox: 0.0609  rpn_s.3.loss_giou: 0.4020  s0.loss_cls: 0.4922  s0.pos_acc: 15.0000  s0.loss_bbox: 0.5211  s0.loss_iou: 1.3851  s1.loss_cls: 0.5067  s1.pos_acc: 13.3333  s1.loss_bbox: 0.5186  s1.loss_iou: 1.4172
2026/03/26 23:00:43 - mmengine - INFO - Epoch(train)  [2][4850/5001]  lr: 2.5000e-05  eta: 1 day, 9:02:17  time: 1.0988  data_time: 0.0033  memory: 7765  grad_norm: 58.2476  loss: 9.9155  rpn_s.0.loss_cls: 0.7396  rpn_s.0.loss_bbox: 0.1294  rpn_s.0.loss_giou: 0.8256  rpn_s.1.loss_cls: 0.5763  rpn_s.1.loss_bbox: 0.0613  rpn_s.1.loss_giou: 0.4469  rpn_s.2.loss_cls: 0.5068  rpn_s.2.loss_bbox: 0.0511  rpn_s.2.loss_giou: 0.3833  rpn_s.3.loss_cls: 0.4750  rpn_s.3.loss_bbox: 0.0476  rpn_s.3.loss_giou: 0.3722  s0.loss_cls: 0.5894  s0.pos_acc: 65.6627  s0.loss_bbox: 0.6410  s0.loss_iou: 1.3957  s1.loss_cls: 0.6282  s1.pos_acc: 66.2651  s1.loss_bbox: 0.6242  s1.loss_iou: 1.4219
2026/03/26 23:01:37 - mmengine - INFO - Epoch(train)  [2][4900/5001]  lr: 2.5000e-05  eta: 1 day, 9:01:33  time: 1.0983  data_time: 0.0033  memory: 7765  grad_norm: 62.7640  loss: 9.8196  rpn_s.0.loss_cls: 0.7052  rpn_s.0.loss_bbox: 0.1359  rpn_s.0.loss_giou: 0.8543  rpn_s.1.loss_cls: 0.5486  rpn_s.1.loss_bbox: 0.0666  rpn_s.1.loss_giou: 0.4793  rpn_s.2.loss_cls: 0.4873  rpn_s.2.loss_bbox: 0.0549  rpn_s.2.loss_giou: 0.4232  rpn_s.3.loss_cls: 0.4649  rpn_s.3.loss_bbox: 0.0513  rpn_s.3.loss_giou: 0.4045  s0.loss_cls: 0.5365  s0.pos_acc: 82.1429  s0.loss_bbox: 0.5814  s0.loss_iou: 1.4324  s1.loss_cls: 0.5575  s1.pos_acc: 75.0000  s1.loss_bbox: 0.5658  s1.loss_iou: 1.4701
2026/03/26 23:02:32 - mmengine - INFO - Epoch(train)  [2][4950/5001]  lr: 2.5000e-05  eta: 1 day, 9:00:49  time: 1.0966  data_time: 0.0033  memory: 7764  grad_norm: 57.7901  loss: 9.9234  rpn_s.0.loss_cls: 0.7088  rpn_s.0.loss_bbox: 0.1428  rpn_s.0.loss_giou: 0.8405  rpn_s.1.loss_cls: 0.5490  rpn_s.1.loss_bbox: 0.0736  rpn_s.1.loss_giou: 0.4780  rpn_s.2.loss_cls: 0.4817  rpn_s.2.loss_bbox: 0.0639  rpn_s.2.loss_giou: 0.4154  rpn_s.3.loss_cls: 0.4520  rpn_s.3.loss_bbox: 0.0580  rpn_s.3.loss_giou: 0.3962  s0.loss_cls: 0.5115  s0.pos_acc: 100.0000  s0.loss_bbox: 0.5993  s0.loss_iou: 1.4991  s1.loss_cls: 0.5168  s1.pos_acc: 100.0000  s1.loss_bbox: 0.6005  s1.loss_iou: 1.5363
2026/03/26 23:03:26 - mmengine - INFO - Exp name: GSDet_r50_b900_h2h4_h2r1_r2r1_2x_fair1m1.0_20260326_200141
2026/03/26 23:03:27 - mmengine - INFO - Epoch(train)  [2][5000/5001]  lr: 2.5000e-05  eta: 1 day, 9:00:00  time: 1.0893  data_time: 0.0033  memory: 7765  grad_norm: 57.4527  loss: 11.5725  rpn_s.0.loss_cls: 0.7406  rpn_s.0.loss_bbox: 0.1335  rpn_s.0.loss_giou: 1.0173  rpn_s.1.loss_cls: 0.5390  rpn_s.1.loss_bbox: 0.0625  rpn_s.1.loss_giou: 0.5495  rpn_s.2.loss_cls: 0.4889  rpn_s.2.loss_bbox: 0.0513  rpn_s.2.loss_giou: 0.4751  rpn_s.3.loss_cls: 0.4613  rpn_s.3.loss_bbox: 0.0475  rpn_s.3.loss_giou: 0.4530  s0.loss_cls: 0.5706  s0.pos_acc: 100.0000  s0.loss_bbox: 0.6581  s0.loss_iou: 2.0388  s1.loss_cls: 0.5824  s1.pos_acc: 100.0000  s1.loss_bbox: 0.6530  s1.loss_iou: 2.0502
2026/03/26 23:03:28 - mmengine - INFO - Exp name: GSDet_r50_b900_h2h4_h2r1_r2r1_2x_fair1m1.0_20260326_200141
2026/03/26 23:03:28 - mmengine - INFO - Saving checkpoint at 2 epochs
2026/03/26 23:04:25 - mmengine - INFO - Epoch(train)  [3][  50/5001]  lr: 2.5000e-05  eta: 1 day, 8:59:10  time: 1.0885  data_time: 0.0055  memory: 7765  grad_norm: 56.5931  loss: 9.8691  rpn_s.0.loss_cls: 0.7390  rpn_s.0.loss_bbox: 0.1356  rpn_s.0.loss_giou: 0.8663  rpn_s.1.loss_cls: 0.5606  rpn_s.1.loss_bbox: 0.0661  rpn_s.1.loss_giou: 0.4702  rpn_s.2.loss_cls: 0.5060  rpn_s.2.loss_bbox: 0.0547  rpn_s.2.loss_giou: 0.4044  rpn_s.3.loss_cls: 0.4690  rpn_s.3.loss_bbox: 0.0526  rpn_s.3.loss_giou: 0.3887  s0.loss_cls: 0.5071  s0.pos_acc: 100.0000  s0.loss_bbox: 0.6239  s0.loss_iou: 1.4430  s1.loss_cls: 0.5162  s1.pos_acc: 100.0000  s1.loss_bbox: 0.6032  s1.loss_iou: 1.4625
2026/03/26 23:05:20 - mmengine - INFO - Epoch(train)  [3][ 100/5001]  lr: 2.5000e-05  eta: 1 day, 8:58:27  time: 1.1004  data_time: 0.0033  memory: 7765  grad_norm: 54.9952  loss: 9.8896  rpn_s.0.loss_cls: 0.7561  rpn_s.0.loss_bbox: 0.1413  rpn_s.0.loss_giou: 0.8919  rpn_s.1.loss_cls: 0.5668  rpn_s.1.loss_bbox: 0.0666  rpn_s.1.loss_giou: 0.4869  rpn_s.2.loss_cls: 0.4922  rpn_s.2.loss_bbox: 0.0565  rpn_s.2.loss_giou: 0.4284  rpn_s.3.loss_cls: 0.4549  rpn_s.3.loss_bbox: 0.0516  rpn_s.3.loss_giou: 0.4037  s0.loss_cls: 0.5002  s0.pos_acc: 66.6667  s0.loss_bbox: 0.5448  s0.loss_iou: 1.4498  s1.loss_cls: 0.5137  s1.pos_acc: 66.6667  s1.loss_bbox: 0.5778  s1.loss_iou: 1.5065
2026/03/26 23:06:14 - mmengine - INFO - Epoch(train)  [3][ 150/5001]  lr: 2.5000e-05  eta: 1 day, 8:57:38  time: 1.0884  data_time: 0.0034  memory: 7765  grad_norm: 55.3634  loss: 9.3498  rpn_s.0.loss_cls: 0.6946  rpn_s.0.loss_bbox: 0.1296  rpn_s.0.loss_giou: 0.8749  rpn_s.1.loss_cls: 0.5119  rpn_s.1.loss_bbox: 0.0605  rpn_s.1.loss_giou: 0.4686  rpn_s.2.loss_cls: 0.4523  rpn_s.2.loss_bbox: 0.0516  rpn_s.2.loss_giou: 0.4128  rpn_s.3.loss_cls: 0.4228  rpn_s.3.loss_bbox: 0.0489  rpn_s.3.loss_giou: 0.3956  s0.loss_cls: 0.4693  s0.pos_acc: 43.3333  s0.loss_bbox: 0.5412  s0.loss_iou: 1.3805  s1.loss_cls: 0.4756  s1.pos_acc: 43.3333  s1.loss_bbox: 0.5495  s1.loss_iou: 1.4097
2026/03/26 23:07:09 - mmengine - INFO - Epoch(train)  [3][ 200/5001]  lr: 2.5000e-05  eta: 1 day, 8:56:53  time: 1.0969  data_time: 0.0033  memory: 7765  grad_norm: 55.8822  loss: 10.2652  rpn_s.0.loss_cls: 0.7251  rpn_s.0.loss_bbox: 0.1340  rpn_s.0.loss_giou: 0.9304  rpn_s.1.loss_cls: 0.5157  rpn_s.1.loss_bbox: 0.0594  rpn_s.1.loss_giou: 0.4958  rpn_s.2.loss_cls: 0.4671  rpn_s.2.loss_bbox: 0.0499  rpn_s.2.loss_giou: 0.4274  rpn_s.3.loss_cls: 0.4382  rpn_s.3.loss_bbox: 0.0454  rpn_s.3.loss_giou: 0.4068  s0.loss_cls: 0.5588  s0.pos_acc: 80.0000  s0.loss_bbox: 0.5951  s0.loss_iou: 1.6050  s1.loss_cls: 0.5567  s1.pos_acc: 40.0000  s1.loss_bbox: 0.6248  s1.loss_iou: 1.6297
2026/03/26 23:08:04 - mmengine - INFO - Epoch(train)  [3][ 250/5001]  lr: 2.5000e-05  eta: 1 day, 8:56:13  time: 1.1061  data_time: 0.0033  memory: 7765  grad_norm: 55.8477  loss: 9.1656  rpn_s.0.loss_cls: 0.7201  rpn_s.0.loss_bbox: 0.1388  rpn_s.0.loss_giou: 0.8477  rpn_s.1.loss_cls: 0.5518  rpn_s.1.loss_bbox: 0.0636  rpn_s.1.loss_giou: 0.4597  rpn_s.2.loss_cls: 0.4962  rpn_s.2.loss_bbox: 0.0541  rpn_s.2.loss_giou: 0.4032  rpn_s.3.loss_cls: 0.4618  rpn_s.3.loss_bbox: 0.0501  rpn_s.3.loss_giou: 0.3778  s0.loss_cls: 0.4616  s0.pos_acc: 20.0000  s0.loss_bbox: 0.4953  s0.loss_iou: 1.3011  s1.loss_cls: 0.4645  s1.pos_acc: 30.0000  s1.loss_bbox: 0.5096  s1.loss_iou: 1.3085
2026/03/26 23:09:00 - mmengine - INFO - Epoch(train)  [3][ 300/5001]  lr: 2.5000e-05  eta: 1 day, 8:55:39  time: 1.1174  data_time: 0.0033  memory: 7765  grad_norm: 58.4142  loss: 9.8029  rpn_s.0.loss_cls: 0.7180  rpn_s.0.loss_bbox: 0.1332  rpn_s.0.loss_giou: 0.9293  rpn_s.1.loss_cls: 0.5325  rpn_s.1.loss_bbox: 0.0615  rpn_s.1.loss_giou: 0.4860  rpn_s.2.loss_cls: 0.4778  rpn_s.2.loss_bbox: 0.0500  rpn_s.2.loss_giou: 0.4132  rpn_s.3.loss_cls: 0.4474  rpn_s.3.loss_bbox: 0.0457  rpn_s.3.loss_giou: 0.3932  s0.loss_cls: 0.5112  s0.pos_acc: 53.3333  s0.loss_bbox: 0.6032  s0.loss_iou: 1.4205  s1.loss_cls: 0.5263  s1.pos_acc: 36.6667  s1.loss_bbox: 0.5941  s1.loss_iou: 1.4600
2026/03/26 23:09:56 - mmengine - INFO - Epoch(train)  [3][ 350/5001]  lr: 2.5000e-05  eta: 1 day, 8:55:03  time: 1.1157  data_time: 0.0032  memory: 7765  grad_norm: 49.5366  loss: 9.7413  rpn_s.0.loss_cls: 0.7246  rpn_s.0.loss_bbox: 0.1374  rpn_s.0.loss_giou: 0.9567  rpn_s.1.loss_cls: 0.5158  rpn_s.1.loss_bbox: 0.0611  rpn_s.1.loss_giou: 0.4949  rpn_s.2.loss_cls: 0.4600  rpn_s.2.loss_bbox: 0.0489  rpn_s.2.loss_giou: 0.4250  rpn_s.3.loss_cls: 0.4279  rpn_s.3.loss_bbox: 0.0461  rpn_s.3.loss_giou: 0.4052  s0.loss_cls: 0.4991  s0.pos_acc: 100.0000  s0.loss_bbox: 0.5515  s0.loss_iou: 1.4430  s1.loss_cls: 0.5100  s1.pos_acc: 100.0000  s1.loss_bbox: 0.5781  s1.loss_iou: 1.4560
2026/03/26 23:10:52 - mmengine - INFO - Epoch(train)  [3][ 400/5001]  lr: 2.5000e-05  eta: 1 day, 8:54:34  time: 1.1270  data_time: 0.0032  memory: 7765  grad_norm: 59.5023  loss: 10.5266  rpn_s.0.loss_cls: 0.7250  rpn_s.0.loss_bbox: 0.1530  rpn_s.0.loss_giou: 0.9257  rpn_s.1.loss_cls: 0.5467  rpn_s.1.loss_bbox: 0.0740  rpn_s.1.loss_giou: 0.5174  rpn_s.2.loss_cls: 0.4926  rpn_s.2.loss_bbox: 0.0634  rpn_s.2.loss_giou: 0.4528  rpn_s.3.loss_cls: 0.4653  rpn_s.3.loss_bbox: 0.0592  rpn_s.3.loss_giou: 0.4275  s0.loss_cls: 0.4826  s0.pos_acc: 67.6471  s0.loss_bbox: 0.6392  s0.loss_iou: 1.6568  s1.loss_cls: 0.4819  s1.pos_acc: 67.9739  s1.loss_bbox: 0.6540  s1.loss_iou: 1.7093
2026/03/26 23:11:49 - mmengine - INFO - Epoch(train)  [3][ 450/5001]  lr: 2.5000e-05  eta: 1 day, 8:54:03  time: 1.1248  data_time: 0.0032  memory: 7765  grad_norm: 55.9532  loss: 9.8839  rpn_s.0.loss_cls: 0.7043  rpn_s.0.loss_bbox: 0.1398  rpn_s.0.loss_giou: 0.8446  rpn_s.1.loss_cls: 0.5339  rpn_s.1.loss_bbox: 0.0636  rpn_s.1.loss_giou: 0.4576  rpn_s.2.loss_cls: 0.4832  rpn_s.2.loss_bbox: 0.0546  rpn_s.2.loss_giou: 0.4017  rpn_s.3.loss_cls: 0.4423  rpn_s.3.loss_bbox: 0.0531  rpn_s.3.loss_giou: 0.3865  s0.loss_cls: 0.4963  s0.pos_acc: 65.3846  s0.loss_bbox: 0.6268  s0.loss_iou: 1.5053  s1.loss_cls: 0.4975  s1.pos_acc: 67.3077  s1.loss_bbox: 0.6578  s1.loss_iou: 1.5350
2026/03/26 23:12:44 - mmengine - INFO - Epoch(train)  [3][ 500/5001]  lr: 2.5000e-05  eta: 1 day, 8:53:24  time: 1.1104  data_time: 0.0033  memory: 7765  grad_norm: 61.7194  loss: 8.8132  rpn_s.0.loss_cls: 0.7217  rpn_s.0.loss_bbox: 0.1301  rpn_s.0.loss_giou: 0.8052  rpn_s.1.loss_cls: 0.5148  rpn_s.1.loss_bbox: 0.0587  rpn_s.1.loss_giou: 0.4268  rpn_s.2.loss_cls: 0.4644  rpn_s.2.loss_bbox: 0.0474  rpn_s.2.loss_giou: 0.3640  rpn_s.3.loss_cls: 0.4251  rpn_s.3.loss_bbox: 0.0444  rpn_s.3.loss_giou: 0.3422  s0.loss_cls: 0.4705  s0.pos_acc: 82.0513  s0.loss_bbox: 0.5512  s0.loss_iou: 1.1931  s1.loss_cls: 0.4697  s1.pos_acc: 83.3333  s1.loss_bbox: 0.5515  s1.loss_iou: 1.2326
2026/03/26 23:13:40 - mmengine - INFO - Epoch(train)  [3][ 550/5001]  lr: 2.5000e-05  eta: 1 day, 8:52:44  time: 1.1087  data_time: 0.0032  memory: 7765  grad_norm: 57.5557  loss: 9.9579  rpn_s.0.loss_cls: 0.7353  rpn_s.0.loss_bbox: 0.1465  rpn_s.0.loss_giou: 0.9260  rpn_s.1.loss_cls: 0.5455  rpn_s.1.loss_bbox: 0.0666  rpn_s.1.loss_giou: 0.5018  rpn_s.2.loss_cls: 0.4879  rpn_s.2.loss_bbox: 0.0559  rpn_s.2.loss_giou: 0.4419  rpn_s.3.loss_cls: 0.4532  rpn_s.3.loss_bbox: 0.0520  rpn_s.3.loss_giou: 0.4236  s0.loss_cls: 0.4879  s0.pos_acc: 62.1212  s0.loss_bbox: 0.5770  s0.loss_iou: 1.4844  s1.loss_cls: 0.4847  s1.pos_acc: 75.7576  s1.loss_bbox: 0.5786  s1.loss_iou: 1.5089
2026/03/26 23:14:35 - mmengine - INFO - Epoch(train)  [3][ 600/5001]  lr: 2.5000e-05  eta: 1 day, 8:52:01  time: 1.1022  data_time: 0.0031  memory: 7765  grad_norm: 61.3639  loss: 10.0347  rpn_s.0.loss_cls: 0.7510  rpn_s.0.loss_bbox: 0.1271  rpn_s.0.loss_giou: 0.8101  rpn_s.1.loss_cls: 0.5714  rpn_s.1.loss_bbox: 0.0615  rpn_s.1.loss_giou: 0.4576  rpn_s.2.loss_cls: 0.5144  rpn_s.2.loss_bbox: 0.0515  rpn_s.2.loss_giou: 0.3982  rpn_s.3.loss_cls: 0.4726  rpn_s.3.loss_bbox: 0.0472  rpn_s.3.loss_giou: 0.3775  s0.loss_cls: 0.5447  s0.pos_acc: 52.0000  s0.loss_bbox: 0.6990  s0.loss_iou: 1.4469  s1.loss_cls: 0.5493  s1.pos_acc: 54.0000  s1.loss_bbox: 0.6821  s1.loss_iou: 1.4726
2026/03/26 23:15:30 - mmengine - INFO - Epoch(train)  [3][ 650/5001]  lr: 2.5000e-05  eta: 1 day, 8:51:17  time: 1.1009  data_time: 0.0031  memory: 7764  grad_norm: 59.4393  loss: 8.8363  rpn_s.0.loss_cls: 0.7201  rpn_s.0.loss_bbox: 0.1258  rpn_s.0.loss_giou: 0.8414  rpn_s.1.loss_cls: 0.5142  rpn_s.1.loss_bbox: 0.0549  rpn_s.1.loss_giou: 0.4317  rpn_s.2.loss_cls: 0.4537  rpn_s.2.loss_bbox: 0.0470  rpn_s.2.loss_giou: 0.3744  rpn_s.3.loss_cls: 0.4241  rpn_s.3.loss_bbox: 0.0443  rpn_s.3.loss_giou: 0.3607  s0.loss_cls: 0.4719  s0.pos_acc: 67.1053  s0.loss_bbox: 0.5626  s0.loss_iou: 1.1394  s1.loss_cls: 0.4787  s1.pos_acc: 71.7105  s1.loss_bbox: 0.6111  s1.loss_iou: 1.1803
2026/03/26 23:16:25 - mmengine - INFO - Epoch(train)  [3][ 700/5001]  lr: 2.5000e-05  eta: 1 day, 8:50:34  time: 1.1032  data_time: 0.0032  memory: 7765  grad_norm: 58.1945  loss: 11.2083  rpn_s.0.loss_cls: 0.7666  rpn_s.0.loss_bbox: 0.1341  rpn_s.0.loss_giou: 0.9099  rpn_s.1.loss_cls: 0.5705  rpn_s.1.loss_bbox: 0.0632  rpn_s.1.loss_giou: 0.5110  rpn_s.2.loss_cls: 0.5076  rpn_s.2.loss_bbox: 0.0531  rpn_s.2.loss_giou: 0.4485  rpn_s.3.loss_cls: 0.4720  rpn_s.3.loss_bbox: 0.0484  rpn_s.3.loss_giou: 0.4297  s0.loss_cls: 0.6176  s0.pos_acc: 60.0000  s0.loss_bbox: 0.7106  s0.loss_iou: 1.8170  s1.loss_cls: 0.6173  s1.pos_acc: 56.6667  s1.loss_bbox: 0.6793  s1.loss_iou: 1.8518
2026/03/26 23:17:20 - mmengine - INFO - Epoch(train)  [3][ 750/5001]  lr: 2.5000e-05  eta: 1 day, 8:49:47  time: 1.0946  data_time: 0.0033  memory: 7764  grad_norm: 58.4263  loss: 10.2561  rpn_s.0.loss_cls: 0.7635  rpn_s.0.loss_bbox: 0.1201  rpn_s.0.loss_giou: 0.9047  rpn_s.1.loss_cls: 0.5623  rpn_s.1.loss_bbox: 0.0529  rpn_s.1.loss_giou: 0.4702  rpn_s.2.loss_cls: 0.4859  rpn_s.2.loss_bbox: 0.0451  rpn_s.2.loss_giou: 0.4129  rpn_s.3.loss_cls: 0.4593  rpn_s.3.loss_bbox: 0.0440  rpn_s.3.loss_giou: 0.3989  s0.loss_cls: 0.5660  s0.pos_acc: 33.3333  s0.loss_bbox: 0.6461  s0.loss_iou: 1.5225  s1.loss_cls: 0.5746  s1.pos_acc: 66.6667  s1.loss_bbox: 0.6781  s1.loss_iou: 1.5490
2026/03/26 23:18:15 - mmengine - INFO - Epoch(train)  [3][ 800/5001]  lr: 2.5000e-05  eta: 1 day, 8:49:08  time: 1.1117  data_time: 0.0033  memory: 7764  grad_norm: 59.5580  loss: 10.7596  rpn_s.0.loss_cls: 0.7723  rpn_s.0.loss_bbox: 0.1165  rpn_s.0.loss_giou: 0.8663  rpn_s.1.loss_cls: 0.5724  rpn_s.1.loss_bbox: 0.0551  rpn_s.1.loss_giou: 0.4799  rpn_s.2.loss_cls: 0.5212  rpn_s.2.loss_bbox: 0.0472  rpn_s.2.loss_giou: 0.4208  rpn_s.3.loss_cls: 0.4993  rpn_s.3.loss_bbox: 0.0433  rpn_s.3.loss_giou: 0.3993  s0.loss_cls: 0.6448  s0.pos_acc: 62.5000  s0.loss_bbox: 0.6436  s0.loss_iou: 1.6690  s1.loss_cls: 0.6424  s1.pos_acc: 50.0000  s1.loss_bbox: 0.6633  s1.loss_iou: 1.7029
2026/03/26 23:19:11 - mmengine - INFO - Epoch(train)  [3][ 850/5001]  lr: 2.5000e-05  eta: 1 day, 8:48:35  time: 1.1237  data_time: 0.0032  memory: 7765  grad_norm: 59.4254  loss: 9.5294  rpn_s.0.loss_cls: 0.7333  rpn_s.0.loss_bbox: 0.1261  rpn_s.0.loss_giou: 0.8520  rpn_s.1.loss_cls: 0.5303  rpn_s.1.loss_bbox: 0.0589  rpn_s.1.loss_giou: 0.4705  rpn_s.2.loss_cls: 0.4746  rpn_s.2.loss_bbox: 0.0508  rpn_s.2.loss_giou: 0.4157  rpn_s.3.loss_cls: 0.4465  rpn_s.3.loss_bbox: 0.0461  rpn_s.3.loss_giou: 0.3937  s0.loss_cls: 0.4557  s0.pos_acc: 43.7500  s0.loss_bbox: 0.5702  s0.loss_iou: 1.4141  s1.loss_cls: 0.4661  s1.pos_acc: 50.0000  s1.loss_bbox: 0.5790  s1.loss_iou: 1.4459
2026/03/26 23:20:08 - mmengine - INFO - Epoch(train)  [3][ 900/5001]  lr: 2.5000e-05  eta: 1 day, 8:48:05  time: 1.1302  data_time: 0.0032  memory: 7765  grad_norm: 58.5309  loss: 10.0676  rpn_s.0.loss_cls: 0.7105  rpn_s.0.loss_bbox: 0.1423  rpn_s.0.loss_giou: 0.9768  rpn_s.1.loss_cls: 0.5195  rpn_s.1.loss_bbox: 0.0637  rpn_s.1.loss_giou: 0.5060  rpn_s.2.loss_cls: 0.4707  rpn_s.2.loss_bbox: 0.0533  rpn_s.2.loss_giou: 0.4484  rpn_s.3.loss_cls: 0.4248  rpn_s.3.loss_bbox: 0.0487  rpn_s.3.loss_giou: 0.4259  s0.loss_cls: 0.4743  s0.pos_acc: 71.4286  s0.loss_bbox: 0.6022  s0.loss_iou: 1.5493  s1.loss_cls: 0.4736  s1.pos_acc: 85.7143  s1.loss_bbox: 0.5989  s1.loss_iou: 1.5788
2026/03/26 23:21:03 - mmengine - INFO - Epoch(train)  [3][ 950/5001]  lr: 2.5000e-05  eta: 1 day, 8:47:25  time: 1.1108  data_time: 0.0033  memory: 7764  grad_norm: 60.1861  loss: 9.1911  rpn_s.0.loss_cls: 0.7187  rpn_s.0.loss_bbox: 0.1349  rpn_s.0.loss_giou: 0.8462  rpn_s.1.loss_cls: 0.5160  rpn_s.1.loss_bbox: 0.0628  rpn_s.1.loss_giou: 0.4513  rpn_s.2.loss_cls: 0.4563  rpn_s.2.loss_bbox: 0.0552  rpn_s.2.loss_giou: 0.4010  rpn_s.3.loss_cls: 0.4239  rpn_s.3.loss_bbox: 0.0505  rpn_s.3.loss_giou: 0.3793  s0.loss_cls: 0.4800  s0.pos_acc: 69.7115  s0.loss_bbox: 0.5156  s0.loss_iou: 1.3149  s1.loss_cls: 0.4923  s1.pos_acc: 72.5962  s1.loss_bbox: 0.5397  s1.loss_iou: 1.3523
2026/03/26 23:21:57 - mmengine - INFO - Exp name: GSDet_r50_b900_h2h4_h2r1_r2r1_2x_fair1m1.0_20260326_200141
2026/03/26 23:21:59 - mmengine - INFO - Epoch(train)  [3][1000/5001]  lr: 2.5000e-05  eta: 1 day, 8:46:43  time: 1.1071  data_time: 0.0033  memory: 7765  grad_norm: 55.8845  loss: 9.7662  rpn_s.0.loss_cls: 0.7415  rpn_s.0.loss_bbox: 0.1330  rpn_s.0.loss_giou: 0.8387  rpn_s.1.loss_cls: 0.5739  rpn_s.1.loss_bbox: 0.0669  rpn_s.1.loss_giou: 0.4728  rpn_s.2.loss_cls: 0.4991  rpn_s.2.loss_bbox: 0.0561  rpn_s.2.loss_giou: 0.4122  rpn_s.3.loss_cls: 0.4717  rpn_s.3.loss_bbox: 0.0513  rpn_s.3.loss_giou: 0.3905  s0.loss_cls: 0.5018  s0.pos_acc: 75.3846  s0.loss_bbox: 0.6382  s0.loss_iou: 1.3656  s1.loss_cls: 0.5072  s1.pos_acc: 75.6410  s1.loss_bbox: 0.6317  s1.loss_iou: 1.4139
2026/03/26 23:22:54 - mmengine - INFO - Epoch(train)  [3][1050/5001]  lr: 2.5000e-05  eta: 1 day, 8:45:58  time: 1.1001  data_time: 0.0033  memory: 7765  grad_norm: 58.0066  loss: 9.5778  rpn_s.0.loss_cls: 0.6833  rpn_s.0.loss_bbox: 0.1313  rpn_s.0.loss_giou: 0.8812  rpn_s.1.loss_cls: 0.5197  rpn_s.1.loss_bbox: 0.0630  rpn_s.1.loss_giou: 0.4783  rpn_s.2.loss_cls: 0.4680  rpn_s.2.loss_bbox: 0.0553  rpn_s.2.loss_giou: 0.4279  rpn_s.3.loss_cls: 0.4396  rpn_s.3.loss_bbox: 0.0515  rpn_s.3.loss_giou: 0.4062  s0.loss_cls: 0.4725  s0.pos_acc: 66.6667  s0.loss_bbox: 0.5761  s0.loss_iou: 1.4226  s1.loss_cls: 0.4861  s1.pos_acc: 62.5000  s1.loss_bbox: 0.5653  s1.loss_iou: 1.4499
2026/03/26 23:23:48 - mmengine - INFO - Epoch(train)  [3][1100/5001]  lr: 2.5000e-05  eta: 1 day, 8:45:08  time: 1.0903  data_time: 0.0033  memory: 7764  grad_norm: 53.6128  loss: 9.6061  rpn_s.0.loss_cls: 0.7603  rpn_s.0.loss_bbox: 0.1378  rpn_s.0.loss_giou: 0.8790  rpn_s.1.loss_cls: 0.5522  rpn_s.1.loss_bbox: 0.0648  rpn_s.1.loss_giou: 0.4617  rpn_s.2.loss_cls: 0.4914  rpn_s.2.loss_bbox: 0.0566  rpn_s.2.loss_giou: 0.4073  rpn_s.3.loss_cls: 0.4609  rpn_s.3.loss_bbox: 0.0517  rpn_s.3.loss_giou: 0.3837  s0.loss_cls: 0.5179  s0.pos_acc: 78.2609  s0.loss_bbox: 0.5982  s0.loss_iou: 1.3279  s1.loss_cls: 0.5356  s1.pos_acc: 76.0870  s1.loss_bbox: 0.5661  s1.loss_iou: 1.3530
2026/03/26 23:24:43 - mmengine - INFO - Epoch(train)  [3][1150/5001]  lr: 2.5000e-05  eta: 1 day, 8:44:16  time: 1.0882  data_time: 0.0034  memory: 7765  grad_norm: 56.9707  loss: 10.2915  rpn_s.0.loss_cls: 0.7175  rpn_s.0.loss_bbox: 0.1275  rpn_s.0.loss_giou: 0.8994  rpn_s.1.loss_cls: 0.5337  rpn_s.1.loss_bbox: 0.0585  rpn_s.1.loss_giou: 0.4769  rpn_s.2.loss_cls: 0.4738  rpn_s.2.loss_bbox: 0.0486  rpn_s.2.loss_giou: 0.4158  rpn_s.3.loss_cls: 0.4553  rpn_s.3.loss_bbox: 0.0448  rpn_s.3.loss_giou: 0.3971  s0.loss_cls: 0.5784  s0.pos_acc: 66.6667  s0.loss_bbox: 0.6542  s0.loss_iou: 1.5917  s1.loss_cls: 0.5769  s1.pos_acc: 41.6667  s1.loss_bbox: 0.6390  s1.loss_iou: 1.6024
2026/03/26 23:25:37 - mmengine - INFO - Epoch(train)  [3][1200/5001]  lr: 2.5000e-05  eta: 1 day, 8:43:25  time: 1.0875  data_time: 0.0033  memory: 7765  grad_norm: 59.7520  loss: 9.2415  rpn_s.0.loss_cls: 0.7065  rpn_s.0.loss_bbox: 0.1258  rpn_s.0.loss_giou: 0.8251  rpn_s.1.loss_cls: 0.5250  rpn_s.1.loss_bbox: 0.0604  rpn_s.1.loss_giou: 0.4521  rpn_s.2.loss_cls: 0.4601  rpn_s.2.loss_bbox: 0.0511  rpn_s.2.loss_giou: 0.3996  rpn_s.3.loss_cls: 0.4301  rpn_s.3.loss_bbox: 0.0492  rpn_s.3.loss_giou: 0.3840  s0.loss_cls: 0.4639  s0.pos_acc: 50.0000  s0.loss_bbox: 0.5299  s0.loss_iou: 1.3726  s1.loss_cls: 0.4678  s1.pos_acc: 50.0000  s1.loss_bbox: 0.5489  s1.loss_iou: 1.3895
2026/03/26 23:26:32 - mmengine - INFO - Epoch(train)  [3][1250/5001]  lr: 2.5000e-05  eta: 1 day, 8:42:37  time: 1.0967  data_time: 0.0033  memory: 7764  grad_norm: 61.8316  loss: 9.7942  rpn_s.0.loss_cls: 0.7184  rpn_s.0.loss_bbox: 0.1259  rpn_s.0.loss_giou: 0.8210  rpn_s.1.loss_cls: 0.5156  rpn_s.1.loss_bbox: 0.0612  rpn_s.1.loss_giou: 0.4432  rpn_s.2.loss_cls: 0.4551  rpn_s.2.loss_bbox: 0.0542  rpn_s.2.loss_giou: 0.3985  rpn_s.3.loss_cls: 0.4205  rpn_s.3.loss_bbox: 0.0524  rpn_s.3.loss_giou: 0.3900  s0.loss_cls: 0.5477  s0.pos_acc: 88.0952  s0.loss_bbox: 0.6304  s0.loss_iou: 1.5030  s1.loss_cls: 0.5450  s1.pos_acc: 92.8571  s1.loss_bbox: 0.6015  s1.loss_iou: 1.5107
2026/03/26 23:27:27 - mmengine - INFO - Epoch(train)  [3][1300/5001]  lr: 2.5000e-05  eta: 1 day, 8:41:54  time: 1.1045  data_time: 0.0033  memory: 7764  grad_norm: 57.4103  loss: 10.9158  rpn_s.0.loss_cls: 0.7414  rpn_s.0.loss_bbox: 0.1290  rpn_s.0.loss_giou: 0.9126  rpn_s.1.loss_cls: 0.5424  rpn_s.1.loss_bbox: 0.0605  rpn_s.1.loss_giou: 0.4994  rpn_s.2.loss_cls: 0.4909  rpn_s.2.loss_bbox: 0.0504  rpn_s.2.loss_giou: 0.4430  rpn_s.3.loss_cls: 0.4510  rpn_s.3.loss_bbox: 0.0465  rpn_s.3.loss_giou: 0.4178  s0.loss_cls: 0.6032  s0.pos_acc: 78.7879  s0.loss_bbox: 0.6831  s0.loss_iou: 1.7528  s1.loss_cls: 0.6138  s1.pos_acc: 77.2727  s1.loss_bbox: 0.7252  s1.loss_iou: 1.7530
2026/03/26 23:28:23 - mmengine - INFO - Epoch(train)  [3][1350/5001]  lr: 2.5000e-05  eta: 1 day, 8:41:21  time: 1.1271  data_time: 0.0032  memory: 7765  grad_norm: 58.5386  loss: 10.6230  rpn_s.0.loss_cls: 0.6940  rpn_s.0.loss_bbox: 0.1457  rpn_s.0.loss_giou: 0.8955  rpn_s.1.loss_cls: 0.5146  rpn_s.1.loss_bbox: 0.0645  rpn_s.1.loss_giou: 0.4718  rpn_s.2.loss_cls: 0.4517  rpn_s.2.loss_bbox: 0.0551  rpn_s.2.loss_giou: 0.4102  rpn_s.3.loss_cls: 0.4358  rpn_s.3.loss_bbox: 0.0515  rpn_s.3.loss_giou: 0.3847  s0.loss_cls: 0.5672  s0.pos_acc: 85.7143  s0.loss_bbox: 0.7074  s0.loss_iou: 1.7200  s1.loss_cls: 0.5650  s1.pos_acc: 85.7143  s1.loss_bbox: 0.7211  s1.loss_iou: 1.7672
2026/03/26 23:29:19 - mmengine - INFO - Epoch(train)  [3][1400/5001]  lr: 2.5000e-05  eta: 1 day, 8:40:43  time: 1.1174  data_time: 0.0032  memory: 7765  grad_norm: 57.7409  loss: 11.7174  rpn_s.0.loss_cls: 0.7086  rpn_s.0.loss_bbox: 0.1492  rpn_s.0.loss_giou: 1.0303  rpn_s.1.loss_cls: 0.5244  rpn_s.1.loss_bbox: 0.0692  rpn_s.1.loss_giou: 0.5500  rpn_s.2.loss_cls: 0.4734  rpn_s.2.loss_bbox: 0.0560  rpn_s.2.loss_giou: 0.4644  rpn_s.3.loss_cls: 0.4343  rpn_s.3.loss_bbox: 0.0522  rpn_s.3.loss_giou: 0.4391  s0.loss_cls: 0.5747  s0.pos_acc: 64.0244  s0.loss_bbox: 0.7458  s0.loss_iou: 2.0140  s1.loss_cls: 0.5731  s1.pos_acc: 67.6829  s1.loss_bbox: 0.7983  s1.loss_iou: 2.0603
2026/03/26 23:30:15 - mmengine - INFO - Epoch(train)  [3][1450/5001]  lr: 2.5000e-05  eta: 1 day, 8:40:05  time: 1.1172  data_time: 0.0032  memory: 7765  grad_norm: 54.5463  loss: 10.4467  rpn_s.0.loss_cls: 0.7051  rpn_s.0.loss_bbox: 0.1200  rpn_s.0.loss_giou: 0.8930  rpn_s.1.loss_cls: 0.5101  rpn_s.1.loss_bbox: 0.0558  rpn_s.1.loss_giou: 0.4774  rpn_s.2.loss_cls: 0.4524  rpn_s.2.loss_bbox: 0.0471  rpn_s.2.loss_giou: 0.4210  rpn_s.3.loss_cls: 0.4280  rpn_s.3.loss_bbox: 0.0442  rpn_s.3.loss_giou: 0.4025  s0.loss_cls: 0.5564  s0.pos_acc: 71.4286  s0.loss_bbox: 0.6746  s0.loss_iou: 1.6817  s1.loss_cls: 0.5523  s1.pos_acc: 71.4286  s1.loss_bbox: 0.7060  s1.loss_iou: 1.7189
2026/03/26 23:31:11 - mmengine - INFO - Epoch(train)  [3][1500/5001]  lr: 2.5000e-05  eta: 1 day, 8:39:24  time: 1.1115  data_time: 0.0032  memory: 7765  grad_norm: 52.3825  loss: 11.9108  rpn_s.0.loss_cls: 0.7470  rpn_s.0.loss_bbox: 0.1364  rpn_s.0.loss_giou: 0.9895  rpn_s.1.loss_cls: 0.5359  rpn_s.1.loss_bbox: 0.0556  rpn_s.1.loss_giou: 0.5099  rpn_s.2.loss_cls: 0.4786  rpn_s.2.loss_bbox: 0.0469  rpn_s.2.loss_giou: 0.4411  rpn_s.3.loss_cls: 0.4421  rpn_s.3.loss_bbox: 0.0444  rpn_s.3.loss_giou: 0.4232  s0.loss_cls: 0.6651  s0.pos_acc: 96.6387  s0.loss_bbox: 0.8383  s0.loss_iou: 2.0174  s1.loss_cls: 0.6631  s1.pos_acc: 95.3782  s1.loss_bbox: 0.8411  s1.loss_iou: 2.0352
2026/03/26 23:32:06 - mmengine - INFO - Epoch(train)  [3][1550/5001]  lr: 2.5000e-05  eta: 1 day, 8:38:42  time: 1.1086  data_time: 0.0034  memory: 7765  grad_norm: 54.0531  loss: 9.3111  rpn_s.0.loss_cls: 0.7197  rpn_s.0.loss_bbox: 0.1294  rpn_s.0.loss_giou: 0.9146  rpn_s.1.loss_cls: 0.5114  rpn_s.1.loss_bbox: 0.0544  rpn_s.1.loss_giou: 0.4719  rpn_s.2.loss_cls: 0.4603  rpn_s.2.loss_bbox: 0.0464  rpn_s.2.loss_giou: 0.4188  rpn_s.3.loss_cls: 0.4295  rpn_s.3.loss_bbox: 0.0435  rpn_s.3.loss_giou: 0.4014  s0.loss_cls: 0.4244  s0.pos_acc: 77.5000  s0.loss_bbox: 0.5414  s0.loss_iou: 1.3763  s1.loss_cls: 0.4315  s1.pos_acc: 82.5000  s1.loss_bbox: 0.5628  s1.loss_iou: 1.3734
2026/03/26 23:33:01 - mmengine - INFO - Epoch(train)  [3][1600/5001]  lr: 2.5000e-05  eta: 1 day, 8:37:57  time: 1.1031  data_time: 0.0033  memory: 7764  grad_norm: 63.8633  loss: 9.8554  rpn_s.0.loss_cls: 0.7042  rpn_s.0.loss_bbox: 0.1158  rpn_s.0.loss_giou: 0.8981  rpn_s.1.loss_cls: 0.5178  rpn_s.1.loss_bbox: 0.0529  rpn_s.1.loss_giou: 0.4665  rpn_s.2.loss_cls: 0.4618  rpn_s.2.loss_bbox: 0.0433  rpn_s.2.loss_giou: 0.4023  rpn_s.3.loss_cls: 0.4342  rpn_s.3.loss_bbox: 0.0401  rpn_s.3.loss_giou: 0.3812  s0.loss_cls: 0.5246  s0.pos_acc: 70.8333  s0.loss_bbox: 0.5968  s0.loss_iou: 1.5217  s1.loss_cls: 0.5343  s1.pos_acc: 74.1667  s1.loss_bbox: 0.6266  s1.loss_iou: 1.5333
2026/03/26 23:33:56 - mmengine - INFO - Epoch(train)  [3][1650/5001]  lr: 2.5000e-05  eta: 1 day, 8:37:10  time: 1.0983  data_time: 0.0033  memory: 7764  grad_norm: 56.3731  loss: 9.0666  rpn_s.0.loss_cls: 0.6992  rpn_s.0.loss_bbox: 0.1133  rpn_s.0.loss_giou: 0.7898  rpn_s.1.loss_cls: 0.5097  rpn_s.1.loss_bbox: 0.0568  rpn_s.1.loss_giou: 0.4522  rpn_s.2.loss_cls: 0.4599  rpn_s.2.loss_bbox: 0.0504  rpn_s.2.loss_giou: 0.4023  rpn_s.3.loss_cls: 0.4235  rpn_s.3.loss_bbox: 0.0489  rpn_s.3.loss_giou: 0.3818  s0.loss_cls: 0.4643  s0.pos_acc: 80.0000  s0.loss_bbox: 0.5167  s0.loss_iou: 1.3430  s1.loss_cls: 0.4785  s1.pos_acc: 80.0000  s1.loss_bbox: 0.5206  s1.loss_iou: 1.3556
2026/03/26 23:34:52 - mmengine - INFO - Epoch(train)  [3][1700/5001]  lr: 2.5000e-05  eta: 1 day, 8:36:27  time: 1.1087  data_time: 0.0034  memory: 7765  grad_norm: 61.7511  loss: 10.7909  rpn_s.0.loss_cls: 0.6885  rpn_s.0.loss_bbox: 0.1350  rpn_s.0.loss_giou: 0.9301  rpn_s.1.loss_cls: 0.5117  rpn_s.1.loss_bbox: 0.0660  rpn_s.1.loss_giou: 0.5014  rpn_s.2.loss_cls: 0.4610  rpn_s.2.loss_bbox: 0.0531  rpn_s.2.loss_giou: 0.4366  rpn_s.3.loss_cls: 0.4308  rpn_s.3.loss_bbox: 0.0495  rpn_s.3.loss_giou: 0.4175  s0.loss_cls: 0.5473  s0.pos_acc: 57.6923  s0.loss_bbox: 0.6799  s0.loss_iou: 1.7938  s1.loss_cls: 0.5519  s1.pos_acc: 53.8462  s1.loss_bbox: 0.6980  s1.loss_iou: 1.8390
2026/03/26 23:35:46 - mmengine - INFO - Epoch(train)  [3][1750/5001]  lr: 2.5000e-05  eta: 1 day, 8:35:38  time: 1.0942  data_time: 0.0032  memory: 7765  grad_norm: 56.6819  loss: 9.6387  rpn_s.0.loss_cls: 0.7496  rpn_s.0.loss_bbox: 0.1186  rpn_s.0.loss_giou: 0.8372  rpn_s.1.loss_cls: 0.5744  rpn_s.1.loss_bbox: 0.0505  rpn_s.1.loss_giou: 0.4409  rpn_s.2.loss_cls: 0.5216  rpn_s.2.loss_bbox: 0.0411  rpn_s.2.loss_giou: 0.3810  rpn_s.3.loss_cls: 0.4929  rpn_s.3.loss_bbox: 0.0385  rpn_s.3.loss_giou: 0.3632  s0.loss_cls: 0.5569  s0.pos_acc: 59.0909  s0.loss_bbox: 0.6254  s0.loss_iou: 1.3099  s1.loss_cls: 0.5697  s1.pos_acc: 63.6364  s1.loss_bbox: 0.6328  s1.loss_iou: 1.3344
2026/03/26 23:36:42 - mmengine - INFO - Epoch(train)  [3][1800/5001]  lr: 2.5000e-05  eta: 1 day, 8:34:55  time: 1.1085  data_time: 0.0032  memory: 7765  grad_norm: 57.0564  loss: 10.6918  rpn_s.0.loss_cls: 0.7116  rpn_s.0.loss_bbox: 0.1451  rpn_s.0.loss_giou: 0.9258  rpn_s.1.loss_cls: 0.5117  rpn_s.1.loss_bbox: 0.0712  rpn_s.1.loss_giou: 0.5092  rpn_s.2.loss_cls: 0.4331  rpn_s.2.loss_bbox: 0.0603  rpn_s.2.loss_giou: 0.4412  rpn_s.3.loss_cls: 0.4054  rpn_s.3.loss_bbox: 0.0549  rpn_s.3.loss_giou: 0.4128  s0.loss_cls: 0.5325  s0.pos_acc: 100.0000  s0.loss_bbox: 0.7299  s0.loss_iou: 1.6971  s1.loss_cls: 0.5353  s1.pos_acc: 100.0000  s1.loss_bbox: 0.7769  s1.loss_iou: 1.7377
2026/03/26 23:37:37 - mmengine - INFO - Epoch(train)  [3][1850/5001]  lr: 2.5000e-05  eta: 1 day, 8:34:13  time: 1.1115  data_time: 0.0033  memory: 7765  grad_norm: 64.3112  loss: 10.0606  rpn_s.0.loss_cls: 0.6966  rpn_s.0.loss_bbox: 0.1260  rpn_s.0.loss_giou: 0.9539  rpn_s.1.loss_cls: 0.5083  rpn_s.1.loss_bbox: 0.0562  rpn_s.1.loss_giou: 0.5022  rpn_s.2.loss_cls: 0.4443  rpn_s.2.loss_bbox: 0.0464  rpn_s.2.loss_giou: 0.4300  rpn_s.3.loss_cls: 0.4220  rpn_s.3.loss_bbox: 0.0440  rpn_s.3.loss_giou: 0.4097  s0.loss_cls: 0.4944  s0.pos_acc: 85.7143  s0.loss_bbox: 0.5561  s0.loss_iou: 1.6381  s1.loss_cls: 0.5188  s1.pos_acc: 78.5714  s1.loss_bbox: 0.5388  s1.loss_iou: 1.6747
2026/03/26 23:38:33 - mmengine - INFO - Epoch(train)  [3][1900/5001]  lr: 2.5000e-05  eta: 1 day, 8:33:31  time: 1.1090  data_time: 0.0033  memory: 7765  grad_norm: 52.5463  loss: 10.4352  rpn_s.0.loss_cls: 0.7071  rpn_s.0.loss_bbox: 0.1381  rpn_s.0.loss_giou: 0.9413  rpn_s.1.loss_cls: 0.5108  rpn_s.1.loss_bbox: 0.0623  rpn_s.1.loss_giou: 0.5024  rpn_s.2.loss_cls: 0.4531  rpn_s.2.loss_bbox: 0.0517  rpn_s.2.loss_giou: 0.4324  rpn_s.3.loss_cls: 0.4300  rpn_s.3.loss_bbox: 0.0491  rpn_s.3.loss_giou: 0.4134  s0.loss_cls: 0.5125  s0.pos_acc: 76.5625  s0.loss_bbox: 0.5695  s0.loss_iou: 1.7613  s1.loss_cls: 0.5164  s1.pos_acc: 82.8125  s1.loss_bbox: 0.5999  s1.loss_iou: 1.7839
2026/03/26 23:39:28 - mmengine - INFO - Epoch(train)  [3][1950/5001]  lr: 2.5000e-05  eta: 1 day, 8:32:48  time: 1.1103  data_time: 0.0033  memory: 7765  grad_norm: 57.6400  loss: 10.1839  rpn_s.0.loss_cls: 0.6908  rpn_s.0.loss_bbox: 0.1306  rpn_s.0.loss_giou: 0.9359  rpn_s.1.loss_cls: 0.5034  rpn_s.1.loss_bbox: 0.0536  rpn_s.1.loss_giou: 0.4930  rpn_s.2.loss_cls: 0.4371  rpn_s.2.loss_bbox: 0.0451  rpn_s.2.loss_giou: 0.4305  rpn_s.3.loss_cls: 0.4005  rpn_s.3.loss_bbox: 0.0425  rpn_s.3.loss_giou: 0.4078  s0.loss_cls: 0.5092  s0.pos_acc: 93.7500  s0.loss_bbox: 0.6407  s0.loss_iou: 1.6337  s1.loss_cls: 0.5070  s1.pos_acc: 93.7500  s1.loss_bbox: 0.6427  s1.loss_iou: 1.6799
2026/03/26 23:40:22 - mmengine - INFO - Exp name: GSDet_r50_b900_h2h4_h2r1_r2r1_2x_fair1m1.0_20260326_200141
2026/03/26 23:40:24 - mmengine - INFO - Epoch(train)  [3][2000/5001]  lr: 2.5000e-05  eta: 1 day, 8:32:05  time: 1.1079  data_time: 0.0032  memory: 7765  grad_norm: 59.9076  loss: 9.9658  rpn_s.0.loss_cls: 0.6991  rpn_s.0.loss_bbox: 0.1274  rpn_s.0.loss_giou: 0.8745  rpn_s.1.loss_cls: 0.5374  rpn_s.1.loss_bbox: 0.0538  rpn_s.1.loss_giou: 0.4619  rpn_s.2.loss_cls: 0.4682  rpn_s.2.loss_bbox: 0.0447  rpn_s.2.loss_giou: 0.3955  rpn_s.3.loss_cls: 0.4398  rpn_s.3.loss_bbox: 0.0427  rpn_s.3.loss_giou: 0.3781  s0.loss_cls: 0.5483  s0.pos_acc: 64.8810  s0.loss_bbox: 0.6314  s0.loss_iou: 1.5153  s1.loss_cls: 0.5388  s1.pos_acc: 73.8095  s1.loss_bbox: 0.6495  s1.loss_iou: 1.5594
2026/03/26 23:41:20 - mmengine - INFO - Epoch(train)  [3][2050/5001]  lr: 2.5000e-05  eta: 1 day, 8:31:25  time: 1.1177  data_time: 0.0033  memory: 7764  grad_norm: 58.8973  loss: 8.6993  rpn_s.0.loss_cls: 0.6668  rpn_s.0.loss_bbox: 0.1145  rpn_s.0.loss_giou: 0.7678  rpn_s.1.loss_cls: 0.4811  rpn_s.1.loss_bbox: 0.0567  rpn_s.1.loss_giou: 0.4310  rpn_s.2.loss_cls: 0.4276  rpn_s.2.loss_bbox: 0.0487  rpn_s.2.loss_giou: 0.3758  rpn_s.3.loss_cls: 0.3911  rpn_s.3.loss_bbox: 0.0466  rpn_s.3.loss_giou: 0.3594  s0.loss_cls: 0.4793  s0.pos_acc: 59.4203  s0.loss_bbox: 0.5006  s0.loss_iou: 1.2838  s1.loss_cls: 0.4891  s1.pos_acc: 57.2464  s1.loss_bbox: 0.4920  s1.loss_iou: 1.2874
2026/03/26 23:42:15 - mmengine - INFO - Epoch(train)  [3][2100/5001]  lr: 2.5000e-05  eta: 1 day, 8:30:40  time: 1.1032  data_time: 0.0033  memory: 7764  grad_norm: 62.1534  loss: 10.3903  rpn_s.0.loss_cls: 0.7102  rpn_s.0.loss_bbox: 0.1289  rpn_s.0.loss_giou: 0.9236  rpn_s.1.loss_cls: 0.5225  rpn_s.1.loss_bbox: 0.0565  rpn_s.1.loss_giou: 0.5008  rpn_s.2.loss_cls: 0.4622  rpn_s.2.loss_bbox: 0.0483  rpn_s.2.loss_giou: 0.4339  rpn_s.3.loss_cls: 0.4311  rpn_s.3.loss_bbox: 0.0441  rpn_s.3.loss_giou: 0.4091  s0.loss_cls: 0.5228  s0.pos_acc: 20.0000  s0.loss_bbox: 0.6123  s0.loss_iou: 1.6811  s1.loss_cls: 0.5324  s1.pos_acc: 20.0000  s1.loss_bbox: 0.6261  s1.loss_iou: 1.7445
2026/03/26 23:43:10 - mmengine - INFO - Epoch(train)  [3][2150/5001]  lr: 2.5000e-05  eta: 1 day, 8:29:56  time: 1.1093  data_time: 0.0033  memory: 7765  grad_norm: 53.6040  loss: 9.6658  rpn_s.0.loss_cls: 0.7152  rpn_s.0.loss_bbox: 0.1399  rpn_s.0.loss_giou: 0.9030  rpn_s.1.loss_cls: 0.5336  rpn_s.1.loss_bbox: 0.0662  rpn_s.1.loss_giou: 0.4860  rpn_s.2.loss_cls: 0.4727  rpn_s.2.loss_bbox: 0.0566  rpn_s.2.loss_giou: 0.4220  rpn_s.3.loss_cls: 0.4369  rpn_s.3.loss_bbox: 0.0526  rpn_s.3.loss_giou: 0.4023  s0.loss_cls: 0.4998  s0.pos_acc: 83.0000  s0.loss_bbox: 0.5431  s0.loss_iou: 1.4371  s1.loss_cls: 0.4946  s1.pos_acc: 84.0000  s1.loss_bbox: 0.5366  s1.loss_iou: 1.4675
2026/03/26 23:44:05 - mmengine - INFO - Epoch(train)  [3][2200/5001]  lr: 2.5000e-05  eta: 1 day, 8:29:09  time: 1.0997  data_time: 0.0032  memory: 7765  grad_norm: 54.7526  loss: 10.0595  rpn_s.0.loss_cls: 0.7098  rpn_s.0.loss_bbox: 0.1337  rpn_s.0.loss_giou: 0.9282  rpn_s.1.loss_cls: 0.5194  rpn_s.1.loss_bbox: 0.0571  rpn_s.1.loss_giou: 0.4821  rpn_s.2.loss_cls: 0.4650  rpn_s.2.loss_bbox: 0.0472  rpn_s.2.loss_giou: 0.4180  rpn_s.3.loss_cls: 0.4253  rpn_s.3.loss_bbox: 0.0437  rpn_s.3.loss_giou: 0.3998  s0.loss_cls: 0.5305  s0.pos_acc: 50.0000  s0.loss_bbox: 0.5821  s0.loss_iou: 1.5859  s1.loss_cls: 0.5415  s1.pos_acc: 75.0000  s1.loss_bbox: 0.5846  s1.loss_iou: 1.6057
2026/03/26 23:45:01 - mmengine - INFO - Epoch(train)  [3][2250/5001]  lr: 2.5000e-05  eta: 1 day, 8:28:23  time: 1.1047  data_time: 0.0033  memory: 7764  grad_norm: 61.4016  loss: 9.6749  rpn_s.0.loss_cls: 0.6760  rpn_s.0.loss_bbox: 0.1285  rpn_s.0.loss_giou: 0.8042  rpn_s.1.loss_cls: 0.4953  rpn_s.1.loss_bbox: 0.0657  rpn_s.1.loss_giou: 0.4483  rpn_s.2.loss_cls: 0.4323  rpn_s.2.loss_bbox: 0.0577  rpn_s.2.loss_giou: 0.3950  rpn_s.3.loss_cls: 0.4067  rpn_s.3.loss_bbox: 0.0513  rpn_s.3.loss_giou: 0.3673  s0.loss_cls: 0.5058  s0.pos_acc: 88.8889  s0.loss_bbox: 0.6370  s0.loss_iou: 1.5159  s1.loss_cls: 0.5119  s1.pos_acc: 94.4444  s1.loss_bbox: 0.6272  s1.loss_iou: 1.5488
2026/03/26 23:45:55 - mmengine - INFO - Epoch(train)  [3][2300/5001]  lr: 2.5000e-05  eta: 1 day, 8:27:35  time: 1.0980  data_time: 0.0033  memory: 7765  grad_norm: 53.8844  loss: 10.1782  rpn_s.0.loss_cls: 0.6826  rpn_s.0.loss_bbox: 0.1326  rpn_s.0.loss_giou: 0.8881  rpn_s.1.loss_cls: 0.5043  rpn_s.1.loss_bbox: 0.0621  rpn_s.1.loss_giou: 0.4791  rpn_s.2.loss_cls: 0.4478  rpn_s.2.loss_bbox: 0.0522  rpn_s.2.loss_giou: 0.4104  rpn_s.3.loss_cls: 0.4081  rpn_s.3.loss_bbox: 0.0500  rpn_s.3.loss_giou: 0.3953  s0.loss_cls: 0.5560  s0.pos_acc: 83.3333  s0.loss_bbox: 0.6568  s0.loss_iou: 1.5845  s1.loss_cls: 0.5577  s1.pos_acc: 83.3333  s1.loss_bbox: 0.7134  s1.loss_iou: 1.5971
2026/03/26 23:46:51 - mmengine - INFO - Epoch(train)  [3][2350/5001]  lr: 2.5000e-05  eta: 1 day, 8:26:49  time: 1.1046  data_time: 0.0033  memory: 7764  grad_norm: 57.8810  loss: 9.3407  rpn_s.0.loss_cls: 0.6909  rpn_s.0.loss_bbox: 0.1152  rpn_s.0.loss_giou: 0.8235  rpn_s.1.loss_cls: 0.5138  rpn_s.1.loss_bbox: 0.0521  rpn_s.1.loss_giou: 0.4370  rpn_s.2.loss_cls: 0.4481  rpn_s.2.loss_bbox: 0.0444  rpn_s.2.loss_giou: 0.3821  rpn_s.3.loss_cls: 0.4183  rpn_s.3.loss_bbox: 0.0436  rpn_s.3.loss_giou: 0.3706  s0.loss_cls: 0.4998  s0.pos_acc: 74.5455  s0.loss_bbox: 0.5834  s0.loss_iou: 1.4062  s1.loss_cls: 0.5011  s1.pos_acc: 77.2727  s1.loss_bbox: 0.5858  s1.loss_iou: 1.4248
2026/03/26 23:47:46 - mmengine - INFO - Epoch(train)  [3][2400/5001]  lr: 2.5000e-05  eta: 1 day, 8:26:08  time: 1.1143  data_time: 0.0032  memory: 7764  grad_norm: 55.1592  loss: 10.7254  rpn_s.0.loss_cls: 0.7337  rpn_s.0.loss_bbox: 0.1313  rpn_s.0.loss_giou: 1.0137  rpn_s.1.loss_cls: 0.5249  rpn_s.1.loss_bbox: 0.0569  rpn_s.1.loss_giou: 0.5101  rpn_s.2.loss_cls: 0.4703  rpn_s.2.loss_bbox: 0.0478  rpn_s.2.loss_giou: 0.4452  rpn_s.3.loss_cls: 0.4375  rpn_s.3.loss_bbox: 0.0431  rpn_s.3.loss_giou: 0.4197  s0.loss_cls: 0.5617  s0.pos_acc: 71.4286  s0.loss_bbox: 0.6889  s0.loss_iou: 1.6752  s1.loss_cls: 0.5585  s1.pos_acc: 74.4361  s1.loss_bbox: 0.7247  s1.loss_iou: 1.6821
2026/03/26 23:48:43 - mmengine - INFO - Epoch(train)  [3][2450/5001]  lr: 2.5000e-05  eta: 1 day, 8:25:32  time: 1.1274  data_time: 0.0032  memory: 7765  grad_norm: 58.3472  loss: 9.4307  rpn_s.0.loss_cls: 0.6925  rpn_s.0.loss_bbox: 0.1196  rpn_s.0.loss_giou: 0.7747  rpn_s.1.loss_cls: 0.5282  rpn_s.1.loss_bbox: 0.0628  rpn_s.1.loss_giou: 0.4574  rpn_s.2.loss_cls: 0.4721  rpn_s.2.loss_bbox: 0.0544  rpn_s.2.loss_giou: 0.3979  rpn_s.3.loss_cls: 0.4518  rpn_s.3.loss_bbox: 0.0507  rpn_s.3.loss_giou: 0.3798  s0.loss_cls: 0.5025  s0.pos_acc: 75.0000  s0.loss_bbox: 0.5936  s0.loss_iou: 1.3873  s1.loss_cls: 0.4936  s1.pos_acc: 71.4286  s1.loss_bbox: 0.6031  s1.loss_iou: 1.4087
2026/03/26 23:49:39 - mmengine - INFO - Epoch(train)  [3][2500/5001]  lr: 2.5000e-05  eta: 1 day, 8:24:54  time: 1.1239  data_time: 0.0032  memory: 7765  grad_norm: 52.8916  loss: 9.5800  rpn_s.0.loss_cls: 0.7032  rpn_s.0.loss_bbox: 0.1233  rpn_s.0.loss_giou: 0.8858  rpn_s.1.loss_cls: 0.5221  rpn_s.1.loss_bbox: 0.0569  rpn_s.1.loss_giou: 0.4838  rpn_s.2.loss_cls: 0.4732  rpn_s.2.loss_bbox: 0.0486  rpn_s.2.loss_giou: 0.4247  rpn_s.3.loss_cls: 0.4349  rpn_s.3.loss_bbox: 0.0457  rpn_s.3.loss_giou: 0.4072  s0.loss_cls: 0.4760  s0.pos_acc: 54.1667  s0.loss_bbox: 0.5217  s0.loss_iou: 1.4703  s1.loss_cls: 0.4719  s1.pos_acc: 64.5833  s1.loss_bbox: 0.5354  s1.loss_iou: 1.4953
2026/03/26 23:50:36 - mmengine - INFO - Epoch(train)  [3][2550/5001]  lr: 2.5000e-05  eta: 1 day, 8:24:21  time: 1.1331  data_time: 0.0032  memory: 7765  grad_norm: 55.5747  loss: 9.9900  rpn_s.0.loss_cls: 0.7122  rpn_s.0.loss_bbox: 0.1327  rpn_s.0.loss_giou: 0.9279  rpn_s.1.loss_cls: 0.5382  rpn_s.1.loss_bbox: 0.0608  rpn_s.1.loss_giou: 0.5025  rpn_s.2.loss_cls: 0.4831  rpn_s.2.loss_bbox: 0.0489  rpn_s.2.loss_giou: 0.4330  rpn_s.3.loss_cls: 0.4476  rpn_s.3.loss_bbox: 0.0463  rpn_s.3.loss_giou: 0.4137  s0.loss_cls: 0.4799  s0.pos_acc: 55.0000  s0.loss_bbox: 0.5813  s0.loss_iou: 1.5371  s1.loss_cls: 0.4783  s1.pos_acc: 56.6667  s1.loss_bbox: 0.6123  s1.loss_iou: 1.5542
2026/03/26 23:51:31 - mmengine - INFO - Epoch(train)  [3][2600/5001]  lr: 2.5000e-05  eta: 1 day, 8:23:38  time: 1.1133  data_time: 0.0032  memory: 7764  grad_norm: 53.7160  loss: 9.6738  rpn_s.0.loss_cls: 0.7383  rpn_s.0.loss_bbox: 0.1269  rpn_s.0.loss_giou: 0.8745  rpn_s.1.loss_cls: 0.5526  rpn_s.1.loss_bbox: 0.0593  rpn_s.1.loss_giou: 0.4754  rpn_s.2.loss_cls: 0.4836  rpn_s.2.loss_bbox: 0.0507  rpn_s.2.loss_giou: 0.4241  rpn_s.3.loss_cls: 0.4485  rpn_s.3.loss_bbox: 0.0473  rpn_s.3.loss_giou: 0.4073  s0.loss_cls: 0.5247  s0.pos_acc: 54.0984  s0.loss_bbox: 0.5419  s0.loss_iou: 1.4005  s1.loss_cls: 0.5286  s1.pos_acc: 70.4918  s1.loss_bbox: 0.5725  s1.loss_iou: 1.4171
2026/03/26 23:52:27 - mmengine - INFO - Epoch(train)  [3][2650/5001]  lr: 2.5000e-05  eta: 1 day, 8:22:55  time: 1.1124  data_time: 0.0032  memory: 7765  grad_norm: 54.4019  loss: 8.9539  rpn_s.0.loss_cls: 0.7019  rpn_s.0.loss_bbox: 0.1357  rpn_s.0.loss_giou: 0.8115  rpn_s.1.loss_cls: 0.5083  rpn_s.1.loss_bbox: 0.0620  rpn_s.1.loss_giou: 0.4404  rpn_s.2.loss_cls: 0.4498  rpn_s.2.loss_bbox: 0.0559  rpn_s.2.loss_giou: 0.3919  rpn_s.3.loss_cls: 0.4235  rpn_s.3.loss_bbox: 0.0524  rpn_s.3.loss_giou: 0.3689  s0.loss_cls: 0.4343  s0.pos_acc: 78.1250  s0.loss_bbox: 0.5509  s0.loss_iou: 1.2596  s1.loss_cls: 0.4484  s1.pos_acc: 81.2500  s1.loss_bbox: 0.5715  s1.loss_iou: 1.2872
2026/03/26 23:53:22 - mmengine - INFO - Epoch(train)  [3][2700/5001]  lr: 2.5000e-05  eta: 1 day, 8:22:12  time: 1.1121  data_time: 0.0032  memory: 7765  grad_norm: 55.3470  loss: 9.7241  rpn_s.0.loss_cls: 0.7379  rpn_s.0.loss_bbox: 0.1258  rpn_s.0.loss_giou: 0.8539  rpn_s.1.loss_cls: 0.5595  rpn_s.1.loss_bbox: 0.0622  rpn_s.1.loss_giou: 0.4863  rpn_s.2.loss_cls: 0.5027  rpn_s.2.loss_bbox: 0.0523  rpn_s.2.loss_giou: 0.4286  rpn_s.3.loss_cls: 0.4708  rpn_s.3.loss_bbox: 0.0482  rpn_s.3.loss_giou: 0.4056  s0.loss_cls: 0.5142  s0.pos_acc: 72.9167  s0.loss_bbox: 0.5733  s0.loss_iou: 1.3986  s1.loss_cls: 0.5150  s1.pos_acc: 68.7500  s1.loss_bbox: 0.5777  s1.loss_iou: 1.4114
2026/03/26 23:54:18 - mmengine - INFO - Epoch(train)  [3][2750/5001]  lr: 2.5000e-05  eta: 1 day, 8:21:26  time: 1.1045  data_time: 0.0034  memory: 7765  grad_norm: 55.3817  loss: 9.6477  rpn_s.0.loss_cls: 0.6730  rpn_s.0.loss_bbox: 0.1220  rpn_s.0.loss_giou: 0.7971  rpn_s.1.loss_cls: 0.5138  rpn_s.1.loss_bbox: 0.0573  rpn_s.1.loss_giou: 0.4453  rpn_s.2.loss_cls: 0.4542  rpn_s.2.loss_bbox: 0.0522  rpn_s.2.loss_giou: 0.3988  rpn_s.3.loss_cls: 0.4187  rpn_s.3.loss_bbox: 0.0492  rpn_s.3.loss_giou: 0.3781  s0.loss_cls: 0.5664  s0.pos_acc: 50.0000  s0.loss_bbox: 0.5765  s0.loss_iou: 1.5091  s1.loss_cls: 0.5703  s1.pos_acc: 71.4286  s1.loss_bbox: 0.5591  s1.loss_iou: 1.5065
2026/03/26 23:55:13 - mmengine - INFO - Epoch(train)  [3][2800/5001]  lr: 2.5000e-05  eta: 1 day, 8:20:37  time: 1.0990  data_time: 0.0031  memory: 7765  grad_norm: 56.2799  loss: 8.7275  rpn_s.0.loss_cls: 0.6846  rpn_s.0.loss_bbox: 0.1076  rpn_s.0.loss_giou: 0.7267  rpn_s.1.loss_cls: 0.5104  rpn_s.1.loss_bbox: 0.0516  rpn_s.1.loss_giou: 0.3995  rpn_s.2.loss_cls: 0.4526  rpn_s.2.loss_bbox: 0.0451  rpn_s.2.loss_giou: 0.3509  rpn_s.3.loss_cls: 0.4270  rpn_s.3.loss_bbox: 0.0463  rpn_s.3.loss_giou: 0.3350  s0.loss_cls: 0.5191  s0.pos_acc: 50.0000  s0.loss_bbox: 0.5474  s0.loss_iou: 1.2322  s1.loss_cls: 0.5303  s1.pos_acc: 50.0000  s1.loss_bbox: 0.5236  s1.loss_iou: 1.2378
2026/03/26 23:56:08 - mmengine - INFO - Epoch(train)  [3][2850/5001]  lr: 2.5000e-05  eta: 1 day, 8:19:49  time: 1.1019  data_time: 0.0033  memory: 7764  grad_norm: 56.6257  loss: 9.3961  rpn_s.0.loss_cls: 0.7428  rpn_s.0.loss_bbox: 0.1231  rpn_s.0.loss_giou: 0.8706  rpn_s.1.loss_cls: 0.5395  rpn_s.1.loss_bbox: 0.0602  rpn_s.1.loss_giou: 0.4700  rpn_s.2.loss_cls: 0.4796  rpn_s.2.loss_bbox: 0.0479  rpn_s.2.loss_giou: 0.4006  rpn_s.3.loss_cls: 0.4477  rpn_s.3.loss_bbox: 0.0456  rpn_s.3.loss_giou: 0.3794  s0.loss_cls: 0.4865  s0.pos_acc: 66.6667  s0.loss_bbox: 0.5626  s0.loss_iou: 1.3040  s1.loss_cls: 0.4858  s1.pos_acc: 77.7778  s1.loss_bbox: 0.5907  s1.loss_iou: 1.3594
2026/03/26 23:57:03 - mmengine - INFO - Epoch(train)  [3][2900/5001]  lr: 2.5000e-05  eta: 1 day, 8:19:03  time: 1.1062  data_time: 0.0034  memory: 7765  grad_norm: 55.8802  loss: 10.5186  rpn_s.0.loss_cls: 0.7133  rpn_s.0.loss_bbox: 0.1388  rpn_s.0.loss_giou: 0.9351  rpn_s.1.loss_cls: 0.5238  rpn_s.1.loss_bbox: 0.0651  rpn_s.1.loss_giou: 0.5058  rpn_s.2.loss_cls: 0.4722  rpn_s.2.loss_bbox: 0.0573  rpn_s.2.loss_giou: 0.4479  rpn_s.3.loss_cls: 0.4434  rpn_s.3.loss_bbox: 0.0542  rpn_s.3.loss_giou: 0.4224  s0.loss_cls: 0.5495  s0.pos_acc: 77.7778  s0.loss_bbox: 0.6696  s0.loss_iou: 1.6306  s1.loss_cls: 0.5410  s1.pos_acc: 77.7778  s1.loss_bbox: 0.6901  s1.loss_iou: 1.6587
2026/03/26 23:57:59 - mmengine - INFO - Epoch(train)  [3][2950/5001]  lr: 2.5000e-05  eta: 1 day, 8:18:24  time: 1.1235  data_time: 0.0033  memory: 7765  grad_norm: 55.6878  loss: 9.5872  rpn_s.0.loss_cls: 0.6944  rpn_s.0.loss_bbox: 0.1288  rpn_s.0.loss_giou: 0.8529  rpn_s.1.loss_cls: 0.5119  rpn_s.1.loss_bbox: 0.0619  rpn_s.1.loss_giou: 0.4580  rpn_s.2.loss_cls: 0.4641  rpn_s.2.loss_bbox: 0.0528  rpn_s.2.loss_giou: 0.3999  rpn_s.3.loss_cls: 0.4402  rpn_s.3.loss_bbox: 0.0498  rpn_s.3.loss_giou: 0.3860  s0.loss_cls: 0.5217  s0.pos_acc: 57.9186  s0.loss_bbox: 0.5754  s0.loss_iou: 1.4451  s1.loss_cls: 0.5276  s1.pos_acc: 62.2172  s1.loss_bbox: 0.5446  s1.loss_iou: 1.4720
2026/03/26 23:58:53 - mmengine - INFO - Exp name: GSDet_r50_b900_h2h4_h2r1_r2r1_2x_fair1m1.0_20260326_200141
2026/03/26 23:58:55 - mmengine - INFO - Epoch(train)  [3][3000/5001]  lr: 2.5000e-05  eta: 1 day, 8:17:45  time: 1.1217  data_time: 0.0033  memory: 7764  grad_norm: 54.1331  loss: 8.8827  rpn_s.0.loss_cls: 0.7075  rpn_s.0.loss_bbox: 0.1248  rpn_s.0.loss_giou: 0.8309  rpn_s.1.loss_cls: 0.5228  rpn_s.1.loss_bbox: 0.0631  rpn_s.1.loss_giou: 0.4623  rpn_s.2.loss_cls: 0.4628  rpn_s.2.loss_bbox: 0.0555  rpn_s.2.loss_giou: 0.4049  rpn_s.3.loss_cls: 0.4409  rpn_s.3.loss_bbox: 0.0485  rpn_s.3.loss_giou: 0.3872  s0.loss_cls: 0.4321  s0.pos_acc: 54.5455  s0.loss_bbox: 0.4978  s0.loss_iou: 1.2367  s1.loss_cls: 0.4397  s1.pos_acc: 68.1818  s1.loss_bbox: 0.4933  s1.loss_iou: 1.2716
2026/03/26 23:59:51 - mmengine - INFO - Epoch(train)  [3][3050/5001]  lr: 2.5000e-05  eta: 1 day, 8:17:04  time: 1.1195  data_time: 0.0031  memory: 7765  grad_norm: 57.2884  loss: 9.2459  rpn_s.0.loss_cls: 0.7402  rpn_s.0.loss_bbox: 0.1232  rpn_s.0.loss_giou: 0.8507  rpn_s.1.loss_cls: 0.5255  rpn_s.1.loss_bbox: 0.0602  rpn_s.1.loss_giou: 0.4511  rpn_s.2.loss_cls: 0.4676  rpn_s.2.loss_bbox: 0.0525  rpn_s.2.loss_giou: 0.3948  rpn_s.3.loss_cls: 0.4343  rpn_s.3.loss_bbox: 0.0511  rpn_s.3.loss_giou: 0.3802  s0.loss_cls: 0.4737  s0.pos_acc: 58.3333  s0.loss_bbox: 0.5421  s0.loss_iou: 1.3411  s1.loss_cls: 0.4849  s1.pos_acc: 33.3333  s1.loss_bbox: 0.5290  s1.loss_iou: 1.3436
2026/03/27 00:00:47 - mmengine - INFO - Epoch(train)  [3][3100/5001]  lr: 2.5000e-05  eta: 1 day, 8:16:24  time: 1.1209  data_time: 0.0031  memory: 7765  grad_norm: 56.9125  loss: 9.0917  rpn_s.0.loss_cls: 0.6850  rpn_s.0.loss_bbox: 0.1298  rpn_s.0.loss_giou: 0.7740  rpn_s.1.loss_cls: 0.5113  rpn_s.1.loss_bbox: 0.0670  rpn_s.1.loss_giou: 0.4441  rpn_s.2.loss_cls: 0.4398  rpn_s.2.loss_bbox: 0.0557  rpn_s.2.loss_giou: 0.3879  rpn_s.3.loss_cls: 0.4046  rpn_s.3.loss_bbox: 0.0515  rpn_s.3.loss_giou: 0.3640  s0.loss_cls: 0.4671  s0.pos_acc: 72.7273  s0.loss_bbox: 0.5704  s0.loss_iou: 1.3254  s1.loss_cls: 0.4755  s1.pos_acc: 78.7879  s1.loss_bbox: 0.5851  s1.loss_iou: 1.3535
2026/03/27 00:01:43 - mmengine - INFO - Epoch(train)  [3][3150/5001]  lr: 2.5000e-05  eta: 1 day, 8:15:38  time: 1.1089  data_time: 0.0033  memory: 7765  grad_norm: 61.7622  loss: 9.6957  rpn_s.0.loss_cls: 0.6597  rpn_s.0.loss_bbox: 0.1254  rpn_s.0.loss_giou: 0.8444  rpn_s.1.loss_cls: 0.5048  rpn_s.1.loss_bbox: 0.0607  rpn_s.1.loss_giou: 0.4594  rpn_s.2.loss_cls: 0.4584  rpn_s.2.loss_bbox: 0.0514  rpn_s.2.loss_giou: 0.4001  rpn_s.3.loss_cls: 0.4319  rpn_s.3.loss_bbox: 0.0484  rpn_s.3.loss_giou: 0.3832  s0.loss_cls: 0.4931  s0.pos_acc: 20.0000  s0.loss_bbox: 0.6328  s0.loss_iou: 1.5128  s1.loss_cls: 0.4807  s1.pos_acc: 20.0000  s1.loss_bbox: 0.6179  s1.loss_iou: 1.5306
2026/03/27 00:02:38 - mmengine - INFO - Epoch(train)  [3][3200/5001]  lr: 2.5000e-05  eta: 1 day, 8:14:52  time: 1.1065  data_time: 0.0031  memory: 7765  grad_norm: 58.3750  loss: 9.9738  rpn_s.0.loss_cls: 0.7014  rpn_s.0.loss_bbox: 0.1292  rpn_s.0.loss_giou: 0.9036  rpn_s.1.loss_cls: 0.5052  rpn_s.1.loss_bbox: 0.0554  rpn_s.1.loss_giou: 0.4680  rpn_s.2.loss_cls: 0.4470  rpn_s.2.loss_bbox: 0.0463  rpn_s.2.loss_giou: 0.4029  rpn_s.3.loss_cls: 0.4096  rpn_s.3.loss_bbox: 0.0422  rpn_s.3.loss_giou: 0.3807  s0.loss_cls: 0.5392  s0.pos_acc: 67.8756  s0.loss_bbox: 0.5781  s0.loss_iou: 1.6148  s1.loss_cls: 0.5265  s1.pos_acc: 70.4663  s1.loss_bbox: 0.5817  s1.loss_iou: 1.6418
2026/03/27 00:03:33 - mmengine - INFO - Epoch(train)  [3][3250/5001]  lr: 2.5000e-05  eta: 1 day, 8:14:03  time: 1.1005  data_time: 0.0033  memory: 7765  grad_norm: 60.0075  loss: 10.3282  rpn_s.0.loss_cls: 0.7040  rpn_s.0.loss_bbox: 0.1235  rpn_s.0.loss_giou: 0.9150  rpn_s.1.loss_cls: 0.5252  rpn_s.1.loss_bbox: 0.0561  rpn_s.1.loss_giou: 0.4908  rpn_s.2.loss_cls: 0.4686  rpn_s.2.loss_bbox: 0.0475  rpn_s.2.loss_giou: 0.4261  rpn_s.3.loss_cls: 0.4397  rpn_s.3.loss_bbox: 0.0438  rpn_s.3.loss_giou: 0.3996  s0.loss_cls: 0.5600  s0.pos_acc: 45.0000  s0.loss_bbox: 0.6527  s0.loss_iou: 1.6157  s1.loss_cls: 0.5645  s1.pos_acc: 37.5000  s1.loss_bbox: 0.6433  s1.loss_iou: 1.6519
2026/03/27 00:04:28 - mmengine - INFO - Epoch(train)  [3][3300/5001]  lr: 2.5000e-05  eta: 1 day, 8:13:13  time: 1.0962  data_time: 0.0033  memory: 7765  grad_norm: 54.0312  loss: 10.1296  rpn_s.0.loss_cls: 0.7027  rpn_s.0.loss_bbox: 0.1334  rpn_s.0.loss_giou: 0.9327  rpn_s.1.loss_cls: 0.5195  rpn_s.1.loss_bbox: 0.0574  rpn_s.1.loss_giou: 0.4858  rpn_s.2.loss_cls: 0.4571  rpn_s.2.loss_bbox: 0.0479  rpn_s.2.loss_giou: 0.4147  rpn_s.3.loss_cls: 0.4307  rpn_s.3.loss_bbox: 0.0461  rpn_s.3.loss_giou: 0.4001  s0.loss_cls: 0.4908  s0.pos_acc: 75.0000  s0.loss_bbox: 0.6236  s0.loss_iou: 1.6091  s1.loss_cls: 0.5006  s1.pos_acc: 75.0000  s1.loss_bbox: 0.6277  s1.loss_iou: 1.6497
2026/03/27 00:05:22 - mmengine - INFO - Epoch(train)  [3][3350/5001]  lr: 2.5000e-05  eta: 1 day, 8:12:19  time: 1.0895  data_time: 0.0032  memory: 7765  grad_norm: 58.6571  loss: 9.1885  rpn_s.0.loss_cls: 0.7138  rpn_s.0.loss_bbox: 0.1247  rpn_s.0.loss_giou: 0.8442  rpn_s.1.loss_cls: 0.5432  rpn_s.1.loss_bbox: 0.0570  rpn_s.1.loss_giou: 0.4577  rpn_s.2.loss_cls: 0.4768  rpn_s.2.loss_bbox: 0.0496  rpn_s.2.loss_giou: 0.4095  rpn_s.3.loss_cls: 0.4442  rpn_s.3.loss_bbox: 0.0482  rpn_s.3.loss_giou: 0.3935  s0.loss_cls: 0.4753  s0.pos_acc: 50.0000  s0.loss_bbox: 0.5544  s0.loss_iou: 1.2520  s1.loss_cls: 0.4779  s1.pos_acc: 50.0000  s1.loss_bbox: 0.5568  s1.loss_iou: 1.3095
2026/03/27 00:06:17 - mmengine - INFO - Epoch(train)  [3][3400/5001]  lr: 2.5000e-05  eta: 1 day, 8:11:30  time: 1.0992  data_time: 0.0033  memory: 7765  grad_norm: 54.5797  loss: 10.1805  rpn_s.0.loss_cls: 0.7194  rpn_s.0.loss_bbox: 0.1341  rpn_s.0.loss_giou: 0.8942  rpn_s.1.loss_cls: 0.5340  rpn_s.1.loss_bbox: 0.0575  rpn_s.1.loss_giou: 0.4756  rpn_s.2.loss_cls: 0.4679  rpn_s.2.loss_bbox: 0.0469  rpn_s.2.loss_giou: 0.4087  rpn_s.3.loss_cls: 0.4464  rpn_s.3.loss_bbox: 0.0429  rpn_s.3.loss_giou: 0.3802  s0.loss_cls: 0.5600  s0.pos_acc: 80.7692  s0.loss_bbox: 0.6257  s0.loss_iou: 1.5790  s1.loss_cls: 0.5677  s1.pos_acc: 90.3846  s1.loss_bbox: 0.6356  s1.loss_iou: 1.6048
2026/03/27 00:07:13 - mmengine - INFO - Epoch(train)  [3][3450/5001]  lr: 2.5000e-05  eta: 1 day, 8:10:42  time: 1.1033  data_time: 0.0034  memory: 7765  grad_norm: 55.6232  loss: 9.8324  rpn_s.0.loss_cls: 0.7087  rpn_s.0.loss_bbox: 0.1241  rpn_s.0.loss_giou: 0.9155  rpn_s.1.loss_cls: 0.5206  rpn_s.1.loss_bbox: 0.0579  rpn_s.1.loss_giou: 0.4851  rpn_s.2.loss_cls: 0.4576  rpn_s.2.loss_bbox: 0.0483  rpn_s.2.loss_giou: 0.4179  rpn_s.3.loss_cls: 0.4349  rpn_s.3.loss_bbox: 0.0431  rpn_s.3.loss_giou: 0.3925  s0.loss_cls: 0.5001  s0.pos_acc: 50.0000  s0.loss_bbox: 0.6125  s0.loss_iou: 1.4894  s1.loss_cls: 0.5046  s1.pos_acc: 50.0000  s1.loss_bbox: 0.6106  s1.loss_iou: 1.5089
2026/03/27 00:08:08 - mmengine - INFO - Epoch(train)  [3][3500/5001]  lr: 2.5000e-05  eta: 1 day, 8:09:56  time: 1.1075  data_time: 0.0033  memory: 7765  grad_norm: 51.6593  loss: 10.0540  rpn_s.0.loss_cls: 0.6939  rpn_s.0.loss_bbox: 0.1322  rpn_s.0.loss_giou: 0.9139  rpn_s.1.loss_cls: 0.5041  rpn_s.1.loss_bbox: 0.0614  rpn_s.1.loss_giou: 0.4842  rpn_s.2.loss_cls: 0.4494  rpn_s.2.loss_bbox: 0.0501  rpn_s.2.loss_giou: 0.4177  rpn_s.3.loss_cls: 0.4191  rpn_s.3.loss_bbox: 0.0452  rpn_s.3.loss_giou: 0.3910  s0.loss_cls: 0.5104  s0.pos_acc: 65.6863  s0.loss_bbox: 0.6810  s0.loss_iou: 1.5473  s1.loss_cls: 0.5060  s1.pos_acc: 67.4020  s1.loss_bbox: 0.6684  s1.loss_iou: 1.5788
2026/03/27 00:09:04 - mmengine - INFO - Epoch(train)  [3][3550/5001]  lr: 2.5000e-05  eta: 1 day, 8:09:15  time: 1.1224  data_time: 0.0032  memory: 7765  grad_norm: 55.2453  loss: 9.5658  rpn_s.0.loss_cls: 0.6706  rpn_s.0.loss_bbox: 0.1323  rpn_s.0.loss_giou: 0.8207  rpn_s.1.loss_cls: 0.4957  rpn_s.1.loss_bbox: 0.0613  rpn_s.1.loss_giou: 0.4454  rpn_s.2.loss_cls: 0.4431  rpn_s.2.loss_bbox: 0.0513  rpn_s.2.loss_giou: 0.3836  rpn_s.3.loss_cls: 0.4090  rpn_s.3.loss_bbox: 0.0478  rpn_s.3.loss_giou: 0.3601  s0.loss_cls: 0.5216  s0.pos_acc: 100.0000  s0.loss_bbox: 0.5758  s0.loss_iou: 1.5246  s1.loss_cls: 0.5367  s1.pos_acc: 87.5000  s1.loss_bbox: 0.5470  s1.loss_iou: 1.5391
2026/03/27 00:10:00 - mmengine - INFO - Epoch(train)  [3][3600/5001]  lr: 2.5000e-05  eta: 1 day, 8:08:37  time: 1.1276  data_time: 0.0032  memory: 7765  grad_norm: 57.5172  loss: 10.2449  rpn_s.0.loss_cls: 0.7098  rpn_s.0.loss_bbox: 0.1366  rpn_s.0.loss_giou: 0.8993  rpn_s.1.loss_cls: 0.5243  rpn_s.1.loss_bbox: 0.0656  rpn_s.1.loss_giou: 0.4838  rpn_s.2.loss_cls: 0.4581  rpn_s.2.loss_bbox: 0.0555  rpn_s.2.loss_giou: 0.4197  rpn_s.3.loss_cls: 0.4373  rpn_s.3.loss_bbox: 0.0512  rpn_s.3.loss_giou: 0.3956  s0.loss_cls: 0.5569  s0.pos_acc: 56.7901  s0.loss_bbox: 0.6850  s0.loss_iou: 1.5554  s1.loss_cls: 0.5616  s1.pos_acc: 61.7284  s1.loss_bbox: 0.6837  s1.loss_iou: 1.5653
2026/03/27 00:10:57 - mmengine - INFO - Epoch(train)  [3][3650/5001]  lr: 2.5000e-05  eta: 1 day, 8:07:57  time: 1.1235  data_time: 0.0031  memory: 7765  grad_norm: 51.3106  loss: 11.0972  rpn_s.0.loss_cls: 0.7070  rpn_s.0.loss_bbox: 0.1380  rpn_s.0.loss_giou: 0.9290  rpn_s.1.loss_cls: 0.5286  rpn_s.1.loss_bbox: 0.0667  rpn_s.1.loss_giou: 0.5228  rpn_s.2.loss_cls: 0.4801  rpn_s.2.loss_bbox: 0.0540  rpn_s.2.loss_giou: 0.4394  rpn_s.3.loss_cls: 0.4422  rpn_s.3.loss_bbox: 0.0498  rpn_s.3.loss_giou: 0.4146  s0.loss_cls: 0.6197  s0.pos_acc: 56.4103  s0.loss_bbox: 0.6518  s0.loss_iou: 1.8967  s1.loss_cls: 0.6273  s1.pos_acc: 65.0641  s1.loss_bbox: 0.6275  s1.loss_iou: 1.9019
2026/03/27 00:11:53 - mmengine - INFO - Epoch(train)  [3][3700/5001]  lr: 2.5000e-05  eta: 1 day, 8:07:16  time: 1.1236  data_time: 0.0032  memory: 7765  grad_norm: 57.7122  loss: 9.0633  rpn_s.0.loss_cls: 0.6972  rpn_s.0.loss_bbox: 0.1210  rpn_s.0.loss_giou: 0.7792  rpn_s.1.loss_cls: 0.5276  rpn_s.1.loss_bbox: 0.0644  rpn_s.1.loss_giou: 0.4506  rpn_s.2.loss_cls: 0.4652  rpn_s.2.loss_bbox: 0.0549  rpn_s.2.loss_giou: 0.3972  rpn_s.3.loss_cls: 0.4411  rpn_s.3.loss_bbox: 0.0521  rpn_s.3.loss_giou: 0.3788  s0.loss_cls: 0.4454  s0.pos_acc: 52.3810  s0.loss_bbox: 0.5711  s0.loss_iou: 1.2807  s1.loss_cls: 0.4519  s1.pos_acc: 61.9048  s1.loss_bbox: 0.5752  s1.loss_iou: 1.3097
2026/03/27 00:12:48 - mmengine - INFO - Epoch(train)  [3][3750/5001]  lr: 2.5000e-05  eta: 1 day, 8:06:30  time: 1.1098  data_time: 0.0031  memory: 7765  grad_norm: 57.9515  loss: 10.3445  rpn_s.0.loss_cls: 0.6758  rpn_s.0.loss_bbox: 0.1441  rpn_s.0.loss_giou: 0.8829  rpn_s.1.loss_cls: 0.5043  rpn_s.1.loss_bbox: 0.0639  rpn_s.1.loss_giou: 0.4565  rpn_s.2.loss_cls: 0.4465  rpn_s.2.loss_bbox: 0.0559  rpn_s.2.loss_giou: 0.4055  rpn_s.3.loss_cls: 0.4226  rpn_s.3.loss_bbox: 0.0493  rpn_s.3.loss_giou: 0.3866  s0.loss_cls: 0.5221  s0.pos_acc: 79.1667  s0.loss_bbox: 0.6868  s0.loss_iou: 1.7223  s1.loss_cls: 0.5118  s1.pos_acc: 75.8333  s1.loss_bbox: 0.6647  s1.loss_iou: 1.7428
2026/03/27 00:13:44 - mmengine - INFO - Epoch(train)  [3][3800/5001]  lr: 2.5000e-05  eta: 1 day, 8:05:42  time: 1.1042  data_time: 0.0032  memory: 7765  grad_norm: 55.0500  loss: 9.5035  rpn_s.0.loss_cls: 0.6958  rpn_s.0.loss_bbox: 0.1198  rpn_s.0.loss_giou: 0.8065  rpn_s.1.loss_cls: 0.5083  rpn_s.1.loss_bbox: 0.0588  rpn_s.1.loss_giou: 0.4295  rpn_s.2.loss_cls: 0.4471  rpn_s.2.loss_bbox: 0.0509  rpn_s.2.loss_giou: 0.3739  rpn_s.3.loss_cls: 0.4087  rpn_s.3.loss_bbox: 0.0483  rpn_s.3.loss_giou: 0.3634  s0.loss_cls: 0.4988  s0.pos_acc: 72.2222  s0.loss_bbox: 0.6421  s0.loss_iou: 1.4234  s1.loss_cls: 0.4936  s1.pos_acc: 69.4444  s1.loss_bbox: 0.6496  s1.loss_iou: 1.4851
2026/03/27 00:14:38 - mmengine - INFO - Epoch(train)  [3][3850/5001]  lr: 2.5000e-05  eta: 1 day, 8:04:51  time: 1.0961  data_time: 0.0032  memory: 7765  grad_norm: 54.2508  loss: 10.6484  rpn_s.0.loss_cls: 0.7271  rpn_s.0.loss_bbox: 0.1361  rpn_s.0.loss_giou: 0.9840  rpn_s.1.loss_cls: 0.5092  rpn_s.1.loss_bbox: 0.0616  rpn_s.1.loss_giou: 0.5250  rpn_s.2.loss_cls: 0.4503  rpn_s.2.loss_bbox: 0.0507  rpn_s.2.loss_giou: 0.4442  rpn_s.3.loss_cls: 0.4082  rpn_s.3.loss_bbox: 0.0477  rpn_s.3.loss_giou: 0.4236  s0.loss_cls: 0.5539  s0.pos_acc: 73.0769  s0.loss_bbox: 0.6834  s0.loss_iou: 1.6861  s1.loss_cls: 0.5529  s1.pos_acc: 76.9231  s1.loss_bbox: 0.7016  s1.loss_iou: 1.7027
2026/03/27 00:15:33 - mmengine - INFO - Epoch(train)  [3][3900/5001]  lr: 2.5000e-05  eta: 1 day, 8:03:59  time: 1.0939  data_time: 0.0032  memory: 7765  grad_norm: 55.4867  loss: 9.3572  rpn_s.0.loss_cls: 0.7011  rpn_s.0.loss_bbox: 0.1159  rpn_s.0.loss_giou: 0.8655  rpn_s.1.loss_cls: 0.5257  rpn_s.1.loss_bbox: 0.0527  rpn_s.1.loss_giou: 0.4719  rpn_s.2.loss_cls: 0.4619  rpn_s.2.loss_bbox: 0.0448  rpn_s.2.loss_giou: 0.4155  rpn_s.3.loss_cls: 0.4276  rpn_s.3.loss_bbox: 0.0413  rpn_s.3.loss_giou: 0.3891  s0.loss_cls: 0.4897  s0.pos_acc: 63.3333  s0.loss_bbox: 0.5243  s0.loss_iou: 1.3942  s1.loss_cls: 0.4817  s1.pos_acc: 73.3333  s1.loss_bbox: 0.5570  s1.loss_iou: 1.3973
2026/03/27 00:16:28 - mmengine - INFO - Epoch(train)  [3][3950/5001]  lr: 2.5000e-05  eta: 1 day, 8:03:11  time: 1.1035  data_time: 0.0032  memory: 7764  grad_norm: 54.9225  loss: 8.9602  rpn_s.0.loss_cls: 0.7152  rpn_s.0.loss_bbox: 0.1190  rpn_s.0.loss_giou: 0.8037  rpn_s.1.loss_cls: 0.5345  rpn_s.1.loss_bbox: 0.0586  rpn_s.1.loss_giou: 0.4489  rpn_s.2.loss_cls: 0.4795  rpn_s.2.loss_bbox: 0.0509  rpn_s.2.loss_giou: 0.3918  rpn_s.3.loss_cls: 0.4537  rpn_s.3.loss_bbox: 0.0479  rpn_s.3.loss_giou: 0.3693  s0.loss_cls: 0.4682  s0.pos_acc: 83.3333  s0.loss_bbox: 0.5256  s0.loss_iou: 1.2379  s1.loss_cls: 0.4770  s1.pos_acc: 75.0000  s1.loss_bbox: 0.5134  s1.loss_iou: 1.2650
2026/03/27 00:17:22 - mmengine - INFO - Exp name: GSDet_r50_b900_h2h4_h2r1_r2r1_2x_fair1m1.0_20260326_200141
2026/03/27 00:17:24 - mmengine - INFO - Epoch(train)  [3][4000/5001]  lr: 2.5000e-05  eta: 1 day, 8:02:25  time: 1.1120  data_time: 0.0033  memory: 7765  grad_norm: 55.5182  loss: 9.8099  rpn_s.0.loss_cls: 0.6599  rpn_s.0.loss_bbox: 0.1261  rpn_s.0.loss_giou: 0.8501  rpn_s.1.loss_cls: 0.5044  rpn_s.1.loss_bbox: 0.0636  rpn_s.1.loss_giou: 0.4878  rpn_s.2.loss_cls: 0.4528  rpn_s.2.loss_bbox: 0.0529  rpn_s.2.loss_giou: 0.4228  rpn_s.3.loss_cls: 0.4131  rpn_s.3.loss_bbox: 0.0493  rpn_s.3.loss_giou: 0.4020  s0.loss_cls: 0.5130  s0.pos_acc: 67.0455  s0.loss_bbox: 0.5859  s0.loss_iou: 1.5376  s1.loss_cls: 0.5234  s1.pos_acc: 65.9091  s1.loss_bbox: 0.5951  s1.loss_iou: 1.5700
2026/03/27 00:18:20 - mmengine - INFO - Epoch(train)  [3][4050/5001]  lr: 2.5000e-05  eta: 1 day, 8:01:43  time: 1.1197  data_time: 0.0032  memory: 7765  grad_norm: 53.4743  loss: 10.1823  rpn_s.0.loss_cls: 0.7288  rpn_s.0.loss_bbox: 0.1289  rpn_s.0.loss_giou: 0.9962  rpn_s.1.loss_cls: 0.5150  rpn_s.1.loss_bbox: 0.0575  rpn_s.1.loss_giou: 0.5051  rpn_s.2.loss_cls: 0.4584  rpn_s.2.loss_bbox: 0.0492  rpn_s.2.loss_giou: 0.4375  rpn_s.3.loss_cls: 0.4277  rpn_s.3.loss_bbox: 0.0453  rpn_s.3.loss_giou: 0.4137  s0.loss_cls: 0.5249  s0.pos_acc: 73.1959  s0.loss_bbox: 0.5941  s0.loss_iou: 1.5870  s1.loss_cls: 0.5170  s1.pos_acc: 76.8041  s1.loss_bbox: 0.5948  s1.loss_iou: 1.6013
2026/03/27 00:19:16 - mmengine - INFO - Epoch(train)  [3][4100/5001]  lr: 2.5000e-05  eta: 1 day, 8:01:00  time: 1.1190  data_time: 0.0032  memory: 7765  grad_norm: 59.9659  loss: 10.1041  rpn_s.0.loss_cls: 0.7222  rpn_s.0.loss_bbox: 0.1252  rpn_s.0.loss_giou: 0.8734  rpn_s.1.loss_cls: 0.5456  rpn_s.1.loss_bbox: 0.0566  rpn_s.1.loss_giou: 0.4612  rpn_s.2.loss_cls: 0.4940  rpn_s.2.loss_bbox: 0.0505  rpn_s.2.loss_giou: 0.4039  rpn_s.3.loss_cls: 0.4604  rpn_s.3.loss_bbox: 0.0470  rpn_s.3.loss_giou: 0.3817  s0.loss_cls: 0.5400  s0.pos_acc: 16.6667  s0.loss_bbox: 0.6136  s0.loss_iou: 1.5604  s1.loss_cls: 0.5538  s1.pos_acc: 25.0000  s1.loss_bbox: 0.6057  s1.loss_iou: 1.6090
2026/03/27 00:20:12 - mmengine - INFO - Epoch(train)  [3][4150/5001]  lr: 2.5000e-05  eta: 1 day, 8:00:20  time: 1.1266  data_time: 0.0032  memory: 7765  grad_norm: 53.8630  loss: 8.6299  rpn_s.0.loss_cls: 0.6913  rpn_s.0.loss_bbox: 0.1166  rpn_s.0.loss_giou: 0.7618  rpn_s.1.loss_cls: 0.4983  rpn_s.1.loss_bbox: 0.0583  rpn_s.1.loss_giou: 0.4244  rpn_s.2.loss_cls: 0.4506  rpn_s.2.loss_bbox: 0.0499  rpn_s.2.loss_giou: 0.3669  rpn_s.3.loss_cls: 0.4161  rpn_s.3.loss_bbox: 0.0462  rpn_s.3.loss_giou: 0.3459  s0.loss_cls: 0.4266  s0.pos_acc: 46.6667  s0.loss_bbox: 0.5126  s0.loss_iou: 1.2449  s1.loss_cls: 0.4279  s1.pos_acc: 43.3333  s1.loss_bbox: 0.5176  s1.loss_iou: 1.2741
2026/03/27 00:21:08 - mmengine - INFO - Epoch(train)  [3][4200/5001]  lr: 2.5000e-05  eta: 1 day, 7:59:37  time: 1.1184  data_time: 0.0033  memory: 7765  grad_norm: 57.1507  loss: 8.3410  rpn_s.0.loss_cls: 0.7095  rpn_s.0.loss_bbox: 0.1234  rpn_s.0.loss_giou: 0.7858  rpn_s.1.loss_cls: 0.5165  rpn_s.1.loss_bbox: 0.0612  rpn_s.1.loss_giou: 0.4306  rpn_s.2.loss_cls: 0.4498  rpn_s.2.loss_bbox: 0.0509  rpn_s.2.loss_giou: 0.3742  rpn_s.3.loss_cls: 0.4215  rpn_s.3.loss_bbox: 0.0492  rpn_s.3.loss_giou: 0.3614  s0.loss_cls: 0.4188  s0.pos_acc: 83.3333  s0.loss_bbox: 0.4752  s0.loss_iou: 1.0753  s1.loss_cls: 0.4488  s1.pos_acc: 75.0000  s1.loss_bbox: 0.4634  s1.loss_iou: 1.1256
2026/03/27 00:22:04 - mmengine - INFO - Epoch(train)  [3][4250/5001]  lr: 2.5000e-05  eta: 1 day, 7:58:51  time: 1.1110  data_time: 0.0033  memory: 7765  grad_norm: 58.5387  loss: 9.5828  rpn_s.0.loss_cls: 0.6916  rpn_s.0.loss_bbox: 0.1266  rpn_s.0.loss_giou: 0.8448  rpn_s.1.loss_cls: 0.5213  rpn_s.1.loss_bbox: 0.0612  rpn_s.1.loss_giou: 0.4741  rpn_s.2.loss_cls: 0.4485  rpn_s.2.loss_bbox: 0.0522  rpn_s.2.loss_giou: 0.4166  rpn_s.3.loss_cls: 0.4135  rpn_s.3.loss_bbox: 0.0502  rpn_s.3.loss_giou: 0.4039  s0.loss_cls: 0.4617  s0.pos_acc: 76.4706  s0.loss_bbox: 0.5874  s0.loss_iou: 1.4784  s1.loss_cls: 0.4654  s1.pos_acc: 76.4706  s1.loss_bbox: 0.6037  s1.loss_iou: 1.4817
2026/03/27 00:22:59 - mmengine - INFO - Epoch(train)  [3][4300/5001]  lr: 2.5000e-05  eta: 1 day, 7:58:01  time: 1.1011  data_time: 0.0032  memory: 7764  grad_norm: 61.2363  loss: 9.4408  rpn_s.0.loss_cls: 0.7001  rpn_s.0.loss_bbox: 0.1077  rpn_s.0.loss_giou: 0.7854  rpn_s.1.loss_cls: 0.5191  rpn_s.1.loss_bbox: 0.0559  rpn_s.1.loss_giou: 0.4424  rpn_s.2.loss_cls: 0.4667  rpn_s.2.loss_bbox: 0.0497  rpn_s.2.loss_giou: 0.3896  rpn_s.3.loss_cls: 0.4338  rpn_s.3.loss_bbox: 0.0448  rpn_s.3.loss_giou: 0.3656  s0.loss_cls: 0.5311  s0.pos_acc: 50.0000  s0.loss_bbox: 0.6011  s0.loss_iou: 1.3864  s1.loss_cls: 0.5300  s1.pos_acc: 50.0000  s1.loss_bbox: 0.6089  s1.loss_iou: 1.4222
2026/03/27 00:23:54 - mmengine - INFO - Epoch(train)  [3][4350/5001]  lr: 2.5000e-05  eta: 1 day, 7:57:11  time: 1.0997  data_time: 0.0032  memory: 7765  grad_norm: 53.0209  loss: 11.4630  rpn_s.0.loss_cls: 0.7100  rpn_s.0.loss_bbox: 0.1352  rpn_s.0.loss_giou: 0.9625  rpn_s.1.loss_cls: 0.5245  rpn_s.1.loss_bbox: 0.0592  rpn_s.1.loss_giou: 0.5139  rpn_s.2.loss_cls: 0.4721  rpn_s.2.loss_bbox: 0.0498  rpn_s.2.loss_giou: 0.4431  rpn_s.3.loss_cls: 0.4490  rpn_s.3.loss_bbox: 0.0468  rpn_s.3.loss_giou: 0.4212  s0.loss_cls: 0.6098  s0.pos_acc: 76.8116  s0.loss_bbox: 0.7414  s0.loss_iou: 1.9585  s1.loss_cls: 0.6012  s1.pos_acc: 74.6377  s1.loss_bbox: 0.7817  s1.loss_iou: 1.9833
2026/03/27 00:24:48 - mmengine - INFO - Epoch(train)  [3][4400/5001]  lr: 2.5000e-05  eta: 1 day, 7:56:19  time: 1.0960  data_time: 0.0033  memory: 7765  grad_norm: 52.4429  loss: 9.5605  rpn_s.0.loss_cls: 0.7264  rpn_s.0.loss_bbox: 0.1161  rpn_s.0.loss_giou: 0.8857  rpn_s.1.loss_cls: 0.5358  rpn_s.1.loss_bbox: 0.0535  rpn_s.1.loss_giou: 0.4718  rpn_s.2.loss_cls: 0.4653  rpn_s.2.loss_bbox: 0.0461  rpn_s.2.loss_giou: 0.4145  rpn_s.3.loss_cls: 0.4344  rpn_s.3.loss_bbox: 0.0431  rpn_s.3.loss_giou: 0.3962  s0.loss_cls: 0.5008  s0.pos_acc: 33.3333  s0.loss_bbox: 0.5741  s0.loss_iou: 1.3661  s1.loss_cls: 0.5196  s1.pos_acc: 33.3333  s1.loss_bbox: 0.6032  s1.loss_iou: 1.4079
2026/03/27 00:25:44 - mmengine - INFO - Epoch(train)  [3][4450/5001]  lr: 2.5000e-05  eta: 1 day, 7:55:32  time: 1.1078  data_time: 0.0033  memory: 7765  grad_norm: 56.8672  loss: 10.0743  rpn_s.0.loss_cls: 0.7109  rpn_s.0.loss_bbox: 0.1300  rpn_s.0.loss_giou: 0.8496  rpn_s.1.loss_cls: 0.5390  rpn_s.1.loss_bbox: 0.0636  rpn_s.1.loss_giou: 0.4665  rpn_s.2.loss_cls: 0.4913  rpn_s.2.loss_bbox: 0.0559  rpn_s.2.loss_giou: 0.4091  rpn_s.3.loss_cls: 0.4466  rpn_s.3.loss_bbox: 0.0512  rpn_s.3.loss_giou: 0.3866  s0.loss_cls: 0.5344  s0.pos_acc: 69.2308  s0.loss_bbox: 0.5849  s0.loss_iou: 1.5998  s1.loss_cls: 0.5501  s1.pos_acc: 71.1538  s1.loss_bbox: 0.5947  s1.loss_iou: 1.6101
2026/03/27 00:26:39 - mmengine - INFO - Epoch(train)  [3][4500/5001]  lr: 2.5000e-05  eta: 1 day, 7:54:46  time: 1.1116  data_time: 0.0033  memory: 7764  grad_norm: 54.6655  loss: 8.9434  rpn_s.0.loss_cls: 0.6940  rpn_s.0.loss_bbox: 0.1270  rpn_s.0.loss_giou: 0.8495  rpn_s.1.loss_cls: 0.4974  rpn_s.1.loss_bbox: 0.0580  rpn_s.1.loss_giou: 0.4527  rpn_s.2.loss_cls: 0.4355  rpn_s.2.loss_bbox: 0.0478  rpn_s.2.loss_giou: 0.3848  rpn_s.3.loss_cls: 0.4083  rpn_s.3.loss_bbox: 0.0448  rpn_s.3.loss_giou: 0.3633  s0.loss_cls: 0.4514  s0.pos_acc: 75.0000  s0.loss_bbox: 0.5159  s0.loss_iou: 1.2916  s1.loss_cls: 0.4582  s1.pos_acc: 75.0000  s1.loss_bbox: 0.5438  s1.loss_iou: 1.3192
2026/03/27 00:27:35 - mmengine - INFO - Epoch(train)  [3][4550/5001]  lr: 2.5000e-05  eta: 1 day, 7:54:03  time: 1.1216  data_time: 0.0031  memory: 7765  grad_norm: 58.2626  loss: 10.6487  rpn_s.0.loss_cls: 0.7398  rpn_s.0.loss_bbox: 0.1390  rpn_s.0.loss_giou: 0.9279  rpn_s.1.loss_cls: 0.5530  rpn_s.1.loss_bbox: 0.0617  rpn_s.1.loss_giou: 0.4786  rpn_s.2.loss_cls: 0.4996  rpn_s.2.loss_bbox: 0.0521  rpn_s.2.loss_giou: 0.4168  rpn_s.3.loss_cls: 0.4682  rpn_s.3.loss_bbox: 0.0498  rpn_s.3.loss_giou: 0.3998  s0.loss_cls: 0.5349  s0.pos_acc: 67.0455  s0.loss_bbox: 0.6668  s0.loss_iou: 1.7076  s1.loss_cls: 0.5451  s1.pos_acc: 59.0909  s1.loss_bbox: 0.7004  s1.loss_iou: 1.7078
2026/03/27 00:28:31 - mmengine - INFO - Epoch(train)  [3][4600/5001]  lr: 2.5000e-05  eta: 1 day, 7:53:19  time: 1.1187  data_time: 0.0033  memory: 7765  grad_norm: 53.8224  loss: 10.0050  rpn_s.0.loss_cls: 0.6995  rpn_s.0.loss_bbox: 0.1249  rpn_s.0.loss_giou: 0.8659  rpn_s.1.loss_cls: 0.5187  rpn_s.1.loss_bbox: 0.0577  rpn_s.1.loss_giou: 0.4622  rpn_s.2.loss_cls: 0.4592  rpn_s.2.loss_bbox: 0.0513  rpn_s.2.loss_giou: 0.4068  rpn_s.3.loss_cls: 0.4349  rpn_s.3.loss_bbox: 0.0473  rpn_s.3.loss_giou: 0.3825  s0.loss_cls: 0.5337  s0.pos_acc: 68.5185  s0.loss_bbox: 0.6253  s0.loss_iou: 1.5714  s1.loss_cls: 0.5455  s1.pos_acc: 70.3704  s1.loss_bbox: 0.6392  s1.loss_iou: 1.5790
2026/03/27 00:29:28 - mmengine - INFO - Epoch(train)  [3][4650/5001]  lr: 2.5000e-05  eta: 1 day, 7:52:38  time: 1.1261  data_time: 0.0032  memory: 7765  grad_norm: 52.0728  loss: 9.6303  rpn_s.0.loss_cls: 0.7113  rpn_s.0.loss_bbox: 0.1243  rpn_s.0.loss_giou: 0.8330  rpn_s.1.loss_cls: 0.5257  rpn_s.1.loss_bbox: 0.0592  rpn_s.1.loss_giou: 0.4495  rpn_s.2.loss_cls: 0.4716  rpn_s.2.loss_bbox: 0.0522  rpn_s.2.loss_giou: 0.3934  rpn_s.3.loss_cls: 0.4268  rpn_s.3.loss_bbox: 0.0487  rpn_s.3.loss_giou: 0.3720  s0.loss_cls: 0.4784  s0.pos_acc: 64.2132  s0.loss_bbox: 0.6211  s0.loss_iou: 1.4493  s1.loss_cls: 0.4899  s1.pos_acc: 62.4365  s1.loss_bbox: 0.6329  s1.loss_iou: 1.4911
2026/03/27 00:30:24 - mmengine - INFO - Epoch(train)  [3][4700/5001]  lr: 2.5000e-05  eta: 1 day, 7:51:59  time: 1.1303  data_time: 0.0031  memory: 7765  grad_norm: 56.4200  loss: 9.9197  rpn_s.0.loss_cls: 0.6994  rpn_s.0.loss_bbox: 0.1289  rpn_s.0.loss_giou: 0.8767  rpn_s.1.loss_cls: 0.5092  rpn_s.1.loss_bbox: 0.0579  rpn_s.1.loss_giou: 0.4647  rpn_s.2.loss_cls: 0.4444  rpn_s.2.loss_bbox: 0.0503  rpn_s.2.loss_giou: 0.4110  rpn_s.3.loss_cls: 0.4127  rpn_s.3.loss_bbox: 0.0462  rpn_s.3.loss_giou: 0.3881  s0.loss_cls: 0.5192  s0.pos_acc: 65.4762  s0.loss_bbox: 0.6222  s0.loss_iou: 1.5387  s1.loss_cls: 0.5209  s1.pos_acc: 66.6667  s1.loss_bbox: 0.6468  s1.loss_iou: 1.5824
2026/03/27 00:31:20 - mmengine - INFO - Epoch(train)  [3][4750/5001]  lr: 2.5000e-05  eta: 1 day, 7:51:13  time: 1.1129  data_time: 0.0033  memory: 7765  grad_norm: 54.7341  loss: 11.5427  rpn_s.0.loss_cls: 0.7176  rpn_s.0.loss_bbox: 0.1419  rpn_s.0.loss_giou: 1.0508  rpn_s.1.loss_cls: 0.5237  rpn_s.1.loss_bbox: 0.0603  rpn_s.1.loss_giou: 0.5318  rpn_s.2.loss_cls: 0.4674  rpn_s.2.loss_bbox: 0.0493  rpn_s.2.loss_giou: 0.4597  rpn_s.3.loss_cls: 0.4372  rpn_s.3.loss_bbox: 0.0482  rpn_s.3.loss_giou: 0.4415  s0.loss_cls: 0.6183  s0.pos_acc: 83.3333  s0.loss_bbox: 0.7115  s0.loss_iou: 1.9260  s1.loss_cls: 0.6300  s1.pos_acc: 100.0000  s1.loss_bbox: 0.7463  s1.loss_iou: 1.9813
2026/03/27 00:32:15 - mmengine - INFO - Epoch(train)  [3][4800/5001]  lr: 2.5000e-05  eta: 1 day, 7:50:25  time: 1.1092  data_time: 0.0032  memory: 7765  grad_norm: 65.2215  loss: 8.9749  rpn_s.0.loss_cls: 0.6759  rpn_s.0.loss_bbox: 0.1112  rpn_s.0.loss_giou: 0.7972  rpn_s.1.loss_cls: 0.5022  rpn_s.1.loss_bbox: 0.0509  rpn_s.1.loss_giou: 0.4324  rpn_s.2.loss_cls: 0.4406  rpn_s.2.loss_bbox: 0.0447  rpn_s.2.loss_giou: 0.3776  rpn_s.3.loss_cls: 0.4034  rpn_s.3.loss_bbox: 0.0412  rpn_s.3.loss_giou: 0.3631  s0.loss_cls: 0.4672  s0.pos_acc: 66.6667  s0.loss_bbox: 0.6005  s0.loss_iou: 1.2659  s1.loss_cls: 0.4867  s1.pos_acc: 66.6667  s1.loss_bbox: 0.5970  s1.loss_iou: 1.3170
2026/03/27 00:33:11 - mmengine - INFO - Epoch(train)  [3][4850/5001]  lr: 2.5000e-05  eta: 1 day, 7:49:36  time: 1.1053  data_time: 0.0032  memory: 7765  grad_norm: 56.6936  loss: 10.7008  rpn_s.0.loss_cls: 0.7120  rpn_s.0.loss_bbox: 0.1282  rpn_s.0.loss_giou: 0.9486  rpn_s.1.loss_cls: 0.5114  rpn_s.1.loss_bbox: 0.0623  rpn_s.1.loss_giou: 0.5052  rpn_s.2.loss_cls: 0.4500  rpn_s.2.loss_bbox: 0.0523  rpn_s.2.loss_giou: 0.4293  rpn_s.3.loss_cls: 0.4248  rpn_s.3.loss_bbox: 0.0489  rpn_s.3.loss_giou: 0.4098  s0.loss_cls: 0.5584  s0.pos_acc: 50.0000  s0.loss_bbox: 0.6667  s0.loss_iou: 1.7500  s1.loss_cls: 0.5459  s1.pos_acc: 50.0000  s1.loss_bbox: 0.6956  s1.loss_iou: 1.8013
2026/03/27 00:34:06 - mmengine - INFO - Epoch(train)  [3][4900/5001]  lr: 2.5000e-05  eta: 1 day, 7:48:47  time: 1.1036  data_time: 0.0032  memory: 7765  grad_norm: 56.8601  loss: 11.1947  rpn_s.0.loss_cls: 0.7084  rpn_s.0.loss_bbox: 0.1405  rpn_s.0.loss_giou: 0.9867  rpn_s.1.loss_cls: 0.5241  rpn_s.1.loss_bbox: 0.0621  rpn_s.1.loss_giou: 0.5165  rpn_s.2.loss_cls: 0.4703  rpn_s.2.loss_bbox: 0.0510  rpn_s.2.loss_giou: 0.4413  rpn_s.3.loss_cls: 0.4450  rpn_s.3.loss_bbox: 0.0490  rpn_s.3.loss_giou: 0.4183  s0.loss_cls: 0.5740  s0.pos_acc: 62.7660  s0.loss_bbox: 0.7121  s0.loss_iou: 1.8772  s1.loss_cls: 0.5938  s1.pos_acc: 71.2766  s1.loss_bbox: 0.7312  s1.loss_iou: 1.8930
2026/03/27 00:35:01 - mmengine - INFO - Epoch(train)  [3][4950/5001]  lr: 2.5000e-05  eta: 1 day, 7:47:59  time: 1.1082  data_time: 0.0032  memory: 7765  grad_norm: 59.7250  loss: 10.0705  rpn_s.0.loss_cls: 0.7147  rpn_s.0.loss_bbox: 0.1232  rpn_s.0.loss_giou: 0.9171  rpn_s.1.loss_cls: 0.5222  rpn_s.1.loss_bbox: 0.0544  rpn_s.1.loss_giou: 0.4845  rpn_s.2.loss_cls: 0.4627  rpn_s.2.loss_bbox: 0.0445  rpn_s.2.loss_giou: 0.4157  rpn_s.3.loss_cls: 0.4349  rpn_s.3.loss_bbox: 0.0413  rpn_s.3.loss_giou: 0.3939  s0.loss_cls: 0.5236  s0.pos_acc: 91.6667  s0.loss_bbox: 0.6684  s0.loss_iou: 1.5086  s1.loss_cls: 0.5210  s1.pos_acc: 87.5000  s1.loss_bbox: 0.6785  s1.loss_iou: 1.5613
2026/03/27 00:35:54 - mmengine - INFO - Exp name: GSDet_r50_b900_h2h4_h2r1_r2r1_2x_fair1m1.0_20260326_200141
2026/03/27 00:35:56 - mmengine - INFO - Epoch(train)  [3][5000/5001]  lr: 2.5000e-05  eta: 1 day, 7:47:09  time: 1.1015  data_time: 0.0032  memory: 7765  grad_norm: 57.9399  loss: 10.1906  rpn_s.0.loss_cls: 0.6902  rpn_s.0.loss_bbox: 0.1262  rpn_s.0.loss_giou: 0.9009  rpn_s.1.loss_cls: 0.4943  rpn_s.1.loss_bbox: 0.0573  rpn_s.1.loss_giou: 0.4716  rpn_s.2.loss_cls: 0.4434  rpn_s.2.loss_bbox: 0.0482  rpn_s.2.loss_giou: 0.4114  rpn_s.3.loss_cls: 0.4180  rpn_s.3.loss_bbox: 0.0443  rpn_s.3.loss_giou: 0.3844  s0.loss_cls: 0.5335  s0.pos_acc: 100.0000  s0.loss_bbox: 0.6595  s0.loss_iou: 1.6371  s1.loss_cls: 0.5334  s1.pos_acc: 100.0000  s1.loss_bbox: 0.6719  s1.loss_iou: 1.6651
2026/03/27 00:35:57 - mmengine - INFO - Exp name: GSDet_r50_b900_h2h4_h2r1_r2r1_2x_fair1m1.0_20260326_200141
2026/03/27 00:35:57 - mmengine - INFO - Saving checkpoint at 3 epochs
2026/03/27 00:36:55 - mmengine - INFO - Epoch(train)  [4][  50/5001]  lr: 2.5000e-05  eta: 1 day, 7:46:20  time: 1.1082  data_time: 0.0046  memory: 7765  grad_norm: 55.4532  loss: 10.1243  rpn_s.0.loss_cls: 0.6741  rpn_s.0.loss_bbox: 0.1331  rpn_s.0.loss_giou: 0.9224  rpn_s.1.loss_cls: 0.5152  rpn_s.1.loss_bbox: 0.0596  rpn_s.1.loss_giou: 0.4878  rpn_s.2.loss_cls: 0.4480  rpn_s.2.loss_bbox: 0.0499  rpn_s.2.loss_giou: 0.4207  rpn_s.3.loss_cls: 0.4134  rpn_s.3.loss_bbox: 0.0469  rpn_s.3.loss_giou: 0.4024  s0.loss_cls: 0.5202  s0.pos_acc: 55.0000  s0.loss_bbox: 0.6300  s0.loss_iou: 1.6101  s1.loss_cls: 0.5058  s1.pos_acc: 56.2500  s1.loss_bbox: 0.6433  s1.loss_iou: 1.6415
2026/03/27 00:37:52 - mmengine - INFO - Epoch(train)  [4][ 100/5001]  lr: 2.5000e-05  eta: 1 day, 7:45:37  time: 1.1236  data_time: 0.0033  memory: 7765  grad_norm: 54.9025  loss: 11.0674  rpn_s.0.loss_cls: 0.7142  rpn_s.0.loss_bbox: 0.1301  rpn_s.0.loss_giou: 0.9573  rpn_s.1.loss_cls: 0.5225  rpn_s.1.loss_bbox: 0.0550  rpn_s.1.loss_giou: 0.5079  rpn_s.2.loss_cls: 0.4681  rpn_s.2.loss_bbox: 0.0457  rpn_s.2.loss_giou: 0.4307  rpn_s.3.loss_cls: 0.4397  rpn_s.3.loss_bbox: 0.0428  rpn_s.3.loss_giou: 0.4120  s0.loss_cls: 0.6285  s0.pos_acc: 64.0625  s0.loss_bbox: 0.6829  s0.loss_iou: 1.8491  s1.loss_cls: 0.6212  s1.pos_acc: 64.0625  s1.loss_bbox: 0.6908  s1.loss_iou: 1.8690
2026/03/27 00:38:48 - mmengine - INFO - Epoch(train)  [4][ 150/5001]  lr: 2.5000e-05  eta: 1 day, 7:44:55  time: 1.1257  data_time: 0.0034  memory: 7765  grad_norm: 53.7607  loss: 9.6055  rpn_s.0.loss_cls: 0.7056  rpn_s.0.loss_bbox: 0.1236  rpn_s.0.loss_giou: 0.9300  rpn_s.1.loss_cls: 0.4977  rpn_s.1.loss_bbox: 0.0507  rpn_s.1.loss_giou: 0.4833  rpn_s.2.loss_cls: 0.4327  rpn_s.2.loss_bbox: 0.0434  rpn_s.2.loss_giou: 0.4173  rpn_s.3.loss_cls: 0.3974  rpn_s.3.loss_bbox: 0.0392  rpn_s.3.loss_giou: 0.3905  s0.loss_cls: 0.4800  s0.pos_acc: 80.0000  s0.loss_bbox: 0.5687  s0.loss_iou: 1.4622  s1.loss_cls: 0.4886  s1.pos_acc: 80.0000  s1.loss_bbox: 0.6073  s1.loss_iou: 1.4874
2026/03/27 00:39:44 - mmengine - INFO - Epoch(train)  [4][ 200/5001]  lr: 2.5000e-05  eta: 1 day, 7:44:13  time: 1.1255  data_time: 0.0035  memory: 7764  grad_norm: 56.4686  loss: 9.4480  rpn_s.0.loss_cls: 0.7187  rpn_s.0.loss_bbox: 0.1290  rpn_s.0.loss_giou: 0.8760  rpn_s.1.loss_cls: 0.5104  rpn_s.1.loss_bbox: 0.0605  rpn_s.1.loss_giou: 0.4760  rpn_s.2.loss_cls: 0.4460  rpn_s.2.loss_bbox: 0.0536  rpn_s.2.loss_giou: 0.4240  rpn_s.3.loss_cls: 0.4178  rpn_s.3.loss_bbox: 0.0489  rpn_s.3.loss_giou: 0.3933  s0.loss_cls: 0.4786  s0.pos_acc: 62.9412  s0.loss_bbox: 0.5694  s0.loss_iou: 1.3813  s1.loss_cls: 0.4854  s1.pos_acc: 54.7059  s1.loss_bbox: 0.5900  s1.loss_iou: 1.3890
2026/03/27 00:40:40 - mmengine - INFO - Epoch(train)  [4][ 250/5001]  lr: 2.5000e-05  eta: 1 day, 7:43:27  time: 1.1152  data_time: 0.0034  memory: 7765  grad_norm: 59.6690  loss: 10.2317  rpn_s.0.loss_cls: 0.7085  rpn_s.0.loss_bbox: 0.1211  rpn_s.0.loss_giou: 0.8500  rpn_s.1.loss_cls: 0.5268  rpn_s.1.loss_bbox: 0.0522  rpn_s.1.loss_giou: 0.4491  rpn_s.2.loss_cls: 0.4637  rpn_s.2.loss_bbox: 0.0439  rpn_s.2.loss_giou: 0.3885  rpn_s.3.loss_cls: 0.4176  rpn_s.3.loss_bbox: 0.0413  rpn_s.3.loss_giou: 0.3692  s0.loss_cls: 0.5925  s0.pos_acc: 58.3333  s0.loss_bbox: 0.7278  s0.loss_iou: 1.5667  s1.loss_cls: 0.5887  s1.pos_acc: 62.5000  s1.loss_bbox: 0.7287  s1.loss_iou: 1.5953
2026/03/27 00:41:35 - mmengine - INFO - Epoch(train)  [4][ 300/5001]  lr: 2.5000e-05  eta: 1 day, 7:42:39  time: 1.1082  data_time: 0.0034  memory: 7765  grad_norm: 53.0394  loss: 10.1028  rpn_s.0.loss_cls: 0.7266  rpn_s.0.loss_bbox: 0.1277  rpn_s.0.loss_giou: 0.9862  rpn_s.1.loss_cls: 0.5199  rpn_s.1.loss_bbox: 0.0509  rpn_s.1.loss_giou: 0.4941  rpn_s.2.loss_cls: 0.4603  rpn_s.2.loss_bbox: 0.0418  rpn_s.2.loss_giou: 0.4228  rpn_s.3.loss_cls: 0.4405  rpn_s.3.loss_bbox: 0.0383  rpn_s.3.loss_giou: 0.3973  s0.loss_cls: 0.5358  s0.pos_acc: 50.0000  s0.loss_bbox: 0.6401  s0.loss_iou: 1.5244  s1.loss_cls: 0.5313  s1.pos_acc: 64.2857  s1.loss_bbox: 0.6421  s1.loss_iou: 1.5227
2026/03/27 00:42:30 - mmengine - INFO - Epoch(train)  [4][ 350/5001]  lr: 2.5000e-05  eta: 1 day, 7:41:48  time: 1.1017  data_time: 0.0032  memory: 7765  grad_norm: 59.4659  loss: 8.7351  rpn_s.0.loss_cls: 0.6844  rpn_s.0.loss_bbox: 0.1162  rpn_s.0.loss_giou: 0.7621  rpn_s.1.loss_cls: 0.5186  rpn_s.1.loss_bbox: 0.0572  rpn_s.1.loss_giou: 0.4217  rpn_s.2.loss_cls: 0.4499  rpn_s.2.loss_bbox: 0.0500  rpn_s.2.loss_giou: 0.3722  rpn_s.3.loss_cls: 0.4174  rpn_s.3.loss_bbox: 0.0483  rpn_s.3.loss_giou: 0.3597  s0.loss_cls: 0.4908  s0.pos_acc: 71.4286  s0.loss_bbox: 0.5241  s0.loss_iou: 1.1944  s1.loss_cls: 0.5141  s1.pos_acc: 71.4286  s1.loss_bbox: 0.5128  s1.loss_iou: 1.2413
2026/03/27 00:43:25 - mmengine - INFO - Epoch(train)  [4][ 400/5001]  lr: 2.5000e-05  eta: 1 day, 7:40:57  time: 1.1011  data_time: 0.0032  memory: 7765  grad_norm: 54.3055  loss: 9.3869  rpn_s.0.loss_cls: 0.7116  rpn_s.0.loss_bbox: 0.1222  rpn_s.0.loss_giou: 0.8983  rpn_s.1.loss_cls: 0.5135  rpn_s.1.loss_bbox: 0.0529  rpn_s.1.loss_giou: 0.4649  rpn_s.2.loss_cls: 0.4566  rpn_s.2.loss_bbox: 0.0438  rpn_s.2.loss_giou: 0.4027  rpn_s.3.loss_cls: 0.4255  rpn_s.3.loss_bbox: 0.0413  rpn_s.3.loss_giou: 0.3832  s0.loss_cls: 0.4977  s0.pos_acc: 79.7297  s0.loss_bbox: 0.5156  s0.loss_iou: 1.4119  s1.loss_cls: 0.5074  s1.pos_acc: 83.7838  s1.loss_bbox: 0.4992  s1.loss_iou: 1.4386
2026/03/27 00:44:21 - mmengine - INFO - Epoch(train)  [4][ 450/5001]  lr: 2.5000e-05  eta: 1 day, 7:40:07  time: 1.1025  data_time: 0.0032  memory: 7765  grad_norm: 53.4980  loss: 10.5319  rpn_s.0.loss_cls: 0.7273  rpn_s.0.loss_bbox: 0.1376  rpn_s.0.loss_giou: 0.9395  rpn_s.1.loss_cls: 0.5343  rpn_s.1.loss_bbox: 0.0644  rpn_s.1.loss_giou: 0.5148  rpn_s.2.loss_cls: 0.4851  rpn_s.2.loss_bbox: 0.0547  rpn_s.2.loss_giou: 0.4473  rpn_s.3.loss_cls: 0.4508  rpn_s.3.loss_bbox: 0.0489  rpn_s.3.loss_giou: 0.4249  s0.loss_cls: 0.5510  s0.pos_acc: 69.0476  s0.loss_bbox: 0.6373  s0.loss_iou: 1.6487  s1.loss_cls: 0.5393  s1.pos_acc: 69.0476  s1.loss_bbox: 0.6489  s1.loss_iou: 1.6769
2026/03/27 00:45:15 - mmengine - INFO - Epoch(train)  [4][ 500/5001]  lr: 2.5000e-05  eta: 1 day, 7:39:15  time: 1.0987  data_time: 0.0033  memory: 7765  grad_norm: 58.9072  loss: 9.9371  rpn_s.0.loss_cls: 0.6902  rpn_s.0.loss_bbox: 0.1260  rpn_s.0.loss_giou: 0.9273  rpn_s.1.loss_cls: 0.4981  rpn_s.1.loss_bbox: 0.0536  rpn_s.1.loss_giou: 0.4850  rpn_s.2.loss_cls: 0.4369  rpn_s.2.loss_bbox: 0.0456  rpn_s.2.loss_giou: 0.4180  rpn_s.3.loss_cls: 0.4006  rpn_s.3.loss_bbox: 0.0417  rpn_s.3.loss_giou: 0.3974  s0.loss_cls: 0.5067  s0.pos_acc: 66.4062  s0.loss_bbox: 0.6430  s0.loss_iou: 1.5520  s1.loss_cls: 0.4977  s1.pos_acc: 74.2188  s1.loss_bbox: 0.6246  s1.loss_iou: 1.5928
2026/03/27 00:46:11 - mmengine - INFO - Epoch(train)  [4][ 550/5001]  lr: 2.5000e-05  eta: 1 day, 7:38:27  time: 1.1072  data_time: 0.0032  memory: 7765  grad_norm: 51.0242  loss: 10.3471  rpn_s.0.loss_cls: 0.6556  rpn_s.0.loss_bbox: 0.1281  rpn_s.0.loss_giou: 0.9234  rpn_s.1.loss_cls: 0.4665  rpn_s.1.loss_bbox: 0.0556  rpn_s.1.loss_giou: 0.4804  rpn_s.2.loss_cls: 0.4201  rpn_s.2.loss_bbox: 0.0461  rpn_s.2.loss_giou: 0.4104  rpn_s.3.loss_cls: 0.3863  rpn_s.3.loss_bbox: 0.0417  rpn_s.3.loss_giou: 0.3836  s0.loss_cls: 0.5223  s0.pos_acc: 62.7451  s0.loss_bbox: 0.6402  s0.loss_iou: 1.7669  s1.loss_cls: 0.5105  s1.pos_acc: 62.2549  s1.loss_bbox: 0.7238  s1.loss_iou: 1.7857
2026/03/27 00:47:07 - mmengine - INFO - Epoch(train)  [4][ 600/5001]  lr: 2.5000e-05  eta: 1 day, 7:37:43  time: 1.1238  data_time: 0.0033  memory: 7765  grad_norm: 51.3584  loss: 10.2475  rpn_s.0.loss_cls: 0.6790  rpn_s.0.loss_bbox: 0.1438  rpn_s.0.loss_giou: 0.9209  rpn_s.1.loss_cls: 0.4862  rpn_s.1.loss_bbox: 0.0645  rpn_s.1.loss_giou: 0.4856  rpn_s.2.loss_cls: 0.4196  rpn_s.2.loss_bbox: 0.0531  rpn_s.2.loss_giou: 0.4113  rpn_s.3.loss_cls: 0.3859  rpn_s.3.loss_bbox: 0.0495  rpn_s.3.loss_giou: 0.3850  s0.loss_cls: 0.5053  s0.pos_acc: 62.5000  s0.loss_bbox: 0.6532  s0.loss_iou: 1.6994  s1.loss_cls: 0.5149  s1.pos_acc: 58.3333  s1.loss_bbox: 0.6802  s1.loss_iou: 1.7101
2026/03/27 00:48:03 - mmengine - INFO - Epoch(train)  [4][ 650/5001]  lr: 2.5000e-05  eta: 1 day, 7:37:00  time: 1.1248  data_time: 0.0033  memory: 7765  grad_norm: 52.9867  loss: 9.2090  rpn_s.0.loss_cls: 0.6600  rpn_s.0.loss_bbox: 0.1347  rpn_s.0.loss_giou: 0.8407  rpn_s.1.loss_cls: 0.4880  rpn_s.1.loss_bbox: 0.0610  rpn_s.1.loss_giou: 0.4531  rpn_s.2.loss_cls: 0.4326  rpn_s.2.loss_bbox: 0.0497  rpn_s.2.loss_giou: 0.3894  rpn_s.3.loss_cls: 0.4067  rpn_s.3.loss_bbox: 0.0464  rpn_s.3.loss_giou: 0.3693  s0.loss_cls: 0.4881  s0.pos_acc: 83.3333  s0.loss_bbox: 0.5759  s0.loss_iou: 1.3555  s1.loss_cls: 0.4706  s1.pos_acc: 100.0000  s1.loss_bbox: 0.6172  s1.loss_iou: 1.3702
2026/03/27 00:49:00 - mmengine - INFO - Epoch(train)  [4][ 700/5001]  lr: 2.5000e-05  eta: 1 day, 7:36:20  time: 1.1353  data_time: 0.0030  memory: 7765  grad_norm: 54.8818  loss: 10.2921  rpn_s.0.loss_cls: 0.6835  rpn_s.0.loss_bbox: 0.1407  rpn_s.0.loss_giou: 0.9756  rpn_s.1.loss_cls: 0.4993  rpn_s.1.loss_bbox: 0.0614  rpn_s.1.loss_giou: 0.5090  rpn_s.2.loss_cls: 0.4453  rpn_s.2.loss_bbox: 0.0506  rpn_s.2.loss_giou: 0.4342  rpn_s.3.loss_cls: 0.4157  rpn_s.3.loss_bbox: 0.0490  rpn_s.3.loss_giou: 0.4173  s0.loss_cls: 0.5168  s0.pos_acc: 61.1111  s0.loss_bbox: 0.6443  s0.loss_iou: 1.6346  s1.loss_cls: 0.5124  s1.pos_acc: 61.1111  s1.loss_bbox: 0.6391  s1.loss_iou: 1.6634
2026/03/27 00:49:56 - mmengine - INFO - Epoch(train)  [4][ 750/5001]  lr: 2.5000e-05  eta: 1 day, 7:35:36  time: 1.1198  data_time: 0.0033  memory: 7765  grad_norm: 54.4938  loss: 9.6198  rpn_s.0.loss_cls: 0.6913  rpn_s.0.loss_bbox: 0.1276  rpn_s.0.loss_giou: 0.8647  rpn_s.1.loss_cls: 0.5083  rpn_s.1.loss_bbox: 0.0573  rpn_s.1.loss_giou: 0.4541  rpn_s.2.loss_cls: 0.4613  rpn_s.2.loss_bbox: 0.0489  rpn_s.2.loss_giou: 0.3921  rpn_s.3.loss_cls: 0.4277  rpn_s.3.loss_bbox: 0.0464  rpn_s.3.loss_giou: 0.3720  s0.loss_cls: 0.5179  s0.pos_acc: 61.5385  s0.loss_bbox: 0.6131  s0.loss_iou: 1.4381  s1.loss_cls: 0.5138  s1.pos_acc: 53.8462  s1.loss_bbox: 0.6359  s1.loss_iou: 1.4492
2026/03/27 00:50:52 - mmengine - INFO - Epoch(train)  [4][ 800/5001]  lr: 2.5000e-05  eta: 1 day, 7:34:48  time: 1.1112  data_time: 0.0031  memory: 7765  grad_norm: 57.6496  loss: 9.8530  rpn_s.0.loss_cls: 0.6790  rpn_s.0.loss_bbox: 0.1233  rpn_s.0.loss_giou: 0.9190  rpn_s.1.loss_cls: 0.4926  rpn_s.1.loss_bbox: 0.0548  rpn_s.1.loss_giou: 0.4773  rpn_s.2.loss_cls: 0.4502  rpn_s.2.loss_bbox: 0.0453  rpn_s.2.loss_giou: 0.4084  rpn_s.3.loss_cls: 0.4219  rpn_s.3.loss_bbox: 0.0420  rpn_s.3.loss_giou: 0.3902  s0.loss_cls: 0.5145  s0.pos_acc: 69.6203  s0.loss_bbox: 0.6244  s0.loss_iou: 1.4950  s1.loss_cls: 0.5312  s1.pos_acc: 78.4810  s1.loss_bbox: 0.6409  s1.loss_iou: 1.5430
2026/03/27 00:51:47 - mmengine - INFO - Epoch(train)  [4][ 850/5001]  lr: 2.5000e-05  eta: 1 day, 7:34:01  time: 1.1149  data_time: 0.0033  memory: 7765  grad_norm: 57.6335  loss: 9.0898  rpn_s.0.loss_cls: 0.6800  rpn_s.0.loss_bbox: 0.1176  rpn_s.0.loss_giou: 0.8811  rpn_s.1.loss_cls: 0.4975  rpn_s.1.loss_bbox: 0.0521  rpn_s.1.loss_giou: 0.4584  rpn_s.2.loss_cls: 0.4298  rpn_s.2.loss_bbox: 0.0430  rpn_s.2.loss_giou: 0.3982  rpn_s.3.loss_cls: 0.3974  rpn_s.3.loss_bbox: 0.0407  rpn_s.3.loss_giou: 0.3756  s0.loss_cls: 0.4356  s0.pos_acc: 52.7778  s0.loss_bbox: 0.5573  s0.loss_iou: 1.3571  s1.loss_cls: 0.4384  s1.pos_acc: 55.5556  s1.loss_bbox: 0.5604  s1.loss_iou: 1.3698
2026/03/27 00:52:43 - mmengine - INFO - Epoch(train)  [4][ 900/5001]  lr: 2.5000e-05  eta: 1 day, 7:33:13  time: 1.1101  data_time: 0.0034  memory: 7765  grad_norm: 54.2990  loss: 10.1567  rpn_s.0.loss_cls: 0.6947  rpn_s.0.loss_bbox: 0.1388  rpn_s.0.loss_giou: 1.0085  rpn_s.1.loss_cls: 0.5034  rpn_s.1.loss_bbox: 0.0585  rpn_s.1.loss_giou: 0.5078  rpn_s.2.loss_cls: 0.4371  rpn_s.2.loss_bbox: 0.0477  rpn_s.2.loss_giou: 0.4306  rpn_s.3.loss_cls: 0.4071  rpn_s.3.loss_bbox: 0.0440  rpn_s.3.loss_giou: 0.4018  s0.loss_cls: 0.4769  s0.pos_acc: 96.7742  s0.loss_bbox: 0.6283  s0.loss_iou: 1.6195  s1.loss_cls: 0.4827  s1.pos_acc: 96.7742  s1.loss_bbox: 0.6486  s1.loss_iou: 1.6206
2026/03/27 00:53:38 - mmengine - INFO - Epoch(train)  [4][ 950/5001]  lr: 2.5000e-05  eta: 1 day, 7:32:20  time: 1.0975  data_time: 0.0033  memory: 7765  grad_norm: 53.4369  loss: 10.4564  rpn_s.0.loss_cls: 0.7243  rpn_s.0.loss_bbox: 0.1339  rpn_s.0.loss_giou: 0.9316  rpn_s.1.loss_cls: 0.5110  rpn_s.1.loss_bbox: 0.0630  rpn_s.1.loss_giou: 0.4897  rpn_s.2.loss_cls: 0.4473  rpn_s.2.loss_bbox: 0.0523  rpn_s.2.loss_giou: 0.4199  rpn_s.3.loss_cls: 0.4068  rpn_s.3.loss_bbox: 0.0493  rpn_s.3.loss_giou: 0.3954  s0.loss_cls: 0.5474  s0.pos_acc: 62.5748  s0.loss_bbox: 0.7175  s0.loss_iou: 1.6589  s1.loss_cls: 0.5403  s1.pos_acc: 62.8743  s1.loss_bbox: 0.7012  s1.loss_iou: 1.6668
2026/03/27 00:54:30 - mmengine - INFO - Exp name: GSDet_r50_b900_h2h4_h2r1_r2r1_2x_fair1m1.0_20260326_200141
2026/03/27 00:54:33 - mmengine - INFO - Epoch(train)  [4][1000/5001]  lr: 2.5000e-05  eta: 1 day, 7:31:31  time: 1.1055  data_time: 0.0033  memory: 7765  grad_norm: 56.3037  loss: 9.0487  rpn_s.0.loss_cls: 0.6843  rpn_s.0.loss_bbox: 0.1204  rpn_s.0.loss_giou: 0.8823  rpn_s.1.loss_cls: 0.5003  rpn_s.1.loss_bbox: 0.0516  rpn_s.1.loss_giou: 0.4522  rpn_s.2.loss_cls: 0.4306  rpn_s.2.loss_bbox: 0.0436  rpn_s.2.loss_giou: 0.3923  rpn_s.3.loss_cls: 0.4009  rpn_s.3.loss_bbox: 0.0409  rpn_s.3.loss_giou: 0.3719  s0.loss_cls: 0.4469  s0.pos_acc: 74.0385  s0.loss_bbox: 0.5862  s0.loss_iou: 1.2922  s1.loss_cls: 0.4488  s1.pos_acc: 73.7179  s1.loss_bbox: 0.5844  s1.loss_iou: 1.3188
2026/03/27 00:55:28 - mmengine - INFO - Epoch(train)  [4][1050/5001]  lr: 2.5000e-05  eta: 1 day, 7:30:42  time: 1.1105  data_time: 0.0032  memory: 7765  grad_norm: 60.0373  loss: 9.3455  rpn_s.0.loss_cls: 0.6878  rpn_s.0.loss_bbox: 0.1157  rpn_s.0.loss_giou: 0.8223  rpn_s.1.loss_cls: 0.5080  rpn_s.1.loss_bbox: 0.0517  rpn_s.1.loss_giou: 0.4365  rpn_s.2.loss_cls: 0.4417  rpn_s.2.loss_bbox: 0.0450  rpn_s.2.loss_giou: 0.3864  rpn_s.3.loss_cls: 0.4126  rpn_s.3.loss_bbox: 0.0427  rpn_s.3.loss_giou: 0.3719  s0.loss_cls: 0.4957  s0.pos_acc: 70.4545  s0.loss_bbox: 0.5664  s0.loss_iou: 1.4173  s1.loss_cls: 0.5060  s1.pos_acc: 68.1818  s1.loss_bbox: 0.5775  s1.loss_iou: 1.4600
2026/03/27 00:56:25 - mmengine - INFO - Epoch(train)  [4][1100/5001]  lr: 2.5000e-05  eta: 1 day, 7:29:59  time: 1.1248  data_time: 0.0034  memory: 7765  grad_norm: 56.1147  loss: 9.2053  rpn_s.0.loss_cls: 0.6822  rpn_s.0.loss_bbox: 0.1202  rpn_s.0.loss_giou: 0.8549  rpn_s.1.loss_cls: 0.5110  rpn_s.1.loss_bbox: 0.0543  rpn_s.1.loss_giou: 0.4543  rpn_s.2.loss_cls: 0.4488  rpn_s.2.loss_bbox: 0.0472  rpn_s.2.loss_giou: 0.4034  rpn_s.3.loss_cls: 0.4070  rpn_s.3.loss_bbox: 0.0452  rpn_s.3.loss_giou: 0.3832  s0.loss_cls: 0.4711  s0.pos_acc: 75.3049  s0.loss_bbox: 0.5595  s0.loss_iou: 1.3657  s1.loss_cls: 0.4779  s1.pos_acc: 79.5732  s1.loss_bbox: 0.5433  s1.loss_iou: 1.3762
2026/03/27 00:57:21 - mmengine - INFO - Epoch(train)  [4][1150/5001]  lr: 2.5000e-05  eta: 1 day, 7:29:17  time: 1.1298  data_time: 0.0033  memory: 7764  grad_norm: 54.3374  loss: 9.9014  rpn_s.0.loss_cls: 0.6715  rpn_s.0.loss_bbox: 0.1136  rpn_s.0.loss_giou: 0.8671  rpn_s.1.loss_cls: 0.4949  rpn_s.1.loss_bbox: 0.0524  rpn_s.1.loss_giou: 0.4779  rpn_s.2.loss_cls: 0.4323  rpn_s.2.loss_bbox: 0.0440  rpn_s.2.loss_giou: 0.4168  rpn_s.3.loss_cls: 0.4014  rpn_s.3.loss_bbox: 0.0417  rpn_s.3.loss_giou: 0.4022  s0.loss_cls: 0.5089  s0.pos_acc: 73.8806  s0.loss_bbox: 0.6392  s0.loss_iou: 1.5768  s1.loss_cls: 0.5213  s1.pos_acc: 69.4030  s1.loss_bbox: 0.6268  s1.loss_iou: 1.6126
2026/03/27 00:58:17 - mmengine - INFO - Epoch(train)  [4][1200/5001]  lr: 2.5000e-05  eta: 1 day, 7:28:31  time: 1.1199  data_time: 0.0034  memory: 7765  grad_norm: 56.3353  loss: 10.4553  rpn_s.0.loss_cls: 0.7151  rpn_s.0.loss_bbox: 0.1174  rpn_s.0.loss_giou: 0.9382  rpn_s.1.loss_cls: 0.5122  rpn_s.1.loss_bbox: 0.0502  rpn_s.1.loss_giou: 0.4870  rpn_s.2.loss_cls: 0.4422  rpn_s.2.loss_bbox: 0.0413  rpn_s.2.loss_giou: 0.4213  rpn_s.3.loss_cls: 0.4143  rpn_s.3.loss_bbox: 0.0388  rpn_s.3.loss_giou: 0.3995  s0.loss_cls: 0.5674  s0.pos_acc: 75.0000  s0.loss_bbox: 0.6636  s0.loss_iou: 1.6887  s1.loss_cls: 0.5749  s1.pos_acc: 75.0000  s1.loss_bbox: 0.6700  s1.loss_iou: 1.7131
2026/03/27 00:59:14 - mmengine - INFO - Epoch(train)  [4][1250/5001]  lr: 2.5000e-05  eta: 1 day, 7:27:48  time: 1.1284  data_time: 0.0032  memory: 7765  grad_norm: 56.4229  loss: 9.7503  rpn_s.0.loss_cls: 0.6970  rpn_s.0.loss_bbox: 0.1249  rpn_s.0.loss_giou: 0.8762  rpn_s.1.loss_cls: 0.5090  rpn_s.1.loss_bbox: 0.0612  rpn_s.1.loss_giou: 0.4761  rpn_s.2.loss_cls: 0.4459  rpn_s.2.loss_bbox: 0.0523  rpn_s.2.loss_giou: 0.4127  rpn_s.3.loss_cls: 0.4216  rpn_s.3.loss_bbox: 0.0487  rpn_s.3.loss_giou: 0.3950  s0.loss_cls: 0.4979  s0.pos_acc: 73.3333  s0.loss_bbox: 0.6459  s0.loss_iou: 1.4516  s1.loss_cls: 0.5095  s1.pos_acc: 83.3333  s1.loss_bbox: 0.6507  s1.loss_iou: 1.4739
2026/03/27 01:00:10 - mmengine - INFO - Epoch(train)  [4][1300/5001]  lr: 2.5000e-05  eta: 1 day, 7:27:02  time: 1.1174  data_time: 0.0033  memory: 7765  grad_norm: 50.7526  loss: 8.4415  rpn_s.0.loss_cls: 0.6716  rpn_s.0.loss_bbox: 0.1056  rpn_s.0.loss_giou: 0.8286  rpn_s.1.loss_cls: 0.4687  rpn_s.1.loss_bbox: 0.0478  rpn_s.1.loss_giou: 0.4206  rpn_s.2.loss_cls: 0.4056  rpn_s.2.loss_bbox: 0.0401  rpn_s.2.loss_giou: 0.3640  rpn_s.3.loss_cls: 0.3647  rpn_s.3.loss_bbox: 0.0378  rpn_s.3.loss_giou: 0.3508  s0.loss_cls: 0.4205  s0.pos_acc: 100.0000  s0.loss_bbox: 0.5614  s0.loss_iou: 1.1758  s1.loss_cls: 0.4161  s1.pos_acc: 100.0000  s1.loss_bbox: 0.5798  s1.loss_iou: 1.1820
2026/03/27 01:01:05 - mmengine - INFO - Epoch(train)  [4][1350/5001]  lr: 2.5000e-05  eta: 1 day, 7:26:12  time: 1.1064  data_time: 0.0034  memory: 7765  grad_norm: 51.1487  loss: 10.9301  rpn_s.0.loss_cls: 0.7343  rpn_s.0.loss_bbox: 0.1400  rpn_s.0.loss_giou: 0.9418  rpn_s.1.loss_cls: 0.5349  rpn_s.1.loss_bbox: 0.0674  rpn_s.1.loss_giou: 0.5094  rpn_s.2.loss_cls: 0.4561  rpn_s.2.loss_bbox: 0.0593  rpn_s.2.loss_giou: 0.4547  rpn_s.3.loss_cls: 0.4227  rpn_s.3.loss_bbox: 0.0558  rpn_s.3.loss_giou: 0.4300  s0.loss_cls: 0.5670  s0.pos_acc: 69.5652  s0.loss_bbox: 0.7097  s0.loss_iou: 1.7717  s1.loss_cls: 0.5616  s1.pos_acc: 67.7019  s1.loss_bbox: 0.7062  s1.loss_iou: 1.8075
2026/03/27 01:02:00 - mmengine - INFO - Epoch(train)  [4][1400/5001]  lr: 2.5000e-05  eta: 1 day, 7:25:21  time: 1.1020  data_time: 0.0032  memory: 7765  grad_norm: 59.3817  loss: 9.4666  rpn_s.0.loss_cls: 0.6797  rpn_s.0.loss_bbox: 0.1185  rpn_s.0.loss_giou: 0.8200  rpn_s.1.loss_cls: 0.5120  rpn_s.1.loss_bbox: 0.0545  rpn_s.1.loss_giou: 0.4306  rpn_s.2.loss_cls: 0.4463  rpn_s.2.loss_bbox: 0.0459  rpn_s.2.loss_giou: 0.3740  rpn_s.3.loss_cls: 0.4196  rpn_s.3.loss_bbox: 0.0430  rpn_s.3.loss_giou: 0.3546  s0.loss_cls: 0.5011  s0.pos_acc: 68.0905  s0.loss_bbox: 0.6499  s0.loss_iou: 1.4176  s1.loss_cls: 0.4980  s1.pos_acc: 67.0854  s1.loss_bbox: 0.6605  s1.loss_iou: 1.4409
2026/03/27 01:02:55 - mmengine - INFO - Epoch(train)  [4][1450/5001]  lr: 2.5000e-05  eta: 1 day, 7:24:29  time: 1.1012  data_time: 0.0033  memory: 7765  grad_norm: 56.5118  loss: 9.3097  rpn_s.0.loss_cls: 0.6960  rpn_s.0.loss_bbox: 0.1244  rpn_s.0.loss_giou: 0.8683  rpn_s.1.loss_cls: 0.5305  rpn_s.1.loss_bbox: 0.0539  rpn_s.1.loss_giou: 0.4558  rpn_s.2.loss_cls: 0.4675  rpn_s.2.loss_bbox: 0.0446  rpn_s.2.loss_giou: 0.3934  rpn_s.3.loss_cls: 0.4312  rpn_s.3.loss_bbox: 0.0415  rpn_s.3.loss_giou: 0.3737  s0.loss_cls: 0.4751  s0.pos_acc: 55.5556  s0.loss_bbox: 0.5429  s0.loss_iou: 1.3728  s1.loss_cls: 0.4848  s1.pos_acc: 59.2593  s1.loss_bbox: 0.5482  s1.loss_iou: 1.4051
2026/03/27 01:03:50 - mmengine - INFO - Epoch(train)  [4][1500/5001]  lr: 2.5000e-05  eta: 1 day, 7:23:39  time: 1.1044  data_time: 0.0032  memory: 7765  grad_norm: 60.0521  loss: 8.5733  rpn_s.0.loss_cls: 0.6761  rpn_s.0.loss_bbox: 0.1102  rpn_s.0.loss_giou: 0.7169  rpn_s.1.loss_cls: 0.5161  rpn_s.1.loss_bbox: 0.0548  rpn_s.1.loss_giou: 0.3913  rpn_s.2.loss_cls: 0.4492  rpn_s.2.loss_bbox: 0.0479  rpn_s.2.loss_giou: 0.3432  rpn_s.3.loss_cls: 0.4222  rpn_s.3.loss_bbox: 0.0456  rpn_s.3.loss_giou: 0.3314  s0.loss_cls: 0.4524  s0.pos_acc: 68.7500  s0.loss_bbox: 0.5988  s0.loss_iou: 1.1706  s1.loss_cls: 0.4652  s1.pos_acc: 73.4375  s1.loss_bbox: 0.5831  s1.loss_iou: 1.1984
2026/03/27 01:04:45 - mmengine - INFO - Epoch(train)  [4][1550/5001]  lr: 2.5000e-05  eta: 1 day, 7:22:47  time: 1.0999  data_time: 0.0033  memory: 7765  grad_norm: 53.3742  loss: 8.0760  rpn_s.0.loss_cls: 0.6774  rpn_s.0.loss_bbox: 0.1115  rpn_s.0.loss_giou: 0.7166  rpn_s.1.loss_cls: 0.5110  rpn_s.1.loss_bbox: 0.0590  rpn_s.1.loss_giou: 0.3990  rpn_s.2.loss_cls: 0.4439  rpn_s.2.loss_bbox: 0.0509  rpn_s.2.loss_giou: 0.3517  rpn_s.3.loss_cls: 0.4127  rpn_s.3.loss_bbox: 0.0477  rpn_s.3.loss_giou: 0.3335  s0.loss_cls: 0.4235  s0.pos_acc: 88.8889  s0.loss_bbox: 0.4841  s0.loss_iou: 1.0615  s1.loss_cls: 0.4152  s1.pos_acc: 88.8889  s1.loss_bbox: 0.4828  s1.loss_iou: 1.0937
2026/03/27 01:05:40 - mmengine - INFO - Epoch(train)  [4][1600/5001]  lr: 2.5000e-05  eta: 1 day, 7:21:55  time: 1.1003  data_time: 0.0031  memory: 7765  grad_norm: 60.9207  loss: 11.2514  rpn_s.0.loss_cls: 0.6969  rpn_s.0.loss_bbox: 0.1307  rpn_s.0.loss_giou: 0.8675  rpn_s.1.loss_cls: 0.5295  rpn_s.1.loss_bbox: 0.0648  rpn_s.1.loss_giou: 0.4919  rpn_s.2.loss_cls: 0.4638  rpn_s.2.loss_bbox: 0.0551  rpn_s.2.loss_giou: 0.4254  rpn_s.3.loss_cls: 0.4271  rpn_s.3.loss_bbox: 0.0529  rpn_s.3.loss_giou: 0.4080  s0.loss_cls: 0.6543  s0.pos_acc: 81.2500  s0.loss_bbox: 0.7476  s0.loss_iou: 1.8976  s1.loss_cls: 0.6571  s1.pos_acc: 75.0000  s1.loss_bbox: 0.7538  s1.loss_iou: 1.9274
2026/03/27 01:06:36 - mmengine - INFO - Epoch(train)  [4][1650/5001]  lr: 2.5000e-05  eta: 1 day, 7:21:07  time: 1.1136  data_time: 0.0032  memory: 7765  grad_norm: 58.4609  loss: 9.1203  rpn_s.0.loss_cls: 0.6543  rpn_s.0.loss_bbox: 0.1221  rpn_s.0.loss_giou: 0.8480  rpn_s.1.loss_cls: 0.4843  rpn_s.1.loss_bbox: 0.0560  rpn_s.1.loss_giou: 0.4425  rpn_s.2.loss_cls: 0.4166  rpn_s.2.loss_bbox: 0.0487  rpn_s.2.loss_giou: 0.3882  rpn_s.3.loss_cls: 0.3853  rpn_s.3.loss_bbox: 0.0466  rpn_s.3.loss_giou: 0.3675  s0.loss_cls: 0.4769  s0.pos_acc: 70.0000  s0.loss_bbox: 0.5673  s0.loss_iou: 1.3751  s1.loss_cls: 0.4712  s1.pos_acc: 72.0000  s1.loss_bbox: 0.5816  s1.loss_iou: 1.3881
2026/03/27 01:07:32 - mmengine - INFO - Epoch(train)  [4][1700/5001]  lr: 2.5000e-05  eta: 1 day, 7:20:23  time: 1.1266  data_time: 0.0033  memory: 7765  grad_norm: 55.8955  loss: 9.0080  rpn_s.0.loss_cls: 0.6675  rpn_s.0.loss_bbox: 0.1210  rpn_s.0.loss_giou: 0.8297  rpn_s.1.loss_cls: 0.4901  rpn_s.1.loss_bbox: 0.0513  rpn_s.1.loss_giou: 0.4453  rpn_s.2.loss_cls: 0.4145  rpn_s.2.loss_bbox: 0.0443  rpn_s.2.loss_giou: 0.3893  rpn_s.3.loss_cls: 0.3823  rpn_s.3.loss_bbox: 0.0414  rpn_s.3.loss_giou: 0.3636  s0.loss_cls: 0.4667  s0.pos_acc: 59.0909  s0.loss_bbox: 0.5998  s0.loss_iou: 1.2938  s1.loss_cls: 0.4672  s1.pos_acc: 54.5455  s1.loss_bbox: 0.6260  s1.loss_iou: 1.3141
2026/03/27 01:08:28 - mmengine - INFO - Epoch(train)  [4][1750/5001]  lr: 2.5000e-05  eta: 1 day, 7:19:35  time: 1.1151  data_time: 0.0032  memory: 7765  grad_norm: 58.6043  loss: 9.8361  rpn_s.0.loss_cls: 0.7255  rpn_s.0.loss_bbox: 0.1309  rpn_s.0.loss_giou: 0.9395  rpn_s.1.loss_cls: 0.5062  rpn_s.1.loss_bbox: 0.0550  rpn_s.1.loss_giou: 0.4741  rpn_s.2.loss_cls: 0.4573  rpn_s.2.loss_bbox: 0.0474  rpn_s.2.loss_giou: 0.4091  rpn_s.3.loss_cls: 0.4178  rpn_s.3.loss_bbox: 0.0443  rpn_s.3.loss_giou: 0.3924  s0.loss_cls: 0.5331  s0.pos_acc: 71.8750  s0.loss_bbox: 0.6561  s0.loss_iou: 1.4340  s1.loss_cls: 0.5252  s1.pos_acc: 76.0417  s1.loss_bbox: 0.6447  s1.loss_iou: 1.4436
2026/03/27 01:09:23 - mmengine - INFO - Epoch(train)  [4][1800/5001]  lr: 2.5000e-05  eta: 1 day, 7:18:45  time: 1.1068  data_time: 0.0034  memory: 7764  grad_norm: 60.4981  loss: 9.6608  rpn_s.0.loss_cls: 0.6941  rpn_s.0.loss_bbox: 0.1102  rpn_s.0.loss_giou: 0.8361  rpn_s.1.loss_cls: 0.4893  rpn_s.1.loss_bbox: 0.0526  rpn_s.1.loss_giou: 0.4541  rpn_s.2.loss_cls: 0.4259  rpn_s.2.loss_bbox: 0.0428  rpn_s.2.loss_giou: 0.3907  rpn_s.3.loss_cls: 0.3895  rpn_s.3.loss_bbox: 0.0399  rpn_s.3.loss_giou: 0.3725  s0.loss_cls: 0.5354  s0.pos_acc: 70.4545  s0.loss_bbox: 0.7180  s0.loss_iou: 1.4317  s1.loss_cls: 0.5270  s1.pos_acc: 75.0000  s1.loss_bbox: 0.6909  s1.loss_iou: 1.4601
2026/03/27 01:10:19 - mmengine - INFO - Epoch(train)  [4][1850/5001]  lr: 2.5000e-05  eta: 1 day, 7:17:57  time: 1.1136  data_time: 0.0034  memory: 7765  grad_norm: 57.6545  loss: 9.5888  rpn_s.0.loss_cls: 0.7052  rpn_s.0.loss_bbox: 0.1287  rpn_s.0.loss_giou: 0.8942  rpn_s.1.loss_cls: 0.5404  rpn_s.1.loss_bbox: 0.0601  rpn_s.1.loss_giou: 0.4741  rpn_s.2.loss_cls: 0.4575  rpn_s.2.loss_bbox: 0.0532  rpn_s.2.loss_giou: 0.4090  rpn_s.3.loss_cls: 0.4275  rpn_s.3.loss_bbox: 0.0473  rpn_s.3.loss_giou: 0.3857  s0.loss_cls: 0.4855  s0.pos_acc: 66.7630  s0.loss_bbox: 0.5725  s0.loss_iou: 1.4410  s1.loss_cls: 0.4836  s1.pos_acc: 73.1214  s1.loss_bbox: 0.5771  s1.loss_iou: 1.4462
2026/03/27 01:11:14 - mmengine - INFO - Epoch(train)  [4][1900/5001]  lr: 2.5000e-05  eta: 1 day, 7:17:07  time: 1.1076  data_time: 0.0033  memory: 7764  grad_norm: 52.2534  loss: 7.8966  rpn_s.0.loss_cls: 0.6825  rpn_s.0.loss_bbox: 0.1135  rpn_s.0.loss_giou: 0.7454  rpn_s.1.loss_cls: 0.5040  rpn_s.1.loss_bbox: 0.0573  rpn_s.1.loss_giou: 0.4061  rpn_s.2.loss_cls: 0.4362  rpn_s.2.loss_bbox: 0.0505  rpn_s.2.loss_giou: 0.3545  rpn_s.3.loss_cls: 0.3957  rpn_s.3.loss_bbox: 0.0481  rpn_s.3.loss_giou: 0.3403  s0.loss_cls: 0.3770  s0.pos_acc: 90.0000  s0.loss_bbox: 0.4375  s0.loss_iou: 1.0585  s1.loss_cls: 0.3709  s1.pos_acc: 95.0000  s1.loss_bbox: 0.4418  s1.loss_iou: 1.0767
2026/03/27 01:12:10 - mmengine - INFO - Epoch(train)  [4][1950/5001]  lr: 2.5000e-05  eta: 1 day, 7:16:18  time: 1.1094  data_time: 0.0033  memory: 7765  grad_norm: 51.5096  loss: 11.1045  rpn_s.0.loss_cls: 0.6937  rpn_s.0.loss_bbox: 0.1312  rpn_s.0.loss_giou: 0.9910  rpn_s.1.loss_cls: 0.5077  rpn_s.1.loss_bbox: 0.0596  rpn_s.1.loss_giou: 0.5319  rpn_s.2.loss_cls: 0.4437  rpn_s.2.loss_bbox: 0.0503  rpn_s.2.loss_giou: 0.4580  rpn_s.3.loss_cls: 0.4136  rpn_s.3.loss_bbox: 0.0468  rpn_s.3.loss_giou: 0.4279  s0.loss_cls: 0.5357  s0.pos_acc: 68.3333  s0.loss_bbox: 0.6864  s0.loss_iou: 1.9327  s1.loss_cls: 0.5333  s1.pos_acc: 73.3333  s1.loss_bbox: 0.7031  s1.loss_iou: 1.9579
2026/03/27 01:13:02 - mmengine - INFO - Exp name: GSDet_r50_b900_h2h4_h2r1_r2r1_2x_fair1m1.0_20260326_200141
2026/03/27 01:13:06 - mmengine - INFO - Epoch(train)  [4][2000/5001]  lr: 2.5000e-05  eta: 1 day, 7:15:30  time: 1.1128  data_time: 0.0033  memory: 7765  grad_norm: 54.8878  loss: 9.7247  rpn_s.0.loss_cls: 0.6638  rpn_s.0.loss_bbox: 0.1241  rpn_s.0.loss_giou: 0.8324  rpn_s.1.loss_cls: 0.5115  rpn_s.1.loss_bbox: 0.0576  rpn_s.1.loss_giou: 0.4502  rpn_s.2.loss_cls: 0.4559  rpn_s.2.loss_bbox: 0.0481  rpn_s.2.loss_giou: 0.3867  rpn_s.3.loss_cls: 0.4260  rpn_s.3.loss_bbox: 0.0456  rpn_s.3.loss_giou: 0.3684  s0.loss_cls: 0.4996  s0.pos_acc: 65.3846  s0.loss_bbox: 0.6859  s0.loss_iou: 1.4971  s1.loss_cls: 0.4979  s1.pos_acc: 69.2308  s1.loss_bbox: 0.6466  s1.loss_iou: 1.5272
2026/03/27 01:14:00 - mmengine - INFO - Epoch(train)  [4][2050/5001]  lr: 2.5000e-05  eta: 1 day, 7:14:35  time: 1.0911  data_time: 0.0033  memory: 7765  grad_norm: 59.6683  loss: 9.6270  rpn_s.0.loss_cls: 0.7121  rpn_s.0.loss_bbox: 0.1215  rpn_s.0.loss_giou: 0.8776  rpn_s.1.loss_cls: 0.5041  rpn_s.1.loss_bbox: 0.0546  rpn_s.1.loss_giou: 0.4660  rpn_s.2.loss_cls: 0.4518  rpn_s.2.loss_bbox: 0.0460  rpn_s.2.loss_giou: 0.4056  rpn_s.3.loss_cls: 0.4058  rpn_s.3.loss_bbox: 0.0433  rpn_s.3.loss_giou: 0.3860  s0.loss_cls: 0.4816  s0.pos_acc: 88.0952  s0.loss_bbox: 0.6244  s0.loss_iou: 1.4708  s1.loss_cls: 0.4725  s1.pos_acc: 85.7143  s1.loss_bbox: 0.6323  s1.loss_iou: 1.4710
2026/03/27 01:14:55 - mmengine - INFO - Epoch(train)  [4][2100/5001]  lr: 2.5000e-05  eta: 1 day, 7:13:40  time: 1.0919  data_time: 0.0033  memory: 7765  grad_norm: 59.9767  loss: 9.7120  rpn_s.0.loss_cls: 0.6833  rpn_s.0.loss_bbox: 0.1304  rpn_s.0.loss_giou: 0.8554  rpn_s.1.loss_cls: 0.4933  rpn_s.1.loss_bbox: 0.0602  rpn_s.1.loss_giou: 0.4475  rpn_s.2.loss_cls: 0.4388  rpn_s.2.loss_bbox: 0.0503  rpn_s.2.loss_giou: 0.3865  rpn_s.3.loss_cls: 0.3984  rpn_s.3.loss_bbox: 0.0466  rpn_s.3.loss_giou: 0.3657  s0.loss_cls: 0.5571  s0.pos_acc: 50.0000  s0.loss_bbox: 0.6147  s0.loss_iou: 1.4962  s1.loss_cls: 0.5348  s1.pos_acc: 25.0000  s1.loss_bbox: 0.6201  s1.loss_iou: 1.5326
2026/03/27 01:15:49 - mmengine - INFO - Epoch(train)  [4][2150/5001]  lr: 2.5000e-05  eta: 1 day, 7:12:45  time: 1.0920  data_time: 0.0034  memory: 7765  grad_norm: 51.8418  loss: 9.2583  rpn_s.0.loss_cls: 0.6903  rpn_s.0.loss_bbox: 0.1168  rpn_s.0.loss_giou: 0.8584  rpn_s.1.loss_cls: 0.4990  rpn_s.1.loss_bbox: 0.0531  rpn_s.1.loss_giou: 0.4521  rpn_s.2.loss_cls: 0.4392  rpn_s.2.loss_bbox: 0.0440  rpn_s.2.loss_giou: 0.3909  rpn_s.3.loss_cls: 0.3976  rpn_s.3.loss_bbox: 0.0417  rpn_s.3.loss_giou: 0.3721  s0.loss_cls: 0.4688  s0.pos_acc: 73.3333  s0.loss_bbox: 0.5677  s0.loss_iou: 1.4082  s1.loss_cls: 0.4561  s1.pos_acc: 80.0000  s1.loss_bbox: 0.5731  s1.loss_iou: 1.4291
2026/03/27 01:16:45 - mmengine - INFO - Epoch(train)  [4][2200/5001]  lr: 2.5000e-05  eta: 1 day, 7:11:58  time: 1.1152  data_time: 0.0034  memory: 7765  grad_norm: 57.4465  loss: 10.1398  rpn_s.0.loss_cls: 0.6725  rpn_s.0.loss_bbox: 0.1299  rpn_s.0.loss_giou: 0.9226  rpn_s.1.loss_cls: 0.4808  rpn_s.1.loss_bbox: 0.0600  rpn_s.1.loss_giou: 0.4983  rpn_s.2.loss_cls: 0.4219  rpn_s.2.loss_bbox: 0.0522  rpn_s.2.loss_giou: 0.4331  rpn_s.3.loss_cls: 0.3882  rpn_s.3.loss_bbox: 0.0487  rpn_s.3.loss_giou: 0.4107  s0.loss_cls: 0.4801  s0.pos_acc: 54.9242  s0.loss_bbox: 0.6818  s0.loss_iou: 1.6292  s1.loss_cls: 0.4755  s1.pos_acc: 55.6818  s1.loss_bbox: 0.7025  s1.loss_iou: 1.6516
2026/03/27 01:17:41 - mmengine - INFO - Epoch(train)  [4][2250/5001]  lr: 2.5000e-05  eta: 1 day, 7:11:09  time: 1.1140  data_time: 0.0032  memory: 7765  grad_norm: 53.4995  loss: 9.2881  rpn_s.0.loss_cls: 0.6701  rpn_s.0.loss_bbox: 0.1166  rpn_s.0.loss_giou: 0.8650  rpn_s.1.loss_cls: 0.4948  rpn_s.1.loss_bbox: 0.0541  rpn_s.1.loss_giou: 0.4485  rpn_s.2.loss_cls: 0.4407  rpn_s.2.loss_bbox: 0.0450  rpn_s.2.loss_giou: 0.3884  rpn_s.3.loss_cls: 0.3991  rpn_s.3.loss_bbox: 0.0433  rpn_s.3.loss_giou: 0.3675  s0.loss_cls: 0.4848  s0.pos_acc: 85.4839  s0.loss_bbox: 0.6092  s0.loss_iou: 1.3578  s1.loss_cls: 0.4925  s1.pos_acc: 87.0968  s1.loss_bbox: 0.6051  s1.loss_iou: 1.4057
2026/03/27 01:18:38 - mmengine - INFO - Epoch(train)  [4][2300/5001]  lr: 2.5000e-05  eta: 1 day, 7:10:29  time: 1.1410  data_time: 0.0033  memory: 7765  grad_norm: 58.1921  loss: 8.3897  rpn_s.0.loss_cls: 0.6552  rpn_s.0.loss_bbox: 0.1159  rpn_s.0.loss_giou: 0.8282  rpn_s.1.loss_cls: 0.4916  rpn_s.1.loss_bbox: 0.0529  rpn_s.1.loss_giou: 0.4450  rpn_s.2.loss_cls: 0.4332  rpn_s.2.loss_bbox: 0.0453  rpn_s.2.loss_giou: 0.3876  rpn_s.3.loss_cls: 0.4027  rpn_s.3.loss_bbox: 0.0428  rpn_s.3.loss_giou: 0.3716  s0.loss_cls: 0.3968  s0.pos_acc: 50.0000  s0.loss_bbox: 0.4615  s0.loss_iou: 1.1897  s1.loss_cls: 0.4022  s1.pos_acc: 75.0000  s1.loss_bbox: 0.4611  s1.loss_iou: 1.2063
2026/03/27 01:19:34 - mmengine - INFO - Epoch(train)  [4][2350/5001]  lr: 2.5000e-05  eta: 1 day, 7:09:47  time: 1.1332  data_time: 0.0033  memory: 7765  grad_norm: 58.5106  loss: 8.7262  rpn_s.0.loss_cls: 0.6627  rpn_s.0.loss_bbox: 0.1186  rpn_s.0.loss_giou: 0.7725  rpn_s.1.loss_cls: 0.4957  rpn_s.1.loss_bbox: 0.0507  rpn_s.1.loss_giou: 0.3948  rpn_s.2.loss_cls: 0.4359  rpn_s.2.loss_bbox: 0.0443  rpn_s.2.loss_giou: 0.3462  rpn_s.3.loss_cls: 0.4029  rpn_s.3.loss_bbox: 0.0412  rpn_s.3.loss_giou: 0.3281  s0.loss_cls: 0.4392  s0.pos_acc: 59.0909  s0.loss_bbox: 0.6049  s0.loss_iou: 1.2597  s1.loss_cls: 0.4427  s1.pos_acc: 63.6364  s1.loss_bbox: 0.6078  s1.loss_iou: 1.2783
2026/03/27 01:20:30 - mmengine - INFO - Epoch(train)  [4][2400/5001]  lr: 2.5000e-05  eta: 1 day, 7:08:59  time: 1.1165  data_time: 0.0033  memory: 7765  grad_norm: 53.7839  loss: 10.9398  rpn_s.0.loss_cls: 0.7053  rpn_s.0.loss_bbox: 0.1330  rpn_s.0.loss_giou: 0.9848  rpn_s.1.loss_cls: 0.5120  rpn_s.1.loss_bbox: 0.0565  rpn_s.1.loss_giou: 0.5062  rpn_s.2.loss_cls: 0.4598  rpn_s.2.loss_bbox: 0.0455  rpn_s.2.loss_giou: 0.4333  rpn_s.3.loss_cls: 0.4310  rpn_s.3.loss_bbox: 0.0421  rpn_s.3.loss_giou: 0.4094  s0.loss_cls: 0.5743  s0.pos_acc: 65.1685  s0.loss_bbox: 0.6807  s0.loss_iou: 1.8432  s1.loss_cls: 0.5621  s1.pos_acc: 67.6966  s1.loss_bbox: 0.6881  s1.loss_iou: 1.8725
2026/03/27 01:21:26 - mmengine - INFO - Epoch(train)  [4][2450/5001]  lr: 2.5000e-05  eta: 1 day, 7:08:10  time: 1.1120  data_time: 0.0032  memory: 7764  grad_norm: 54.8628  loss: 8.5210  rpn_s.0.loss_cls: 0.6628  rpn_s.0.loss_bbox: 0.1057  rpn_s.0.loss_giou: 0.7589  rpn_s.1.loss_cls: 0.4770  rpn_s.1.loss_bbox: 0.0508  rpn_s.1.loss_giou: 0.4152  rpn_s.2.loss_cls: 0.4202  rpn_s.2.loss_bbox: 0.0444  rpn_s.2.loss_giou: 0.3681  rpn_s.3.loss_cls: 0.3927  rpn_s.3.loss_bbox: 0.0413  rpn_s.3.loss_giou: 0.3505  s0.loss_cls: 0.4361  s0.pos_acc: 62.5000  s0.loss_bbox: 0.5334  s0.loss_iou: 1.2324  s1.loss_cls: 0.4454  s1.pos_acc: 50.0000  s1.loss_bbox: 0.5373  s1.loss_iou: 1.2488
2026/03/27 01:22:21 - mmengine - INFO - Epoch(train)  [4][2500/5001]  lr: 2.5000e-05  eta: 1 day, 7:07:16  time: 1.0939  data_time: 0.0033  memory: 7764  grad_norm: 54.2556  loss: 10.3932  rpn_s.0.loss_cls: 0.7040  rpn_s.0.loss_bbox: 0.1244  rpn_s.0.loss_giou: 0.9661  rpn_s.1.loss_cls: 0.5002  rpn_s.1.loss_bbox: 0.0540  rpn_s.1.loss_giou: 0.5136  rpn_s.2.loss_cls: 0.4315  rpn_s.2.loss_bbox: 0.0454  rpn_s.2.loss_giou: 0.4512  rpn_s.3.loss_cls: 0.4033  rpn_s.3.loss_bbox: 0.0427  rpn_s.3.loss_giou: 0.4285  s0.loss_cls: 0.5170  s0.pos_acc: 64.7059  s0.loss_bbox: 0.6689  s0.loss_iou: 1.6522  s1.loss_cls: 0.5173  s1.pos_acc: 71.0084  s1.loss_bbox: 0.6887  s1.loss_iou: 1.6840
2026/03/27 01:23:16 - mmengine - INFO - Epoch(train)  [4][2550/5001]  lr: 2.5000e-05  eta: 1 day, 7:06:23  time: 1.0991  data_time: 0.0033  memory: 7765  grad_norm: 62.9152  loss: 9.5863  rpn_s.0.loss_cls: 0.6752  rpn_s.0.loss_bbox: 0.1125  rpn_s.0.loss_giou: 0.8602  rpn_s.1.loss_cls: 0.4918  rpn_s.1.loss_bbox: 0.0516  rpn_s.1.loss_giou: 0.4677  rpn_s.2.loss_cls: 0.4418  rpn_s.2.loss_bbox: 0.0447  rpn_s.2.loss_giou: 0.4113  rpn_s.3.loss_cls: 0.4079  rpn_s.3.loss_bbox: 0.0408  rpn_s.3.loss_giou: 0.3914  s0.loss_cls: 0.4734  s0.pos_acc: 71.6216  s0.loss_bbox: 0.6327  s0.loss_iou: 1.4875  s1.loss_cls: 0.4552  s1.pos_acc: 74.5496  s1.loss_bbox: 0.6380  s1.loss_iou: 1.5026
2026/03/27 01:24:10 - mmengine - INFO - Epoch(train)  [4][2600/5001]  lr: 2.5000e-05  eta: 1 day, 7:05:28  time: 1.0916  data_time: 0.0034  memory: 7765  grad_norm: 55.9137  loss: 9.8581  rpn_s.0.loss_cls: 0.6581  rpn_s.0.loss_bbox: 0.1263  rpn_s.0.loss_giou: 0.8431  rpn_s.1.loss_cls: 0.5070  rpn_s.1.loss_bbox: 0.0611  rpn_s.1.loss_giou: 0.4508  rpn_s.2.loss_cls: 0.4398  rpn_s.2.loss_bbox: 0.0524  rpn_s.2.loss_giou: 0.3991  rpn_s.3.loss_cls: 0.4083  rpn_s.3.loss_bbox: 0.0499  rpn_s.3.loss_giou: 0.3839  s0.loss_cls: 0.4999  s0.pos_acc: 43.7500  s0.loss_bbox: 0.6288  s0.loss_iou: 1.5897  s1.loss_cls: 0.4970  s1.pos_acc: 34.3750  s1.loss_bbox: 0.6388  s1.loss_iou: 1.6239
2026/03/27 01:25:05 - mmengine - INFO - Epoch(train)  [4][2650/5001]  lr: 2.5000e-05  eta: 1 day, 7:04:34  time: 1.0943  data_time: 0.0034  memory: 7765  grad_norm: 62.1104  loss: 10.0948  rpn_s.0.loss_cls: 0.6704  rpn_s.0.loss_bbox: 0.1192  rpn_s.0.loss_giou: 0.8618  rpn_s.1.loss_cls: 0.4969  rpn_s.1.loss_bbox: 0.0580  rpn_s.1.loss_giou: 0.4603  rpn_s.2.loss_cls: 0.4389  rpn_s.2.loss_bbox: 0.0497  rpn_s.2.loss_giou: 0.4039  rpn_s.3.loss_cls: 0.4137  rpn_s.3.loss_bbox: 0.0450  rpn_s.3.loss_giou: 0.3822  s0.loss_cls: 0.5398  s0.pos_acc: 66.6667  s0.loss_bbox: 0.6800  s0.loss_iou: 1.5978  s1.loss_cls: 0.5534  s1.pos_acc: 100.0000  s1.loss_bbox: 0.6770  s1.loss_iou: 1.6468
2026/03/27 01:26:00 - mmengine - INFO - Epoch(train)  [4][2700/5001]  lr: 2.5000e-05  eta: 1 day, 7:03:41  time: 1.1000  data_time: 0.0033  memory: 7764  grad_norm: 58.0566  loss: 10.0656  rpn_s.0.loss_cls: 0.6788  rpn_s.0.loss_bbox: 0.1189  rpn_s.0.loss_giou: 0.8763  rpn_s.1.loss_cls: 0.4806  rpn_s.1.loss_bbox: 0.0523  rpn_s.1.loss_giou: 0.4536  rpn_s.2.loss_cls: 0.4273  rpn_s.2.loss_bbox: 0.0448  rpn_s.2.loss_giou: 0.4006  rpn_s.3.loss_cls: 0.3955  rpn_s.3.loss_bbox: 0.0415  rpn_s.3.loss_giou: 0.3792  s0.loss_cls: 0.5503  s0.pos_acc: 64.3939  s0.loss_bbox: 0.7033  s0.loss_iou: 1.5862  s1.loss_cls: 0.5476  s1.pos_acc: 66.6667  s1.loss_bbox: 0.6977  s1.loss_iou: 1.6309
2026/03/27 01:26:56 - mmengine - INFO - Epoch(train)  [4][2750/5001]  lr: 2.5000e-05  eta: 1 day, 7:02:57  time: 1.1299  data_time: 0.0032  memory: 7765  grad_norm: 62.1846  loss: 9.0798  rpn_s.0.loss_cls: 0.6598  rpn_s.0.loss_bbox: 0.1218  rpn_s.0.loss_giou: 0.8008  rpn_s.1.loss_cls: 0.5003  rpn_s.1.loss_bbox: 0.0590  rpn_s.1.loss_giou: 0.4401  rpn_s.2.loss_cls: 0.4396  rpn_s.2.loss_bbox: 0.0500  rpn_s.2.loss_giou: 0.3816  rpn_s.3.loss_cls: 0.4075  rpn_s.3.loss_bbox: 0.0472  rpn_s.3.loss_giou: 0.3717  s0.loss_cls: 0.4510  s0.pos_acc: 67.6136  s0.loss_bbox: 0.5245  s0.loss_iou: 1.3854  s1.loss_cls: 0.4568  s1.pos_acc: 67.8977  s1.loss_bbox: 0.5518  s1.loss_iou: 1.4311
2026/03/27 01:27:53 - mmengine - INFO - Epoch(train)  [4][2800/5001]  lr: 2.5000e-05  eta: 1 day, 7:02:12  time: 1.1268  data_time: 0.0033  memory: 7765  grad_norm: 54.2063  loss: 9.3662  rpn_s.0.loss_cls: 0.6850  rpn_s.0.loss_bbox: 0.1188  rpn_s.0.loss_giou: 0.8298  rpn_s.1.loss_cls: 0.5027  rpn_s.1.loss_bbox: 0.0567  rpn_s.1.loss_giou: 0.4587  rpn_s.2.loss_cls: 0.4346  rpn_s.2.loss_bbox: 0.0508  rpn_s.2.loss_giou: 0.4082  rpn_s.3.loss_cls: 0.4096  rpn_s.3.loss_bbox: 0.0467  rpn_s.3.loss_giou: 0.3852  s0.loss_cls: 0.4744  s0.pos_acc: 60.9375  s0.loss_bbox: 0.5555  s0.loss_iou: 1.4375  s1.loss_cls: 0.4781  s1.pos_acc: 71.8750  s1.loss_bbox: 0.5704  s1.loss_iou: 1.4637
2026/03/27 01:28:49 - mmengine - INFO - Epoch(train)  [4][2850/5001]  lr: 2.5000e-05  eta: 1 day, 7:01:25  time: 1.1174  data_time: 0.0033  memory: 7764  grad_norm: 59.5401  loss: 9.2839  rpn_s.0.loss_cls: 0.6773  rpn_s.0.loss_bbox: 0.1167  rpn_s.0.loss_giou: 0.8427  rpn_s.1.loss_cls: 0.4927  rpn_s.1.loss_bbox: 0.0555  rpn_s.1.loss_giou: 0.4520  rpn_s.2.loss_cls: 0.4251  rpn_s.2.loss_bbox: 0.0466  rpn_s.2.loss_giou: 0.3927  rpn_s.3.loss_cls: 0.4021  rpn_s.3.loss_bbox: 0.0441  rpn_s.3.loss_giou: 0.3762  s0.loss_cls: 0.4763  s0.pos_acc: 68.0555  s0.loss_bbox: 0.6297  s0.loss_iou: 1.3723  s1.loss_cls: 0.4913  s1.pos_acc: 62.5000  s1.loss_bbox: 0.6012  s1.loss_iou: 1.3897
2026/03/27 01:29:44 - mmengine - INFO - Epoch(train)  [4][2900/5001]  lr: 2.5000e-05  eta: 1 day, 7:00:36  time: 1.1154  data_time: 0.0032  memory: 7765  grad_norm: 55.3150  loss: 9.5298  rpn_s.0.loss_cls: 0.6814  rpn_s.0.loss_bbox: 0.1205  rpn_s.0.loss_giou: 0.8391  rpn_s.1.loss_cls: 0.4872  rpn_s.1.loss_bbox: 0.0525  rpn_s.1.loss_giou: 0.4321  rpn_s.2.loss_cls: 0.4237  rpn_s.2.loss_bbox: 0.0451  rpn_s.2.loss_giou: 0.3784  rpn_s.3.loss_cls: 0.3946  rpn_s.3.loss_bbox: 0.0420  rpn_s.3.loss_giou: 0.3592  s0.loss_cls: 0.5119  s0.pos_acc: 82.3770  s0.loss_bbox: 0.6471  s0.loss_iou: 1.4646  s1.loss_cls: 0.5112  s1.pos_acc: 84.4262  s1.loss_bbox: 0.6521  s1.loss_iou: 1.4870
2026/03/27 01:30:40 - mmengine - INFO - Epoch(train)  [4][2950/5001]  lr: 2.5000e-05  eta: 1 day, 6:59:46  time: 1.1092  data_time: 0.0032  memory: 7765  grad_norm: 53.7112  loss: 10.2661  rpn_s.0.loss_cls: 0.6996  rpn_s.0.loss_bbox: 0.1157  rpn_s.0.loss_giou: 0.8434  rpn_s.1.loss_cls: 0.5172  rpn_s.1.loss_bbox: 0.0551  rpn_s.1.loss_giou: 0.4566  rpn_s.2.loss_cls: 0.4528  rpn_s.2.loss_bbox: 0.0455  rpn_s.2.loss_giou: 0.3964  rpn_s.3.loss_cls: 0.4335  rpn_s.3.loss_bbox: 0.0416  rpn_s.3.loss_giou: 0.3695  s0.loss_cls: 0.5839  s0.pos_acc: 68.2540  s0.loss_bbox: 0.6798  s0.loss_iou: 1.6141  s1.loss_cls: 0.5910  s1.pos_acc: 71.4286  s1.loss_bbox: 0.6994  s1.loss_iou: 1.6711
2026/03/27 01:31:32 - mmengine - INFO - Exp name: GSDet_r50_b900_h2h4_h2r1_r2r1_2x_fair1m1.0_20260326_200141
2026/03/27 01:31:35 - mmengine - INFO - Epoch(train)  [4][3000/5001]  lr: 2.5000e-05  eta: 1 day, 6:58:54  time: 1.1031  data_time: 0.0032  memory: 7765  grad_norm: 52.5086  loss: 8.8738  rpn_s.0.loss_cls: 0.6589  rpn_s.0.loss_bbox: 0.1212  rpn_s.0.loss_giou: 0.7979  rpn_s.1.loss_cls: 0.4964  rpn_s.1.loss_bbox: 0.0544  rpn_s.1.loss_giou: 0.4232  rpn_s.2.loss_cls: 0.4291  rpn_s.2.loss_bbox: 0.0470  rpn_s.2.loss_giou: 0.3668  rpn_s.3.loss_cls: 0.3944  rpn_s.3.loss_bbox: 0.0427  rpn_s.3.loss_giou: 0.3459  s0.loss_cls: 0.4318  s0.pos_acc: 73.4513  s0.loss_bbox: 0.5951  s0.loss_iou: 1.3173  s1.loss_cls: 0.4435  s1.pos_acc: 75.2212  s1.loss_bbox: 0.5939  s1.loss_iou: 1.3143
2026/03/27 01:32:30 - mmengine - INFO - Epoch(train)  [4][3050/5001]  lr: 2.5000e-05  eta: 1 day, 6:58:01  time: 1.0984  data_time: 0.0031  memory: 7765  grad_norm: 53.5379  loss: 8.8000  rpn_s.0.loss_cls: 0.6466  rpn_s.0.loss_bbox: 0.1211  rpn_s.0.loss_giou: 0.7967  rpn_s.1.loss_cls: 0.4679  rpn_s.1.loss_bbox: 0.0568  rpn_s.1.loss_giou: 0.4350  rpn_s.2.loss_cls: 0.4066  rpn_s.2.loss_bbox: 0.0482  rpn_s.2.loss_giou: 0.3867  rpn_s.3.loss_cls: 0.3764  rpn_s.3.loss_bbox: 0.0446  rpn_s.3.loss_giou: 0.3661  s0.loss_cls: 0.4527  s0.pos_acc: 100.0000  s0.loss_bbox: 0.5460  s0.loss_iou: 1.2947  s1.loss_cls: 0.4643  s1.pos_acc: 97.5000  s1.loss_bbox: 0.5501  s1.loss_iou: 1.3396
2026/03/27 01:33:25 - mmengine - INFO - Epoch(train)  [4][3100/5001]  lr: 2.5000e-05  eta: 1 day, 6:57:07  time: 1.0960  data_time: 0.0033  memory: 7765  grad_norm: 52.7569  loss: 8.8868  rpn_s.0.loss_cls: 0.6470  rpn_s.0.loss_bbox: 0.1162  rpn_s.0.loss_giou: 0.8158  rpn_s.1.loss_cls: 0.4627  rpn_s.1.loss_bbox: 0.0467  rpn_s.1.loss_giou: 0.4146  rpn_s.2.loss_cls: 0.3999  rpn_s.2.loss_bbox: 0.0402  rpn_s.2.loss_giou: 0.3675  rpn_s.3.loss_cls: 0.3655  rpn_s.3.loss_bbox: 0.0382  rpn_s.3.loss_giou: 0.3541  s0.loss_cls: 0.4297  s0.pos_acc: 50.0000  s0.loss_bbox: 0.5549  s0.loss_iou: 1.3997  s1.loss_cls: 0.4411  s1.pos_acc: 33.3333  s1.loss_bbox: 0.5566  s1.loss_iou: 1.4365
2026/03/27 01:34:19 - mmengine - INFO - Epoch(train)  [4][3150/5001]  lr: 2.5000e-05  eta: 1 day, 6:56:13  time: 1.0936  data_time: 0.0033  memory: 7765  grad_norm: 54.5002  loss: 9.8815  rpn_s.0.loss_cls: 0.7064  rpn_s.0.loss_bbox: 0.1295  rpn_s.0.loss_giou: 0.9101  rpn_s.1.loss_cls: 0.5014  rpn_s.1.loss_bbox: 0.0576  rpn_s.1.loss_giou: 0.4703  rpn_s.2.loss_cls: 0.4436  rpn_s.2.loss_bbox: 0.0475  rpn_s.2.loss_giou: 0.4055  rpn_s.3.loss_cls: 0.4124  rpn_s.3.loss_bbox: 0.0430  rpn_s.3.loss_giou: 0.3818  s0.loss_cls: 0.4999  s0.pos_acc: 63.2353  s0.loss_bbox: 0.6201  s0.loss_iou: 1.5416  s1.loss_cls: 0.4988  s1.pos_acc: 64.7059  s1.loss_bbox: 0.6333  s1.loss_iou: 1.5790
2026/03/27 01:35:14 - mmengine - INFO - Epoch(train)  [4][3200/5001]  lr: 2.5000e-05  eta: 1 day, 6:55:19  time: 1.0968  data_time: 0.0033  memory: 7764  grad_norm: 64.6156  loss: 10.7197  rpn_s.0.loss_cls: 0.7245  rpn_s.0.loss_bbox: 0.1264  rpn_s.0.loss_giou: 0.9140  rpn_s.1.loss_cls: 0.5184  rpn_s.1.loss_bbox: 0.0573  rpn_s.1.loss_giou: 0.4813  rpn_s.2.loss_cls: 0.4633  rpn_s.2.loss_bbox: 0.0479  rpn_s.2.loss_giou: 0.4232  rpn_s.3.loss_cls: 0.4148  rpn_s.3.loss_bbox: 0.0437  rpn_s.3.loss_giou: 0.4001  s0.loss_cls: 0.5644  s0.pos_acc: 82.4074  s0.loss_bbox: 0.7107  s0.loss_iou: 1.7289  s1.loss_cls: 0.5630  s1.pos_acc: 72.2222  s1.loss_bbox: 0.7784  s1.loss_iou: 1.7592
2026/03/27 01:36:09 - mmengine - INFO - Epoch(train)  [4][3250/5001]  lr: 2.5000e-05  eta: 1 day, 6:54:28  time: 1.1055  data_time: 0.0033  memory: 7764  grad_norm: 53.8165  loss: 9.4100  rpn_s.0.loss_cls: 0.6815  rpn_s.0.loss_bbox: 0.1259  rpn_s.0.loss_giou: 0.9020  rpn_s.1.loss_cls: 0.5026  rpn_s.1.loss_bbox: 0.0581  rpn_s.1.loss_giou: 0.4699  rpn_s.2.loss_cls: 0.4415  rpn_s.2.loss_bbox: 0.0496  rpn_s.2.loss_giou: 0.4052  rpn_s.3.loss_cls: 0.4078  rpn_s.3.loss_bbox: 0.0458  rpn_s.3.loss_giou: 0.3852  s0.loss_cls: 0.4581  s0.pos_acc: 50.0000  s0.loss_bbox: 0.5792  s0.loss_iou: 1.4223  s1.loss_cls: 0.4655  s1.pos_acc: 75.0000  s1.loss_bbox: 0.5582  s1.loss_iou: 1.4516
2026/03/27 01:37:05 - mmengine - INFO - Epoch(train)  [4][3300/5001]  lr: 2.5000e-05  eta: 1 day, 6:53:39  time: 1.1164  data_time: 0.0034  memory: 7765  grad_norm: 54.0806  loss: 7.7811  rpn_s.0.loss_cls: 0.6522  rpn_s.0.loss_bbox: 0.1156  rpn_s.0.loss_giou: 0.7179  rpn_s.1.loss_cls: 0.5105  rpn_s.1.loss_bbox: 0.0579  rpn_s.1.loss_giou: 0.3937  rpn_s.2.loss_cls: 0.4475  rpn_s.2.loss_bbox: 0.0485  rpn_s.2.loss_giou: 0.3380  rpn_s.3.loss_cls: 0.4139  rpn_s.3.loss_bbox: 0.0473  rpn_s.3.loss_giou: 0.3293  s0.loss_cls: 0.3617  s0.pos_acc: 50.0000  s0.loss_bbox: 0.5020  s0.loss_iou: 0.9603  s1.loss_cls: 0.3825  s1.pos_acc: 58.3333  s1.loss_bbox: 0.5102  s1.loss_iou: 0.9920
2026/03/27 01:38:01 - mmengine - INFO - Epoch(train)  [4][3350/5001]  lr: 2.5000e-05  eta: 1 day, 6:52:51  time: 1.1159  data_time: 0.0032  memory: 7765  grad_norm: 56.0214  loss: 9.7656  rpn_s.0.loss_cls: 0.6846  rpn_s.0.loss_bbox: 0.1254  rpn_s.0.loss_giou: 0.9172  rpn_s.1.loss_cls: 0.5031  rpn_s.1.loss_bbox: 0.0565  rpn_s.1.loss_giou: 0.4801  rpn_s.2.loss_cls: 0.4384  rpn_s.2.loss_bbox: 0.0447  rpn_s.2.loss_giou: 0.4089  rpn_s.3.loss_cls: 0.4119  rpn_s.3.loss_bbox: 0.0420  rpn_s.3.loss_giou: 0.3884  s0.loss_cls: 0.5120  s0.pos_acc: 100.0000  s0.loss_bbox: 0.6079  s0.loss_iou: 1.4921  s1.loss_cls: 0.5073  s1.pos_acc: 100.0000  s1.loss_bbox: 0.6219  s1.loss_iou: 1.5232
2026/03/27 01:38:57 - mmengine - INFO - Epoch(train)  [4][3400/5001]  lr: 2.5000e-05  eta: 1 day, 6:52:02  time: 1.1157  data_time: 0.0031  memory: 7764  grad_norm: 55.0424  loss: 9.8937  rpn_s.0.loss_cls: 0.6941  rpn_s.0.loss_bbox: 0.1195  rpn_s.0.loss_giou: 0.8473  rpn_s.1.loss_cls: 0.5199  rpn_s.1.loss_bbox: 0.0557  rpn_s.1.loss_giou: 0.4595  rpn_s.2.loss_cls: 0.4608  rpn_s.2.loss_bbox: 0.0471  rpn_s.2.loss_giou: 0.4010  rpn_s.3.loss_cls: 0.4289  rpn_s.3.loss_bbox: 0.0448  rpn_s.3.loss_giou: 0.3833  s0.loss_cls: 0.5285  s0.pos_acc: 58.3333  s0.loss_bbox: 0.6563  s0.loss_iou: 1.4974  s1.loss_cls: 0.5270  s1.pos_acc: 66.6667  s1.loss_bbox: 0.6837  s1.loss_iou: 1.5387
2026/03/27 01:39:53 - mmengine - INFO - Epoch(train)  [4][3450/5001]  lr: 2.5000e-05  eta: 1 day, 6:51:14  time: 1.1152  data_time: 0.0032  memory: 7765  grad_norm: 54.8115  loss: 9.3733  rpn_s.0.loss_cls: 0.6711  rpn_s.0.loss_bbox: 0.1244  rpn_s.0.loss_giou: 0.8889  rpn_s.1.loss_cls: 0.4907  rpn_s.1.loss_bbox: 0.0520  rpn_s.1.loss_giou: 0.4616  rpn_s.2.loss_cls: 0.4218  rpn_s.2.loss_bbox: 0.0432  rpn_s.2.loss_giou: 0.4050  rpn_s.3.loss_cls: 0.3817  rpn_s.3.loss_bbox: 0.0406  rpn_s.3.loss_giou: 0.3824  s0.loss_cls: 0.4442  s0.pos_acc: 63.6364  s0.loss_bbox: 0.6174  s0.loss_iou: 1.4272  s1.loss_cls: 0.4512  s1.pos_acc: 72.7273  s1.loss_bbox: 0.6195  s1.loss_iou: 1.4504
2026/03/27 01:40:48 - mmengine - INFO - Epoch(train)  [4][3500/5001]  lr: 2.5000e-05  eta: 1 day, 6:50:23  time: 1.1066  data_time: 0.0033  memory: 7764  grad_norm: 49.4148  loss: 9.6668  rpn_s.0.loss_cls: 0.6897  rpn_s.0.loss_bbox: 0.1209  rpn_s.0.loss_giou: 0.9135  rpn_s.1.loss_cls: 0.4999  rpn_s.1.loss_bbox: 0.0524  rpn_s.1.loss_giou: 0.4787  rpn_s.2.loss_cls: 0.4407  rpn_s.2.loss_bbox: 0.0431  rpn_s.2.loss_giou: 0.4106  rpn_s.3.loss_cls: 0.3967  rpn_s.3.loss_bbox: 0.0401  rpn_s.3.loss_giou: 0.3868  s0.loss_cls: 0.5014  s0.pos_acc: 78.5714  s0.loss_bbox: 0.6106  s0.loss_iou: 1.4545  s1.loss_cls: 0.5090  s1.pos_acc: 50.0000  s1.loss_bbox: 0.6413  s1.loss_iou: 1.4771
2026/03/27 01:41:43 - mmengine - INFO - Epoch(train)  [4][3550/5001]  lr: 2.5000e-05  eta: 1 day, 6:49:30  time: 1.0999  data_time: 0.0032  memory: 7765  grad_norm: 54.4733  loss: 9.2605  rpn_s.0.loss_cls: 0.6652  rpn_s.0.loss_bbox: 0.1247  rpn_s.0.loss_giou: 0.8934  rpn_s.1.loss_cls: 0.4904  rpn_s.1.loss_bbox: 0.0526  rpn_s.1.loss_giou: 0.4403  rpn_s.2.loss_cls: 0.4318  rpn_s.2.loss_bbox: 0.0448  rpn_s.2.loss_giou: 0.3842  rpn_s.3.loss_cls: 0.3992  rpn_s.3.loss_bbox: 0.0409  rpn_s.3.loss_giou: 0.3621  s0.loss_cls: 0.4637  s0.pos_acc: 60.0000  s0.loss_bbox: 0.5821  s0.loss_iou: 1.4044  s1.loss_cls: 0.4558  s1.pos_acc: 45.0000  s1.loss_bbox: 0.5752  s1.loss_iou: 1.4498
2026/03/27 01:42:37 - mmengine - INFO - Epoch(train)  [4][3600/5001]  lr: 2.5000e-05  eta: 1 day, 6:48:32  time: 1.0811  data_time: 0.0031  memory: 7765  grad_norm: 55.5454  loss: 9.5405  rpn_s.0.loss_cls: 0.6918  rpn_s.0.loss_bbox: 0.1190  rpn_s.0.loss_giou: 0.9089  rpn_s.1.loss_cls: 0.5111  rpn_s.1.loss_bbox: 0.0508  rpn_s.1.loss_giou: 0.4662  rpn_s.2.loss_cls: 0.4465  rpn_s.2.loss_bbox: 0.0425  rpn_s.2.loss_giou: 0.4133  rpn_s.3.loss_cls: 0.4176  rpn_s.3.loss_bbox: 0.0397  rpn_s.3.loss_giou: 0.3950  s0.loss_cls: 0.4599  s0.pos_acc: 33.3333  s0.loss_bbox: 0.5161  s0.loss_iou: 1.5266  s1.loss_cls: 0.4618  s1.pos_acc: 33.3333  s1.loss_bbox: 0.5181  s1.loss_iou: 1.5558
2026/03/27 01:43:31 - mmengine - INFO - Epoch(train)  [4][3650/5001]  lr: 2.5000e-05  eta: 1 day, 6:47:33  time: 1.0779  data_time: 0.0031  memory: 7765  grad_norm: 59.3567  loss: 10.2059  rpn_s.0.loss_cls: 0.6983  rpn_s.0.loss_bbox: 0.1325  rpn_s.0.loss_giou: 0.9230  rpn_s.1.loss_cls: 0.5067  rpn_s.1.loss_bbox: 0.0638  rpn_s.1.loss_giou: 0.5207  rpn_s.2.loss_cls: 0.4533  rpn_s.2.loss_bbox: 0.0558  rpn_s.2.loss_giou: 0.4522  rpn_s.3.loss_cls: 0.4165  rpn_s.3.loss_bbox: 0.0503  rpn_s.3.loss_giou: 0.4214  s0.loss_cls: 0.4940  s0.pos_acc: 82.3529  s0.loss_bbox: 0.6000  s0.loss_iou: 1.6306  s1.loss_cls: 0.4857  s1.pos_acc: 94.1176  s1.loss_bbox: 0.6345  s1.loss_iou: 1.6665
2026/03/27 01:44:24 - mmengine - INFO - Epoch(train)  [4][3700/5001]  lr: 2.5000e-05  eta: 1 day, 6:46:32  time: 1.0709  data_time: 0.0032  memory: 7765  grad_norm: 57.7452  loss: 8.1742  rpn_s.0.loss_cls: 0.6343  rpn_s.0.loss_bbox: 0.1077  rpn_s.0.loss_giou: 0.7605  rpn_s.1.loss_cls: 0.4615  rpn_s.1.loss_bbox: 0.0548  rpn_s.1.loss_giou: 0.4193  rpn_s.2.loss_cls: 0.4060  rpn_s.2.loss_bbox: 0.0461  rpn_s.2.loss_giou: 0.3649  rpn_s.3.loss_cls: 0.3724  rpn_s.3.loss_bbox: 0.0419  rpn_s.3.loss_giou: 0.3401  s0.loss_cls: 0.3765  s0.pos_acc: 70.5882  s0.loss_bbox: 0.5547  s0.loss_iou: 1.1273  s1.loss_cls: 0.3857  s1.pos_acc: 67.6471  s1.loss_bbox: 0.5763  s1.loss_iou: 1.1441
2026/03/27 01:45:19 - mmengine - INFO - Epoch(train)  [4][3750/5001]  lr: 2.5000e-05  eta: 1 day, 6:45:35  time: 1.0845  data_time: 0.0033  memory: 7764  grad_norm: 54.5502  loss: 9.2017  rpn_s.0.loss_cls: 0.6570  rpn_s.0.loss_bbox: 0.1085  rpn_s.0.loss_giou: 0.7958  rpn_s.1.loss_cls: 0.4755  rpn_s.1.loss_bbox: 0.0498  rpn_s.1.loss_giou: 0.4261  rpn_s.2.loss_cls: 0.4140  rpn_s.2.loss_bbox: 0.0420  rpn_s.2.loss_giou: 0.3732  rpn_s.3.loss_cls: 0.3848  rpn_s.3.loss_bbox: 0.0392  rpn_s.3.loss_giou: 0.3528  s0.loss_cls: 0.4804  s0.pos_acc: 80.9524  s0.loss_bbox: 0.6469  s0.loss_iou: 1.3999  s1.loss_cls: 0.4816  s1.pos_acc: 73.8095  s1.loss_bbox: 0.6315  s1.loss_iou: 1.4429
2026/03/27 01:46:13 - mmengine - INFO - Epoch(train)  [4][3800/5001]  lr: 2.5000e-05  eta: 1 day, 6:44:41  time: 1.0959  data_time: 0.0033  memory: 7764  grad_norm: 54.7046  loss: 8.3019  rpn_s.0.loss_cls: 0.6671  rpn_s.0.loss_bbox: 0.1142  rpn_s.0.loss_giou: 0.7916  rpn_s.1.loss_cls: 0.5013  rpn_s.1.loss_bbox: 0.0532  rpn_s.1.loss_giou: 0.4209  rpn_s.2.loss_cls: 0.4386  rpn_s.2.loss_bbox: 0.0450  rpn_s.2.loss_giou: 0.3681  rpn_s.3.loss_cls: 0.4073  rpn_s.3.loss_bbox: 0.0425  rpn_s.3.loss_giou: 0.3549  s0.loss_cls: 0.4105  s0.pos_acc: 33.3333  s0.loss_bbox: 0.5368  s0.loss_iou: 1.0945  s1.loss_cls: 0.4054  s1.pos_acc: 66.6667  s1.loss_bbox: 0.5413  s1.loss_iou: 1.1088
2026/03/27 01:47:09 - mmengine - INFO - Epoch(train)  [4][3850/5001]  lr: 2.5000e-05  eta: 1 day, 6:43:50  time: 1.1100  data_time: 0.0033  memory: 7765  grad_norm: 49.5330  loss: 9.0320  rpn_s.0.loss_cls: 0.6871  rpn_s.0.loss_bbox: 0.1170  rpn_s.0.loss_giou: 0.8415  rpn_s.1.loss_cls: 0.5054  rpn_s.1.loss_bbox: 0.0534  rpn_s.1.loss_giou: 0.4449  rpn_s.2.loss_cls: 0.4432  rpn_s.2.loss_bbox: 0.0439  rpn_s.2.loss_giou: 0.3869  rpn_s.3.loss_cls: 0.4101  rpn_s.3.loss_bbox: 0.0412  rpn_s.3.loss_giou: 0.3662  s0.loss_cls: 0.4395  s0.pos_acc: 68.0672  s0.loss_bbox: 0.5364  s0.loss_iou: 1.3566  s1.loss_cls: 0.4526  s1.pos_acc: 71.8487  s1.loss_bbox: 0.5523  s1.loss_iou: 1.3537
2026/03/27 01:48:05 - mmengine - INFO - Epoch(train)  [4][3900/5001]  lr: 2.5000e-05  eta: 1 day, 6:43:03  time: 1.1192  data_time: 0.0032  memory: 7764  grad_norm: 59.7287  loss: 9.1253  rpn_s.0.loss_cls: 0.6913  rpn_s.0.loss_bbox: 0.1287  rpn_s.0.loss_giou: 0.8256  rpn_s.1.loss_cls: 0.4832  rpn_s.1.loss_bbox: 0.0593  rpn_s.1.loss_giou: 0.4331  rpn_s.2.loss_cls: 0.4189  rpn_s.2.loss_bbox: 0.0531  rpn_s.2.loss_giou: 0.3855  rpn_s.3.loss_cls: 0.3904  rpn_s.3.loss_bbox: 0.0516  rpn_s.3.loss_giou: 0.3742  s0.loss_cls: 0.4782  s0.pos_acc: 81.2500  s0.loss_bbox: 0.6156  s0.loss_iou: 1.2986  s1.loss_cls: 0.4797  s1.pos_acc: 81.2500  s1.loss_bbox: 0.6184  s1.loss_iou: 1.3399
2026/03/27 01:49:01 - mmengine - INFO - Epoch(train)  [4][3950/5001]  lr: 2.5000e-05  eta: 1 day, 6:42:13  time: 1.1122  data_time: 0.0033  memory: 7765  grad_norm: 50.7673  loss: 9.3112  rpn_s.0.loss_cls: 0.6907  rpn_s.0.loss_bbox: 0.1197  rpn_s.0.loss_giou: 0.8751  rpn_s.1.loss_cls: 0.5158  rpn_s.1.loss_bbox: 0.0548  rpn_s.1.loss_giou: 0.4754  rpn_s.2.loss_cls: 0.4598  rpn_s.2.loss_bbox: 0.0466  rpn_s.2.loss_giou: 0.4120  rpn_s.3.loss_cls: 0.4249  rpn_s.3.loss_bbox: 0.0432  rpn_s.3.loss_giou: 0.3890  s0.loss_cls: 0.4527  s0.pos_acc: 22.2222  s0.loss_bbox: 0.5321  s0.loss_iou: 1.4081  s1.loss_cls: 0.4545  s1.pos_acc: 38.8889  s1.loss_bbox: 0.5428  s1.loss_iou: 1.4141
2026/03/27 01:49:53 - mmengine - INFO - Exp name: GSDet_r50_b900_h2h4_h2r1_r2r1_2x_fair1m1.0_20260326_200141
2026/03/27 01:49:56 - mmengine - INFO - Epoch(train)  [4][4000/5001]  lr: 2.5000e-05  eta: 1 day, 6:41:24  time: 1.1154  data_time: 0.0033  memory: 7765  grad_norm: 51.8162  loss: 8.6525  rpn_s.0.loss_cls: 0.6660  rpn_s.0.loss_bbox: 0.1130  rpn_s.0.loss_giou: 0.8122  rpn_s.1.loss_cls: 0.4900  rpn_s.1.loss_bbox: 0.0510  rpn_s.1.loss_giou: 0.4380  rpn_s.2.loss_cls: 0.4147  rpn_s.2.loss_bbox: 0.0438  rpn_s.2.loss_giou: 0.3870  rpn_s.3.loss_cls: 0.3846  rpn_s.3.loss_bbox: 0.0413  rpn_s.3.loss_giou: 0.3670  s0.loss_cls: 0.4189  s0.pos_acc: 75.0000  s0.loss_bbox: 0.5247  s0.loss_iou: 1.2584  s1.loss_cls: 0.4206  s1.pos_acc: 68.1818  s1.loss_bbox: 0.5532  s1.loss_iou: 1.2681
2026/03/27 01:50:52 - mmengine - INFO - Epoch(train)  [4][4050/5001]  lr: 2.5000e-05  eta: 1 day, 6:40:34  time: 1.1117  data_time: 0.0033  memory: 7765  grad_norm: 58.6269  loss: 8.8779  rpn_s.0.loss_cls: 0.6320  rpn_s.0.loss_bbox: 0.1259  rpn_s.0.loss_giou: 0.8027  rpn_s.1.loss_cls: 0.4826  rpn_s.1.loss_bbox: 0.0633  rpn_s.1.loss_giou: 0.4377  rpn_s.2.loss_cls: 0.4228  rpn_s.2.loss_bbox: 0.0550  rpn_s.2.loss_giou: 0.3808  rpn_s.3.loss_cls: 0.3819  rpn_s.3.loss_bbox: 0.0534  rpn_s.3.loss_giou: 0.3647  s0.loss_cls: 0.4436  s0.pos_acc: 55.8824  s0.loss_bbox: 0.5399  s0.loss_iou: 1.3184  s1.loss_cls: 0.4436  s1.pos_acc: 56.8627  s1.loss_bbox: 0.5716  s1.loss_iou: 1.3581
2026/03/27 01:51:47 - mmengine - INFO - Epoch(train)  [4][4100/5001]  lr: 2.5000e-05  eta: 1 day, 6:39:40  time: 1.0970  data_time: 0.0032  memory: 7765  grad_norm: 54.4324  loss: 10.0628  rpn_s.0.loss_cls: 0.7105  rpn_s.0.loss_bbox: 0.1272  rpn_s.0.loss_giou: 0.8701  rpn_s.1.loss_cls: 0.5162  rpn_s.1.loss_bbox: 0.0628  rpn_s.1.loss_giou: 0.4711  rpn_s.2.loss_cls: 0.4469  rpn_s.2.loss_bbox: 0.0522  rpn_s.2.loss_giou: 0.4020  rpn_s.3.loss_cls: 0.4008  rpn_s.3.loss_bbox: 0.0503  rpn_s.3.loss_giou: 0.3832  s0.loss_cls: 0.5121  s0.pos_acc: 100.0000  s0.loss_bbox: 0.6537  s0.loss_iou: 1.6105  s1.loss_cls: 0.5101  s1.pos_acc: 96.5116  s1.loss_bbox: 0.6637  s1.loss_iou: 1.6193
2026/03/27 01:52:42 - mmengine - INFO - Epoch(train)  [4][4150/5001]  lr: 2.5000e-05  eta: 1 day, 6:38:46  time: 1.0956  data_time: 0.0031  memory: 7765  grad_norm: 58.2971  loss: 9.5619  rpn_s.0.loss_cls: 0.6923  rpn_s.0.loss_bbox: 0.1299  rpn_s.0.loss_giou: 0.8927  rpn_s.1.loss_cls: 0.5016  rpn_s.1.loss_bbox: 0.0623  rpn_s.1.loss_giou: 0.4741  rpn_s.2.loss_cls: 0.4381  rpn_s.2.loss_bbox: 0.0529  rpn_s.2.loss_giou: 0.4106  rpn_s.3.loss_cls: 0.4058  rpn_s.3.loss_bbox: 0.0496  rpn_s.3.loss_giou: 0.3909  s0.loss_cls: 0.4686  s0.pos_acc: 100.0000  s0.loss_bbox: 0.5729  s0.loss_iou: 1.4729  s1.loss_cls: 0.4659  s1.pos_acc: 100.0000  s1.loss_bbox: 0.5875  s1.loss_iou: 1.4932
2026/03/27 01:53:37 - mmengine - INFO - Epoch(train)  [4][4200/5001]  lr: 2.5000e-05  eta: 1 day, 6:37:53  time: 1.1004  data_time: 0.0032  memory: 7765  grad_norm: 51.8835  loss: 10.2463  rpn_s.0.loss_cls: 0.6948  rpn_s.0.loss_bbox: 0.1296  rpn_s.0.loss_giou: 0.9237  rpn_s.1.loss_cls: 0.4930  rpn_s.1.loss_bbox: 0.0645  rpn_s.1.loss_giou: 0.4894  rpn_s.2.loss_cls: 0.4345  rpn_s.2.loss_bbox: 0.0543  rpn_s.2.loss_giou: 0.4274  rpn_s.3.loss_cls: 0.4015  rpn_s.3.loss_bbox: 0.0514  rpn_s.3.loss_giou: 0.4031  s0.loss_cls: 0.5708  s0.pos_acc: 75.0000  s0.loss_bbox: 0.6887  s0.loss_iou: 1.5871  s1.loss_cls: 0.5772  s1.pos_acc: 62.5000  s1.loss_bbox: 0.6649  s1.loss_iou: 1.5903
2026/03/27 01:54:32 - mmengine - INFO - Epoch(train)  [4][4250/5001]  lr: 2.5000e-05  eta: 1 day, 6:37:00  time: 1.0997  data_time: 0.0033  memory: 7765  grad_norm: 53.1455  loss: 9.4252  rpn_s.0.loss_cls: 0.6931  rpn_s.0.loss_bbox: 0.1190  rpn_s.0.loss_giou: 0.8693  rpn_s.1.loss_cls: 0.4906  rpn_s.1.loss_bbox: 0.0537  rpn_s.1.loss_giou: 0.4618  rpn_s.2.loss_cls: 0.4199  rpn_s.2.loss_bbox: 0.0446  rpn_s.2.loss_giou: 0.4005  rpn_s.3.loss_cls: 0.3898  rpn_s.3.loss_bbox: 0.0405  rpn_s.3.loss_giou: 0.3772  s0.loss_cls: 0.4745  s0.pos_acc: 80.0000  s0.loss_bbox: 0.5873  s0.loss_iou: 1.4570  s1.loss_cls: 0.4850  s1.pos_acc: 80.0000  s1.loss_bbox: 0.5864  s1.loss_iou: 1.4751
2026/03/27 01:55:27 - mmengine - INFO - Epoch(train)  [4][4300/5001]  lr: 2.5000e-05  eta: 1 day, 6:36:08  time: 1.1035  data_time: 0.0033  memory: 7765  grad_norm: 51.4161  loss: 9.8340  rpn_s.0.loss_cls: 0.6885  rpn_s.0.loss_bbox: 0.1309  rpn_s.0.loss_giou: 0.8913  rpn_s.1.loss_cls: 0.5096  rpn_s.1.loss_bbox: 0.0591  rpn_s.1.loss_giou: 0.4862  rpn_s.2.loss_cls: 0.4490  rpn_s.2.loss_bbox: 0.0489  rpn_s.2.loss_giou: 0.4219  rpn_s.3.loss_cls: 0.4177  rpn_s.3.loss_bbox: 0.0445  rpn_s.3.loss_giou: 0.3960  s0.loss_cls: 0.4839  s0.pos_acc: 69.0000  s0.loss_bbox: 0.6325  s0.loss_iou: 1.5321  s1.loss_cls: 0.4776  s1.pos_acc: 70.0000  s1.loss_bbox: 0.6139  s1.loss_iou: 1.5503
2026/03/27 01:56:22 - mmengine - INFO - Epoch(train)  [4][4350/5001]  lr: 2.5000e-05  eta: 1 day, 6:35:19  time: 1.1142  data_time: 0.0032  memory: 7766  grad_norm: 59.2131  loss: 9.4755  rpn_s.0.loss_cls: 0.6893  rpn_s.0.loss_bbox: 0.1179  rpn_s.0.loss_giou: 0.8961  rpn_s.1.loss_cls: 0.5107  rpn_s.1.loss_bbox: 0.0505  rpn_s.1.loss_giou: 0.4640  rpn_s.2.loss_cls: 0.4303  rpn_s.2.loss_bbox: 0.0411  rpn_s.2.loss_giou: 0.3918  rpn_s.3.loss_cls: 0.3892  rpn_s.3.loss_bbox: 0.0370  rpn_s.3.loss_giou: 0.3603  s0.loss_cls: 0.4819  s0.pos_acc: 66.8675  s0.loss_bbox: 0.6164  s0.loss_iou: 1.4473  s1.loss_cls: 0.4707  s1.pos_acc: 70.4819  s1.loss_bbox: 0.6102  s1.loss_iou: 1.4706
2026/03/27 01:57:18 - mmengine - INFO - Epoch(train)  [4][4400/5001]  lr: 2.5000e-05  eta: 1 day, 6:34:30  time: 1.1165  data_time: 0.0032  memory: 7765  grad_norm: 59.2858  loss: 9.2024  rpn_s.0.loss_cls: 0.6823  rpn_s.0.loss_bbox: 0.1157  rpn_s.0.loss_giou: 0.8601  rpn_s.1.loss_cls: 0.4924  rpn_s.1.loss_bbox: 0.0527  rpn_s.1.loss_giou: 0.4539  rpn_s.2.loss_cls: 0.4394  rpn_s.2.loss_bbox: 0.0434  rpn_s.2.loss_giou: 0.3897  rpn_s.3.loss_cls: 0.4077  rpn_s.3.loss_bbox: 0.0400  rpn_s.3.loss_giou: 0.3692  s0.loss_cls: 0.4878  s0.pos_acc: 63.1579  s0.loss_bbox: 0.5435  s0.loss_iou: 1.3863  s1.loss_cls: 0.4945  s1.pos_acc: 57.8947  s1.loss_bbox: 0.5495  s1.loss_iou: 1.3942
2026/03/27 01:58:14 - mmengine - INFO - Epoch(train)  [4][4450/5001]  lr: 2.5000e-05  eta: 1 day, 6:33:41  time: 1.1176  data_time: 0.0034  memory: 7765  grad_norm: 50.3500  loss: 9.3096  rpn_s.0.loss_cls: 0.6874  rpn_s.0.loss_bbox: 0.1174  rpn_s.0.loss_giou: 0.9202  rpn_s.1.loss_cls: 0.4699  rpn_s.1.loss_bbox: 0.0503  rpn_s.1.loss_giou: 0.4638  rpn_s.2.loss_cls: 0.4086  rpn_s.2.loss_bbox: 0.0424  rpn_s.2.loss_giou: 0.4009  rpn_s.3.loss_cls: 0.3779  rpn_s.3.loss_bbox: 0.0402  rpn_s.3.loss_giou: 0.3787  s0.loss_cls: 0.4716  s0.pos_acc: 60.2564  s0.loss_bbox: 0.5743  s0.loss_iou: 1.4034  s1.loss_cls: 0.4597  s1.pos_acc: 56.4103  s1.loss_bbox: 0.6071  s1.loss_iou: 1.4358
2026/03/27 01:59:10 - mmengine - INFO - Epoch(train)  [4][4500/5001]  lr: 2.5000e-05  eta: 1 day, 6:32:53  time: 1.1196  data_time: 0.0033  memory: 7765  grad_norm: 51.8284  loss: 10.8645  rpn_s.0.loss_cls: 0.6927  rpn_s.0.loss_bbox: 0.1274  rpn_s.0.loss_giou: 0.9764  rpn_s.1.loss_cls: 0.4925  rpn_s.1.loss_bbox: 0.0568  rpn_s.1.loss_giou: 0.5066  rpn_s.2.loss_cls: 0.4336  rpn_s.2.loss_bbox: 0.0474  rpn_s.2.loss_giou: 0.4345  rpn_s.3.loss_cls: 0.4011  rpn_s.3.loss_bbox: 0.0437  rpn_s.3.loss_giou: 0.4091  s0.loss_cls: 0.5514  s0.pos_acc: 62.5000  s0.loss_bbox: 0.7069  s0.loss_iou: 1.8401  s1.loss_cls: 0.5566  s1.pos_acc: 72.9167  s1.loss_bbox: 0.7304  s1.loss_iou: 1.8574
2026/03/27 02:00:06 - mmengine - INFO - Epoch(train)  [4][4550/5001]  lr: 2.5000e-05  eta: 1 day, 6:32:04  time: 1.1144  data_time: 0.0032  memory: 7765  grad_norm: 60.1101  loss: 8.7266  rpn_s.0.loss_cls: 0.6730  rpn_s.0.loss_bbox: 0.1254  rpn_s.0.loss_giou: 0.8109  rpn_s.1.loss_cls: 0.4835  rpn_s.1.loss_bbox: 0.0583  rpn_s.1.loss_giou: 0.4355  rpn_s.2.loss_cls: 0.4141  rpn_s.2.loss_bbox: 0.0497  rpn_s.2.loss_giou: 0.3833  rpn_s.3.loss_cls: 0.3838  rpn_s.3.loss_bbox: 0.0459  rpn_s.3.loss_giou: 0.3604  s0.loss_cls: 0.4467  s0.pos_acc: 55.0000  s0.loss_bbox: 0.5262  s0.loss_iou: 1.2501  s1.loss_cls: 0.4572  s1.pos_acc: 51.6667  s1.loss_bbox: 0.5270  s1.loss_iou: 1.2956
2026/03/27 02:01:01 - mmengine - INFO - Epoch(train)  [4][4600/5001]  lr: 2.5000e-05  eta: 1 day, 6:31:12  time: 1.1079  data_time: 0.0032  memory: 7765  grad_norm: 49.3706  loss: 9.8192  rpn_s.0.loss_cls: 0.6778  rpn_s.0.loss_bbox: 0.1118  rpn_s.0.loss_giou: 0.8535  rpn_s.1.loss_cls: 0.5012  rpn_s.1.loss_bbox: 0.0522  rpn_s.1.loss_giou: 0.4654  rpn_s.2.loss_cls: 0.4484  rpn_s.2.loss_bbox: 0.0453  rpn_s.2.loss_giou: 0.4002  rpn_s.3.loss_cls: 0.4185  rpn_s.3.loss_bbox: 0.0430  rpn_s.3.loss_giou: 0.3792  s0.loss_cls: 0.5223  s0.pos_acc: 57.5342  s0.loss_bbox: 0.6650  s0.loss_iou: 1.5128  s1.loss_cls: 0.5132  s1.pos_acc: 54.7945  s1.loss_bbox: 0.6908  s1.loss_iou: 1.5187
2026/03/27 02:01:56 - mmengine - INFO - Epoch(train)  [4][4650/5001]  lr: 2.5000e-05  eta: 1 day, 6:30:17  time: 1.0927  data_time: 0.0032  memory: 7765  grad_norm: 49.0579  loss: 9.4784  rpn_s.0.loss_cls: 0.6733  rpn_s.0.loss_bbox: 0.1208  rpn_s.0.loss_giou: 0.8725  rpn_s.1.loss_cls: 0.4813  rpn_s.1.loss_bbox: 0.0575  rpn_s.1.loss_giou: 0.4822  rpn_s.2.loss_cls: 0.4297  rpn_s.2.loss_bbox: 0.0491  rpn_s.2.loss_giou: 0.4138  rpn_s.3.loss_cls: 0.4008  rpn_s.3.loss_bbox: 0.0454  rpn_s.3.loss_giou: 0.3931  s0.loss_cls: 0.4572  s0.pos_acc: 25.0000  s0.loss_bbox: 0.5529  s0.loss_iou: 1.5103  s1.loss_cls: 0.4570  s1.pos_acc: 5.0000  s1.loss_bbox: 0.5601  s1.loss_iou: 1.5212
2026/03/27 02:02:50 - mmengine - INFO - Epoch(train)  [4][4700/5001]  lr: 2.5000e-05  eta: 1 day, 6:29:20  time: 1.0848  data_time: 0.0033  memory: 7765  grad_norm: 57.3179  loss: 9.4907  rpn_s.0.loss_cls: 0.6800  rpn_s.0.loss_bbox: 0.1217  rpn_s.0.loss_giou: 0.8714  rpn_s.1.loss_cls: 0.4878  rpn_s.1.loss_bbox: 0.0556  rpn_s.1.loss_giou: 0.4572  rpn_s.2.loss_cls: 0.4275  rpn_s.2.loss_bbox: 0.0449  rpn_s.2.loss_giou: 0.4004  rpn_s.3.loss_cls: 0.3857  rpn_s.3.loss_bbox: 0.0421  rpn_s.3.loss_giou: 0.3806  s0.loss_cls: 0.4920  s0.pos_acc: 100.0000  s0.loss_bbox: 0.5937  s0.loss_iou: 1.4614  s1.loss_cls: 0.4987  s1.pos_acc: 100.0000  s1.loss_bbox: 0.6162  s1.loss_iou: 1.4739
2026/03/27 02:03:44 - mmengine - INFO - Epoch(train)  [4][4750/5001]  lr: 2.5000e-05  eta: 1 day, 6:28:22  time: 1.0797  data_time: 0.0032  memory: 7765  grad_norm: 61.5832  loss: 8.3464  rpn_s.0.loss_cls: 0.6450  rpn_s.0.loss_bbox: 0.1167  rpn_s.0.loss_giou: 0.7603  rpn_s.1.loss_cls: 0.4728  rpn_s.1.loss_bbox: 0.0544  rpn_s.1.loss_giou: 0.4108  rpn_s.2.loss_cls: 0.4225  rpn_s.2.loss_bbox: 0.0454  rpn_s.2.loss_giou: 0.3555  rpn_s.3.loss_cls: 0.3890  rpn_s.3.loss_bbox: 0.0421  rpn_s.3.loss_giou: 0.3350  s0.loss_cls: 0.4327  s0.pos_acc: 75.0000  s0.loss_bbox: 0.5900  s0.loss_iou: 1.1165  s1.loss_cls: 0.4385  s1.pos_acc: 75.0000  s1.loss_bbox: 0.5674  s1.loss_iou: 1.1516
2026/03/27 02:04:38 - mmengine - INFO - Epoch(train)  [4][4800/5001]  lr: 2.5000e-05  eta: 1 day, 6:27:25  time: 1.0853  data_time: 0.0033  memory: 7764  grad_norm: 53.2229  loss: 9.1525  rpn_s.0.loss_cls: 0.6845  rpn_s.0.loss_bbox: 0.1139  rpn_s.0.loss_giou: 0.8566  rpn_s.1.loss_cls: 0.4995  rpn_s.1.loss_bbox: 0.0495  rpn_s.1.loss_giou: 0.4341  rpn_s.2.loss_cls: 0.4386  rpn_s.2.loss_bbox: 0.0436  rpn_s.2.loss_giou: 0.3851  rpn_s.3.loss_cls: 0.4051  rpn_s.3.loss_bbox: 0.0407  rpn_s.3.loss_giou: 0.3654  s0.loss_cls: 0.4849  s0.pos_acc: 79.4118  s0.loss_bbox: 0.6319  s0.loss_iou: 1.2929  s1.loss_cls: 0.4838  s1.pos_acc: 82.3529  s1.loss_bbox: 0.6327  s1.loss_iou: 1.3096
2026/03/27 02:05:34 - mmengine - INFO - Epoch(train)  [4][4850/5001]  lr: 2.5000e-05  eta: 1 day, 6:26:33  time: 1.1057  data_time: 0.0032  memory: 7764  grad_norm: 53.3345  loss: 9.9418  rpn_s.0.loss_cls: 0.7149  rpn_s.0.loss_bbox: 0.1213  rpn_s.0.loss_giou: 0.8613  rpn_s.1.loss_cls: 0.4992  rpn_s.1.loss_bbox: 0.0635  rpn_s.1.loss_giou: 0.4686  rpn_s.2.loss_cls: 0.4309  rpn_s.2.loss_bbox: 0.0552  rpn_s.2.loss_giou: 0.4159  rpn_s.3.loss_cls: 0.4006  rpn_s.3.loss_bbox: 0.0523  rpn_s.3.loss_giou: 0.3911  s0.loss_cls: 0.5221  s0.pos_acc: 75.0000  s0.loss_bbox: 0.6718  s0.loss_iou: 1.5246  s1.loss_cls: 0.5246  s1.pos_acc: 70.0000  s1.loss_bbox: 0.6796  s1.loss_iou: 1.5443
2026/03/27 02:06:29 - mmengine - INFO - Epoch(train)  [4][4900/5001]  lr: 2.5000e-05  eta: 1 day, 6:25:41  time: 1.1039  data_time: 0.0033  memory: 7765  grad_norm: 52.9733  loss: 8.1644  rpn_s.0.loss_cls: 0.6739  rpn_s.0.loss_bbox: 0.1129  rpn_s.0.loss_giou: 0.7609  rpn_s.1.loss_cls: 0.4846  rpn_s.1.loss_bbox: 0.0517  rpn_s.1.loss_giou: 0.4027  rpn_s.2.loss_cls: 0.4211  rpn_s.2.loss_bbox: 0.0454  rpn_s.2.loss_giou: 0.3554  rpn_s.3.loss_cls: 0.3867  rpn_s.3.loss_bbox: 0.0430  rpn_s.3.loss_giou: 0.3447  s0.loss_cls: 0.4060  s0.pos_acc: 57.6923  s0.loss_bbox: 0.5117  s0.loss_iou: 1.1054  s1.loss_cls: 0.4210  s1.pos_acc: 50.0000  s1.loss_bbox: 0.5195  s1.loss_iou: 1.1178
2026/03/27 02:07:24 - mmengine - INFO - Epoch(train)  [4][4950/5001]  lr: 2.5000e-05  eta: 1 day, 6:24:50  time: 1.1089  data_time: 0.0032  memory: 7765  grad_norm: 56.4098  loss: 9.3858  rpn_s.0.loss_cls: 0.6812  rpn_s.0.loss_bbox: 0.1213  rpn_s.0.loss_giou: 0.8270  rpn_s.1.loss_cls: 0.4935  rpn_s.1.loss_bbox: 0.0576  rpn_s.1.loss_giou: 0.4491  rpn_s.2.loss_cls: 0.4309  rpn_s.2.loss_bbox: 0.0484  rpn_s.2.loss_giou: 0.3934  rpn_s.3.loss_cls: 0.3918  rpn_s.3.loss_bbox: 0.0461  rpn_s.3.loss_giou: 0.3785  s0.loss_cls: 0.4871  s0.pos_acc: 72.4638  s0.loss_bbox: 0.6079  s0.loss_iou: 1.4182  s1.loss_cls: 0.5028  s1.pos_acc: 74.6377  s1.loss_bbox: 0.6128  s1.loss_iou: 1.4383
2026/03/27 02:08:16 - mmengine - INFO - Exp name: GSDet_r50_b900_h2h4_h2r1_r2r1_2x_fair1m1.0_20260326_200141
2026/03/27 02:08:19 - mmengine - INFO - Epoch(train)  [4][5000/5001]  lr: 2.5000e-05  eta: 1 day, 6:23:58  time: 1.1033  data_time: 0.0032  memory: 7765  grad_norm: 54.7981  loss: 9.8662  rpn_s.0.loss_cls: 0.6528  rpn_s.0.loss_bbox: 0.1187  rpn_s.0.loss_giou: 0.8367  rpn_s.1.loss_cls: 0.4912  rpn_s.1.loss_bbox: 0.0525  rpn_s.1.loss_giou: 0.4298  rpn_s.2.loss_cls: 0.4438  rpn_s.2.loss_bbox: 0.0443  rpn_s.2.loss_giou: 0.3738  rpn_s.3.loss_cls: 0.4038  rpn_s.3.loss_bbox: 0.0418  rpn_s.3.loss_giou: 0.3583  s0.loss_cls: 0.5371  s0.pos_acc: 100.0000  s0.loss_bbox: 0.7818  s0.loss_iou: 1.4839  s1.loss_cls: 0.5479  s1.pos_acc: 100.0000  s1.loss_bbox: 0.7587  s1.loss_iou: 1.5092
2026/03/27 02:08:21 - mmengine - INFO - Exp name: GSDet_r50_b900_h2h4_h2r1_r2r1_2x_fair1m1.0_20260326_200141
2026/03/27 02:08:21 - mmengine - INFO - Saving checkpoint at 4 epochs
2026/03/27 02:09:19 - mmengine - INFO - Epoch(train)  [5][  50/5001]  lr: 2.5000e-05  eta: 1 day, 6:23:02  time: 1.0947  data_time: 0.0040  memory: 7765  grad_norm: 54.5844  loss: 10.0660  rpn_s.0.loss_cls: 0.6710  rpn_s.0.loss_bbox: 0.1157  rpn_s.0.loss_giou: 0.8558  rpn_s.1.loss_cls: 0.4826  rpn_s.1.loss_bbox: 0.0523  rpn_s.1.loss_giou: 0.4544  rpn_s.2.loss_cls: 0.4251  rpn_s.2.loss_bbox: 0.0438  rpn_s.2.loss_giou: 0.3915  rpn_s.3.loss_cls: 0.4041  rpn_s.3.loss_bbox: 0.0397  rpn_s.3.loss_giou: 0.3664  s0.loss_cls: 0.5574  s0.pos_acc: 50.0000  s0.loss_bbox: 0.7263  s0.loss_iou: 1.6001  s1.loss_cls: 0.5557  s1.pos_acc: 62.5000  s1.loss_bbox: 0.7026  s1.loss_iou: 1.6216
2026/03/27 02:10:13 - mmengine - INFO - Epoch(train)  [5][ 100/5001]  lr: 2.5000e-05  eta: 1 day, 6:22:06  time: 1.0899  data_time: 0.0034  memory: 7765  grad_norm: 56.9835  loss: 9.4870  rpn_s.0.loss_cls: 0.6645  rpn_s.0.loss_bbox: 0.1160  rpn_s.0.loss_giou: 0.8769  rpn_s.1.loss_cls: 0.4752  rpn_s.1.loss_bbox: 0.0530  rpn_s.1.loss_giou: 0.4711  rpn_s.2.loss_cls: 0.4031  rpn_s.2.loss_bbox: 0.0456  rpn_s.2.loss_giou: 0.4098  rpn_s.3.loss_cls: 0.3717  rpn_s.3.loss_bbox: 0.0425  rpn_s.3.loss_giou: 0.3901  s0.loss_cls: 0.4457  s0.pos_acc: 68.5185  s0.loss_bbox: 0.6476  s0.loss_iou: 1.4914  s1.loss_cls: 0.4356  s1.pos_acc: 75.9259  s1.loss_bbox: 0.6404  s1.loss_iou: 1.5068
2026/03/27 02:11:08 - mmengine - INFO - Epoch(train)  [5][ 150/5001]  lr: 2.5000e-05  eta: 1 day, 6:21:12  time: 1.0961  data_time: 0.0033  memory: 7765  grad_norm: 53.3180  loss: 10.5726  rpn_s.0.loss_cls: 0.6914  rpn_s.0.loss_bbox: 0.1181  rpn_s.0.loss_giou: 0.9636  rpn_s.1.loss_cls: 0.4953  rpn_s.1.loss_bbox: 0.0505  rpn_s.1.loss_giou: 0.4911  rpn_s.2.loss_cls: 0.4319  rpn_s.2.loss_bbox: 0.0431  rpn_s.2.loss_giou: 0.4252  rpn_s.3.loss_cls: 0.3896  rpn_s.3.loss_bbox: 0.0393  rpn_s.3.loss_giou: 0.4032  s0.loss_cls: 0.5296  s0.pos_acc: 73.4127  s0.loss_bbox: 0.6885  s0.loss_iou: 1.7887  s1.loss_cls: 0.5424  s1.pos_acc: 77.7778  s1.loss_bbox: 0.6546  s1.loss_iou: 1.8267
2026/03/27 02:12:03 - mmengine - INFO - Epoch(train)  [5][ 200/5001]  lr: 2.5000e-05  eta: 1 day, 6:20:18  time: 1.0970  data_time: 0.0034  memory: 7764  grad_norm: 56.6639  loss: 8.8839  rpn_s.0.loss_cls: 0.6744  rpn_s.0.loss_bbox: 0.1092  rpn_s.0.loss_giou: 0.8153  rpn_s.1.loss_cls: 0.4990  rpn_s.1.loss_bbox: 0.0473  rpn_s.1.loss_giou: 0.4342  rpn_s.2.loss_cls: 0.4353  rpn_s.2.loss_bbox: 0.0398  rpn_s.2.loss_giou: 0.3748  rpn_s.3.loss_cls: 0.3960  rpn_s.3.loss_bbox: 0.0362  rpn_s.3.loss_giou: 0.3581  s0.loss_cls: 0.4525  s0.pos_acc: 90.0000  s0.loss_bbox: 0.5320  s0.loss_iou: 1.3264  s1.loss_cls: 0.4476  s1.pos_acc: 70.0000  s1.loss_bbox: 0.5671  s1.loss_iou: 1.3386
2026/03/27 02:12:58 - mmengine - INFO - Epoch(train)  [5][ 250/5001]  lr: 2.5000e-05  eta: 1 day, 6:19:26  time: 1.1073  data_time: 0.0033  memory: 7765  grad_norm: 55.7624  loss: 9.7653  rpn_s.0.loss_cls: 0.7156  rpn_s.0.loss_bbox: 0.1209  rpn_s.0.loss_giou: 0.8270  rpn_s.1.loss_cls: 0.5191  rpn_s.1.loss_bbox: 0.0535  rpn_s.1.loss_giou: 0.4324  rpn_s.2.loss_cls: 0.4667  rpn_s.2.loss_bbox: 0.0443  rpn_s.2.loss_giou: 0.3741  rpn_s.3.loss_cls: 0.4354  rpn_s.3.loss_bbox: 0.0403  rpn_s.3.loss_giou: 0.3526  s0.loss_cls: 0.5646  s0.pos_acc: 72.7273  s0.loss_bbox: 0.6565  s0.loss_iou: 1.4685  s1.loss_cls: 0.5686  s1.pos_acc: 81.8182  s1.loss_bbox: 0.6493  s1.loss_iou: 1.4759
2026/03/27 02:13:54 - mmengine - INFO - Epoch(train)  [5][ 300/5001]  lr: 2.5000e-05  eta: 1 day, 6:18:36  time: 1.1130  data_time: 0.0032  memory: 7765  grad_norm: 60.1829  loss: 9.4546  rpn_s.0.loss_cls: 0.6867  rpn_s.0.loss_bbox: 0.1232  rpn_s.0.loss_giou: 0.9191  rpn_s.1.loss_cls: 0.4880  rpn_s.1.loss_bbox: 0.0550  rpn_s.1.loss_giou: 0.4636  rpn_s.2.loss_cls: 0.4245  rpn_s.2.loss_bbox: 0.0476  rpn_s.2.loss_giou: 0.4044  rpn_s.3.loss_cls: 0.3825  rpn_s.3.loss_bbox: 0.0436  rpn_s.3.loss_giou: 0.3806  s0.loss_cls: 0.4621  s0.pos_acc: 60.2041  s0.loss_bbox: 0.6388  s0.loss_iou: 1.3992  s1.loss_cls: 0.4739  s1.pos_acc: 68.3673  s1.loss_bbox: 0.6318  s1.loss_iou: 1.4301
2026/03/27 02:14:50 - mmengine - INFO - Epoch(train)  [5][ 350/5001]  lr: 2.5000e-05  eta: 1 day, 6:17:49  time: 1.1246  data_time: 0.0032  memory: 7765  grad_norm: 56.0913  loss: 8.7079  rpn_s.0.loss_cls: 0.6411  rpn_s.0.loss_bbox: 0.1171  rpn_s.0.loss_giou: 0.7869  rpn_s.1.loss_cls: 0.4595  rpn_s.1.loss_bbox: 0.0571  rpn_s.1.loss_giou: 0.4243  rpn_s.2.loss_cls: 0.4082  rpn_s.2.loss_bbox: 0.0492  rpn_s.2.loss_giou: 0.3718  rpn_s.3.loss_cls: 0.3780  rpn_s.3.loss_bbox: 0.0454  rpn_s.3.loss_giou: 0.3549  s0.loss_cls: 0.4260  s0.pos_acc: 100.0000  s0.loss_bbox: 0.6452  s0.loss_iou: 1.2323  s1.loss_cls: 0.4340  s1.pos_acc: 100.0000  s1.loss_bbox: 0.6135  s1.loss_iou: 1.2633
2026/03/27 02:15:47 - mmengine - INFO - Epoch(train)  [5][ 400/5001]  lr: 2.5000e-05  eta: 1 day, 6:17:03  time: 1.1310  data_time: 0.0031  memory: 7765  grad_norm: 55.6785  loss: 10.2402  rpn_s.0.loss_cls: 0.7037  rpn_s.0.loss_bbox: 0.1282  rpn_s.0.loss_giou: 0.9259  rpn_s.1.loss_cls: 0.5029  rpn_s.1.loss_bbox: 0.0585  rpn_s.1.loss_giou: 0.4915  rpn_s.2.loss_cls: 0.4489  rpn_s.2.loss_bbox: 0.0517  rpn_s.2.loss_giou: 0.4294  rpn_s.3.loss_cls: 0.4134  rpn_s.3.loss_bbox: 0.0476  rpn_s.3.loss_giou: 0.4086  s0.loss_cls: 0.5236  s0.pos_acc: 75.8064  s0.loss_bbox: 0.5852  s0.loss_iou: 1.7035  s1.loss_cls: 0.5261  s1.pos_acc: 83.8710  s1.loss_bbox: 0.5745  s1.loss_iou: 1.7170
2026/03/27 02:16:43 - mmengine - INFO - Epoch(train)  [5][ 450/5001]  lr: 2.5000e-05  eta: 1 day, 6:16:14  time: 1.1158  data_time: 0.0031  memory: 7765  grad_norm: 52.8150  loss: 8.7936  rpn_s.0.loss_cls: 0.6412  rpn_s.0.loss_bbox: 0.1231  rpn_s.0.loss_giou: 0.7677  rpn_s.1.loss_cls: 0.4590  rpn_s.1.loss_bbox: 0.0624  rpn_s.1.loss_giou: 0.4154  rpn_s.2.loss_cls: 0.4045  rpn_s.2.loss_bbox: 0.0515  rpn_s.2.loss_giou: 0.3558  rpn_s.3.loss_cls: 0.3692  rpn_s.3.loss_bbox: 0.0482  rpn_s.3.loss_giou: 0.3386  s0.loss_cls: 0.4397  s0.pos_acc: 33.3333  s0.loss_bbox: 0.5703  s0.loss_iou: 1.3545  s1.loss_cls: 0.4539  s1.pos_acc: 66.6667  s1.loss_bbox: 0.5629  s1.loss_iou: 1.3758
2026/03/27 02:17:39 - mmengine - INFO - Epoch(train)  [5][ 500/5001]  lr: 2.5000e-05  eta: 1 day, 6:15:26  time: 1.1212  data_time: 0.0032  memory: 7765  grad_norm: 55.3711  loss: 9.1407  rpn_s.0.loss_cls: 0.6541  rpn_s.0.loss_bbox: 0.1175  rpn_s.0.loss_giou: 0.8343  rpn_s.1.loss_cls: 0.4728  rpn_s.1.loss_bbox: 0.0551  rpn_s.1.loss_giou: 0.4416  rpn_s.2.loss_cls: 0.4122  rpn_s.2.loss_bbox: 0.0480  rpn_s.2.loss_giou: 0.3835  rpn_s.3.loss_cls: 0.3774  rpn_s.3.loss_bbox: 0.0435  rpn_s.3.loss_giou: 0.3609  s0.loss_cls: 0.4653  s0.pos_acc: 84.0000  s0.loss_bbox: 0.5867  s0.loss_iou: 1.3874  s1.loss_cls: 0.4671  s1.pos_acc: 84.0000  s1.loss_bbox: 0.6251  s1.loss_iou: 1.4080
2026/03/27 02:18:34 - mmengine - INFO - Epoch(train)  [5][ 550/5001]  lr: 2.5000e-05  eta: 1 day, 6:14:35  time: 1.1108  data_time: 0.0031  memory: 7765  grad_norm: 52.7873  loss: 9.7543  rpn_s.0.loss_cls: 0.7041  rpn_s.0.loss_bbox: 0.1278  rpn_s.0.loss_giou: 0.9175  rpn_s.1.loss_cls: 0.5122  rpn_s.1.loss_bbox: 0.0530  rpn_s.1.loss_giou: 0.4537  rpn_s.2.loss_cls: 0.4492  rpn_s.2.loss_bbox: 0.0440  rpn_s.2.loss_giou: 0.3902  rpn_s.3.loss_cls: 0.4075  rpn_s.3.loss_bbox: 0.0412  rpn_s.3.loss_giou: 0.3706  s0.loss_cls: 0.5286  s0.pos_acc: 72.8571  s0.loss_bbox: 0.6003  s0.loss_iou: 1.4860  s1.loss_cls: 0.5202  s1.pos_acc: 78.5714  s1.loss_bbox: 0.6202  s1.loss_iou: 1.5276
2026/03/27 02:19:30 - mmengine - INFO - Epoch(train)  [5][ 600/5001]  lr: 2.5000e-05  eta: 1 day, 6:13:43  time: 1.1085  data_time: 0.0032  memory: 7765  grad_norm: 55.9601  loss: 10.0620  rpn_s.0.loss_cls: 0.6772  rpn_s.0.loss_bbox: 0.1202  rpn_s.0.loss_giou: 0.8470  rpn_s.1.loss_cls: 0.4813  rpn_s.1.loss_bbox: 0.0531  rpn_s.1.loss_giou: 0.4478  rpn_s.2.loss_cls: 0.4188  rpn_s.2.loss_bbox: 0.0439  rpn_s.2.loss_giou: 0.3934  rpn_s.3.loss_cls: 0.3834  rpn_s.3.loss_bbox: 0.0429  rpn_s.3.loss_giou: 0.3761  s0.loss_cls: 0.5324  s0.pos_acc: 100.0000  s0.loss_bbox: 0.6583  s0.loss_iou: 1.6865  s1.loss_cls: 0.5353  s1.pos_acc: 100.0000  s1.loss_bbox: 0.6597  s1.loss_iou: 1.7048
2026/03/27 02:20:25 - mmengine - INFO - Epoch(train)  [5][ 650/5001]  lr: 2.5000e-05  eta: 1 day, 6:12:50  time: 1.0996  data_time: 0.0031  memory: 7765  grad_norm: 53.2083  loss: 8.9520  rpn_s.0.loss_cls: 0.6832  rpn_s.0.loss_bbox: 0.1171  rpn_s.0.loss_giou: 0.8856  rpn_s.1.loss_cls: 0.4861  rpn_s.1.loss_bbox: 0.0489  rpn_s.1.loss_giou: 0.4391  rpn_s.2.loss_cls: 0.4221  rpn_s.2.loss_bbox: 0.0392  rpn_s.2.loss_giou: 0.3730  rpn_s.3.loss_cls: 0.3879  rpn_s.3.loss_bbox: 0.0365  rpn_s.3.loss_giou: 0.3544  s0.loss_cls: 0.4690  s0.pos_acc: 72.0779  s0.loss_bbox: 0.5854  s0.loss_iou: 1.2683  s1.loss_cls: 0.4635  s1.pos_acc: 74.0260  s1.loss_bbox: 0.5940  s1.loss_iou: 1.2986
2026/03/27 02:21:20 - mmengine - INFO - Epoch(train)  [5][ 700/5001]  lr: 2.5000e-05  eta: 1 day, 6:11:57  time: 1.1022  data_time: 0.0030  memory: 7765  grad_norm: 54.8794  loss: 8.5200  rpn_s.0.loss_cls: 0.6404  rpn_s.0.loss_bbox: 0.1140  rpn_s.0.loss_giou: 0.8213  rpn_s.1.loss_cls: 0.4629  rpn_s.1.loss_bbox: 0.0523  rpn_s.1.loss_giou: 0.4355  rpn_s.2.loss_cls: 0.4028  rpn_s.2.loss_bbox: 0.0442  rpn_s.2.loss_giou: 0.3765  rpn_s.3.loss_cls: 0.3687  rpn_s.3.loss_bbox: 0.0419  rpn_s.3.loss_giou: 0.3586  s0.loss_cls: 0.4067  s0.pos_acc: 73.2036  s0.loss_bbox: 0.4947  s0.loss_iou: 1.2739  s1.loss_cls: 0.4125  s1.pos_acc: 74.1018  s1.loss_bbox: 0.5118  s1.loss_iou: 1.3013
2026/03/27 02:22:15 - mmengine - INFO - Epoch(train)  [5][ 750/5001]  lr: 2.5000e-05  eta: 1 day, 6:11:04  time: 1.1030  data_time: 0.0032  memory: 7765  grad_norm: 57.5971  loss: 9.3184  rpn_s.0.loss_cls: 0.6820  rpn_s.0.loss_bbox: 0.1219  rpn_s.0.loss_giou: 0.8371  rpn_s.1.loss_cls: 0.5057  rpn_s.1.loss_bbox: 0.0577  rpn_s.1.loss_giou: 0.4460  rpn_s.2.loss_cls: 0.4354  rpn_s.2.loss_bbox: 0.0486  rpn_s.2.loss_giou: 0.3914  rpn_s.3.loss_cls: 0.4046  rpn_s.3.loss_bbox: 0.0453  rpn_s.3.loss_giou: 0.3682  s0.loss_cls: 0.4887  s0.pos_acc: 100.0000  s0.loss_bbox: 0.6000  s0.loss_iou: 1.3819  s1.loss_cls: 0.4973  s1.pos_acc: 100.0000  s1.loss_bbox: 0.5939  s1.loss_iou: 1.4126
2026/03/27 02:23:10 - mmengine - INFO - Epoch(train)  [5][ 800/5001]  lr: 2.5000e-05  eta: 1 day, 6:10:11  time: 1.1024  data_time: 0.0033  memory: 7765  grad_norm: 54.8309  loss: 9.3139  rpn_s.0.loss_cls: 0.6686  rpn_s.0.loss_bbox: 0.1078  rpn_s.0.loss_giou: 0.8668  rpn_s.1.loss_cls: 0.4618  rpn_s.1.loss_bbox: 0.0477  rpn_s.1.loss_giou: 0.4540  rpn_s.2.loss_cls: 0.4044  rpn_s.2.loss_bbox: 0.0414  rpn_s.2.loss_giou: 0.3979  rpn_s.3.loss_cls: 0.3588  rpn_s.3.loss_bbox: 0.0387  rpn_s.3.loss_giou: 0.3762  s0.loss_cls: 0.4506  s0.pos_acc: 77.9412  s0.loss_bbox: 0.6456  s0.loss_iou: 1.4256  s1.loss_cls: 0.4593  s1.pos_acc: 76.4706  s1.loss_bbox: 0.6559  s1.loss_iou: 1.4528
2026/03/27 02:24:06 - mmengine - INFO - Epoch(train)  [5][ 850/5001]  lr: 2.5000e-05  eta: 1 day, 6:09:22  time: 1.1189  data_time: 0.0031  memory: 7765  grad_norm: 54.2718  loss: 10.3721  rpn_s.0.loss_cls: 0.6862  rpn_s.0.loss_bbox: 0.1191  rpn_s.0.loss_giou: 0.8500  rpn_s.1.loss_cls: 0.5064  rpn_s.1.loss_bbox: 0.0541  rpn_s.1.loss_giou: 0.4467  rpn_s.2.loss_cls: 0.4420  rpn_s.2.loss_bbox: 0.0458  rpn_s.2.loss_giou: 0.3888  rpn_s.3.loss_cls: 0.4013  rpn_s.3.loss_bbox: 0.0436  rpn_s.3.loss_giou: 0.3748  s0.loss_cls: 0.5828  s0.pos_acc: 83.8710  s0.loss_bbox: 0.7222  s0.loss_iou: 1.6844  s1.loss_cls: 0.5907  s1.pos_acc: 91.9355  s1.loss_bbox: 0.7235  s1.loss_iou: 1.7096
2026/03/27 02:25:02 - mmengine - INFO - Epoch(train)  [5][ 900/5001]  lr: 2.5000e-05  eta: 1 day, 6:08:34  time: 1.1233  data_time: 0.0032  memory: 7765  grad_norm: 56.0029  loss: 8.2136  rpn_s.0.loss_cls: 0.6437  rpn_s.0.loss_bbox: 0.1069  rpn_s.0.loss_giou: 0.7894  rpn_s.1.loss_cls: 0.4608  rpn_s.1.loss_bbox: 0.0508  rpn_s.1.loss_giou: 0.4228  rpn_s.2.loss_cls: 0.3937  rpn_s.2.loss_bbox: 0.0444  rpn_s.2.loss_giou: 0.3682  rpn_s.3.loss_cls: 0.3653  rpn_s.3.loss_bbox: 0.0428  rpn_s.3.loss_giou: 0.3574  s0.loss_cls: 0.3720  s0.pos_acc: 80.0000  s0.loss_bbox: 0.5180  s0.loss_iou: 1.1836  s1.loss_cls: 0.3715  s1.pos_acc: 90.0000  s1.loss_bbox: 0.5200  s1.loss_iou: 1.2025
2026/03/27 02:25:58 - mmengine - INFO - Epoch(train)  [5][ 950/5001]  lr: 2.5000e-05  eta: 1 day, 6:07:46  time: 1.1192  data_time: 0.0034  memory: 7765  grad_norm: 55.4734  loss: 8.5586  rpn_s.0.loss_cls: 0.6569  rpn_s.0.loss_bbox: 0.1085  rpn_s.0.loss_giou: 0.7944  rpn_s.1.loss_cls: 0.4707  rpn_s.1.loss_bbox: 0.0530  rpn_s.1.loss_giou: 0.4463  rpn_s.2.loss_cls: 0.4059  rpn_s.2.loss_bbox: 0.0466  rpn_s.2.loss_giou: 0.4003  rpn_s.3.loss_cls: 0.3736  rpn_s.3.loss_bbox: 0.0441  rpn_s.3.loss_giou: 0.3829  s0.loss_cls: 0.4013  s0.pos_acc: 60.8333  s0.loss_bbox: 0.5272  s0.loss_iou: 1.2496  s1.loss_cls: 0.4021  s1.pos_acc: 70.0000  s1.loss_bbox: 0.5376  s1.loss_iou: 1.2576
2026/03/27 02:26:50 - mmengine - INFO - Exp name: GSDet_r50_b900_h2h4_h2r1_r2r1_2x_fair1m1.0_20260326_200141
2026/03/27 02:26:54 - mmengine - INFO - Epoch(train)  [5][1000/5001]  lr: 2.5000e-05  eta: 1 day, 6:06:57  time: 1.1211  data_time: 0.0033  memory: 7765  grad_norm: 57.7121  loss: 8.9304  rpn_s.0.loss_cls: 0.6517  rpn_s.0.loss_bbox: 0.1210  rpn_s.0.loss_giou: 0.8193  rpn_s.1.loss_cls: 0.4924  rpn_s.1.loss_bbox: 0.0569  rpn_s.1.loss_giou: 0.4347  rpn_s.2.loss_cls: 0.4274  rpn_s.2.loss_bbox: 0.0464  rpn_s.2.loss_giou: 0.3669  rpn_s.3.loss_cls: 0.3937  rpn_s.3.loss_bbox: 0.0441  rpn_s.3.loss_giou: 0.3471  s0.loss_cls: 0.4186  s0.pos_acc: 100.0000  s0.loss_bbox: 0.5635  s0.loss_iou: 1.3526  s1.loss_cls: 0.4313  s1.pos_acc: 100.0000  s1.loss_bbox: 0.5727  s1.loss_iou: 1.3900
2026/03/27 02:27:49 - mmengine - INFO - Epoch(train)  [5][1050/5001]  lr: 2.5000e-05  eta: 1 day, 6:06:04  time: 1.1013  data_time: 0.0033  memory: 7765  grad_norm: 56.6504  loss: 9.5512  rpn_s.0.loss_cls: 0.6862  rpn_s.0.loss_bbox: 0.1149  rpn_s.0.loss_giou: 0.8581  rpn_s.1.loss_cls: 0.4793  rpn_s.1.loss_bbox: 0.0471  rpn_s.1.loss_giou: 0.4288  rpn_s.2.loss_cls: 0.4156  rpn_s.2.loss_bbox: 0.0400  rpn_s.2.loss_giou: 0.3674  rpn_s.3.loss_cls: 0.3770  rpn_s.3.loss_bbox: 0.0369  rpn_s.3.loss_giou: 0.3425  s0.loss_cls: 0.4955  s0.pos_acc: 50.0000  s0.loss_bbox: 0.7071  s0.loss_iou: 1.4665  s1.loss_cls: 0.5023  s1.pos_acc: 66.6667  s1.loss_bbox: 0.7089  s1.loss_iou: 1.4771
2026/03/27 02:28:44 - mmengine - INFO - Epoch(train)  [5][1100/5001]  lr: 2.5000e-05  eta: 1 day, 6:05:11  time: 1.1025  data_time: 0.0033  memory: 7765  grad_norm: 52.8582  loss: 9.4638  rpn_s.0.loss_cls: 0.6586  rpn_s.0.loss_bbox: 0.1165  rpn_s.0.loss_giou: 0.8275  rpn_s.1.loss_cls: 0.4651  rpn_s.1.loss_bbox: 0.0580  rpn_s.1.loss_giou: 0.4415  rpn_s.2.loss_cls: 0.3962  rpn_s.2.loss_bbox: 0.0469  rpn_s.2.loss_giou: 0.3867  rpn_s.3.loss_cls: 0.3683  rpn_s.3.loss_bbox: 0.0455  rpn_s.3.loss_giou: 0.3665  s0.loss_cls: 0.4375  s0.pos_acc: 79.5082  s0.loss_bbox: 0.7047  s0.loss_iou: 1.4753  s1.loss_cls: 0.4373  s1.pos_acc: 78.6885  s1.loss_bbox: 0.7291  s1.loss_iou: 1.5024
2026/03/27 02:29:39 - mmengine - INFO - Epoch(train)  [5][1150/5001]  lr: 2.5000e-05  eta: 1 day, 6:04:18  time: 1.1026  data_time: 0.0033  memory: 7765  grad_norm: 57.5165  loss: 8.6350  rpn_s.0.loss_cls: 0.6812  rpn_s.0.loss_bbox: 0.1176  rpn_s.0.loss_giou: 0.8155  rpn_s.1.loss_cls: 0.4913  rpn_s.1.loss_bbox: 0.0517  rpn_s.1.loss_giou: 0.4142  rpn_s.2.loss_cls: 0.4258  rpn_s.2.loss_bbox: 0.0427  rpn_s.2.loss_giou: 0.3578  rpn_s.3.loss_cls: 0.3958  rpn_s.3.loss_bbox: 0.0399  rpn_s.3.loss_giou: 0.3340  s0.loss_cls: 0.4147  s0.pos_acc: 76.9231  s0.loss_bbox: 0.5112  s0.loss_iou: 1.2947  s1.loss_cls: 0.4098  s1.pos_acc: 80.7692  s1.loss_bbox: 0.5085  s1.loss_iou: 1.3285
2026/03/27 02:30:34 - mmengine - INFO - Epoch(train)  [5][1200/5001]  lr: 2.5000e-05  eta: 1 day, 6:03:24  time: 1.1004  data_time: 0.0032  memory: 7765  grad_norm: 56.8462  loss: 9.5063  rpn_s.0.loss_cls: 0.6641  rpn_s.0.loss_bbox: 0.1185  rpn_s.0.loss_giou: 0.8670  rpn_s.1.loss_cls: 0.4570  rpn_s.1.loss_bbox: 0.0503  rpn_s.1.loss_giou: 0.4333  rpn_s.2.loss_cls: 0.3963  rpn_s.2.loss_bbox: 0.0405  rpn_s.2.loss_giou: 0.3661  rpn_s.3.loss_cls: 0.3528  rpn_s.3.loss_bbox: 0.0380  rpn_s.3.loss_giou: 0.3497  s0.loss_cls: 0.4704  s0.pos_acc: 79.6000  s0.loss_bbox: 0.7388  s0.loss_iou: 1.4522  s1.loss_cls: 0.4787  s1.pos_acc: 80.4000  s1.loss_bbox: 0.7230  s1.loss_iou: 1.5096
2026/03/27 02:31:30 - mmengine - INFO - Epoch(train)  [5][1250/5001]  lr: 2.5000e-05  eta: 1 day, 6:02:32  time: 1.1070  data_time: 0.0033  memory: 7765  grad_norm: 52.7042  loss: 9.6961  rpn_s.0.loss_cls: 0.6705  rpn_s.0.loss_bbox: 0.1225  rpn_s.0.loss_giou: 0.9141  rpn_s.1.loss_cls: 0.4998  rpn_s.1.loss_bbox: 0.0517  rpn_s.1.loss_giou: 0.4696  rpn_s.2.loss_cls: 0.4229  rpn_s.2.loss_bbox: 0.0430  rpn_s.2.loss_giou: 0.4028  rpn_s.3.loss_cls: 0.3961  rpn_s.3.loss_bbox: 0.0396  rpn_s.3.loss_giou: 0.3789  s0.loss_cls: 0.4733  s0.pos_acc: 81.8182  s0.loss_bbox: 0.6861  s0.loss_iou: 1.4612  s1.loss_cls: 0.4845  s1.pos_acc: 82.9545  s1.loss_bbox: 0.6867  s1.loss_iou: 1.4926
2026/03/27 02:32:25 - mmengine - INFO - Epoch(train)  [5][1300/5001]  lr: 2.5000e-05  eta: 1 day, 6:01:41  time: 1.1088  data_time: 0.0033  memory: 7765  grad_norm: 58.6631  loss: 8.4847  rpn_s.0.loss_cls: 0.6347  rpn_s.0.loss_bbox: 0.1081  rpn_s.0.loss_giou: 0.7595  rpn_s.1.loss_cls: 0.4705  rpn_s.1.loss_bbox: 0.0485  rpn_s.1.loss_giou: 0.3984  rpn_s.2.loss_cls: 0.4077  rpn_s.2.loss_bbox: 0.0410  rpn_s.2.loss_giou: 0.3446  rpn_s.3.loss_cls: 0.3669  rpn_s.3.loss_bbox: 0.0392  rpn_s.3.loss_giou: 0.3269  s0.loss_cls: 0.4247  s0.pos_acc: 70.0549  s0.loss_bbox: 0.6215  s0.loss_iou: 1.1888  s1.loss_cls: 0.4232  s1.pos_acc: 73.3517  s1.loss_bbox: 0.6503  s1.loss_iou: 1.2301
2026/03/27 02:33:21 - mmengine - INFO - Epoch(train)  [5][1350/5001]  lr: 2.5000e-05  eta: 1 day, 6:00:51  time: 1.1163  data_time: 0.0032  memory: 7765  grad_norm: 50.0058  loss: 9.3248  rpn_s.0.loss_cls: 0.6675  rpn_s.0.loss_bbox: 0.1203  rpn_s.0.loss_giou: 0.8614  rpn_s.1.loss_cls: 0.4732  rpn_s.1.loss_bbox: 0.0543  rpn_s.1.loss_giou: 0.4350  rpn_s.2.loss_cls: 0.4015  rpn_s.2.loss_bbox: 0.0478  rpn_s.2.loss_giou: 0.3737  rpn_s.3.loss_cls: 0.3624  rpn_s.3.loss_bbox: 0.0427  rpn_s.3.loss_giou: 0.3487  s0.loss_cls: 0.4553  s0.pos_acc: 40.0000  s0.loss_bbox: 0.6273  s0.loss_iou: 1.4711  s1.loss_cls: 0.4546  s1.pos_acc: 50.0000  s1.loss_bbox: 0.6320  s1.loss_iou: 1.4957
2026/03/27 02:34:17 - mmengine - INFO - Epoch(train)  [5][1400/5001]  lr: 2.5000e-05  eta: 1 day, 6:00:03  time: 1.1258  data_time: 0.0033  memory: 7765  grad_norm: 56.4006  loss: 8.9861  rpn_s.0.loss_cls: 0.6621  rpn_s.0.loss_bbox: 0.1094  rpn_s.0.loss_giou: 0.8116  rpn_s.1.loss_cls: 0.4875  rpn_s.1.loss_bbox: 0.0494  rpn_s.1.loss_giou: 0.4337  rpn_s.2.loss_cls: 0.4073  rpn_s.2.loss_bbox: 0.0416  rpn_s.2.loss_giou: 0.3804  rpn_s.3.loss_cls: 0.3730  rpn_s.3.loss_bbox: 0.0386  rpn_s.3.loss_giou: 0.3560  s0.loss_cls: 0.4682  s0.pos_acc: 76.1364  s0.loss_bbox: 0.5808  s0.loss_iou: 1.3640  s1.loss_cls: 0.4596  s1.pos_acc: 78.4091  s1.loss_bbox: 0.5784  s1.loss_iou: 1.3845
2026/03/27 02:35:13 - mmengine - INFO - Epoch(train)  [5][1450/5001]  lr: 2.5000e-05  eta: 1 day, 5:59:13  time: 1.1135  data_time: 0.0032  memory: 7765  grad_norm: 62.3679  loss: 9.5048  rpn_s.0.loss_cls: 0.6874  rpn_s.0.loss_bbox: 0.1118  rpn_s.0.loss_giou: 0.8805  rpn_s.1.loss_cls: 0.4863  rpn_s.1.loss_bbox: 0.0505  rpn_s.1.loss_giou: 0.4540  rpn_s.2.loss_cls: 0.4247  rpn_s.2.loss_bbox: 0.0414  rpn_s.2.loss_giou: 0.3931  rpn_s.3.loss_cls: 0.3887  rpn_s.3.loss_bbox: 0.0392  rpn_s.3.loss_giou: 0.3731  s0.loss_cls: 0.4931  s0.pos_acc: 100.0000  s0.loss_bbox: 0.6975  s0.loss_iou: 1.3669  s1.loss_cls: 0.4866  s1.pos_acc: 100.0000  s1.loss_bbox: 0.7266  s1.loss_iou: 1.4034
2026/03/27 02:36:08 - mmengine - INFO - Epoch(train)  [5][1500/5001]  lr: 2.5000e-05  eta: 1 day, 5:58:21  time: 1.1084  data_time: 0.0033  memory: 7765  grad_norm: 54.1842  loss: 9.5264  rpn_s.0.loss_cls: 0.6355  rpn_s.0.loss_bbox: 0.1244  rpn_s.0.loss_giou: 0.8799  rpn_s.1.loss_cls: 0.4591  rpn_s.1.loss_bbox: 0.0580  rpn_s.1.loss_giou: 0.4589  rpn_s.2.loss_cls: 0.4065  rpn_s.2.loss_bbox: 0.0485  rpn_s.2.loss_giou: 0.3986  rpn_s.3.loss_cls: 0.3676  rpn_s.3.loss_bbox: 0.0438  rpn_s.3.loss_giou: 0.3754  s0.loss_cls: 0.4823  s0.pos_acc: 60.7143  s0.loss_bbox: 0.6695  s0.loss_iou: 1.4680  s1.loss_cls: 0.4907  s1.pos_acc: 57.1429  s1.loss_bbox: 0.6661  s1.loss_iou: 1.4936
2026/03/27 02:37:04 - mmengine - INFO - Epoch(train)  [5][1550/5001]  lr: 2.5000e-05  eta: 1 day, 5:57:30  time: 1.1111  data_time: 0.0032  memory: 7765  grad_norm: 53.2004  loss: 8.5864  rpn_s.0.loss_cls: 0.6475  rpn_s.0.loss_bbox: 0.1168  rpn_s.0.loss_giou: 0.7632  rpn_s.1.loss_cls: 0.4868  rpn_s.1.loss_bbox: 0.0535  rpn_s.1.loss_giou: 0.4076  rpn_s.2.loss_cls: 0.4257  rpn_s.2.loss_bbox: 0.0457  rpn_s.2.loss_giou: 0.3577  rpn_s.3.loss_cls: 0.3915  rpn_s.3.loss_bbox: 0.0426  rpn_s.3.loss_giou: 0.3401  s0.loss_cls: 0.4484  s0.pos_acc: 50.0000  s0.loss_bbox: 0.5339  s0.loss_iou: 1.2500  s1.loss_cls: 0.4591  s1.pos_acc: 50.0000  s1.loss_bbox: 0.5480  s1.loss_iou: 1.2683
2026/03/27 02:37:59 - mmengine - INFO - Epoch(train)  [5][1600/5001]  lr: 2.5000e-05  eta: 1 day, 5:56:38  time: 1.1067  data_time: 0.0032  memory: 7765  grad_norm: 51.1349  loss: 8.8442  rpn_s.0.loss_cls: 0.6439  rpn_s.0.loss_bbox: 0.1136  rpn_s.0.loss_giou: 0.8355  rpn_s.1.loss_cls: 0.4683  rpn_s.1.loss_bbox: 0.0541  rpn_s.1.loss_giou: 0.4448  rpn_s.2.loss_cls: 0.4179  rpn_s.2.loss_bbox: 0.0447  rpn_s.2.loss_giou: 0.3797  rpn_s.3.loss_cls: 0.3881  rpn_s.3.loss_bbox: 0.0410  rpn_s.3.loss_giou: 0.3582  s0.loss_cls: 0.4257  s0.pos_acc: 77.5362  s0.loss_bbox: 0.5493  s0.loss_iou: 1.3370  s1.loss_cls: 0.4227  s1.pos_acc: 78.2609  s1.loss_bbox: 0.5543  s1.loss_iou: 1.3654
2026/03/27 02:38:54 - mmengine - INFO - Epoch(train)  [5][1650/5001]  lr: 2.5000e-05  eta: 1 day, 5:55:43  time: 1.0951  data_time: 0.0032  memory: 7765  grad_norm: 59.1794  loss: 11.0313  rpn_s.0.loss_cls: 0.6629  rpn_s.0.loss_bbox: 0.1353  rpn_s.0.loss_giou: 0.9426  rpn_s.1.loss_cls: 0.4756  rpn_s.1.loss_bbox: 0.0608  rpn_s.1.loss_giou: 0.4891  rpn_s.2.loss_cls: 0.4081  rpn_s.2.loss_bbox: 0.0503  rpn_s.2.loss_giou: 0.4223  rpn_s.3.loss_cls: 0.3751  rpn_s.3.loss_bbox: 0.0462  rpn_s.3.loss_giou: 0.3947  s0.loss_cls: 0.5515  s0.pos_acc: 75.0000  s0.loss_bbox: 0.8017  s0.loss_iou: 1.9127  s1.loss_cls: 0.5624  s1.pos_acc: 73.3333  s1.loss_bbox: 0.8307  s1.loss_iou: 1.9093
2026/03/27 02:39:49 - mmengine - INFO - Epoch(train)  [5][1700/5001]  lr: 2.5000e-05  eta: 1 day, 5:54:48  time: 1.0928  data_time: 0.0034  memory: 7765  grad_norm: 57.6643  loss: 9.7867  rpn_s.0.loss_cls: 0.6772  rpn_s.0.loss_bbox: 0.1251  rpn_s.0.loss_giou: 0.8788  rpn_s.1.loss_cls: 0.4888  rpn_s.1.loss_bbox: 0.0543  rpn_s.1.loss_giou: 0.4537  rpn_s.2.loss_cls: 0.4337  rpn_s.2.loss_bbox: 0.0458  rpn_s.2.loss_giou: 0.3946  rpn_s.3.loss_cls: 0.4020  rpn_s.3.loss_bbox: 0.0437  rpn_s.3.loss_giou: 0.3760  s0.loss_cls: 0.5175  s0.pos_acc: 61.5385  s0.loss_bbox: 0.6353  s0.loss_iou: 1.5563  s1.loss_cls: 0.5014  s1.pos_acc: 69.2308  s1.loss_bbox: 0.6373  s1.loss_iou: 1.5653
2026/03/27 02:40:44 - mmengine - INFO - Epoch(train)  [5][1750/5001]  lr: 2.5000e-05  eta: 1 day, 5:53:54  time: 1.0999  data_time: 0.0033  memory: 7764  grad_norm: 57.3047  loss: 9.6483  rpn_s.0.loss_cls: 0.6665  rpn_s.0.loss_bbox: 0.1209  rpn_s.0.loss_giou: 0.8988  rpn_s.1.loss_cls: 0.4787  rpn_s.1.loss_bbox: 0.0538  rpn_s.1.loss_giou: 0.4548  rpn_s.2.loss_cls: 0.4166  rpn_s.2.loss_bbox: 0.0459  rpn_s.2.loss_giou: 0.3949  rpn_s.3.loss_cls: 0.3803  rpn_s.3.loss_bbox: 0.0441  rpn_s.3.loss_giou: 0.3747  s0.loss_cls: 0.5146  s0.pos_acc: 65.2778  s0.loss_bbox: 0.6480  s0.loss_iou: 1.4882  s1.loss_cls: 0.5178  s1.pos_acc: 72.2222  s1.loss_bbox: 0.6427  s1.loss_iou: 1.5067
2026/03/27 02:41:39 - mmengine - INFO - Epoch(train)  [5][1800/5001]  lr: 2.5000e-05  eta: 1 day, 5:53:03  time: 1.1126  data_time: 0.0033  memory: 7765  grad_norm: 54.7672  loss: 9.7316  rpn_s.0.loss_cls: 0.6598  rpn_s.0.loss_bbox: 0.1221  rpn_s.0.loss_giou: 0.8778  rpn_s.1.loss_cls: 0.4826  rpn_s.1.loss_bbox: 0.0553  rpn_s.1.loss_giou: 0.4728  rpn_s.2.loss_cls: 0.4272  rpn_s.2.loss_bbox: 0.0461  rpn_s.2.loss_giou: 0.4032  rpn_s.3.loss_cls: 0.3945  rpn_s.3.loss_bbox: 0.0427  rpn_s.3.loss_giou: 0.3795  s0.loss_cls: 0.4949  s0.pos_acc: 64.8352  s0.loss_bbox: 0.6680  s0.loss_iou: 1.5063  s1.loss_cls: 0.4828  s1.pos_acc: 64.8352  s1.loss_bbox: 0.6834  s1.loss_iou: 1.5324
2026/03/27 02:42:35 - mmengine - INFO - Epoch(train)  [5][1850/5001]  lr: 2.5000e-05  eta: 1 day, 5:52:13  time: 1.1178  data_time: 0.0033  memory: 7765  grad_norm: 53.4787  loss: 10.2688  rpn_s.0.loss_cls: 0.6880  rpn_s.0.loss_bbox: 0.1214  rpn_s.0.loss_giou: 0.9475  rpn_s.1.loss_cls: 0.4839  rpn_s.1.loss_bbox: 0.0524  rpn_s.1.loss_giou: 0.4860  rpn_s.2.loss_cls: 0.4202  rpn_s.2.loss_bbox: 0.0433  rpn_s.2.loss_giou: 0.4135  rpn_s.3.loss_cls: 0.3756  rpn_s.3.loss_bbox: 0.0398  rpn_s.3.loss_giou: 0.3922  s0.loss_cls: 0.5009  s0.pos_acc: 57.1429  s0.loss_bbox: 0.7061  s0.loss_iou: 1.6868  s1.loss_cls: 0.4943  s1.pos_acc: 35.7143  s1.loss_bbox: 0.7097  s1.loss_iou: 1.7071
2026/03/27 02:43:31 - mmengine - INFO - Epoch(train)  [5][1900/5001]  lr: 2.5000e-05  eta: 1 day, 5:51:23  time: 1.1170  data_time: 0.0033  memory: 7765  grad_norm: 59.4989  loss: 9.5818  rpn_s.0.loss_cls: 0.7001  rpn_s.0.loss_bbox: 0.1191  rpn_s.0.loss_giou: 0.8971  rpn_s.1.loss_cls: 0.4890  rpn_s.1.loss_bbox: 0.0514  rpn_s.1.loss_giou: 0.4581  rpn_s.2.loss_cls: 0.4368  rpn_s.2.loss_bbox: 0.0430  rpn_s.2.loss_giou: 0.3952  rpn_s.3.loss_cls: 0.4033  rpn_s.3.loss_bbox: 0.0394  rpn_s.3.loss_giou: 0.3681  s0.loss_cls: 0.4736  s0.pos_acc: 70.9677  s0.loss_bbox: 0.5702  s0.loss_iou: 1.5338  s1.loss_cls: 0.4706  s1.pos_acc: 56.4516  s1.loss_bbox: 0.5838  s1.loss_iou: 1.5492
2026/03/27 02:44:26 - mmengine - INFO - Epoch(train)  [5][1950/5001]  lr: 2.5000e-05  eta: 1 day, 5:50:31  time: 1.1084  data_time: 0.0033  memory: 7764  grad_norm: 67.1405  loss: 8.9494  rpn_s.0.loss_cls: 0.6841  rpn_s.0.loss_bbox: 0.1050  rpn_s.0.loss_giou: 0.8345  rpn_s.1.loss_cls: 0.4854  rpn_s.1.loss_bbox: 0.0476  rpn_s.1.loss_giou: 0.4397  rpn_s.2.loss_cls: 0.4176  rpn_s.2.loss_bbox: 0.0400  rpn_s.2.loss_giou: 0.3881  rpn_s.3.loss_cls: 0.3731  rpn_s.3.loss_bbox: 0.0372  rpn_s.3.loss_giou: 0.3655  s0.loss_cls: 0.4648  s0.pos_acc: 72.2222  s0.loss_bbox: 0.5698  s0.loss_iou: 1.3236  s1.loss_cls: 0.4724  s1.pos_acc: 75.5556  s1.loss_bbox: 0.5847  s1.loss_iou: 1.3165
2026/03/27 02:45:18 - mmengine - INFO - Exp name: GSDet_r50_b900_h2h4_h2r1_r2r1_2x_fair1m1.0_20260326_200141
2026/03/27 02:45:22 - mmengine - INFO - Epoch(train)  [5][2000/5001]  lr: 2.5000e-05  eta: 1 day, 5:49:42  time: 1.1174  data_time: 0.0035  memory: 7765  grad_norm: 53.5737  loss: 9.5160  rpn_s.0.loss_cls: 0.6726  rpn_s.0.loss_bbox: 0.1248  rpn_s.0.loss_giou: 0.8686  rpn_s.1.loss_cls: 0.4813  rpn_s.1.loss_bbox: 0.0593  rpn_s.1.loss_giou: 0.4657  rpn_s.2.loss_cls: 0.4287  rpn_s.2.loss_bbox: 0.0516  rpn_s.2.loss_giou: 0.4093  rpn_s.3.loss_cls: 0.3931  rpn_s.3.loss_bbox: 0.0492  rpn_s.3.loss_giou: 0.3874  s0.loss_cls: 0.4516  s0.pos_acc: 86.6667  s0.loss_bbox: 0.6012  s0.loss_iou: 1.4762  s1.loss_cls: 0.4492  s1.pos_acc: 85.5556  s1.loss_bbox: 0.6358  s1.loss_iou: 1.5105
2026/03/27 02:46:18 - mmengine - INFO - Epoch(train)  [5][2050/5001]  lr: 2.5000e-05  eta: 1 day, 5:48:49  time: 1.1040  data_time: 0.0034  memory: 7765  grad_norm: 57.2426  loss: 10.1328  rpn_s.0.loss_cls: 0.6720  rpn_s.0.loss_bbox: 0.1133  rpn_s.0.loss_giou: 0.8637  rpn_s.1.loss_cls: 0.4866  rpn_s.1.loss_bbox: 0.0508  rpn_s.1.loss_giou: 0.4463  rpn_s.2.loss_cls: 0.4228  rpn_s.2.loss_bbox: 0.0421  rpn_s.2.loss_giou: 0.3806  rpn_s.3.loss_cls: 0.3827  rpn_s.3.loss_bbox: 0.0396  rpn_s.3.loss_giou: 0.3626  s0.loss_cls: 0.5599  s0.pos_acc: 90.0000  s0.loss_bbox: 0.6836  s0.loss_iou: 1.6656  s1.loss_cls: 0.5597  s1.pos_acc: 95.0000  s1.loss_bbox: 0.6896  s1.loss_iou: 1.7113
2026/03/27 02:47:12 - mmengine - INFO - Epoch(train)  [5][2100/5001]  lr: 2.5000e-05  eta: 1 day, 5:47:54  time: 1.0971  data_time: 0.0033  memory: 7765  grad_norm: 52.8051  loss: 10.6829  rpn_s.0.loss_cls: 0.7008  rpn_s.0.loss_bbox: 0.1525  rpn_s.0.loss_giou: 0.8948  rpn_s.1.loss_cls: 0.5221  rpn_s.1.loss_bbox: 0.0949  rpn_s.1.loss_giou: 0.4864  rpn_s.2.loss_cls: 0.4708  rpn_s.2.loss_bbox: 0.0796  rpn_s.2.loss_giou: 0.4113  rpn_s.3.loss_cls: 0.4365  rpn_s.3.loss_bbox: 0.0482  rpn_s.3.loss_giou: 0.3818  s0.loss_cls: 0.5798  s0.pos_acc: 33.3333  s0.loss_bbox: 0.6699  s0.loss_iou: 1.7491  s1.loss_cls: 0.5672  s1.pos_acc: 50.0000  s1.loss_bbox: 0.6721  s1.loss_iou: 1.7651
2026/03/27 02:48:07 - mmengine - INFO - Epoch(train)  [5][2150/5001]  lr: 2.5000e-05  eta: 1 day, 5:47:00  time: 1.0999  data_time: 0.0032  memory: 7765  grad_norm: 51.9237  loss: 8.7864  rpn_s.0.loss_cls: 0.6326  rpn_s.0.loss_bbox: 0.1138  rpn_s.0.loss_giou: 0.8447  rpn_s.1.loss_cls: 0.4631  rpn_s.1.loss_bbox: 0.0498  rpn_s.1.loss_giou: 0.4340  rpn_s.2.loss_cls: 0.4034  rpn_s.2.loss_bbox: 0.0426  rpn_s.2.loss_giou: 0.3802  rpn_s.3.loss_cls: 0.3762  rpn_s.3.loss_bbox: 0.0395  rpn_s.3.loss_giou: 0.3596  s0.loss_cls: 0.4295  s0.pos_acc: 62.5000  s0.loss_bbox: 0.5629  s0.loss_iou: 1.3209  s1.loss_cls: 0.4175  s1.pos_acc: 75.0000  s1.loss_bbox: 0.5798  s1.loss_iou: 1.3365
2026/03/27 02:49:03 - mmengine - INFO - Epoch(train)  [5][2200/5001]  lr: 2.5000e-05  eta: 1 day, 5:46:08  time: 1.1042  data_time: 0.0034  memory: 7764  grad_norm: 56.9358  loss: 8.6860  rpn_s.0.loss_cls: 0.6372  rpn_s.0.loss_bbox: 0.1141  rpn_s.0.loss_giou: 0.8230  rpn_s.1.loss_cls: 0.4419  rpn_s.1.loss_bbox: 0.0505  rpn_s.1.loss_giou: 0.4229  rpn_s.2.loss_cls: 0.3869  rpn_s.2.loss_bbox: 0.0442  rpn_s.2.loss_giou: 0.3683  rpn_s.3.loss_cls: 0.3480  rpn_s.3.loss_bbox: 0.0407  rpn_s.3.loss_giou: 0.3465  s0.loss_cls: 0.4197  s0.pos_acc: 77.7778  s0.loss_bbox: 0.6079  s0.loss_iou: 1.2978  s1.loss_cls: 0.4216  s1.pos_acc: 75.0000  s1.loss_bbox: 0.5955  s1.loss_iou: 1.3192
2026/03/27 02:49:58 - mmengine - INFO - Epoch(train)  [5][2250/5001]  lr: 2.5000e-05  eta: 1 day, 5:45:17  time: 1.1169  data_time: 0.0034  memory: 7765  grad_norm: 50.9655  loss: 9.2242  rpn_s.0.loss_cls: 0.6312  rpn_s.0.loss_bbox: 0.1177  rpn_s.0.loss_giou: 0.8231  rpn_s.1.loss_cls: 0.4752  rpn_s.1.loss_bbox: 0.0521  rpn_s.1.loss_giou: 0.4339  rpn_s.2.loss_cls: 0.4219  rpn_s.2.loss_bbox: 0.0443  rpn_s.2.loss_giou: 0.3790  rpn_s.3.loss_cls: 0.3806  rpn_s.3.loss_bbox: 0.0419  rpn_s.3.loss_giou: 0.3580  s0.loss_cls: 0.4824  s0.pos_acc: 71.4953  s0.loss_bbox: 0.5872  s0.loss_iou: 1.4518  s1.loss_cls: 0.4937  s1.pos_acc: 71.9626  s1.loss_bbox: 0.5819  s1.loss_iou: 1.4680
2026/03/27 02:50:55 - mmengine - INFO - Epoch(train)  [5][2300/5001]  lr: 2.5000e-05  eta: 1 day, 5:44:29  time: 1.1266  data_time: 0.0033  memory: 7765  grad_norm: 59.0648  loss: 10.0888  rpn_s.0.loss_cls: 0.6983  rpn_s.0.loss_bbox: 0.1258  rpn_s.0.loss_giou: 0.9278  rpn_s.1.loss_cls: 0.4893  rpn_s.1.loss_bbox: 0.0579  rpn_s.1.loss_giou: 0.4761  rpn_s.2.loss_cls: 0.4265  rpn_s.2.loss_bbox: 0.0480  rpn_s.2.loss_giou: 0.4117  rpn_s.3.loss_cls: 0.3901  rpn_s.3.loss_bbox: 0.0444  rpn_s.3.loss_giou: 0.3831  s0.loss_cls: 0.5306  s0.pos_acc: 76.6187  s0.loss_bbox: 0.6838  s0.loss_iou: 1.5820  s1.loss_cls: 0.5401  s1.pos_acc: 78.0576  s1.loss_bbox: 0.6504  s1.loss_iou: 1.6231
2026/03/27 02:51:52 - mmengine - INFO - Epoch(train)  [5][2350/5001]  lr: 2.5000e-05  eta: 1 day, 5:43:43  time: 1.1354  data_time: 0.0033  memory: 7765  grad_norm: 60.5695  loss: 10.0234  rpn_s.0.loss_cls: 0.7296  rpn_s.0.loss_bbox: 0.1214  rpn_s.0.loss_giou: 0.8290  rpn_s.1.loss_cls: 0.5143  rpn_s.1.loss_bbox: 0.0582  rpn_s.1.loss_giou: 0.4617  rpn_s.2.loss_cls: 0.4515  rpn_s.2.loss_bbox: 0.0492  rpn_s.2.loss_giou: 0.4020  rpn_s.3.loss_cls: 0.3968  rpn_s.3.loss_bbox: 0.0455  rpn_s.3.loss_giou: 0.3793  s0.loss_cls: 0.5046  s0.pos_acc: 85.1351  s0.loss_bbox: 0.7191  s0.loss_iou: 1.5505  s1.loss_cls: 0.5148  s1.pos_acc: 81.0811  s1.loss_bbox: 0.7080  s1.loss_iou: 1.5878
2026/03/27 02:52:48 - mmengine - INFO - Epoch(train)  [5][2400/5001]  lr: 2.5000e-05  eta: 1 day, 5:42:56  time: 1.1288  data_time: 0.0034  memory: 7765  grad_norm: 51.7170  loss: 9.3830  rpn_s.0.loss_cls: 0.6772  rpn_s.0.loss_bbox: 0.1143  rpn_s.0.loss_giou: 0.8792  rpn_s.1.loss_cls: 0.4890  rpn_s.1.loss_bbox: 0.0510  rpn_s.1.loss_giou: 0.4608  rpn_s.2.loss_cls: 0.4347  rpn_s.2.loss_bbox: 0.0437  rpn_s.2.loss_giou: 0.4048  rpn_s.3.loss_cls: 0.3888  rpn_s.3.loss_bbox: 0.0405  rpn_s.3.loss_giou: 0.3794  s0.loss_cls: 0.4321  s0.pos_acc: 71.2329  s0.loss_bbox: 0.6320  s0.loss_iou: 1.4305  s1.loss_cls: 0.4369  s1.pos_acc: 70.5479  s1.loss_bbox: 0.6369  s1.loss_iou: 1.4512
2026/03/27 02:53:44 - mmengine - INFO - Epoch(train)  [5][2450/5001]  lr: 2.5000e-05  eta: 1 day, 5:42:08  time: 1.1268  data_time: 0.0033  memory: 7765  grad_norm: 59.3337  loss: 8.7696  rpn_s.0.loss_cls: 0.6555  rpn_s.0.loss_bbox: 0.1075  rpn_s.0.loss_giou: 0.8252  rpn_s.1.loss_cls: 0.4715  rpn_s.1.loss_bbox: 0.0485  rpn_s.1.loss_giou: 0.4268  rpn_s.2.loss_cls: 0.4049  rpn_s.2.loss_bbox: 0.0412  rpn_s.2.loss_giou: 0.3704  rpn_s.3.loss_cls: 0.3797  rpn_s.3.loss_bbox: 0.0394  rpn_s.3.loss_giou: 0.3576  s0.loss_cls: 0.4162  s0.pos_acc: 76.9231  s0.loss_bbox: 0.5968  s0.loss_iou: 1.2786  s1.loss_cls: 0.4162  s1.pos_acc: 73.7179  s1.loss_bbox: 0.6368  s1.loss_iou: 1.2971
2026/03/27 02:54:40 - mmengine - INFO - Epoch(train)  [5][2500/5001]  lr: 2.5000e-05  eta: 1 day, 5:41:17  time: 1.1128  data_time: 0.0033  memory: 7765  grad_norm: 60.9372  loss: 9.7056  rpn_s.0.loss_cls: 0.6695  rpn_s.0.loss_bbox: 0.1127  rpn_s.0.loss_giou: 0.8915  rpn_s.1.loss_cls: 0.4771  rpn_s.1.loss_bbox: 0.0475  rpn_s.1.loss_giou: 0.4576  rpn_s.2.loss_cls: 0.4119  rpn_s.2.loss_bbox: 0.0404  rpn_s.2.loss_giou: 0.3970  rpn_s.3.loss_cls: 0.3842  rpn_s.3.loss_bbox: 0.0374  rpn_s.3.loss_giou: 0.3762  s0.loss_cls: 0.5024  s0.pos_acc: 96.4286  s0.loss_bbox: 0.6282  s0.loss_iou: 1.5429  s1.loss_cls: 0.5172  s1.pos_acc: 100.0000  s1.loss_bbox: 0.6291  s1.loss_iou: 1.5828
2026/03/27 02:55:36 - mmengine - INFO - Epoch(train)  [5][2550/5001]  lr: 2.5000e-05  eta: 1 day, 5:40:27  time: 1.1210  data_time: 0.0034  memory: 7765  grad_norm: 52.6720  loss: 9.2982  rpn_s.0.loss_cls: 0.6484  rpn_s.0.loss_bbox: 0.1229  rpn_s.0.loss_giou: 0.8269  rpn_s.1.loss_cls: 0.4472  rpn_s.1.loss_bbox: 0.0596  rpn_s.1.loss_giou: 0.4406  rpn_s.2.loss_cls: 0.3883  rpn_s.2.loss_bbox: 0.0514  rpn_s.2.loss_giou: 0.3850  rpn_s.3.loss_cls: 0.3545  rpn_s.3.loss_bbox: 0.0492  rpn_s.3.loss_giou: 0.3686  s0.loss_cls: 0.4608  s0.pos_acc: 62.5000  s0.loss_bbox: 0.6506  s0.loss_iou: 1.4452  s1.loss_cls: 0.4713  s1.pos_acc: 50.0000  s1.loss_bbox: 0.6530  s1.loss_iou: 1.4747
2026/03/27 02:56:32 - mmengine - INFO - Epoch(train)  [5][2600/5001]  lr: 2.5000e-05  eta: 1 day, 5:39:38  time: 1.1227  data_time: 0.0034  memory: 7764  grad_norm: 53.7497  loss: 8.7083  rpn_s.0.loss_cls: 0.6703  rpn_s.0.loss_bbox: 0.1165  rpn_s.0.loss_giou: 0.7788  rpn_s.1.loss_cls: 0.4826  rpn_s.1.loss_bbox: 0.0576  rpn_s.1.loss_giou: 0.4173  rpn_s.2.loss_cls: 0.4113  rpn_s.2.loss_bbox: 0.0492  rpn_s.2.loss_giou: 0.3603  rpn_s.3.loss_cls: 0.3820  rpn_s.3.loss_bbox: 0.0450  rpn_s.3.loss_giou: 0.3379  s0.loss_cls: 0.4340  s0.pos_acc: 85.7143  s0.loss_bbox: 0.6327  s0.loss_iou: 1.2204  s1.loss_cls: 0.4495  s1.pos_acc: 57.1429  s1.loss_bbox: 0.6156  s1.loss_iou: 1.2472
2026/03/27 02:57:28 - mmengine - INFO - Epoch(train)  [5][2650/5001]  lr: 2.5000e-05  eta: 1 day, 5:38:47  time: 1.1126  data_time: 0.0034  memory: 7764  grad_norm: 57.2128  loss: 9.3415  rpn_s.0.loss_cls: 0.6504  rpn_s.0.loss_bbox: 0.1117  rpn_s.0.loss_giou: 0.8082  rpn_s.1.loss_cls: 0.4640  rpn_s.1.loss_bbox: 0.0551  rpn_s.1.loss_giou: 0.4387  rpn_s.2.loss_cls: 0.4102  rpn_s.2.loss_bbox: 0.0477  rpn_s.2.loss_giou: 0.3777  rpn_s.3.loss_cls: 0.3736  rpn_s.3.loss_bbox: 0.0448  rpn_s.3.loss_giou: 0.3605  s0.loss_cls: 0.4884  s0.pos_acc: 92.8571  s0.loss_bbox: 0.6238  s0.loss_iou: 1.4575  s1.loss_cls: 0.4956  s1.pos_acc: 92.8571  s1.loss_bbox: 0.6461  s1.loss_iou: 1.4875
2026/03/27 02:58:24 - mmengine - INFO - Epoch(train)  [5][2700/5001]  lr: 2.5000e-05  eta: 1 day, 5:37:59  time: 1.1275  data_time: 0.0034  memory: 7765  grad_norm: 55.4752  loss: 10.1696  rpn_s.0.loss_cls: 0.7000  rpn_s.0.loss_bbox: 0.1204  rpn_s.0.loss_giou: 0.9696  rpn_s.1.loss_cls: 0.4945  rpn_s.1.loss_bbox: 0.0514  rpn_s.1.loss_giou: 0.4973  rpn_s.2.loss_cls: 0.4419  rpn_s.2.loss_bbox: 0.0415  rpn_s.2.loss_giou: 0.4249  rpn_s.3.loss_cls: 0.4021  rpn_s.3.loss_bbox: 0.0392  rpn_s.3.loss_giou: 0.3984  s0.loss_cls: 0.4972  s0.pos_acc: 65.2778  s0.loss_bbox: 0.6824  s0.loss_iou: 1.5998  s1.loss_cls: 0.4994  s1.pos_acc: 68.0555  s1.loss_bbox: 0.6777  s1.loss_iou: 1.6319
2026/03/27 02:59:20 - mmengine - INFO - Epoch(train)  [5][2750/5001]  lr: 2.5000e-05  eta: 1 day, 5:37:10  time: 1.1257  data_time: 0.0033  memory: 7765  grad_norm: 55.4527  loss: 9.4396  rpn_s.0.loss_cls: 0.6625  rpn_s.0.loss_bbox: 0.1213  rpn_s.0.loss_giou: 0.8825  rpn_s.1.loss_cls: 0.4772  rpn_s.1.loss_bbox: 0.0515  rpn_s.1.loss_giou: 0.4514  rpn_s.2.loss_cls: 0.4115  rpn_s.2.loss_bbox: 0.0431  rpn_s.2.loss_giou: 0.3834  rpn_s.3.loss_cls: 0.3858  rpn_s.3.loss_bbox: 0.0406  rpn_s.3.loss_giou: 0.3652  s0.loss_cls: 0.4760  s0.pos_acc: 70.1117  s0.loss_bbox: 0.6332  s0.loss_iou: 1.4612  s1.loss_cls: 0.4766  s1.pos_acc: 73.7430  s1.loss_bbox: 0.6351  s1.loss_iou: 1.4815
2026/03/27 03:00:16 - mmengine - INFO - Epoch(train)  [5][2800/5001]  lr: 2.5000e-05  eta: 1 day, 5:36:21  time: 1.1208  data_time: 0.0033  memory: 7764  grad_norm: 54.7786  loss: 9.2054  rpn_s.0.loss_cls: 0.6659  rpn_s.0.loss_bbox: 0.1148  rpn_s.0.loss_giou: 0.8308  rpn_s.1.loss_cls: 0.4862  rpn_s.1.loss_bbox: 0.0552  rpn_s.1.loss_giou: 0.4574  rpn_s.2.loss_cls: 0.4195  rpn_s.2.loss_bbox: 0.0457  rpn_s.2.loss_giou: 0.3899  rpn_s.3.loss_cls: 0.3809  rpn_s.3.loss_bbox: 0.0419  rpn_s.3.loss_giou: 0.3662  s0.loss_cls: 0.4657  s0.pos_acc: 66.6667  s0.loss_bbox: 0.5838  s0.loss_iou: 1.4143  s1.loss_cls: 0.4565  s1.pos_acc: 66.6667  s1.loss_bbox: 0.6014  s1.loss_iou: 1.4295
2026/03/27 03:01:13 - mmengine - INFO - Epoch(train)  [5][2850/5001]  lr: 2.5000e-05  eta: 1 day, 5:35:33  time: 1.1273  data_time: 0.0033  memory: 7765  grad_norm: 55.8954  loss: 9.4213  rpn_s.0.loss_cls: 0.6792  rpn_s.0.loss_bbox: 0.1155  rpn_s.0.loss_giou: 0.8425  rpn_s.1.loss_cls: 0.4884  rpn_s.1.loss_bbox: 0.0533  rpn_s.1.loss_giou: 0.4394  rpn_s.2.loss_cls: 0.4354  rpn_s.2.loss_bbox: 0.0443  rpn_s.2.loss_giou: 0.3832  rpn_s.3.loss_cls: 0.4049  rpn_s.3.loss_bbox: 0.0419  rpn_s.3.loss_giou: 0.3639  s0.loss_cls: 0.4904  s0.pos_acc: 66.6667  s0.loss_bbox: 0.6759  s0.loss_iou: 1.3811  s1.loss_cls: 0.4903  s1.pos_acc: 67.7083  s1.loss_bbox: 0.6868  s1.loss_iou: 1.4049
2026/03/27 03:02:10 - mmengine - INFO - Epoch(train)  [5][2900/5001]  lr: 2.5000e-05  eta: 1 day, 5:34:46  time: 1.1370  data_time: 0.0033  memory: 7765  grad_norm: 60.6529  loss: 8.2098  rpn_s.0.loss_cls: 0.5908  rpn_s.0.loss_bbox: 0.1074  rpn_s.0.loss_giou: 0.7045  rpn_s.1.loss_cls: 0.4419  rpn_s.1.loss_bbox: 0.0535  rpn_s.1.loss_giou: 0.3866  rpn_s.2.loss_cls: 0.3842  rpn_s.2.loss_bbox: 0.0461  rpn_s.2.loss_giou: 0.3413  rpn_s.3.loss_cls: 0.3493  rpn_s.3.loss_bbox: 0.0430  rpn_s.3.loss_giou: 0.3248  s0.loss_cls: 0.3877  s0.pos_acc: 75.1799  s0.loss_bbox: 0.5442  s0.loss_iou: 1.2794  s1.loss_cls: 0.3869  s1.pos_acc: 78.4173  s1.loss_bbox: 0.5402  s1.loss_iou: 1.2981
2026/03/27 03:03:06 - mmengine - INFO - Epoch(train)  [5][2950/5001]  lr: 2.5000e-05  eta: 1 day, 5:33:58  time: 1.1277  data_time: 0.0033  memory: 7765  grad_norm: 58.8789  loss: 8.6117  rpn_s.0.loss_cls: 0.6545  rpn_s.0.loss_bbox: 0.1144  rpn_s.0.loss_giou: 0.8066  rpn_s.1.loss_cls: 0.4844  rpn_s.1.loss_bbox: 0.0494  rpn_s.1.loss_giou: 0.4093  rpn_s.2.loss_cls: 0.4170  rpn_s.2.loss_bbox: 0.0428  rpn_s.2.loss_giou: 0.3623  rpn_s.3.loss_cls: 0.3757  rpn_s.3.loss_bbox: 0.0398  rpn_s.3.loss_giou: 0.3421  s0.loss_cls: 0.4275  s0.pos_acc: 75.0000  s0.loss_bbox: 0.5597  s0.loss_iou: 1.2734  s1.loss_cls: 0.4249  s1.pos_acc: 100.0000  s1.loss_bbox: 0.5590  s1.loss_iou: 1.2689
2026/03/27 03:03:58 - mmengine - INFO - Exp name: GSDet_r50_b900_h2h4_h2r1_r2r1_2x_fair1m1.0_20260326_200141
2026/03/27 03:04:02 - mmengine - INFO - Epoch(train)  [5][3000/5001]  lr: 2.5000e-05  eta: 1 day, 5:33:08  time: 1.1190  data_time: 0.0031  memory: 7765  grad_norm: 55.3873  loss: 10.4527  rpn_s.0.loss_cls: 0.6762  rpn_s.0.loss_bbox: 0.1205  rpn_s.0.loss_giou: 0.9645  rpn_s.1.loss_cls: 0.4954  rpn_s.1.loss_bbox: 0.0499  rpn_s.1.loss_giou: 0.4836  rpn_s.2.loss_cls: 0.4265  rpn_s.2.loss_bbox: 0.0407  rpn_s.2.loss_giou: 0.4181  rpn_s.3.loss_cls: 0.3845  rpn_s.3.loss_bbox: 0.0374  rpn_s.3.loss_giou: 0.3954  s0.loss_cls: 0.5131  s0.pos_acc: 76.6667  s0.loss_bbox: 0.7174  s0.loss_iou: 1.7319  s1.loss_cls: 0.5069  s1.pos_acc: 75.0000  s1.loss_bbox: 0.7464  s1.loss_iou: 1.7441
2026/03/27 03:04:57 - mmengine - INFO - Epoch(train)  [5][3050/5001]  lr: 2.5000e-05  eta: 1 day, 5:32:15  time: 1.1057  data_time: 0.0033  memory: 7765  grad_norm: 53.3335  loss: 9.7222  rpn_s.0.loss_cls: 0.7265  rpn_s.0.loss_bbox: 0.1158  rpn_s.0.loss_giou: 0.9377  rpn_s.1.loss_cls: 0.5059  rpn_s.1.loss_bbox: 0.0474  rpn_s.1.loss_giou: 0.4677  rpn_s.2.loss_cls: 0.4454  rpn_s.2.loss_bbox: 0.0401  rpn_s.2.loss_giou: 0.4109  rpn_s.3.loss_cls: 0.4069  rpn_s.3.loss_bbox: 0.0377  rpn_s.3.loss_giou: 0.3937  s0.loss_cls: 0.4969  s0.pos_acc: 69.0476  s0.loss_bbox: 0.6365  s0.loss_iou: 1.4405  s1.loss_cls: 0.4975  s1.pos_acc: 73.8095  s1.loss_bbox: 0.6653  s1.loss_iou: 1.4499
2026/03/27 03:05:53 - mmengine - INFO - Epoch(train)  [5][3100/5001]  lr: 2.5000e-05  eta: 1 day, 5:31:25  time: 1.1171  data_time: 0.0034  memory: 7765  grad_norm: 57.0852  loss: 8.2305  rpn_s.0.loss_cls: 0.6362  rpn_s.0.loss_bbox: 0.1077  rpn_s.0.loss_giou: 0.7542  rpn_s.1.loss_cls: 0.4739  rpn_s.1.loss_bbox: 0.0475  rpn_s.1.loss_giou: 0.3832  rpn_s.2.loss_cls: 0.4132  rpn_s.2.loss_bbox: 0.0417  rpn_s.2.loss_giou: 0.3389  rpn_s.3.loss_cls: 0.3790  rpn_s.3.loss_bbox: 0.0391  rpn_s.3.loss_giou: 0.3199  s0.loss_cls: 0.3707  s0.pos_acc: 73.6842  s0.loss_bbox: 0.5322  s0.loss_iou: 1.2355  s1.loss_cls: 0.3739  s1.pos_acc: 71.0526  s1.loss_bbox: 0.5306  s1.loss_iou: 1.2531
2026/03/27 03:06:49 - mmengine - INFO - Epoch(train)  [5][3150/5001]  lr: 2.5000e-05  eta: 1 day, 5:30:33  time: 1.1102  data_time: 0.0032  memory: 7765  grad_norm: 52.9875  loss: 9.1536  rpn_s.0.loss_cls: 0.6657  rpn_s.0.loss_bbox: 0.1118  rpn_s.0.loss_giou: 0.8928  rpn_s.1.loss_cls: 0.4644  rpn_s.1.loss_bbox: 0.0480  rpn_s.1.loss_giou: 0.4481  rpn_s.2.loss_cls: 0.4097  rpn_s.2.loss_bbox: 0.0396  rpn_s.2.loss_giou: 0.3839  rpn_s.3.loss_cls: 0.3751  rpn_s.3.loss_bbox: 0.0361  rpn_s.3.loss_giou: 0.3591  s0.loss_cls: 0.4470  s0.pos_acc: 77.9412  s0.loss_bbox: 0.5976  s0.loss_iou: 1.4106  s1.loss_cls: 0.4413  s1.pos_acc: 76.4706  s1.loss_bbox: 0.6130  s1.loss_iou: 1.4099
2026/03/27 03:07:45 - mmengine - INFO - Epoch(train)  [5][3200/5001]  lr: 2.5000e-05  eta: 1 day, 5:29:45  time: 1.1292  data_time: 0.0033  memory: 7765  grad_norm: 55.0260  loss: 8.8574  rpn_s.0.loss_cls: 0.6399  rpn_s.0.loss_bbox: 0.1221  rpn_s.0.loss_giou: 0.7967  rpn_s.1.loss_cls: 0.4922  rpn_s.1.loss_bbox: 0.0586  rpn_s.1.loss_giou: 0.4244  rpn_s.2.loss_cls: 0.4340  rpn_s.2.loss_bbox: 0.0505  rpn_s.2.loss_giou: 0.3674  rpn_s.3.loss_cls: 0.4015  rpn_s.3.loss_bbox: 0.0472  rpn_s.3.loss_giou: 0.3483  s0.loss_cls: 0.4741  s0.pos_acc: 71.4286  s0.loss_bbox: 0.6109  s0.loss_iou: 1.2557  s1.loss_cls: 0.4648  s1.pos_acc: 71.4286  s1.loss_bbox: 0.6102  s1.loss_iou: 1.2589
2026/03/27 03:08:41 - mmengine - INFO - Epoch(train)  [5][3250/5001]  lr: 2.5000e-05  eta: 1 day, 5:28:54  time: 1.1171  data_time: 0.0034  memory: 7764  grad_norm: 60.9509  loss: 9.8910  rpn_s.0.loss_cls: 0.6717  rpn_s.0.loss_bbox: 0.1252  rpn_s.0.loss_giou: 0.8729  rpn_s.1.loss_cls: 0.4721  rpn_s.1.loss_bbox: 0.0619  rpn_s.1.loss_giou: 0.4648  rpn_s.2.loss_cls: 0.4027  rpn_s.2.loss_bbox: 0.0506  rpn_s.2.loss_giou: 0.3990  rpn_s.3.loss_cls: 0.3755  rpn_s.3.loss_bbox: 0.0465  rpn_s.3.loss_giou: 0.3770  s0.loss_cls: 0.5025  s0.pos_acc: 55.8824  s0.loss_bbox: 0.6923  s0.loss_iou: 1.5886  s1.loss_cls: 0.4959  s1.pos_acc: 67.6471  s1.loss_bbox: 0.6781  s1.loss_iou: 1.6137
2026/03/27 03:09:37 - mmengine - INFO - Epoch(train)  [5][3300/5001]  lr: 2.5000e-05  eta: 1 day, 5:28:06  time: 1.1290  data_time: 0.0032  memory: 7765  grad_norm: 51.0066  loss: 7.5169  rpn_s.0.loss_cls: 0.5942  rpn_s.0.loss_bbox: 0.1057  rpn_s.0.loss_giou: 0.7127  rpn_s.1.loss_cls: 0.4457  rpn_s.1.loss_bbox: 0.0503  rpn_s.1.loss_giou: 0.3768  rpn_s.2.loss_cls: 0.3693  rpn_s.2.loss_bbox: 0.0442  rpn_s.2.loss_giou: 0.3317  rpn_s.3.loss_cls: 0.3277  rpn_s.3.loss_bbox: 0.0424  rpn_s.3.loss_giou: 0.3216  s0.loss_cls: 0.3519  s0.pos_acc: 100.0000  s0.loss_bbox: 0.5649  s0.loss_iou: 0.9687  s1.loss_cls: 0.3491  s1.pos_acc: 100.0000  s1.loss_bbox: 0.5522  s1.loss_iou: 1.0078
2026/03/27 03:10:34 - mmengine - INFO - Epoch(train)  [5][3350/5001]  lr: 2.5000e-05  eta: 1 day, 5:27:19  time: 1.1355  data_time: 0.0033  memory: 7765  grad_norm: 54.8570  loss: 8.5876  rpn_s.0.loss_cls: 0.6491  rpn_s.0.loss_bbox: 0.1155  rpn_s.0.loss_giou: 0.7849  rpn_s.1.loss_cls: 0.4726  rpn_s.1.loss_bbox: 0.0534  rpn_s.1.loss_giou: 0.4081  rpn_s.2.loss_cls: 0.4037  rpn_s.2.loss_bbox: 0.0457  rpn_s.2.loss_giou: 0.3604  rpn_s.3.loss_cls: 0.3719  rpn_s.3.loss_bbox: 0.0427  rpn_s.3.loss_giou: 0.3440  s0.loss_cls: 0.4387  s0.pos_acc: 71.6667  s0.loss_bbox: 0.6563  s0.loss_iou: 1.1719  s1.loss_cls: 0.4287  s1.pos_acc: 78.3333  s1.loss_bbox: 0.6440  s1.loss_iou: 1.1961
2026/03/27 03:11:31 - mmengine - INFO - Epoch(train)  [5][3400/5001]  lr: 2.5000e-05  eta: 1 day, 5:26:31  time: 1.1314  data_time: 0.0034  memory: 7765  grad_norm: 51.2380  loss: 9.4439  rpn_s.0.loss_cls: 0.6883  rpn_s.0.loss_bbox: 0.1270  rpn_s.0.loss_giou: 0.9128  rpn_s.1.loss_cls: 0.5109  rpn_s.1.loss_bbox: 0.0542  rpn_s.1.loss_giou: 0.4621  rpn_s.2.loss_cls: 0.4364  rpn_s.2.loss_bbox: 0.0460  rpn_s.2.loss_giou: 0.3991  rpn_s.3.loss_cls: 0.4041  rpn_s.3.loss_bbox: 0.0420  rpn_s.3.loss_giou: 0.3776  s0.loss_cls: 0.4496  s0.pos_acc: 73.8636  s0.loss_bbox: 0.6317  s0.loss_iou: 1.4104  s1.loss_cls: 0.4478  s1.pos_acc: 76.1364  s1.loss_bbox: 0.6276  s1.loss_iou: 1.4164
2026/03/27 03:12:27 - mmengine - INFO - Epoch(train)  [5][3450/5001]  lr: 2.5000e-05  eta: 1 day, 5:25:42  time: 1.1254  data_time: 0.0032  memory: 7765  grad_norm: 54.5910  loss: 9.7676  rpn_s.0.loss_cls: 0.6709  rpn_s.0.loss_bbox: 0.1200  rpn_s.0.loss_giou: 0.9131  rpn_s.1.loss_cls: 0.4567  rpn_s.1.loss_bbox: 0.0525  rpn_s.1.loss_giou: 0.4610  rpn_s.2.loss_cls: 0.4043  rpn_s.2.loss_bbox: 0.0440  rpn_s.2.loss_giou: 0.3980  rpn_s.3.loss_cls: 0.3633  rpn_s.3.loss_bbox: 0.0399  rpn_s.3.loss_giou: 0.3748  s0.loss_cls: 0.4737  s0.pos_acc: 100.0000  s0.loss_bbox: 0.6531  s0.loss_iou: 1.5920  s1.loss_cls: 0.4775  s1.pos_acc: 100.0000  s1.loss_bbox: 0.6617  s1.loss_iou: 1.6111
2026/03/27 03:13:23 - mmengine - INFO - Epoch(train)  [5][3500/5001]  lr: 2.5000e-05  eta: 1 day, 5:24:52  time: 1.1204  data_time: 0.0031  memory: 7765  grad_norm: 53.4005  loss: 9.6335  rpn_s.0.loss_cls: 0.6835  rpn_s.0.loss_bbox: 0.1121  rpn_s.0.loss_giou: 0.9130  rpn_s.1.loss_cls: 0.4791  rpn_s.1.loss_bbox: 0.0470  rpn_s.1.loss_giou: 0.4568  rpn_s.2.loss_cls: 0.4029  rpn_s.2.loss_bbox: 0.0395  rpn_s.2.loss_giou: 0.3978  rpn_s.3.loss_cls: 0.3699  rpn_s.3.loss_bbox: 0.0367  rpn_s.3.loss_giou: 0.3732  s0.loss_cls: 0.4731  s0.pos_acc: 87.5000  s0.loss_bbox: 0.6386  s0.loss_iou: 1.5356  s1.loss_cls: 0.4820  s1.pos_acc: 87.5000  s1.loss_bbox: 0.6317  s1.loss_iou: 1.5610
2026/03/27 03:14:19 - mmengine - INFO - Epoch(train)  [5][3550/5001]  lr: 2.5000e-05  eta: 1 day, 5:24:01  time: 1.1163  data_time: 0.0032  memory: 7765  grad_norm: 54.7396  loss: 9.2239  rpn_s.0.loss_cls: 0.6523  rpn_s.0.loss_bbox: 0.1037  rpn_s.0.loss_giou: 0.8249  rpn_s.1.loss_cls: 0.4860  rpn_s.1.loss_bbox: 0.0478  rpn_s.1.loss_giou: 0.4265  rpn_s.2.loss_cls: 0.4215  rpn_s.2.loss_bbox: 0.0416  rpn_s.2.loss_giou: 0.3740  rpn_s.3.loss_cls: 0.3796  rpn_s.3.loss_bbox: 0.0393  rpn_s.3.loss_giou: 0.3559  s0.loss_cls: 0.4823  s0.pos_acc: 36.8421  s0.loss_bbox: 0.6245  s0.loss_iou: 1.4070  s1.loss_cls: 0.4812  s1.pos_acc: 55.2632  s1.loss_bbox: 0.6310  s1.loss_iou: 1.4448
2026/03/27 03:15:14 - mmengine - INFO - Epoch(train)  [5][3600/5001]  lr: 2.5000e-05  eta: 1 day, 5:23:09  time: 1.1096  data_time: 0.0032  memory: 7764  grad_norm: 58.3258  loss: 8.3239  rpn_s.0.loss_cls: 0.6420  rpn_s.0.loss_bbox: 0.1084  rpn_s.0.loss_giou: 0.7551  rpn_s.1.loss_cls: 0.4826  rpn_s.1.loss_bbox: 0.0564  rpn_s.1.loss_giou: 0.4076  rpn_s.2.loss_cls: 0.4200  rpn_s.2.loss_bbox: 0.0462  rpn_s.2.loss_giou: 0.3535  rpn_s.3.loss_cls: 0.3855  rpn_s.3.loss_bbox: 0.0428  rpn_s.3.loss_giou: 0.3344  s0.loss_cls: 0.4267  s0.pos_acc: 53.0121  s0.loss_bbox: 0.5248  s0.loss_iou: 1.1723  s1.loss_cls: 0.4455  s1.pos_acc: 57.8313  s1.loss_bbox: 0.5291  s1.loss_iou: 1.1910
2026/03/27 03:16:10 - mmengine - INFO - Epoch(train)  [5][3650/5001]  lr: 2.5000e-05  eta: 1 day, 5:22:17  time: 1.1137  data_time: 0.0033  memory: 7765  grad_norm: 61.7729  loss: 9.0606  rpn_s.0.loss_cls: 0.6731  rpn_s.0.loss_bbox: 0.1111  rpn_s.0.loss_giou: 0.7923  rpn_s.1.loss_cls: 0.4999  rpn_s.1.loss_bbox: 0.0514  rpn_s.1.loss_giou: 0.4060  rpn_s.2.loss_cls: 0.4371  rpn_s.2.loss_bbox: 0.0432  rpn_s.2.loss_giou: 0.3520  rpn_s.3.loss_cls: 0.4102  rpn_s.3.loss_bbox: 0.0395  rpn_s.3.loss_giou: 0.3286  s0.loss_cls: 0.5297  s0.pos_acc: 75.0000  s0.loss_bbox: 0.6476  s0.loss_iou: 1.2892  s1.loss_cls: 0.5201  s1.pos_acc: 75.0000  s1.loss_bbox: 0.6235  s1.loss_iou: 1.3060
2026/03/27 03:17:06 - mmengine - INFO - Epoch(train)  [5][3700/5001]  lr: 2.5000e-05  eta: 1 day, 5:21:25  time: 1.1101  data_time: 0.0034  memory: 7765  grad_norm: 57.1434  loss: 10.5403  rpn_s.0.loss_cls: 0.6966  rpn_s.0.loss_bbox: 0.1172  rpn_s.0.loss_giou: 0.9269  rpn_s.1.loss_cls: 0.5042  rpn_s.1.loss_bbox: 0.0500  rpn_s.1.loss_giou: 0.4720  rpn_s.2.loss_cls: 0.4329  rpn_s.2.loss_bbox: 0.0414  rpn_s.2.loss_giou: 0.4037  rpn_s.3.loss_cls: 0.4059  rpn_s.3.loss_bbox: 0.0375  rpn_s.3.loss_giou: 0.3768  s0.loss_cls: 0.5440  s0.pos_acc: 70.0000  s0.loss_bbox: 0.7604  s0.loss_iou: 1.7210  s1.loss_cls: 0.5505  s1.pos_acc: 57.5000  s1.loss_bbox: 0.7678  s1.loss_iou: 1.7315
2026/03/27 03:18:01 - mmengine - INFO - Epoch(train)  [5][3750/5001]  lr: 2.5000e-05  eta: 1 day, 5:20:33  time: 1.1094  data_time: 0.0033  memory: 7765  grad_norm: 54.4482  loss: 9.6103  rpn_s.0.loss_cls: 0.6514  rpn_s.0.loss_bbox: 0.1174  rpn_s.0.loss_giou: 0.8842  rpn_s.1.loss_cls: 0.4580  rpn_s.1.loss_bbox: 0.0511  rpn_s.1.loss_giou: 0.4620  rpn_s.2.loss_cls: 0.3934  rpn_s.2.loss_bbox: 0.0407  rpn_s.2.loss_giou: 0.3947  rpn_s.3.loss_cls: 0.3573  rpn_s.3.loss_bbox: 0.0366  rpn_s.3.loss_giou: 0.3661  s0.loss_cls: 0.4685  s0.pos_acc: 44.4444  s0.loss_bbox: 0.6754  s0.loss_iou: 1.5519  s1.loss_cls: 0.4615  s1.pos_acc: 44.4444  s1.loss_bbox: 0.6857  s1.loss_iou: 1.5542
2026/03/27 03:18:57 - mmengine - INFO - Epoch(train)  [5][3800/5001]  lr: 2.5000e-05  eta: 1 day, 5:19:41  time: 1.1101  data_time: 0.0034  memory: 7765  grad_norm: 56.0323  loss: 8.8839  rpn_s.0.loss_cls: 0.6553  rpn_s.0.loss_bbox: 0.1147  rpn_s.0.loss_giou: 0.8210  rpn_s.1.loss_cls: 0.4868  rpn_s.1.loss_bbox: 0.0525  rpn_s.1.loss_giou: 0.4432  rpn_s.2.loss_cls: 0.4214  rpn_s.2.loss_bbox: 0.0445  rpn_s.2.loss_giou: 0.3866  rpn_s.3.loss_cls: 0.3831  rpn_s.3.loss_bbox: 0.0422  rpn_s.3.loss_giou: 0.3694  s0.loss_cls: 0.4366  s0.pos_acc: 95.8333  s0.loss_bbox: 0.6058  s0.loss_iou: 1.2640  s1.loss_cls: 0.4472  s1.pos_acc: 100.0000  s1.loss_bbox: 0.6044  s1.loss_iou: 1.3051
2026/03/27 03:19:52 - mmengine - INFO - Epoch(train)  [5][3850/5001]  lr: 2.5000e-05  eta: 1 day, 5:18:47  time: 1.1060  data_time: 0.0033  memory: 7765  grad_norm: 52.5536  loss: 9.5598  rpn_s.0.loss_cls: 0.6734  rpn_s.0.loss_bbox: 0.1172  rpn_s.0.loss_giou: 0.9322  rpn_s.1.loss_cls: 0.4773  rpn_s.1.loss_bbox: 0.0525  rpn_s.1.loss_giou: 0.4818  rpn_s.2.loss_cls: 0.4161  rpn_s.2.loss_bbox: 0.0419  rpn_s.2.loss_giou: 0.4116  rpn_s.3.loss_cls: 0.3816  rpn_s.3.loss_bbox: 0.0403  rpn_s.3.loss_giou: 0.3926  s0.loss_cls: 0.4485  s0.pos_acc: 93.7500  s0.loss_bbox: 0.6112  s0.loss_iou: 1.4957  s1.loss_cls: 0.4407  s1.pos_acc: 75.0000  s1.loss_bbox: 0.6198  s1.loss_iou: 1.5255
2026/03/27 03:20:48 - mmengine - INFO - Epoch(train)  [5][3900/5001]  lr: 2.5000e-05  eta: 1 day, 5:17:56  time: 1.1128  data_time: 0.0033  memory: 7765  grad_norm: 56.6051  loss: 10.2718  rpn_s.0.loss_cls: 0.6576  rpn_s.0.loss_bbox: 0.1253  rpn_s.0.loss_giou: 0.8595  rpn_s.1.loss_cls: 0.4833  rpn_s.1.loss_bbox: 0.0586  rpn_s.1.loss_giou: 0.4512  rpn_s.2.loss_cls: 0.4141  rpn_s.2.loss_bbox: 0.0491  rpn_s.2.loss_giou: 0.3910  rpn_s.3.loss_cls: 0.3833  rpn_s.3.loss_bbox: 0.0470  rpn_s.3.loss_giou: 0.3733  s0.loss_cls: 0.5418  s0.pos_acc: 69.4915  s0.loss_bbox: 0.7398  s0.loss_iou: 1.6969  s1.loss_cls: 0.5405  s1.pos_acc: 73.7288  s1.loss_bbox: 0.7358  s1.loss_iou: 1.7237
2026/03/27 03:21:43 - mmengine - INFO - Epoch(train)  [5][3950/5001]  lr: 2.5000e-05  eta: 1 day, 5:17:04  time: 1.1151  data_time: 0.0033  memory: 7765  grad_norm: 53.3035  loss: 9.0937  rpn_s.0.loss_cls: 0.7111  rpn_s.0.loss_bbox: 0.1178  rpn_s.0.loss_giou: 0.9001  rpn_s.1.loss_cls: 0.5056  rpn_s.1.loss_bbox: 0.0520  rpn_s.1.loss_giou: 0.4649  rpn_s.2.loss_cls: 0.4302  rpn_s.2.loss_bbox: 0.0450  rpn_s.2.loss_giou: 0.4144  rpn_s.3.loss_cls: 0.4012  rpn_s.3.loss_bbox: 0.0406  rpn_s.3.loss_giou: 0.3862  s0.loss_cls: 0.4168  s0.pos_acc: 75.6039  s0.loss_bbox: 0.5315  s0.loss_iou: 1.3626  s1.loss_cls: 0.4132  s1.pos_acc: 79.9517  s1.loss_bbox: 0.5297  s1.loss_iou: 1.3708
2026/03/27 03:22:34 - mmengine - INFO - Exp name: GSDet_r50_b900_h2h4_h2r1_r2r1_2x_fair1m1.0_20260326_200141
2026/03/27 03:22:39 - mmengine - INFO - Epoch(train)  [5][4000/5001]  lr: 2.5000e-05  eta: 1 day, 5:16:12  time: 1.1094  data_time: 0.0033  memory: 7764  grad_norm: 52.2051  loss: 9.2435  rpn_s.0.loss_cls: 0.6723  rpn_s.0.loss_bbox: 0.1092  rpn_s.0.loss_giou: 0.7751  rpn_s.1.loss_cls: 0.5024  rpn_s.1.loss_bbox: 0.0521  rpn_s.1.loss_giou: 0.4081  rpn_s.2.loss_cls: 0.4309  rpn_s.2.loss_bbox: 0.0442  rpn_s.2.loss_giou: 0.3571  rpn_s.3.loss_cls: 0.3923  rpn_s.3.loss_bbox: 0.0423  rpn_s.3.loss_giou: 0.3423  s0.loss_cls: 0.5043  s0.pos_acc: 81.8182  s0.loss_bbox: 0.6701  s0.loss_iou: 1.3835  s1.loss_cls: 0.5052  s1.pos_acc: 77.2727  s1.loss_bbox: 0.6665  s1.loss_iou: 1.3855
2026/03/27 03:23:34 - mmengine - INFO - Epoch(train)  [5][4050/5001]  lr: 2.5000e-05  eta: 1 day, 5:15:18  time: 1.1048  data_time: 0.0033  memory: 7764  grad_norm: 55.3456  loss: 7.9963  rpn_s.0.loss_cls: 0.6536  rpn_s.0.loss_bbox: 0.1181  rpn_s.0.loss_giou: 0.7496  rpn_s.1.loss_cls: 0.4734  rpn_s.1.loss_bbox: 0.0602  rpn_s.1.loss_giou: 0.4080  rpn_s.2.loss_cls: 0.4060  rpn_s.2.loss_bbox: 0.0539  rpn_s.2.loss_giou: 0.3550  rpn_s.3.loss_cls: 0.3800  rpn_s.3.loss_bbox: 0.0500  rpn_s.3.loss_giou: 0.3410  s0.loss_cls: 0.3725  s0.pos_acc: 85.7143  s0.loss_bbox: 0.5467  s0.loss_iou: 1.0389  s1.loss_cls: 0.3902  s1.pos_acc: 85.7143  s1.loss_bbox: 0.5579  s1.loss_iou: 1.0413
2026/03/27 03:24:28 - mmengine - INFO - Epoch(train)  [5][4100/5001]  lr: 2.5000e-05  eta: 1 day, 5:14:22  time: 1.0899  data_time: 0.0033  memory: 7764  grad_norm: 54.4838  loss: 8.8905  rpn_s.0.loss_cls: 0.6474  rpn_s.0.loss_bbox: 0.1117  rpn_s.0.loss_giou: 0.8406  rpn_s.1.loss_cls: 0.4481  rpn_s.1.loss_bbox: 0.0509  rpn_s.1.loss_giou: 0.4374  rpn_s.2.loss_cls: 0.3923  rpn_s.2.loss_bbox: 0.0423  rpn_s.2.loss_giou: 0.3813  rpn_s.3.loss_cls: 0.3525  rpn_s.3.loss_bbox: 0.0386  rpn_s.3.loss_giou: 0.3561  s0.loss_cls: 0.4231  s0.pos_acc: 75.0000  s0.loss_bbox: 0.6605  s0.loss_iou: 1.3027  s1.loss_cls: 0.4235  s1.pos_acc: 83.3333  s1.loss_bbox: 0.6656  s1.loss_iou: 1.3159
2026/03/27 03:25:24 - mmengine - INFO - Epoch(train)  [5][4150/5001]  lr: 2.5000e-05  eta: 1 day, 5:13:28  time: 1.1024  data_time: 0.0033  memory: 7765  grad_norm: 60.1969  loss: 9.2658  rpn_s.0.loss_cls: 0.6339  rpn_s.0.loss_bbox: 0.1104  rpn_s.0.loss_giou: 0.8071  rpn_s.1.loss_cls: 0.4726  rpn_s.1.loss_bbox: 0.0522  rpn_s.1.loss_giou: 0.4502  rpn_s.2.loss_cls: 0.4101  rpn_s.2.loss_bbox: 0.0444  rpn_s.2.loss_giou: 0.3913  rpn_s.3.loss_cls: 0.3693  rpn_s.3.loss_bbox: 0.0412  rpn_s.3.loss_giou: 0.3707  s0.loss_cls: 0.4666  s0.pos_acc: 90.9091  s0.loss_bbox: 0.5808  s0.loss_iou: 1.4975  s1.loss_cls: 0.4589  s1.pos_acc: 90.9091  s1.loss_bbox: 0.5959  s1.loss_iou: 1.5126
2026/03/27 03:26:18 - mmengine - INFO - Epoch(train)  [5][4200/5001]  lr: 2.5000e-05  eta: 1 day, 5:12:32  time: 1.0928  data_time: 0.0033  memory: 7765  grad_norm: 50.8908  loss: 8.8716  rpn_s.0.loss_cls: 0.6582  rpn_s.0.loss_bbox: 0.1148  rpn_s.0.loss_giou: 0.8233  rpn_s.1.loss_cls: 0.4610  rpn_s.1.loss_bbox: 0.0517  rpn_s.1.loss_giou: 0.4262  rpn_s.2.loss_cls: 0.4027  rpn_s.2.loss_bbox: 0.0432  rpn_s.2.loss_giou: 0.3684  rpn_s.3.loss_cls: 0.3721  rpn_s.3.loss_bbox: 0.0400  rpn_s.3.loss_giou: 0.3459  s0.loss_cls: 0.4634  s0.pos_acc: 60.0000  s0.loss_bbox: 0.5430  s0.loss_iou: 1.3532  s1.loss_cls: 0.4643  s1.pos_acc: 60.0000  s1.loss_bbox: 0.5641  s1.loss_iou: 1.3762
2026/03/27 03:27:13 - mmengine - INFO - Epoch(train)  [5][4250/5001]  lr: 2.5000e-05  eta: 1 day, 5:11:37  time: 1.0965  data_time: 0.0033  memory: 7765  grad_norm: 54.0303  loss: 9.1555  rpn_s.0.loss_cls: 0.6614  rpn_s.0.loss_bbox: 0.1284  rpn_s.0.loss_giou: 0.8860  rpn_s.1.loss_cls: 0.4813  rpn_s.1.loss_bbox: 0.0474  rpn_s.1.loss_giou: 0.4446  rpn_s.2.loss_cls: 0.4128  rpn_s.2.loss_bbox: 0.0391  rpn_s.2.loss_giou: 0.3739  rpn_s.3.loss_cls: 0.3826  rpn_s.3.loss_bbox: 0.0357  rpn_s.3.loss_giou: 0.3499  s0.loss_cls: 0.4497  s0.pos_acc: 70.0000  s0.loss_bbox: 0.5859  s0.loss_iou: 1.4027  s1.loss_cls: 0.4491  s1.pos_acc: 80.0000  s1.loss_bbox: 0.6028  s1.loss_iou: 1.4223
2026/03/27 03:28:08 - mmengine - INFO - Epoch(train)  [5][4300/5001]  lr: 2.5000e-05  eta: 1 day, 5:10:44  time: 1.1042  data_time: 0.0033  memory: 7765  grad_norm: 50.7469  loss: 7.7589  rpn_s.0.loss_cls: 0.6285  rpn_s.0.loss_bbox: 0.1089  rpn_s.0.loss_giou: 0.7797  rpn_s.1.loss_cls: 0.4612  rpn_s.1.loss_bbox: 0.0497  rpn_s.1.loss_giou: 0.4105  rpn_s.2.loss_cls: 0.3862  rpn_s.2.loss_bbox: 0.0415  rpn_s.2.loss_giou: 0.3557  rpn_s.3.loss_cls: 0.3465  rpn_s.3.loss_bbox: 0.0388  rpn_s.3.loss_giou: 0.3366  s0.loss_cls: 0.3567  s0.pos_acc: 41.6667  s0.loss_bbox: 0.4953  s0.loss_iou: 1.0417  s1.loss_cls: 0.3607  s1.pos_acc: 58.3333  s1.loss_bbox: 0.4962  s1.loss_iou: 1.0644
2026/03/27 03:29:04 - mmengine - INFO - Epoch(train)  [5][4350/5001]  lr: 2.5000e-05  eta: 1 day, 5:09:51  time: 1.1066  data_time: 0.0032  memory: 7765  grad_norm: 54.1207  loss: 9.0979  rpn_s.0.loss_cls: 0.6554  rpn_s.0.loss_bbox: 0.1040  rpn_s.0.loss_giou: 0.8264  rpn_s.1.loss_cls: 0.4792  rpn_s.1.loss_bbox: 0.0441  rpn_s.1.loss_giou: 0.4257  rpn_s.2.loss_cls: 0.4124  rpn_s.2.loss_bbox: 0.0365  rpn_s.2.loss_giou: 0.3647  rpn_s.3.loss_cls: 0.3682  rpn_s.3.loss_bbox: 0.0347  rpn_s.3.loss_giou: 0.3442  s0.loss_cls: 0.4327  s0.pos_acc: 100.0000  s0.loss_bbox: 0.6821  s0.loss_iou: 1.3787  s1.loss_cls: 0.4362  s1.pos_acc: 100.0000  s1.loss_bbox: 0.6818  s1.loss_iou: 1.3909
2026/03/27 03:30:00 - mmengine - INFO - Epoch(train)  [5][4400/5001]  lr: 2.5000e-05  eta: 1 day, 5:09:01  time: 1.1220  data_time: 0.0033  memory: 7765  grad_norm: 55.5203  loss: 8.2263  rpn_s.0.loss_cls: 0.6431  rpn_s.0.loss_bbox: 0.1239  rpn_s.0.loss_giou: 0.7601  rpn_s.1.loss_cls: 0.4525  rpn_s.1.loss_bbox: 0.0773  rpn_s.1.loss_giou: 0.4498  rpn_s.2.loss_cls: 0.3959  rpn_s.2.loss_bbox: 0.0689  rpn_s.2.loss_giou: 0.3923  rpn_s.3.loss_cls: 0.3630  rpn_s.3.loss_bbox: 0.0649  rpn_s.3.loss_giou: 0.3679  s0.loss_cls: 0.3766  s0.pos_acc: 60.7143  s0.loss_bbox: 0.5499  s0.loss_iou: 1.1055  s1.loss_cls: 0.3740  s1.pos_acc: 64.2857  s1.loss_bbox: 0.5168  s1.loss_iou: 1.1441
2026/03/27 03:30:56 - mmengine - INFO - Epoch(train)  [5][4450/5001]  lr: 2.5000e-05  eta: 1 day, 5:08:10  time: 1.1183  data_time: 0.0033  memory: 7765  grad_norm: 53.0021  loss: 9.4768  rpn_s.0.loss_cls: 0.6794  rpn_s.0.loss_bbox: 0.1171  rpn_s.0.loss_giou: 0.8748  rpn_s.1.loss_cls: 0.4805  rpn_s.1.loss_bbox: 0.0515  rpn_s.1.loss_giou: 0.4555  rpn_s.2.loss_cls: 0.4134  rpn_s.2.loss_bbox: 0.0436  rpn_s.2.loss_giou: 0.3936  rpn_s.3.loss_cls: 0.3817  rpn_s.3.loss_bbox: 0.0412  rpn_s.3.loss_giou: 0.3734  s0.loss_cls: 0.4889  s0.pos_acc: 78.8760  s0.loss_bbox: 0.5604  s0.loss_iou: 1.5284  s1.loss_cls: 0.4818  s1.pos_acc: 78.2946  s1.loss_bbox: 0.5709  s1.loss_iou: 1.5407
2026/03/27 03:31:51 - mmengine - INFO - Epoch(train)  [5][4500/5001]  lr: 2.5000e-05  eta: 1 day, 5:07:19  time: 1.1169  data_time: 0.0032  memory: 7764  grad_norm: 52.1101  loss: 8.3552  rpn_s.0.loss_cls: 0.6440  rpn_s.0.loss_bbox: 0.1178  rpn_s.0.loss_giou: 0.7751  rpn_s.1.loss_cls: 0.4583  rpn_s.1.loss_bbox: 0.0556  rpn_s.1.loss_giou: 0.3869  rpn_s.2.loss_cls: 0.4085  rpn_s.2.loss_bbox: 0.0487  rpn_s.2.loss_giou: 0.3382  rpn_s.3.loss_cls: 0.3743  rpn_s.3.loss_bbox: 0.0461  rpn_s.3.loss_giou: 0.3258  s0.loss_cls: 0.4224  s0.pos_acc: 53.1915  s0.loss_bbox: 0.5481  s0.loss_iou: 1.1966  s1.loss_cls: 0.4181  s1.pos_acc: 44.6809  s1.loss_bbox: 0.5691  s1.loss_iou: 1.2217
2026/03/27 03:32:46 - mmengine - INFO - Epoch(train)  [5][4550/5001]  lr: 2.5000e-05  eta: 1 day, 5:06:24  time: 1.0992  data_time: 0.0032  memory: 7765  grad_norm: 54.3517  loss: 8.6216  rpn_s.0.loss_cls: 0.6543  rpn_s.0.loss_bbox: 0.1158  rpn_s.0.loss_giou: 0.7797  rpn_s.1.loss_cls: 0.4764  rpn_s.1.loss_bbox: 0.0509  rpn_s.1.loss_giou: 0.4136  rpn_s.2.loss_cls: 0.4108  rpn_s.2.loss_bbox: 0.0448  rpn_s.2.loss_giou: 0.3667  rpn_s.3.loss_cls: 0.3746  rpn_s.3.loss_bbox: 0.0416  rpn_s.3.loss_giou: 0.3461  s0.loss_cls: 0.4525  s0.pos_acc: 63.6364  s0.loss_bbox: 0.5816  s0.loss_iou: 1.2291  s1.loss_cls: 0.4320  s1.pos_acc: 61.3636  s1.loss_bbox: 0.5841  s1.loss_iou: 1.2671
2026/03/27 03:33:42 - mmengine - INFO - Epoch(train)  [5][4600/5001]  lr: 2.5000e-05  eta: 1 day, 5:05:30  time: 1.1012  data_time: 0.0032  memory: 7765  grad_norm: 56.4252  loss: 10.0058  rpn_s.0.loss_cls: 0.6729  rpn_s.0.loss_bbox: 0.1124  rpn_s.0.loss_giou: 0.8868  rpn_s.1.loss_cls: 0.4897  rpn_s.1.loss_bbox: 0.0505  rpn_s.1.loss_giou: 0.4681  rpn_s.2.loss_cls: 0.4337  rpn_s.2.loss_bbox: 0.0428  rpn_s.2.loss_giou: 0.4078  rpn_s.3.loss_cls: 0.3869  rpn_s.3.loss_bbox: 0.0396  rpn_s.3.loss_giou: 0.3838  s0.loss_cls: 0.5575  s0.pos_acc: 76.7857  s0.loss_bbox: 0.6756  s0.loss_iou: 1.5745  s1.loss_cls: 0.5343  s1.pos_acc: 85.7143  s1.loss_bbox: 0.6824  s1.loss_iou: 1.6066
2026/03/27 03:34:37 - mmengine - INFO - Epoch(train)  [5][4650/5001]  lr: 2.5000e-05  eta: 1 day, 5:04:36  time: 1.1013  data_time: 0.0033  memory: 7765  grad_norm: 53.0264  loss: 8.6652  rpn_s.0.loss_cls: 0.6745  rpn_s.0.loss_bbox: 0.1157  rpn_s.0.loss_giou: 0.7985  rpn_s.1.loss_cls: 0.4753  rpn_s.1.loss_bbox: 0.0558  rpn_s.1.loss_giou: 0.4444  rpn_s.2.loss_cls: 0.4075  rpn_s.2.loss_bbox: 0.0479  rpn_s.2.loss_giou: 0.3891  rpn_s.3.loss_cls: 0.3803  rpn_s.3.loss_bbox: 0.0447  rpn_s.3.loss_giou: 0.3660  s0.loss_cls: 0.4174  s0.pos_acc: 62.5000  s0.loss_bbox: 0.5119  s0.loss_iou: 1.2812  s1.loss_cls: 0.4153  s1.pos_acc: 62.5000  s1.loss_bbox: 0.5340  s1.loss_iou: 1.3057
2026/03/27 03:35:31 - mmengine - INFO - Epoch(train)  [5][4700/5001]  lr: 2.5000e-05  eta: 1 day, 5:03:40  time: 1.0946  data_time: 0.0033  memory: 7765  grad_norm: 53.3199  loss: 8.8781  rpn_s.0.loss_cls: 0.6494  rpn_s.0.loss_bbox: 0.1157  rpn_s.0.loss_giou: 0.8582  rpn_s.1.loss_cls: 0.4778  rpn_s.1.loss_bbox: 0.0472  rpn_s.1.loss_giou: 0.4328  rpn_s.2.loss_cls: 0.4093  rpn_s.2.loss_bbox: 0.0396  rpn_s.2.loss_giou: 0.3742  rpn_s.3.loss_cls: 0.3718  rpn_s.3.loss_bbox: 0.0359  rpn_s.3.loss_giou: 0.3496  s0.loss_cls: 0.4377  s0.pos_acc: 72.6190  s0.loss_bbox: 0.5868  s0.loss_iou: 1.3128  s1.loss_cls: 0.4463  s1.pos_acc: 70.2381  s1.loss_bbox: 0.6001  s1.loss_iou: 1.3332
2026/03/27 03:36:26 - mmengine - INFO - Epoch(train)  [5][4750/5001]  lr: 2.5000e-05  eta: 1 day, 5:02:46  time: 1.0995  data_time: 0.0034  memory: 7765  grad_norm: 57.2976  loss: 8.9178  rpn_s.0.loss_cls: 0.6619  rpn_s.0.loss_bbox: 0.1028  rpn_s.0.loss_giou: 0.7670  rpn_s.1.loss_cls: 0.4799  rpn_s.1.loss_bbox: 0.0497  rpn_s.1.loss_giou: 0.4213  rpn_s.2.loss_cls: 0.4207  rpn_s.2.loss_bbox: 0.0427  rpn_s.2.loss_giou: 0.3678  rpn_s.3.loss_cls: 0.3929  rpn_s.3.loss_bbox: 0.0409  rpn_s.3.loss_giou: 0.3519  s0.loss_cls: 0.4680  s0.pos_acc: 100.0000  s0.loss_bbox: 0.6278  s0.loss_iou: 1.3033  s1.loss_cls: 0.4668  s1.pos_acc: 90.0000  s1.loss_bbox: 0.6412  s1.loss_iou: 1.3113
2026/03/27 03:37:22 - mmengine - INFO - Epoch(train)  [5][4800/5001]  lr: 2.5000e-05  eta: 1 day, 5:01:53  time: 1.1091  data_time: 0.0033  memory: 7765  grad_norm: 52.2472  loss: 10.2405  rpn_s.0.loss_cls: 0.7281  rpn_s.0.loss_bbox: 0.1262  rpn_s.0.loss_giou: 0.9282  rpn_s.1.loss_cls: 0.5258  rpn_s.1.loss_bbox: 0.0600  rpn_s.1.loss_giou: 0.4949  rpn_s.2.loss_cls: 0.4619  rpn_s.2.loss_bbox: 0.0513  rpn_s.2.loss_giou: 0.4310  rpn_s.3.loss_cls: 0.4215  rpn_s.3.loss_bbox: 0.0473  rpn_s.3.loss_giou: 0.4082  s0.loss_cls: 0.5100  s0.pos_acc: 69.5652  s0.loss_bbox: 0.6139  s0.loss_iou: 1.6250  s1.loss_cls: 0.5015  s1.pos_acc: 67.3913  s1.loss_bbox: 0.6473  s1.loss_iou: 1.6582
2026/03/27 03:38:17 - mmengine - INFO - Epoch(train)  [5][4850/5001]  lr: 2.5000e-05  eta: 1 day, 5:00:58  time: 1.0953  data_time: 0.0033  memory: 7765  grad_norm: 59.7208  loss: 9.3307  rpn_s.0.loss_cls: 0.6553  rpn_s.0.loss_bbox: 0.1096  rpn_s.0.loss_giou: 0.8562  rpn_s.1.loss_cls: 0.4605  rpn_s.1.loss_bbox: 0.0459  rpn_s.1.loss_giou: 0.4335  rpn_s.2.loss_cls: 0.3955  rpn_s.2.loss_bbox: 0.0389  rpn_s.2.loss_giou: 0.3760  rpn_s.3.loss_cls: 0.3640  rpn_s.3.loss_bbox: 0.0361  rpn_s.3.loss_giou: 0.3556  s0.loss_cls: 0.4520  s0.pos_acc: 70.8333  s0.loss_bbox: 0.7084  s0.loss_iou: 1.4142  s1.loss_cls: 0.4512  s1.pos_acc: 68.7500  s1.loss_bbox: 0.7331  s1.loss_iou: 1.4449
2026/03/27 03:39:12 - mmengine - INFO - Epoch(train)  [5][4900/5001]  lr: 2.5000e-05  eta: 1 day, 5:00:06  time: 1.1147  data_time: 0.0034  memory: 7765  grad_norm: 51.9555  loss: 9.1339  rpn_s.0.loss_cls: 0.6599  rpn_s.0.loss_bbox: 0.1211  rpn_s.0.loss_giou: 0.8625  rpn_s.1.loss_cls: 0.4715  rpn_s.1.loss_bbox: 0.0552  rpn_s.1.loss_giou: 0.4395  rpn_s.2.loss_cls: 0.4077  rpn_s.2.loss_bbox: 0.0469  rpn_s.2.loss_giou: 0.3785  rpn_s.3.loss_cls: 0.3705  rpn_s.3.loss_bbox: 0.0437  rpn_s.3.loss_giou: 0.3572  s0.loss_cls: 0.4361  s0.pos_acc: 73.9130  s0.loss_bbox: 0.5880  s0.loss_iou: 1.4244  s1.loss_cls: 0.4270  s1.pos_acc: 71.7391  s1.loss_bbox: 0.6134  s1.loss_iou: 1.4308
2026/03/27 03:40:08 - mmengine - INFO - Epoch(train)  [5][4950/5001]  lr: 2.5000e-05  eta: 1 day, 4:59:15  time: 1.1164  data_time: 0.0033  memory: 7764  grad_norm: 51.6746  loss: 8.7321  rpn_s.0.loss_cls: 0.6455  rpn_s.0.loss_bbox: 0.1130  rpn_s.0.loss_giou: 0.8273  rpn_s.1.loss_cls: 0.4579  rpn_s.1.loss_bbox: 0.0487  rpn_s.1.loss_giou: 0.4059  rpn_s.2.loss_cls: 0.4022  rpn_s.2.loss_bbox: 0.0398  rpn_s.2.loss_giou: 0.3472  rpn_s.3.loss_cls: 0.3637  rpn_s.3.loss_bbox: 0.0373  rpn_s.3.loss_giou: 0.3337  s0.loss_cls: 0.4199  s0.pos_acc: 78.4314  s0.loss_bbox: 0.6254  s0.loss_iou: 1.2914  s1.loss_cls: 0.4103  s1.pos_acc: 84.6405  s1.loss_bbox: 0.6400  s1.loss_iou: 1.3230
2026/03/27 03:40:59 - mmengine - INFO - Exp name: GSDet_r50_b900_h2h4_h2r1_r2r1_2x_fair1m1.0_20260326_200141
2026/03/27 03:41:04 - mmengine - INFO - Epoch(train)  [5][5000/5001]  lr: 2.5000e-05  eta: 1 day, 4:58:24  time: 1.1162  data_time: 0.0033  memory: 7765  grad_norm: 61.2795  loss: 9.3211  rpn_s.0.loss_cls: 0.6871  rpn_s.0.loss_bbox: 0.1138  rpn_s.0.loss_giou: 0.8057  rpn_s.1.loss_cls: 0.4913  rpn_s.1.loss_bbox: 0.0516  rpn_s.1.loss_giou: 0.4286  rpn_s.2.loss_cls: 0.4351  rpn_s.2.loss_bbox: 0.0447  rpn_s.2.loss_giou: 0.3774  rpn_s.3.loss_cls: 0.4036  rpn_s.3.loss_bbox: 0.0420  rpn_s.3.loss_giou: 0.3556  s0.loss_cls: 0.4934  s0.pos_acc: 89.4737  s0.loss_bbox: 0.6373  s0.loss_iou: 1.3930  s1.loss_cls: 0.4996  s1.pos_acc: 89.4737  s1.loss_bbox: 0.6288  s1.loss_iou: 1.4324
2026/03/27 03:41:05 - mmengine - INFO - Exp name: GSDet_r50_b900_h2h4_h2r1_r2r1_2x_fair1m1.0_20260326_200141
2026/03/27 03:41:05 - mmengine - INFO - Saving checkpoint at 5 epochs
2026/03/27 03:42:03 - mmengine - INFO - Epoch(train)  [6][  50/5001]  lr: 2.5000e-05  eta: 1 day, 4:57:32  time: 1.1187  data_time: 0.0040  memory: 7765  grad_norm: 60.1387  loss: 9.3546  rpn_s.0.loss_cls: 0.6508  rpn_s.0.loss_bbox: 0.1097  rpn_s.0.loss_giou: 0.8271  rpn_s.1.loss_cls: 0.4607  rpn_s.1.loss_bbox: 0.0507  rpn_s.1.loss_giou: 0.4339  rpn_s.2.loss_cls: 0.4041  rpn_s.2.loss_bbox: 0.0443  rpn_s.2.loss_giou: 0.3822  rpn_s.3.loss_cls: 0.3722  rpn_s.3.loss_bbox: 0.0404  rpn_s.3.loss_giou: 0.3598  s0.loss_cls: 0.4611  s0.pos_acc: 74.0260  s0.loss_bbox: 0.7012  s0.loss_iou: 1.4455  s1.loss_cls: 0.4764  s1.pos_acc: 75.6494  s1.loss_bbox: 0.6813  s1.loss_iou: 1.4531
2026/03/27 03:42:58 - mmengine - INFO - Epoch(train)  [6][ 100/5001]  lr: 2.5000e-05  eta: 1 day, 4:56:37  time: 1.1008  data_time: 0.0035  memory: 7765  grad_norm: 51.7257  loss: 8.7262  rpn_s.0.loss_cls: 0.6649  rpn_s.0.loss_bbox: 0.1050  rpn_s.0.loss_giou: 0.8629  rpn_s.1.loss_cls: 0.4506  rpn_s.1.loss_bbox: 0.0448  rpn_s.1.loss_giou: 0.4416  rpn_s.2.loss_cls: 0.3844  rpn_s.2.loss_bbox: 0.0383  rpn_s.2.loss_giou: 0.3865  rpn_s.3.loss_cls: 0.3472  rpn_s.3.loss_bbox: 0.0352  rpn_s.3.loss_giou: 0.3668  s0.loss_cls: 0.3914  s0.pos_acc: 50.0000  s0.loss_bbox: 0.5894  s0.loss_iou: 1.3012  s1.loss_cls: 0.3848  s1.pos_acc: 50.0000  s1.loss_bbox: 0.6184  s1.loss_iou: 1.3127
2026/03/27 03:43:54 - mmengine - INFO - Epoch(train)  [6][ 150/5001]  lr: 2.5000e-05  eta: 1 day, 4:55:45  time: 1.1109  data_time: 0.0034  memory: 7765  grad_norm: 56.4761  loss: 8.6178  rpn_s.0.loss_cls: 0.6364  rpn_s.0.loss_bbox: 0.1189  rpn_s.0.loss_giou: 0.7979  rpn_s.1.loss_cls: 0.4525  rpn_s.1.loss_bbox: 0.0577  rpn_s.1.loss_giou: 0.4310  rpn_s.2.loss_cls: 0.3823  rpn_s.2.loss_bbox: 0.0492  rpn_s.2.loss_giou: 0.3786  rpn_s.3.loss_cls: 0.3450  rpn_s.3.loss_bbox: 0.0462  rpn_s.3.loss_giou: 0.3556  s0.loss_cls: 0.3989  s0.pos_acc: 90.0000  s0.loss_bbox: 0.5938  s0.loss_iou: 1.2807  s1.loss_cls: 0.4139  s1.pos_acc: 90.0000  s1.loss_bbox: 0.5699  s1.loss_iou: 1.3094
2026/03/27 03:44:49 - mmengine - INFO - Epoch(train)  [6][ 200/5001]  lr: 2.5000e-05  eta: 1 day, 4:54:53  time: 1.1136  data_time: 0.0033  memory: 7765  grad_norm: 54.4194  loss: 9.4427  rpn_s.0.loss_cls: 0.6212  rpn_s.0.loss_bbox: 0.1196  rpn_s.0.loss_giou: 0.8499  rpn_s.1.loss_cls: 0.4532  rpn_s.1.loss_bbox: 0.0536  rpn_s.1.loss_giou: 0.4370  rpn_s.2.loss_cls: 0.3951  rpn_s.2.loss_bbox: 0.0455  rpn_s.2.loss_giou: 0.3756  rpn_s.3.loss_cls: 0.3577  rpn_s.3.loss_bbox: 0.0418  rpn_s.3.loss_giou: 0.3555  s0.loss_cls: 0.4979  s0.pos_acc: 63.1579  s0.loss_bbox: 0.6952  s0.loss_iou: 1.4389  s1.loss_cls: 0.5012  s1.pos_acc: 68.4211  s1.loss_bbox: 0.7345  s1.loss_iou: 1.4694
2026/03/27 03:45:44 - mmengine - INFO - Epoch(train)  [6][ 250/5001]  lr: 2.5000e-05  eta: 1 day, 4:53:59  time: 1.1005  data_time: 0.0032  memory: 7765  grad_norm: 55.2667  loss: 9.5680  rpn_s.0.loss_cls: 0.6745  rpn_s.0.loss_bbox: 0.1124  rpn_s.0.loss_giou: 0.8669  rpn_s.1.loss_cls: 0.4974  rpn_s.1.loss_bbox: 0.0500  rpn_s.1.loss_giou: 0.4456  rpn_s.2.loss_cls: 0.4266  rpn_s.2.loss_bbox: 0.0416  rpn_s.2.loss_giou: 0.3888  rpn_s.3.loss_cls: 0.3838  rpn_s.3.loss_bbox: 0.0383  rpn_s.3.loss_giou: 0.3692  s0.loss_cls: 0.4576  s0.pos_acc: 75.6410  s0.loss_bbox: 0.6647  s0.loss_iou: 1.5075  s1.loss_cls: 0.4613  s1.pos_acc: 78.2051  s1.loss_bbox: 0.6657  s1.loss_iou: 1.5161
2026/03/27 03:46:39 - mmengine - INFO - Epoch(train)  [6][ 300/5001]  lr: 2.5000e-05  eta: 1 day, 4:53:03  time: 1.0956  data_time: 0.0033  memory: 7764  grad_norm: 62.2668  loss: 8.5650  rpn_s.0.loss_cls: 0.6712  rpn_s.0.loss_bbox: 0.1196  rpn_s.0.loss_giou: 0.8015  rpn_s.1.loss_cls: 0.4847  rpn_s.1.loss_bbox: 0.0554  rpn_s.1.loss_giou: 0.4253  rpn_s.2.loss_cls: 0.4160  rpn_s.2.loss_bbox: 0.0468  rpn_s.2.loss_giou: 0.3724  rpn_s.3.loss_cls: 0.3826  rpn_s.3.loss_bbox: 0.0433  rpn_s.3.loss_giou: 0.3483  s0.loss_cls: 0.4175  s0.pos_acc: 76.4151  s0.loss_bbox: 0.5941  s0.loss_iou: 1.1611  s1.loss_cls: 0.4140  s1.pos_acc: 74.5283  s1.loss_bbox: 0.6142  s1.loss_iou: 1.1970
2026/03/27 03:47:34 - mmengine - INFO - Epoch(train)  [6][ 350/5001]  lr: 2.5000e-05  eta: 1 day, 4:52:08  time: 1.0968  data_time: 0.0032  memory: 7764  grad_norm: 57.4736  loss: 8.4677  rpn_s.0.loss_cls: 0.6597  rpn_s.0.loss_bbox: 0.1074  rpn_s.0.loss_giou: 0.8021  rpn_s.1.loss_cls: 0.4557  rpn_s.1.loss_bbox: 0.0489  rpn_s.1.loss_giou: 0.4200  rpn_s.2.loss_cls: 0.3920  rpn_s.2.loss_bbox: 0.0419  rpn_s.2.loss_giou: 0.3664  rpn_s.3.loss_cls: 0.3649  rpn_s.3.loss_bbox: 0.0381  rpn_s.3.loss_giou: 0.3474  s0.loss_cls: 0.4010  s0.pos_acc: 100.0000  s0.loss_bbox: 0.5606  s0.loss_iou: 1.2269  s1.loss_cls: 0.4279  s1.pos_acc: 100.0000  s1.loss_bbox: 0.5656  s1.loss_iou: 1.2413
2026/03/27 03:48:29 - mmengine - INFO - Epoch(train)  [6][ 400/5001]  lr: 2.5000e-05  eta: 1 day, 4:51:14  time: 1.1023  data_time: 0.0034  memory: 7764  grad_norm: 54.2509  loss: 8.1729  rpn_s.0.loss_cls: 0.6483  rpn_s.0.loss_bbox: 0.1114  rpn_s.0.loss_giou: 0.7725  rpn_s.1.loss_cls: 0.4629  rpn_s.1.loss_bbox: 0.0487  rpn_s.1.loss_giou: 0.3968  rpn_s.2.loss_cls: 0.3899  rpn_s.2.loss_bbox: 0.0419  rpn_s.2.loss_giou: 0.3474  rpn_s.3.loss_cls: 0.3499  rpn_s.3.loss_bbox: 0.0395  rpn_s.3.loss_giou: 0.3317  s0.loss_cls: 0.3872  s0.pos_acc: 100.0000  s0.loss_bbox: 0.5534  s0.loss_iou: 1.1562  s1.loss_cls: 0.3959  s1.pos_acc: 100.0000  s1.loss_bbox: 0.5589  s1.loss_iou: 1.1805
2026/03/27 03:49:24 - mmengine - INFO - Epoch(train)  [6][ 450/5001]  lr: 2.5000e-05  eta: 1 day, 4:50:20  time: 1.0985  data_time: 0.0033  memory: 7765  grad_norm: 56.6597  loss: 9.8039  rpn_s.0.loss_cls: 0.6747  rpn_s.0.loss_bbox: 0.1170  rpn_s.0.loss_giou: 0.9494  rpn_s.1.loss_cls: 0.4608  rpn_s.1.loss_bbox: 0.0469  rpn_s.1.loss_giou: 0.4747  rpn_s.2.loss_cls: 0.3977  rpn_s.2.loss_bbox: 0.0381  rpn_s.2.loss_giou: 0.4067  rpn_s.3.loss_cls: 0.3663  rpn_s.3.loss_bbox: 0.0350  rpn_s.3.loss_giou: 0.3853  s0.loss_cls: 0.4995  s0.pos_acc: 56.0000  s0.loss_bbox: 0.6707  s0.loss_iou: 1.5314  s1.loss_cls: 0.4948  s1.pos_acc: 62.0000  s1.loss_bbox: 0.6971  s1.loss_iou: 1.5577
2026/03/27 03:50:20 - mmengine - INFO - Epoch(train)  [6][ 500/5001]  lr: 2.5000e-05  eta: 1 day, 4:49:27  time: 1.1108  data_time: 0.0033  memory: 7764  grad_norm: 51.3068  loss: 7.6933  rpn_s.0.loss_cls: 0.6724  rpn_s.0.loss_bbox: 0.1082  rpn_s.0.loss_giou: 0.7069  rpn_s.1.loss_cls: 0.4777  rpn_s.1.loss_bbox: 0.0492  rpn_s.1.loss_giou: 0.3722  rpn_s.2.loss_cls: 0.4139  rpn_s.2.loss_bbox: 0.0418  rpn_s.2.loss_giou: 0.3268  rpn_s.3.loss_cls: 0.3715  rpn_s.3.loss_bbox: 0.0393  rpn_s.3.loss_giou: 0.3132  s0.loss_cls: 0.3749  s0.pos_acc: 79.5455  s0.loss_bbox: 0.4739  s0.loss_iou: 1.0268  s1.loss_cls: 0.3834  s1.pos_acc: 79.5455  s1.loss_bbox: 0.4905  s1.loss_iou: 1.0507
2026/03/27 03:51:15 - mmengine - INFO - Epoch(train)  [6][ 550/5001]  lr: 2.5000e-05  eta: 1 day, 4:48:35  time: 1.1130  data_time: 0.0031  memory: 7764  grad_norm: 59.5867  loss: 9.1326  rpn_s.0.loss_cls: 0.6665  rpn_s.0.loss_bbox: 0.1067  rpn_s.0.loss_giou: 0.7612  rpn_s.1.loss_cls: 0.4839  rpn_s.1.loss_bbox: 0.0537  rpn_s.1.loss_giou: 0.4140  rpn_s.2.loss_cls: 0.4192  rpn_s.2.loss_bbox: 0.0435  rpn_s.2.loss_giou: 0.3661  rpn_s.3.loss_cls: 0.3804  rpn_s.3.loss_bbox: 0.0401  rpn_s.3.loss_giou: 0.3436  s0.loss_cls: 0.4918  s0.pos_acc: 100.0000  s0.loss_bbox: 0.7058  s0.loss_iou: 1.3065  s1.loss_cls: 0.5030  s1.pos_acc: 100.0000  s1.loss_bbox: 0.7078  s1.loss_iou: 1.3390
2026/03/27 03:52:11 - mmengine - INFO - Epoch(train)  [6][ 600/5001]  lr: 2.5000e-05  eta: 1 day, 4:47:42  time: 1.1080  data_time: 0.0032  memory: 7765  grad_norm: 55.6502  loss: 8.8544  rpn_s.0.loss_cls: 0.6864  rpn_s.0.loss_bbox: 0.1136  rpn_s.0.loss_giou: 0.8238  rpn_s.1.loss_cls: 0.4902  rpn_s.1.loss_bbox: 0.0477  rpn_s.1.loss_giou: 0.4251  rpn_s.2.loss_cls: 0.4272  rpn_s.2.loss_bbox: 0.0410  rpn_s.2.loss_giou: 0.3679  rpn_s.3.loss_cls: 0.3829  rpn_s.3.loss_bbox: 0.0388  rpn_s.3.loss_giou: 0.3541  s0.loss_cls: 0.4298  s0.pos_acc: 100.0000  s0.loss_bbox: 0.5825  s0.loss_iou: 1.2846  s1.loss_cls: 0.4294  s1.pos_acc: 100.0000  s1.loss_bbox: 0.6239  s1.loss_iou: 1.3055
2026/03/27 03:53:06 - mmengine - INFO - Epoch(train)  [6][ 650/5001]  lr: 2.5000e-05  eta: 1 day, 4:46:50  time: 1.1123  data_time: 0.0032  memory: 7765  grad_norm: 56.2062  loss: 8.9682  rpn_s.0.loss_cls: 0.6614  rpn_s.0.loss_bbox: 0.1235  rpn_s.0.loss_giou: 0.8178  rpn_s.1.loss_cls: 0.4824  rpn_s.1.loss_bbox: 0.0559  rpn_s.1.loss_giou: 0.4263  rpn_s.2.loss_cls: 0.4208  rpn_s.2.loss_bbox: 0.0491  rpn_s.2.loss_giou: 0.3765  rpn_s.3.loss_cls: 0.3898  rpn_s.3.loss_bbox: 0.0481  rpn_s.3.loss_giou: 0.3601  s0.loss_cls: 0.4200  s0.pos_acc: 86.9565  s0.loss_bbox: 0.6058  s0.loss_iou: 1.3263  s1.loss_cls: 0.4451  s1.pos_acc: 84.7826  s1.loss_bbox: 0.6253  s1.loss_iou: 1.3341
2026/03/27 03:54:01 - mmengine - INFO - Epoch(train)  [6][ 700/5001]  lr: 2.5000e-05  eta: 1 day, 4:45:55  time: 1.1006  data_time: 0.0032  memory: 7765  grad_norm: 50.5259  loss: 9.5513  rpn_s.0.loss_cls: 0.6855  rpn_s.0.loss_bbox: 0.1186  rpn_s.0.loss_giou: 0.9093  rpn_s.1.loss_cls: 0.4779  rpn_s.1.loss_bbox: 0.0506  rpn_s.1.loss_giou: 0.4614  rpn_s.2.loss_cls: 0.4069  rpn_s.2.loss_bbox: 0.0426  rpn_s.2.loss_giou: 0.3989  rpn_s.3.loss_cls: 0.3636  rpn_s.3.loss_bbox: 0.0380  rpn_s.3.loss_giou: 0.3693  s0.loss_cls: 0.4741  s0.pos_acc: 54.6875  s0.loss_bbox: 0.6206  s0.loss_iou: 1.5222  s1.loss_cls: 0.4674  s1.pos_acc: 53.1250  s1.loss_bbox: 0.6231  s1.loss_iou: 1.5215
2026/03/27 03:54:56 - mmengine - INFO - Epoch(train)  [6][ 750/5001]  lr: 2.5000e-05  eta: 1 day, 4:45:00  time: 1.0949  data_time: 0.0030  memory: 7765  grad_norm: 53.2339  loss: 9.3960  rpn_s.0.loss_cls: 0.6811  rpn_s.0.loss_bbox: 0.1098  rpn_s.0.loss_giou: 0.8665  rpn_s.1.loss_cls: 0.4715  rpn_s.1.loss_bbox: 0.0472  rpn_s.1.loss_giou: 0.4325  rpn_s.2.loss_cls: 0.4104  rpn_s.2.loss_bbox: 0.0380  rpn_s.2.loss_giou: 0.3652  rpn_s.3.loss_cls: 0.3743  rpn_s.3.loss_bbox: 0.0343  rpn_s.3.loss_giou: 0.3419  s0.loss_cls: 0.4767  s0.pos_acc: 81.5217  s0.loss_bbox: 0.6773  s0.loss_iou: 1.4257  s1.loss_cls: 0.4904  s1.pos_acc: 83.6956  s1.loss_bbox: 0.6959  s1.loss_iou: 1.4573
2026/03/27 03:55:51 - mmengine - INFO - Epoch(train)  [6][ 800/5001]  lr: 2.5000e-05  eta: 1 day, 4:44:04  time: 1.0919  data_time: 0.0032  memory: 7764  grad_norm: 55.2749  loss: 9.2796  rpn_s.0.loss_cls: 0.6214  rpn_s.0.loss_bbox: 0.1155  rpn_s.0.loss_giou: 0.8590  rpn_s.1.loss_cls: 0.4421  rpn_s.1.loss_bbox: 0.0506  rpn_s.1.loss_giou: 0.4520  rpn_s.2.loss_cls: 0.3723  rpn_s.2.loss_bbox: 0.0438  rpn_s.2.loss_giou: 0.3964  rpn_s.3.loss_cls: 0.3339  rpn_s.3.loss_bbox: 0.0416  rpn_s.3.loss_giou: 0.3768  s0.loss_cls: 0.4592  s0.pos_acc: 97.5000  s0.loss_bbox: 0.6263  s0.loss_iou: 1.4673  s1.loss_cls: 0.4530  s1.pos_acc: 100.0000  s1.loss_bbox: 0.6709  s1.loss_iou: 1.4975
2026/03/27 03:56:45 - mmengine - INFO - Epoch(train)  [6][ 850/5001]  lr: 2.5000e-05  eta: 1 day, 4:43:07  time: 1.0894  data_time: 0.0033  memory: 7764  grad_norm: 54.7777  loss: 8.9091  rpn_s.0.loss_cls: 0.6862  rpn_s.0.loss_bbox: 0.1167  rpn_s.0.loss_giou: 0.7982  rpn_s.1.loss_cls: 0.4913  rpn_s.1.loss_bbox: 0.0511  rpn_s.1.loss_giou: 0.4162  rpn_s.2.loss_cls: 0.4256  rpn_s.2.loss_bbox: 0.0430  rpn_s.2.loss_giou: 0.3601  rpn_s.3.loss_cls: 0.3851  rpn_s.3.loss_bbox: 0.0412  rpn_s.3.loss_giou: 0.3488  s0.loss_cls: 0.4399  s0.pos_acc: 78.5714  s0.loss_bbox: 0.6002  s0.loss_iou: 1.3189  s1.loss_cls: 0.4368  s1.pos_acc: 80.9524  s1.loss_bbox: 0.6200  s1.loss_iou: 1.3300
2026/03/27 03:57:39 - mmengine - INFO - Epoch(train)  [6][ 900/5001]  lr: 2.5000e-05  eta: 1 day, 4:42:10  time: 1.0840  data_time: 0.0034  memory: 7764  grad_norm: 54.8678  loss: 9.1146  rpn_s.0.loss_cls: 0.6581  rpn_s.0.loss_bbox: 0.1082  rpn_s.0.loss_giou: 0.8598  rpn_s.1.loss_cls: 0.4570  rpn_s.1.loss_bbox: 0.0481  rpn_s.1.loss_giou: 0.4468  rpn_s.2.loss_cls: 0.3951  rpn_s.2.loss_bbox: 0.0405  rpn_s.2.loss_giou: 0.3881  rpn_s.3.loss_cls: 0.3624  rpn_s.3.loss_bbox: 0.0371  rpn_s.3.loss_giou: 0.3667  s0.loss_cls: 0.4715  s0.pos_acc: 70.0000  s0.loss_bbox: 0.6265  s0.loss_iou: 1.3502  s1.loss_cls: 0.4676  s1.pos_acc: 73.3333  s1.loss_bbox: 0.6630  s1.loss_iou: 1.3681
2026/03/27 03:58:34 - mmengine - INFO - Epoch(train)  [6][ 950/5001]  lr: 2.5000e-05  eta: 1 day, 4:41:15  time: 1.0993  data_time: 0.0033  memory: 7765  grad_norm: 57.7532  loss: 9.6944  rpn_s.0.loss_cls: 0.6856  rpn_s.0.loss_bbox: 0.1143  rpn_s.0.loss_giou: 0.9305  rpn_s.1.loss_cls: 0.4736  rpn_s.1.loss_bbox: 0.0486  rpn_s.1.loss_giou: 0.4728  rpn_s.2.loss_cls: 0.4147  rpn_s.2.loss_bbox: 0.0413  rpn_s.2.loss_giou: 0.4085  rpn_s.3.loss_cls: 0.3682  rpn_s.3.loss_bbox: 0.0380  rpn_s.3.loss_giou: 0.3846  s0.loss_cls: 0.4699  s0.pos_acc: 66.6667  s0.loss_bbox: 0.6120  s0.loss_iou: 1.5441  s1.loss_cls: 0.4767  s1.pos_acc: 100.0000  s1.loss_bbox: 0.6344  s1.loss_iou: 1.5768
2026/03/27 03:59:24 - mmengine - INFO - Exp name: GSDet_r50_b900_h2h4_h2r1_r2r1_2x_fair1m1.0_20260326_200141
2026/03/27 03:59:29 - mmengine - INFO - Epoch(train)  [6][1000/5001]  lr: 2.5000e-05  eta: 1 day, 4:40:21  time: 1.1037  data_time: 0.0033  memory: 7765  grad_norm: 57.2015  loss: 8.6997  rpn_s.0.loss_cls: 0.6584  rpn_s.0.loss_bbox: 0.1148  rpn_s.0.loss_giou: 0.8297  rpn_s.1.loss_cls: 0.4735  rpn_s.1.loss_bbox: 0.0468  rpn_s.1.loss_giou: 0.4156  rpn_s.2.loss_cls: 0.4014  rpn_s.2.loss_bbox: 0.0400  rpn_s.2.loss_giou: 0.3660  rpn_s.3.loss_cls: 0.3757  rpn_s.3.loss_bbox: 0.0372  rpn_s.3.loss_giou: 0.3445  s0.loss_cls: 0.4191  s0.pos_acc: 91.6667  s0.loss_bbox: 0.5665  s0.loss_iou: 1.2962  s1.loss_cls: 0.4169  s1.pos_acc: 91.6667  s1.loss_bbox: 0.5682  s1.loss_iou: 1.3289
2026/03/27 04:00:25 - mmengine - INFO - Epoch(train)  [6][1050/5001]  lr: 2.5000e-05  eta: 1 day, 4:39:28  time: 1.1068  data_time: 0.0033  memory: 7765  grad_norm: 55.7594  loss: 9.0962  rpn_s.0.loss_cls: 0.6619  rpn_s.0.loss_bbox: 0.1024  rpn_s.0.loss_giou: 0.8544  rpn_s.1.loss_cls: 0.4708  rpn_s.1.loss_bbox: 0.0433  rpn_s.1.loss_giou: 0.4330  rpn_s.2.loss_cls: 0.4030  rpn_s.2.loss_bbox: 0.0370  rpn_s.2.loss_giou: 0.3730  rpn_s.3.loss_cls: 0.3630  rpn_s.3.loss_bbox: 0.0345  rpn_s.3.loss_giou: 0.3526  s0.loss_cls: 0.4605  s0.pos_acc: 79.4118  s0.loss_bbox: 0.6156  s0.loss_iou: 1.3933  s1.loss_cls: 0.4652  s1.pos_acc: 70.5882  s1.loss_bbox: 0.6203  s1.loss_iou: 1.4122
2026/03/27 04:01:20 - mmengine - INFO - Epoch(train)  [6][1100/5001]  lr: 2.5000e-05  eta: 1 day, 4:38:36  time: 1.1130  data_time: 0.0034  memory: 7765  grad_norm: 52.5382  loss: 8.6798  rpn_s.0.loss_cls: 0.5969  rpn_s.0.loss_bbox: 0.1160  rpn_s.0.loss_giou: 0.8228  rpn_s.1.loss_cls: 0.4251  rpn_s.1.loss_bbox: 0.0514  rpn_s.1.loss_giou: 0.4206  rpn_s.2.loss_cls: 0.3751  rpn_s.2.loss_bbox: 0.0456  rpn_s.2.loss_giou: 0.3737  rpn_s.3.loss_cls: 0.3328  rpn_s.3.loss_bbox: 0.0416  rpn_s.3.loss_giou: 0.3446  s0.loss_cls: 0.4250  s0.pos_acc: 79.4872  s0.loss_bbox: 0.6069  s0.loss_iou: 1.3153  s1.loss_cls: 0.4300  s1.pos_acc: 80.7692  s1.loss_bbox: 0.6306  s1.loss_iou: 1.3259
2026/03/27 04:02:16 - mmengine - INFO - Epoch(train)  [6][1150/5001]  lr: 2.5000e-05  eta: 1 day, 4:37:45  time: 1.1192  data_time: 0.0033  memory: 7765  grad_norm: 51.1331  loss: 8.8590  rpn_s.0.loss_cls: 0.6168  rpn_s.0.loss_bbox: 0.1176  rpn_s.0.loss_giou: 0.8023  rpn_s.1.loss_cls: 0.4614  rpn_s.1.loss_bbox: 0.0582  rpn_s.1.loss_giou: 0.4325  rpn_s.2.loss_cls: 0.3970  rpn_s.2.loss_bbox: 0.0487  rpn_s.2.loss_giou: 0.3728  rpn_s.3.loss_cls: 0.3594  rpn_s.3.loss_bbox: 0.0459  rpn_s.3.loss_giou: 0.3536  s0.loss_cls: 0.4233  s0.pos_acc: 60.0000  s0.loss_bbox: 0.6089  s0.loss_iou: 1.3538  s1.loss_cls: 0.4164  s1.pos_acc: 65.0000  s1.loss_bbox: 0.6288  s1.loss_iou: 1.3616
2026/03/27 04:03:12 - mmengine - INFO - Epoch(train)  [6][1200/5001]  lr: 2.5000e-05  eta: 1 day, 4:36:53  time: 1.1137  data_time: 0.0034  memory: 7765  grad_norm: 59.1835  loss: 9.2147  rpn_s.0.loss_cls: 0.6524  rpn_s.0.loss_bbox: 0.1213  rpn_s.0.loss_giou: 0.8552  rpn_s.1.loss_cls: 0.4780  rpn_s.1.loss_bbox: 0.0546  rpn_s.1.loss_giou: 0.4464  rpn_s.2.loss_cls: 0.4150  rpn_s.2.loss_bbox: 0.0473  rpn_s.2.loss_giou: 0.3908  rpn_s.3.loss_cls: 0.3655  rpn_s.3.loss_bbox: 0.0446  rpn_s.3.loss_giou: 0.3710  s0.loss_cls: 0.4306  s0.pos_acc: 56.2500  s0.loss_bbox: 0.6296  s0.loss_iou: 1.4042  s1.loss_cls: 0.4326  s1.pos_acc: 62.5000  s1.loss_bbox: 0.6324  s1.loss_iou: 1.4432
2026/03/27 04:04:08 - mmengine - INFO - Epoch(train)  [6][1250/5001]  lr: 2.5000e-05  eta: 1 day, 4:36:00  time: 1.1123  data_time: 0.0033  memory: 7765  grad_norm: 55.3640  loss: 8.7565  rpn_s.0.loss_cls: 0.6493  rpn_s.0.loss_bbox: 0.1118  rpn_s.0.loss_giou: 0.8100  rpn_s.1.loss_cls: 0.4682  rpn_s.1.loss_bbox: 0.0521  rpn_s.1.loss_giou: 0.4230  rpn_s.2.loss_cls: 0.4147  rpn_s.2.loss_bbox: 0.0446  rpn_s.2.loss_giou: 0.3642  rpn_s.3.loss_cls: 0.3799  rpn_s.3.loss_bbox: 0.0402  rpn_s.3.loss_giou: 0.3420  s0.loss_cls: 0.4270  s0.pos_acc: 50.0000  s0.loss_bbox: 0.5660  s0.loss_iou: 1.3198  s1.loss_cls: 0.4311  s1.pos_acc: 50.0000  s1.loss_bbox: 0.5581  s1.loss_iou: 1.3546
2026/03/27 04:05:03 - mmengine - INFO - Epoch(train)  [6][1300/5001]  lr: 2.5000e-05  eta: 1 day, 4:35:06  time: 1.1006  data_time: 0.0033  memory: 7765  grad_norm: 56.8694  loss: 9.7793  rpn_s.0.loss_cls: 0.6508  rpn_s.0.loss_bbox: 0.1083  rpn_s.0.loss_giou: 0.8841  rpn_s.1.loss_cls: 0.4519  rpn_s.1.loss_bbox: 0.0456  rpn_s.1.loss_giou: 0.4443  rpn_s.2.loss_cls: 0.3900  rpn_s.2.loss_bbox: 0.0385  rpn_s.2.loss_giou: 0.3814  rpn_s.3.loss_cls: 0.3541  rpn_s.3.loss_bbox: 0.0351  rpn_s.3.loss_giou: 0.3578  s0.loss_cls: 0.4633  s0.pos_acc: 71.0938  s0.loss_bbox: 0.7021  s0.loss_iou: 1.6375  s1.loss_cls: 0.4644  s1.pos_acc: 75.0000  s1.loss_bbox: 0.7040  s1.loss_iou: 1.6661
2026/03/27 04:05:57 - mmengine - INFO - Epoch(train)  [6][1350/5001]  lr: 2.5000e-05  eta: 1 day, 4:34:10  time: 1.0904  data_time: 0.0034  memory: 7765  grad_norm: 50.0561  loss: 8.6117  rpn_s.0.loss_cls: 0.6282  rpn_s.0.loss_bbox: 0.1145  rpn_s.0.loss_giou: 0.8594  rpn_s.1.loss_cls: 0.4440  rpn_s.1.loss_bbox: 0.0519  rpn_s.1.loss_giou: 0.4412  rpn_s.2.loss_cls: 0.3844  rpn_s.2.loss_bbox: 0.0443  rpn_s.2.loss_giou: 0.3869  rpn_s.3.loss_cls: 0.3485  rpn_s.3.loss_bbox: 0.0409  rpn_s.3.loss_giou: 0.3654  s0.loss_cls: 0.3767  s0.pos_acc: 86.3636  s0.loss_bbox: 0.5805  s0.loss_iou: 1.2715  s1.loss_cls: 0.3829  s1.pos_acc: 81.8182  s1.loss_bbox: 0.5980  s1.loss_iou: 1.2926
2026/03/27 04:06:52 - mmengine - INFO - Epoch(train)  [6][1400/5001]  lr: 2.5000e-05  eta: 1 day, 4:33:13  time: 1.0870  data_time: 0.0034  memory: 7765  grad_norm: 56.3860  loss: 10.1218  rpn_s.0.loss_cls: 0.6599  rpn_s.0.loss_bbox: 0.1199  rpn_s.0.loss_giou: 0.8999  rpn_s.1.loss_cls: 0.4708  rpn_s.1.loss_bbox: 0.0519  rpn_s.1.loss_giou: 0.4615  rpn_s.2.loss_cls: 0.4095  rpn_s.2.loss_bbox: 0.0443  rpn_s.2.loss_giou: 0.4054  rpn_s.3.loss_cls: 0.3760  rpn_s.3.loss_bbox: 0.0405  rpn_s.3.loss_giou: 0.3788  s0.loss_cls: 0.5231  s0.pos_acc: 71.6667  s0.loss_bbox: 0.7862  s0.loss_iou: 1.5757  s1.loss_cls: 0.5205  s1.pos_acc: 76.6667  s1.loss_bbox: 0.8179  s1.loss_iou: 1.5797
2026/03/27 04:07:46 - mmengine - INFO - Epoch(train)  [6][1450/5001]  lr: 2.5000e-05  eta: 1 day, 4:32:16  time: 1.0871  data_time: 0.0033  memory: 7765  grad_norm: 52.8498  loss: 8.8475  rpn_s.0.loss_cls: 0.6242  rpn_s.0.loss_bbox: 0.1101  rpn_s.0.loss_giou: 0.8020  rpn_s.1.loss_cls: 0.4661  rpn_s.1.loss_bbox: 0.0527  rpn_s.1.loss_giou: 0.4161  rpn_s.2.loss_cls: 0.3984  rpn_s.2.loss_bbox: 0.0451  rpn_s.2.loss_giou: 0.3623  rpn_s.3.loss_cls: 0.3506  rpn_s.3.loss_bbox: 0.0405  rpn_s.3.loss_giou: 0.3389  s0.loss_cls: 0.4370  s0.pos_acc: 60.0000  s0.loss_bbox: 0.6151  s0.loss_iou: 1.3430  s1.loss_cls: 0.4502  s1.pos_acc: 60.0000  s1.loss_bbox: 0.6504  s1.loss_iou: 1.3448
2026/03/27 04:08:41 - mmengine - INFO - Epoch(train)  [6][1500/5001]  lr: 2.5000e-05  eta: 1 day, 4:31:21  time: 1.0946  data_time: 0.0034  memory: 7765  grad_norm: 52.8286  loss: 9.5810  rpn_s.0.loss_cls: 0.6291  rpn_s.0.loss_bbox: 0.1151  rpn_s.0.loss_giou: 0.8812  rpn_s.1.loss_cls: 0.4532  rpn_s.1.loss_bbox: 0.0506  rpn_s.1.loss_giou: 0.4557  rpn_s.2.loss_cls: 0.3911  rpn_s.2.loss_bbox: 0.0427  rpn_s.2.loss_giou: 0.3971  rpn_s.3.loss_cls: 0.3563  rpn_s.3.loss_bbox: 0.0396  rpn_s.3.loss_giou: 0.3698  s0.loss_cls: 0.4528  s0.pos_acc: 85.0000  s0.loss_bbox: 0.5845  s0.loss_iou: 1.6473  s1.loss_cls: 0.4503  s1.pos_acc: 78.3333  s1.loss_bbox: 0.5957  s1.loss_iou: 1.6690
2026/03/27 04:09:36 - mmengine - INFO - Epoch(train)  [6][1550/5001]  lr: 2.5000e-05  eta: 1 day, 4:30:28  time: 1.1135  data_time: 0.0033  memory: 7765  grad_norm: 50.0833  loss: 8.6461  rpn_s.0.loss_cls: 0.6418  rpn_s.0.loss_bbox: 0.1177  rpn_s.0.loss_giou: 0.8012  rpn_s.1.loss_cls: 0.4705  rpn_s.1.loss_bbox: 0.0543  rpn_s.1.loss_giou: 0.4179  rpn_s.2.loss_cls: 0.4076  rpn_s.2.loss_bbox: 0.0449  rpn_s.2.loss_giou: 0.3584  rpn_s.3.loss_cls: 0.3682  rpn_s.3.loss_bbox: 0.0434  rpn_s.3.loss_giou: 0.3431  s0.loss_cls: 0.4226  s0.pos_acc: 72.9167  s0.loss_bbox: 0.6084  s0.loss_iou: 1.2422  s1.loss_cls: 0.4245  s1.pos_acc: 79.1667  s1.loss_bbox: 0.5999  s1.loss_iou: 1.2794
2026/03/27 04:10:32 - mmengine - INFO - Epoch(train)  [6][1600/5001]  lr: 2.5000e-05  eta: 1 day, 4:29:36  time: 1.1147  data_time: 0.0033  memory: 7765  grad_norm: 54.9736  loss: 8.8594  rpn_s.0.loss_cls: 0.6544  rpn_s.0.loss_bbox: 0.1234  rpn_s.0.loss_giou: 0.8497  rpn_s.1.loss_cls: 0.4624  rpn_s.1.loss_bbox: 0.0518  rpn_s.1.loss_giou: 0.4335  rpn_s.2.loss_cls: 0.3994  rpn_s.2.loss_bbox: 0.0437  rpn_s.2.loss_giou: 0.3729  rpn_s.3.loss_cls: 0.3592  rpn_s.3.loss_bbox: 0.0402  rpn_s.3.loss_giou: 0.3523  s0.loss_cls: 0.4322  s0.pos_acc: 70.0000  s0.loss_bbox: 0.6033  s0.loss_iou: 1.2955  s1.loss_cls: 0.4472  s1.pos_acc: 73.7500  s1.loss_bbox: 0.6221  s1.loss_iou: 1.3161
2026/03/27 04:11:28 - mmengine - INFO - Epoch(train)  [6][1650/5001]  lr: 2.5000e-05  eta: 1 day, 4:28:46  time: 1.1250  data_time: 0.0034  memory: 7764  grad_norm: 55.5674  loss: 9.7662  rpn_s.0.loss_cls: 0.6745  rpn_s.0.loss_bbox: 0.1100  rpn_s.0.loss_giou: 0.8941  rpn_s.1.loss_cls: 0.4799  rpn_s.1.loss_bbox: 0.0471  rpn_s.1.loss_giou: 0.4632  rpn_s.2.loss_cls: 0.4283  rpn_s.2.loss_bbox: 0.0392  rpn_s.2.loss_giou: 0.4012  rpn_s.3.loss_cls: 0.3942  rpn_s.3.loss_bbox: 0.0359  rpn_s.3.loss_giou: 0.3754  s0.loss_cls: 0.4708  s0.pos_acc: 63.6364  s0.loss_bbox: 0.6686  s0.loss_iou: 1.5564  s1.loss_cls: 0.4681  s1.pos_acc: 54.5455  s1.loss_bbox: 0.6814  s1.loss_iou: 1.5779
2026/03/27 04:12:25 - mmengine - INFO - Epoch(train)  [6][1700/5001]  lr: 2.5000e-05  eta: 1 day, 4:27:56  time: 1.1236  data_time: 0.0033  memory: 7765  grad_norm: 52.7380  loss: 9.1980  rpn_s.0.loss_cls: 0.6503  rpn_s.0.loss_bbox: 0.1195  rpn_s.0.loss_giou: 0.8772  rpn_s.1.loss_cls: 0.4662  rpn_s.1.loss_bbox: 0.0521  rpn_s.1.loss_giou: 0.4477  rpn_s.2.loss_cls: 0.4130  rpn_s.2.loss_bbox: 0.0438  rpn_s.2.loss_giou: 0.3825  rpn_s.3.loss_cls: 0.3790  rpn_s.3.loss_bbox: 0.0396  rpn_s.3.loss_giou: 0.3553  s0.loss_cls: 0.4421  s0.pos_acc: 72.7848  s0.loss_bbox: 0.5828  s0.loss_iou: 1.4567  s1.loss_cls: 0.4401  s1.pos_acc: 72.7848  s1.loss_bbox: 0.5896  s1.loss_iou: 1.4603
2026/03/27 04:13:21 - mmengine - INFO - Epoch(train)  [6][1750/5001]  lr: 2.5000e-05  eta: 1 day, 4:27:06  time: 1.1265  data_time: 0.0034  memory: 7765  grad_norm: 60.0137  loss: 8.0850  rpn_s.0.loss_cls: 0.6283  rpn_s.0.loss_bbox: 0.1096  rpn_s.0.loss_giou: 0.7196  rpn_s.1.loss_cls: 0.4665  rpn_s.1.loss_bbox: 0.0524  rpn_s.1.loss_giou: 0.3843  rpn_s.2.loss_cls: 0.3946  rpn_s.2.loss_bbox: 0.0456  rpn_s.2.loss_giou: 0.3407  rpn_s.3.loss_cls: 0.3622  rpn_s.3.loss_bbox: 0.0419  rpn_s.3.loss_giou: 0.3184  s0.loss_cls: 0.4106  s0.pos_acc: 100.0000  s0.loss_bbox: 0.5467  s0.loss_iou: 1.1329  s1.loss_cls: 0.4164  s1.pos_acc: 100.0000  s1.loss_bbox: 0.5255  s1.loss_iou: 1.1887
2026/03/27 04:14:16 - mmengine - INFO - Epoch(train)  [6][1800/5001]  lr: 2.5000e-05  eta: 1 day, 4:26:13  time: 1.1103  data_time: 0.0033  memory: 7765  grad_norm: 60.3626  loss: 8.6628  rpn_s.0.loss_cls: 0.6232  rpn_s.0.loss_bbox: 0.1102  rpn_s.0.loss_giou: 0.7319  rpn_s.1.loss_cls: 0.4571  rpn_s.1.loss_bbox: 0.0557  rpn_s.1.loss_giou: 0.4001  rpn_s.2.loss_cls: 0.3884  rpn_s.2.loss_bbox: 0.0470  rpn_s.2.loss_giou: 0.3455  rpn_s.3.loss_cls: 0.3503  rpn_s.3.loss_bbox: 0.0440  rpn_s.3.loss_giou: 0.3276  s0.loss_cls: 0.4483  s0.pos_acc: 72.0000  s0.loss_bbox: 0.6690  s0.loss_iou: 1.2688  s1.loss_cls: 0.4398  s1.pos_acc: 70.0000  s1.loss_bbox: 0.6649  s1.loss_iou: 1.2909
2026/03/27 04:15:11 - mmengine - INFO - Epoch(train)  [6][1850/5001]  lr: 2.5000e-05  eta: 1 day, 4:25:19  time: 1.1005  data_time: 0.0034  memory: 7765  grad_norm: 50.5371  loss: 10.7468  rpn_s.0.loss_cls: 0.6613  rpn_s.0.loss_bbox: 0.1290  rpn_s.0.loss_giou: 0.9763  rpn_s.1.loss_cls: 0.4598  rpn_s.1.loss_bbox: 0.0541  rpn_s.1.loss_giou: 0.4927  rpn_s.2.loss_cls: 0.3995  rpn_s.2.loss_bbox: 0.0457  rpn_s.2.loss_giou: 0.4241  rpn_s.3.loss_cls: 0.3603  rpn_s.3.loss_bbox: 0.0413  rpn_s.3.loss_giou: 0.4033  s0.loss_cls: 0.5080  s0.pos_acc: 82.1739  s0.loss_bbox: 0.7063  s0.loss_iou: 1.9081  s1.loss_cls: 0.5066  s1.pos_acc: 83.9130  s1.loss_bbox: 0.7393  s1.loss_iou: 1.9311
2026/03/27 04:16:07 - mmengine - INFO - Epoch(train)  [6][1900/5001]  lr: 2.5000e-05  eta: 1 day, 4:24:25  time: 1.1037  data_time: 0.0033  memory: 7765  grad_norm: 56.2680  loss: 9.0382  rpn_s.0.loss_cls: 0.6845  rpn_s.0.loss_bbox: 0.1113  rpn_s.0.loss_giou: 0.8150  rpn_s.1.loss_cls: 0.4944  rpn_s.1.loss_bbox: 0.0466  rpn_s.1.loss_giou: 0.4156  rpn_s.2.loss_cls: 0.4409  rpn_s.2.loss_bbox: 0.0401  rpn_s.2.loss_giou: 0.3599  rpn_s.3.loss_cls: 0.3970  rpn_s.3.loss_bbox: 0.0365  rpn_s.3.loss_giou: 0.3388  s0.loss_cls: 0.4677  s0.pos_acc: 22.2222  s0.loss_bbox: 0.6499  s0.loss_iou: 1.2938  s1.loss_cls: 0.4738  s1.pos_acc: 22.2222  s1.loss_bbox: 0.6413  s1.loss_iou: 1.3309
2026/03/27 04:17:02 - mmengine - INFO - Epoch(train)  [6][1950/5001]  lr: 2.5000e-05  eta: 1 day, 4:23:30  time: 1.1014  data_time: 0.0034  memory: 7765  grad_norm: 57.3485  loss: 9.6397  rpn_s.0.loss_cls: 0.6704  rpn_s.0.loss_bbox: 0.1281  rpn_s.0.loss_giou: 0.9230  rpn_s.1.loss_cls: 0.4715  rpn_s.1.loss_bbox: 0.0549  rpn_s.1.loss_giou: 0.4664  rpn_s.2.loss_cls: 0.4039  rpn_s.2.loss_bbox: 0.0485  rpn_s.2.loss_giou: 0.4034  rpn_s.3.loss_cls: 0.3605  rpn_s.3.loss_bbox: 0.0448  rpn_s.3.loss_giou: 0.3798  s0.loss_cls: 0.4530  s0.pos_acc: 73.8636  s0.loss_bbox: 0.6807  s0.loss_iou: 1.4867  s1.loss_cls: 0.4531  s1.pos_acc: 64.7727  s1.loss_bbox: 0.6868  s1.loss_iou: 1.5241
2026/03/27 04:17:50 - mmengine - INFO - Exp name: GSDet_r50_b900_h2h4_h2r1_r2r1_2x_fair1m1.0_20260326_200141
2026/03/27 04:17:56 - mmengine - INFO - Epoch(train)  [6][2000/5001]  lr: 2.5000e-05  eta: 1 day, 4:22:33  time: 1.0848  data_time: 0.0033  memory: 7765  grad_norm: 55.4415  loss: 9.2065  rpn_s.0.loss_cls: 0.6760  rpn_s.0.loss_bbox: 0.1158  rpn_s.0.loss_giou: 0.8615  rpn_s.1.loss_cls: 0.4935  rpn_s.1.loss_bbox: 0.0652  rpn_s.1.loss_giou: 0.4581  rpn_s.2.loss_cls: 0.4390  rpn_s.2.loss_bbox: 0.0411  rpn_s.2.loss_giou: 0.3919  rpn_s.3.loss_cls: 0.3995  rpn_s.3.loss_bbox: 0.0382  rpn_s.3.loss_giou: 0.3723  s0.loss_cls: 0.4797  s0.pos_acc: 75.0000  s0.loss_bbox: 0.6224  s0.loss_iou: 1.3076  s1.loss_cls: 0.4748  s1.pos_acc: 77.2727  s1.loss_bbox: 0.6339  s1.loss_iou: 1.3358
2026/03/27 04:18:50 - mmengine - INFO - Epoch(train)  [6][2050/5001]  lr: 2.5000e-05  eta: 1 day, 4:21:34  time: 1.0760  data_time: 0.0034  memory: 7764  grad_norm: 52.8798  loss: 7.6022  rpn_s.0.loss_cls: 0.6716  rpn_s.0.loss_bbox: 0.1104  rpn_s.0.loss_giou: 0.7659  rpn_s.1.loss_cls: 0.4892  rpn_s.1.loss_bbox: 0.0479  rpn_s.1.loss_giou: 0.3938  rpn_s.2.loss_cls: 0.4283  rpn_s.2.loss_bbox: 0.0392  rpn_s.2.loss_giou: 0.3402  rpn_s.3.loss_cls: 0.3883  rpn_s.3.loss_bbox: 0.0355  rpn_s.3.loss_giou: 0.3200  s0.loss_cls: 0.3516  s0.pos_acc: 56.6667  s0.loss_bbox: 0.4740  s0.loss_iou: 0.9532  s1.loss_cls: 0.3489  s1.pos_acc: 46.6667  s1.loss_bbox: 0.4575  s1.loss_iou: 0.9867
2026/03/27 04:19:43 - mmengine - INFO - Epoch(train)  [6][2100/5001]  lr: 2.5000e-05  eta: 1 day, 4:20:36  time: 1.0754  data_time: 0.0034  memory: 7765  grad_norm: 51.6778  loss: 9.7784  rpn_s.0.loss_cls: 0.6872  rpn_s.0.loss_bbox: 0.1125  rpn_s.0.loss_giou: 0.9173  rpn_s.1.loss_cls: 0.4880  rpn_s.1.loss_bbox: 0.0478  rpn_s.1.loss_giou: 0.4655  rpn_s.2.loss_cls: 0.4171  rpn_s.2.loss_bbox: 0.0390  rpn_s.2.loss_giou: 0.4017  rpn_s.3.loss_cls: 0.3799  rpn_s.3.loss_bbox: 0.0359  rpn_s.3.loss_giou: 0.3756  s0.loss_cls: 0.4860  s0.pos_acc: 60.0000  s0.loss_bbox: 0.6488  s0.loss_iou: 1.5643  s1.loss_cls: 0.4833  s1.pos_acc: 70.0000  s1.loss_bbox: 0.6674  s1.loss_iou: 1.5612
2026/03/27 04:20:38 - mmengine - INFO - Epoch(train)  [6][2150/5001]  lr: 2.5000e-05  eta: 1 day, 4:19:38  time: 1.0833  data_time: 0.0034  memory: 7765  grad_norm: 55.3024  loss: 8.8687  rpn_s.0.loss_cls: 0.6526  rpn_s.0.loss_bbox: 0.1101  rpn_s.0.loss_giou: 0.7974  rpn_s.1.loss_cls: 0.4716  rpn_s.1.loss_bbox: 0.0496  rpn_s.1.loss_giou: 0.4195  rpn_s.2.loss_cls: 0.4146  rpn_s.2.loss_bbox: 0.0419  rpn_s.2.loss_giou: 0.3611  rpn_s.3.loss_cls: 0.3778  rpn_s.3.loss_bbox: 0.0389  rpn_s.3.loss_giou: 0.3385  s0.loss_cls: 0.4820  s0.pos_acc: 43.5484  s0.loss_bbox: 0.5988  s0.loss_iou: 1.2793  s1.loss_cls: 0.4815  s1.pos_acc: 46.7742  s1.loss_bbox: 0.6388  s1.loss_iou: 1.3145
2026/03/27 04:21:32 - mmengine - INFO - Epoch(train)  [6][2200/5001]  lr: 2.5000e-05  eta: 1 day, 4:18:42  time: 1.0942  data_time: 0.0034  memory: 7765  grad_norm: 51.0347  loss: 9.6021  rpn_s.0.loss_cls: 0.6705  rpn_s.0.loss_bbox: 0.1217  rpn_s.0.loss_giou: 0.8599  rpn_s.1.loss_cls: 0.4880  rpn_s.1.loss_bbox: 0.0582  rpn_s.1.loss_giou: 0.4665  rpn_s.2.loss_cls: 0.4323  rpn_s.2.loss_bbox: 0.0506  rpn_s.2.loss_giou: 0.4083  rpn_s.3.loss_cls: 0.3946  rpn_s.3.loss_bbox: 0.0484  rpn_s.3.loss_giou: 0.3909  s0.loss_cls: 0.4851  s0.pos_acc: 59.0909  s0.loss_bbox: 0.6334  s0.loss_iou: 1.4770  s1.loss_cls: 0.4781  s1.pos_acc: 63.6364  s1.loss_bbox: 0.6419  s1.loss_iou: 1.4965
2026/03/27 04:22:28 - mmengine - INFO - Epoch(train)  [6][2250/5001]  lr: 2.5000e-05  eta: 1 day, 4:17:48  time: 1.1032  data_time: 0.0033  memory: 7764  grad_norm: 64.1609  loss: 8.6454  rpn_s.0.loss_cls: 0.6479  rpn_s.0.loss_bbox: 0.1048  rpn_s.0.loss_giou: 0.7744  rpn_s.1.loss_cls: 0.4641  rpn_s.1.loss_bbox: 0.0469  rpn_s.1.loss_giou: 0.4094  rpn_s.2.loss_cls: 0.3966  rpn_s.2.loss_bbox: 0.0403  rpn_s.2.loss_giou: 0.3630  rpn_s.3.loss_cls: 0.3517  rpn_s.3.loss_bbox: 0.0380  rpn_s.3.loss_giou: 0.3414  s0.loss_cls: 0.4676  s0.pos_acc: 76.6667  s0.loss_bbox: 0.6387  s0.loss_iou: 1.2044  s1.loss_cls: 0.4802  s1.pos_acc: 73.3333  s1.loss_bbox: 0.6165  s1.loss_iou: 1.2597
2026/03/27 04:23:23 - mmengine - INFO - Epoch(train)  [6][2300/5001]  lr: 2.5000e-05  eta: 1 day, 4:16:56  time: 1.1125  data_time: 0.0033  memory: 7765  grad_norm: 50.7408  loss: 7.8863  rpn_s.0.loss_cls: 0.6410  rpn_s.0.loss_bbox: 0.1079  rpn_s.0.loss_giou: 0.7804  rpn_s.1.loss_cls: 0.4611  rpn_s.1.loss_bbox: 0.0497  rpn_s.1.loss_giou: 0.4055  rpn_s.2.loss_cls: 0.3974  rpn_s.2.loss_bbox: 0.0423  rpn_s.2.loss_giou: 0.3548  rpn_s.3.loss_cls: 0.3572  rpn_s.3.loss_bbox: 0.0384  rpn_s.3.loss_giou: 0.3340  s0.loss_cls: 0.3475  s0.pos_acc: 100.0000  s0.loss_bbox: 0.4583  s0.loss_iou: 1.1380  s1.loss_cls: 0.3519  s1.pos_acc: 100.0000  s1.loss_bbox: 0.4642  s1.loss_iou: 1.1568
2026/03/27 04:24:19 - mmengine - INFO - Epoch(train)  [6][2350/5001]  lr: 2.5000e-05  eta: 1 day, 4:16:03  time: 1.1112  data_time: 0.0033  memory: 7765  grad_norm: 55.3992  loss: 9.2499  rpn_s.0.loss_cls: 0.6890  rpn_s.0.loss_bbox: 0.1217  rpn_s.0.loss_giou: 0.8720  rpn_s.1.loss_cls: 0.4897  rpn_s.1.loss_bbox: 0.0551  rpn_s.1.loss_giou: 0.4337  rpn_s.2.loss_cls: 0.4258  rpn_s.2.loss_bbox: 0.0468  rpn_s.2.loss_giou: 0.3799  rpn_s.3.loss_cls: 0.3812  rpn_s.3.loss_bbox: 0.0440  rpn_s.3.loss_giou: 0.3677  s0.loss_cls: 0.4593  s0.pos_acc: 80.5556  s0.loss_bbox: 0.6344  s0.loss_iou: 1.3755  s1.loss_cls: 0.4579  s1.pos_acc: 80.0000  s1.loss_bbox: 0.6316  s1.loss_iou: 1.3847
2026/03/27 04:25:14 - mmengine - INFO - Epoch(train)  [6][2400/5001]  lr: 2.5000e-05  eta: 1 day, 4:15:09  time: 1.1012  data_time: 0.0034  memory: 7765  grad_norm: 54.2941  loss: 8.9500  rpn_s.0.loss_cls: 0.6919  rpn_s.0.loss_bbox: 0.1136  rpn_s.0.loss_giou: 0.8518  rpn_s.1.loss_cls: 0.4808  rpn_s.1.loss_bbox: 0.0449  rpn_s.1.loss_giou: 0.4174  rpn_s.2.loss_cls: 0.4083  rpn_s.2.loss_bbox: 0.0383  rpn_s.2.loss_giou: 0.3685  rpn_s.3.loss_cls: 0.3668  rpn_s.3.loss_bbox: 0.0369  rpn_s.3.loss_giou: 0.3558  s0.loss_cls: 0.4295  s0.pos_acc: 80.0000  s0.loss_bbox: 0.6235  s0.loss_iou: 1.3179  s1.loss_cls: 0.4286  s1.pos_acc: 80.0000  s1.loss_bbox: 0.6281  s1.loss_iou: 1.3473
2026/03/27 04:26:09 - mmengine - INFO - Epoch(train)  [6][2450/5001]  lr: 2.5000e-05  eta: 1 day, 4:14:16  time: 1.1111  data_time: 0.0034  memory: 7765  grad_norm: 56.6117  loss: 9.3449  rpn_s.0.loss_cls: 0.6676  rpn_s.0.loss_bbox: 0.1141  rpn_s.0.loss_giou: 0.8963  rpn_s.1.loss_cls: 0.4788  rpn_s.1.loss_bbox: 0.0510  rpn_s.1.loss_giou: 0.4644  rpn_s.2.loss_cls: 0.4167  rpn_s.2.loss_bbox: 0.0435  rpn_s.2.loss_giou: 0.4007  rpn_s.3.loss_cls: 0.3828  rpn_s.3.loss_bbox: 0.0394  rpn_s.3.loss_giou: 0.3776  s0.loss_cls: 0.4360  s0.pos_acc: 68.8775  s0.loss_bbox: 0.6066  s0.loss_iou: 1.4440  s1.loss_cls: 0.4352  s1.pos_acc: 72.9592  s1.loss_bbox: 0.6248  s1.loss_iou: 1.4654
2026/03/27 04:27:05 - mmengine - INFO - Epoch(train)  [6][2500/5001]  lr: 2.5000e-05  eta: 1 day, 4:13:22  time: 1.1052  data_time: 0.0034  memory: 7765  grad_norm: 55.4398  loss: 9.1863  rpn_s.0.loss_cls: 0.6691  rpn_s.0.loss_bbox: 0.1087  rpn_s.0.loss_giou: 0.8869  rpn_s.1.loss_cls: 0.4902  rpn_s.1.loss_bbox: 0.0482  rpn_s.1.loss_giou: 0.4519  rpn_s.2.loss_cls: 0.4246  rpn_s.2.loss_bbox: 0.0382  rpn_s.2.loss_giou: 0.3850  rpn_s.3.loss_cls: 0.3823  rpn_s.3.loss_bbox: 0.0357  rpn_s.3.loss_giou: 0.3636  s0.loss_cls: 0.4325  s0.pos_acc: 79.5918  s0.loss_bbox: 0.6287  s0.loss_iou: 1.3734  s1.loss_cls: 0.4311  s1.pos_acc: 80.6122  s1.loss_bbox: 0.6463  s1.loss_iou: 1.3900
2026/03/27 04:28:00 - mmengine - INFO - Epoch(train)  [6][2550/5001]  lr: 2.5000e-05  eta: 1 day, 4:12:28  time: 1.1021  data_time: 0.0032  memory: 7765  grad_norm: 51.8566  loss: 8.4989  rpn_s.0.loss_cls: 0.6412  rpn_s.0.loss_bbox: 0.1036  rpn_s.0.loss_giou: 0.7840  rpn_s.1.loss_cls: 0.4662  rpn_s.1.loss_bbox: 0.0467  rpn_s.1.loss_giou: 0.3935  rpn_s.2.loss_cls: 0.4001  rpn_s.2.loss_bbox: 0.0389  rpn_s.2.loss_giou: 0.3411  rpn_s.3.loss_cls: 0.3629  rpn_s.3.loss_bbox: 0.0363  rpn_s.3.loss_giou: 0.3223  s0.loss_cls: 0.4151  s0.pos_acc: 80.3922  s0.loss_bbox: 0.6386  s0.loss_iou: 1.2094  s1.loss_cls: 0.4126  s1.pos_acc: 81.3726  s1.loss_bbox: 0.6712  s1.loss_iou: 1.2152
2026/03/27 04:28:55 - mmengine - INFO - Epoch(train)  [6][2600/5001]  lr: 2.5000e-05  eta: 1 day, 4:11:33  time: 1.0976  data_time: 0.0032  memory: 7764  grad_norm: 55.3318  loss: 8.4084  rpn_s.0.loss_cls: 0.6212  rpn_s.0.loss_bbox: 0.1028  rpn_s.0.loss_giou: 0.7790  rpn_s.1.loss_cls: 0.4629  rpn_s.1.loss_bbox: 0.0454  rpn_s.1.loss_giou: 0.3994  rpn_s.2.loss_cls: 0.3880  rpn_s.2.loss_bbox: 0.0380  rpn_s.2.loss_giou: 0.3468  rpn_s.3.loss_cls: 0.3585  rpn_s.3.loss_bbox: 0.0364  rpn_s.3.loss_giou: 0.3322  s0.loss_cls: 0.4358  s0.pos_acc: 63.1068  s0.loss_bbox: 0.6306  s0.loss_iou: 1.1741  s1.loss_cls: 0.4406  s1.pos_acc: 65.5340  s1.loss_bbox: 0.6332  s1.loss_iou: 1.1835
2026/03/27 04:29:49 - mmengine - INFO - Epoch(train)  [6][2650/5001]  lr: 2.5000e-05  eta: 1 day, 4:10:38  time: 1.0979  data_time: 0.0034  memory: 7765  grad_norm: 57.4831  loss: 8.9043  rpn_s.0.loss_cls: 0.6604  rpn_s.0.loss_bbox: 0.1185  rpn_s.0.loss_giou: 0.7682  rpn_s.1.loss_cls: 0.4897  rpn_s.1.loss_bbox: 0.0585  rpn_s.1.loss_giou: 0.4265  rpn_s.2.loss_cls: 0.4237  rpn_s.2.loss_bbox: 0.0507  rpn_s.2.loss_giou: 0.3777  rpn_s.3.loss_cls: 0.3882  rpn_s.3.loss_bbox: 0.0488  rpn_s.3.loss_giou: 0.3574  s0.loss_cls: 0.4515  s0.pos_acc: 66.6667  s0.loss_bbox: 0.5863  s0.loss_iou: 1.3221  s1.loss_cls: 0.4492  s1.pos_acc: 66.6667  s1.loss_bbox: 0.5984  s1.loss_iou: 1.3286
2026/03/27 04:30:44 - mmengine - INFO - Epoch(train)  [6][2700/5001]  lr: 2.5000e-05  eta: 1 day, 4:09:43  time: 1.0971  data_time: 0.0034  memory: 7765  grad_norm: 55.2301  loss: 9.6595  rpn_s.0.loss_cls: 0.6510  rpn_s.0.loss_bbox: 0.1144  rpn_s.0.loss_giou: 0.8134  rpn_s.1.loss_cls: 0.4848  rpn_s.1.loss_bbox: 0.0540  rpn_s.1.loss_giou: 0.4419  rpn_s.2.loss_cls: 0.4131  rpn_s.2.loss_bbox: 0.0457  rpn_s.2.loss_giou: 0.3793  rpn_s.3.loss_cls: 0.3819  rpn_s.3.loss_bbox: 0.0432  rpn_s.3.loss_giou: 0.3642  s0.loss_cls: 0.5288  s0.pos_acc: 63.0435  s0.loss_bbox: 0.6633  s0.loss_iou: 1.5555  s1.loss_cls: 0.5206  s1.pos_acc: 67.3913  s1.loss_bbox: 0.6537  s1.loss_iou: 1.5508
2026/03/27 04:31:39 - mmengine - INFO - Epoch(train)  [6][2750/5001]  lr: 2.5000e-05  eta: 1 day, 4:08:48  time: 1.0957  data_time: 0.0035  memory: 7765  grad_norm: 55.1131  loss: 8.7065  rpn_s.0.loss_cls: 0.6592  rpn_s.0.loss_bbox: 0.1132  rpn_s.0.loss_giou: 0.8487  rpn_s.1.loss_cls: 0.4658  rpn_s.1.loss_bbox: 0.0472  rpn_s.1.loss_giou: 0.4191  rpn_s.2.loss_cls: 0.4108  rpn_s.2.loss_bbox: 0.0406  rpn_s.2.loss_giou: 0.3624  rpn_s.3.loss_cls: 0.3688  rpn_s.3.loss_bbox: 0.0375  rpn_s.3.loss_giou: 0.3397  s0.loss_cls: 0.4219  s0.pos_acc: 53.3708  s0.loss_bbox: 0.6354  s0.loss_iou: 1.2355  s1.loss_cls: 0.4228  s1.pos_acc: 61.2360  s1.loss_bbox: 0.6220  s1.loss_iou: 1.2559
2026/03/27 04:32:34 - mmengine - INFO - Epoch(train)  [6][2800/5001]  lr: 2.5000e-05  eta: 1 day, 4:07:54  time: 1.1056  data_time: 0.0033  memory: 7765  grad_norm: 53.8876  loss: 8.4534  rpn_s.0.loss_cls: 0.5890  rpn_s.0.loss_bbox: 0.1120  rpn_s.0.loss_giou: 0.7941  rpn_s.1.loss_cls: 0.4363  rpn_s.1.loss_bbox: 0.0497  rpn_s.1.loss_giou: 0.4113  rpn_s.2.loss_cls: 0.3744  rpn_s.2.loss_bbox: 0.0433  rpn_s.2.loss_giou: 0.3659  rpn_s.3.loss_cls: 0.3450  rpn_s.3.loss_bbox: 0.0407  rpn_s.3.loss_giou: 0.3481  s0.loss_cls: 0.4014  s0.pos_acc: 93.7500  s0.loss_bbox: 0.6002  s0.loss_iou: 1.2656  s1.loss_cls: 0.3973  s1.pos_acc: 93.7500  s1.loss_bbox: 0.5985  s1.loss_iou: 1.2804
2026/03/27 04:33:30 - mmengine - INFO - Epoch(train)  [6][2850/5001]  lr: 2.5000e-05  eta: 1 day, 4:07:01  time: 1.1106  data_time: 0.0033  memory: 7765  grad_norm: 55.9479  loss: 8.4048  rpn_s.0.loss_cls: 0.6400  rpn_s.0.loss_bbox: 0.1015  rpn_s.0.loss_giou: 0.7480  rpn_s.1.loss_cls: 0.4365  rpn_s.1.loss_bbox: 0.0518  rpn_s.1.loss_giou: 0.4296  rpn_s.2.loss_cls: 0.3699  rpn_s.2.loss_bbox: 0.0457  rpn_s.2.loss_giou: 0.3784  rpn_s.3.loss_cls: 0.3352  rpn_s.3.loss_bbox: 0.0414  rpn_s.3.loss_giou: 0.3548  s0.loss_cls: 0.3854  s0.pos_acc: 62.1212  s0.loss_bbox: 0.6340  s0.loss_iou: 1.2135  s1.loss_cls: 0.3868  s1.pos_acc: 65.1515  s1.loss_bbox: 0.6282  s1.loss_iou: 1.2241
2026/03/27 04:34:26 - mmengine - INFO - Epoch(train)  [6][2900/5001]  lr: 2.5000e-05  eta: 1 day, 4:06:09  time: 1.1128  data_time: 0.0033  memory: 7765  grad_norm: 58.7725  loss: 9.5702  rpn_s.0.loss_cls: 0.6719  rpn_s.0.loss_bbox: 0.1179  rpn_s.0.loss_giou: 0.9162  rpn_s.1.loss_cls: 0.4854  rpn_s.1.loss_bbox: 0.0505  rpn_s.1.loss_giou: 0.4609  rpn_s.2.loss_cls: 0.4140  rpn_s.2.loss_bbox: 0.0410  rpn_s.2.loss_giou: 0.3906  rpn_s.3.loss_cls: 0.3793  rpn_s.3.loss_bbox: 0.0373  rpn_s.3.loss_giou: 0.3632  s0.loss_cls: 0.4838  s0.pos_acc: 100.0000  s0.loss_bbox: 0.6436  s0.loss_iou: 1.4837  s1.loss_cls: 0.4687  s1.pos_acc: 100.0000  s1.loss_bbox: 0.6702  s1.loss_iou: 1.4917
2026/03/27 04:35:21 - mmengine - INFO - Epoch(train)  [6][2950/5001]  lr: 2.5000e-05  eta: 1 day, 4:05:15  time: 1.1074  data_time: 0.0033  memory: 7765  grad_norm: 52.0941  loss: 9.0208  rpn_s.0.loss_cls: 0.6741  rpn_s.0.loss_bbox: 0.1212  rpn_s.0.loss_giou: 0.8819  rpn_s.1.loss_cls: 0.4829  rpn_s.1.loss_bbox: 0.0553  rpn_s.1.loss_giou: 0.4559  rpn_s.2.loss_cls: 0.4195  rpn_s.2.loss_bbox: 0.0458  rpn_s.2.loss_giou: 0.3881  rpn_s.3.loss_cls: 0.3825  rpn_s.3.loss_bbox: 0.0428  rpn_s.3.loss_giou: 0.3720  s0.loss_cls: 0.3982  s0.pos_acc: 70.5036  s0.loss_bbox: 0.5924  s0.loss_iou: 1.3444  s1.loss_cls: 0.3920  s1.pos_acc: 71.9425  s1.loss_bbox: 0.5940  s1.loss_iou: 1.3778
2026/03/27 04:36:11 - mmengine - INFO - Exp name: GSDet_r50_b900_h2h4_h2r1_r2r1_2x_fair1m1.0_20260326_200141
2026/03/27 04:36:16 - mmengine - INFO - Epoch(train)  [6][3000/5001]  lr: 2.5000e-05  eta: 1 day, 4:04:22  time: 1.1058  data_time: 0.0034  memory: 7765  grad_norm: 50.0214  loss: 10.5511  rpn_s.0.loss_cls: 0.6749  rpn_s.0.loss_bbox: 0.1179  rpn_s.0.loss_giou: 0.9165  rpn_s.1.loss_cls: 0.4775  rpn_s.1.loss_bbox: 0.0524  rpn_s.1.loss_giou: 0.4757  rpn_s.2.loss_cls: 0.4089  rpn_s.2.loss_bbox: 0.0440  rpn_s.2.loss_giou: 0.4137  rpn_s.3.loss_cls: 0.3666  rpn_s.3.loss_bbox: 0.0398  rpn_s.3.loss_giou: 0.3874  s0.loss_cls: 0.5436  s0.pos_acc: 69.0789  s0.loss_bbox: 0.7308  s0.loss_iou: 1.8021  s1.loss_cls: 0.5457  s1.pos_acc: 68.0921  s1.loss_bbox: 0.7500  s1.loss_iou: 1.8036
2026/03/27 04:37:12 - mmengine - INFO - Epoch(train)  [6][3050/5001]  lr: 2.5000e-05  eta: 1 day, 4:03:28  time: 1.1080  data_time: 0.0033  memory: 7765  grad_norm: 52.2133  loss: 8.0882  rpn_s.0.loss_cls: 0.6261  rpn_s.0.loss_bbox: 0.1031  rpn_s.0.loss_giou: 0.7036  rpn_s.1.loss_cls: 0.4738  rpn_s.1.loss_bbox: 0.0505  rpn_s.1.loss_giou: 0.3791  rpn_s.2.loss_cls: 0.4135  rpn_s.2.loss_bbox: 0.0454  rpn_s.2.loss_giou: 0.3370  rpn_s.3.loss_cls: 0.3632  rpn_s.3.loss_bbox: 0.0437  rpn_s.3.loss_giou: 0.3231  s0.loss_cls: 0.3717  s0.pos_acc: 50.0000  s0.loss_bbox: 0.5617  s0.loss_iou: 1.1720  s1.loss_cls: 0.3851  s1.pos_acc: 50.0000  s1.loss_bbox: 0.5428  s1.loss_iou: 1.1927
2026/03/27 04:38:07 - mmengine - INFO - Epoch(train)  [6][3100/5001]  lr: 2.5000e-05  eta: 1 day, 4:02:35  time: 1.1063  data_time: 0.0033  memory: 7765  grad_norm: 50.3055  loss: 9.9201  rpn_s.0.loss_cls: 0.6826  rpn_s.0.loss_bbox: 0.1128  rpn_s.0.loss_giou: 0.8745  rpn_s.1.loss_cls: 0.4949  rpn_s.1.loss_bbox: 0.0497  rpn_s.1.loss_giou: 0.4605  rpn_s.2.loss_cls: 0.4266  rpn_s.2.loss_bbox: 0.0434  rpn_s.2.loss_giou: 0.4102  rpn_s.3.loss_cls: 0.3872  rpn_s.3.loss_bbox: 0.0391  rpn_s.3.loss_giou: 0.3885  s0.loss_cls: 0.5072  s0.pos_acc: 48.4375  s0.loss_bbox: 0.6839  s0.loss_iou: 1.5793  s1.loss_cls: 0.5056  s1.pos_acc: 56.2500  s1.loss_bbox: 0.6953  s1.loss_iou: 1.5789
2026/03/27 04:39:02 - mmengine - INFO - Epoch(train)  [6][3150/5001]  lr: 2.5000e-05  eta: 1 day, 4:01:39  time: 1.0957  data_time: 0.0033  memory: 7765  grad_norm: 52.5804  loss: 8.6991  rpn_s.0.loss_cls: 0.6207  rpn_s.0.loss_bbox: 0.1040  rpn_s.0.loss_giou: 0.8438  rpn_s.1.loss_cls: 0.4378  rpn_s.1.loss_bbox: 0.0465  rpn_s.1.loss_giou: 0.4476  rpn_s.2.loss_cls: 0.3696  rpn_s.2.loss_bbox: 0.0389  rpn_s.2.loss_giou: 0.3816  rpn_s.3.loss_cls: 0.3375  rpn_s.3.loss_bbox: 0.0356  rpn_s.3.loss_giou: 0.3553  s0.loss_cls: 0.3848  s0.pos_acc: 69.4444  s0.loss_bbox: 0.5900  s0.loss_iou: 1.3469  s1.loss_cls: 0.3837  s1.pos_acc: 65.7407  s1.loss_bbox: 0.6170  s1.loss_iou: 1.3578
2026/03/27 04:39:56 - mmengine - INFO - Epoch(train)  [6][3200/5001]  lr: 2.5000e-05  eta: 1 day, 4:00:43  time: 1.0865  data_time: 0.0034  memory: 7765  grad_norm: 61.5709  loss: 8.4078  rpn_s.0.loss_cls: 0.6110  rpn_s.0.loss_bbox: 0.1108  rpn_s.0.loss_giou: 0.8357  rpn_s.1.loss_cls: 0.4361  rpn_s.1.loss_bbox: 0.0474  rpn_s.1.loss_giou: 0.4188  rpn_s.2.loss_cls: 0.3724  rpn_s.2.loss_bbox: 0.0391  rpn_s.2.loss_giou: 0.3543  rpn_s.3.loss_cls: 0.3312  rpn_s.3.loss_bbox: 0.0351  rpn_s.3.loss_giou: 0.3321  s0.loss_cls: 0.3751  s0.pos_acc: 87.5000  s0.loss_bbox: 0.6450  s0.loss_iou: 1.2114  s1.loss_cls: 0.3706  s1.pos_acc: 93.7500  s1.loss_bbox: 0.6467  s1.loss_iou: 1.2349
2026/03/27 04:40:51 - mmengine - INFO - Epoch(train)  [6][3250/5001]  lr: 2.5000e-05  eta: 1 day, 3:59:48  time: 1.0991  data_time: 0.0034  memory: 7765  grad_norm: 49.8975  loss: 9.4721  rpn_s.0.loss_cls: 0.6559  rpn_s.0.loss_bbox: 0.1258  rpn_s.0.loss_giou: 0.9057  rpn_s.1.loss_cls: 0.4701  rpn_s.1.loss_bbox: 0.0549  rpn_s.1.loss_giou: 0.4690  rpn_s.2.loss_cls: 0.4058  rpn_s.2.loss_bbox: 0.0467  rpn_s.2.loss_giou: 0.4054  rpn_s.3.loss_cls: 0.3718  rpn_s.3.loss_bbox: 0.0429  rpn_s.3.loss_giou: 0.3809  s0.loss_cls: 0.4579  s0.pos_acc: 81.2155  s0.loss_bbox: 0.5304  s0.loss_iou: 1.5432  s1.loss_cls: 0.4575  s1.pos_acc: 84.2541  s1.loss_bbox: 0.6018  s1.loss_iou: 1.5462
2026/03/27 04:41:46 - mmengine - INFO - Epoch(train)  [6][3300/5001]  lr: 2.5000e-05  eta: 1 day, 3:58:53  time: 1.0967  data_time: 0.0033  memory: 7765  grad_norm: 50.2520  loss: 8.6195  rpn_s.0.loss_cls: 0.6271  rpn_s.0.loss_bbox: 0.1074  rpn_s.0.loss_giou: 0.8215  rpn_s.1.loss_cls: 0.4559  rpn_s.1.loss_bbox: 0.0483  rpn_s.1.loss_giou: 0.4396  rpn_s.2.loss_cls: 0.3915  rpn_s.2.loss_bbox: 0.0413  rpn_s.2.loss_giou: 0.3818  rpn_s.3.loss_cls: 0.3546  rpn_s.3.loss_bbox: 0.0377  rpn_s.3.loss_giou: 0.3611  s0.loss_cls: 0.3864  s0.pos_acc: 38.8889  s0.loss_bbox: 0.5751  s0.loss_iou: 1.3285  s1.loss_cls: 0.3938  s1.pos_acc: 36.1111  s1.loss_bbox: 0.5518  s1.loss_iou: 1.3160
2026/03/27 04:42:42 - mmengine - INFO - Epoch(train)  [6][3350/5001]  lr: 2.5000e-05  eta: 1 day, 3:58:01  time: 1.1208  data_time: 0.0033  memory: 7765  grad_norm: 55.6171  loss: 9.4164  rpn_s.0.loss_cls: 0.6404  rpn_s.0.loss_bbox: 0.1128  rpn_s.0.loss_giou: 0.8824  rpn_s.1.loss_cls: 0.4575  rpn_s.1.loss_bbox: 0.0483  rpn_s.1.loss_giou: 0.4589  rpn_s.2.loss_cls: 0.4094  rpn_s.2.loss_bbox: 0.0405  rpn_s.2.loss_giou: 0.3988  rpn_s.3.loss_cls: 0.3672  rpn_s.3.loss_bbox: 0.0387  rpn_s.3.loss_giou: 0.3816  s0.loss_cls: 0.4375  s0.pos_acc: 83.4951  s0.loss_bbox: 0.6163  s0.loss_iou: 1.5047  s1.loss_cls: 0.4304  s1.pos_acc: 82.5243  s1.loss_bbox: 0.6391  s1.loss_iou: 1.5519
2026/03/27 04:43:38 - mmengine - INFO - Epoch(train)  [6][3400/5001]  lr: 2.5000e-05  eta: 1 day, 3:57:10  time: 1.1199  data_time: 0.0033  memory: 7765  grad_norm: 51.9482  loss: 9.6187  rpn_s.0.loss_cls: 0.6493  rpn_s.0.loss_bbox: 0.1266  rpn_s.0.loss_giou: 0.9120  rpn_s.1.loss_cls: 0.4665  rpn_s.1.loss_bbox: 0.0543  rpn_s.1.loss_giou: 0.4608  rpn_s.2.loss_cls: 0.4009  rpn_s.2.loss_bbox: 0.0451  rpn_s.2.loss_giou: 0.3952  rpn_s.3.loss_cls: 0.3605  rpn_s.3.loss_bbox: 0.0424  rpn_s.3.loss_giou: 0.3725  s0.loss_cls: 0.4798  s0.pos_acc: 73.1481  s0.loss_bbox: 0.5881  s0.loss_iou: 1.5825  s1.loss_cls: 0.4796  s1.pos_acc: 79.8148  s1.loss_bbox: 0.5977  s1.loss_iou: 1.6049
2026/03/27 04:44:34 - mmengine - INFO - Epoch(train)  [6][3450/5001]  lr: 2.5000e-05  eta: 1 day, 3:56:19  time: 1.1234  data_time: 0.0032  memory: 7765  grad_norm: 53.7651  loss: 8.9050  rpn_s.0.loss_cls: 0.6564  rpn_s.0.loss_bbox: 0.1123  rpn_s.0.loss_giou: 0.8275  rpn_s.1.loss_cls: 0.4742  rpn_s.1.loss_bbox: 0.0492  rpn_s.1.loss_giou: 0.4310  rpn_s.2.loss_cls: 0.4095  rpn_s.2.loss_bbox: 0.0409  rpn_s.2.loss_giou: 0.3722  rpn_s.3.loss_cls: 0.3681  rpn_s.3.loss_bbox: 0.0380  rpn_s.3.loss_giou: 0.3512  s0.loss_cls: 0.4161  s0.pos_acc: 75.0000  s0.loss_bbox: 0.6252  s0.loss_iou: 1.3337  s1.loss_cls: 0.4171  s1.pos_acc: 75.0000  s1.loss_bbox: 0.6363  s1.loss_iou: 1.3461
2026/03/27 04:45:30 - mmengine - INFO - Epoch(train)  [6][3500/5001]  lr: 2.5000e-05  eta: 1 day, 3:55:28  time: 1.1209  data_time: 0.0031  memory: 7765  grad_norm: 49.8745  loss: 8.5551  rpn_s.0.loss_cls: 0.6588  rpn_s.0.loss_bbox: 0.1158  rpn_s.0.loss_giou: 0.8583  rpn_s.1.loss_cls: 0.4713  rpn_s.1.loss_bbox: 0.0492  rpn_s.1.loss_giou: 0.4350  rpn_s.2.loss_cls: 0.4050  rpn_s.2.loss_bbox: 0.0413  rpn_s.2.loss_giou: 0.3729  rpn_s.3.loss_cls: 0.3716  rpn_s.3.loss_bbox: 0.0390  rpn_s.3.loss_giou: 0.3540  s0.loss_cls: 0.4054  s0.pos_acc: 71.4286  s0.loss_bbox: 0.4969  s0.loss_iou: 1.2816  s1.loss_cls: 0.3970  s1.pos_acc: 71.4286  s1.loss_bbox: 0.5154  s1.loss_iou: 1.2867
2026/03/27 04:46:26 - mmengine - INFO - Epoch(train)  [6][3550/5001]  lr: 2.5000e-05  eta: 1 day, 3:54:36  time: 1.1157  data_time: 0.0031  memory: 7765  grad_norm: 60.1741  loss: 9.2168  rpn_s.0.loss_cls: 0.6512  rpn_s.0.loss_bbox: 0.1165  rpn_s.0.loss_giou: 0.7902  rpn_s.1.loss_cls: 0.4527  rpn_s.1.loss_bbox: 0.0601  rpn_s.1.loss_giou: 0.4303  rpn_s.2.loss_cls: 0.3960  rpn_s.2.loss_bbox: 0.0499  rpn_s.2.loss_giou: 0.3742  rpn_s.3.loss_cls: 0.3755  rpn_s.3.loss_bbox: 0.0478  rpn_s.3.loss_giou: 0.3572  s0.loss_cls: 0.4677  s0.pos_acc: 71.3710  s0.loss_bbox: 0.6285  s0.loss_iou: 1.4423  s1.loss_cls: 0.4706  s1.pos_acc: 72.9839  s1.loss_bbox: 0.6432  s1.loss_iou: 1.4627
2026/03/27 04:47:21 - mmengine - INFO - Epoch(train)  [6][3600/5001]  lr: 2.5000e-05  eta: 1 day, 3:53:42  time: 1.1094  data_time: 0.0032  memory: 7765  grad_norm: 48.1921  loss: 9.2528  rpn_s.0.loss_cls: 0.6314  rpn_s.0.loss_bbox: 0.1093  rpn_s.0.loss_giou: 0.8510  rpn_s.1.loss_cls: 0.4634  rpn_s.1.loss_bbox: 0.0441  rpn_s.1.loss_giou: 0.4238  rpn_s.2.loss_cls: 0.3985  rpn_s.2.loss_bbox: 0.0359  rpn_s.2.loss_giou: 0.3554  rpn_s.3.loss_cls: 0.3603  rpn_s.3.loss_bbox: 0.0325  rpn_s.3.loss_giou: 0.3332  s0.loss_cls: 0.4636  s0.pos_acc: 95.3125  s0.loss_bbox: 0.6783  s0.loss_iou: 1.4644  s1.loss_cls: 0.4616  s1.pos_acc: 93.7500  s1.loss_bbox: 0.6644  s1.loss_iou: 1.4817
2026/03/27 04:48:16 - mmengine - INFO - Epoch(train)  [6][3650/5001]  lr: 2.5000e-05  eta: 1 day, 3:52:48  time: 1.1008  data_time: 0.0034  memory: 7765  grad_norm: 54.8106  loss: 9.2595  rpn_s.0.loss_cls: 0.6449  rpn_s.0.loss_bbox: 0.1125  rpn_s.0.loss_giou: 0.8608  rpn_s.1.loss_cls: 0.4559  rpn_s.1.loss_bbox: 0.0506  rpn_s.1.loss_giou: 0.4492  rpn_s.2.loss_cls: 0.3959  rpn_s.2.loss_bbox: 0.0427  rpn_s.2.loss_giou: 0.3874  rpn_s.3.loss_cls: 0.3621  rpn_s.3.loss_bbox: 0.0403  rpn_s.3.loss_giou: 0.3657  s0.loss_cls: 0.4525  s0.pos_acc: 69.4444  s0.loss_bbox: 0.6424  s0.loss_iou: 1.4333  s1.loss_cls: 0.4607  s1.pos_acc: 68.0555  s1.loss_bbox: 0.6550  s1.loss_iou: 1.4477
2026/03/27 04:49:11 - mmengine - INFO - Epoch(train)  [6][3700/5001]  lr: 2.5000e-05  eta: 1 day, 3:51:53  time: 1.0962  data_time: 0.0033  memory: 7764  grad_norm: 52.3591  loss: 8.9799  rpn_s.0.loss_cls: 0.6543  rpn_s.0.loss_bbox: 0.1023  rpn_s.0.loss_giou: 0.8170  rpn_s.1.loss_cls: 0.4649  rpn_s.1.loss_bbox: 0.0448  rpn_s.1.loss_giou: 0.4188  rpn_s.2.loss_cls: 0.4020  rpn_s.2.loss_bbox: 0.0375  rpn_s.2.loss_giou: 0.3615  rpn_s.3.loss_cls: 0.3682  rpn_s.3.loss_bbox: 0.0365  rpn_s.3.loss_giou: 0.3471  s0.loss_cls: 0.4668  s0.pos_acc: 53.8462  s0.loss_bbox: 0.6609  s0.loss_iou: 1.3210  s1.loss_cls: 0.4753  s1.pos_acc: 44.2308  s1.loss_bbox: 0.6821  s1.loss_iou: 1.3186
2026/03/27 04:50:06 - mmengine - INFO - Epoch(train)  [6][3750/5001]  lr: 2.5000e-05  eta: 1 day, 3:50:58  time: 1.0996  data_time: 0.0034  memory: 7765  grad_norm: 52.6698  loss: 9.7841  rpn_s.0.loss_cls: 0.6691  rpn_s.0.loss_bbox: 0.1287  rpn_s.0.loss_giou: 0.8710  rpn_s.1.loss_cls: 0.4808  rpn_s.1.loss_bbox: 0.0610  rpn_s.1.loss_giou: 0.4533  rpn_s.2.loss_cls: 0.4161  rpn_s.2.loss_bbox: 0.0526  rpn_s.2.loss_giou: 0.3943  rpn_s.3.loss_cls: 0.3762  rpn_s.3.loss_bbox: 0.0481  rpn_s.3.loss_giou: 0.3724  s0.loss_cls: 0.5047  s0.pos_acc: 82.2917  s0.loss_bbox: 0.7048  s0.loss_iou: 1.5297  s1.loss_cls: 0.4990  s1.pos_acc: 85.4167  s1.loss_bbox: 0.6811  s1.loss_iou: 1.5411
2026/03/27 04:51:01 - mmengine - INFO - Epoch(train)  [6][3800/5001]  lr: 2.5000e-05  eta: 1 day, 3:50:01  time: 1.0897  data_time: 0.0033  memory: 7765  grad_norm: 56.4426  loss: 9.0906  rpn_s.0.loss_cls: 0.6754  rpn_s.0.loss_bbox: 0.1296  rpn_s.0.loss_giou: 0.8552  rpn_s.1.loss_cls: 0.4884  rpn_s.1.loss_bbox: 0.0637  rpn_s.1.loss_giou: 0.4468  rpn_s.2.loss_cls: 0.4349  rpn_s.2.loss_bbox: 0.0524  rpn_s.2.loss_giou: 0.3795  rpn_s.3.loss_cls: 0.3990  rpn_s.3.loss_bbox: 0.0495  rpn_s.3.loss_giou: 0.3588  s0.loss_cls: 0.4587  s0.pos_acc: 79.1667  s0.loss_bbox: 0.5813  s0.loss_iou: 1.3214  s1.loss_cls: 0.4596  s1.pos_acc: 75.0000  s1.loss_bbox: 0.5831  s1.loss_iou: 1.3533
2026/03/27 04:51:55 - mmengine - INFO - Epoch(train)  [6][3850/5001]  lr: 2.5000e-05  eta: 1 day, 3:49:04  time: 1.0822  data_time: 0.0033  memory: 7765  grad_norm: 53.6059  loss: 8.7187  rpn_s.0.loss_cls: 0.6478  rpn_s.0.loss_bbox: 0.1020  rpn_s.0.loss_giou: 0.8256  rpn_s.1.loss_cls: 0.4487  rpn_s.1.loss_bbox: 0.0451  rpn_s.1.loss_giou: 0.4167  rpn_s.2.loss_cls: 0.3956  rpn_s.2.loss_bbox: 0.0384  rpn_s.2.loss_giou: 0.3624  rpn_s.3.loss_cls: 0.3657  rpn_s.3.loss_bbox: 0.0363  rpn_s.3.loss_giou: 0.3473  s0.loss_cls: 0.4390  s0.pos_acc: 64.4445  s0.loss_bbox: 0.6302  s0.loss_iou: 1.2588  s1.loss_cls: 0.4467  s1.pos_acc: 77.7778  s1.loss_bbox: 0.6447  s1.loss_iou: 1.2679
2026/03/27 04:52:49 - mmengine - INFO - Epoch(train)  [6][3900/5001]  lr: 2.5000e-05  eta: 1 day, 3:48:07  time: 1.0867  data_time: 0.0033  memory: 7765  grad_norm: 50.5955  loss: 8.9778  rpn_s.0.loss_cls: 0.6276  rpn_s.0.loss_bbox: 0.1077  rpn_s.0.loss_giou: 0.8311  rpn_s.1.loss_cls: 0.4465  rpn_s.1.loss_bbox: 0.0506  rpn_s.1.loss_giou: 0.4399  rpn_s.2.loss_cls: 0.3765  rpn_s.2.loss_bbox: 0.0439  rpn_s.2.loss_giou: 0.3846  rpn_s.3.loss_cls: 0.3469  rpn_s.3.loss_bbox: 0.0409  rpn_s.3.loss_giou: 0.3649  s0.loss_cls: 0.4306  s0.pos_acc: 87.8378  s0.loss_bbox: 0.6414  s0.loss_iou: 1.3668  s1.loss_cls: 0.4254  s1.pos_acc: 86.4865  s1.loss_bbox: 0.6567  s1.loss_iou: 1.3959
2026/03/27 04:53:44 - mmengine - INFO - Epoch(train)  [6][3950/5001]  lr: 2.5000e-05  eta: 1 day, 3:47:12  time: 1.0948  data_time: 0.0033  memory: 7765  grad_norm: 54.1079  loss: 9.1546  rpn_s.0.loss_cls: 0.6495  rpn_s.0.loss_bbox: 0.1049  rpn_s.0.loss_giou: 0.8505  rpn_s.1.loss_cls: 0.4609  rpn_s.1.loss_bbox: 0.0441  rpn_s.1.loss_giou: 0.4235  rpn_s.2.loss_cls: 0.4094  rpn_s.2.loss_bbox: 0.0382  rpn_s.2.loss_giou: 0.3694  rpn_s.3.loss_cls: 0.3648  rpn_s.3.loss_bbox: 0.0383  rpn_s.3.loss_giou: 0.3527  s0.loss_cls: 0.4531  s0.pos_acc: 76.9231  s0.loss_bbox: 0.6221  s0.loss_iou: 1.4417  s1.loss_cls: 0.4688  s1.pos_acc: 80.7692  s1.loss_bbox: 0.6038  s1.loss_iou: 1.4590
2026/03/27 04:54:34 - mmengine - INFO - Exp name: GSDet_r50_b900_h2h4_h2r1_r2r1_2x_fair1m1.0_20260326_200141
2026/03/27 04:54:40 - mmengine - INFO - Epoch(train)  [6][4000/5001]  lr: 2.5000e-05  eta: 1 day, 3:46:19  time: 1.1141  data_time: 0.0034  memory: 7765  grad_norm: 56.0213  loss: 9.4011  rpn_s.0.loss_cls: 0.6303  rpn_s.0.loss_bbox: 0.1167  rpn_s.0.loss_giou: 0.8278  rpn_s.1.loss_cls: 0.4442  rpn_s.1.loss_bbox: 0.0567  rpn_s.1.loss_giou: 0.4523  rpn_s.2.loss_cls: 0.3835  rpn_s.2.loss_bbox: 0.0472  rpn_s.2.loss_giou: 0.3924  rpn_s.3.loss_cls: 0.3505  rpn_s.3.loss_bbox: 0.0438  rpn_s.3.loss_giou: 0.3692  s0.loss_cls: 0.4666  s0.pos_acc: 75.8910  s0.loss_bbox: 0.6274  s0.loss_iou: 1.5461  s1.loss_cls: 0.4674  s1.pos_acc: 80.1887  s1.loss_bbox: 0.6281  s1.loss_iou: 1.5509
2026/03/27 04:55:35 - mmengine - INFO - Epoch(train)  [6][4050/5001]  lr: 2.5000e-05  eta: 1 day, 3:45:27  time: 1.1173  data_time: 0.0033  memory: 7765  grad_norm: 53.8338  loss: 8.9977  rpn_s.0.loss_cls: 0.6252  rpn_s.0.loss_bbox: 0.1119  rpn_s.0.loss_giou: 0.8249  rpn_s.1.loss_cls: 0.4480  rpn_s.1.loss_bbox: 0.0488  rpn_s.1.loss_giou: 0.4076  rpn_s.2.loss_cls: 0.3941  rpn_s.2.loss_bbox: 0.0408  rpn_s.2.loss_giou: 0.3546  rpn_s.3.loss_cls: 0.3629  rpn_s.3.loss_bbox: 0.0378  rpn_s.3.loss_giou: 0.3337  s0.loss_cls: 0.4608  s0.pos_acc: 33.3333  s0.loss_bbox: 0.6920  s0.loss_iou: 1.3388  s1.loss_cls: 0.4532  s1.pos_acc: 33.3333  s1.loss_bbox: 0.7175  s1.loss_iou: 1.3451
2026/03/27 04:56:31 - mmengine - INFO - Epoch(train)  [6][4100/5001]  lr: 2.5000e-05  eta: 1 day, 3:44:34  time: 1.1079  data_time: 0.0034  memory: 7765  grad_norm: 57.0209  loss: 9.1021  rpn_s.0.loss_cls: 0.6169  rpn_s.0.loss_bbox: 0.1158  rpn_s.0.loss_giou: 0.8641  rpn_s.1.loss_cls: 0.4300  rpn_s.1.loss_bbox: 0.0478  rpn_s.1.loss_giou: 0.4224  rpn_s.2.loss_cls: 0.3641  rpn_s.2.loss_bbox: 0.0396  rpn_s.2.loss_giou: 0.3651  rpn_s.3.loss_cls: 0.3278  rpn_s.3.loss_bbox: 0.0364  rpn_s.3.loss_giou: 0.3406  s0.loss_cls: 0.4149  s0.pos_acc: 100.0000  s0.loss_bbox: 0.6975  s0.loss_iou: 1.4355  s1.loss_cls: 0.4095  s1.pos_acc: 100.0000  s1.loss_bbox: 0.7198  s1.loss_iou: 1.4543
2026/03/27 04:57:26 - mmengine - INFO - Epoch(train)  [6][4150/5001]  lr: 2.5000e-05  eta: 1 day, 3:43:40  time: 1.1035  data_time: 0.0032  memory: 7764  grad_norm: 56.0744  loss: 8.4578  rpn_s.0.loss_cls: 0.6300  rpn_s.0.loss_bbox: 0.1093  rpn_s.0.loss_giou: 0.8309  rpn_s.1.loss_cls: 0.4571  rpn_s.1.loss_bbox: 0.0443  rpn_s.1.loss_giou: 0.4081  rpn_s.2.loss_cls: 0.3863  rpn_s.2.loss_bbox: 0.0377  rpn_s.2.loss_giou: 0.3536  rpn_s.3.loss_cls: 0.3509  rpn_s.3.loss_bbox: 0.0349  rpn_s.3.loss_giou: 0.3349  s0.loss_cls: 0.3869  s0.pos_acc: 25.0000  s0.loss_bbox: 0.6328  s0.loss_iou: 1.2148  s1.loss_cls: 0.3800  s1.pos_acc: 25.0000  s1.loss_bbox: 0.6379  s1.loss_iou: 1.2275
2026/03/27 04:58:21 - mmengine - INFO - Epoch(train)  [6][4200/5001]  lr: 2.5000e-05  eta: 1 day, 3:42:45  time: 1.1003  data_time: 0.0033  memory: 7765  grad_norm: 51.4840  loss: 9.5646  rpn_s.0.loss_cls: 0.6723  rpn_s.0.loss_bbox: 0.1090  rpn_s.0.loss_giou: 0.8395  rpn_s.1.loss_cls: 0.4820  rpn_s.1.loss_bbox: 0.0490  rpn_s.1.loss_giou: 0.4462  rpn_s.2.loss_cls: 0.4153  rpn_s.2.loss_bbox: 0.0419  rpn_s.2.loss_giou: 0.3938  rpn_s.3.loss_cls: 0.3824  rpn_s.3.loss_bbox: 0.0393  rpn_s.3.loss_giou: 0.3765  s0.loss_cls: 0.4983  s0.pos_acc: 52.5862  s0.loss_bbox: 0.6817  s0.loss_iou: 1.4547  s1.loss_cls: 0.4957  s1.pos_acc: 60.3448  s1.loss_bbox: 0.7100  s1.loss_iou: 1.4768
2026/03/27 04:59:16 - mmengine - INFO - Epoch(train)  [6][4250/5001]  lr: 2.5000e-05  eta: 1 day, 3:41:51  time: 1.1039  data_time: 0.0032  memory: 7765  grad_norm: 58.7729  loss: 9.7754  rpn_s.0.loss_cls: 0.6345  rpn_s.0.loss_bbox: 0.1150  rpn_s.0.loss_giou: 0.8694  rpn_s.1.loss_cls: 0.4554  rpn_s.1.loss_bbox: 0.0482  rpn_s.1.loss_giou: 0.4496  rpn_s.2.loss_cls: 0.3862  rpn_s.2.loss_bbox: 0.0404  rpn_s.2.loss_giou: 0.3893  rpn_s.3.loss_cls: 0.3553  rpn_s.3.loss_bbox: 0.0370  rpn_s.3.loss_giou: 0.3646  s0.loss_cls: 0.4737  s0.pos_acc: 84.3750  s0.loss_bbox: 0.6652  s0.loss_iou: 1.6770  s1.loss_cls: 0.4675  s1.pos_acc: 90.6250  s1.loss_bbox: 0.6531  s1.loss_iou: 1.6943
2026/03/27 05:00:11 - mmengine - INFO - Epoch(train)  [6][4300/5001]  lr: 2.5000e-05  eta: 1 day, 3:40:55  time: 1.0903  data_time: 0.0033  memory: 7765  grad_norm: 53.8137  loss: 9.2957  rpn_s.0.loss_cls: 0.6236  rpn_s.0.loss_bbox: 0.1137  rpn_s.0.loss_giou: 0.8520  rpn_s.1.loss_cls: 0.4327  rpn_s.1.loss_bbox: 0.0513  rpn_s.1.loss_giou: 0.4334  rpn_s.2.loss_cls: 0.3743  rpn_s.2.loss_bbox: 0.0434  rpn_s.2.loss_giou: 0.3783  rpn_s.3.loss_cls: 0.3390  rpn_s.3.loss_bbox: 0.0405  rpn_s.3.loss_giou: 0.3543  s0.loss_cls: 0.4509  s0.pos_acc: 80.6122  s0.loss_bbox: 0.6880  s0.loss_iou: 1.4583  s1.loss_cls: 0.4574  s1.pos_acc: 74.4898  s1.loss_bbox: 0.7096  s1.loss_iou: 1.4951
2026/03/27 05:01:05 - mmengine - INFO - Epoch(train)  [6][4350/5001]  lr: 2.5000e-05  eta: 1 day, 3:39:58  time: 1.0889  data_time: 0.0032  memory: 7765  grad_norm: 52.8012  loss: 9.4405  rpn_s.0.loss_cls: 0.6386  rpn_s.0.loss_bbox: 0.1157  rpn_s.0.loss_giou: 0.8676  rpn_s.1.loss_cls: 0.4437  rpn_s.1.loss_bbox: 0.0532  rpn_s.1.loss_giou: 0.4451  rpn_s.2.loss_cls: 0.3839  rpn_s.2.loss_bbox: 0.0448  rpn_s.2.loss_giou: 0.3863  rpn_s.3.loss_cls: 0.3478  rpn_s.3.loss_bbox: 0.0424  rpn_s.3.loss_giou: 0.3612  s0.loss_cls: 0.4626  s0.pos_acc: 70.7265  s0.loss_bbox: 0.6930  s0.loss_iou: 1.4816  s1.loss_cls: 0.4647  s1.pos_acc: 71.7949  s1.loss_bbox: 0.7145  s1.loss_iou: 1.4938
2026/03/27 05:02:00 - mmengine - INFO - Epoch(train)  [6][4400/5001]  lr: 2.5000e-05  eta: 1 day, 3:39:03  time: 1.0979  data_time: 0.0034  memory: 7765  grad_norm: 59.4461  loss: 9.2025  rpn_s.0.loss_cls: 0.6748  rpn_s.0.loss_bbox: 0.1173  rpn_s.0.loss_giou: 0.8254  rpn_s.1.loss_cls: 0.4993  rpn_s.1.loss_bbox: 0.0539  rpn_s.1.loss_giou: 0.4344  rpn_s.2.loss_cls: 0.4360  rpn_s.2.loss_bbox: 0.0456  rpn_s.2.loss_giou: 0.3738  rpn_s.3.loss_cls: 0.3984  rpn_s.3.loss_bbox: 0.0440  rpn_s.3.loss_giou: 0.3578  s0.loss_cls: 0.4828  s0.pos_acc: 50.0000  s0.loss_bbox: 0.5805  s0.loss_iou: 1.3756  s1.loss_cls: 0.4896  s1.pos_acc: 50.0000  s1.loss_bbox: 0.6052  s1.loss_iou: 1.4083
2026/03/27 05:02:55 - mmengine - INFO - Epoch(train)  [6][4450/5001]  lr: 2.5000e-05  eta: 1 day, 3:38:07  time: 1.0920  data_time: 0.0034  memory: 7765  grad_norm: 52.7710  loss: 8.5994  rpn_s.0.loss_cls: 0.6969  rpn_s.0.loss_bbox: 0.1135  rpn_s.0.loss_giou: 0.8201  rpn_s.1.loss_cls: 0.4897  rpn_s.1.loss_bbox: 0.0514  rpn_s.1.loss_giou: 0.4382  rpn_s.2.loss_cls: 0.4290  rpn_s.2.loss_bbox: 0.0427  rpn_s.2.loss_giou: 0.3803  rpn_s.3.loss_cls: 0.3861  rpn_s.3.loss_bbox: 0.0389  rpn_s.3.loss_giou: 0.3593  s0.loss_cls: 0.3997  s0.pos_acc: 88.8889  s0.loss_bbox: 0.5392  s0.loss_iou: 1.2245  s1.loss_cls: 0.3889  s1.pos_acc: 88.8889  s1.loss_bbox: 0.5575  s1.loss_iou: 1.2437
2026/03/27 05:03:49 - mmengine - INFO - Epoch(train)  [6][4500/5001]  lr: 2.5000e-05  eta: 1 day, 3:37:12  time: 1.0928  data_time: 0.0033  memory: 7765  grad_norm: 57.8926  loss: 8.7532  rpn_s.0.loss_cls: 0.6300  rpn_s.0.loss_bbox: 0.1075  rpn_s.0.loss_giou: 0.8093  rpn_s.1.loss_cls: 0.4322  rpn_s.1.loss_bbox: 0.0466  rpn_s.1.loss_giou: 0.4053  rpn_s.2.loss_cls: 0.3792  rpn_s.2.loss_bbox: 0.0413  rpn_s.2.loss_giou: 0.3592  rpn_s.3.loss_cls: 0.3444  rpn_s.3.loss_bbox: 0.0395  rpn_s.3.loss_giou: 0.3408  s0.loss_cls: 0.4391  s0.pos_acc: 80.0000  s0.loss_bbox: 0.6022  s0.loss_iou: 1.3470  s1.loss_cls: 0.4433  s1.pos_acc: 80.0000  s1.loss_bbox: 0.6344  s1.loss_iou: 1.3518
2026/03/27 05:04:45 - mmengine - INFO - Epoch(train)  [6][4550/5001]  lr: 2.5000e-05  eta: 1 day, 3:36:18  time: 1.1054  data_time: 0.0034  memory: 7765  grad_norm: 53.1852  loss: 9.3770  rpn_s.0.loss_cls: 0.6634  rpn_s.0.loss_bbox: 0.1210  rpn_s.0.loss_giou: 0.8944  rpn_s.1.loss_cls: 0.4807  rpn_s.1.loss_bbox: 0.0543  rpn_s.1.loss_giou: 0.4566  rpn_s.2.loss_cls: 0.4064  rpn_s.2.loss_bbox: 0.0456  rpn_s.2.loss_giou: 0.3944  rpn_s.3.loss_cls: 0.3722  rpn_s.3.loss_bbox: 0.0430  rpn_s.3.loss_giou: 0.3755  s0.loss_cls: 0.4480  s0.pos_acc: 100.0000  s0.loss_bbox: 0.5841  s0.loss_iou: 1.4847  s1.loss_cls: 0.4397  s1.pos_acc: 100.0000  s1.loss_bbox: 0.6186  s1.loss_iou: 1.4945
2026/03/27 05:05:40 - mmengine - INFO - Epoch(train)  [6][4600/5001]  lr: 2.5000e-05  eta: 1 day, 3:35:24  time: 1.1067  data_time: 0.0034  memory: 7765  grad_norm: 54.9225  loss: 9.1312  rpn_s.0.loss_cls: 0.6789  rpn_s.0.loss_bbox: 0.1155  rpn_s.0.loss_giou: 0.9071  rpn_s.1.loss_cls: 0.4768  rpn_s.1.loss_bbox: 0.0461  rpn_s.1.loss_giou: 0.4467  rpn_s.2.loss_cls: 0.4167  rpn_s.2.loss_bbox: 0.0378  rpn_s.2.loss_giou: 0.3852  rpn_s.3.loss_cls: 0.3688  rpn_s.3.loss_bbox: 0.0349  rpn_s.3.loss_giou: 0.3649  s0.loss_cls: 0.4541  s0.pos_acc: 73.3333  s0.loss_bbox: 0.5458  s0.loss_iou: 1.3932  s1.loss_cls: 0.4498  s1.pos_acc: 70.0000  s1.loss_bbox: 0.5805  s1.loss_iou: 1.4283
2026/03/27 05:06:36 - mmengine - INFO - Epoch(train)  [6][4650/5001]  lr: 2.5000e-05  eta: 1 day, 3:34:31  time: 1.1110  data_time: 0.0034  memory: 7765  grad_norm: 67.7328  loss: 8.8225  rpn_s.0.loss_cls: 0.6558  rpn_s.0.loss_bbox: 0.1099  rpn_s.0.loss_giou: 0.8029  rpn_s.1.loss_cls: 0.4739  rpn_s.1.loss_bbox: 0.0527  rpn_s.1.loss_giou: 0.4193  rpn_s.2.loss_cls: 0.4083  rpn_s.2.loss_bbox: 0.0461  rpn_s.2.loss_giou: 0.3708  rpn_s.3.loss_cls: 0.3688  rpn_s.3.loss_bbox: 0.0435  rpn_s.3.loss_giou: 0.3497  s0.loss_cls: 0.4229  s0.pos_acc: 20.0000  s0.loss_bbox: 0.5798  s0.loss_iou: 1.3444  s1.loss_cls: 0.4183  s1.pos_acc: 20.0000  s1.loss_bbox: 0.5898  s1.loss_iou: 1.3656
2026/03/27 05:07:31 - mmengine - INFO - Epoch(train)  [6][4700/5001]  lr: 2.5000e-05  eta: 1 day, 3:33:38  time: 1.1113  data_time: 0.0033  memory: 7765  grad_norm: 52.9586  loss: 9.7810  rpn_s.0.loss_cls: 0.6202  rpn_s.0.loss_bbox: 0.1125  rpn_s.0.loss_giou: 0.9054  rpn_s.1.loss_cls: 0.4326  rpn_s.1.loss_bbox: 0.0475  rpn_s.1.loss_giou: 0.4604  rpn_s.2.loss_cls: 0.3718  rpn_s.2.loss_bbox: 0.0405  rpn_s.2.loss_giou: 0.3890  rpn_s.3.loss_cls: 0.3359  rpn_s.3.loss_bbox: 0.0375  rpn_s.3.loss_giou: 0.3690  s0.loss_cls: 0.4654  s0.pos_acc: 55.2632  s0.loss_bbox: 0.6158  s0.loss_iou: 1.7380  s1.loss_cls: 0.4588  s1.pos_acc: 60.5263  s1.loss_bbox: 0.6199  s1.loss_iou: 1.7608
2026/03/27 05:08:27 - mmengine - INFO - Epoch(train)  [6][4750/5001]  lr: 2.5000e-05  eta: 1 day, 3:32:45  time: 1.1117  data_time: 0.0033  memory: 7765  grad_norm: 56.3461  loss: 8.2293  rpn_s.0.loss_cls: 0.6141  rpn_s.0.loss_bbox: 0.1087  rpn_s.0.loss_giou: 0.7892  rpn_s.1.loss_cls: 0.4252  rpn_s.1.loss_bbox: 0.0527  rpn_s.1.loss_giou: 0.4206  rpn_s.2.loss_cls: 0.3654  rpn_s.2.loss_bbox: 0.0458  rpn_s.2.loss_giou: 0.3667  rpn_s.3.loss_cls: 0.3403  rpn_s.3.loss_bbox: 0.0427  rpn_s.3.loss_giou: 0.3473  s0.loss_cls: 0.3684  s0.pos_acc: 80.0000  s0.loss_bbox: 0.5976  s0.loss_iou: 1.1669  s1.loss_cls: 0.3521  s1.pos_acc: 80.0000  s1.loss_bbox: 0.6220  s1.loss_iou: 1.2036
2026/03/27 05:09:22 - mmengine - INFO - Epoch(train)  [6][4800/5001]  lr: 2.5000e-05  eta: 1 day, 3:31:52  time: 1.1071  data_time: 0.0034  memory: 7765  grad_norm: 60.0568  loss: 8.4851  rpn_s.0.loss_cls: 0.6265  rpn_s.0.loss_bbox: 0.1139  rpn_s.0.loss_giou: 0.7822  rpn_s.1.loss_cls: 0.4704  rpn_s.1.loss_bbox: 0.0529  rpn_s.1.loss_giou: 0.4183  rpn_s.2.loss_cls: 0.3932  rpn_s.2.loss_bbox: 0.0449  rpn_s.2.loss_giou: 0.3760  rpn_s.3.loss_cls: 0.3625  rpn_s.3.loss_bbox: 0.0409  rpn_s.3.loss_giou: 0.3514  s0.loss_cls: 0.3882  s0.pos_acc: 79.1667  s0.loss_bbox: 0.6202  s0.loss_iou: 1.2122  s1.loss_cls: 0.3922  s1.pos_acc: 66.6667  s1.loss_bbox: 0.6150  s1.loss_iou: 1.2245
2026/03/27 05:10:17 - mmengine - INFO - Epoch(train)  [6][4850/5001]  lr: 2.5000e-05  eta: 1 day, 3:30:57  time: 1.1002  data_time: 0.0034  memory: 7764  grad_norm: 57.3167  loss: 7.6980  rpn_s.0.loss_cls: 0.5964  rpn_s.0.loss_bbox: 0.1106  rpn_s.0.loss_giou: 0.6758  rpn_s.1.loss_cls: 0.4510  rpn_s.1.loss_bbox: 0.0546  rpn_s.1.loss_giou: 0.3647  rpn_s.2.loss_cls: 0.3856  rpn_s.2.loss_bbox: 0.0453  rpn_s.2.loss_giou: 0.3172  rpn_s.3.loss_cls: 0.3519  rpn_s.3.loss_bbox: 0.0432  rpn_s.3.loss_giou: 0.3002  s0.loss_cls: 0.3659  s0.pos_acc: 57.1429  s0.loss_bbox: 0.5443  s0.loss_iou: 1.0573  s1.loss_cls: 0.3851  s1.pos_acc: 57.1429  s1.loss_bbox: 0.5619  s1.loss_iou: 1.0871
2026/03/27 05:11:12 - mmengine - INFO - Epoch(train)  [6][4900/5001]  lr: 2.5000e-05  eta: 1 day, 3:30:03  time: 1.1030  data_time: 0.0034  memory: 7765  grad_norm: 55.5220  loss: 9.5078  rpn_s.0.loss_cls: 0.6396  rpn_s.0.loss_bbox: 0.1184  rpn_s.0.loss_giou: 0.8580  rpn_s.1.loss_cls: 0.4534  rpn_s.1.loss_bbox: 0.0499  rpn_s.1.loss_giou: 0.4178  rpn_s.2.loss_cls: 0.3838  rpn_s.2.loss_bbox: 0.0425  rpn_s.2.loss_giou: 0.3576  rpn_s.3.loss_cls: 0.3546  rpn_s.3.loss_bbox: 0.0398  rpn_s.3.loss_giou: 0.3343  s0.loss_cls: 0.4555  s0.pos_acc: 60.5263  s0.loss_bbox: 0.7278  s0.loss_iou: 1.5485  s1.loss_cls: 0.4465  s1.pos_acc: 63.1579  s1.loss_bbox: 0.7332  s1.loss_iou: 1.5468
2026/03/27 05:12:07 - mmengine - INFO - Epoch(train)  [6][4950/5001]  lr: 2.5000e-05  eta: 1 day, 3:29:07  time: 1.0933  data_time: 0.0033  memory: 7765  grad_norm: 63.4166  loss: 8.5528  rpn_s.0.loss_cls: 0.5959  rpn_s.0.loss_bbox: 0.1136  rpn_s.0.loss_giou: 0.7502  rpn_s.1.loss_cls: 0.4333  rpn_s.1.loss_bbox: 0.0591  rpn_s.1.loss_giou: 0.4118  rpn_s.2.loss_cls: 0.3597  rpn_s.2.loss_bbox: 0.0535  rpn_s.2.loss_giou: 0.3634  rpn_s.3.loss_cls: 0.3203  rpn_s.3.loss_bbox: 0.0510  rpn_s.3.loss_giou: 0.3483  s0.loss_cls: 0.3924  s0.pos_acc: 83.3333  s0.loss_bbox: 0.6691  s0.loss_iou: 1.2657  s1.loss_cls: 0.3800  s1.pos_acc: 83.3333  s1.loss_bbox: 0.7107  s1.loss_iou: 1.2748
2026/03/27 05:12:56 - mmengine - INFO - Exp name: GSDet_r50_b900_h2h4_h2r1_r2r1_2x_fair1m1.0_20260326_200141
2026/03/27 05:13:01 - mmengine - INFO - Epoch(train)  [6][5000/5001]  lr: 2.5000e-05  eta: 1 day, 3:28:10  time: 1.0867  data_time: 0.0033  memory: 7765  grad_norm: 52.8694  loss: 8.7083  rpn_s.0.loss_cls: 0.6364  rpn_s.0.loss_bbox: 0.1116  rpn_s.0.loss_giou: 0.8119  rpn_s.1.loss_cls: 0.4633  rpn_s.1.loss_bbox: 0.0507  rpn_s.1.loss_giou: 0.4161  rpn_s.2.loss_cls: 0.3944  rpn_s.2.loss_bbox: 0.0438  rpn_s.2.loss_giou: 0.3614  rpn_s.3.loss_cls: 0.3583  rpn_s.3.loss_bbox: 0.0406  rpn_s.3.loss_giou: 0.3408  s0.loss_cls: 0.4318  s0.pos_acc: 66.6667  s0.loss_bbox: 0.5758  s0.loss_iou: 1.3286  s1.loss_cls: 0.4272  s1.pos_acc: 66.6667  s1.loss_bbox: 0.5784  s1.loss_iou: 1.3372
2026/03/27 05:13:02 - mmengine - INFO - Exp name: GSDet_r50_b900_h2h4_h2r1_r2r1_2x_fair1m1.0_20260326_200141
2026/03/27 05:13:02 - mmengine - INFO - Saving checkpoint at 6 epochs
2026/03/27 05:13:38 - mmengine - INFO - Epoch(val)  [6][  50/2859]    eta: 0:30:59  time: 0.6621  data_time: 0.0125  memory: 7764  
2026/03/27 05:14:10 - mmengine - INFO - Epoch(val)  [6][ 100/2859]    eta: 0:30:18  time: 0.6563  data_time: 0.0029  memory: 3026  
2026/03/27 05:14:44 - mmengine - INFO - Epoch(val)  [6][ 150/2859]    eta: 0:29:46  time: 0.6603  data_time: 0.0029  memory: 3026  
2026/03/27 05:15:17 - mmengine - INFO - Epoch(val)  [6][ 200/2859]    eta: 0:29:18  time: 0.6668  data_time: 0.0032  memory: 3026  
2026/03/27 05:15:51 - mmengine - INFO - Epoch(val)  [6][ 250/2859]    eta: 0:28:53  time: 0.6771  data_time: 0.0032  memory: 3026  
2026/03/27 05:16:25 - mmengine - INFO - Epoch(val)  [6][ 300/2859]    eta: 0:28:30  time: 0.6890  data_time: 0.0032  memory: 3026  
2026/03/27 05:17:00 - mmengine - INFO - Epoch(val)  [6][ 350/2859]    eta: 0:28:07  time: 0.6974  data_time: 0.0033  memory: 3026  
2026/03/27 05:17:35 - mmengine - INFO - Epoch(val)  [6][ 400/2859]    eta: 0:27:44  time: 0.7051  data_time: 0.0032  memory: 3026  
2026/03/27 05:18:11 - mmengine - INFO - Epoch(val)  [6][ 450/2859]    eta: 0:27:19  time: 0.7124  data_time: 0.0032  memory: 3026  
2026/03/27 05:18:47 - mmengine - INFO - Epoch(val)  [6][ 500/2859]    eta: 0:26:54  time: 0.7183  data_time: 0.0032  memory: 3026  
2026/03/27 05:19:23 - mmengine - INFO - Epoch(val)  [6][ 550/2859]    eta: 0:26:28  time: 0.7238  data_time: 0.0033  memory: 3026  
2026/03/27 05:19:59 - mmengine - INFO - Epoch(val)  [6][ 600/2859]    eta: 0:26:01  time: 0.7272  data_time: 0.0031  memory: 3026  
2026/03/27 05:20:36 - mmengine - INFO - Epoch(val)  [6][ 650/2859]    eta: 0:25:34  time: 0.7324  data_time: 0.0032  memory: 3026  
2026/03/27 05:21:13 - mmengine - INFO - Epoch(val)  [6][ 700/2859]    eta: 0:25:04  time: 0.7304  data_time: 0.0031  memory: 3026  
2026/03/27 05:21:49 - mmengine - INFO - Epoch(val)  [6][ 750/2859]    eta: 0:24:35  time: 0.7329  data_time: 0.0031  memory: 3026  
2026/03/27 05:22:26 - mmengine - INFO - Epoch(val)  [6][ 800/2859]    eta: 0:24:04  time: 0.7299  data_time: 0.0032  memory: 3026  
2026/03/27 05:23:02 - mmengine - INFO - Epoch(val)  [6][ 850/2859]    eta: 0:23:32  time: 0.7305  data_time: 0.0032  memory: 3026  
2026/03/27 05:23:38 - mmengine - INFO - Epoch(val)  [6][ 900/2859]    eta: 0:22:59  time: 0.7258  data_time: 0.0031  memory: 3026  
2026/03/27 05:24:14 - mmengine - INFO - Epoch(val)  [6][ 950/2859]    eta: 0:22:25  time: 0.7097  data_time: 0.0031  memory: 3026  
2026/03/27 05:24:49 - mmengine - INFO - Epoch(val)  [6][1000/2859]    eta: 0:21:48  time: 0.6932  data_time: 0.0032  memory: 3026  
2026/03/27 05:25:23 - mmengine - INFO - Epoch(val)  [6][1050/2859]    eta: 0:21:11  time: 0.6778  data_time: 0.0033  memory: 3026  
2026/03/27 05:25:56 - mmengine - INFO - Epoch(val)  [6][1100/2859]    eta: 0:20:33  time: 0.6711  data_time: 0.0032  memory: 3026  
2026/03/27 05:26:29 - mmengine - INFO - Epoch(val)  [6][1150/2859]    eta: 0:19:55  time: 0.6631  data_time: 0.0032  memory: 3026  
2026/03/27 05:27:02 - mmengine - INFO - Epoch(val)  [6][1200/2859]    eta: 0:19:17  time: 0.6569  data_time: 0.0032  memory: 3026  
2026/03/27 05:27:34 - mmengine - INFO - Epoch(val)  [6][1250/2859]    eta: 0:18:39  time: 0.6486  data_time: 0.0031  memory: 3026  
2026/03/27 05:28:07 - mmengine - INFO - Epoch(val)  [6][1300/2859]    eta: 0:18:01  time: 0.6463  data_time: 0.0030  memory: 3026  
2026/03/27 05:28:39 - mmengine - INFO - Epoch(val)  [6][1350/2859]    eta: 0:17:24  time: 0.6385  data_time: 0.0031  memory: 3026  
2026/03/27 05:29:11 - mmengine - INFO - Epoch(val)  [6][1400/2859]    eta: 0:16:46  time: 0.6365  data_time: 0.0031  memory: 3026  
2026/03/27 05:29:42 - mmengine - INFO - Epoch(val)  [6][1450/2859]    eta: 0:16:09  time: 0.6298  data_time: 0.0031  memory: 3026  
2026/03/27 05:30:13 - mmengine - INFO - Epoch(val)  [6][1500/2859]    eta: 0:15:32  time: 0.6265  data_time: 0.0031  memory: 3026  
2026/03/27 05:30:45 - mmengine - INFO - Epoch(val)  [6][1550/2859]    eta: 0:14:55  time: 0.6250  data_time: 0.0031  memory: 3026  
2026/03/27 05:31:16 - mmengine - INFO - Epoch(val)  [6][1600/2859]    eta: 0:14:18  time: 0.6245  data_time: 0.0031  memory: 3026  
2026/03/27 05:31:47 - mmengine - INFO - Epoch(val)  [6][1650/2859]    eta: 0:13:42  time: 0.6182  data_time: 0.0031  memory: 3026  
2026/03/27 05:32:18 - mmengine - INFO - Epoch(val)  [6][1700/2859]    eta: 0:13:06  time: 0.6206  data_time: 0.0031  memory: 3026  
2026/03/27 05:32:49 - mmengine - INFO - Epoch(val)  [6][1750/2859]    eta: 0:12:30  time: 0.6173  data_time: 0.0031  memory: 3026  
