2026/03/31 16:59:21 - mmengine - INFO - 
------------------------------------------------------------
System environment:
    sys.platform: linux
    Python: 3.10.20 (main, Mar 11 2026, 17:46:40) [GCC 14.3.0]
    CUDA available: True
    MUSA available: False
    numpy_random_seed: 927138931
    GPU 0: NVIDIA GeForce RTX 3080 Ti
    CUDA_HOME: /usr/local/cuda
    NVCC: Cuda compilation tools, release 11.4, V11.4.48
    GCC: gcc (Ubuntu 9.4.0-1ubuntu1~20.04.2) 9.4.0
    PyTorch: 2.4.0+cu121
    PyTorch compiling details: PyTorch built with:
  - GCC 9.3
  - C++ Version: 201703
  - Intel(R) oneAPI Math Kernel Library Version 2022.2-Product Build 20220804 for Intel(R) 64 architecture applications
  - Intel(R) MKL-DNN v3.4.2 (Git Hash 1137e04ec0b5251ca2b4400a4fd3c667ce843d67)
  - OpenMP 201511 (a.k.a. OpenMP 4.5)
  - LAPACK is enabled (usually provided by MKL)
  - NNPACK is enabled
  - CPU capability usage: AVX512
  - CUDA Runtime 12.1
  - NVCC architecture flags: -gencode;arch=compute_50,code=sm_50;-gencode;arch=compute_60,code=sm_60;-gencode;arch=compute_70,code=sm_70;-gencode;arch=compute_75,code=sm_75;-gencode;arch=compute_80,code=sm_80;-gencode;arch=compute_86,code=sm_86;-gencode;arch=compute_90,code=sm_90
  - CuDNN 90.1  (built against CUDA 12.4)
  - Magma 2.6.1
  - Build settings: BLAS_INFO=mkl, BUILD_TYPE=Release, CUDA_VERSION=12.1, CUDNN_VERSION=9.1.0, CXX_COMPILER=/opt/rh/devtoolset-9/root/usr/bin/c++, CXX_FLAGS= -D_GLIBCXX_USE_CXX11_ABI=0 -fabi-version=11 -fvisibility-inlines-hidden -DUSE_PTHREADPOOL -DNDEBUG -DUSE_KINETO -DLIBKINETO_NOROCTRACER -DUSE_FBGEMM -DUSE_PYTORCH_QNNPACK -DUSE_XNNPACK -DSYMBOLICATE_MOBILE_DEBUG_HANDLE -O2 -fPIC -Wall -Wextra -Werror=return-type -Werror=non-virtual-dtor -Werror=bool-operation -Wnarrowing -Wno-missing-field-initializers -Wno-type-limits -Wno-array-bounds -Wno-unknown-pragmas -Wno-unused-parameter -Wno-unused-function -Wno-unused-result -Wno-strict-overflow -Wno-strict-aliasing -Wno-stringop-overflow -Wsuggest-override -Wno-psabi -Wno-error=pedantic -Wno-error=old-style-cast -Wno-missing-braces -fdiagnostics-color=always -faligned-new -Wno-unused-but-set-variable -Wno-maybe-uninitialized -fno-math-errno -fno-trapping-math -Werror=format -Wno-stringop-overflow, LAPACK_INFO=mkl, PERF_WITH_AVX=1, PERF_WITH_AVX2=1, PERF_WITH_AVX512=1, TORCH_VERSION=2.4.0, USE_CUDA=ON, USE_CUDNN=ON, USE_CUSPARSELT=1, USE_EXCEPTION_PTR=1, USE_GFLAGS=OFF, USE_GLOG=OFF, USE_GLOO=ON, USE_MKL=ON, USE_MKLDNN=ON, USE_MPI=OFF, USE_NCCL=1, USE_NNPACK=ON, USE_OPENMP=ON, USE_ROCM=OFF, USE_ROCM_KERNEL_ASSERT=OFF, 

    TorchVision: 0.19.0+cu121
    OpenCV: 4.13.0
    MMEngine: 0.10.7

Runtime environment:
    cudnn_benchmark: False
    mp_cfg: {'mp_start_method': 'fork', 'opencv_num_threads': 0}
    dist_cfg: {'backend': 'nccl'}
    seed: 927138931
    Distributed launcher: none
    Distributed training: False
    GPU number: 1
------------------------------------------------------------

2026/03/31 16:59:21 - mmengine - INFO - Config:
angle_version = 'le90'
auto_scale_lr = dict(base_batch_size=4, enable=False)
backend_args = None
custom_imports = dict(
    allow_failed_imports=False, imports=[
        'projects.GSDet_baseline.gsdet',
    ])
data_root = 'data/split_ss_fair1m1.0/'
dataset_type = 'FAIRDataset'
default_hooks = dict(
    checkpoint=dict(interval=1, type='CheckpointHook'),
    logger=dict(interval=50, type='LoggerHook'),
    param_scheduler=dict(type='ParamSchedulerHook'),
    sampler_seed=dict(type='DistSamplerSeedHook'),
    timer=dict(type='IterTimerHook'),
    visualization=dict(type='mmdet.DetVisualizationHook'))
default_scope = 'mmrotate'
env_cfg = dict(
    cudnn_benchmark=False,
    dist_cfg=dict(backend='nccl'),
    mp_cfg=dict(mp_start_method='fork', opencv_num_threads=0))
hbox2hbox = 4
hbox2rbox = 1
launcher = 'none'
load_from = 'work_dirs/rediffdet_fair1m1.0/epoch_25.pth'
log_level = 'INFO'
log_processor = dict(by_epoch=True, type='LogProcessor', window_size=50)
model = dict(
    backbone=dict(
        depth=50,
        frozen_stages=1,
        norm_cfg=dict(requires_grad=True, type='BN'),
        norm_eval=True,
        num_stages=4,
        out_indices=(
            0,
            1,
            2,
            3,
        ),
        style='pytorch',
        type='mmdet.ResNet'),
    data_preprocessor=dict(
        bgr_to_rgb=True,
        boxtype2tensor=False,
        mean=[
            123.675,
            116.28,
            103.53,
        ],
        pad_size_divisor=32,
        std=[
            58.395,
            57.12,
            57.375,
        ],
        type='mmdet.DetDataPreprocessor'),
    init_cfg=dict(
        checkpoint=
        'https://www.modelscope.cn/models/wokaikaixinxin/ai4rs/resolve/master/GSDet_baseline/pretrain/diffusiondet_r50_fpn_500-proposals_1-step_crop-ms-480-800-450k_coco_new2.pth',
        type='Pretrained'),
    neck=dict(
        in_channels=[
            256,
            512,
            1024,
            2048,
        ],
        num_outs=5,
        out_channels=256,
        type='mmdet.FPN'),
    roi_head=dict(
        angle_version='le90',
        bbox_head=[
            dict(
                act_cfg=dict(inplace=True, type='ReLU'),
                angle_version='le90',
                bbox_coder=dict(
                    angle_version='le90',
                    target_means=[
                        0.0,
                        0.0,
                        0.0,
                        0.0,
                        0.0,
                        0.0,
                    ],
                    target_stds=[
                        0.1,
                        0.1,
                        0.1,
                        0.1,
                        0.1,
                        0.1,
                    ],
                    type='MidpointOffsetCoderv2',
                    use_box_type=False),
                cls_predictor_cfg=dict(type='mmdet.Linear'),
                dim_feedforward=2048,
                dropout=0.0,
                dynamic_conv=dict(dynamic_dim=64, dynamic_num=2),
                feat_channels=256,
                loss_bbox=dict(loss_weight=2.0, type='mmdet.L1Loss'),
                loss_cls=dict(
                    alpha=0.25,
                    gamma=2.0,
                    loss_weight=2.0,
                    type='mmdet.FocalLoss',
                    use_sigmoid=True),
                loss_iou=dict(
                    loss_weight=5.0, mode='linear', type='RotatedIoULoss'),
                num_classes=37,
                num_cls_convs=1,
                num_heads=8,
                num_reg_convs=3,
                pooler_resolution=7,
                reg_predictor_cfg=dict(type='mmdet.Linear'),
                type='Hbox2RboxLayer'),
            dict(
                act_cfg=dict(inplace=True, type='ReLU'),
                angle_version='le90',
                bbox_coder=dict(
                    angle_version='le90',
                    edge_swap=True,
                    norm_factor=None,
                    proj_xy=True,
                    target_means=(
                        0.0,
                        0.0,
                        0.0,
                        0.0,
                        0.0,
                    ),
                    target_stds=(
                        1.0,
                        1.0,
                        1.0,
                        1.0,
                        1.0,
                    ),
                    type='DeltaXYWHTRBBoxCoder',
                    use_box_type=False),
                cls_predictor_cfg=dict(type='mmdet.Linear'),
                dim_feedforward=2048,
                dropout=0.0,
                dynamic_conv=dict(dynamic_dim=64, dynamic_num=2),
                feat_channels=256,
                loss_bbox=dict(loss_weight=2.0, type='mmdet.L1Loss'),
                loss_cls=dict(
                    alpha=0.25,
                    gamma=2.0,
                    loss_weight=2.0,
                    type='mmdet.FocalLoss',
                    use_sigmoid=True),
                loss_iou=dict(
                    loss_weight=5.0, mode='linear', type='RotatedIoULoss'),
                num_classes=37,
                num_cls_convs=1,
                num_heads=8,
                num_reg_convs=3,
                pooler_resolution=7,
                reg_predictor_cfg=dict(type='mmdet.Linear'),
                type='Rbox2RboxLayer'),
        ],
        bbox_roi_extractor=[
            dict(
                featmap_strides=[
                    4,
                    8,
                    16,
                    32,
                ],
                out_channels=256,
                roi_layer=dict(
                    output_size=7, sampling_ratio=0, type='RoIAlign'),
                type='mmdet.SingleRoIExtractor'),
            dict(
                featmap_strides=[
                    4,
                    8,
                    16,
                    32,
                ],
                out_channels=256,
                roi_layer=dict(
                    clockwise=True,
                    out_size=7,
                    sample_num=2,
                    type='RoIAlignRotated'),
                type='RotatedSingleRoIExtractor'),
        ],
        num_proposals=900,
        num_stages=2,
        stage_loss_weights=[
            1,
            1,
        ],
        type='Decoder'),
    rpn_head=dict(
        criterion=dict(
            assigner=dict(
                candidate_topk=5,
                center_radius=2.5,
                match_costs=[
                    dict(
                        alpha=0.25,
                        eps=1e-08,
                        gamma=2.0,
                        type='mmdet.FocalLossCost',
                        weight=2.0),
                    dict(
                        box_format='xyxy', type='mmdet.BBoxL1Cost',
                        weight=5.0),
                    dict(iou_mode='giou', type='mmdet.IoUCost', weight=2.0),
                ],
                type='Hbox2HboxLayerMatcher'),
            loss_bbox=dict(
                loss_weight=5.0, reduction='sum', type='mmdet.L1Loss'),
            loss_cls=dict(
                alpha=0.25,
                gamma=2.0,
                loss_weight=2.0,
                reduction='sum',
                type='mmdet.FocalLoss',
                use_sigmoid=True),
            loss_giou=dict(
                loss_weight=2.0, reduction='sum', type='mmdet.GIoULoss'),
            num_classes=37,
            type='Hbox2HboxLayerCriterion'),
        deep_supervision=True,
        feat_channels=256,
        num_classes=37,
        num_heads=4,
        num_proposals=900,
        prior_prob=0.01,
        roi_extractor=dict(
            featmap_strides=[
                4,
                8,
                16,
                32,
                64,
            ],
            out_channels=256,
            roi_layer=dict(output_size=7, sampling_ratio=2, type='RoIAlign'),
            type='mmdet.SingleRoIExtractor'),
        single_head=dict(
            act_cfg=dict(inplace=True, type='ReLU'),
            dim_feedforward=2048,
            dropout=0.0,
            dynamic_conv=dict(dynamic_dim=64, dynamic_num=2),
            num_cls_convs=1,
            num_heads=8,
            num_reg_convs=3,
            type='SingleHbox2HboxHead'),
        type='Hbox2HboxLayer'),
    test_cfg=dict(
        rcnn=dict(
            max_per_img=900,
            nms=dict(iou_threshold=0.6, type='nms_rotated'),
            use_nms=True),
        rpn=None),
    train_cfg=dict(
        rcnn=[
            dict(
                assigner=dict(
                    cls_cost=dict(type='mmdet.FocalLossCost', weight=2.0),
                    iou_cost=dict(
                        iou_mode='iou', type='RotatedIoUCost', weight=5.0),
                    reg_cost=dict(
                        angle_version='le90',
                        box_format='xywht',
                        type='RBBoxL1Cost',
                        weight=2.0),
                    topk=2,
                    type='TopkHungarianAssigner'),
                pos_weight=1,
                sampler=dict(type='mmdet.PseudoSampler')),
            dict(
                assigner=dict(
                    cls_cost=dict(type='mmdet.FocalLossCost', weight=2.0),
                    iou_cost=dict(
                        iou_mode='iou', type='RotatedIoUCost', weight=5.0),
                    reg_cost=dict(
                        angle_version='le90',
                        box_format='xywht',
                        type='RBBoxL1Cost',
                        weight=2.0),
                    topk=2,
                    type='TopkHungarianAssigner'),
                pos_weight=1,
                sampler=dict(type='mmdet.PseudoSampler')),
        ],
        rpn=None),
    type='GSDet')
num_classes = 37
num_proposals = 900
optim_wrapper = dict(
    clip_grad=dict(max_norm=80, norm_type=2),
    optimizer=dict(lr=5e-06, type='AdamW', weight_decay=0.0001),
    type='OptimWrapper')
param_scheduler = None
pretrain = 'https://www.modelscope.cn/models/wokaikaixinxin/ai4rs/resolve/master/GSDet_baseline/pretrain/diffusiondet_r50_fpn_500-proposals_1-step_crop-ms-480-800-450k_coco_new2.pth'
rbox2rbox = 1
resume = False
test_cfg = dict(type='TestLoop')
test_dataloader = dict(
    batch_size=4,
    dataset=dict(
        data_prefix=dict(img_path='test/images/'),
        data_root='data/split_ss_fair1m1.0/',
        pipeline=[
            dict(backend_args=None, type='mmdet.LoadImageFromFile'),
            dict(keep_ratio=True, scale=(
                1024,
                1024,
            ), type='mmdet.Resize'),
            dict(
                meta_keys=(
                    'img_id',
                    'img_path',
                    'ori_shape',
                    'img_shape',
                    'scale_factor',
                ),
                type='mmdet.PackDetInputs'),
        ],
        test_mode=True,
        type='FAIRDataset'),
    drop_last=False,
    num_workers=2,
    persistent_workers=True,
    sampler=dict(shuffle=False, type='DefaultSampler'))
test_evaluator = dict(
    format_only=True,
    merge_patches=True,
    outfile_prefix='./work_dirs/fair1m1.0/Task1',
    type='FAIRMetric')
test_pipeline = [
    dict(backend_args=None, type='mmdet.LoadImageFromFile'),
    dict(keep_ratio=True, scale=(
        1024,
        1024,
    ), type='mmdet.Resize'),
    dict(
        meta_keys=(
            'img_id',
            'img_path',
            'ori_shape',
            'img_shape',
            'scale_factor',
        ),
        type='mmdet.PackDetInputs'),
]
train_cfg = dict(max_epochs=12, type='EpochBasedTrainLoop', val_interval=1)
train_dataloader = dict(
    batch_sampler=None,
    batch_size=2,
    dataset=dict(
        ann_file='train/annfiles/',
        data_prefix=dict(img_path='train/images/'),
        data_root='data/split_ss_fair1m1.0/',
        filter_cfg=dict(filter_empty_gt=True),
        pipeline=[
            dict(backend_args=None, type='mmdet.LoadImageFromFile'),
            dict(
                box_type='qbox', type='mmdet.LoadAnnotations', with_bbox=True),
            dict(
                box_type_mapping=dict(gt_bboxes='rbox'),
                type='ConvertBoxType'),
            dict(keep_ratio=True, scale=(
                1024,
                1024,
            ), type='mmdet.Resize'),
            dict(
                direction=[
                    'horizontal',
                    'vertical',
                    'diagonal',
                ],
                prob=0.75,
                type='mmdet.RandomFlip'),
            dict(type='mmdet.PackDetInputs'),
        ],
        type='FAIRDataset'),
    num_workers=2,
    persistent_workers=True,
    sampler=dict(shuffle=True, type='DefaultSampler'))
train_pipeline = [
    dict(backend_args=None, type='mmdet.LoadImageFromFile'),
    dict(box_type='qbox', type='mmdet.LoadAnnotations', with_bbox=True),
    dict(box_type_mapping=dict(gt_bboxes='rbox'), type='ConvertBoxType'),
    dict(keep_ratio=True, scale=(
        1024,
        1024,
    ), type='mmdet.Resize'),
    dict(
        direction=[
            'horizontal',
            'vertical',
            'diagonal',
        ],
        prob=0.75,
        type='mmdet.RandomFlip'),
    dict(type='mmdet.PackDetInputs'),
]
val_cfg = dict(type='ValLoop')
val_dataloader = dict(
    batch_size=4,
    dataset=dict(
        ann_file='train/annfiles/',
        data_prefix=dict(img_path='train/images/'),
        data_root='data/split_ss_fair1m1.0/',
        pipeline=[
            dict(backend_args=None, type='mmdet.LoadImageFromFile'),
            dict(keep_ratio=True, scale=(
                1024,
                1024,
            ), type='mmdet.Resize'),
            dict(
                box_type='qbox', type='mmdet.LoadAnnotations', with_bbox=True),
            dict(
                box_type_mapping=dict(gt_bboxes='rbox'),
                type='ConvertBoxType'),
            dict(
                meta_keys=(
                    'img_id',
                    'img_path',
                    'ori_shape',
                    'img_shape',
                    'scale_factor',
                ),
                type='mmdet.PackDetInputs'),
        ],
        test_mode=True,
        type='FAIRDataset'),
    drop_last=False,
    num_workers=2,
    persistent_workers=True,
    sampler=dict(shuffle=False, type='DefaultSampler'))
val_evaluator = dict(metric='mAP', type='FAIRMetric')
val_pipeline = [
    dict(backend_args=None, type='mmdet.LoadImageFromFile'),
    dict(keep_ratio=True, scale=(
        1024,
        1024,
    ), type='mmdet.Resize'),
    dict(box_type='qbox', type='mmdet.LoadAnnotations', with_bbox=True),
    dict(box_type_mapping=dict(gt_bboxes='rbox'), type='ConvertBoxType'),
    dict(
        meta_keys=(
            'img_id',
            'img_path',
            'ori_shape',
            'img_shape',
            'scale_factor',
        ),
        type='mmdet.PackDetInputs'),
]
vis_backends = [
    dict(type='LocalVisBackend'),
]
visualizer = dict(
    name='visualizer',
    type='RotLocalVisualizer',
    vis_backends=[
        dict(type='LocalVisBackend'),
    ])
work_dir = 'work_dirs/rediffdet_fair1m_stage2'

2026/03/31 16:59:23 - mmengine - INFO - Distributed training is not used, all SyncBatchNorm (SyncBN) layers in the model will be automatically reverted to BatchNormXd layers if they are used.
2026/03/31 16:59:23 - mmengine - INFO - Hooks will be executed in the following order:
before_run:
(VERY_HIGH   ) RuntimeInfoHook                    
(BELOW_NORMAL) LoggerHook                         
 -------------------- 
before_train:
(VERY_HIGH   ) RuntimeInfoHook                    
(NORMAL      ) IterTimerHook                      
(VERY_LOW    ) CheckpointHook                     
 -------------------- 
before_train_epoch:
(VERY_HIGH   ) RuntimeInfoHook                    
(NORMAL      ) IterTimerHook                      
(NORMAL      ) DistSamplerSeedHook                
 -------------------- 
before_train_iter:
(VERY_HIGH   ) RuntimeInfoHook                    
(NORMAL      ) IterTimerHook                      
 -------------------- 
after_train_iter:
(VERY_HIGH   ) RuntimeInfoHook                    
(NORMAL      ) IterTimerHook                      
(BELOW_NORMAL) LoggerHook                         
(LOW         ) ParamSchedulerHook                 
(VERY_LOW    ) CheckpointHook                     
 -------------------- 
after_train_epoch:
(NORMAL      ) IterTimerHook                      
(LOW         ) ParamSchedulerHook                 
(VERY_LOW    ) CheckpointHook                     
 -------------------- 
before_val:
(VERY_HIGH   ) RuntimeInfoHook                    
 -------------------- 
before_val_epoch:
(NORMAL      ) IterTimerHook                      
 -------------------- 
before_val_iter:
(NORMAL      ) IterTimerHook                      
 -------------------- 
after_val_iter:
(NORMAL      ) IterTimerHook                      
(NORMAL      ) DetVisualizationHook               
(BELOW_NORMAL) LoggerHook                         
 -------------------- 
after_val_epoch:
(VERY_HIGH   ) RuntimeInfoHook                    
(NORMAL      ) IterTimerHook                      
(BELOW_NORMAL) LoggerHook                         
(LOW         ) ParamSchedulerHook                 
(VERY_LOW    ) CheckpointHook                     
 -------------------- 
after_val:
(VERY_HIGH   ) RuntimeInfoHook                    
 -------------------- 
after_train:
(VERY_HIGH   ) RuntimeInfoHook                    
(VERY_LOW    ) CheckpointHook                     
 -------------------- 
before_test:
(VERY_HIGH   ) RuntimeInfoHook                    
 -------------------- 
before_test_epoch:
(NORMAL      ) IterTimerHook                      
 -------------------- 
before_test_iter:
(NORMAL      ) IterTimerHook                      
 -------------------- 
after_test_iter:
(NORMAL      ) IterTimerHook                      
(NORMAL      ) DetVisualizationHook               
(BELOW_NORMAL) LoggerHook                         
 -------------------- 
after_test_epoch:
(VERY_HIGH   ) RuntimeInfoHook                    
(NORMAL      ) IterTimerHook                      
(BELOW_NORMAL) LoggerHook                         
 -------------------- 
after_test:
(VERY_HIGH   ) RuntimeInfoHook                    
 -------------------- 
after_run:
(BELOW_NORMAL) LoggerHook                         
 -------------------- 
2026/03/31 16:59:27 - mmengine - WARNING - Failed to search registry with scope "mmrotate" in the "optim_wrapper" registry tree. As a workaround, the current "optim_wrapper" registry in "mmengine" is used to build instance. This may cause unexpected failure when running the built modules. Please check whether "mmrotate" is a correct scope, or whether the registry is initialized.
2026/03/31 16:59:31 - mmengine - INFO - load model from: https://www.modelscope.cn/models/wokaikaixinxin/ai4rs/resolve/master/GSDet_baseline/pretrain/diffusiondet_r50_fpn_500-proposals_1-step_crop-ms-480-800-450k_coco_new2.pth
2026/03/31 16:59:31 - mmengine - INFO - Loads checkpoint by http backend from path: https://www.modelscope.cn/models/wokaikaixinxin/ai4rs/resolve/master/GSDet_baseline/pretrain/diffusiondet_r50_fpn_500-proposals_1-step_crop-ms-480-800-450k_coco_new2.pth
2026/03/31 16:59:31 - mmengine - WARNING - The model and loaded state dict do not match exactly

size mismatch for rpn_head.head_series.0.class_logits.weight: copying a param with shape torch.Size([80, 256]) from checkpoint, the shape in current model is torch.Size([37, 256]).
size mismatch for rpn_head.head_series.0.class_logits.bias: copying a param with shape torch.Size([80]) from checkpoint, the shape in current model is torch.Size([37]).
size mismatch for rpn_head.head_series.1.class_logits.weight: copying a param with shape torch.Size([80, 256]) from checkpoint, the shape in current model is torch.Size([37, 256]).
size mismatch for rpn_head.head_series.1.class_logits.bias: copying a param with shape torch.Size([80]) from checkpoint, the shape in current model is torch.Size([37]).
size mismatch for rpn_head.head_series.2.class_logits.weight: copying a param with shape torch.Size([80, 256]) from checkpoint, the shape in current model is torch.Size([37, 256]).
size mismatch for rpn_head.head_series.2.class_logits.bias: copying a param with shape torch.Size([80]) from checkpoint, the shape in current model is torch.Size([37]).
size mismatch for rpn_head.head_series.3.class_logits.weight: copying a param with shape torch.Size([80, 256]) from checkpoint, the shape in current model is torch.Size([37, 256]).
size mismatch for rpn_head.head_series.3.class_logits.bias: copying a param with shape torch.Size([80]) from checkpoint, the shape in current model is torch.Size([37]).
unexpected key in source state_dict: bbox_head.betas, bbox_head.alphas_cumprod, bbox_head.alphas_cumprod_prev, bbox_head.sqrt_alphas_cumprod, bbox_head.sqrt_one_minus_alphas_cumprod, bbox_head.log_one_minus_alphas_cumprod, bbox_head.sqrt_recip_alphas_cumprod, bbox_head.sqrt_recipm1_alphas_cumprod, bbox_head.posterior_variance, bbox_head.posterior_log_variance_clipped, bbox_head.posterior_mean_coef1, bbox_head.posterior_mean_coef2, bbox_head.head_series.4.self_attn.in_proj_weight, bbox_head.head_series.4.self_attn.in_proj_bias, bbox_head.head_series.4.self_attn.out_proj.weight, bbox_head.head_series.4.self_attn.out_proj.bias, bbox_head.head_series.4.inst_interact.dynamic_layer.weight, bbox_head.head_series.4.inst_interact.dynamic_layer.bias, bbox_head.head_series.4.inst_interact.norm1.weight, bbox_head.head_series.4.inst_interact.norm1.bias, bbox_head.head_series.4.inst_interact.norm2.weight, bbox_head.head_series.4.inst_interact.norm2.bias, bbox_head.head_series.4.inst_interact.out_layer.weight, bbox_head.head_series.4.inst_interact.out_layer.bias, bbox_head.head_series.4.inst_interact.norm3.weight, bbox_head.head_series.4.inst_interact.norm3.bias, bbox_head.head_series.4.linear1.weight, bbox_head.head_series.4.linear1.bias, bbox_head.head_series.4.linear2.weight, bbox_head.head_series.4.linear2.bias, bbox_head.head_series.4.norm1.weight, bbox_head.head_series.4.norm1.bias, bbox_head.head_series.4.norm2.weight, bbox_head.head_series.4.norm2.bias, bbox_head.head_series.4.norm3.weight, bbox_head.head_series.4.norm3.bias, bbox_head.head_series.4.block_time_mlp.1.weight, bbox_head.head_series.4.block_time_mlp.1.bias, bbox_head.head_series.4.cls_module.0.weight, bbox_head.head_series.4.cls_module.1.weight, bbox_head.head_series.4.cls_module.1.bias, bbox_head.head_series.4.reg_module.0.weight, bbox_head.head_series.4.reg_module.1.weight, bbox_head.head_series.4.reg_module.1.bias, bbox_head.head_series.4.reg_module.3.weight, bbox_head.head_series.4.reg_module.4.weight, bbox_head.head_series.4.reg_module.4.bias, bbox_head.head_series.4.reg_module.6.weight, bbox_head.head_series.4.reg_module.7.weight, bbox_head.head_series.4.reg_module.7.bias, bbox_head.head_series.4.class_logits.weight, bbox_head.head_series.4.class_logits.bias, bbox_head.head_series.4.bboxes_delta.weight, bbox_head.head_series.4.bboxes_delta.bias, bbox_head.head_series.5.self_attn.in_proj_weight, bbox_head.head_series.5.self_attn.in_proj_bias, bbox_head.head_series.5.self_attn.out_proj.weight, bbox_head.head_series.5.self_attn.out_proj.bias, bbox_head.head_series.5.inst_interact.dynamic_layer.weight, bbox_head.head_series.5.inst_interact.dynamic_layer.bias, bbox_head.head_series.5.inst_interact.norm1.weight, bbox_head.head_series.5.inst_interact.norm1.bias, bbox_head.head_series.5.inst_interact.norm2.weight, bbox_head.head_series.5.inst_interact.norm2.bias, bbox_head.head_series.5.inst_interact.out_layer.weight, bbox_head.head_series.5.inst_interact.out_layer.bias, bbox_head.head_series.5.inst_interact.norm3.weight, bbox_head.head_series.5.inst_interact.norm3.bias, bbox_head.head_series.5.linear1.weight, bbox_head.head_series.5.linear1.bias, bbox_head.head_series.5.linear2.weight, bbox_head.head_series.5.linear2.bias, bbox_head.head_series.5.norm1.weight, bbox_head.head_series.5.norm1.bias, bbox_head.head_series.5.norm2.weight, bbox_head.head_series.5.norm2.bias, bbox_head.head_series.5.norm3.weight, bbox_head.head_series.5.norm3.bias, bbox_head.head_series.5.block_time_mlp.1.weight, bbox_head.head_series.5.block_time_mlp.1.bias, bbox_head.head_series.5.cls_module.0.weight, bbox_head.head_series.5.cls_module.1.weight, bbox_head.head_series.5.cls_module.1.bias, bbox_head.head_series.5.reg_module.0.weight, bbox_head.head_series.5.reg_module.1.weight, bbox_head.head_series.5.reg_module.1.bias, bbox_head.head_series.5.reg_module.3.weight, bbox_head.head_series.5.reg_module.4.weight, bbox_head.head_series.5.reg_module.4.bias, bbox_head.head_series.5.reg_module.6.weight, bbox_head.head_series.5.reg_module.7.weight, bbox_head.head_series.5.reg_module.7.bias, bbox_head.head_series.5.class_logits.weight, bbox_head.head_series.5.class_logits.bias, bbox_head.head_series.5.bboxes_delta.weight, bbox_head.head_series.5.bboxes_delta.bias, bbox_head.time_mlp.1.weight, bbox_head.time_mlp.1.bias, bbox_head.time_mlp.3.weight, bbox_head.time_mlp.3.bias, rpn_head.head_series.0.block_time_mlp.1.weight, rpn_head.head_series.0.block_time_mlp.1.bias, rpn_head.head_series.1.block_time_mlp.1.weight, rpn_head.head_series.1.block_time_mlp.1.bias, rpn_head.head_series.2.block_time_mlp.1.weight, rpn_head.head_series.2.block_time_mlp.1.bias, rpn_head.head_series.3.block_time_mlp.1.weight, rpn_head.head_series.3.block_time_mlp.1.bias

missing keys in source state_dict: roi_head.bbox_head.0.fc_cls.weight, roi_head.bbox_head.0.fc_cls.bias, roi_head.bbox_head.0.fc_reg.weight, roi_head.bbox_head.0.fc_reg.bias, roi_head.bbox_head.0.self_attn.in_proj_weight, roi_head.bbox_head.0.self_attn.in_proj_bias, roi_head.bbox_head.0.self_attn.out_proj.weight, roi_head.bbox_head.0.self_attn.out_proj.bias, roi_head.bbox_head.0.inst_interact.dynamic_layer.weight, roi_head.bbox_head.0.inst_interact.dynamic_layer.bias, roi_head.bbox_head.0.inst_interact.norm1.weight, roi_head.bbox_head.0.inst_interact.norm1.bias, roi_head.bbox_head.0.inst_interact.norm2.weight, roi_head.bbox_head.0.inst_interact.norm2.bias, roi_head.bbox_head.0.inst_interact.out_layer.weight, roi_head.bbox_head.0.inst_interact.out_layer.bias, roi_head.bbox_head.0.inst_interact.norm3.weight, roi_head.bbox_head.0.inst_interact.norm3.bias, roi_head.bbox_head.0.linear1.weight, roi_head.bbox_head.0.linear1.bias, roi_head.bbox_head.0.linear2.weight, roi_head.bbox_head.0.linear2.bias, roi_head.bbox_head.0.norm1.weight, roi_head.bbox_head.0.norm1.bias, roi_head.bbox_head.0.norm2.weight, roi_head.bbox_head.0.norm2.bias, roi_head.bbox_head.0.norm3.weight, roi_head.bbox_head.0.norm3.bias, roi_head.bbox_head.0.cls_module.0.weight, roi_head.bbox_head.0.cls_module.1.weight, roi_head.bbox_head.0.cls_module.1.bias, roi_head.bbox_head.0.reg_module.0.weight, roi_head.bbox_head.0.reg_module.1.weight, roi_head.bbox_head.0.reg_module.1.bias, roi_head.bbox_head.0.reg_module.3.weight, roi_head.bbox_head.0.reg_module.4.weight, roi_head.bbox_head.0.reg_module.4.bias, roi_head.bbox_head.0.reg_module.6.weight, roi_head.bbox_head.0.reg_module.7.weight, roi_head.bbox_head.0.reg_module.7.bias, roi_head.bbox_head.1.fc_cls.weight, roi_head.bbox_head.1.fc_cls.bias, roi_head.bbox_head.1.fc_reg.weight, roi_head.bbox_head.1.fc_reg.bias, roi_head.bbox_head.1.self_attn.in_proj_weight, roi_head.bbox_head.1.self_attn.in_proj_bias, roi_head.bbox_head.1.self_attn.out_proj.weight, roi_head.bbox_head.1.self_attn.out_proj.bias, roi_head.bbox_head.1.inst_interact.dynamic_layer.weight, roi_head.bbox_head.1.inst_interact.dynamic_layer.bias, roi_head.bbox_head.1.inst_interact.norm1.weight, roi_head.bbox_head.1.inst_interact.norm1.bias, roi_head.bbox_head.1.inst_interact.norm2.weight, roi_head.bbox_head.1.inst_interact.norm2.bias, roi_head.bbox_head.1.inst_interact.out_layer.weight, roi_head.bbox_head.1.inst_interact.out_layer.bias, roi_head.bbox_head.1.inst_interact.norm3.weight, roi_head.bbox_head.1.inst_interact.norm3.bias, roi_head.bbox_head.1.linear1.weight, roi_head.bbox_head.1.linear1.bias, roi_head.bbox_head.1.linear2.weight, roi_head.bbox_head.1.linear2.bias, roi_head.bbox_head.1.norm1.weight, roi_head.bbox_head.1.norm1.bias, roi_head.bbox_head.1.norm2.weight, roi_head.bbox_head.1.norm2.bias, roi_head.bbox_head.1.norm3.weight, roi_head.bbox_head.1.norm3.bias, roi_head.bbox_head.1.cls_module.0.weight, roi_head.bbox_head.1.cls_module.1.weight, roi_head.bbox_head.1.cls_module.1.bias, roi_head.bbox_head.1.reg_module.0.weight, roi_head.bbox_head.1.reg_module.1.weight, roi_head.bbox_head.1.reg_module.1.bias, roi_head.bbox_head.1.reg_module.3.weight, roi_head.bbox_head.1.reg_module.4.weight, roi_head.bbox_head.1.reg_module.4.bias, roi_head.bbox_head.1.reg_module.6.weight, roi_head.bbox_head.1.reg_module.7.weight, roi_head.bbox_head.1.reg_module.7.bias

Name of parameter - Initialization information

backbone.conv1.weight - torch.Size([64, 3, 7, 7]): 
PretrainedInit: load from https://www.modelscope.cn/models/wokaikaixinxin/ai4rs/resolve/master/GSDet_baseline/pretrain/diffusiondet_r50_fpn_500-proposals_1-step_crop-ms-480-800-450k_coco_new2.pth 

backbone.bn1.weight - torch.Size([64]): 
PretrainedInit: load from https://www.modelscope.cn/models/wokaikaixinxin/ai4rs/resolve/master/GSDet_baseline/pretrain/diffusiondet_r50_fpn_500-proposals_1-step_crop-ms-480-800-450k_coco_new2.pth 

backbone.bn1.bias - torch.Size([64]): 
PretrainedInit: load from https://www.modelscope.cn/models/wokaikaixinxin/ai4rs/resolve/master/GSDet_baseline/pretrain/diffusiondet_r50_fpn_500-proposals_1-step_crop-ms-480-800-450k_coco_new2.pth 

backbone.layer1.0.conv1.weight - torch.Size([64, 64, 1, 1]): 
PretrainedInit: load from https://www.modelscope.cn/models/wokaikaixinxin/ai4rs/resolve/master/GSDet_baseline/pretrain/diffusiondet_r50_fpn_500-proposals_1-step_crop-ms-480-800-450k_coco_new2.pth 

backbone.layer1.0.bn1.weight - torch.Size([64]): 
PretrainedInit: load from https://www.modelscope.cn/models/wokaikaixinxin/ai4rs/resolve/master/GSDet_baseline/pretrain/diffusiondet_r50_fpn_500-proposals_1-step_crop-ms-480-800-450k_coco_new2.pth 

backbone.layer1.0.bn1.bias - torch.Size([64]): 
PretrainedInit: load from https://www.modelscope.cn/models/wokaikaixinxin/ai4rs/resolve/master/GSDet_baseline/pretrain/diffusiondet_r50_fpn_500-proposals_1-step_crop-ms-480-800-450k_coco_new2.pth 

backbone.layer1.0.conv2.weight - torch.Size([64, 64, 3, 3]): 
PretrainedInit: load from https://www.modelscope.cn/models/wokaikaixinxin/ai4rs/resolve/master/GSDet_baseline/pretrain/diffusiondet_r50_fpn_500-proposals_1-step_crop-ms-480-800-450k_coco_new2.pth 

backbone.layer1.0.bn2.weight - torch.Size([64]): 
PretrainedInit: load from https://www.modelscope.cn/models/wokaikaixinxin/ai4rs/resolve/master/GSDet_baseline/pretrain/diffusiondet_r50_fpn_500-proposals_1-step_crop-ms-480-800-450k_coco_new2.pth 

backbone.layer1.0.bn2.bias - torch.Size([64]): 
PretrainedInit: load from https://www.modelscope.cn/models/wokaikaixinxin/ai4rs/resolve/master/GSDet_baseline/pretrain/diffusiondet_r50_fpn_500-proposals_1-step_crop-ms-480-800-450k_coco_new2.pth 

backbone.layer1.0.conv3.weight - torch.Size([256, 64, 1, 1]): 
PretrainedInit: load from https://www.modelscope.cn/models/wokaikaixinxin/ai4rs/resolve/master/GSDet_baseline/pretrain/diffusiondet_r50_fpn_500-proposals_1-step_crop-ms-480-800-450k_coco_new2.pth 

backbone.layer1.0.bn3.weight - torch.Size([256]): 
PretrainedInit: load from https://www.modelscope.cn/models/wokaikaixinxin/ai4rs/resolve/master/GSDet_baseline/pretrain/diffusiondet_r50_fpn_500-proposals_1-step_crop-ms-480-800-450k_coco_new2.pth 

backbone.layer1.0.bn3.bias - torch.Size([256]): 
PretrainedInit: load from https://www.modelscope.cn/models/wokaikaixinxin/ai4rs/resolve/master/GSDet_baseline/pretrain/diffusiondet_r50_fpn_500-proposals_1-step_crop-ms-480-800-450k_coco_new2.pth 

backbone.layer1.0.downsample.0.weight - torch.Size([256, 64, 1, 1]): 
PretrainedInit: load from https://www.modelscope.cn/models/wokaikaixinxin/ai4rs/resolve/master/GSDet_baseline/pretrain/diffusiondet_r50_fpn_500-proposals_1-step_crop-ms-480-800-450k_coco_new2.pth 

backbone.layer1.0.downsample.1.weight - torch.Size([256]): 
PretrainedInit: load from https://www.modelscope.cn/models/wokaikaixinxin/ai4rs/resolve/master/GSDet_baseline/pretrain/diffusiondet_r50_fpn_500-proposals_1-step_crop-ms-480-800-450k_coco_new2.pth 

backbone.layer1.0.downsample.1.bias - torch.Size([256]): 
PretrainedInit: load from https://www.modelscope.cn/models/wokaikaixinxin/ai4rs/resolve/master/GSDet_baseline/pretrain/diffusiondet_r50_fpn_500-proposals_1-step_crop-ms-480-800-450k_coco_new2.pth 

backbone.layer1.1.conv1.weight - torch.Size([64, 256, 1, 1]): 
PretrainedInit: load from https://www.modelscope.cn/models/wokaikaixinxin/ai4rs/resolve/master/GSDet_baseline/pretrain/diffusiondet_r50_fpn_500-proposals_1-step_crop-ms-480-800-450k_coco_new2.pth 

backbone.layer1.1.bn1.weight - torch.Size([64]): 
PretrainedInit: load from https://www.modelscope.cn/models/wokaikaixinxin/ai4rs/resolve/master/GSDet_baseline/pretrain/diffusiondet_r50_fpn_500-proposals_1-step_crop-ms-480-800-450k_coco_new2.pth 

backbone.layer1.1.bn1.bias - torch.Size([64]): 
PretrainedInit: load from https://www.modelscope.cn/models/wokaikaixinxin/ai4rs/resolve/master/GSDet_baseline/pretrain/diffusiondet_r50_fpn_500-proposals_1-step_crop-ms-480-800-450k_coco_new2.pth 

backbone.layer1.1.conv2.weight - torch.Size([64, 64, 3, 3]): 
PretrainedInit: load from https://www.modelscope.cn/models/wokaikaixinxin/ai4rs/resolve/master/GSDet_baseline/pretrain/diffusiondet_r50_fpn_500-proposals_1-step_crop-ms-480-800-450k_coco_new2.pth 

backbone.layer1.1.bn2.weight - torch.Size([64]): 
PretrainedInit: load from https://www.modelscope.cn/models/wokaikaixinxin/ai4rs/resolve/master/GSDet_baseline/pretrain/diffusiondet_r50_fpn_500-proposals_1-step_crop-ms-480-800-450k_coco_new2.pth 

backbone.layer1.1.bn2.bias - torch.Size([64]): 
PretrainedInit: load from https://www.modelscope.cn/models/wokaikaixinxin/ai4rs/resolve/master/GSDet_baseline/pretrain/diffusiondet_r50_fpn_500-proposals_1-step_crop-ms-480-800-450k_coco_new2.pth 

backbone.layer1.1.conv3.weight - torch.Size([256, 64, 1, 1]): 
PretrainedInit: load from https://www.modelscope.cn/models/wokaikaixinxin/ai4rs/resolve/master/GSDet_baseline/pretrain/diffusiondet_r50_fpn_500-proposals_1-step_crop-ms-480-800-450k_coco_new2.pth 

backbone.layer1.1.bn3.weight - torch.Size([256]): 
PretrainedInit: load from https://www.modelscope.cn/models/wokaikaixinxin/ai4rs/resolve/master/GSDet_baseline/pretrain/diffusiondet_r50_fpn_500-proposals_1-step_crop-ms-480-800-450k_coco_new2.pth 

backbone.layer1.1.bn3.bias - torch.Size([256]): 
PretrainedInit: load from https://www.modelscope.cn/models/wokaikaixinxin/ai4rs/resolve/master/GSDet_baseline/pretrain/diffusiondet_r50_fpn_500-proposals_1-step_crop-ms-480-800-450k_coco_new2.pth 

backbone.layer1.2.conv1.weight - torch.Size([64, 256, 1, 1]): 
PretrainedInit: load from https://www.modelscope.cn/models/wokaikaixinxin/ai4rs/resolve/master/GSDet_baseline/pretrain/diffusiondet_r50_fpn_500-proposals_1-step_crop-ms-480-800-450k_coco_new2.pth 

backbone.layer1.2.bn1.weight - torch.Size([64]): 
PretrainedInit: load from https://www.modelscope.cn/models/wokaikaixinxin/ai4rs/resolve/master/GSDet_baseline/pretrain/diffusiondet_r50_fpn_500-proposals_1-step_crop-ms-480-800-450k_coco_new2.pth 

backbone.layer1.2.bn1.bias - torch.Size([64]): 
PretrainedInit: load from https://www.modelscope.cn/models/wokaikaixinxin/ai4rs/resolve/master/GSDet_baseline/pretrain/diffusiondet_r50_fpn_500-proposals_1-step_crop-ms-480-800-450k_coco_new2.pth 

backbone.layer1.2.conv2.weight - torch.Size([64, 64, 3, 3]): 
PretrainedInit: load from https://www.modelscope.cn/models/wokaikaixinxin/ai4rs/resolve/master/GSDet_baseline/pretrain/diffusiondet_r50_fpn_500-proposals_1-step_crop-ms-480-800-450k_coco_new2.pth 

backbone.layer1.2.bn2.weight - torch.Size([64]): 
PretrainedInit: load from https://www.modelscope.cn/models/wokaikaixinxin/ai4rs/resolve/master/GSDet_baseline/pretrain/diffusiondet_r50_fpn_500-proposals_1-step_crop-ms-480-800-450k_coco_new2.pth 

backbone.layer1.2.bn2.bias - torch.Size([64]): 
PretrainedInit: load from https://www.modelscope.cn/models/wokaikaixinxin/ai4rs/resolve/master/GSDet_baseline/pretrain/diffusiondet_r50_fpn_500-proposals_1-step_crop-ms-480-800-450k_coco_new2.pth 

backbone.layer1.2.conv3.weight - torch.Size([256, 64, 1, 1]): 
PretrainedInit: load from https://www.modelscope.cn/models/wokaikaixinxin/ai4rs/resolve/master/GSDet_baseline/pretrain/diffusiondet_r50_fpn_500-proposals_1-step_crop-ms-480-800-450k_coco_new2.pth 

backbone.layer1.2.bn3.weight - torch.Size([256]): 
PretrainedInit: load from https://www.modelscope.cn/models/wokaikaixinxin/ai4rs/resolve/master/GSDet_baseline/pretrain/diffusiondet_r50_fpn_500-proposals_1-step_crop-ms-480-800-450k_coco_new2.pth 

backbone.layer1.2.bn3.bias - torch.Size([256]): 
PretrainedInit: load from https://www.modelscope.cn/models/wokaikaixinxin/ai4rs/resolve/master/GSDet_baseline/pretrain/diffusiondet_r50_fpn_500-proposals_1-step_crop-ms-480-800-450k_coco_new2.pth 

backbone.layer2.0.conv1.weight - torch.Size([128, 256, 1, 1]): 
PretrainedInit: load from https://www.modelscope.cn/models/wokaikaixinxin/ai4rs/resolve/master/GSDet_baseline/pretrain/diffusiondet_r50_fpn_500-proposals_1-step_crop-ms-480-800-450k_coco_new2.pth 

backbone.layer2.0.bn1.weight - torch.Size([128]): 
PretrainedInit: load from https://www.modelscope.cn/models/wokaikaixinxin/ai4rs/resolve/master/GSDet_baseline/pretrain/diffusiondet_r50_fpn_500-proposals_1-step_crop-ms-480-800-450k_coco_new2.pth 

backbone.layer2.0.bn1.bias - torch.Size([128]): 
PretrainedInit: load from https://www.modelscope.cn/models/wokaikaixinxin/ai4rs/resolve/master/GSDet_baseline/pretrain/diffusiondet_r50_fpn_500-proposals_1-step_crop-ms-480-800-450k_coco_new2.pth 

backbone.layer2.0.conv2.weight - torch.Size([128, 128, 3, 3]): 
PretrainedInit: load from https://www.modelscope.cn/models/wokaikaixinxin/ai4rs/resolve/master/GSDet_baseline/pretrain/diffusiondet_r50_fpn_500-proposals_1-step_crop-ms-480-800-450k_coco_new2.pth 

backbone.layer2.0.bn2.weight - torch.Size([128]): 
PretrainedInit: load from https://www.modelscope.cn/models/wokaikaixinxin/ai4rs/resolve/master/GSDet_baseline/pretrain/diffusiondet_r50_fpn_500-proposals_1-step_crop-ms-480-800-450k_coco_new2.pth 

backbone.layer2.0.bn2.bias - torch.Size([128]): 
PretrainedInit: load from https://www.modelscope.cn/models/wokaikaixinxin/ai4rs/resolve/master/GSDet_baseline/pretrain/diffusiondet_r50_fpn_500-proposals_1-step_crop-ms-480-800-450k_coco_new2.pth 

backbone.layer2.0.conv3.weight - torch.Size([512, 128, 1, 1]): 
PretrainedInit: load from https://www.modelscope.cn/models/wokaikaixinxin/ai4rs/resolve/master/GSDet_baseline/pretrain/diffusiondet_r50_fpn_500-proposals_1-step_crop-ms-480-800-450k_coco_new2.pth 

backbone.layer2.0.bn3.weight - torch.Size([512]): 
PretrainedInit: load from https://www.modelscope.cn/models/wokaikaixinxin/ai4rs/resolve/master/GSDet_baseline/pretrain/diffusiondet_r50_fpn_500-proposals_1-step_crop-ms-480-800-450k_coco_new2.pth 

backbone.layer2.0.bn3.bias - torch.Size([512]): 
PretrainedInit: load from https://www.modelscope.cn/models/wokaikaixinxin/ai4rs/resolve/master/GSDet_baseline/pretrain/diffusiondet_r50_fpn_500-proposals_1-step_crop-ms-480-800-450k_coco_new2.pth 

backbone.layer2.0.downsample.0.weight - torch.Size([512, 256, 1, 1]): 
PretrainedInit: load from https://www.modelscope.cn/models/wokaikaixinxin/ai4rs/resolve/master/GSDet_baseline/pretrain/diffusiondet_r50_fpn_500-proposals_1-step_crop-ms-480-800-450k_coco_new2.pth 

backbone.layer2.0.downsample.1.weight - torch.Size([512]): 
PretrainedInit: load from https://www.modelscope.cn/models/wokaikaixinxin/ai4rs/resolve/master/GSDet_baseline/pretrain/diffusiondet_r50_fpn_500-proposals_1-step_crop-ms-480-800-450k_coco_new2.pth 

backbone.layer2.0.downsample.1.bias - torch.Size([512]): 
PretrainedInit: load from https://www.modelscope.cn/models/wokaikaixinxin/ai4rs/resolve/master/GSDet_baseline/pretrain/diffusiondet_r50_fpn_500-proposals_1-step_crop-ms-480-800-450k_coco_new2.pth 

backbone.layer2.1.conv1.weight - torch.Size([128, 512, 1, 1]): 
PretrainedInit: load from https://www.modelscope.cn/models/wokaikaixinxin/ai4rs/resolve/master/GSDet_baseline/pretrain/diffusiondet_r50_fpn_500-proposals_1-step_crop-ms-480-800-450k_coco_new2.pth 

backbone.layer2.1.bn1.weight - torch.Size([128]): 
PretrainedInit: load from https://www.modelscope.cn/models/wokaikaixinxin/ai4rs/resolve/master/GSDet_baseline/pretrain/diffusiondet_r50_fpn_500-proposals_1-step_crop-ms-480-800-450k_coco_new2.pth 

backbone.layer2.1.bn1.bias - torch.Size([128]): 
PretrainedInit: load from https://www.modelscope.cn/models/wokaikaixinxin/ai4rs/resolve/master/GSDet_baseline/pretrain/diffusiondet_r50_fpn_500-proposals_1-step_crop-ms-480-800-450k_coco_new2.pth 

backbone.layer2.1.conv2.weight - torch.Size([128, 128, 3, 3]): 
PretrainedInit: load from https://www.modelscope.cn/models/wokaikaixinxin/ai4rs/resolve/master/GSDet_baseline/pretrain/diffusiondet_r50_fpn_500-proposals_1-step_crop-ms-480-800-450k_coco_new2.pth 

backbone.layer2.1.bn2.weight - torch.Size([128]): 
PretrainedInit: load from https://www.modelscope.cn/models/wokaikaixinxin/ai4rs/resolve/master/GSDet_baseline/pretrain/diffusiondet_r50_fpn_500-proposals_1-step_crop-ms-480-800-450k_coco_new2.pth 

backbone.layer2.1.bn2.bias - torch.Size([128]): 
PretrainedInit: load from https://www.modelscope.cn/models/wokaikaixinxin/ai4rs/resolve/master/GSDet_baseline/pretrain/diffusiondet_r50_fpn_500-proposals_1-step_crop-ms-480-800-450k_coco_new2.pth 

backbone.layer2.1.conv3.weight - torch.Size([512, 128, 1, 1]): 
PretrainedInit: load from https://www.modelscope.cn/models/wokaikaixinxin/ai4rs/resolve/master/GSDet_baseline/pretrain/diffusiondet_r50_fpn_500-proposals_1-step_crop-ms-480-800-450k_coco_new2.pth 

backbone.layer2.1.bn3.weight - torch.Size([512]): 
PretrainedInit: load from https://www.modelscope.cn/models/wokaikaixinxin/ai4rs/resolve/master/GSDet_baseline/pretrain/diffusiondet_r50_fpn_500-proposals_1-step_crop-ms-480-800-450k_coco_new2.pth 

backbone.layer2.1.bn3.bias - torch.Size([512]): 
PretrainedInit: load from https://www.modelscope.cn/models/wokaikaixinxin/ai4rs/resolve/master/GSDet_baseline/pretrain/diffusiondet_r50_fpn_500-proposals_1-step_crop-ms-480-800-450k_coco_new2.pth 

backbone.layer2.2.conv1.weight - torch.Size([128, 512, 1, 1]): 
PretrainedInit: load from https://www.modelscope.cn/models/wokaikaixinxin/ai4rs/resolve/master/GSDet_baseline/pretrain/diffusiondet_r50_fpn_500-proposals_1-step_crop-ms-480-800-450k_coco_new2.pth 

backbone.layer2.2.bn1.weight - torch.Size([128]): 
PretrainedInit: load from https://www.modelscope.cn/models/wokaikaixinxin/ai4rs/resolve/master/GSDet_baseline/pretrain/diffusiondet_r50_fpn_500-proposals_1-step_crop-ms-480-800-450k_coco_new2.pth 

backbone.layer2.2.bn1.bias - torch.Size([128]): 
PretrainedInit: load from https://www.modelscope.cn/models/wokaikaixinxin/ai4rs/resolve/master/GSDet_baseline/pretrain/diffusiondet_r50_fpn_500-proposals_1-step_crop-ms-480-800-450k_coco_new2.pth 

backbone.layer2.2.conv2.weight - torch.Size([128, 128, 3, 3]): 
PretrainedInit: load from https://www.modelscope.cn/models/wokaikaixinxin/ai4rs/resolve/master/GSDet_baseline/pretrain/diffusiondet_r50_fpn_500-proposals_1-step_crop-ms-480-800-450k_coco_new2.pth 

backbone.layer2.2.bn2.weight - torch.Size([128]): 
PretrainedInit: load from https://www.modelscope.cn/models/wokaikaixinxin/ai4rs/resolve/master/GSDet_baseline/pretrain/diffusiondet_r50_fpn_500-proposals_1-step_crop-ms-480-800-450k_coco_new2.pth 

backbone.layer2.2.bn2.bias - torch.Size([128]): 
PretrainedInit: load from https://www.modelscope.cn/models/wokaikaixinxin/ai4rs/resolve/master/GSDet_baseline/pretrain/diffusiondet_r50_fpn_500-proposals_1-step_crop-ms-480-800-450k_coco_new2.pth 

backbone.layer2.2.conv3.weight - torch.Size([512, 128, 1, 1]): 
PretrainedInit: load from https://www.modelscope.cn/models/wokaikaixinxin/ai4rs/resolve/master/GSDet_baseline/pretrain/diffusiondet_r50_fpn_500-proposals_1-step_crop-ms-480-800-450k_coco_new2.pth 

backbone.layer2.2.bn3.weight - torch.Size([512]): 
PretrainedInit: load from https://www.modelscope.cn/models/wokaikaixinxin/ai4rs/resolve/master/GSDet_baseline/pretrain/diffusiondet_r50_fpn_500-proposals_1-step_crop-ms-480-800-450k_coco_new2.pth 

backbone.layer2.2.bn3.bias - torch.Size([512]): 
PretrainedInit: load from https://www.modelscope.cn/models/wokaikaixinxin/ai4rs/resolve/master/GSDet_baseline/pretrain/diffusiondet_r50_fpn_500-proposals_1-step_crop-ms-480-800-450k_coco_new2.pth 

backbone.layer2.3.conv1.weight - torch.Size([128, 512, 1, 1]): 
PretrainedInit: load from https://www.modelscope.cn/models/wokaikaixinxin/ai4rs/resolve/master/GSDet_baseline/pretrain/diffusiondet_r50_fpn_500-proposals_1-step_crop-ms-480-800-450k_coco_new2.pth 

backbone.layer2.3.bn1.weight - torch.Size([128]): 
PretrainedInit: load from https://www.modelscope.cn/models/wokaikaixinxin/ai4rs/resolve/master/GSDet_baseline/pretrain/diffusiondet_r50_fpn_500-proposals_1-step_crop-ms-480-800-450k_coco_new2.pth 

backbone.layer2.3.bn1.bias - torch.Size([128]): 
PretrainedInit: load from https://www.modelscope.cn/models/wokaikaixinxin/ai4rs/resolve/master/GSDet_baseline/pretrain/diffusiondet_r50_fpn_500-proposals_1-step_crop-ms-480-800-450k_coco_new2.pth 

backbone.layer2.3.conv2.weight - torch.Size([128, 128, 3, 3]): 
PretrainedInit: load from https://www.modelscope.cn/models/wokaikaixinxin/ai4rs/resolve/master/GSDet_baseline/pretrain/diffusiondet_r50_fpn_500-proposals_1-step_crop-ms-480-800-450k_coco_new2.pth 

backbone.layer2.3.bn2.weight - torch.Size([128]): 
PretrainedInit: load from https://www.modelscope.cn/models/wokaikaixinxin/ai4rs/resolve/master/GSDet_baseline/pretrain/diffusiondet_r50_fpn_500-proposals_1-step_crop-ms-480-800-450k_coco_new2.pth 

backbone.layer2.3.bn2.bias - torch.Size([128]): 
PretrainedInit: load from https://www.modelscope.cn/models/wokaikaixinxin/ai4rs/resolve/master/GSDet_baseline/pretrain/diffusiondet_r50_fpn_500-proposals_1-step_crop-ms-480-800-450k_coco_new2.pth 

backbone.layer2.3.conv3.weight - torch.Size([512, 128, 1, 1]): 
PretrainedInit: load from https://www.modelscope.cn/models/wokaikaixinxin/ai4rs/resolve/master/GSDet_baseline/pretrain/diffusiondet_r50_fpn_500-proposals_1-step_crop-ms-480-800-450k_coco_new2.pth 

backbone.layer2.3.bn3.weight - torch.Size([512]): 
PretrainedInit: load from https://www.modelscope.cn/models/wokaikaixinxin/ai4rs/resolve/master/GSDet_baseline/pretrain/diffusiondet_r50_fpn_500-proposals_1-step_crop-ms-480-800-450k_coco_new2.pth 

backbone.layer2.3.bn3.bias - torch.Size([512]): 
PretrainedInit: load from https://www.modelscope.cn/models/wokaikaixinxin/ai4rs/resolve/master/GSDet_baseline/pretrain/diffusiondet_r50_fpn_500-proposals_1-step_crop-ms-480-800-450k_coco_new2.pth 

backbone.layer3.0.conv1.weight - torch.Size([256, 512, 1, 1]): 
PretrainedInit: load from https://www.modelscope.cn/models/wokaikaixinxin/ai4rs/resolve/master/GSDet_baseline/pretrain/diffusiondet_r50_fpn_500-proposals_1-step_crop-ms-480-800-450k_coco_new2.pth 

backbone.layer3.0.bn1.weight - torch.Size([256]): 
PretrainedInit: load from https://www.modelscope.cn/models/wokaikaixinxin/ai4rs/resolve/master/GSDet_baseline/pretrain/diffusiondet_r50_fpn_500-proposals_1-step_crop-ms-480-800-450k_coco_new2.pth 

backbone.layer3.0.bn1.bias - torch.Size([256]): 
PretrainedInit: load from https://www.modelscope.cn/models/wokaikaixinxin/ai4rs/resolve/master/GSDet_baseline/pretrain/diffusiondet_r50_fpn_500-proposals_1-step_crop-ms-480-800-450k_coco_new2.pth 

backbone.layer3.0.conv2.weight - torch.Size([256, 256, 3, 3]): 
PretrainedInit: load from https://www.modelscope.cn/models/wokaikaixinxin/ai4rs/resolve/master/GSDet_baseline/pretrain/diffusiondet_r50_fpn_500-proposals_1-step_crop-ms-480-800-450k_coco_new2.pth 

backbone.layer3.0.bn2.weight - torch.Size([256]): 
PretrainedInit: load from https://www.modelscope.cn/models/wokaikaixinxin/ai4rs/resolve/master/GSDet_baseline/pretrain/diffusiondet_r50_fpn_500-proposals_1-step_crop-ms-480-800-450k_coco_new2.pth 

backbone.layer3.0.bn2.bias - torch.Size([256]): 
PretrainedInit: load from https://www.modelscope.cn/models/wokaikaixinxin/ai4rs/resolve/master/GSDet_baseline/pretrain/diffusiondet_r50_fpn_500-proposals_1-step_crop-ms-480-800-450k_coco_new2.pth 

backbone.layer3.0.conv3.weight - torch.Size([1024, 256, 1, 1]): 
PretrainedInit: load from https://www.modelscope.cn/models/wokaikaixinxin/ai4rs/resolve/master/GSDet_baseline/pretrain/diffusiondet_r50_fpn_500-proposals_1-step_crop-ms-480-800-450k_coco_new2.pth 

backbone.layer3.0.bn3.weight - torch.Size([1024]): 
PretrainedInit: load from https://www.modelscope.cn/models/wokaikaixinxin/ai4rs/resolve/master/GSDet_baseline/pretrain/diffusiondet_r50_fpn_500-proposals_1-step_crop-ms-480-800-450k_coco_new2.pth 

backbone.layer3.0.bn3.bias - torch.Size([1024]): 
PretrainedInit: load from https://www.modelscope.cn/models/wokaikaixinxin/ai4rs/resolve/master/GSDet_baseline/pretrain/diffusiondet_r50_fpn_500-proposals_1-step_crop-ms-480-800-450k_coco_new2.pth 

backbone.layer3.0.downsample.0.weight - torch.Size([1024, 512, 1, 1]): 
PretrainedInit: load from https://www.modelscope.cn/models/wokaikaixinxin/ai4rs/resolve/master/GSDet_baseline/pretrain/diffusiondet_r50_fpn_500-proposals_1-step_crop-ms-480-800-450k_coco_new2.pth 

backbone.layer3.0.downsample.1.weight - torch.Size([1024]): 
PretrainedInit: load from https://www.modelscope.cn/models/wokaikaixinxin/ai4rs/resolve/master/GSDet_baseline/pretrain/diffusiondet_r50_fpn_500-proposals_1-step_crop-ms-480-800-450k_coco_new2.pth 

backbone.layer3.0.downsample.1.bias - torch.Size([1024]): 
PretrainedInit: load from https://www.modelscope.cn/models/wokaikaixinxin/ai4rs/resolve/master/GSDet_baseline/pretrain/diffusiondet_r50_fpn_500-proposals_1-step_crop-ms-480-800-450k_coco_new2.pth 

backbone.layer3.1.conv1.weight - torch.Size([256, 1024, 1, 1]): 
PretrainedInit: load from https://www.modelscope.cn/models/wokaikaixinxin/ai4rs/resolve/master/GSDet_baseline/pretrain/diffusiondet_r50_fpn_500-proposals_1-step_crop-ms-480-800-450k_coco_new2.pth 

backbone.layer3.1.bn1.weight - torch.Size([256]): 
PretrainedInit: load from https://www.modelscope.cn/models/wokaikaixinxin/ai4rs/resolve/master/GSDet_baseline/pretrain/diffusiondet_r50_fpn_500-proposals_1-step_crop-ms-480-800-450k_coco_new2.pth 

backbone.layer3.1.bn1.bias - torch.Size([256]): 
PretrainedInit: load from https://www.modelscope.cn/models/wokaikaixinxin/ai4rs/resolve/master/GSDet_baseline/pretrain/diffusiondet_r50_fpn_500-proposals_1-step_crop-ms-480-800-450k_coco_new2.pth 

backbone.layer3.1.conv2.weight - torch.Size([256, 256, 3, 3]): 
PretrainedInit: load from https://www.modelscope.cn/models/wokaikaixinxin/ai4rs/resolve/master/GSDet_baseline/pretrain/diffusiondet_r50_fpn_500-proposals_1-step_crop-ms-480-800-450k_coco_new2.pth 

backbone.layer3.1.bn2.weight - torch.Size([256]): 
PretrainedInit: load from https://www.modelscope.cn/models/wokaikaixinxin/ai4rs/resolve/master/GSDet_baseline/pretrain/diffusiondet_r50_fpn_500-proposals_1-step_crop-ms-480-800-450k_coco_new2.pth 

backbone.layer3.1.bn2.bias - torch.Size([256]): 
PretrainedInit: load from https://www.modelscope.cn/models/wokaikaixinxin/ai4rs/resolve/master/GSDet_baseline/pretrain/diffusiondet_r50_fpn_500-proposals_1-step_crop-ms-480-800-450k_coco_new2.pth 

backbone.layer3.1.conv3.weight - torch.Size([1024, 256, 1, 1]): 
PretrainedInit: load from https://www.modelscope.cn/models/wokaikaixinxin/ai4rs/resolve/master/GSDet_baseline/pretrain/diffusiondet_r50_fpn_500-proposals_1-step_crop-ms-480-800-450k_coco_new2.pth 

backbone.layer3.1.bn3.weight - torch.Size([1024]): 
PretrainedInit: load from https://www.modelscope.cn/models/wokaikaixinxin/ai4rs/resolve/master/GSDet_baseline/pretrain/diffusiondet_r50_fpn_500-proposals_1-step_crop-ms-480-800-450k_coco_new2.pth 

backbone.layer3.1.bn3.bias - torch.Size([1024]): 
PretrainedInit: load from https://www.modelscope.cn/models/wokaikaixinxin/ai4rs/resolve/master/GSDet_baseline/pretrain/diffusiondet_r50_fpn_500-proposals_1-step_crop-ms-480-800-450k_coco_new2.pth 

backbone.layer3.2.conv1.weight - torch.Size([256, 1024, 1, 1]): 
PretrainedInit: load from https://www.modelscope.cn/models/wokaikaixinxin/ai4rs/resolve/master/GSDet_baseline/pretrain/diffusiondet_r50_fpn_500-proposals_1-step_crop-ms-480-800-450k_coco_new2.pth 

backbone.layer3.2.bn1.weight - torch.Size([256]): 
PretrainedInit: load from https://www.modelscope.cn/models/wokaikaixinxin/ai4rs/resolve/master/GSDet_baseline/pretrain/diffusiondet_r50_fpn_500-proposals_1-step_crop-ms-480-800-450k_coco_new2.pth 

backbone.layer3.2.bn1.bias - torch.Size([256]): 
PretrainedInit: load from https://www.modelscope.cn/models/wokaikaixinxin/ai4rs/resolve/master/GSDet_baseline/pretrain/diffusiondet_r50_fpn_500-proposals_1-step_crop-ms-480-800-450k_coco_new2.pth 

backbone.layer3.2.conv2.weight - torch.Size([256, 256, 3, 3]): 
PretrainedInit: load from https://www.modelscope.cn/models/wokaikaixinxin/ai4rs/resolve/master/GSDet_baseline/pretrain/diffusiondet_r50_fpn_500-proposals_1-step_crop-ms-480-800-450k_coco_new2.pth 

backbone.layer3.2.bn2.weight - torch.Size([256]): 
PretrainedInit: load from https://www.modelscope.cn/models/wokaikaixinxin/ai4rs/resolve/master/GSDet_baseline/pretrain/diffusiondet_r50_fpn_500-proposals_1-step_crop-ms-480-800-450k_coco_new2.pth 

backbone.layer3.2.bn2.bias - torch.Size([256]): 
PretrainedInit: load from https://www.modelscope.cn/models/wokaikaixinxin/ai4rs/resolve/master/GSDet_baseline/pretrain/diffusiondet_r50_fpn_500-proposals_1-step_crop-ms-480-800-450k_coco_new2.pth 

backbone.layer3.2.conv3.weight - torch.Size([1024, 256, 1, 1]): 
PretrainedInit: load from https://www.modelscope.cn/models/wokaikaixinxin/ai4rs/resolve/master/GSDet_baseline/pretrain/diffusiondet_r50_fpn_500-proposals_1-step_crop-ms-480-800-450k_coco_new2.pth 

backbone.layer3.2.bn3.weight - torch.Size([1024]): 
PretrainedInit: load from https://www.modelscope.cn/models/wokaikaixinxin/ai4rs/resolve/master/GSDet_baseline/pretrain/diffusiondet_r50_fpn_500-proposals_1-step_crop-ms-480-800-450k_coco_new2.pth 

backbone.layer3.2.bn3.bias - torch.Size([1024]): 
PretrainedInit: load from https://www.modelscope.cn/models/wokaikaixinxin/ai4rs/resolve/master/GSDet_baseline/pretrain/diffusiondet_r50_fpn_500-proposals_1-step_crop-ms-480-800-450k_coco_new2.pth 

backbone.layer3.3.conv1.weight - torch.Size([256, 1024, 1, 1]): 
PretrainedInit: load from https://www.modelscope.cn/models/wokaikaixinxin/ai4rs/resolve/master/GSDet_baseline/pretrain/diffusiondet_r50_fpn_500-proposals_1-step_crop-ms-480-800-450k_coco_new2.pth 

backbone.layer3.3.bn1.weight - torch.Size([256]): 
PretrainedInit: load from https://www.modelscope.cn/models/wokaikaixinxin/ai4rs/resolve/master/GSDet_baseline/pretrain/diffusiondet_r50_fpn_500-proposals_1-step_crop-ms-480-800-450k_coco_new2.pth 

backbone.layer3.3.bn1.bias - torch.Size([256]): 
PretrainedInit: load from https://www.modelscope.cn/models/wokaikaixinxin/ai4rs/resolve/master/GSDet_baseline/pretrain/diffusiondet_r50_fpn_500-proposals_1-step_crop-ms-480-800-450k_coco_new2.pth 

backbone.layer3.3.conv2.weight - torch.Size([256, 256, 3, 3]): 
PretrainedInit: load from https://www.modelscope.cn/models/wokaikaixinxin/ai4rs/resolve/master/GSDet_baseline/pretrain/diffusiondet_r50_fpn_500-proposals_1-step_crop-ms-480-800-450k_coco_new2.pth 

backbone.layer3.3.bn2.weight - torch.Size([256]): 
PretrainedInit: load from https://www.modelscope.cn/models/wokaikaixinxin/ai4rs/resolve/master/GSDet_baseline/pretrain/diffusiondet_r50_fpn_500-proposals_1-step_crop-ms-480-800-450k_coco_new2.pth 

backbone.layer3.3.bn2.bias - torch.Size([256]): 
PretrainedInit: load from https://www.modelscope.cn/models/wokaikaixinxin/ai4rs/resolve/master/GSDet_baseline/pretrain/diffusiondet_r50_fpn_500-proposals_1-step_crop-ms-480-800-450k_coco_new2.pth 

backbone.layer3.3.conv3.weight - torch.Size([1024, 256, 1, 1]): 
PretrainedInit: load from https://www.modelscope.cn/models/wokaikaixinxin/ai4rs/resolve/master/GSDet_baseline/pretrain/diffusiondet_r50_fpn_500-proposals_1-step_crop-ms-480-800-450k_coco_new2.pth 

backbone.layer3.3.bn3.weight - torch.Size([1024]): 
PretrainedInit: load from https://www.modelscope.cn/models/wokaikaixinxin/ai4rs/resolve/master/GSDet_baseline/pretrain/diffusiondet_r50_fpn_500-proposals_1-step_crop-ms-480-800-450k_coco_new2.pth 

backbone.layer3.3.bn3.bias - torch.Size([1024]): 
PretrainedInit: load from https://www.modelscope.cn/models/wokaikaixinxin/ai4rs/resolve/master/GSDet_baseline/pretrain/diffusiondet_r50_fpn_500-proposals_1-step_crop-ms-480-800-450k_coco_new2.pth 

backbone.layer3.4.conv1.weight - torch.Size([256, 1024, 1, 1]): 
PretrainedInit: load from https://www.modelscope.cn/models/wokaikaixinxin/ai4rs/resolve/master/GSDet_baseline/pretrain/diffusiondet_r50_fpn_500-proposals_1-step_crop-ms-480-800-450k_coco_new2.pth 

backbone.layer3.4.bn1.weight - torch.Size([256]): 
PretrainedInit: load from https://www.modelscope.cn/models/wokaikaixinxin/ai4rs/resolve/master/GSDet_baseline/pretrain/diffusiondet_r50_fpn_500-proposals_1-step_crop-ms-480-800-450k_coco_new2.pth 

backbone.layer3.4.bn1.bias - torch.Size([256]): 
PretrainedInit: load from https://www.modelscope.cn/models/wokaikaixinxin/ai4rs/resolve/master/GSDet_baseline/pretrain/diffusiondet_r50_fpn_500-proposals_1-step_crop-ms-480-800-450k_coco_new2.pth 

backbone.layer3.4.conv2.weight - torch.Size([256, 256, 3, 3]): 
PretrainedInit: load from https://www.modelscope.cn/models/wokaikaixinxin/ai4rs/resolve/master/GSDet_baseline/pretrain/diffusiondet_r50_fpn_500-proposals_1-step_crop-ms-480-800-450k_coco_new2.pth 

backbone.layer3.4.bn2.weight - torch.Size([256]): 
PretrainedInit: load from https://www.modelscope.cn/models/wokaikaixinxin/ai4rs/resolve/master/GSDet_baseline/pretrain/diffusiondet_r50_fpn_500-proposals_1-step_crop-ms-480-800-450k_coco_new2.pth 

backbone.layer3.4.bn2.bias - torch.Size([256]): 
PretrainedInit: load from https://www.modelscope.cn/models/wokaikaixinxin/ai4rs/resolve/master/GSDet_baseline/pretrain/diffusiondet_r50_fpn_500-proposals_1-step_crop-ms-480-800-450k_coco_new2.pth 

backbone.layer3.4.conv3.weight - torch.Size([1024, 256, 1, 1]): 
PretrainedInit: load from https://www.modelscope.cn/models/wokaikaixinxin/ai4rs/resolve/master/GSDet_baseline/pretrain/diffusiondet_r50_fpn_500-proposals_1-step_crop-ms-480-800-450k_coco_new2.pth 

backbone.layer3.4.bn3.weight - torch.Size([1024]): 
PretrainedInit: load from https://www.modelscope.cn/models/wokaikaixinxin/ai4rs/resolve/master/GSDet_baseline/pretrain/diffusiondet_r50_fpn_500-proposals_1-step_crop-ms-480-800-450k_coco_new2.pth 

backbone.layer3.4.bn3.bias - torch.Size([1024]): 
PretrainedInit: load from https://www.modelscope.cn/models/wokaikaixinxin/ai4rs/resolve/master/GSDet_baseline/pretrain/diffusiondet_r50_fpn_500-proposals_1-step_crop-ms-480-800-450k_coco_new2.pth 

backbone.layer3.5.conv1.weight - torch.Size([256, 1024, 1, 1]): 
PretrainedInit: load from https://www.modelscope.cn/models/wokaikaixinxin/ai4rs/resolve/master/GSDet_baseline/pretrain/diffusiondet_r50_fpn_500-proposals_1-step_crop-ms-480-800-450k_coco_new2.pth 

backbone.layer3.5.bn1.weight - torch.Size([256]): 
PretrainedInit: load from https://www.modelscope.cn/models/wokaikaixinxin/ai4rs/resolve/master/GSDet_baseline/pretrain/diffusiondet_r50_fpn_500-proposals_1-step_crop-ms-480-800-450k_coco_new2.pth 

backbone.layer3.5.bn1.bias - torch.Size([256]): 
PretrainedInit: load from https://www.modelscope.cn/models/wokaikaixinxin/ai4rs/resolve/master/GSDet_baseline/pretrain/diffusiondet_r50_fpn_500-proposals_1-step_crop-ms-480-800-450k_coco_new2.pth 

backbone.layer3.5.conv2.weight - torch.Size([256, 256, 3, 3]): 
PretrainedInit: load from https://www.modelscope.cn/models/wokaikaixinxin/ai4rs/resolve/master/GSDet_baseline/pretrain/diffusiondet_r50_fpn_500-proposals_1-step_crop-ms-480-800-450k_coco_new2.pth 

backbone.layer3.5.bn2.weight - torch.Size([256]): 
PretrainedInit: load from https://www.modelscope.cn/models/wokaikaixinxin/ai4rs/resolve/master/GSDet_baseline/pretrain/diffusiondet_r50_fpn_500-proposals_1-step_crop-ms-480-800-450k_coco_new2.pth 

backbone.layer3.5.bn2.bias - torch.Size([256]): 
PretrainedInit: load from https://www.modelscope.cn/models/wokaikaixinxin/ai4rs/resolve/master/GSDet_baseline/pretrain/diffusiondet_r50_fpn_500-proposals_1-step_crop-ms-480-800-450k_coco_new2.pth 

backbone.layer3.5.conv3.weight - torch.Size([1024, 256, 1, 1]): 
PretrainedInit: load from https://www.modelscope.cn/models/wokaikaixinxin/ai4rs/resolve/master/GSDet_baseline/pretrain/diffusiondet_r50_fpn_500-proposals_1-step_crop-ms-480-800-450k_coco_new2.pth 

backbone.layer3.5.bn3.weight - torch.Size([1024]): 
PretrainedInit: load from https://www.modelscope.cn/models/wokaikaixinxin/ai4rs/resolve/master/GSDet_baseline/pretrain/diffusiondet_r50_fpn_500-proposals_1-step_crop-ms-480-800-450k_coco_new2.pth 

backbone.layer3.5.bn3.bias - torch.Size([1024]): 
PretrainedInit: load from https://www.modelscope.cn/models/wokaikaixinxin/ai4rs/resolve/master/GSDet_baseline/pretrain/diffusiondet_r50_fpn_500-proposals_1-step_crop-ms-480-800-450k_coco_new2.pth 

backbone.layer4.0.conv1.weight - torch.Size([512, 1024, 1, 1]): 
PretrainedInit: load from https://www.modelscope.cn/models/wokaikaixinxin/ai4rs/resolve/master/GSDet_baseline/pretrain/diffusiondet_r50_fpn_500-proposals_1-step_crop-ms-480-800-450k_coco_new2.pth 

backbone.layer4.0.bn1.weight - torch.Size([512]): 
PretrainedInit: load from https://www.modelscope.cn/models/wokaikaixinxin/ai4rs/resolve/master/GSDet_baseline/pretrain/diffusiondet_r50_fpn_500-proposals_1-step_crop-ms-480-800-450k_coco_new2.pth 

backbone.layer4.0.bn1.bias - torch.Size([512]): 
PretrainedInit: load from https://www.modelscope.cn/models/wokaikaixinxin/ai4rs/resolve/master/GSDet_baseline/pretrain/diffusiondet_r50_fpn_500-proposals_1-step_crop-ms-480-800-450k_coco_new2.pth 

backbone.layer4.0.conv2.weight - torch.Size([512, 512, 3, 3]): 
PretrainedInit: load from https://www.modelscope.cn/models/wokaikaixinxin/ai4rs/resolve/master/GSDet_baseline/pretrain/diffusiondet_r50_fpn_500-proposals_1-step_crop-ms-480-800-450k_coco_new2.pth 

backbone.layer4.0.bn2.weight - torch.Size([512]): 
PretrainedInit: load from https://www.modelscope.cn/models/wokaikaixinxin/ai4rs/resolve/master/GSDet_baseline/pretrain/diffusiondet_r50_fpn_500-proposals_1-step_crop-ms-480-800-450k_coco_new2.pth 

backbone.layer4.0.bn2.bias - torch.Size([512]): 
PretrainedInit: load from https://www.modelscope.cn/models/wokaikaixinxin/ai4rs/resolve/master/GSDet_baseline/pretrain/diffusiondet_r50_fpn_500-proposals_1-step_crop-ms-480-800-450k_coco_new2.pth 

backbone.layer4.0.conv3.weight - torch.Size([2048, 512, 1, 1]): 
PretrainedInit: load from https://www.modelscope.cn/models/wokaikaixinxin/ai4rs/resolve/master/GSDet_baseline/pretrain/diffusiondet_r50_fpn_500-proposals_1-step_crop-ms-480-800-450k_coco_new2.pth 

backbone.layer4.0.bn3.weight - torch.Size([2048]): 
PretrainedInit: load from https://www.modelscope.cn/models/wokaikaixinxin/ai4rs/resolve/master/GSDet_baseline/pretrain/diffusiondet_r50_fpn_500-proposals_1-step_crop-ms-480-800-450k_coco_new2.pth 

backbone.layer4.0.bn3.bias - torch.Size([2048]): 
PretrainedInit: load from https://www.modelscope.cn/models/wokaikaixinxin/ai4rs/resolve/master/GSDet_baseline/pretrain/diffusiondet_r50_fpn_500-proposals_1-step_crop-ms-480-800-450k_coco_new2.pth 

backbone.layer4.0.downsample.0.weight - torch.Size([2048, 1024, 1, 1]): 
PretrainedInit: load from https://www.modelscope.cn/models/wokaikaixinxin/ai4rs/resolve/master/GSDet_baseline/pretrain/diffusiondet_r50_fpn_500-proposals_1-step_crop-ms-480-800-450k_coco_new2.pth 

backbone.layer4.0.downsample.1.weight - torch.Size([2048]): 
PretrainedInit: load from https://www.modelscope.cn/models/wokaikaixinxin/ai4rs/resolve/master/GSDet_baseline/pretrain/diffusiondet_r50_fpn_500-proposals_1-step_crop-ms-480-800-450k_coco_new2.pth 

backbone.layer4.0.downsample.1.bias - torch.Size([2048]): 
PretrainedInit: load from https://www.modelscope.cn/models/wokaikaixinxin/ai4rs/resolve/master/GSDet_baseline/pretrain/diffusiondet_r50_fpn_500-proposals_1-step_crop-ms-480-800-450k_coco_new2.pth 

backbone.layer4.1.conv1.weight - torch.Size([512, 2048, 1, 1]): 
PretrainedInit: load from https://www.modelscope.cn/models/wokaikaixinxin/ai4rs/resolve/master/GSDet_baseline/pretrain/diffusiondet_r50_fpn_500-proposals_1-step_crop-ms-480-800-450k_coco_new2.pth 

backbone.layer4.1.bn1.weight - torch.Size([512]): 
PretrainedInit: load from https://www.modelscope.cn/models/wokaikaixinxin/ai4rs/resolve/master/GSDet_baseline/pretrain/diffusiondet_r50_fpn_500-proposals_1-step_crop-ms-480-800-450k_coco_new2.pth 

backbone.layer4.1.bn1.bias - torch.Size([512]): 
PretrainedInit: load from https://www.modelscope.cn/models/wokaikaixinxin/ai4rs/resolve/master/GSDet_baseline/pretrain/diffusiondet_r50_fpn_500-proposals_1-step_crop-ms-480-800-450k_coco_new2.pth 

backbone.layer4.1.conv2.weight - torch.Size([512, 512, 3, 3]): 
PretrainedInit: load from https://www.modelscope.cn/models/wokaikaixinxin/ai4rs/resolve/master/GSDet_baseline/pretrain/diffusiondet_r50_fpn_500-proposals_1-step_crop-ms-480-800-450k_coco_new2.pth 

backbone.layer4.1.bn2.weight - torch.Size([512]): 
PretrainedInit: load from https://www.modelscope.cn/models/wokaikaixinxin/ai4rs/resolve/master/GSDet_baseline/pretrain/diffusiondet_r50_fpn_500-proposals_1-step_crop-ms-480-800-450k_coco_new2.pth 

backbone.layer4.1.bn2.bias - torch.Size([512]): 
PretrainedInit: load from https://www.modelscope.cn/models/wokaikaixinxin/ai4rs/resolve/master/GSDet_baseline/pretrain/diffusiondet_r50_fpn_500-proposals_1-step_crop-ms-480-800-450k_coco_new2.pth 

backbone.layer4.1.conv3.weight - torch.Size([2048, 512, 1, 1]): 
PretrainedInit: load from https://www.modelscope.cn/models/wokaikaixinxin/ai4rs/resolve/master/GSDet_baseline/pretrain/diffusiondet_r50_fpn_500-proposals_1-step_crop-ms-480-800-450k_coco_new2.pth 

backbone.layer4.1.bn3.weight - torch.Size([2048]): 
PretrainedInit: load from https://www.modelscope.cn/models/wokaikaixinxin/ai4rs/resolve/master/GSDet_baseline/pretrain/diffusiondet_r50_fpn_500-proposals_1-step_crop-ms-480-800-450k_coco_new2.pth 

backbone.layer4.1.bn3.bias - torch.Size([2048]): 
PretrainedInit: load from https://www.modelscope.cn/models/wokaikaixinxin/ai4rs/resolve/master/GSDet_baseline/pretrain/diffusiondet_r50_fpn_500-proposals_1-step_crop-ms-480-800-450k_coco_new2.pth 

backbone.layer4.2.conv1.weight - torch.Size([512, 2048, 1, 1]): 
PretrainedInit: load from https://www.modelscope.cn/models/wokaikaixinxin/ai4rs/resolve/master/GSDet_baseline/pretrain/diffusiondet_r50_fpn_500-proposals_1-step_crop-ms-480-800-450k_coco_new2.pth 

backbone.layer4.2.bn1.weight - torch.Size([512]): 
PretrainedInit: load from https://www.modelscope.cn/models/wokaikaixinxin/ai4rs/resolve/master/GSDet_baseline/pretrain/diffusiondet_r50_fpn_500-proposals_1-step_crop-ms-480-800-450k_coco_new2.pth 

backbone.layer4.2.bn1.bias - torch.Size([512]): 
PretrainedInit: load from https://www.modelscope.cn/models/wokaikaixinxin/ai4rs/resolve/master/GSDet_baseline/pretrain/diffusiondet_r50_fpn_500-proposals_1-step_crop-ms-480-800-450k_coco_new2.pth 

backbone.layer4.2.conv2.weight - torch.Size([512, 512, 3, 3]): 
PretrainedInit: load from https://www.modelscope.cn/models/wokaikaixinxin/ai4rs/resolve/master/GSDet_baseline/pretrain/diffusiondet_r50_fpn_500-proposals_1-step_crop-ms-480-800-450k_coco_new2.pth 

backbone.layer4.2.bn2.weight - torch.Size([512]): 
PretrainedInit: load from https://www.modelscope.cn/models/wokaikaixinxin/ai4rs/resolve/master/GSDet_baseline/pretrain/diffusiondet_r50_fpn_500-proposals_1-step_crop-ms-480-800-450k_coco_new2.pth 

backbone.layer4.2.bn2.bias - torch.Size([512]): 
PretrainedInit: load from https://www.modelscope.cn/models/wokaikaixinxin/ai4rs/resolve/master/GSDet_baseline/pretrain/diffusiondet_r50_fpn_500-proposals_1-step_crop-ms-480-800-450k_coco_new2.pth 

backbone.layer4.2.conv3.weight - torch.Size([2048, 512, 1, 1]): 
PretrainedInit: load from https://www.modelscope.cn/models/wokaikaixinxin/ai4rs/resolve/master/GSDet_baseline/pretrain/diffusiondet_r50_fpn_500-proposals_1-step_crop-ms-480-800-450k_coco_new2.pth 

backbone.layer4.2.bn3.weight - torch.Size([2048]): 
PretrainedInit: load from https://www.modelscope.cn/models/wokaikaixinxin/ai4rs/resolve/master/GSDet_baseline/pretrain/diffusiondet_r50_fpn_500-proposals_1-step_crop-ms-480-800-450k_coco_new2.pth 

backbone.layer4.2.bn3.bias - torch.Size([2048]): 
PretrainedInit: load from https://www.modelscope.cn/models/wokaikaixinxin/ai4rs/resolve/master/GSDet_baseline/pretrain/diffusiondet_r50_fpn_500-proposals_1-step_crop-ms-480-800-450k_coco_new2.pth 

neck.lateral_convs.0.conv.weight - torch.Size([256, 256, 1, 1]): 
PretrainedInit: load from https://www.modelscope.cn/models/wokaikaixinxin/ai4rs/resolve/master/GSDet_baseline/pretrain/diffusiondet_r50_fpn_500-proposals_1-step_crop-ms-480-800-450k_coco_new2.pth 

neck.lateral_convs.0.conv.bias - torch.Size([256]): 
PretrainedInit: load from https://www.modelscope.cn/models/wokaikaixinxin/ai4rs/resolve/master/GSDet_baseline/pretrain/diffusiondet_r50_fpn_500-proposals_1-step_crop-ms-480-800-450k_coco_new2.pth 

neck.lateral_convs.1.conv.weight - torch.Size([256, 512, 1, 1]): 
PretrainedInit: load from https://www.modelscope.cn/models/wokaikaixinxin/ai4rs/resolve/master/GSDet_baseline/pretrain/diffusiondet_r50_fpn_500-proposals_1-step_crop-ms-480-800-450k_coco_new2.pth 

neck.lateral_convs.1.conv.bias - torch.Size([256]): 
PretrainedInit: load from https://www.modelscope.cn/models/wokaikaixinxin/ai4rs/resolve/master/GSDet_baseline/pretrain/diffusiondet_r50_fpn_500-proposals_1-step_crop-ms-480-800-450k_coco_new2.pth 

neck.lateral_convs.2.conv.weight - torch.Size([256, 1024, 1, 1]): 
PretrainedInit: load from https://www.modelscope.cn/models/wokaikaixinxin/ai4rs/resolve/master/GSDet_baseline/pretrain/diffusiondet_r50_fpn_500-proposals_1-step_crop-ms-480-800-450k_coco_new2.pth 

neck.lateral_convs.2.conv.bias - torch.Size([256]): 
PretrainedInit: load from https://www.modelscope.cn/models/wokaikaixinxin/ai4rs/resolve/master/GSDet_baseline/pretrain/diffusiondet_r50_fpn_500-proposals_1-step_crop-ms-480-800-450k_coco_new2.pth 

neck.lateral_convs.3.conv.weight - torch.Size([256, 2048, 1, 1]): 
PretrainedInit: load from https://www.modelscope.cn/models/wokaikaixinxin/ai4rs/resolve/master/GSDet_baseline/pretrain/diffusiondet_r50_fpn_500-proposals_1-step_crop-ms-480-800-450k_coco_new2.pth 

neck.lateral_convs.3.conv.bias - torch.Size([256]): 
PretrainedInit: load from https://www.modelscope.cn/models/wokaikaixinxin/ai4rs/resolve/master/GSDet_baseline/pretrain/diffusiondet_r50_fpn_500-proposals_1-step_crop-ms-480-800-450k_coco_new2.pth 

neck.fpn_convs.0.conv.weight - torch.Size([256, 256, 3, 3]): 
PretrainedInit: load from https://www.modelscope.cn/models/wokaikaixinxin/ai4rs/resolve/master/GSDet_baseline/pretrain/diffusiondet_r50_fpn_500-proposals_1-step_crop-ms-480-800-450k_coco_new2.pth 

neck.fpn_convs.0.conv.bias - torch.Size([256]): 
PretrainedInit: load from https://www.modelscope.cn/models/wokaikaixinxin/ai4rs/resolve/master/GSDet_baseline/pretrain/diffusiondet_r50_fpn_500-proposals_1-step_crop-ms-480-800-450k_coco_new2.pth 

neck.fpn_convs.1.conv.weight - torch.Size([256, 256, 3, 3]): 
PretrainedInit: load from https://www.modelscope.cn/models/wokaikaixinxin/ai4rs/resolve/master/GSDet_baseline/pretrain/diffusiondet_r50_fpn_500-proposals_1-step_crop-ms-480-800-450k_coco_new2.pth 

neck.fpn_convs.1.conv.bias - torch.Size([256]): 
PretrainedInit: load from https://www.modelscope.cn/models/wokaikaixinxin/ai4rs/resolve/master/GSDet_baseline/pretrain/diffusiondet_r50_fpn_500-proposals_1-step_crop-ms-480-800-450k_coco_new2.pth 

neck.fpn_convs.2.conv.weight - torch.Size([256, 256, 3, 3]): 
PretrainedInit: load from https://www.modelscope.cn/models/wokaikaixinxin/ai4rs/resolve/master/GSDet_baseline/pretrain/diffusiondet_r50_fpn_500-proposals_1-step_crop-ms-480-800-450k_coco_new2.pth 

neck.fpn_convs.2.conv.bias - torch.Size([256]): 
PretrainedInit: load from https://www.modelscope.cn/models/wokaikaixinxin/ai4rs/resolve/master/GSDet_baseline/pretrain/diffusiondet_r50_fpn_500-proposals_1-step_crop-ms-480-800-450k_coco_new2.pth 

neck.fpn_convs.3.conv.weight - torch.Size([256, 256, 3, 3]): 
PretrainedInit: load from https://www.modelscope.cn/models/wokaikaixinxin/ai4rs/resolve/master/GSDet_baseline/pretrain/diffusiondet_r50_fpn_500-proposals_1-step_crop-ms-480-800-450k_coco_new2.pth 

neck.fpn_convs.3.conv.bias - torch.Size([256]): 
PretrainedInit: load from https://www.modelscope.cn/models/wokaikaixinxin/ai4rs/resolve/master/GSDet_baseline/pretrain/diffusiondet_r50_fpn_500-proposals_1-step_crop-ms-480-800-450k_coco_new2.pth 

rpn_head.head_series.0.self_attn.in_proj_weight - torch.Size([768, 256]): 
PretrainedInit: load from https://www.modelscope.cn/models/wokaikaixinxin/ai4rs/resolve/master/GSDet_baseline/pretrain/diffusiondet_r50_fpn_500-proposals_1-step_crop-ms-480-800-450k_coco_new2.pth 

rpn_head.head_series.0.self_attn.in_proj_bias - torch.Size([768]): 
PretrainedInit: load from https://www.modelscope.cn/models/wokaikaixinxin/ai4rs/resolve/master/GSDet_baseline/pretrain/diffusiondet_r50_fpn_500-proposals_1-step_crop-ms-480-800-450k_coco_new2.pth 

rpn_head.head_series.0.self_attn.out_proj.weight - torch.Size([256, 256]): 
PretrainedInit: load from https://www.modelscope.cn/models/wokaikaixinxin/ai4rs/resolve/master/GSDet_baseline/pretrain/diffusiondet_r50_fpn_500-proposals_1-step_crop-ms-480-800-450k_coco_new2.pth 

rpn_head.head_series.0.self_attn.out_proj.bias - torch.Size([256]): 
PretrainedInit: load from https://www.modelscope.cn/models/wokaikaixinxin/ai4rs/resolve/master/GSDet_baseline/pretrain/diffusiondet_r50_fpn_500-proposals_1-step_crop-ms-480-800-450k_coco_new2.pth 

rpn_head.head_series.0.inst_interact.dynamic_layer.weight - torch.Size([32768, 256]): 
PretrainedInit: load from https://www.modelscope.cn/models/wokaikaixinxin/ai4rs/resolve/master/GSDet_baseline/pretrain/diffusiondet_r50_fpn_500-proposals_1-step_crop-ms-480-800-450k_coco_new2.pth 

rpn_head.head_series.0.inst_interact.dynamic_layer.bias - torch.Size([32768]): 
PretrainedInit: load from https://www.modelscope.cn/models/wokaikaixinxin/ai4rs/resolve/master/GSDet_baseline/pretrain/diffusiondet_r50_fpn_500-proposals_1-step_crop-ms-480-800-450k_coco_new2.pth 

rpn_head.head_series.0.inst_interact.norm1.weight - torch.Size([64]): 
PretrainedInit: load from https://www.modelscope.cn/models/wokaikaixinxin/ai4rs/resolve/master/GSDet_baseline/pretrain/diffusiondet_r50_fpn_500-proposals_1-step_crop-ms-480-800-450k_coco_new2.pth 

rpn_head.head_series.0.inst_interact.norm1.bias - torch.Size([64]): 
PretrainedInit: load from https://www.modelscope.cn/models/wokaikaixinxin/ai4rs/resolve/master/GSDet_baseline/pretrain/diffusiondet_r50_fpn_500-proposals_1-step_crop-ms-480-800-450k_coco_new2.pth 

rpn_head.head_series.0.inst_interact.norm2.weight - torch.Size([256]): 
PretrainedInit: load from https://www.modelscope.cn/models/wokaikaixinxin/ai4rs/resolve/master/GSDet_baseline/pretrain/diffusiondet_r50_fpn_500-proposals_1-step_crop-ms-480-800-450k_coco_new2.pth 

rpn_head.head_series.0.inst_interact.norm2.bias - torch.Size([256]): 
PretrainedInit: load from https://www.modelscope.cn/models/wokaikaixinxin/ai4rs/resolve/master/GSDet_baseline/pretrain/diffusiondet_r50_fpn_500-proposals_1-step_crop-ms-480-800-450k_coco_new2.pth 

rpn_head.head_series.0.inst_interact.out_layer.weight - torch.Size([256, 12544]): 
PretrainedInit: load from https://www.modelscope.cn/models/wokaikaixinxin/ai4rs/resolve/master/GSDet_baseline/pretrain/diffusiondet_r50_fpn_500-proposals_1-step_crop-ms-480-800-450k_coco_new2.pth 

rpn_head.head_series.0.inst_interact.out_layer.bias - torch.Size([256]): 
PretrainedInit: load from https://www.modelscope.cn/models/wokaikaixinxin/ai4rs/resolve/master/GSDet_baseline/pretrain/diffusiondet_r50_fpn_500-proposals_1-step_crop-ms-480-800-450k_coco_new2.pth 

rpn_head.head_series.0.inst_interact.norm3.weight - torch.Size([256]): 
PretrainedInit: load from https://www.modelscope.cn/models/wokaikaixinxin/ai4rs/resolve/master/GSDet_baseline/pretrain/diffusiondet_r50_fpn_500-proposals_1-step_crop-ms-480-800-450k_coco_new2.pth 

rpn_head.head_series.0.inst_interact.norm3.bias - torch.Size([256]): 
PretrainedInit: load from https://www.modelscope.cn/models/wokaikaixinxin/ai4rs/resolve/master/GSDet_baseline/pretrain/diffusiondet_r50_fpn_500-proposals_1-step_crop-ms-480-800-450k_coco_new2.pth 

rpn_head.head_series.0.linear1.weight - torch.Size([2048, 256]): 
PretrainedInit: load from https://www.modelscope.cn/models/wokaikaixinxin/ai4rs/resolve/master/GSDet_baseline/pretrain/diffusiondet_r50_fpn_500-proposals_1-step_crop-ms-480-800-450k_coco_new2.pth 

rpn_head.head_series.0.linear1.bias - torch.Size([2048]): 
PretrainedInit: load from https://www.modelscope.cn/models/wokaikaixinxin/ai4rs/resolve/master/GSDet_baseline/pretrain/diffusiondet_r50_fpn_500-proposals_1-step_crop-ms-480-800-450k_coco_new2.pth 

rpn_head.head_series.0.linear2.weight - torch.Size([256, 2048]): 
PretrainedInit: load from https://www.modelscope.cn/models/wokaikaixinxin/ai4rs/resolve/master/GSDet_baseline/pretrain/diffusiondet_r50_fpn_500-proposals_1-step_crop-ms-480-800-450k_coco_new2.pth 

rpn_head.head_series.0.linear2.bias - torch.Size([256]): 
PretrainedInit: load from https://www.modelscope.cn/models/wokaikaixinxin/ai4rs/resolve/master/GSDet_baseline/pretrain/diffusiondet_r50_fpn_500-proposals_1-step_crop-ms-480-800-450k_coco_new2.pth 

rpn_head.head_series.0.norm1.weight - torch.Size([256]): 
PretrainedInit: load from https://www.modelscope.cn/models/wokaikaixinxin/ai4rs/resolve/master/GSDet_baseline/pretrain/diffusiondet_r50_fpn_500-proposals_1-step_crop-ms-480-800-450k_coco_new2.pth 

rpn_head.head_series.0.norm1.bias - torch.Size([256]): 
PretrainedInit: load from https://www.modelscope.cn/models/wokaikaixinxin/ai4rs/resolve/master/GSDet_baseline/pretrain/diffusiondet_r50_fpn_500-proposals_1-step_crop-ms-480-800-450k_coco_new2.pth 

rpn_head.head_series.0.norm2.weight - torch.Size([256]): 
PretrainedInit: load from https://www.modelscope.cn/models/wokaikaixinxin/ai4rs/resolve/master/GSDet_baseline/pretrain/diffusiondet_r50_fpn_500-proposals_1-step_crop-ms-480-800-450k_coco_new2.pth 

rpn_head.head_series.0.norm2.bias - torch.Size([256]): 
PretrainedInit: load from https://www.modelscope.cn/models/wokaikaixinxin/ai4rs/resolve/master/GSDet_baseline/pretrain/diffusiondet_r50_fpn_500-proposals_1-step_crop-ms-480-800-450k_coco_new2.pth 

rpn_head.head_series.0.norm3.weight - torch.Size([256]): 
PretrainedInit: load from https://www.modelscope.cn/models/wokaikaixinxin/ai4rs/resolve/master/GSDet_baseline/pretrain/diffusiondet_r50_fpn_500-proposals_1-step_crop-ms-480-800-450k_coco_new2.pth 

rpn_head.head_series.0.norm3.bias - torch.Size([256]): 
PretrainedInit: load from https://www.modelscope.cn/models/wokaikaixinxin/ai4rs/resolve/master/GSDet_baseline/pretrain/diffusiondet_r50_fpn_500-proposals_1-step_crop-ms-480-800-450k_coco_new2.pth 

rpn_head.head_series.0.cls_module.0.weight - torch.Size([256, 256]): 
PretrainedInit: load from https://www.modelscope.cn/models/wokaikaixinxin/ai4rs/resolve/master/GSDet_baseline/pretrain/diffusiondet_r50_fpn_500-proposals_1-step_crop-ms-480-800-450k_coco_new2.pth 

rpn_head.head_series.0.cls_module.1.weight - torch.Size([256]): 
PretrainedInit: load from https://www.modelscope.cn/models/wokaikaixinxin/ai4rs/resolve/master/GSDet_baseline/pretrain/diffusiondet_r50_fpn_500-proposals_1-step_crop-ms-480-800-450k_coco_new2.pth 

rpn_head.head_series.0.cls_module.1.bias - torch.Size([256]): 
PretrainedInit: load from https://www.modelscope.cn/models/wokaikaixinxin/ai4rs/resolve/master/GSDet_baseline/pretrain/diffusiondet_r50_fpn_500-proposals_1-step_crop-ms-480-800-450k_coco_new2.pth 

rpn_head.head_series.0.reg_module.0.weight - torch.Size([256, 256]): 
PretrainedInit: load from https://www.modelscope.cn/models/wokaikaixinxin/ai4rs/resolve/master/GSDet_baseline/pretrain/diffusiondet_r50_fpn_500-proposals_1-step_crop-ms-480-800-450k_coco_new2.pth 

rpn_head.head_series.0.reg_module.1.weight - torch.Size([256]): 
PretrainedInit: load from https://www.modelscope.cn/models/wokaikaixinxin/ai4rs/resolve/master/GSDet_baseline/pretrain/diffusiondet_r50_fpn_500-proposals_1-step_crop-ms-480-800-450k_coco_new2.pth 

rpn_head.head_series.0.reg_module.1.bias - torch.Size([256]): 
PretrainedInit: load from https://www.modelscope.cn/models/wokaikaixinxin/ai4rs/resolve/master/GSDet_baseline/pretrain/diffusiondet_r50_fpn_500-proposals_1-step_crop-ms-480-800-450k_coco_new2.pth 

rpn_head.head_series.0.reg_module.3.weight - torch.Size([256, 256]): 
PretrainedInit: load from https://www.modelscope.cn/models/wokaikaixinxin/ai4rs/resolve/master/GSDet_baseline/pretrain/diffusiondet_r50_fpn_500-proposals_1-step_crop-ms-480-800-450k_coco_new2.pth 

rpn_head.head_series.0.reg_module.4.weight - torch.Size([256]): 
PretrainedInit: load from https://www.modelscope.cn/models/wokaikaixinxin/ai4rs/resolve/master/GSDet_baseline/pretrain/diffusiondet_r50_fpn_500-proposals_1-step_crop-ms-480-800-450k_coco_new2.pth 

rpn_head.head_series.0.reg_module.4.bias - torch.Size([256]): 
PretrainedInit: load from https://www.modelscope.cn/models/wokaikaixinxin/ai4rs/resolve/master/GSDet_baseline/pretrain/diffusiondet_r50_fpn_500-proposals_1-step_crop-ms-480-800-450k_coco_new2.pth 

rpn_head.head_series.0.reg_module.6.weight - torch.Size([256, 256]): 
PretrainedInit: load from https://www.modelscope.cn/models/wokaikaixinxin/ai4rs/resolve/master/GSDet_baseline/pretrain/diffusiondet_r50_fpn_500-proposals_1-step_crop-ms-480-800-450k_coco_new2.pth 

rpn_head.head_series.0.reg_module.7.weight - torch.Size([256]): 
PretrainedInit: load from https://www.modelscope.cn/models/wokaikaixinxin/ai4rs/resolve/master/GSDet_baseline/pretrain/diffusiondet_r50_fpn_500-proposals_1-step_crop-ms-480-800-450k_coco_new2.pth 

rpn_head.head_series.0.reg_module.7.bias - torch.Size([256]): 
PretrainedInit: load from https://www.modelscope.cn/models/wokaikaixinxin/ai4rs/resolve/master/GSDet_baseline/pretrain/diffusiondet_r50_fpn_500-proposals_1-step_crop-ms-480-800-450k_coco_new2.pth 

rpn_head.head_series.0.class_logits.weight - torch.Size([37, 256]): 
The value is the same before and after calling `init_weights` of GSDet  

rpn_head.head_series.0.class_logits.bias - torch.Size([37]): 
The value is the same before and after calling `init_weights` of GSDet  

rpn_head.head_series.0.bboxes_delta.weight - torch.Size([4, 256]): 
PretrainedInit: load from https://www.modelscope.cn/models/wokaikaixinxin/ai4rs/resolve/master/GSDet_baseline/pretrain/diffusiondet_r50_fpn_500-proposals_1-step_crop-ms-480-800-450k_coco_new2.pth 

rpn_head.head_series.0.bboxes_delta.bias - torch.Size([4]): 
PretrainedInit: load from https://www.modelscope.cn/models/wokaikaixinxin/ai4rs/resolve/master/GSDet_baseline/pretrain/diffusiondet_r50_fpn_500-proposals_1-step_crop-ms-480-800-450k_coco_new2.pth 

rpn_head.head_series.1.self_attn.in_proj_weight - torch.Size([768, 256]): 
PretrainedInit: load from https://www.modelscope.cn/models/wokaikaixinxin/ai4rs/resolve/master/GSDet_baseline/pretrain/diffusiondet_r50_fpn_500-proposals_1-step_crop-ms-480-800-450k_coco_new2.pth 

rpn_head.head_series.1.self_attn.in_proj_bias - torch.Size([768]): 
PretrainedInit: load from https://www.modelscope.cn/models/wokaikaixinxin/ai4rs/resolve/master/GSDet_baseline/pretrain/diffusiondet_r50_fpn_500-proposals_1-step_crop-ms-480-800-450k_coco_new2.pth 

rpn_head.head_series.1.self_attn.out_proj.weight - torch.Size([256, 256]): 
PretrainedInit: load from https://www.modelscope.cn/models/wokaikaixinxin/ai4rs/resolve/master/GSDet_baseline/pretrain/diffusiondet_r50_fpn_500-proposals_1-step_crop-ms-480-800-450k_coco_new2.pth 

rpn_head.head_series.1.self_attn.out_proj.bias - torch.Size([256]): 
PretrainedInit: load from https://www.modelscope.cn/models/wokaikaixinxin/ai4rs/resolve/master/GSDet_baseline/pretrain/diffusiondet_r50_fpn_500-proposals_1-step_crop-ms-480-800-450k_coco_new2.pth 

rpn_head.head_series.1.inst_interact.dynamic_layer.weight - torch.Size([32768, 256]): 
PretrainedInit: load from https://www.modelscope.cn/models/wokaikaixinxin/ai4rs/resolve/master/GSDet_baseline/pretrain/diffusiondet_r50_fpn_500-proposals_1-step_crop-ms-480-800-450k_coco_new2.pth 

rpn_head.head_series.1.inst_interact.dynamic_layer.bias - torch.Size([32768]): 
PretrainedInit: load from https://www.modelscope.cn/models/wokaikaixinxin/ai4rs/resolve/master/GSDet_baseline/pretrain/diffusiondet_r50_fpn_500-proposals_1-step_crop-ms-480-800-450k_coco_new2.pth 

rpn_head.head_series.1.inst_interact.norm1.weight - torch.Size([64]): 
PretrainedInit: load from https://www.modelscope.cn/models/wokaikaixinxin/ai4rs/resolve/master/GSDet_baseline/pretrain/diffusiondet_r50_fpn_500-proposals_1-step_crop-ms-480-800-450k_coco_new2.pth 

rpn_head.head_series.1.inst_interact.norm1.bias - torch.Size([64]): 
PretrainedInit: load from https://www.modelscope.cn/models/wokaikaixinxin/ai4rs/resolve/master/GSDet_baseline/pretrain/diffusiondet_r50_fpn_500-proposals_1-step_crop-ms-480-800-450k_coco_new2.pth 

rpn_head.head_series.1.inst_interact.norm2.weight - torch.Size([256]): 
PretrainedInit: load from https://www.modelscope.cn/models/wokaikaixinxin/ai4rs/resolve/master/GSDet_baseline/pretrain/diffusiondet_r50_fpn_500-proposals_1-step_crop-ms-480-800-450k_coco_new2.pth 

rpn_head.head_series.1.inst_interact.norm2.bias - torch.Size([256]): 
PretrainedInit: load from https://www.modelscope.cn/models/wokaikaixinxin/ai4rs/resolve/master/GSDet_baseline/pretrain/diffusiondet_r50_fpn_500-proposals_1-step_crop-ms-480-800-450k_coco_new2.pth 

rpn_head.head_series.1.inst_interact.out_layer.weight - torch.Size([256, 12544]): 
PretrainedInit: load from https://www.modelscope.cn/models/wokaikaixinxin/ai4rs/resolve/master/GSDet_baseline/pretrain/diffusiondet_r50_fpn_500-proposals_1-step_crop-ms-480-800-450k_coco_new2.pth 

rpn_head.head_series.1.inst_interact.out_layer.bias - torch.Size([256]): 
PretrainedInit: load from https://www.modelscope.cn/models/wokaikaixinxin/ai4rs/resolve/master/GSDet_baseline/pretrain/diffusiondet_r50_fpn_500-proposals_1-step_crop-ms-480-800-450k_coco_new2.pth 

rpn_head.head_series.1.inst_interact.norm3.weight - torch.Size([256]): 
PretrainedInit: load from https://www.modelscope.cn/models/wokaikaixinxin/ai4rs/resolve/master/GSDet_baseline/pretrain/diffusiondet_r50_fpn_500-proposals_1-step_crop-ms-480-800-450k_coco_new2.pth 

rpn_head.head_series.1.inst_interact.norm3.bias - torch.Size([256]): 
PretrainedInit: load from https://www.modelscope.cn/models/wokaikaixinxin/ai4rs/resolve/master/GSDet_baseline/pretrain/diffusiondet_r50_fpn_500-proposals_1-step_crop-ms-480-800-450k_coco_new2.pth 

rpn_head.head_series.1.linear1.weight - torch.Size([2048, 256]): 
PretrainedInit: load from https://www.modelscope.cn/models/wokaikaixinxin/ai4rs/resolve/master/GSDet_baseline/pretrain/diffusiondet_r50_fpn_500-proposals_1-step_crop-ms-480-800-450k_coco_new2.pth 

rpn_head.head_series.1.linear1.bias - torch.Size([2048]): 
PretrainedInit: load from https://www.modelscope.cn/models/wokaikaixinxin/ai4rs/resolve/master/GSDet_baseline/pretrain/diffusiondet_r50_fpn_500-proposals_1-step_crop-ms-480-800-450k_coco_new2.pth 

rpn_head.head_series.1.linear2.weight - torch.Size([256, 2048]): 
PretrainedInit: load from https://www.modelscope.cn/models/wokaikaixinxin/ai4rs/resolve/master/GSDet_baseline/pretrain/diffusiondet_r50_fpn_500-proposals_1-step_crop-ms-480-800-450k_coco_new2.pth 

rpn_head.head_series.1.linear2.bias - torch.Size([256]): 
PretrainedInit: load from https://www.modelscope.cn/models/wokaikaixinxin/ai4rs/resolve/master/GSDet_baseline/pretrain/diffusiondet_r50_fpn_500-proposals_1-step_crop-ms-480-800-450k_coco_new2.pth 

rpn_head.head_series.1.norm1.weight - torch.Size([256]): 
PretrainedInit: load from https://www.modelscope.cn/models/wokaikaixinxin/ai4rs/resolve/master/GSDet_baseline/pretrain/diffusiondet_r50_fpn_500-proposals_1-step_crop-ms-480-800-450k_coco_new2.pth 

rpn_head.head_series.1.norm1.bias - torch.Size([256]): 
PretrainedInit: load from https://www.modelscope.cn/models/wokaikaixinxin/ai4rs/resolve/master/GSDet_baseline/pretrain/diffusiondet_r50_fpn_500-proposals_1-step_crop-ms-480-800-450k_coco_new2.pth 

rpn_head.head_series.1.norm2.weight - torch.Size([256]): 
PretrainedInit: load from https://www.modelscope.cn/models/wokaikaixinxin/ai4rs/resolve/master/GSDet_baseline/pretrain/diffusiondet_r50_fpn_500-proposals_1-step_crop-ms-480-800-450k_coco_new2.pth 

rpn_head.head_series.1.norm2.bias - torch.Size([256]): 
PretrainedInit: load from https://www.modelscope.cn/models/wokaikaixinxin/ai4rs/resolve/master/GSDet_baseline/pretrain/diffusiondet_r50_fpn_500-proposals_1-step_crop-ms-480-800-450k_coco_new2.pth 

rpn_head.head_series.1.norm3.weight - torch.Size([256]): 
PretrainedInit: load from https://www.modelscope.cn/models/wokaikaixinxin/ai4rs/resolve/master/GSDet_baseline/pretrain/diffusiondet_r50_fpn_500-proposals_1-step_crop-ms-480-800-450k_coco_new2.pth 

rpn_head.head_series.1.norm3.bias - torch.Size([256]): 
PretrainedInit: load from https://www.modelscope.cn/models/wokaikaixinxin/ai4rs/resolve/master/GSDet_baseline/pretrain/diffusiondet_r50_fpn_500-proposals_1-step_crop-ms-480-800-450k_coco_new2.pth 

rpn_head.head_series.1.cls_module.0.weight - torch.Size([256, 256]): 
PretrainedInit: load from https://www.modelscope.cn/models/wokaikaixinxin/ai4rs/resolve/master/GSDet_baseline/pretrain/diffusiondet_r50_fpn_500-proposals_1-step_crop-ms-480-800-450k_coco_new2.pth 

rpn_head.head_series.1.cls_module.1.weight - torch.Size([256]): 
PretrainedInit: load from https://www.modelscope.cn/models/wokaikaixinxin/ai4rs/resolve/master/GSDet_baseline/pretrain/diffusiondet_r50_fpn_500-proposals_1-step_crop-ms-480-800-450k_coco_new2.pth 

rpn_head.head_series.1.cls_module.1.bias - torch.Size([256]): 
PretrainedInit: load from https://www.modelscope.cn/models/wokaikaixinxin/ai4rs/resolve/master/GSDet_baseline/pretrain/diffusiondet_r50_fpn_500-proposals_1-step_crop-ms-480-800-450k_coco_new2.pth 

rpn_head.head_series.1.reg_module.0.weight - torch.Size([256, 256]): 
PretrainedInit: load from https://www.modelscope.cn/models/wokaikaixinxin/ai4rs/resolve/master/GSDet_baseline/pretrain/diffusiondet_r50_fpn_500-proposals_1-step_crop-ms-480-800-450k_coco_new2.pth 

rpn_head.head_series.1.reg_module.1.weight - torch.Size([256]): 
PretrainedInit: load from https://www.modelscope.cn/models/wokaikaixinxin/ai4rs/resolve/master/GSDet_baseline/pretrain/diffusiondet_r50_fpn_500-proposals_1-step_crop-ms-480-800-450k_coco_new2.pth 

rpn_head.head_series.1.reg_module.1.bias - torch.Size([256]): 
PretrainedInit: load from https://www.modelscope.cn/models/wokaikaixinxin/ai4rs/resolve/master/GSDet_baseline/pretrain/diffusiondet_r50_fpn_500-proposals_1-step_crop-ms-480-800-450k_coco_new2.pth 

rpn_head.head_series.1.reg_module.3.weight - torch.Size([256, 256]): 
PretrainedInit: load from https://www.modelscope.cn/models/wokaikaixinxin/ai4rs/resolve/master/GSDet_baseline/pretrain/diffusiondet_r50_fpn_500-proposals_1-step_crop-ms-480-800-450k_coco_new2.pth 

rpn_head.head_series.1.reg_module.4.weight - torch.Size([256]): 
PretrainedInit: load from https://www.modelscope.cn/models/wokaikaixinxin/ai4rs/resolve/master/GSDet_baseline/pretrain/diffusiondet_r50_fpn_500-proposals_1-step_crop-ms-480-800-450k_coco_new2.pth 

rpn_head.head_series.1.reg_module.4.bias - torch.Size([256]): 
PretrainedInit: load from https://www.modelscope.cn/models/wokaikaixinxin/ai4rs/resolve/master/GSDet_baseline/pretrain/diffusiondet_r50_fpn_500-proposals_1-step_crop-ms-480-800-450k_coco_new2.pth 

rpn_head.head_series.1.reg_module.6.weight - torch.Size([256, 256]): 
PretrainedInit: load from https://www.modelscope.cn/models/wokaikaixinxin/ai4rs/resolve/master/GSDet_baseline/pretrain/diffusiondet_r50_fpn_500-proposals_1-step_crop-ms-480-800-450k_coco_new2.pth 

rpn_head.head_series.1.reg_module.7.weight - torch.Size([256]): 
PretrainedInit: load from https://www.modelscope.cn/models/wokaikaixinxin/ai4rs/resolve/master/GSDet_baseline/pretrain/diffusiondet_r50_fpn_500-proposals_1-step_crop-ms-480-800-450k_coco_new2.pth 

rpn_head.head_series.1.reg_module.7.bias - torch.Size([256]): 
PretrainedInit: load from https://www.modelscope.cn/models/wokaikaixinxin/ai4rs/resolve/master/GSDet_baseline/pretrain/diffusiondet_r50_fpn_500-proposals_1-step_crop-ms-480-800-450k_coco_new2.pth 

rpn_head.head_series.1.class_logits.weight - torch.Size([37, 256]): 
The value is the same before and after calling `init_weights` of GSDet  

rpn_head.head_series.1.class_logits.bias - torch.Size([37]): 
The value is the same before and after calling `init_weights` of GSDet  

rpn_head.head_series.1.bboxes_delta.weight - torch.Size([4, 256]): 
PretrainedInit: load from https://www.modelscope.cn/models/wokaikaixinxin/ai4rs/resolve/master/GSDet_baseline/pretrain/diffusiondet_r50_fpn_500-proposals_1-step_crop-ms-480-800-450k_coco_new2.pth 

rpn_head.head_series.1.bboxes_delta.bias - torch.Size([4]): 
PretrainedInit: load from https://www.modelscope.cn/models/wokaikaixinxin/ai4rs/resolve/master/GSDet_baseline/pretrain/diffusiondet_r50_fpn_500-proposals_1-step_crop-ms-480-800-450k_coco_new2.pth 

rpn_head.head_series.2.self_attn.in_proj_weight - torch.Size([768, 256]): 
PretrainedInit: load from https://www.modelscope.cn/models/wokaikaixinxin/ai4rs/resolve/master/GSDet_baseline/pretrain/diffusiondet_r50_fpn_500-proposals_1-step_crop-ms-480-800-450k_coco_new2.pth 

rpn_head.head_series.2.self_attn.in_proj_bias - torch.Size([768]): 
PretrainedInit: load from https://www.modelscope.cn/models/wokaikaixinxin/ai4rs/resolve/master/GSDet_baseline/pretrain/diffusiondet_r50_fpn_500-proposals_1-step_crop-ms-480-800-450k_coco_new2.pth 

rpn_head.head_series.2.self_attn.out_proj.weight - torch.Size([256, 256]): 
PretrainedInit: load from https://www.modelscope.cn/models/wokaikaixinxin/ai4rs/resolve/master/GSDet_baseline/pretrain/diffusiondet_r50_fpn_500-proposals_1-step_crop-ms-480-800-450k_coco_new2.pth 

rpn_head.head_series.2.self_attn.out_proj.bias - torch.Size([256]): 
PretrainedInit: load from https://www.modelscope.cn/models/wokaikaixinxin/ai4rs/resolve/master/GSDet_baseline/pretrain/diffusiondet_r50_fpn_500-proposals_1-step_crop-ms-480-800-450k_coco_new2.pth 

rpn_head.head_series.2.inst_interact.dynamic_layer.weight - torch.Size([32768, 256]): 
PretrainedInit: load from https://www.modelscope.cn/models/wokaikaixinxin/ai4rs/resolve/master/GSDet_baseline/pretrain/diffusiondet_r50_fpn_500-proposals_1-step_crop-ms-480-800-450k_coco_new2.pth 

rpn_head.head_series.2.inst_interact.dynamic_layer.bias - torch.Size([32768]): 
PretrainedInit: load from https://www.modelscope.cn/models/wokaikaixinxin/ai4rs/resolve/master/GSDet_baseline/pretrain/diffusiondet_r50_fpn_500-proposals_1-step_crop-ms-480-800-450k_coco_new2.pth 

rpn_head.head_series.2.inst_interact.norm1.weight - torch.Size([64]): 
PretrainedInit: load from https://www.modelscope.cn/models/wokaikaixinxin/ai4rs/resolve/master/GSDet_baseline/pretrain/diffusiondet_r50_fpn_500-proposals_1-step_crop-ms-480-800-450k_coco_new2.pth 

rpn_head.head_series.2.inst_interact.norm1.bias - torch.Size([64]): 
PretrainedInit: load from https://www.modelscope.cn/models/wokaikaixinxin/ai4rs/resolve/master/GSDet_baseline/pretrain/diffusiondet_r50_fpn_500-proposals_1-step_crop-ms-480-800-450k_coco_new2.pth 

rpn_head.head_series.2.inst_interact.norm2.weight - torch.Size([256]): 
PretrainedInit: load from https://www.modelscope.cn/models/wokaikaixinxin/ai4rs/resolve/master/GSDet_baseline/pretrain/diffusiondet_r50_fpn_500-proposals_1-step_crop-ms-480-800-450k_coco_new2.pth 

rpn_head.head_series.2.inst_interact.norm2.bias - torch.Size([256]): 
PretrainedInit: load from https://www.modelscope.cn/models/wokaikaixinxin/ai4rs/resolve/master/GSDet_baseline/pretrain/diffusiondet_r50_fpn_500-proposals_1-step_crop-ms-480-800-450k_coco_new2.pth 

rpn_head.head_series.2.inst_interact.out_layer.weight - torch.Size([256, 12544]): 
PretrainedInit: load from https://www.modelscope.cn/models/wokaikaixinxin/ai4rs/resolve/master/GSDet_baseline/pretrain/diffusiondet_r50_fpn_500-proposals_1-step_crop-ms-480-800-450k_coco_new2.pth 

rpn_head.head_series.2.inst_interact.out_layer.bias - torch.Size([256]): 
PretrainedInit: load from https://www.modelscope.cn/models/wokaikaixinxin/ai4rs/resolve/master/GSDet_baseline/pretrain/diffusiondet_r50_fpn_500-proposals_1-step_crop-ms-480-800-450k_coco_new2.pth 

rpn_head.head_series.2.inst_interact.norm3.weight - torch.Size([256]): 
PretrainedInit: load from https://www.modelscope.cn/models/wokaikaixinxin/ai4rs/resolve/master/GSDet_baseline/pretrain/diffusiondet_r50_fpn_500-proposals_1-step_crop-ms-480-800-450k_coco_new2.pth 

rpn_head.head_series.2.inst_interact.norm3.bias - torch.Size([256]): 
PretrainedInit: load from https://www.modelscope.cn/models/wokaikaixinxin/ai4rs/resolve/master/GSDet_baseline/pretrain/diffusiondet_r50_fpn_500-proposals_1-step_crop-ms-480-800-450k_coco_new2.pth 

rpn_head.head_series.2.linear1.weight - torch.Size([2048, 256]): 
PretrainedInit: load from https://www.modelscope.cn/models/wokaikaixinxin/ai4rs/resolve/master/GSDet_baseline/pretrain/diffusiondet_r50_fpn_500-proposals_1-step_crop-ms-480-800-450k_coco_new2.pth 

rpn_head.head_series.2.linear1.bias - torch.Size([2048]): 
PretrainedInit: load from https://www.modelscope.cn/models/wokaikaixinxin/ai4rs/resolve/master/GSDet_baseline/pretrain/diffusiondet_r50_fpn_500-proposals_1-step_crop-ms-480-800-450k_coco_new2.pth 

rpn_head.head_series.2.linear2.weight - torch.Size([256, 2048]): 
PretrainedInit: load from https://www.modelscope.cn/models/wokaikaixinxin/ai4rs/resolve/master/GSDet_baseline/pretrain/diffusiondet_r50_fpn_500-proposals_1-step_crop-ms-480-800-450k_coco_new2.pth 

rpn_head.head_series.2.linear2.bias - torch.Size([256]): 
PretrainedInit: load from https://www.modelscope.cn/models/wokaikaixinxin/ai4rs/resolve/master/GSDet_baseline/pretrain/diffusiondet_r50_fpn_500-proposals_1-step_crop-ms-480-800-450k_coco_new2.pth 

rpn_head.head_series.2.norm1.weight - torch.Size([256]): 
PretrainedInit: load from https://www.modelscope.cn/models/wokaikaixinxin/ai4rs/resolve/master/GSDet_baseline/pretrain/diffusiondet_r50_fpn_500-proposals_1-step_crop-ms-480-800-450k_coco_new2.pth 

rpn_head.head_series.2.norm1.bias - torch.Size([256]): 
PretrainedInit: load from https://www.modelscope.cn/models/wokaikaixinxin/ai4rs/resolve/master/GSDet_baseline/pretrain/diffusiondet_r50_fpn_500-proposals_1-step_crop-ms-480-800-450k_coco_new2.pth 

rpn_head.head_series.2.norm2.weight - torch.Size([256]): 
PretrainedInit: load from https://www.modelscope.cn/models/wokaikaixinxin/ai4rs/resolve/master/GSDet_baseline/pretrain/diffusiondet_r50_fpn_500-proposals_1-step_crop-ms-480-800-450k_coco_new2.pth 

rpn_head.head_series.2.norm2.bias - torch.Size([256]): 
PretrainedInit: load from https://www.modelscope.cn/models/wokaikaixinxin/ai4rs/resolve/master/GSDet_baseline/pretrain/diffusiondet_r50_fpn_500-proposals_1-step_crop-ms-480-800-450k_coco_new2.pth 

rpn_head.head_series.2.norm3.weight - torch.Size([256]): 
PretrainedInit: load from https://www.modelscope.cn/models/wokaikaixinxin/ai4rs/resolve/master/GSDet_baseline/pretrain/diffusiondet_r50_fpn_500-proposals_1-step_crop-ms-480-800-450k_coco_new2.pth 

rpn_head.head_series.2.norm3.bias - torch.Size([256]): 
PretrainedInit: load from https://www.modelscope.cn/models/wokaikaixinxin/ai4rs/resolve/master/GSDet_baseline/pretrain/diffusiondet_r50_fpn_500-proposals_1-step_crop-ms-480-800-450k_coco_new2.pth 

rpn_head.head_series.2.cls_module.0.weight - torch.Size([256, 256]): 
PretrainedInit: load from https://www.modelscope.cn/models/wokaikaixinxin/ai4rs/resolve/master/GSDet_baseline/pretrain/diffusiondet_r50_fpn_500-proposals_1-step_crop-ms-480-800-450k_coco_new2.pth 

rpn_head.head_series.2.cls_module.1.weight - torch.Size([256]): 
PretrainedInit: load from https://www.modelscope.cn/models/wokaikaixinxin/ai4rs/resolve/master/GSDet_baseline/pretrain/diffusiondet_r50_fpn_500-proposals_1-step_crop-ms-480-800-450k_coco_new2.pth 

rpn_head.head_series.2.cls_module.1.bias - torch.Size([256]): 
PretrainedInit: load from https://www.modelscope.cn/models/wokaikaixinxin/ai4rs/resolve/master/GSDet_baseline/pretrain/diffusiondet_r50_fpn_500-proposals_1-step_crop-ms-480-800-450k_coco_new2.pth 

rpn_head.head_series.2.reg_module.0.weight - torch.Size([256, 256]): 
PretrainedInit: load from https://www.modelscope.cn/models/wokaikaixinxin/ai4rs/resolve/master/GSDet_baseline/pretrain/diffusiondet_r50_fpn_500-proposals_1-step_crop-ms-480-800-450k_coco_new2.pth 

rpn_head.head_series.2.reg_module.1.weight - torch.Size([256]): 
PretrainedInit: load from https://www.modelscope.cn/models/wokaikaixinxin/ai4rs/resolve/master/GSDet_baseline/pretrain/diffusiondet_r50_fpn_500-proposals_1-step_crop-ms-480-800-450k_coco_new2.pth 

rpn_head.head_series.2.reg_module.1.bias - torch.Size([256]): 
PretrainedInit: load from https://www.modelscope.cn/models/wokaikaixinxin/ai4rs/resolve/master/GSDet_baseline/pretrain/diffusiondet_r50_fpn_500-proposals_1-step_crop-ms-480-800-450k_coco_new2.pth 

rpn_head.head_series.2.reg_module.3.weight - torch.Size([256, 256]): 
PretrainedInit: load from https://www.modelscope.cn/models/wokaikaixinxin/ai4rs/resolve/master/GSDet_baseline/pretrain/diffusiondet_r50_fpn_500-proposals_1-step_crop-ms-480-800-450k_coco_new2.pth 

rpn_head.head_series.2.reg_module.4.weight - torch.Size([256]): 
PretrainedInit: load from https://www.modelscope.cn/models/wokaikaixinxin/ai4rs/resolve/master/GSDet_baseline/pretrain/diffusiondet_r50_fpn_500-proposals_1-step_crop-ms-480-800-450k_coco_new2.pth 

rpn_head.head_series.2.reg_module.4.bias - torch.Size([256]): 
PretrainedInit: load from https://www.modelscope.cn/models/wokaikaixinxin/ai4rs/resolve/master/GSDet_baseline/pretrain/diffusiondet_r50_fpn_500-proposals_1-step_crop-ms-480-800-450k_coco_new2.pth 

rpn_head.head_series.2.reg_module.6.weight - torch.Size([256, 256]): 
PretrainedInit: load from https://www.modelscope.cn/models/wokaikaixinxin/ai4rs/resolve/master/GSDet_baseline/pretrain/diffusiondet_r50_fpn_500-proposals_1-step_crop-ms-480-800-450k_coco_new2.pth 

rpn_head.head_series.2.reg_module.7.weight - torch.Size([256]): 
PretrainedInit: load from https://www.modelscope.cn/models/wokaikaixinxin/ai4rs/resolve/master/GSDet_baseline/pretrain/diffusiondet_r50_fpn_500-proposals_1-step_crop-ms-480-800-450k_coco_new2.pth 

rpn_head.head_series.2.reg_module.7.bias - torch.Size([256]): 
PretrainedInit: load from https://www.modelscope.cn/models/wokaikaixinxin/ai4rs/resolve/master/GSDet_baseline/pretrain/diffusiondet_r50_fpn_500-proposals_1-step_crop-ms-480-800-450k_coco_new2.pth 

rpn_head.head_series.2.class_logits.weight - torch.Size([37, 256]): 
The value is the same before and after calling `init_weights` of GSDet  

rpn_head.head_series.2.class_logits.bias - torch.Size([37]): 
The value is the same before and after calling `init_weights` of GSDet  

rpn_head.head_series.2.bboxes_delta.weight - torch.Size([4, 256]): 
PretrainedInit: load from https://www.modelscope.cn/models/wokaikaixinxin/ai4rs/resolve/master/GSDet_baseline/pretrain/diffusiondet_r50_fpn_500-proposals_1-step_crop-ms-480-800-450k_coco_new2.pth 

rpn_head.head_series.2.bboxes_delta.bias - torch.Size([4]): 
PretrainedInit: load from https://www.modelscope.cn/models/wokaikaixinxin/ai4rs/resolve/master/GSDet_baseline/pretrain/diffusiondet_r50_fpn_500-proposals_1-step_crop-ms-480-800-450k_coco_new2.pth 

rpn_head.head_series.3.self_attn.in_proj_weight - torch.Size([768, 256]): 
PretrainedInit: load from https://www.modelscope.cn/models/wokaikaixinxin/ai4rs/resolve/master/GSDet_baseline/pretrain/diffusiondet_r50_fpn_500-proposals_1-step_crop-ms-480-800-450k_coco_new2.pth 

rpn_head.head_series.3.self_attn.in_proj_bias - torch.Size([768]): 
PretrainedInit: load from https://www.modelscope.cn/models/wokaikaixinxin/ai4rs/resolve/master/GSDet_baseline/pretrain/diffusiondet_r50_fpn_500-proposals_1-step_crop-ms-480-800-450k_coco_new2.pth 

rpn_head.head_series.3.self_attn.out_proj.weight - torch.Size([256, 256]): 
PretrainedInit: load from https://www.modelscope.cn/models/wokaikaixinxin/ai4rs/resolve/master/GSDet_baseline/pretrain/diffusiondet_r50_fpn_500-proposals_1-step_crop-ms-480-800-450k_coco_new2.pth 

rpn_head.head_series.3.self_attn.out_proj.bias - torch.Size([256]): 
PretrainedInit: load from https://www.modelscope.cn/models/wokaikaixinxin/ai4rs/resolve/master/GSDet_baseline/pretrain/diffusiondet_r50_fpn_500-proposals_1-step_crop-ms-480-800-450k_coco_new2.pth 

rpn_head.head_series.3.inst_interact.dynamic_layer.weight - torch.Size([32768, 256]): 
PretrainedInit: load from https://www.modelscope.cn/models/wokaikaixinxin/ai4rs/resolve/master/GSDet_baseline/pretrain/diffusiondet_r50_fpn_500-proposals_1-step_crop-ms-480-800-450k_coco_new2.pth 

rpn_head.head_series.3.inst_interact.dynamic_layer.bias - torch.Size([32768]): 
PretrainedInit: load from https://www.modelscope.cn/models/wokaikaixinxin/ai4rs/resolve/master/GSDet_baseline/pretrain/diffusiondet_r50_fpn_500-proposals_1-step_crop-ms-480-800-450k_coco_new2.pth 

rpn_head.head_series.3.inst_interact.norm1.weight - torch.Size([64]): 
PretrainedInit: load from https://www.modelscope.cn/models/wokaikaixinxin/ai4rs/resolve/master/GSDet_baseline/pretrain/diffusiondet_r50_fpn_500-proposals_1-step_crop-ms-480-800-450k_coco_new2.pth 

rpn_head.head_series.3.inst_interact.norm1.bias - torch.Size([64]): 
PretrainedInit: load from https://www.modelscope.cn/models/wokaikaixinxin/ai4rs/resolve/master/GSDet_baseline/pretrain/diffusiondet_r50_fpn_500-proposals_1-step_crop-ms-480-800-450k_coco_new2.pth 

rpn_head.head_series.3.inst_interact.norm2.weight - torch.Size([256]): 
PretrainedInit: load from https://www.modelscope.cn/models/wokaikaixinxin/ai4rs/resolve/master/GSDet_baseline/pretrain/diffusiondet_r50_fpn_500-proposals_1-step_crop-ms-480-800-450k_coco_new2.pth 

rpn_head.head_series.3.inst_interact.norm2.bias - torch.Size([256]): 
PretrainedInit: load from https://www.modelscope.cn/models/wokaikaixinxin/ai4rs/resolve/master/GSDet_baseline/pretrain/diffusiondet_r50_fpn_500-proposals_1-step_crop-ms-480-800-450k_coco_new2.pth 

rpn_head.head_series.3.inst_interact.out_layer.weight - torch.Size([256, 12544]): 
PretrainedInit: load from https://www.modelscope.cn/models/wokaikaixinxin/ai4rs/resolve/master/GSDet_baseline/pretrain/diffusiondet_r50_fpn_500-proposals_1-step_crop-ms-480-800-450k_coco_new2.pth 

rpn_head.head_series.3.inst_interact.out_layer.bias - torch.Size([256]): 
PretrainedInit: load from https://www.modelscope.cn/models/wokaikaixinxin/ai4rs/resolve/master/GSDet_baseline/pretrain/diffusiondet_r50_fpn_500-proposals_1-step_crop-ms-480-800-450k_coco_new2.pth 

rpn_head.head_series.3.inst_interact.norm3.weight - torch.Size([256]): 
PretrainedInit: load from https://www.modelscope.cn/models/wokaikaixinxin/ai4rs/resolve/master/GSDet_baseline/pretrain/diffusiondet_r50_fpn_500-proposals_1-step_crop-ms-480-800-450k_coco_new2.pth 

rpn_head.head_series.3.inst_interact.norm3.bias - torch.Size([256]): 
PretrainedInit: load from https://www.modelscope.cn/models/wokaikaixinxin/ai4rs/resolve/master/GSDet_baseline/pretrain/diffusiondet_r50_fpn_500-proposals_1-step_crop-ms-480-800-450k_coco_new2.pth 

rpn_head.head_series.3.linear1.weight - torch.Size([2048, 256]): 
PretrainedInit: load from https://www.modelscope.cn/models/wokaikaixinxin/ai4rs/resolve/master/GSDet_baseline/pretrain/diffusiondet_r50_fpn_500-proposals_1-step_crop-ms-480-800-450k_coco_new2.pth 

rpn_head.head_series.3.linear1.bias - torch.Size([2048]): 
PretrainedInit: load from https://www.modelscope.cn/models/wokaikaixinxin/ai4rs/resolve/master/GSDet_baseline/pretrain/diffusiondet_r50_fpn_500-proposals_1-step_crop-ms-480-800-450k_coco_new2.pth 

rpn_head.head_series.3.linear2.weight - torch.Size([256, 2048]): 
PretrainedInit: load from https://www.modelscope.cn/models/wokaikaixinxin/ai4rs/resolve/master/GSDet_baseline/pretrain/diffusiondet_r50_fpn_500-proposals_1-step_crop-ms-480-800-450k_coco_new2.pth 

rpn_head.head_series.3.linear2.bias - torch.Size([256]): 
PretrainedInit: load from https://www.modelscope.cn/models/wokaikaixinxin/ai4rs/resolve/master/GSDet_baseline/pretrain/diffusiondet_r50_fpn_500-proposals_1-step_crop-ms-480-800-450k_coco_new2.pth 

rpn_head.head_series.3.norm1.weight - torch.Size([256]): 
PretrainedInit: load from https://www.modelscope.cn/models/wokaikaixinxin/ai4rs/resolve/master/GSDet_baseline/pretrain/diffusiondet_r50_fpn_500-proposals_1-step_crop-ms-480-800-450k_coco_new2.pth 

rpn_head.head_series.3.norm1.bias - torch.Size([256]): 
PretrainedInit: load from https://www.modelscope.cn/models/wokaikaixinxin/ai4rs/resolve/master/GSDet_baseline/pretrain/diffusiondet_r50_fpn_500-proposals_1-step_crop-ms-480-800-450k_coco_new2.pth 

rpn_head.head_series.3.norm2.weight - torch.Size([256]): 
PretrainedInit: load from https://www.modelscope.cn/models/wokaikaixinxin/ai4rs/resolve/master/GSDet_baseline/pretrain/diffusiondet_r50_fpn_500-proposals_1-step_crop-ms-480-800-450k_coco_new2.pth 

rpn_head.head_series.3.norm2.bias - torch.Size([256]): 
PretrainedInit: load from https://www.modelscope.cn/models/wokaikaixinxin/ai4rs/resolve/master/GSDet_baseline/pretrain/diffusiondet_r50_fpn_500-proposals_1-step_crop-ms-480-800-450k_coco_new2.pth 

rpn_head.head_series.3.norm3.weight - torch.Size([256]): 
PretrainedInit: load from https://www.modelscope.cn/models/wokaikaixinxin/ai4rs/resolve/master/GSDet_baseline/pretrain/diffusiondet_r50_fpn_500-proposals_1-step_crop-ms-480-800-450k_coco_new2.pth 

rpn_head.head_series.3.norm3.bias - torch.Size([256]): 
PretrainedInit: load from https://www.modelscope.cn/models/wokaikaixinxin/ai4rs/resolve/master/GSDet_baseline/pretrain/diffusiondet_r50_fpn_500-proposals_1-step_crop-ms-480-800-450k_coco_new2.pth 

rpn_head.head_series.3.cls_module.0.weight - torch.Size([256, 256]): 
PretrainedInit: load from https://www.modelscope.cn/models/wokaikaixinxin/ai4rs/resolve/master/GSDet_baseline/pretrain/diffusiondet_r50_fpn_500-proposals_1-step_crop-ms-480-800-450k_coco_new2.pth 

rpn_head.head_series.3.cls_module.1.weight - torch.Size([256]): 
PretrainedInit: load from https://www.modelscope.cn/models/wokaikaixinxin/ai4rs/resolve/master/GSDet_baseline/pretrain/diffusiondet_r50_fpn_500-proposals_1-step_crop-ms-480-800-450k_coco_new2.pth 

rpn_head.head_series.3.cls_module.1.bias - torch.Size([256]): 
PretrainedInit: load from https://www.modelscope.cn/models/wokaikaixinxin/ai4rs/resolve/master/GSDet_baseline/pretrain/diffusiondet_r50_fpn_500-proposals_1-step_crop-ms-480-800-450k_coco_new2.pth 

rpn_head.head_series.3.reg_module.0.weight - torch.Size([256, 256]): 
PretrainedInit: load from https://www.modelscope.cn/models/wokaikaixinxin/ai4rs/resolve/master/GSDet_baseline/pretrain/diffusiondet_r50_fpn_500-proposals_1-step_crop-ms-480-800-450k_coco_new2.pth 

rpn_head.head_series.3.reg_module.1.weight - torch.Size([256]): 
PretrainedInit: load from https://www.modelscope.cn/models/wokaikaixinxin/ai4rs/resolve/master/GSDet_baseline/pretrain/diffusiondet_r50_fpn_500-proposals_1-step_crop-ms-480-800-450k_coco_new2.pth 

rpn_head.head_series.3.reg_module.1.bias - torch.Size([256]): 
PretrainedInit: load from https://www.modelscope.cn/models/wokaikaixinxin/ai4rs/resolve/master/GSDet_baseline/pretrain/diffusiondet_r50_fpn_500-proposals_1-step_crop-ms-480-800-450k_coco_new2.pth 

rpn_head.head_series.3.reg_module.3.weight - torch.Size([256, 256]): 
PretrainedInit: load from https://www.modelscope.cn/models/wokaikaixinxin/ai4rs/resolve/master/GSDet_baseline/pretrain/diffusiondet_r50_fpn_500-proposals_1-step_crop-ms-480-800-450k_coco_new2.pth 

rpn_head.head_series.3.reg_module.4.weight - torch.Size([256]): 
PretrainedInit: load from https://www.modelscope.cn/models/wokaikaixinxin/ai4rs/resolve/master/GSDet_baseline/pretrain/diffusiondet_r50_fpn_500-proposals_1-step_crop-ms-480-800-450k_coco_new2.pth 

rpn_head.head_series.3.reg_module.4.bias - torch.Size([256]): 
PretrainedInit: load from https://www.modelscope.cn/models/wokaikaixinxin/ai4rs/resolve/master/GSDet_baseline/pretrain/diffusiondet_r50_fpn_500-proposals_1-step_crop-ms-480-800-450k_coco_new2.pth 

rpn_head.head_series.3.reg_module.6.weight - torch.Size([256, 256]): 
PretrainedInit: load from https://www.modelscope.cn/models/wokaikaixinxin/ai4rs/resolve/master/GSDet_baseline/pretrain/diffusiondet_r50_fpn_500-proposals_1-step_crop-ms-480-800-450k_coco_new2.pth 

rpn_head.head_series.3.reg_module.7.weight - torch.Size([256]): 
PretrainedInit: load from https://www.modelscope.cn/models/wokaikaixinxin/ai4rs/resolve/master/GSDet_baseline/pretrain/diffusiondet_r50_fpn_500-proposals_1-step_crop-ms-480-800-450k_coco_new2.pth 

rpn_head.head_series.3.reg_module.7.bias - torch.Size([256]): 
PretrainedInit: load from https://www.modelscope.cn/models/wokaikaixinxin/ai4rs/resolve/master/GSDet_baseline/pretrain/diffusiondet_r50_fpn_500-proposals_1-step_crop-ms-480-800-450k_coco_new2.pth 

rpn_head.head_series.3.class_logits.weight - torch.Size([37, 256]): 
The value is the same before and after calling `init_weights` of GSDet  

rpn_head.head_series.3.class_logits.bias - torch.Size([37]): 
The value is the same before and after calling `init_weights` of GSDet  

rpn_head.head_series.3.bboxes_delta.weight - torch.Size([4, 256]): 
PretrainedInit: load from https://www.modelscope.cn/models/wokaikaixinxin/ai4rs/resolve/master/GSDet_baseline/pretrain/diffusiondet_r50_fpn_500-proposals_1-step_crop-ms-480-800-450k_coco_new2.pth 

rpn_head.head_series.3.bboxes_delta.bias - torch.Size([4]): 
PretrainedInit: load from https://www.modelscope.cn/models/wokaikaixinxin/ai4rs/resolve/master/GSDet_baseline/pretrain/diffusiondet_r50_fpn_500-proposals_1-step_crop-ms-480-800-450k_coco_new2.pth 

roi_head.bbox_head.0.fc_cls.weight - torch.Size([37, 256]): 
Initialized by user-defined `init_weights` in Hbox2RboxLayer  

roi_head.bbox_head.0.fc_cls.bias - torch.Size([37]): 
Initialized by user-defined `init_weights` in Hbox2RboxLayer  

roi_head.bbox_head.0.fc_reg.weight - torch.Size([6, 256]): 
Initialized by user-defined `init_weights` in Hbox2RboxLayer  

roi_head.bbox_head.0.fc_reg.bias - torch.Size([6]): 
NormalInit: mean=0, std=0.001, bias=0 

roi_head.bbox_head.0.self_attn.in_proj_weight - torch.Size([768, 256]): 
Initialized by user-defined `init_weights` in Hbox2RboxLayer  

roi_head.bbox_head.0.self_attn.in_proj_bias - torch.Size([768]): 
The value is the same before and after calling `init_weights` of GSDet  

roi_head.bbox_head.0.self_attn.out_proj.weight - torch.Size([256, 256]): 
Initialized by user-defined `init_weights` in Hbox2RboxLayer  

roi_head.bbox_head.0.self_attn.out_proj.bias - torch.Size([256]): 
The value is the same before and after calling `init_weights` of GSDet  

roi_head.bbox_head.0.inst_interact.dynamic_layer.weight - torch.Size([32768, 256]): 
Initialized by user-defined `init_weights` in Hbox2RboxLayer  

roi_head.bbox_head.0.inst_interact.dynamic_layer.bias - torch.Size([32768]): 
The value is the same before and after calling `init_weights` of GSDet  

roi_head.bbox_head.0.inst_interact.norm1.weight - torch.Size([64]): 
The value is the same before and after calling `init_weights` of GSDet  

roi_head.bbox_head.0.inst_interact.norm1.bias - torch.Size([64]): 
The value is the same before and after calling `init_weights` of GSDet  

roi_head.bbox_head.0.inst_interact.norm2.weight - torch.Size([256]): 
The value is the same before and after calling `init_weights` of GSDet  

roi_head.bbox_head.0.inst_interact.norm2.bias - torch.Size([256]): 
The value is the same before and after calling `init_weights` of GSDet  

roi_head.bbox_head.0.inst_interact.out_layer.weight - torch.Size([256, 12544]): 
Initialized by user-defined `init_weights` in Hbox2RboxLayer  

roi_head.bbox_head.0.inst_interact.out_layer.bias - torch.Size([256]): 
The value is the same before and after calling `init_weights` of GSDet  

roi_head.bbox_head.0.inst_interact.norm3.weight - torch.Size([256]): 
The value is the same before and after calling `init_weights` of GSDet  

roi_head.bbox_head.0.inst_interact.norm3.bias - torch.Size([256]): 
The value is the same before and after calling `init_weights` of GSDet  

roi_head.bbox_head.0.linear1.weight - torch.Size([2048, 256]): 
Initialized by user-defined `init_weights` in Hbox2RboxLayer  

roi_head.bbox_head.0.linear1.bias - torch.Size([2048]): 
The value is the same before and after calling `init_weights` of GSDet  

roi_head.bbox_head.0.linear2.weight - torch.Size([256, 2048]): 
Initialized by user-defined `init_weights` in Hbox2RboxLayer  

roi_head.bbox_head.0.linear2.bias - torch.Size([256]): 
The value is the same before and after calling `init_weights` of GSDet  

roi_head.bbox_head.0.norm1.weight - torch.Size([256]): 
The value is the same before and after calling `init_weights` of GSDet  

roi_head.bbox_head.0.norm1.bias - torch.Size([256]): 
The value is the same before and after calling `init_weights` of GSDet  

roi_head.bbox_head.0.norm2.weight - torch.Size([256]): 
The value is the same before and after calling `init_weights` of GSDet  

roi_head.bbox_head.0.norm2.bias - torch.Size([256]): 
The value is the same before and after calling `init_weights` of GSDet  

roi_head.bbox_head.0.norm3.weight - torch.Size([256]): 
The value is the same before and after calling `init_weights` of GSDet  

roi_head.bbox_head.0.norm3.bias - torch.Size([256]): 
The value is the same before and after calling `init_weights` of GSDet  

roi_head.bbox_head.0.cls_module.0.weight - torch.Size([256, 256]): 
Initialized by user-defined `init_weights` in Hbox2RboxLayer  

roi_head.bbox_head.0.cls_module.1.weight - torch.Size([256]): 
The value is the same before and after calling `init_weights` of GSDet  

roi_head.bbox_head.0.cls_module.1.bias - torch.Size([256]): 
The value is the same before and after calling `init_weights` of GSDet  

roi_head.bbox_head.0.reg_module.0.weight - torch.Size([256, 256]): 
Initialized by user-defined `init_weights` in Hbox2RboxLayer  

roi_head.bbox_head.0.reg_module.1.weight - torch.Size([256]): 
The value is the same before and after calling `init_weights` of GSDet  

roi_head.bbox_head.0.reg_module.1.bias - torch.Size([256]): 
The value is the same before and after calling `init_weights` of GSDet  

roi_head.bbox_head.0.reg_module.3.weight - torch.Size([256, 256]): 
Initialized by user-defined `init_weights` in Hbox2RboxLayer  

roi_head.bbox_head.0.reg_module.4.weight - torch.Size([256]): 
The value is the same before and after calling `init_weights` of GSDet  

roi_head.bbox_head.0.reg_module.4.bias - torch.Size([256]): 
The value is the same before and after calling `init_weights` of GSDet  

roi_head.bbox_head.0.reg_module.6.weight - torch.Size([256, 256]): 
Initialized by user-defined `init_weights` in Hbox2RboxLayer  

roi_head.bbox_head.0.reg_module.7.weight - torch.Size([256]): 
The value is the same before and after calling `init_weights` of GSDet  

roi_head.bbox_head.0.reg_module.7.bias - torch.Size([256]): 
The value is the same before and after calling `init_weights` of GSDet  

roi_head.bbox_head.1.fc_cls.weight - torch.Size([37, 256]): 
Initialized by user-defined `init_weights` in Rbox2RboxLayer  

roi_head.bbox_head.1.fc_cls.bias - torch.Size([37]): 
Initialized by user-defined `init_weights` in Rbox2RboxLayer  

roi_head.bbox_head.1.fc_reg.weight - torch.Size([5, 256]): 
Initialized by user-defined `init_weights` in Rbox2RboxLayer  

roi_head.bbox_head.1.fc_reg.bias - torch.Size([5]): 
NormalInit: mean=0, std=0.001, bias=0 

roi_head.bbox_head.1.self_attn.in_proj_weight - torch.Size([768, 256]): 
Initialized by user-defined `init_weights` in Rbox2RboxLayer  

roi_head.bbox_head.1.self_attn.in_proj_bias - torch.Size([768]): 
The value is the same before and after calling `init_weights` of GSDet  

roi_head.bbox_head.1.self_attn.out_proj.weight - torch.Size([256, 256]): 
Initialized by user-defined `init_weights` in Rbox2RboxLayer  

roi_head.bbox_head.1.self_attn.out_proj.bias - torch.Size([256]): 
The value is the same before and after calling `init_weights` of GSDet  

roi_head.bbox_head.1.inst_interact.dynamic_layer.weight - torch.Size([32768, 256]): 
Initialized by user-defined `init_weights` in Rbox2RboxLayer  

roi_head.bbox_head.1.inst_interact.dynamic_layer.bias - torch.Size([32768]): 
The value is the same before and after calling `init_weights` of GSDet  

roi_head.bbox_head.1.inst_interact.norm1.weight - torch.Size([64]): 
The value is the same before and after calling `init_weights` of GSDet  

roi_head.bbox_head.1.inst_interact.norm1.bias - torch.Size([64]): 
The value is the same before and after calling `init_weights` of GSDet  

roi_head.bbox_head.1.inst_interact.norm2.weight - torch.Size([256]): 
The value is the same before and after calling `init_weights` of GSDet  

roi_head.bbox_head.1.inst_interact.norm2.bias - torch.Size([256]): 
The value is the same before and after calling `init_weights` of GSDet  

roi_head.bbox_head.1.inst_interact.out_layer.weight - torch.Size([256, 12544]): 
Initialized by user-defined `init_weights` in Rbox2RboxLayer  

roi_head.bbox_head.1.inst_interact.out_layer.bias - torch.Size([256]): 
The value is the same before and after calling `init_weights` of GSDet  

roi_head.bbox_head.1.inst_interact.norm3.weight - torch.Size([256]): 
The value is the same before and after calling `init_weights` of GSDet  

roi_head.bbox_head.1.inst_interact.norm3.bias - torch.Size([256]): 
The value is the same before and after calling `init_weights` of GSDet  

roi_head.bbox_head.1.linear1.weight - torch.Size([2048, 256]): 
Initialized by user-defined `init_weights` in Rbox2RboxLayer  

roi_head.bbox_head.1.linear1.bias - torch.Size([2048]): 
The value is the same before and after calling `init_weights` of GSDet  

roi_head.bbox_head.1.linear2.weight - torch.Size([256, 2048]): 
Initialized by user-defined `init_weights` in Rbox2RboxLayer  

roi_head.bbox_head.1.linear2.bias - torch.Size([256]): 
The value is the same before and after calling `init_weights` of GSDet  

roi_head.bbox_head.1.norm1.weight - torch.Size([256]): 
The value is the same before and after calling `init_weights` of GSDet  

roi_head.bbox_head.1.norm1.bias - torch.Size([256]): 
The value is the same before and after calling `init_weights` of GSDet  

roi_head.bbox_head.1.norm2.weight - torch.Size([256]): 
The value is the same before and after calling `init_weights` of GSDet  

roi_head.bbox_head.1.norm2.bias - torch.Size([256]): 
The value is the same before and after calling `init_weights` of GSDet  

roi_head.bbox_head.1.norm3.weight - torch.Size([256]): 
The value is the same before and after calling `init_weights` of GSDet  

roi_head.bbox_head.1.norm3.bias - torch.Size([256]): 
The value is the same before and after calling `init_weights` of GSDet  

roi_head.bbox_head.1.cls_module.0.weight - torch.Size([256, 256]): 
Initialized by user-defined `init_weights` in Rbox2RboxLayer  

roi_head.bbox_head.1.cls_module.1.weight - torch.Size([256]): 
The value is the same before and after calling `init_weights` of GSDet  

roi_head.bbox_head.1.cls_module.1.bias - torch.Size([256]): 
The value is the same before and after calling `init_weights` of GSDet  

roi_head.bbox_head.1.reg_module.0.weight - torch.Size([256, 256]): 
Initialized by user-defined `init_weights` in Rbox2RboxLayer  

roi_head.bbox_head.1.reg_module.1.weight - torch.Size([256]): 
The value is the same before and after calling `init_weights` of GSDet  

roi_head.bbox_head.1.reg_module.1.bias - torch.Size([256]): 
The value is the same before and after calling `init_weights` of GSDet  

roi_head.bbox_head.1.reg_module.3.weight - torch.Size([256, 256]): 
Initialized by user-defined `init_weights` in Rbox2RboxLayer  

roi_head.bbox_head.1.reg_module.4.weight - torch.Size([256]): 
The value is the same before and after calling `init_weights` of GSDet  

roi_head.bbox_head.1.reg_module.4.bias - torch.Size([256]): 
The value is the same before and after calling `init_weights` of GSDet  

roi_head.bbox_head.1.reg_module.6.weight - torch.Size([256, 256]): 
Initialized by user-defined `init_weights` in Rbox2RboxLayer  

roi_head.bbox_head.1.reg_module.7.weight - torch.Size([256]): 
The value is the same before and after calling `init_weights` of GSDet  

roi_head.bbox_head.1.reg_module.7.bias - torch.Size([256]): 
The value is the same before and after calling `init_weights` of GSDet  
2026/03/31 16:59:32 - mmengine - INFO - Load checkpoint from work_dirs/rediffdet_fair1m1.0/epoch_25.pth
2026/03/31 16:59:32 - mmengine - WARNING - "FileClient" will be deprecated in future. Please use io functions in https://mmengine.readthedocs.io/en/latest/api/fileio.html#file-io
2026/03/31 16:59:32 - mmengine - WARNING - "HardDiskBackend" is the alias of "LocalBackend" and the former will be deprecated in future.
2026/03/31 16:59:32 - mmengine - INFO - Checkpoints will be saved to /media/Harddisk_A/Workers/wsy/ai4rs/work_dirs/rediffdet_fair1m_stage2.
2026/03/31 16:59:52 - mmengine - INFO - Epoch(train)  [1][   50/10002]  lr: 5.0000e-06  eta: 13:40:31  time: 0.4104  data_time: 0.0297  memory: 7329  grad_norm: 87.8807  loss: 7.9903  rpn_s.0.loss_cls: 0.6164  rpn_s.0.loss_bbox: 0.0977  rpn_s.0.loss_giou: 0.8189  rpn_s.1.loss_cls: 0.4206  rpn_s.1.loss_bbox: 0.0457  rpn_s.1.loss_giou: 0.4307  rpn_s.2.loss_cls: 0.3554  rpn_s.2.loss_bbox: 0.0388  rpn_s.2.loss_giou: 0.3764  rpn_s.3.loss_cls: 0.3177  rpn_s.3.loss_bbox: 0.0366  rpn_s.3.loss_giou: 0.3583  s0.loss_cls: 0.3521  s0.pos_acc: 91.6667  s0.loss_bbox: 0.5516  s0.loss_iou: 1.1515  s1.loss_cls: 0.3428  s1.pos_acc: 100.0000  s1.loss_bbox: 0.5591  s1.loss_iou: 1.1201
2026/03/31 17:00:11 - mmengine - INFO - Epoch(train)  [1][  100/10002]  lr: 5.0000e-06  eta: 13:01:38  time: 0.3718  data_time: 0.0031  memory: 7329  grad_norm: 87.6878  loss: 8.0281  rpn_s.0.loss_cls: 0.6335  rpn_s.0.loss_bbox: 0.0947  rpn_s.0.loss_giou: 0.7979  rpn_s.1.loss_cls: 0.4256  rpn_s.1.loss_bbox: 0.0429  rpn_s.1.loss_giou: 0.4219  rpn_s.2.loss_cls: 0.3507  rpn_s.2.loss_bbox: 0.0361  rpn_s.2.loss_giou: 0.3644  rpn_s.3.loss_cls: 0.3135  rpn_s.3.loss_bbox: 0.0334  rpn_s.3.loss_giou: 0.3446  s0.loss_cls: 0.3491  s0.pos_acc: 82.8947  s0.loss_bbox: 0.6208  s0.loss_iou: 1.1346  s1.loss_cls: 0.3527  s1.pos_acc: 71.0526  s1.loss_bbox: 0.6173  s1.loss_iou: 1.0944
2026/03/31 17:00:29 - mmengine - INFO - Epoch(train)  [1][  150/10002]  lr: 5.0000e-06  eta: 12:46:59  time: 0.3696  data_time: 0.0031  memory: 7329  grad_norm: 93.5653  loss: 7.9010  rpn_s.0.loss_cls: 0.6289  rpn_s.0.loss_bbox: 0.0975  rpn_s.0.loss_giou: 0.7625  rpn_s.1.loss_cls: 0.4252  rpn_s.1.loss_bbox: 0.0430  rpn_s.1.loss_giou: 0.3960  rpn_s.2.loss_cls: 0.3430  rpn_s.2.loss_bbox: 0.0357  rpn_s.2.loss_giou: 0.3428  rpn_s.3.loss_cls: 0.3032  rpn_s.3.loss_bbox: 0.0332  rpn_s.3.loss_giou: 0.3218  s0.loss_cls: 0.3397  s0.pos_acc: 73.9726  s0.loss_bbox: 0.6954  s0.loss_iou: 1.0609  s1.loss_cls: 0.3212  s1.pos_acc: 73.9726  s1.loss_bbox: 0.7186  s1.loss_iou: 1.0324
2026/03/31 17:00:48 - mmengine - INFO - Epoch(train)  [1][  200/10002]  lr: 5.0000e-06  eta: 12:41:57  time: 0.3745  data_time: 0.0030  memory: 7329  grad_norm: 98.1402  loss: 7.5564  rpn_s.0.loss_cls: 0.6154  rpn_s.0.loss_bbox: 0.0895  rpn_s.0.loss_giou: 0.7484  rpn_s.1.loss_cls: 0.4054  rpn_s.1.loss_bbox: 0.0402  rpn_s.1.loss_giou: 0.3787  rpn_s.2.loss_cls: 0.3311  rpn_s.2.loss_bbox: 0.0347  rpn_s.2.loss_giou: 0.3330  rpn_s.3.loss_cls: 0.2965  rpn_s.3.loss_bbox: 0.0331  rpn_s.3.loss_giou: 0.3132  s0.loss_cls: 0.3260  s0.pos_acc: 100.0000  s0.loss_bbox: 0.6071  s0.loss_iou: 1.0426  s1.loss_cls: 0.3207  s1.pos_acc: 100.0000  s1.loss_bbox: 0.6204  s1.loss_iou: 1.0203
2026/03/31 17:01:06 - mmengine - INFO - Epoch(train)  [1][  250/10002]  lr: 5.0000e-06  eta: 12:36:05  time: 0.3677  data_time: 0.0030  memory: 7329  grad_norm: 85.5105  loss: 8.0808  rpn_s.0.loss_cls: 0.6601  rpn_s.0.loss_bbox: 0.0985  rpn_s.0.loss_giou: 0.7566  rpn_s.1.loss_cls: 0.4650  rpn_s.1.loss_bbox: 0.0489  rpn_s.1.loss_giou: 0.4109  rpn_s.2.loss_cls: 0.3917  rpn_s.2.loss_bbox: 0.0416  rpn_s.2.loss_giou: 0.3642  rpn_s.3.loss_cls: 0.3452  rpn_s.3.loss_bbox: 0.0395  rpn_s.3.loss_giou: 0.3424  s0.loss_cls: 0.3772  s0.pos_acc: 96.1538  s0.loss_bbox: 0.5911  s0.loss_iou: 1.1079  s1.loss_cls: 0.3674  s1.pos_acc: 92.3077  s1.loss_bbox: 0.5847  s1.loss_iou: 1.0880
2026/03/31 17:01:25 - mmengine - INFO - Epoch(train)  [1][  300/10002]  lr: 5.0000e-06  eta: 12:33:06  time: 0.3707  data_time: 0.0030  memory: 7329  grad_norm: 93.6451  loss: 8.0899  rpn_s.0.loss_cls: 0.6403  rpn_s.0.loss_bbox: 0.0994  rpn_s.0.loss_giou: 0.7726  rpn_s.1.loss_cls: 0.4383  rpn_s.1.loss_bbox: 0.0455  rpn_s.1.loss_giou: 0.4116  rpn_s.2.loss_cls: 0.3713  rpn_s.2.loss_bbox: 0.0401  rpn_s.2.loss_giou: 0.3660  rpn_s.3.loss_cls: 0.3320  rpn_s.3.loss_bbox: 0.0383  rpn_s.3.loss_giou: 0.3484  s0.loss_cls: 0.3818  s0.pos_acc: 80.0000  s0.loss_bbox: 0.6285  s0.loss_iou: 1.1017  s1.loss_cls: 0.3648  s1.pos_acc: 74.0000  s1.loss_bbox: 0.6439  s1.loss_iou: 1.0651
2026/03/31 17:01:44 - mmengine - INFO - Epoch(train)  [1][  350/10002]  lr: 5.0000e-06  eta: 12:31:31  time: 0.3729  data_time: 0.0030  memory: 7329  grad_norm: 86.9128  loss: 7.9726  rpn_s.0.loss_cls: 0.6610  rpn_s.0.loss_bbox: 0.0968  rpn_s.0.loss_giou: 0.7955  rpn_s.1.loss_cls: 0.4522  rpn_s.1.loss_bbox: 0.0440  rpn_s.1.loss_giou: 0.4146  rpn_s.2.loss_cls: 0.3701  rpn_s.2.loss_bbox: 0.0362  rpn_s.2.loss_giou: 0.3567  rpn_s.3.loss_cls: 0.3321  rpn_s.3.loss_bbox: 0.0330  rpn_s.3.loss_giou: 0.3343  s0.loss_cls: 0.3682  s0.pos_acc: 82.1053  s0.loss_bbox: 0.5923  s0.loss_iou: 1.0827  s1.loss_cls: 0.3587  s1.pos_acc: 74.2105  s1.loss_bbox: 0.6000  s1.loss_iou: 1.0441
2026/03/31 17:02:02 - mmengine - INFO - Epoch(train)  [1][  400/10002]  lr: 5.0000e-06  eta: 12:29:13  time: 0.3688  data_time: 0.0030  memory: 7329  grad_norm: 91.1682  loss: 7.7857  rpn_s.0.loss_cls: 0.6156  rpn_s.0.loss_bbox: 0.0978  rpn_s.0.loss_giou: 0.7324  rpn_s.1.loss_cls: 0.4299  rpn_s.1.loss_bbox: 0.0491  rpn_s.1.loss_giou: 0.4066  rpn_s.2.loss_cls: 0.3604  rpn_s.2.loss_bbox: 0.0426  rpn_s.2.loss_giou: 0.3616  rpn_s.3.loss_cls: 0.3202  rpn_s.3.loss_bbox: 0.0394  rpn_s.3.loss_giou: 0.3396  s0.loss_cls: 0.3793  s0.pos_acc: 70.2703  s0.loss_bbox: 0.5140  s0.loss_iou: 1.1224  s1.loss_cls: 0.3686  s1.pos_acc: 62.1622  s1.loss_bbox: 0.5203  s1.loss_iou: 1.0858
2026/03/31 17:02:21 - mmengine - INFO - Epoch(train)  [1][  450/10002]  lr: 5.0000e-06  eta: 12:28:02  time: 0.3719  data_time: 0.0030  memory: 7329  grad_norm: 93.8015  loss: 8.0205  rpn_s.0.loss_cls: 0.6299  rpn_s.0.loss_bbox: 0.1027  rpn_s.0.loss_giou: 0.7762  rpn_s.1.loss_cls: 0.4215  rpn_s.1.loss_bbox: 0.0482  rpn_s.1.loss_giou: 0.4168  rpn_s.2.loss_cls: 0.3536  rpn_s.2.loss_bbox: 0.0410  rpn_s.2.loss_giou: 0.3640  rpn_s.3.loss_cls: 0.3133  rpn_s.3.loss_bbox: 0.0381  rpn_s.3.loss_giou: 0.3441  s0.loss_cls: 0.3548  s0.pos_acc: 69.4149  s0.loss_bbox: 0.6327  s0.loss_iou: 1.1205  s1.loss_cls: 0.3397  s1.pos_acc: 70.2128  s1.loss_bbox: 0.6473  s1.loss_iou: 1.0760
2026/03/31 17:02:39 - mmengine - INFO - Epoch(train)  [1][  500/10002]  lr: 5.0000e-06  eta: 12:27:32  time: 0.3744  data_time: 0.0030  memory: 7329  grad_norm: 81.4404  loss: 8.6515  rpn_s.0.loss_cls: 0.6476  rpn_s.0.loss_bbox: 0.1057  rpn_s.0.loss_giou: 0.8175  rpn_s.1.loss_cls: 0.4446  rpn_s.1.loss_bbox: 0.0505  rpn_s.1.loss_giou: 0.4349  rpn_s.2.loss_cls: 0.3727  rpn_s.2.loss_bbox: 0.0454  rpn_s.2.loss_giou: 0.3874  rpn_s.3.loss_cls: 0.3343  rpn_s.3.loss_bbox: 0.0425  rpn_s.3.loss_giou: 0.3656  s0.loss_cls: 0.3831  s0.pos_acc: 77.4194  s0.loss_bbox: 0.7060  s0.loss_iou: 1.2284  s1.loss_cls: 0.3758  s1.pos_acc: 79.5699  s1.loss_bbox: 0.7293  s1.loss_iou: 1.1802
2026/03/31 17:02:58 - mmengine - INFO - Epoch(train)  [1][  550/10002]  lr: 5.0000e-06  eta: 12:26:26  time: 0.3709  data_time: 0.0031  memory: 7329  grad_norm: 93.4109  loss: 7.5664  rpn_s.0.loss_cls: 0.6060  rpn_s.0.loss_bbox: 0.0956  rpn_s.0.loss_giou: 0.7448  rpn_s.1.loss_cls: 0.4035  rpn_s.1.loss_bbox: 0.0441  rpn_s.1.loss_giou: 0.3842  rpn_s.2.loss_cls: 0.3263  rpn_s.2.loss_bbox: 0.0377  rpn_s.2.loss_giou: 0.3369  rpn_s.3.loss_cls: 0.2972  rpn_s.3.loss_bbox: 0.0351  rpn_s.3.loss_giou: 0.3208  s0.loss_cls: 0.3565  s0.pos_acc: 77.3684  s0.loss_bbox: 0.5966  s0.loss_iou: 1.0302  s1.loss_cls: 0.3430  s1.pos_acc: 76.8421  s1.loss_bbox: 0.6245  s1.loss_iou: 0.9832
2026/03/31 17:03:17 - mmengine - INFO - Epoch(train)  [1][  600/10002]  lr: 5.0000e-06  eta: 12:26:37  time: 0.3778  data_time: 0.0030  memory: 7329  grad_norm: 95.3887  loss: 8.1499  rpn_s.0.loss_cls: 0.6375  rpn_s.0.loss_bbox: 0.0993  rpn_s.0.loss_giou: 0.8028  rpn_s.1.loss_cls: 0.4378  rpn_s.1.loss_bbox: 0.0465  rpn_s.1.loss_giou: 0.4248  rpn_s.2.loss_cls: 0.3604  rpn_s.2.loss_bbox: 0.0407  rpn_s.2.loss_giou: 0.3728  rpn_s.3.loss_cls: 0.3223  rpn_s.3.loss_bbox: 0.0367  rpn_s.3.loss_giou: 0.3466  s0.loss_cls: 0.3747  s0.pos_acc: 75.8621  s0.loss_bbox: 0.5814  s0.loss_iou: 1.1774  s1.loss_cls: 0.3678  s1.pos_acc: 67.2414  s1.loss_bbox: 0.5932  s1.loss_iou: 1.1270
2026/03/31 17:03:36 - mmengine - INFO - Epoch(train)  [1][  650/10002]  lr: 5.0000e-06  eta: 12:26:20  time: 0.3753  data_time: 0.0030  memory: 7329  grad_norm: 93.4202  loss: 7.9449  rpn_s.0.loss_cls: 0.6223  rpn_s.0.loss_bbox: 0.1020  rpn_s.0.loss_giou: 0.7608  rpn_s.1.loss_cls: 0.4285  rpn_s.1.loss_bbox: 0.0481  rpn_s.1.loss_giou: 0.3892  rpn_s.2.loss_cls: 0.3501  rpn_s.2.loss_bbox: 0.0408  rpn_s.2.loss_giou: 0.3358  rpn_s.3.loss_cls: 0.3081  rpn_s.3.loss_bbox: 0.0377  rpn_s.3.loss_giou: 0.3206  s0.loss_cls: 0.3625  s0.pos_acc: 100.0000  s0.loss_bbox: 0.6817  s0.loss_iou: 1.0779  s1.loss_cls: 0.3513  s1.pos_acc: 100.0000  s1.loss_bbox: 0.6900  s1.loss_iou: 1.0377
2026/03/31 17:03:54 - mmengine - INFO - Epoch(train)  [1][  700/10002]  lr: 5.0000e-06  eta: 12:25:58  time: 0.3747  data_time: 0.0030  memory: 7329  grad_norm: 85.4757  loss: 8.8798  rpn_s.0.loss_cls: 0.6707  rpn_s.0.loss_bbox: 0.1043  rpn_s.0.loss_giou: 0.9035  rpn_s.1.loss_cls: 0.4635  rpn_s.1.loss_bbox: 0.0504  rpn_s.1.loss_giou: 0.4631  rpn_s.2.loss_cls: 0.4043  rpn_s.2.loss_bbox: 0.0420  rpn_s.2.loss_giou: 0.3908  rpn_s.3.loss_cls: 0.3700  rpn_s.3.loss_bbox: 0.0381  rpn_s.3.loss_giou: 0.3680  s0.loss_cls: 0.4118  s0.pos_acc: 68.6335  s0.loss_bbox: 0.6314  s0.loss_iou: 1.2780  s1.loss_cls: 0.3971  s1.pos_acc: 69.2547  s1.loss_bbox: 0.6578  s1.loss_iou: 1.2352
2026/03/31 17:04:13 - mmengine - INFO - Epoch(train)  [1][  750/10002]  lr: 5.0000e-06  eta: 12:25:54  time: 0.3770  data_time: 0.0030  memory: 7330  grad_norm: 96.9723  loss: 7.8823  rpn_s.0.loss_cls: 0.6181  rpn_s.0.loss_bbox: 0.0962  rpn_s.0.loss_giou: 0.7571  rpn_s.1.loss_cls: 0.4326  rpn_s.1.loss_bbox: 0.0464  rpn_s.1.loss_giou: 0.4028  rpn_s.2.loss_cls: 0.3601  rpn_s.2.loss_bbox: 0.0391  rpn_s.2.loss_giou: 0.3541  rpn_s.3.loss_cls: 0.3259  rpn_s.3.loss_bbox: 0.0363  rpn_s.3.loss_giou: 0.3343  s0.loss_cls: 0.3675  s0.pos_acc: 59.0909  s0.loss_bbox: 0.6279  s0.loss_iou: 1.0540  s1.loss_cls: 0.3668  s1.pos_acc: 59.0909  s1.loss_bbox: 0.6503  s1.loss_iou: 1.0129
2026/03/31 17:04:32 - mmengine - INFO - Epoch(train)  [1][  800/10002]  lr: 5.0000e-06  eta: 12:25:27  time: 0.3742  data_time: 0.0029  memory: 7329  grad_norm: 91.4425  loss: 8.3420  rpn_s.0.loss_cls: 0.6532  rpn_s.0.loss_bbox: 0.0938  rpn_s.0.loss_giou: 0.8047  rpn_s.1.loss_cls: 0.4651  rpn_s.1.loss_bbox: 0.0428  rpn_s.1.loss_giou: 0.4288  rpn_s.2.loss_cls: 0.3960  rpn_s.2.loss_bbox: 0.0366  rpn_s.2.loss_giou: 0.3768  rpn_s.3.loss_cls: 0.3485  rpn_s.3.loss_bbox: 0.0342  rpn_s.3.loss_giou: 0.3603  s0.loss_cls: 0.4277  s0.pos_acc: 86.6667  s0.loss_bbox: 0.5433  s0.loss_iou: 1.1867  s1.loss_cls: 0.4095  s1.pos_acc: 90.0000  s1.loss_bbox: 0.5816  s1.loss_iou: 1.1524
2026/03/31 17:04:51 - mmengine - INFO - Epoch(train)  [1][  850/10002]  lr: 5.0000e-06  eta: 12:26:03  time: 0.3829  data_time: 0.0029  memory: 7330  grad_norm: 93.9673  loss: 8.1768  rpn_s.0.loss_cls: 0.6226  rpn_s.0.loss_bbox: 0.1012  rpn_s.0.loss_giou: 0.7888  rpn_s.1.loss_cls: 0.4291  rpn_s.1.loss_bbox: 0.0495  rpn_s.1.loss_giou: 0.4255  rpn_s.2.loss_cls: 0.3525  rpn_s.2.loss_bbox: 0.0431  rpn_s.2.loss_giou: 0.3722  rpn_s.3.loss_cls: 0.3193  rpn_s.3.loss_bbox: 0.0392  rpn_s.3.loss_giou: 0.3506  s0.loss_cls: 0.3685  s0.pos_acc: 80.0000  s0.loss_bbox: 0.6049  s0.loss_iou: 1.1754  s1.loss_cls: 0.3653  s1.pos_acc: 100.0000  s1.loss_bbox: 0.6381  s1.loss_iou: 1.1311
2026/03/31 17:05:10 - mmengine - INFO - Epoch(train)  [1][  900/10002]  lr: 5.0000e-06  eta: 12:26:42  time: 0.3844  data_time: 0.0029  memory: 7329  grad_norm: 85.2095  loss: 8.3755  rpn_s.0.loss_cls: 0.6391  rpn_s.0.loss_bbox: 0.1020  rpn_s.0.loss_giou: 0.8614  rpn_s.1.loss_cls: 0.4461  rpn_s.1.loss_bbox: 0.0467  rpn_s.1.loss_giou: 0.4520  rpn_s.2.loss_cls: 0.3638  rpn_s.2.loss_bbox: 0.0392  rpn_s.2.loss_giou: 0.3991  rpn_s.3.loss_cls: 0.3297  rpn_s.3.loss_bbox: 0.0362  rpn_s.3.loss_giou: 0.3751  s0.loss_cls: 0.3660  s0.pos_acc: 96.6667  s0.loss_bbox: 0.5570  s0.loss_iou: 1.2374  s1.loss_cls: 0.3644  s1.pos_acc: 96.6667  s1.loss_bbox: 0.5733  s1.loss_iou: 1.1869
2026/03/31 17:05:29 - mmengine - INFO - Epoch(train)  [1][  950/10002]  lr: 5.0000e-06  eta: 12:26:27  time: 0.3767  data_time: 0.0031  memory: 7329  grad_norm: 93.0393  loss: 8.0790  rpn_s.0.loss_cls: 0.6306  rpn_s.0.loss_bbox: 0.0984  rpn_s.0.loss_giou: 0.7757  rpn_s.1.loss_cls: 0.4369  rpn_s.1.loss_bbox: 0.0458  rpn_s.1.loss_giou: 0.4110  rpn_s.2.loss_cls: 0.3599  rpn_s.2.loss_bbox: 0.0376  rpn_s.2.loss_giou: 0.3563  rpn_s.3.loss_cls: 0.3259  rpn_s.3.loss_bbox: 0.0357  rpn_s.3.loss_giou: 0.3415  s0.loss_cls: 0.3559  s0.pos_acc: 84.8485  s0.loss_bbox: 0.6225  s0.loss_iou: 1.1386  s1.loss_cls: 0.3519  s1.pos_acc: 87.8788  s1.loss_bbox: 0.6448  s1.loss_iou: 1.1101
2026/03/31 17:05:48 - mmengine - INFO - Exp name: GSDet_r50_b900_h2h4_h2r1_r2r1_2x_fair1m1.0_20260331_165920
2026/03/31 17:05:48 - mmengine - INFO - Epoch(train)  [1][ 1000/10002]  lr: 5.0000e-06  eta: 12:26:11  time: 0.3766  data_time: 0.0030  memory: 7329  grad_norm: 98.8696  loss: 8.1493  rpn_s.0.loss_cls: 0.6429  rpn_s.0.loss_bbox: 0.0995  rpn_s.0.loss_giou: 0.8429  rpn_s.1.loss_cls: 0.4442  rpn_s.1.loss_bbox: 0.0429  rpn_s.1.loss_giou: 0.4254  rpn_s.2.loss_cls: 0.3606  rpn_s.2.loss_bbox: 0.0357  rpn_s.2.loss_giou: 0.3676  rpn_s.3.loss_cls: 0.3174  rpn_s.3.loss_bbox: 0.0324  rpn_s.3.loss_giou: 0.3440  s0.loss_cls: 0.3524  s0.pos_acc: 86.3636  s0.loss_bbox: 0.6066  s0.loss_iou: 1.1504  s1.loss_cls: 0.3447  s1.pos_acc: 86.3636  s1.loss_bbox: 0.6262  s1.loss_iou: 1.1135
2026/03/31 17:06:07 - mmengine - INFO - Epoch(train)  [1][ 1050/10002]  lr: 5.0000e-06  eta: 12:26:22  time: 0.3815  data_time: 0.0031  memory: 7329  grad_norm: 95.2078  loss: 8.0618  rpn_s.0.loss_cls: 0.6318  rpn_s.0.loss_bbox: 0.1015  rpn_s.0.loss_giou: 0.8303  rpn_s.1.loss_cls: 0.4298  rpn_s.1.loss_bbox: 0.0457  rpn_s.1.loss_giou: 0.4140  rpn_s.2.loss_cls: 0.3678  rpn_s.2.loss_bbox: 0.0406  rpn_s.2.loss_giou: 0.3638  rpn_s.3.loss_cls: 0.3296  rpn_s.3.loss_bbox: 0.0380  rpn_s.3.loss_giou: 0.3437  s0.loss_cls: 0.3657  s0.pos_acc: 79.1667  s0.loss_bbox: 0.5773  s0.loss_iou: 1.1501  s1.loss_cls: 0.3507  s1.pos_acc: 84.1667  s1.loss_bbox: 0.5825  s1.loss_iou: 1.0989
2026/03/31 17:06:26 - mmengine - INFO - Epoch(train)  [1][ 1100/10002]  lr: 5.0000e-06  eta: 12:25:57  time: 0.3752  data_time: 0.0030  memory: 7329  grad_norm: 96.8614  loss: 8.4714  rpn_s.0.loss_cls: 0.6357  rpn_s.0.loss_bbox: 0.1051  rpn_s.0.loss_giou: 0.8382  rpn_s.1.loss_cls: 0.4534  rpn_s.1.loss_bbox: 0.0490  rpn_s.1.loss_giou: 0.4455  rpn_s.2.loss_cls: 0.3743  rpn_s.2.loss_bbox: 0.0421  rpn_s.2.loss_giou: 0.3928  rpn_s.3.loss_cls: 0.3435  rpn_s.3.loss_bbox: 0.0389  rpn_s.3.loss_giou: 0.3689  s0.loss_cls: 0.4014  s0.pos_acc: 20.9677  s0.loss_bbox: 0.6288  s0.loss_iou: 1.1782  s1.loss_cls: 0.3833  s1.pos_acc: 14.5161  s1.loss_bbox: 0.6535  s1.loss_iou: 1.1389
2026/03/31 17:06:45 - mmengine - INFO - Epoch(train)  [1][ 1150/10002]  lr: 5.0000e-06  eta: 12:25:51  time: 0.3788  data_time: 0.0031  memory: 7329  grad_norm: 95.4616  loss: 8.0698  rpn_s.0.loss_cls: 0.6165  rpn_s.0.loss_bbox: 0.0956  rpn_s.0.loss_giou: 0.7954  rpn_s.1.loss_cls: 0.4252  rpn_s.1.loss_bbox: 0.0437  rpn_s.1.loss_giou: 0.4241  rpn_s.2.loss_cls: 0.3379  rpn_s.2.loss_bbox: 0.0365  rpn_s.2.loss_giou: 0.3727  rpn_s.3.loss_cls: 0.3054  rpn_s.3.loss_bbox: 0.0335  rpn_s.3.loss_giou: 0.3488  s0.loss_cls: 0.3474  s0.pos_acc: 50.0000  s0.loss_bbox: 0.5992  s0.loss_iou: 1.1937  s1.loss_cls: 0.3341  s1.pos_acc: 66.6667  s1.loss_bbox: 0.6104  s1.loss_iou: 1.1498
2026/03/31 17:07:04 - mmengine - INFO - Epoch(train)  [1][ 1200/10002]  lr: 5.0000e-06  eta: 12:25:39  time: 0.3777  data_time: 0.0033  memory: 7329  grad_norm: 100.3568  loss: 7.9005  rpn_s.0.loss_cls: 0.6214  rpn_s.0.loss_bbox: 0.0943  rpn_s.0.loss_giou: 0.7389  rpn_s.1.loss_cls: 0.4294  rpn_s.1.loss_bbox: 0.0443  rpn_s.1.loss_giou: 0.3992  rpn_s.2.loss_cls: 0.3605  rpn_s.2.loss_bbox: 0.0375  rpn_s.2.loss_giou: 0.3463  rpn_s.3.loss_cls: 0.3227  rpn_s.3.loss_bbox: 0.0345  rpn_s.3.loss_giou: 0.3237  s0.loss_cls: 0.3784  s0.pos_acc: 70.9877  s0.loss_bbox: 0.6351  s0.loss_iou: 1.0728  s1.loss_cls: 0.3751  s1.pos_acc: 72.2222  s1.loss_bbox: 0.6553  s1.loss_iou: 1.0308
2026/03/31 17:07:22 - mmengine - INFO - Epoch(train)  [1][ 1250/10002]  lr: 5.0000e-06  eta: 12:25:04  time: 0.3732  data_time: 0.0030  memory: 7329  grad_norm: 102.3565  loss: 7.9108  rpn_s.0.loss_cls: 0.6314  rpn_s.0.loss_bbox: 0.0994  rpn_s.0.loss_giou: 0.7057  rpn_s.1.loss_cls: 0.4610  rpn_s.1.loss_bbox: 0.0475  rpn_s.1.loss_giou: 0.3767  rpn_s.2.loss_cls: 0.3673  rpn_s.2.loss_bbox: 0.0404  rpn_s.2.loss_giou: 0.3320  rpn_s.3.loss_cls: 0.3406  rpn_s.3.loss_bbox: 0.0385  rpn_s.3.loss_giou: 0.3148  s0.loss_cls: 0.4092  s0.pos_acc: 66.3551  s0.loss_bbox: 0.6088  s0.loss_iou: 1.0752  s1.loss_cls: 0.3933  s1.pos_acc: 70.5607  s1.loss_bbox: 0.6355  s1.loss_iou: 1.0336
2026/03/31 17:07:41 - mmengine - INFO - Epoch(train)  [1][ 1300/10002]  lr: 5.0000e-06  eta: 12:24:26  time: 0.3721  data_time: 0.0029  memory: 7329  grad_norm: 82.1785  loss: 8.6821  rpn_s.0.loss_cls: 0.6984  rpn_s.0.loss_bbox: 0.0943  rpn_s.0.loss_giou: 0.8331  rpn_s.1.loss_cls: 0.4801  rpn_s.1.loss_bbox: 0.0427  rpn_s.1.loss_giou: 0.4390  rpn_s.2.loss_cls: 0.4142  rpn_s.2.loss_bbox: 0.0365  rpn_s.2.loss_giou: 0.3884  rpn_s.3.loss_cls: 0.3726  rpn_s.3.loss_bbox: 0.0341  rpn_s.3.loss_giou: 0.3712  s0.loss_cls: 0.4340  s0.pos_acc: 50.0000  s0.loss_bbox: 0.5854  s0.loss_iou: 1.2207  s1.loss_cls: 0.4253  s1.pos_acc: 63.8889  s1.loss_bbox: 0.6284  s1.loss_iou: 1.1837
2026/03/31 17:08:00 - mmengine - INFO - Epoch(train)  [1][ 1350/10002]  lr: 5.0000e-06  eta: 12:24:09  time: 0.3766  data_time: 0.0029  memory: 7329  grad_norm: 82.3159  loss: 8.3790  rpn_s.0.loss_cls: 0.6379  rpn_s.0.loss_bbox: 0.1030  rpn_s.0.loss_giou: 0.8334  rpn_s.1.loss_cls: 0.4350  rpn_s.1.loss_bbox: 0.0479  rpn_s.1.loss_giou: 0.4456  rpn_s.2.loss_cls: 0.3582  rpn_s.2.loss_bbox: 0.0414  rpn_s.2.loss_giou: 0.3905  rpn_s.3.loss_cls: 0.3267  rpn_s.3.loss_bbox: 0.0374  rpn_s.3.loss_giou: 0.3670  s0.loss_cls: 0.3767  s0.pos_acc: 75.0000  s0.loss_bbox: 0.6195  s0.loss_iou: 1.2055  s1.loss_cls: 0.3576  s1.pos_acc: 66.6667  s1.loss_bbox: 0.6326  s1.loss_iou: 1.1630
2026/03/31 17:08:18 - mmengine - INFO - Epoch(train)  [1][ 1400/10002]  lr: 5.0000e-06  eta: 12:23:47  time: 0.3757  data_time: 0.0030  memory: 7329  grad_norm: 81.3007  loss: 8.0093  rpn_s.0.loss_cls: 0.6232  rpn_s.0.loss_bbox: 0.0925  rpn_s.0.loss_giou: 0.7847  rpn_s.1.loss_cls: 0.4253  rpn_s.1.loss_bbox: 0.0409  rpn_s.1.loss_giou: 0.4055  rpn_s.2.loss_cls: 0.3551  rpn_s.2.loss_bbox: 0.0356  rpn_s.2.loss_giou: 0.3591  rpn_s.3.loss_cls: 0.3191  rpn_s.3.loss_bbox: 0.0331  rpn_s.3.loss_giou: 0.3424  s0.loss_cls: 0.3591  s0.pos_acc: 61.8421  s0.loss_bbox: 0.6330  s0.loss_iou: 1.1196  s1.loss_cls: 0.3477  s1.pos_acc: 61.8421  s1.loss_bbox: 0.6414  s1.loss_iou: 1.0919
2026/03/31 17:08:37 - mmengine - INFO - Epoch(train)  [1][ 1450/10002]  lr: 5.0000e-06  eta: 12:23:44  time: 0.3800  data_time: 0.0030  memory: 7330  grad_norm: 82.1636  loss: 7.8199  rpn_s.0.loss_cls: 0.6306  rpn_s.0.loss_bbox: 0.0949  rpn_s.0.loss_giou: 0.7534  rpn_s.1.loss_cls: 0.4352  rpn_s.1.loss_bbox: 0.0450  rpn_s.1.loss_giou: 0.3960  rpn_s.2.loss_cls: 0.3608  rpn_s.2.loss_bbox: 0.0396  rpn_s.2.loss_giou: 0.3455  rpn_s.3.loss_cls: 0.3113  rpn_s.3.loss_bbox: 0.0357  rpn_s.3.loss_giou: 0.3232  s0.loss_cls: 0.3582  s0.pos_acc: 100.0000  s0.loss_bbox: 0.5976  s0.loss_iou: 1.0791  s1.loss_cls: 0.3576  s1.pos_acc: 90.0000  s1.loss_bbox: 0.6197  s1.loss_iou: 1.0364
2026/03/31 17:08:57 - mmengine - INFO - Epoch(train)  [1][ 1500/10002]  lr: 5.0000e-06  eta: 12:23:54  time: 0.3837  data_time: 0.0030  memory: 7330  grad_norm: 85.6554  loss: 8.4220  rpn_s.0.loss_cls: 0.6062  rpn_s.0.loss_bbox: 0.1002  rpn_s.0.loss_giou: 0.8414  rpn_s.1.loss_cls: 0.4219  rpn_s.1.loss_bbox: 0.0471  rpn_s.1.loss_giou: 0.4458  rpn_s.2.loss_cls: 0.3514  rpn_s.2.loss_bbox: 0.0395  rpn_s.2.loss_giou: 0.3913  rpn_s.3.loss_cls: 0.3179  rpn_s.3.loss_bbox: 0.0368  rpn_s.3.loss_giou: 0.3712  s0.loss_cls: 0.3687  s0.pos_acc: 75.9091  s0.loss_bbox: 0.6173  s0.loss_iou: 1.2528  s1.loss_cls: 0.3610  s1.pos_acc: 72.7273  s1.loss_bbox: 0.6509  s1.loss_iou: 1.2006
2026/03/31 17:09:15 - mmengine - INFO - Epoch(train)  [1][ 1550/10002]  lr: 5.0000e-06  eta: 12:23:22  time: 0.3731  data_time: 0.0030  memory: 7329  grad_norm: 98.0629  loss: 8.1155  rpn_s.0.loss_cls: 0.6041  rpn_s.0.loss_bbox: 0.1063  rpn_s.0.loss_giou: 0.7525  rpn_s.1.loss_cls: 0.4281  rpn_s.1.loss_bbox: 0.0521  rpn_s.1.loss_giou: 0.4307  rpn_s.2.loss_cls: 0.3397  rpn_s.2.loss_bbox: 0.0454  rpn_s.2.loss_giou: 0.3814  rpn_s.3.loss_cls: 0.3037  rpn_s.3.loss_bbox: 0.0424  rpn_s.3.loss_giou: 0.3567  s0.loss_cls: 0.3724  s0.pos_acc: 100.0000  s0.loss_bbox: 0.6003  s0.loss_iou: 1.1932  s1.loss_cls: 0.3658  s1.pos_acc: 100.0000  s1.loss_bbox: 0.5965  s1.loss_iou: 1.1443
2026/03/31 17:09:34 - mmengine - INFO - Epoch(train)  [1][ 1600/10002]  lr: 5.0000e-06  eta: 12:23:06  time: 0.3773  data_time: 0.0030  memory: 7329  grad_norm: 94.7122  loss: 8.1092  rpn_s.0.loss_cls: 0.6420  rpn_s.0.loss_bbox: 0.1040  rpn_s.0.loss_giou: 0.7730  rpn_s.1.loss_cls: 0.4370  rpn_s.1.loss_bbox: 0.0493  rpn_s.1.loss_giou: 0.4063  rpn_s.2.loss_cls: 0.3609  rpn_s.2.loss_bbox: 0.0425  rpn_s.2.loss_giou: 0.3502  rpn_s.3.loss_cls: 0.3190  rpn_s.3.loss_bbox: 0.0392  rpn_s.3.loss_giou: 0.3282  s0.loss_cls: 0.3655  s0.pos_acc: 65.7895  s0.loss_bbox: 0.7156  s0.loss_iou: 1.0801  s1.loss_cls: 0.3623  s1.pos_acc: 69.0789  s1.loss_bbox: 0.7025  s1.loss_iou: 1.0317
2026/03/31 17:09:53 - mmengine - INFO - Epoch(train)  [1][ 1650/10002]  lr: 5.0000e-06  eta: 12:23:11  time: 0.3830  data_time: 0.0030  memory: 7330  grad_norm: 89.7592  loss: 8.0418  rpn_s.0.loss_cls: 0.5684  rpn_s.0.loss_bbox: 0.1056  rpn_s.0.loss_giou: 0.7929  rpn_s.1.loss_cls: 0.3946  rpn_s.1.loss_bbox: 0.0494  rpn_s.1.loss_giou: 0.4268  rpn_s.2.loss_cls: 0.3098  rpn_s.2.loss_bbox: 0.0419  rpn_s.2.loss_giou: 0.3759  rpn_s.3.loss_cls: 0.2768  rpn_s.3.loss_bbox: 0.0381  rpn_s.3.loss_giou: 0.3501  s0.loss_cls: 0.3140  s0.pos_acc: 69.4853  s0.loss_bbox: 0.6429  s0.loss_iou: 1.2146  s1.loss_cls: 0.3131  s1.pos_acc: 74.6324  s1.loss_bbox: 0.6505  s1.loss_iou: 1.1767
2026/03/31 17:10:12 - mmengine - INFO - Epoch(train)  [1][ 1700/10002]  lr: 5.0000e-06  eta: 12:22:48  time: 0.3756  data_time: 0.0030  memory: 7329  grad_norm: 102.6274  loss: 8.1530  rpn_s.0.loss_cls: 0.6231  rpn_s.0.loss_bbox: 0.1039  rpn_s.0.loss_giou: 0.8278  rpn_s.1.loss_cls: 0.4239  rpn_s.1.loss_bbox: 0.0470  rpn_s.1.loss_giou: 0.4269  rpn_s.2.loss_cls: 0.3548  rpn_s.2.loss_bbox: 0.0394  rpn_s.2.loss_giou: 0.3729  rpn_s.3.loss_cls: 0.3108  rpn_s.3.loss_bbox: 0.0365  rpn_s.3.loss_giou: 0.3531  s0.loss_cls: 0.3621  s0.pos_acc: 100.0000  s0.loss_bbox: 0.5612  s0.loss_iou: 1.2067  s1.loss_cls: 0.3455  s1.pos_acc: 100.0000  s1.loss_bbox: 0.5931  s1.loss_iou: 1.1642
2026/03/31 17:10:31 - mmengine - INFO - Epoch(train)  [1][ 1750/10002]  lr: 5.0000e-06  eta: 12:22:29  time: 0.3766  data_time: 0.0030  memory: 7329  grad_norm: 99.9696  loss: 7.6132  rpn_s.0.loss_cls: 0.5973  rpn_s.0.loss_bbox: 0.0926  rpn_s.0.loss_giou: 0.7050  rpn_s.1.loss_cls: 0.4213  rpn_s.1.loss_bbox: 0.0475  rpn_s.1.loss_giou: 0.3918  rpn_s.2.loss_cls: 0.3303  rpn_s.2.loss_bbox: 0.0431  rpn_s.2.loss_giou: 0.3569  rpn_s.3.loss_cls: 0.2927  rpn_s.3.loss_bbox: 0.0404  rpn_s.3.loss_giou: 0.3368  s0.loss_cls: 0.3459  s0.pos_acc: 100.0000  s0.loss_bbox: 0.5849  s0.loss_iou: 1.0641  s1.loss_cls: 0.3448  s1.pos_acc: 88.8889  s1.loss_bbox: 0.5927  s1.loss_iou: 1.0251
2026/03/31 17:10:50 - mmengine - INFO - Epoch(train)  [1][ 1800/10002]  lr: 5.0000e-06  eta: 12:22:09  time: 0.3762  data_time: 0.0030  memory: 7329  grad_norm: 92.6240  loss: 8.1056  rpn_s.0.loss_cls: 0.6209  rpn_s.0.loss_bbox: 0.0965  rpn_s.0.loss_giou: 0.7807  rpn_s.1.loss_cls: 0.4276  rpn_s.1.loss_bbox: 0.0430  rpn_s.1.loss_giou: 0.4125  rpn_s.2.loss_cls: 0.3541  rpn_s.2.loss_bbox: 0.0373  rpn_s.2.loss_giou: 0.3624  rpn_s.3.loss_cls: 0.3258  rpn_s.3.loss_bbox: 0.0347  rpn_s.3.loss_giou: 0.3400  s0.loss_cls: 0.3692  s0.pos_acc: 75.0000  s0.loss_bbox: 0.6312  s0.loss_iou: 1.1461  s1.loss_cls: 0.3651  s1.pos_acc: 82.1429  s1.loss_bbox: 0.6503  s1.loss_iou: 1.1083
2026/03/31 17:11:09 - mmengine - INFO - Epoch(train)  [1][ 1850/10002]  lr: 5.0000e-06  eta: 12:21:45  time: 0.3751  data_time: 0.0029  memory: 7329  grad_norm: 98.2876  loss: 8.2606  rpn_s.0.loss_cls: 0.6230  rpn_s.0.loss_bbox: 0.0988  rpn_s.0.loss_giou: 0.8249  rpn_s.1.loss_cls: 0.4294  rpn_s.1.loss_bbox: 0.0453  rpn_s.1.loss_giou: 0.4461  rpn_s.2.loss_cls: 0.3614  rpn_s.2.loss_bbox: 0.0389  rpn_s.2.loss_giou: 0.3906  rpn_s.3.loss_cls: 0.3260  rpn_s.3.loss_bbox: 0.0360  rpn_s.3.loss_giou: 0.3679  s0.loss_cls: 0.3788  s0.pos_acc: 64.0187  s0.loss_bbox: 0.5712  s0.loss_iou: 1.2037  s1.loss_cls: 0.3665  s1.pos_acc: 68.2243  s1.loss_bbox: 0.5820  s1.loss_iou: 1.1701
2026/03/31 17:11:27 - mmengine - INFO - Epoch(train)  [1][ 1900/10002]  lr: 5.0000e-06  eta: 12:21:23  time: 0.3755  data_time: 0.0030  memory: 7329  grad_norm: 90.4548  loss: 8.0261  rpn_s.0.loss_cls: 0.6369  rpn_s.0.loss_bbox: 0.1023  rpn_s.0.loss_giou: 0.7950  rpn_s.1.loss_cls: 0.4230  rpn_s.1.loss_bbox: 0.0507  rpn_s.1.loss_giou: 0.4159  rpn_s.2.loss_cls: 0.3521  rpn_s.2.loss_bbox: 0.0437  rpn_s.2.loss_giou: 0.3622  rpn_s.3.loss_cls: 0.3058  rpn_s.3.loss_bbox: 0.0405  rpn_s.3.loss_giou: 0.3425  s0.loss_cls: 0.3331  s0.pos_acc: 92.8571  s0.loss_bbox: 0.6467  s0.loss_iou: 1.1098  s1.loss_cls: 0.3213  s1.pos_acc: 89.2857  s1.loss_bbox: 0.6664  s1.loss_iou: 1.0781
2026/03/31 17:11:46 - mmengine - INFO - Epoch(train)  [1][ 1950/10002]  lr: 5.0000e-06  eta: 12:21:26  time: 0.3837  data_time: 0.0030  memory: 7330  grad_norm: 90.5157  loss: 7.9775  rpn_s.0.loss_cls: 0.6063  rpn_s.0.loss_bbox: 0.1072  rpn_s.0.loss_giou: 0.7599  rpn_s.1.loss_cls: 0.4295  rpn_s.1.loss_bbox: 0.0502  rpn_s.1.loss_giou: 0.4037  rpn_s.2.loss_cls: 0.3441  rpn_s.2.loss_bbox: 0.0479  rpn_s.2.loss_giou: 0.3630  rpn_s.3.loss_cls: 0.3118  rpn_s.3.loss_bbox: 0.0439  rpn_s.3.loss_giou: 0.3410  s0.loss_cls: 0.3663  s0.pos_acc: 75.0000  s0.loss_bbox: 0.5984  s0.loss_iou: 1.1334  s1.loss_cls: 0.3583  s1.pos_acc: 100.0000  s1.loss_bbox: 0.6295  s1.loss_iou: 1.0831
2026/03/31 17:12:05 - mmengine - INFO - Exp name: GSDet_r50_b900_h2h4_h2r1_r2r1_2x_fair1m1.0_20260331_165920
2026/03/31 17:12:05 - mmengine - INFO - Epoch(train)  [1][ 2000/10002]  lr: 5.0000e-06  eta: 12:21:15  time: 0.3795  data_time: 0.0030  memory: 7329  grad_norm: 99.9029  loss: 7.9411  rpn_s.0.loss_cls: 0.6135  rpn_s.0.loss_bbox: 0.1202  rpn_s.0.loss_giou: 0.7954  rpn_s.1.loss_cls: 0.4205  rpn_s.1.loss_bbox: 0.0587  rpn_s.1.loss_giou: 0.4150  rpn_s.2.loss_cls: 0.3421  rpn_s.2.loss_bbox: 0.0471  rpn_s.2.loss_giou: 0.3692  rpn_s.3.loss_cls: 0.3158  rpn_s.3.loss_bbox: 0.0482  rpn_s.3.loss_giou: 0.3489  s0.loss_cls: 0.3420  s0.pos_acc: 79.1667  s0.loss_bbox: 0.5936  s0.loss_iou: 1.0986  s1.loss_cls: 0.3500  s1.pos_acc: 70.8333  s1.loss_bbox: 0.6001  s1.loss_iou: 1.0624
2026/03/31 17:12:25 - mmengine - INFO - Epoch(train)  [1][ 2050/10002]  lr: 5.0000e-06  eta: 12:21:11  time: 0.3819  data_time: 0.0030  memory: 7330  grad_norm: 89.3920  loss: 8.3208  rpn_s.0.loss_cls: 0.6292  rpn_s.0.loss_bbox: 0.1049  rpn_s.0.loss_giou: 0.8649  rpn_s.1.loss_cls: 0.4374  rpn_s.1.loss_bbox: 0.0462  rpn_s.1.loss_giou: 0.4303  rpn_s.2.loss_cls: 0.3642  rpn_s.2.loss_bbox: 0.0354  rpn_s.2.loss_giou: 0.3745  rpn_s.3.loss_cls: 0.3259  rpn_s.3.loss_bbox: 0.0325  rpn_s.3.loss_giou: 0.3549  s0.loss_cls: 0.3642  s0.pos_acc: 67.9012  s0.loss_bbox: 0.5989  s0.loss_iou: 1.2030  s1.loss_cls: 0.3633  s1.pos_acc: 79.0123  s1.loss_bbox: 0.6345  s1.loss_iou: 1.1565
2026/03/31 17:12:43 - mmengine - INFO - Epoch(train)  [1][ 2100/10002]  lr: 5.0000e-06  eta: 12:20:44  time: 0.3741  data_time: 0.0030  memory: 7329  grad_norm: 91.7096  loss: 7.4235  rpn_s.0.loss_cls: 0.6070  rpn_s.0.loss_bbox: 0.0968  rpn_s.0.loss_giou: 0.7263  rpn_s.1.loss_cls: 0.4142  rpn_s.1.loss_bbox: 0.0449  rpn_s.1.loss_giou: 0.3797  rpn_s.2.loss_cls: 0.3425  rpn_s.2.loss_bbox: 0.0389  rpn_s.2.loss_giou: 0.3287  rpn_s.3.loss_cls: 0.3025  rpn_s.3.loss_bbox: 0.0359  rpn_s.3.loss_giou: 0.3066  s0.loss_cls: 0.3397  s0.pos_acc: 60.0000  s0.loss_bbox: 0.5485  s0.loss_iou: 1.0276  s1.loss_cls: 0.3381  s1.pos_acc: 70.0000  s1.loss_bbox: 0.5689  s1.loss_iou: 0.9767
2026/03/31 17:13:02 - mmengine - INFO - Epoch(train)  [1][ 2150/10002]  lr: 5.0000e-06  eta: 12:20:22  time: 0.3759  data_time: 0.0030  memory: 7329  grad_norm: 91.2900  loss: 7.7001  rpn_s.0.loss_cls: 0.5949  rpn_s.0.loss_bbox: 0.0969  rpn_s.0.loss_giou: 0.7272  rpn_s.1.loss_cls: 0.4255  rpn_s.1.loss_bbox: 0.0462  rpn_s.1.loss_giou: 0.3894  rpn_s.2.loss_cls: 0.3593  rpn_s.2.loss_bbox: 0.0397  rpn_s.2.loss_giou: 0.3414  rpn_s.3.loss_cls: 0.3237  rpn_s.3.loss_bbox: 0.0365  rpn_s.3.loss_giou: 0.3168  s0.loss_cls: 0.3784  s0.pos_acc: 73.9130  s0.loss_bbox: 0.5829  s0.loss_iou: 1.0488  s1.loss_cls: 0.3814  s1.pos_acc: 81.8841  s1.loss_bbox: 0.6086  s1.loss_iou: 1.0025
2026/03/31 17:13:21 - mmengine - INFO - Epoch(train)  [1][ 2200/10002]  lr: 5.0000e-06  eta: 12:20:00  time: 0.3756  data_time: 0.0029  memory: 7329  grad_norm: 117.4580  loss: 8.0412  rpn_s.0.loss_cls: 0.6315  rpn_s.0.loss_bbox: 0.0922  rpn_s.0.loss_giou: 0.7708  rpn_s.1.loss_cls: 0.4299  rpn_s.1.loss_bbox: 0.0425  rpn_s.1.loss_giou: 0.4068  rpn_s.2.loss_cls: 0.3632  rpn_s.2.loss_bbox: 0.0383  rpn_s.2.loss_giou: 0.3652  rpn_s.3.loss_cls: 0.3200  rpn_s.3.loss_bbox: 0.0355  rpn_s.3.loss_giou: 0.3458  s0.loss_cls: 0.3759  s0.pos_acc: 90.0000  s0.loss_bbox: 0.5839  s0.loss_iou: 1.1388  s1.loss_cls: 0.3723  s1.pos_acc: 100.0000  s1.loss_bbox: 0.6355  s1.loss_iou: 1.0932
2026/03/31 17:13:40 - mmengine - INFO - Epoch(train)  [1][ 2250/10002]  lr: 5.0000e-06  eta: 12:19:38  time: 0.3757  data_time: 0.0029  memory: 7329  grad_norm: 113.4360  loss: 7.3760  rpn_s.0.loss_cls: 0.5795  rpn_s.0.loss_bbox: 0.0855  rpn_s.0.loss_giou: 0.6660  rpn_s.1.loss_cls: 0.4071  rpn_s.1.loss_bbox: 0.0420  rpn_s.1.loss_giou: 0.3550  rpn_s.2.loss_cls: 0.3304  rpn_s.2.loss_bbox: 0.0370  rpn_s.2.loss_giou: 0.3118  rpn_s.3.loss_cls: 0.2918  rpn_s.3.loss_bbox: 0.0343  rpn_s.3.loss_giou: 0.2935  s0.loss_cls: 0.3372  s0.pos_acc: 100.0000  s0.loss_bbox: 0.6349  s0.loss_iou: 1.0177  s1.loss_cls: 0.3296  s1.pos_acc: 83.3333  s1.loss_bbox: 0.6393  s1.loss_iou: 0.9834
2026/03/31 17:13:58 - mmengine - INFO - Epoch(train)  [1][ 2300/10002]  lr: 5.0000e-06  eta: 12:19:16  time: 0.3754  data_time: 0.0030  memory: 7329  grad_norm: 86.9379  loss: 7.7724  rpn_s.0.loss_cls: 0.6023  rpn_s.0.loss_bbox: 0.0989  rpn_s.0.loss_giou: 0.7247  rpn_s.1.loss_cls: 0.4101  rpn_s.1.loss_bbox: 0.0479  rpn_s.1.loss_giou: 0.3855  rpn_s.2.loss_cls: 0.3259  rpn_s.2.loss_bbox: 0.0419  rpn_s.2.loss_giou: 0.3490  rpn_s.3.loss_cls: 0.2918  rpn_s.3.loss_bbox: 0.0391  rpn_s.3.loss_giou: 0.3275  s0.loss_cls: 0.3407  s0.pos_acc: 90.4762  s0.loss_bbox: 0.6367  s0.loss_iou: 1.0893  s1.loss_cls: 0.3349  s1.pos_acc: 80.9524  s1.loss_bbox: 0.6775  s1.loss_iou: 1.0486
2026/03/31 17:14:17 - mmengine - INFO - Epoch(train)  [1][ 2350/10002]  lr: 5.0000e-06  eta: 12:18:51  time: 0.3743  data_time: 0.0029  memory: 7329  grad_norm: 117.5952  loss: 7.6275  rpn_s.0.loss_cls: 0.5943  rpn_s.0.loss_bbox: 0.0988  rpn_s.0.loss_giou: 0.6839  rpn_s.1.loss_cls: 0.4279  rpn_s.1.loss_bbox: 0.0484  rpn_s.1.loss_giou: 0.3668  rpn_s.2.loss_cls: 0.3579  rpn_s.2.loss_bbox: 0.0420  rpn_s.2.loss_giou: 0.3223  rpn_s.3.loss_cls: 0.3198  rpn_s.3.loss_bbox: 0.0392  rpn_s.3.loss_giou: 0.3007  s0.loss_cls: 0.3570  s0.pos_acc: 100.0000  s0.loss_bbox: 0.6656  s0.loss_iou: 1.0078  s1.loss_cls: 0.3503  s1.pos_acc: 78.5714  s1.loss_bbox: 0.6770  s1.loss_iou: 0.9679
2026/03/31 17:14:36 - mmengine - INFO - Epoch(train)  [1][ 2400/10002]  lr: 5.0000e-06  eta: 12:18:28  time: 0.3753  data_time: 0.0029  memory: 7329  grad_norm: 89.1962  loss: 7.8927  rpn_s.0.loss_cls: 0.6126  rpn_s.0.loss_bbox: 0.0977  rpn_s.0.loss_giou: 0.7667  rpn_s.1.loss_cls: 0.4362  rpn_s.1.loss_bbox: 0.0438  rpn_s.1.loss_giou: 0.3993  rpn_s.2.loss_cls: 0.3584  rpn_s.2.loss_bbox: 0.0374  rpn_s.2.loss_giou: 0.3524  rpn_s.3.loss_cls: 0.3258  rpn_s.3.loss_bbox: 0.0349  rpn_s.3.loss_giou: 0.3318  s0.loss_cls: 0.3637  s0.pos_acc: 83.3333  s0.loss_bbox: 0.5975  s0.loss_iou: 1.0990  s1.loss_cls: 0.3444  s1.pos_acc: 80.8824  s1.loss_bbox: 0.6319  s1.loss_iou: 1.0592
2026/03/31 17:14:55 - mmengine - INFO - Epoch(train)  [1][ 2450/10002]  lr: 5.0000e-06  eta: 12:18:09  time: 0.3763  data_time: 0.0029  memory: 7329  grad_norm: 86.3139  loss: 8.2232  rpn_s.0.loss_cls: 0.6255  rpn_s.0.loss_bbox: 0.1123  rpn_s.0.loss_giou: 0.7858  rpn_s.1.loss_cls: 0.4405  rpn_s.1.loss_bbox: 0.0515  rpn_s.1.loss_giou: 0.4189  rpn_s.2.loss_cls: 0.3589  rpn_s.2.loss_bbox: 0.0443  rpn_s.2.loss_giou: 0.3702  rpn_s.3.loss_cls: 0.3244  rpn_s.3.loss_bbox: 0.0412  rpn_s.3.loss_giou: 0.3474  s0.loss_cls: 0.3718  s0.pos_acc: 66.6667  s0.loss_bbox: 0.6353  s0.loss_iou: 1.1545  s1.loss_cls: 0.3575  s1.pos_acc: 66.6667  s1.loss_bbox: 0.6680  s1.loss_iou: 1.1153
2026/03/31 17:15:13 - mmengine - INFO - Epoch(train)  [1][ 2500/10002]  lr: 5.0000e-06  eta: 12:17:45  time: 0.3748  data_time: 0.0029  memory: 7329  grad_norm: 93.2402  loss: 8.1294  rpn_s.0.loss_cls: 0.6225  rpn_s.0.loss_bbox: 0.0972  rpn_s.0.loss_giou: 0.7954  rpn_s.1.loss_cls: 0.4246  rpn_s.1.loss_bbox: 0.0436  rpn_s.1.loss_giou: 0.4208  rpn_s.2.loss_cls: 0.3545  rpn_s.2.loss_bbox: 0.0386  rpn_s.2.loss_giou: 0.3766  rpn_s.3.loss_cls: 0.3138  rpn_s.3.loss_bbox: 0.0363  rpn_s.3.loss_giou: 0.3564  s0.loss_cls: 0.3499  s0.pos_acc: 100.0000  s0.loss_bbox: 0.6087  s0.loss_iou: 1.1725  s1.loss_cls: 0.3345  s1.pos_acc: 100.0000  s1.loss_bbox: 0.6288  s1.loss_iou: 1.1547
2026/03/31 17:15:32 - mmengine - INFO - Epoch(train)  [1][ 2550/10002]  lr: 5.0000e-06  eta: 12:17:11  time: 0.3699  data_time: 0.0030  memory: 7329  grad_norm: 106.2287  loss: 7.6085  rpn_s.0.loss_cls: 0.6167  rpn_s.0.loss_bbox: 0.0916  rpn_s.0.loss_giou: 0.6807  rpn_s.1.loss_cls: 0.4266  rpn_s.1.loss_bbox: 0.0466  rpn_s.1.loss_giou: 0.3754  rpn_s.2.loss_cls: 0.3524  rpn_s.2.loss_bbox: 0.0406  rpn_s.2.loss_giou: 0.3298  rpn_s.3.loss_cls: 0.3101  rpn_s.3.loss_bbox: 0.0378  rpn_s.3.loss_giou: 0.3093  s0.loss_cls: 0.3416  s0.pos_acc: 73.0769  s0.loss_bbox: 0.6480  s0.loss_iou: 1.0119  s1.loss_cls: 0.3308  s1.pos_acc: 77.8846  s1.loss_bbox: 0.6737  s1.loss_iou: 0.9850
2026/03/31 17:15:51 - mmengine - INFO - Epoch(train)  [1][ 2600/10002]  lr: 5.0000e-06  eta: 12:16:59  time: 0.3796  data_time: 0.0029  memory: 7330  grad_norm: 80.1957  loss: 8.2324  rpn_s.0.loss_cls: 0.6315  rpn_s.0.loss_bbox: 0.0972  rpn_s.0.loss_giou: 0.8362  rpn_s.1.loss_cls: 0.4234  rpn_s.1.loss_bbox: 0.0441  rpn_s.1.loss_giou: 0.4363  rpn_s.2.loss_cls: 0.3555  rpn_s.2.loss_bbox: 0.0382  rpn_s.2.loss_giou: 0.3834  rpn_s.3.loss_cls: 0.3163  rpn_s.3.loss_bbox: 0.0353  rpn_s.3.loss_giou: 0.3612  s0.loss_cls: 0.3748  s0.pos_acc: 91.6667  s0.loss_bbox: 0.6040  s0.loss_iou: 1.1614  s1.loss_cls: 0.3593  s1.pos_acc: 83.3333  s1.loss_bbox: 0.6516  s1.loss_iou: 1.1229
2026/03/31 17:16:10 - mmengine - INFO - Epoch(train)  [1][ 2650/10002]  lr: 5.0000e-06  eta: 12:16:38  time: 0.3757  data_time: 0.0030  memory: 7329  grad_norm: 83.0933  loss: 8.2512  rpn_s.0.loss_cls: 0.6480  rpn_s.0.loss_bbox: 0.0974  rpn_s.0.loss_giou: 0.7796  rpn_s.1.loss_cls: 0.4443  rpn_s.1.loss_bbox: 0.0444  rpn_s.1.loss_giou: 0.4093  rpn_s.2.loss_cls: 0.3748  rpn_s.2.loss_bbox: 0.0373  rpn_s.2.loss_giou: 0.3592  rpn_s.3.loss_cls: 0.3361  rpn_s.3.loss_bbox: 0.0352  rpn_s.3.loss_giou: 0.3403  s0.loss_cls: 0.3800  s0.pos_acc: 70.4082  s0.loss_bbox: 0.6420  s0.loss_iou: 1.1640  s1.loss_cls: 0.3805  s1.pos_acc: 73.4694  s1.loss_bbox: 0.6759  s1.loss_iou: 1.1027
2026/03/31 17:16:29 - mmengine - INFO - Epoch(train)  [1][ 2700/10002]  lr: 5.0000e-06  eta: 12:16:41  time: 0.3862  data_time: 0.0029  memory: 7330  grad_norm: 85.2008  loss: 8.0337  rpn_s.0.loss_cls: 0.6092  rpn_s.0.loss_bbox: 0.0957  rpn_s.0.loss_giou: 0.7805  rpn_s.1.loss_cls: 0.4356  rpn_s.1.loss_bbox: 0.0462  rpn_s.1.loss_giou: 0.4172  rpn_s.2.loss_cls: 0.3699  rpn_s.2.loss_bbox: 0.0382  rpn_s.2.loss_giou: 0.3581  rpn_s.3.loss_cls: 0.3387  rpn_s.3.loss_bbox: 0.0349  rpn_s.3.loss_giou: 0.3322  s0.loss_cls: 0.3668  s0.pos_acc: 79.5455  s0.loss_bbox: 0.6057  s0.loss_iou: 1.1391  s1.loss_cls: 0.3528  s1.pos_acc: 76.1364  s1.loss_bbox: 0.6273  s1.loss_iou: 1.0856
2026/03/31 17:16:48 - mmengine - INFO - Epoch(train)  [1][ 2750/10002]  lr: 5.0000e-06  eta: 12:16:31  time: 0.3813  data_time: 0.0030  memory: 7329  grad_norm: 86.8391  loss: 8.0414  rpn_s.0.loss_cls: 0.6342  rpn_s.0.loss_bbox: 0.1068  rpn_s.0.loss_giou: 0.7881  rpn_s.1.loss_cls: 0.4516  rpn_s.1.loss_bbox: 0.0474  rpn_s.1.loss_giou: 0.4070  rpn_s.2.loss_cls: 0.3704  rpn_s.2.loss_bbox: 0.0406  rpn_s.2.loss_giou: 0.3560  rpn_s.3.loss_cls: 0.3340  rpn_s.3.loss_bbox: 0.0368  rpn_s.3.loss_giou: 0.3307  s0.loss_cls: 0.3789  s0.pos_acc: 65.3846  s0.loss_bbox: 0.6110  s0.loss_iou: 1.1005  s1.loss_cls: 0.3618  s1.pos_acc: 65.3846  s1.loss_bbox: 0.6238  s1.loss_iou: 1.0617
2026/03/31 17:17:07 - mmengine - INFO - Epoch(train)  [1][ 2800/10002]  lr: 5.0000e-06  eta: 12:16:12  time: 0.3765  data_time: 0.0029  memory: 7329  grad_norm: 83.8170  loss: 8.0887  rpn_s.0.loss_cls: 0.6344  rpn_s.0.loss_bbox: 0.1016  rpn_s.0.loss_giou: 0.8146  rpn_s.1.loss_cls: 0.4356  rpn_s.1.loss_bbox: 0.0430  rpn_s.1.loss_giou: 0.4175  rpn_s.2.loss_cls: 0.3628  rpn_s.2.loss_bbox: 0.0364  rpn_s.2.loss_giou: 0.3627  rpn_s.3.loss_cls: 0.3206  rpn_s.3.loss_bbox: 0.0331  rpn_s.3.loss_giou: 0.3376  s0.loss_cls: 0.3664  s0.pos_acc: 59.3023  s0.loss_bbox: 0.6088  s0.loss_iou: 1.1460  s1.loss_cls: 0.3459  s1.pos_acc: 60.4651  s1.loss_bbox: 0.6081  s1.loss_iou: 1.1133
2026/03/31 17:17:26 - mmengine - INFO - Epoch(train)  [1][ 2850/10002]  lr: 5.0000e-06  eta: 12:15:51  time: 0.3759  data_time: 0.0030  memory: 7329  grad_norm: 110.9364  loss: 7.6512  rpn_s.0.loss_cls: 0.5954  rpn_s.0.loss_bbox: 0.1012  rpn_s.0.loss_giou: 0.7347  rpn_s.1.loss_cls: 0.4217  rpn_s.1.loss_bbox: 0.0468  rpn_s.1.loss_giou: 0.3887  rpn_s.2.loss_cls: 0.3408  rpn_s.2.loss_bbox: 0.0398  rpn_s.2.loss_giou: 0.3350  rpn_s.3.loss_cls: 0.3084  rpn_s.3.loss_bbox: 0.0358  rpn_s.3.loss_giou: 0.3151  s0.loss_cls: 0.3383  s0.pos_acc: 66.6667  s0.loss_bbox: 0.6251  s0.loss_iou: 1.0543  s1.loss_cls: 0.3369  s1.pos_acc: 73.3333  s1.loss_bbox: 0.6146  s1.loss_iou: 1.0186
2026/03/31 17:17:45 - mmengine - INFO - Epoch(train)  [1][ 2900/10002]  lr: 5.0000e-06  eta: 12:15:39  time: 0.3803  data_time: 0.0029  memory: 7329  grad_norm: 88.5999  loss: 7.8395  rpn_s.0.loss_cls: 0.6033  rpn_s.0.loss_bbox: 0.1087  rpn_s.0.loss_giou: 0.8501  rpn_s.1.loss_cls: 0.3968  rpn_s.1.loss_bbox: 0.0459  rpn_s.1.loss_giou: 0.4074  rpn_s.2.loss_cls: 0.3287  rpn_s.2.loss_bbox: 0.0392  rpn_s.2.loss_giou: 0.3509  rpn_s.3.loss_cls: 0.2946  rpn_s.3.loss_bbox: 0.0365  rpn_s.3.loss_giou: 0.3305  s0.loss_cls: 0.3396  s0.pos_acc: 74.3333  s0.loss_bbox: 0.6131  s0.loss_iou: 1.0898  s1.loss_cls: 0.3264  s1.pos_acc: 79.6667  s1.loss_bbox: 0.6151  s1.loss_iou: 1.0630
2026/03/31 17:18:03 - mmengine - INFO - Epoch(train)  [1][ 2950/10002]  lr: 5.0000e-06  eta: 12:15:17  time: 0.3753  data_time: 0.0029  memory: 7329  grad_norm: 84.5906  loss: 8.2954  rpn_s.0.loss_cls: 0.6583  rpn_s.0.loss_bbox: 0.0969  rpn_s.0.loss_giou: 0.8429  rpn_s.1.loss_cls: 0.4507  rpn_s.1.loss_bbox: 0.0425  rpn_s.1.loss_giou: 0.4331  rpn_s.2.loss_cls: 0.3710  rpn_s.2.loss_bbox: 0.0367  rpn_s.2.loss_giou: 0.3835  rpn_s.3.loss_cls: 0.3280  rpn_s.3.loss_bbox: 0.0332  rpn_s.3.loss_giou: 0.3631  s0.loss_cls: 0.3748  s0.pos_acc: 68.6274  s0.loss_bbox: 0.5919  s0.loss_iou: 1.1764  s1.loss_cls: 0.3580  s1.pos_acc: 69.6078  s1.loss_bbox: 0.6239  s1.loss_iou: 1.1305
2026/03/31 17:18:22 - mmengine - INFO - Exp name: GSDet_r50_b900_h2h4_h2r1_r2r1_2x_fair1m1.0_20260331_165920
2026/03/31 17:18:22 - mmengine - INFO - Epoch(train)  [1][ 3000/10002]  lr: 5.0000e-06  eta: 12:14:51  time: 0.3729  data_time: 0.0030  memory: 7329  grad_norm: 99.2543  loss: 7.6633  rpn_s.0.loss_cls: 0.6201  rpn_s.0.loss_bbox: 0.0921  rpn_s.0.loss_giou: 0.7225  rpn_s.1.loss_cls: 0.4256  rpn_s.1.loss_bbox: 0.0434  rpn_s.1.loss_giou: 0.3771  rpn_s.2.loss_cls: 0.3476  rpn_s.2.loss_bbox: 0.0377  rpn_s.2.loss_giou: 0.3329  rpn_s.3.loss_cls: 0.3099  rpn_s.3.loss_bbox: 0.0353  rpn_s.3.loss_giou: 0.3107  s0.loss_cls: 0.3473  s0.pos_acc: 100.0000  s0.loss_bbox: 0.6343  s0.loss_iou: 1.0441  s1.loss_cls: 0.3197  s1.pos_acc: 100.0000  s1.loss_bbox: 0.6483  s1.loss_iou: 1.0147
2026/03/31 17:18:41 - mmengine - INFO - Epoch(train)  [1][ 3050/10002]  lr: 5.0000e-06  eta: 12:14:25  time: 0.3729  data_time: 0.0029  memory: 7329  grad_norm: 107.1741  loss: 8.0758  rpn_s.0.loss_cls: 0.6663  rpn_s.0.loss_bbox: 0.0912  rpn_s.0.loss_giou: 0.7695  rpn_s.1.loss_cls: 0.4776  rpn_s.1.loss_bbox: 0.0425  rpn_s.1.loss_giou: 0.4119  rpn_s.2.loss_cls: 0.4075  rpn_s.2.loss_bbox: 0.0369  rpn_s.2.loss_giou: 0.3670  rpn_s.3.loss_cls: 0.3535  rpn_s.3.loss_bbox: 0.0341  rpn_s.3.loss_giou: 0.3475  s0.loss_cls: 0.4036  s0.pos_acc: 66.6667  s0.loss_bbox: 0.5550  s0.loss_iou: 1.1064  s1.loss_cls: 0.3904  s1.pos_acc: 55.5556  s1.loss_bbox: 0.5384  s1.loss_iou: 1.0767
2026/03/31 17:19:00 - mmengine - INFO - Epoch(train)  [1][ 3100/10002]  lr: 5.0000e-06  eta: 12:14:12  time: 0.3801  data_time: 0.0029  memory: 7329  grad_norm: 94.3171  loss: 8.3784  rpn_s.0.loss_cls: 0.6335  rpn_s.0.loss_bbox: 0.1021  rpn_s.0.loss_giou: 0.8348  rpn_s.1.loss_cls: 0.4295  rpn_s.1.loss_bbox: 0.0466  rpn_s.1.loss_giou: 0.4272  rpn_s.2.loss_cls: 0.3589  rpn_s.2.loss_bbox: 0.0401  rpn_s.2.loss_giou: 0.3784  rpn_s.3.loss_cls: 0.3285  rpn_s.3.loss_bbox: 0.0369  rpn_s.3.loss_giou: 0.3600  s0.loss_cls: 0.3566  s0.pos_acc: 92.8571  s0.loss_bbox: 0.6614  s0.loss_iou: 1.1942  s1.loss_cls: 0.3558  s1.pos_acc: 85.7143  s1.loss_bbox: 0.6785  s1.loss_iou: 1.1555
2026/03/31 17:19:18 - mmengine - INFO - Epoch(train)  [1][ 3150/10002]  lr: 5.0000e-06  eta: 12:13:49  time: 0.3745  data_time: 0.0029  memory: 7329  grad_norm: 84.7108  loss: 8.0794  rpn_s.0.loss_cls: 0.6442  rpn_s.0.loss_bbox: 0.1040  rpn_s.0.loss_giou: 0.7716  rpn_s.1.loss_cls: 0.4451  rpn_s.1.loss_bbox: 0.0491  rpn_s.1.loss_giou: 0.4069  rpn_s.2.loss_cls: 0.3636  rpn_s.2.loss_bbox: 0.0416  rpn_s.2.loss_giou: 0.3550  rpn_s.3.loss_cls: 0.3297  rpn_s.3.loss_bbox: 0.0399  rpn_s.3.loss_giou: 0.3406  s0.loss_cls: 0.3894  s0.pos_acc: 66.6667  s0.loss_bbox: 0.5972  s0.loss_iou: 1.1279  s1.loss_cls: 0.3678  s1.pos_acc: 66.6667  s1.loss_bbox: 0.6215  s1.loss_iou: 1.0843
2026/03/31 17:19:37 - mmengine - INFO - Epoch(train)  [1][ 3200/10002]  lr: 5.0000e-06  eta: 12:13:28  time: 0.3754  data_time: 0.0030  memory: 7329  grad_norm: 104.5586  loss: 7.8137  rpn_s.0.loss_cls: 0.6088  rpn_s.0.loss_bbox: 0.1026  rpn_s.0.loss_giou: 0.6813  rpn_s.1.loss_cls: 0.4290  rpn_s.1.loss_bbox: 0.0544  rpn_s.1.loss_giou: 0.3756  rpn_s.2.loss_cls: 0.3452  rpn_s.2.loss_bbox: 0.0469  rpn_s.2.loss_giou: 0.3319  rpn_s.3.loss_cls: 0.3067  rpn_s.3.loss_bbox: 0.0437  rpn_s.3.loss_giou: 0.3148  s0.loss_cls: 0.3661  s0.pos_acc: 92.3077  s0.loss_bbox: 0.6881  s0.loss_iou: 1.0510  s1.loss_cls: 0.3557  s1.pos_acc: 76.9231  s1.loss_bbox: 0.7111  s1.loss_iou: 1.0010
2026/03/31 17:19:56 - mmengine - INFO - Epoch(train)  [1][ 3250/10002]  lr: 5.0000e-06  eta: 12:13:18  time: 0.3815  data_time: 0.0030  memory: 7329  grad_norm: 86.6654  loss: 8.3432  rpn_s.0.loss_cls: 0.6346  rpn_s.0.loss_bbox: 0.1079  rpn_s.0.loss_giou: 0.8293  rpn_s.1.loss_cls: 0.4466  rpn_s.1.loss_bbox: 0.0503  rpn_s.1.loss_giou: 0.4268  rpn_s.2.loss_cls: 0.3656  rpn_s.2.loss_bbox: 0.0428  rpn_s.2.loss_giou: 0.3709  rpn_s.3.loss_cls: 0.3324  rpn_s.3.loss_bbox: 0.0392  rpn_s.3.loss_giou: 0.3490  s0.loss_cls: 0.3635  s0.pos_acc: 67.7885  s0.loss_bbox: 0.6465  s0.loss_iou: 1.1803  s1.loss_cls: 0.3565  s1.pos_acc: 64.9038  s1.loss_bbox: 0.6617  s1.loss_iou: 1.1393
2026/03/31 17:20:15 - mmengine - INFO - Epoch(train)  [1][ 3300/10002]  lr: 5.0000e-06  eta: 12:12:58  time: 0.3765  data_time: 0.0030  memory: 7329  grad_norm: 94.0570  loss: 8.0217  rpn_s.0.loss_cls: 0.6189  rpn_s.0.loss_bbox: 0.1011  rpn_s.0.loss_giou: 0.7544  rpn_s.1.loss_cls: 0.4174  rpn_s.1.loss_bbox: 0.0522  rpn_s.1.loss_giou: 0.4171  rpn_s.2.loss_cls: 0.3442  rpn_s.2.loss_bbox: 0.0430  rpn_s.2.loss_giou: 0.3620  rpn_s.3.loss_cls: 0.3205  rpn_s.3.loss_bbox: 0.0392  rpn_s.3.loss_giou: 0.3418  s0.loss_cls: 0.3546  s0.pos_acc: 60.0000  s0.loss_bbox: 0.6389  s0.loss_iou: 1.1330  s1.loss_cls: 0.3513  s1.pos_acc: 70.0000  s1.loss_bbox: 0.6445  s1.loss_iou: 1.0876
2026/03/31 17:20:34 - mmengine - INFO - Epoch(train)  [1][ 3350/10002]  lr: 5.0000e-06  eta: 12:12:36  time: 0.3746  data_time: 0.0030  memory: 7329  grad_norm: 89.0901  loss: 7.7736  rpn_s.0.loss_cls: 0.6431  rpn_s.0.loss_bbox: 0.0982  rpn_s.0.loss_giou: 0.7857  rpn_s.1.loss_cls: 0.4510  rpn_s.1.loss_bbox: 0.0424  rpn_s.1.loss_giou: 0.3976  rpn_s.2.loss_cls: 0.3645  rpn_s.2.loss_bbox: 0.0357  rpn_s.2.loss_giou: 0.3435  rpn_s.3.loss_cls: 0.3209  rpn_s.3.loss_bbox: 0.0340  rpn_s.3.loss_giou: 0.3261  s0.loss_cls: 0.3508  s0.pos_acc: 78.5714  s0.loss_bbox: 0.5646  s0.loss_iou: 1.0600  s1.loss_cls: 0.3415  s1.pos_acc: 78.5714  s1.loss_bbox: 0.5840  s1.loss_iou: 1.0299
2026/03/31 17:20:53 - mmengine - INFO - Epoch(train)  [1][ 3400/10002]  lr: 5.0000e-06  eta: 12:12:35  time: 0.3875  data_time: 0.0030  memory: 7330  grad_norm: 78.9810  loss: 8.5054  rpn_s.0.loss_cls: 0.6305  rpn_s.0.loss_bbox: 0.1101  rpn_s.0.loss_giou: 0.8231  rpn_s.1.loss_cls: 0.4498  rpn_s.1.loss_bbox: 0.0534  rpn_s.1.loss_giou: 0.4503  rpn_s.2.loss_cls: 0.3823  rpn_s.2.loss_bbox: 0.0483  rpn_s.2.loss_giou: 0.3925  rpn_s.3.loss_cls: 0.3488  rpn_s.3.loss_bbox: 0.0457  rpn_s.3.loss_giou: 0.3674  s0.loss_cls: 0.3942  s0.pos_acc: 79.4118  s0.loss_bbox: 0.6183  s0.loss_iou: 1.2066  s1.loss_cls: 0.3849  s1.pos_acc: 85.2941  s1.loss_bbox: 0.6482  s1.loss_iou: 1.1511
2026/03/31 17:21:12 - mmengine - INFO - Epoch(train)  [1][ 3450/10002]  lr: 5.0000e-06  eta: 12:12:14  time: 0.3755  data_time: 0.0030  memory: 7329  grad_norm: 90.2645  loss: 8.0529  rpn_s.0.loss_cls: 0.6538  rpn_s.0.loss_bbox: 0.1064  rpn_s.0.loss_giou: 0.7409  rpn_s.1.loss_cls: 0.4519  rpn_s.1.loss_bbox: 0.0514  rpn_s.1.loss_giou: 0.4045  rpn_s.2.loss_cls: 0.3653  rpn_s.2.loss_bbox: 0.0446  rpn_s.2.loss_giou: 0.3459  rpn_s.3.loss_cls: 0.3252  rpn_s.3.loss_bbox: 0.0401  rpn_s.3.loss_giou: 0.3266  s0.loss_cls: 0.3635  s0.pos_acc: 72.8261  s0.loss_bbox: 0.6452  s0.loss_iou: 1.1080  s1.loss_cls: 0.3533  s1.pos_acc: 73.9130  s1.loss_bbox: 0.6672  s1.loss_iou: 1.0590
2026/03/31 17:21:31 - mmengine - INFO - Epoch(train)  [1][ 3500/10002]  lr: 5.0000e-06  eta: 12:11:57  time: 0.3782  data_time: 0.0030  memory: 7329  grad_norm: 92.3380  loss: 7.7236  rpn_s.0.loss_cls: 0.6001  rpn_s.0.loss_bbox: 0.1061  rpn_s.0.loss_giou: 0.7287  rpn_s.1.loss_cls: 0.4130  rpn_s.1.loss_bbox: 0.0512  rpn_s.1.loss_giou: 0.3985  rpn_s.2.loss_cls: 0.3401  rpn_s.2.loss_bbox: 0.0465  rpn_s.2.loss_giou: 0.3491  rpn_s.3.loss_cls: 0.3040  rpn_s.3.loss_bbox: 0.0413  rpn_s.3.loss_giou: 0.3300  s0.loss_cls: 0.3299  s0.pos_acc: 100.0000  s0.loss_bbox: 0.6137  s0.loss_iou: 1.0916  s1.loss_cls: 0.3128  s1.pos_acc: 100.0000  s1.loss_bbox: 0.6297  s1.loss_iou: 1.0375
2026/03/31 17:21:50 - mmengine - INFO - Epoch(train)  [1][ 3550/10002]  lr: 5.0000e-06  eta: 12:11:33  time: 0.3736  data_time: 0.0030  memory: 7329  grad_norm: 87.9965  loss: 7.8964  rpn_s.0.loss_cls: 0.6235  rpn_s.0.loss_bbox: 0.0990  rpn_s.0.loss_giou: 0.6937  rpn_s.1.loss_cls: 0.4496  rpn_s.1.loss_bbox: 0.0482  rpn_s.1.loss_giou: 0.3912  rpn_s.2.loss_cls: 0.3730  rpn_s.2.loss_bbox: 0.0418  rpn_s.2.loss_giou: 0.3499  rpn_s.3.loss_cls: 0.3320  rpn_s.3.loss_bbox: 0.0389  rpn_s.3.loss_giou: 0.3286  s0.loss_cls: 0.3660  s0.pos_acc: 100.0000  s0.loss_bbox: 0.6009  s0.loss_iou: 1.1098  s1.loss_cls: 0.3575  s1.pos_acc: 100.0000  s1.loss_bbox: 0.6205  s1.loss_iou: 1.0722
2026/03/31 17:22:09 - mmengine - INFO - Epoch(train)  [1][ 3600/10002]  lr: 5.0000e-06  eta: 12:11:19  time: 0.3799  data_time: 0.0029  memory: 7329  grad_norm: 99.1172  loss: 8.0647  rpn_s.0.loss_cls: 0.6334  rpn_s.0.loss_bbox: 0.1033  rpn_s.0.loss_giou: 0.7684  rpn_s.1.loss_cls: 0.4263  rpn_s.1.loss_bbox: 0.0508  rpn_s.1.loss_giou: 0.4112  rpn_s.2.loss_cls: 0.3454  rpn_s.2.loss_bbox: 0.0447  rpn_s.2.loss_giou: 0.3648  rpn_s.3.loss_cls: 0.3109  rpn_s.3.loss_bbox: 0.0431  rpn_s.3.loss_giou: 0.3423  s0.loss_cls: 0.3386  s0.pos_acc: 100.0000  s0.loss_bbox: 0.6480  s0.loss_iou: 1.1461  s1.loss_cls: 0.3225  s1.pos_acc: 100.0000  s1.loss_bbox: 0.6711  s1.loss_iou: 1.0938
2026/03/31 17:22:28 - mmengine - INFO - Epoch(train)  [1][ 3650/10002]  lr: 5.0000e-06  eta: 12:11:15  time: 0.3864  data_time: 0.0029  memory: 7330  grad_norm: 93.2161  loss: 8.3307  rpn_s.0.loss_cls: 0.6315  rpn_s.0.loss_bbox: 0.1004  rpn_s.0.loss_giou: 0.7971  rpn_s.1.loss_cls: 0.4492  rpn_s.1.loss_bbox: 0.0480  rpn_s.1.loss_giou: 0.4348  rpn_s.2.loss_cls: 0.3773  rpn_s.2.loss_bbox: 0.0422  rpn_s.2.loss_giou: 0.3825  rpn_s.3.loss_cls: 0.3327  rpn_s.3.loss_bbox: 0.0388  rpn_s.3.loss_giou: 0.3579  s0.loss_cls: 0.3738  s0.pos_acc: 84.6154  s0.loss_bbox: 0.5882  s0.loss_iou: 1.1971  s1.loss_cls: 0.3678  s1.pos_acc: 92.3077  s1.loss_bbox: 0.6508  s1.loss_iou: 1.1606
2026/03/31 17:22:47 - mmengine - INFO - Epoch(train)  [1][ 3700/10002]  lr: 5.0000e-06  eta: 12:11:09  time: 0.3851  data_time: 0.0030  memory: 7330  grad_norm: 71.9866  loss: 8.2452  rpn_s.0.loss_cls: 0.6199  rpn_s.0.loss_bbox: 0.1032  rpn_s.0.loss_giou: 0.8456  rpn_s.1.loss_cls: 0.4319  rpn_s.1.loss_bbox: 0.0435  rpn_s.1.loss_giou: 0.4317  rpn_s.2.loss_cls: 0.3619  rpn_s.2.loss_bbox: 0.0363  rpn_s.2.loss_giou: 0.3742  rpn_s.3.loss_cls: 0.3260  rpn_s.3.loss_bbox: 0.0338  rpn_s.3.loss_giou: 0.3547  s0.loss_cls: 0.3685  s0.pos_acc: 66.6667  s0.loss_bbox: 0.6231  s0.loss_iou: 1.1528  s1.loss_cls: 0.3543  s1.pos_acc: 66.6667  s1.loss_bbox: 0.6728  s1.loss_iou: 1.1110
2026/03/31 17:23:06 - mmengine - INFO - Epoch(train)  [1][ 3750/10002]  lr: 5.0000e-06  eta: 12:10:49  time: 0.3760  data_time: 0.0030  memory: 7329  grad_norm: 96.0333  loss: 8.4359  rpn_s.0.loss_cls: 0.6510  rpn_s.0.loss_bbox: 0.1017  rpn_s.0.loss_giou: 0.7997  rpn_s.1.loss_cls: 0.4573  rpn_s.1.loss_bbox: 0.0491  rpn_s.1.loss_giou: 0.4342  rpn_s.2.loss_cls: 0.3735  rpn_s.2.loss_bbox: 0.0419  rpn_s.2.loss_giou: 0.3813  rpn_s.3.loss_cls: 0.3392  rpn_s.3.loss_bbox: 0.0386  rpn_s.3.loss_giou: 0.3590  s0.loss_cls: 0.3992  s0.pos_acc: 73.0570  s0.loss_bbox: 0.6466  s0.loss_iou: 1.1686  s1.loss_cls: 0.3885  s1.pos_acc: 76.4249  s1.loss_bbox: 0.6835  s1.loss_iou: 1.1228
2026/03/31 17:23:25 - mmengine - INFO - Epoch(train)  [1][ 3800/10002]  lr: 5.0000e-06  eta: 12:10:39  time: 0.3832  data_time: 0.0029  memory: 7329  grad_norm: 86.4375  loss: 8.4057  rpn_s.0.loss_cls: 0.6382  rpn_s.0.loss_bbox: 0.1094  rpn_s.0.loss_giou: 0.8326  rpn_s.1.loss_cls: 0.4478  rpn_s.1.loss_bbox: 0.0499  rpn_s.1.loss_giou: 0.4318  rpn_s.2.loss_cls: 0.3717  rpn_s.2.loss_bbox: 0.0427  rpn_s.2.loss_giou: 0.3711  rpn_s.3.loss_cls: 0.3344  rpn_s.3.loss_bbox: 0.0378  rpn_s.3.loss_giou: 0.3444  s0.loss_cls: 0.3806  s0.pos_acc: 72.7273  s0.loss_bbox: 0.6580  s0.loss_iou: 1.1773  s1.loss_cls: 0.3692  s1.pos_acc: 74.6411  s1.loss_bbox: 0.6783  s1.loss_iou: 1.1307
2026/03/31 17:23:44 - mmengine - INFO - Epoch(train)  [1][ 3850/10002]  lr: 5.0000e-06  eta: 12:10:21  time: 0.3776  data_time: 0.0030  memory: 7329  grad_norm: 98.7432  loss: 7.9324  rpn_s.0.loss_cls: 0.6086  rpn_s.0.loss_bbox: 0.0977  rpn_s.0.loss_giou: 0.7501  rpn_s.1.loss_cls: 0.4357  rpn_s.1.loss_bbox: 0.0492  rpn_s.1.loss_giou: 0.4107  rpn_s.2.loss_cls: 0.3655  rpn_s.2.loss_bbox: 0.0422  rpn_s.2.loss_giou: 0.3571  rpn_s.3.loss_cls: 0.3385  rpn_s.3.loss_bbox: 0.0393  rpn_s.3.loss_giou: 0.3366  s0.loss_cls: 0.3810  s0.pos_acc: 73.3333  s0.loss_bbox: 0.5512  s0.loss_iou: 1.1201  s1.loss_cls: 0.3805  s1.pos_acc: 70.0000  s1.loss_bbox: 0.5862  s1.loss_iou: 1.0820
2026/03/31 17:24:03 - mmengine - INFO - Epoch(train)  [1][ 3900/10002]  lr: 5.0000e-06  eta: 12:10:03  time: 0.3776  data_time: 0.0030  memory: 7329  grad_norm: 85.6707  loss: 8.5424  rpn_s.0.loss_cls: 0.6578  rpn_s.0.loss_bbox: 0.1080  rpn_s.0.loss_giou: 0.8508  rpn_s.1.loss_cls: 0.4742  rpn_s.1.loss_bbox: 0.0480  rpn_s.1.loss_giou: 0.4494  rpn_s.2.loss_cls: 0.3882  rpn_s.2.loss_bbox: 0.0402  rpn_s.2.loss_giou: 0.3952  rpn_s.3.loss_cls: 0.3507  rpn_s.3.loss_bbox: 0.0369  rpn_s.3.loss_giou: 0.3767  s0.loss_cls: 0.3866  s0.pos_acc: 75.0000  s0.loss_bbox: 0.5827  s0.loss_iou: 1.2164  s1.loss_cls: 0.3679  s1.pos_acc: 75.0000  s1.loss_bbox: 0.6348  s1.loss_iou: 1.1779
2026/03/31 17:24:22 - mmengine - INFO - Epoch(train)  [1][ 3950/10002]  lr: 5.0000e-06  eta: 12:09:46  time: 0.3789  data_time: 0.0030  memory: 7329  grad_norm: 86.7257  loss: 8.2136  rpn_s.0.loss_cls: 0.6241  rpn_s.0.loss_bbox: 0.1026  rpn_s.0.loss_giou: 0.7886  rpn_s.1.loss_cls: 0.4295  rpn_s.1.loss_bbox: 0.0485  rpn_s.1.loss_giou: 0.4239  rpn_s.2.loss_cls: 0.3536  rpn_s.2.loss_bbox: 0.0411  rpn_s.2.loss_giou: 0.3726  rpn_s.3.loss_cls: 0.3152  rpn_s.3.loss_bbox: 0.0371  rpn_s.3.loss_giou: 0.3508  s0.loss_cls: 0.3558  s0.pos_acc: 100.0000  s0.loss_bbox: 0.6342  s0.loss_iou: 1.1870  s1.loss_cls: 0.3468  s1.pos_acc: 100.0000  s1.loss_bbox: 0.6517  s1.loss_iou: 1.1504
2026/03/31 17:24:41 - mmengine - INFO - Exp name: GSDet_r50_b900_h2h4_h2r1_r2r1_2x_fair1m1.0_20260331_165920
2026/03/31 17:24:41 - mmengine - INFO - Epoch(train)  [1][ 4000/10002]  lr: 5.0000e-06  eta: 12:09:27  time: 0.3769  data_time: 0.0030  memory: 7329  grad_norm: 94.1511  loss: 8.5584  rpn_s.0.loss_cls: 0.6378  rpn_s.0.loss_bbox: 0.1049  rpn_s.0.loss_giou: 0.8290  rpn_s.1.loss_cls: 0.4464  rpn_s.1.loss_bbox: 0.0486  rpn_s.1.loss_giou: 0.4472  rpn_s.2.loss_cls: 0.3819  rpn_s.2.loss_bbox: 0.0413  rpn_s.2.loss_giou: 0.3930  rpn_s.3.loss_cls: 0.3381  rpn_s.3.loss_bbox: 0.0394  rpn_s.3.loss_giou: 0.3755  s0.loss_cls: 0.3808  s0.pos_acc: 76.6667  s0.loss_bbox: 0.6280  s0.loss_iou: 1.2192  s1.loss_cls: 0.3755  s1.pos_acc: 81.1111  s1.loss_bbox: 0.7023  s1.loss_iou: 1.1695
2026/03/31 17:25:00 - mmengine - INFO - Epoch(train)  [1][ 4050/10002]  lr: 5.0000e-06  eta: 12:09:07  time: 0.3767  data_time: 0.0030  memory: 7329  grad_norm: 79.9314  loss: 8.3356  rpn_s.0.loss_cls: 0.6566  rpn_s.0.loss_bbox: 0.1023  rpn_s.0.loss_giou: 0.8204  rpn_s.1.loss_cls: 0.4605  rpn_s.1.loss_bbox: 0.0472  rpn_s.1.loss_giou: 0.4270  rpn_s.2.loss_cls: 0.3841  rpn_s.2.loss_bbox: 0.0404  rpn_s.2.loss_giou: 0.3745  rpn_s.3.loss_cls: 0.3409  rpn_s.3.loss_bbox: 0.0374  rpn_s.3.loss_giou: 0.3552  s0.loss_cls: 0.3943  s0.pos_acc: 77.5362  s0.loss_bbox: 0.5648  s0.loss_iou: 1.1967  s1.loss_cls: 0.3914  s1.pos_acc: 80.4348  s1.loss_bbox: 0.5942  s1.loss_iou: 1.1476
2026/03/31 17:25:18 - mmengine - INFO - Epoch(train)  [1][ 4100/10002]  lr: 5.0000e-06  eta: 12:08:41  time: 0.3723  data_time: 0.0030  memory: 7329  grad_norm: 87.4135  loss: 7.9483  rpn_s.0.loss_cls: 0.6403  rpn_s.0.loss_bbox: 0.0992  rpn_s.0.loss_giou: 0.7205  rpn_s.1.loss_cls: 0.4436  rpn_s.1.loss_bbox: 0.0502  rpn_s.1.loss_giou: 0.3991  rpn_s.2.loss_cls: 0.3605  rpn_s.2.loss_bbox: 0.0424  rpn_s.2.loss_giou: 0.3460  rpn_s.3.loss_cls: 0.3199  rpn_s.3.loss_bbox: 0.0396  rpn_s.3.loss_giou: 0.3252  s0.loss_cls: 0.3644  s0.pos_acc: 100.0000  s0.loss_bbox: 0.6548  s0.loss_iou: 1.0679  s1.loss_cls: 0.3610  s1.pos_acc: 83.3333  s1.loss_bbox: 0.6783  s1.loss_iou: 1.0355
2026/03/31 17:25:37 - mmengine - INFO - Epoch(train)  [1][ 4150/10002]  lr: 5.0000e-06  eta: 12:08:19  time: 0.3745  data_time: 0.0030  memory: 7329  grad_norm: 92.7071  loss: 8.1823  rpn_s.0.loss_cls: 0.6335  rpn_s.0.loss_bbox: 0.0954  rpn_s.0.loss_giou: 0.7843  rpn_s.1.loss_cls: 0.4260  rpn_s.1.loss_bbox: 0.0459  rpn_s.1.loss_giou: 0.4228  rpn_s.2.loss_cls: 0.3439  rpn_s.2.loss_bbox: 0.0404  rpn_s.2.loss_giou: 0.3784  rpn_s.3.loss_cls: 0.3128  rpn_s.3.loss_bbox: 0.0362  rpn_s.3.loss_giou: 0.3558  s0.loss_cls: 0.3571  s0.pos_acc: 100.0000  s0.loss_bbox: 0.6573  s0.loss_iou: 1.1674  s1.loss_cls: 0.3447  s1.pos_acc: 93.7500  s1.loss_bbox: 0.6599  s1.loss_iou: 1.1204
2026/03/31 17:25:56 - mmengine - INFO - Epoch(train)  [1][ 4200/10002]  lr: 5.0000e-06  eta: 12:08:06  time: 0.3812  data_time: 0.0029  memory: 7329  grad_norm: 89.9085  loss: 7.9833  rpn_s.0.loss_cls: 0.6017  rpn_s.0.loss_bbox: 0.1073  rpn_s.0.loss_giou: 0.7991  rpn_s.1.loss_cls: 0.4296  rpn_s.1.loss_bbox: 0.0482  rpn_s.1.loss_giou: 0.4174  rpn_s.2.loss_cls: 0.3447  rpn_s.2.loss_bbox: 0.0413  rpn_s.2.loss_giou: 0.3674  rpn_s.3.loss_cls: 0.3126  rpn_s.3.loss_bbox: 0.0376  rpn_s.3.loss_giou: 0.3406  s0.loss_cls: 0.3569  s0.pos_acc: 80.5555  s0.loss_bbox: 0.5989  s0.loss_iou: 1.1277  s1.loss_cls: 0.3494  s1.pos_acc: 80.5555  s1.loss_bbox: 0.6200  s1.loss_iou: 1.0830
2026/03/31 17:26:15 - mmengine - INFO - Epoch(train)  [1][ 4250/10002]  lr: 5.0000e-06  eta: 12:07:43  time: 0.3742  data_time: 0.0030  memory: 7329  grad_norm: 95.6484  loss: 7.9637  rpn_s.0.loss_cls: 0.6314  rpn_s.0.loss_bbox: 0.0959  rpn_s.0.loss_giou: 0.7570  rpn_s.1.loss_cls: 0.4392  rpn_s.1.loss_bbox: 0.0439  rpn_s.1.loss_giou: 0.4036  rpn_s.2.loss_cls: 0.3546  rpn_s.2.loss_bbox: 0.0378  rpn_s.2.loss_giou: 0.3596  rpn_s.3.loss_cls: 0.3194  rpn_s.3.loss_bbox: 0.0346  rpn_s.3.loss_giou: 0.3394  s0.loss_cls: 0.3744  s0.pos_acc: 100.0000  s0.loss_bbox: 0.6412  s0.loss_iou: 1.0626  s1.loss_cls: 0.3765  s1.pos_acc: 81.2500  s1.loss_bbox: 0.6604  s1.loss_iou: 1.0322
2026/03/31 17:26:33 - mmengine - INFO - Epoch(train)  [1][ 4300/10002]  lr: 5.0000e-06  eta: 12:07:17  time: 0.3723  data_time: 0.0029  memory: 7329  grad_norm: 118.2082  loss: 7.7172  rpn_s.0.loss_cls: 0.6369  rpn_s.0.loss_bbox: 0.0939  rpn_s.0.loss_giou: 0.7195  rpn_s.1.loss_cls: 0.4451  rpn_s.1.loss_bbox: 0.0457  rpn_s.1.loss_giou: 0.3896  rpn_s.2.loss_cls: 0.3572  rpn_s.2.loss_bbox: 0.0416  rpn_s.2.loss_giou: 0.3480  rpn_s.3.loss_cls: 0.3228  rpn_s.3.loss_bbox: 0.0372  rpn_s.3.loss_giou: 0.3249  s0.loss_cls: 0.3540  s0.pos_acc: 76.8519  s0.loss_bbox: 0.5973  s0.loss_iou: 1.0338  s1.loss_cls: 0.3473  s1.pos_acc: 79.6296  s1.loss_bbox: 0.6192  s1.loss_iou: 1.0032
2026/03/31 17:26:52 - mmengine - INFO - Epoch(train)  [1][ 4350/10002]  lr: 5.0000e-06  eta: 12:06:55  time: 0.3741  data_time: 0.0029  memory: 7329  grad_norm: 95.7131  loss: 7.6166  rpn_s.0.loss_cls: 0.6025  rpn_s.0.loss_bbox: 0.0933  rpn_s.0.loss_giou: 0.7235  rpn_s.1.loss_cls: 0.4080  rpn_s.1.loss_bbox: 0.0458  rpn_s.1.loss_giou: 0.3839  rpn_s.2.loss_cls: 0.3448  rpn_s.2.loss_bbox: 0.0412  rpn_s.2.loss_giou: 0.3414  rpn_s.3.loss_cls: 0.3055  rpn_s.3.loss_bbox: 0.0379  rpn_s.3.loss_giou: 0.3221  s0.loss_cls: 0.3327  s0.pos_acc: 76.9231  s0.loss_bbox: 0.6216  s0.loss_iou: 1.0216  s1.loss_cls: 0.3270  s1.pos_acc: 92.3077  s1.loss_bbox: 0.6831  s1.loss_iou: 0.9809
2026/03/31 17:27:11 - mmengine - INFO - Epoch(train)  [1][ 4400/10002]  lr: 5.0000e-06  eta: 12:06:34  time: 0.3757  data_time: 0.0030  memory: 7329  grad_norm: 93.3036  loss: 8.2488  rpn_s.0.loss_cls: 0.6847  rpn_s.0.loss_bbox: 0.0983  rpn_s.0.loss_giou: 0.8190  rpn_s.1.loss_cls: 0.4674  rpn_s.1.loss_bbox: 0.0435  rpn_s.1.loss_giou: 0.4263  rpn_s.2.loss_cls: 0.3906  rpn_s.2.loss_bbox: 0.0373  rpn_s.2.loss_giou: 0.3720  rpn_s.3.loss_cls: 0.3492  rpn_s.3.loss_bbox: 0.0347  rpn_s.3.loss_giou: 0.3505  s0.loss_cls: 0.4010  s0.pos_acc: 65.1685  s0.loss_bbox: 0.5675  s0.loss_iou: 1.1336  s1.loss_cls: 0.3817  s1.pos_acc: 70.2247  s1.loss_bbox: 0.6049  s1.loss_iou: 1.0865
2026/03/31 17:27:30 - mmengine - INFO - Epoch(train)  [1][ 4450/10002]  lr: 5.0000e-06  eta: 12:06:25  time: 0.3846  data_time: 0.0029  memory: 7329  grad_norm: 77.9379  loss: 8.6223  rpn_s.0.loss_cls: 0.6204  rpn_s.0.loss_bbox: 0.1155  rpn_s.0.loss_giou: 0.8971  rpn_s.1.loss_cls: 0.4326  rpn_s.1.loss_bbox: 0.0517  rpn_s.1.loss_giou: 0.4677  rpn_s.2.loss_cls: 0.3537  rpn_s.2.loss_bbox: 0.0433  rpn_s.2.loss_giou: 0.4014  rpn_s.3.loss_cls: 0.3118  rpn_s.3.loss_bbox: 0.0395  rpn_s.3.loss_giou: 0.3778  s0.loss_cls: 0.3584  s0.pos_acc: 67.1642  s0.loss_bbox: 0.6433  s0.loss_iou: 1.2662  s1.loss_cls: 0.3436  s1.pos_acc: 72.3881  s1.loss_bbox: 0.6849  s1.loss_iou: 1.2134
2026/03/31 17:27:49 - mmengine - INFO - Epoch(train)  [1][ 4500/10002]  lr: 5.0000e-06  eta: 12:06:19  time: 0.3873  data_time: 0.0029  memory: 7330  grad_norm: 90.7387  loss: 9.2330  rpn_s.0.loss_cls: 0.6665  rpn_s.0.loss_bbox: 0.1158  rpn_s.0.loss_giou: 0.9062  rpn_s.1.loss_cls: 0.4883  rpn_s.1.loss_bbox: 0.0522  rpn_s.1.loss_giou: 0.4753  rpn_s.2.loss_cls: 0.4127  rpn_s.2.loss_bbox: 0.0429  rpn_s.2.loss_giou: 0.4116  rpn_s.3.loss_cls: 0.3742  rpn_s.3.loss_bbox: 0.0403  rpn_s.3.loss_giou: 0.3853  s0.loss_cls: 0.4185  s0.pos_acc: 100.0000  s0.loss_bbox: 0.6843  s0.loss_iou: 1.3380  s1.loss_cls: 0.4069  s1.pos_acc: 100.0000  s1.loss_bbox: 0.7235  s1.loss_iou: 1.2905
2026/03/31 17:28:08 - mmengine - INFO - Epoch(train)  [1][ 4550/10002]  lr: 5.0000e-06  eta: 12:06:01  time: 0.3776  data_time: 0.0030  memory: 7329  grad_norm: 101.9535  loss: 7.2528  rpn_s.0.loss_cls: 0.5652  rpn_s.0.loss_bbox: 0.0976  rpn_s.0.loss_giou: 0.7106  rpn_s.1.loss_cls: 0.3828  rpn_s.1.loss_bbox: 0.0438  rpn_s.1.loss_giou: 0.3598  rpn_s.2.loss_cls: 0.3076  rpn_s.2.loss_bbox: 0.0378  rpn_s.2.loss_giou: 0.3160  rpn_s.3.loss_cls: 0.2695  rpn_s.3.loss_bbox: 0.0346  rpn_s.3.loss_giou: 0.2977  s0.loss_cls: 0.3130  s0.pos_acc: 75.0000  s0.loss_bbox: 0.6368  s0.loss_iou: 0.9883  s1.loss_cls: 0.3115  s1.pos_acc: 100.0000  s1.loss_bbox: 0.6297  s1.loss_iou: 0.9505
2026/03/31 17:28:27 - mmengine - INFO - Epoch(train)  [1][ 4600/10002]  lr: 5.0000e-06  eta: 12:05:38  time: 0.3740  data_time: 0.0030  memory: 7329  grad_norm: 90.8216  loss: 8.0167  rpn_s.0.loss_cls: 0.6487  rpn_s.0.loss_bbox: 0.0974  rpn_s.0.loss_giou: 0.7373  rpn_s.1.loss_cls: 0.4585  rpn_s.1.loss_bbox: 0.0461  rpn_s.1.loss_giou: 0.4002  rpn_s.2.loss_cls: 0.3803  rpn_s.2.loss_bbox: 0.0400  rpn_s.2.loss_giou: 0.3608  rpn_s.3.loss_cls: 0.3435  rpn_s.3.loss_bbox: 0.0387  rpn_s.3.loss_giou: 0.3448  s0.loss_cls: 0.3805  s0.pos_acc: 66.6667  s0.loss_bbox: 0.5556  s0.loss_iou: 1.1486  s1.loss_cls: 0.3816  s1.pos_acc: 75.0000  s1.loss_bbox: 0.5576  s1.loss_iou: 1.0965
2026/03/31 17:28:46 - mmengine - INFO - Epoch(train)  [1][ 4650/10002]  lr: 5.0000e-06  eta: 12:05:16  time: 0.3746  data_time: 0.0030  memory: 7329  grad_norm: 94.5690  loss: 7.6354  rpn_s.0.loss_cls: 0.6084  rpn_s.0.loss_bbox: 0.0968  rpn_s.0.loss_giou: 0.7216  rpn_s.1.loss_cls: 0.4059  rpn_s.1.loss_bbox: 0.0442  rpn_s.1.loss_giou: 0.3817  rpn_s.2.loss_cls: 0.3289  rpn_s.2.loss_bbox: 0.0382  rpn_s.2.loss_giou: 0.3368  rpn_s.3.loss_cls: 0.2969  rpn_s.3.loss_bbox: 0.0353  rpn_s.3.loss_giou: 0.3186  s0.loss_cls: 0.3387  s0.pos_acc: 100.0000  s0.loss_bbox: 0.6032  s0.loss_iou: 1.0917  s1.loss_cls: 0.3235  s1.pos_acc: 100.0000  s1.loss_bbox: 0.5994  s1.loss_iou: 1.0655
2026/03/31 17:29:04 - mmengine - INFO - Epoch(train)  [1][ 4700/10002]  lr: 5.0000e-06  eta: 12:04:49  time: 0.3708  data_time: 0.0030  memory: 7329  grad_norm: 130.4768  loss: 7.8977  rpn_s.0.loss_cls: 0.6284  rpn_s.0.loss_bbox: 0.0990  rpn_s.0.loss_giou: 0.7014  rpn_s.1.loss_cls: 0.4238  rpn_s.1.loss_bbox: 0.0470  rpn_s.1.loss_giou: 0.3869  rpn_s.2.loss_cls: 0.3475  rpn_s.2.loss_bbox: 0.0413  rpn_s.2.loss_giou: 0.3469  rpn_s.3.loss_cls: 0.3146  rpn_s.3.loss_bbox: 0.0392  rpn_s.3.loss_giou: 0.3336  s0.loss_cls: 0.3523  s0.pos_acc: 100.0000  s0.loss_bbox: 0.6495  s0.loss_iou: 1.1081  s1.loss_cls: 0.3477  s1.pos_acc: 100.0000  s1.loss_bbox: 0.6576  s1.loss_iou: 1.0728
2026/03/31 17:29:23 - mmengine - INFO - Epoch(train)  [1][ 4750/10002]  lr: 5.0000e-06  eta: 12:04:29  time: 0.3762  data_time: 0.0030  memory: 7329  grad_norm: 110.5011  loss: 7.3887  rpn_s.0.loss_cls: 0.5573  rpn_s.0.loss_bbox: 0.0982  rpn_s.0.loss_giou: 0.7098  rpn_s.1.loss_cls: 0.3782  rpn_s.1.loss_bbox: 0.0462  rpn_s.1.loss_giou: 0.3790  rpn_s.2.loss_cls: 0.3011  rpn_s.2.loss_bbox: 0.0384  rpn_s.2.loss_giou: 0.3350  rpn_s.3.loss_cls: 0.2599  rpn_s.3.loss_bbox: 0.0356  rpn_s.3.loss_giou: 0.3144  s0.loss_cls: 0.3040  s0.pos_acc: 83.3333  s0.loss_bbox: 0.6469  s0.loss_iou: 1.0429  s1.loss_cls: 0.3088  s1.pos_acc: 58.3333  s1.loss_bbox: 0.6283  s1.loss_iou: 1.0045
2026/03/31 17:29:42 - mmengine - INFO - Epoch(train)  [1][ 4800/10002]  lr: 5.0000e-06  eta: 12:04:02  time: 0.3702  data_time: 0.0030  memory: 7329  grad_norm: 103.4746  loss: 8.0008  rpn_s.0.loss_cls: 0.6430  rpn_s.0.loss_bbox: 0.1057  rpn_s.0.loss_giou: 0.7337  rpn_s.1.loss_cls: 0.4428  rpn_s.1.loss_bbox: 0.0536  rpn_s.1.loss_giou: 0.4037  rpn_s.2.loss_cls: 0.3765  rpn_s.2.loss_bbox: 0.0482  rpn_s.2.loss_giou: 0.3611  rpn_s.3.loss_cls: 0.3443  rpn_s.3.loss_bbox: 0.0447  rpn_s.3.loss_giou: 0.3422  s0.loss_cls: 0.3745  s0.pos_acc: 100.0000  s0.loss_bbox: 0.6047  s0.loss_iou: 1.0939  s1.loss_cls: 0.3612  s1.pos_acc: 100.0000  s1.loss_bbox: 0.6160  s1.loss_iou: 1.0511
2026/03/31 17:30:00 - mmengine - INFO - Epoch(train)  [1][ 4850/10002]  lr: 5.0000e-06  eta: 12:03:37  time: 0.3715  data_time: 0.0030  memory: 7329  grad_norm: 99.4286  loss: 7.4008  rpn_s.0.loss_cls: 0.5630  rpn_s.0.loss_bbox: 0.0912  rpn_s.0.loss_giou: 0.6999  rpn_s.1.loss_cls: 0.3864  rpn_s.1.loss_bbox: 0.0416  rpn_s.1.loss_giou: 0.3680  rpn_s.2.loss_cls: 0.3156  rpn_s.2.loss_bbox: 0.0361  rpn_s.2.loss_giou: 0.3255  rpn_s.3.loss_cls: 0.2763  rpn_s.3.loss_bbox: 0.0337  rpn_s.3.loss_giou: 0.3091  s0.loss_cls: 0.3013  s0.pos_acc: 86.3095  s0.loss_bbox: 0.6625  s0.loss_iou: 1.0375  s1.loss_cls: 0.2950  s1.pos_acc: 89.2857  s1.loss_bbox: 0.6590  s1.loss_iou: 0.9989
2026/03/31 17:30:19 - mmengine - INFO - Epoch(train)  [1][ 4900/10002]  lr: 5.0000e-06  eta: 12:03:19  time: 0.3777  data_time: 0.0029  memory: 7329  grad_norm: 90.2870  loss: 7.7942  rpn_s.0.loss_cls: 0.5846  rpn_s.0.loss_bbox: 0.1007  rpn_s.0.loss_giou: 0.7705  rpn_s.1.loss_cls: 0.4017  rpn_s.1.loss_bbox: 0.0460  rpn_s.1.loss_giou: 0.4113  rpn_s.2.loss_cls: 0.3220  rpn_s.2.loss_bbox: 0.0379  rpn_s.2.loss_giou: 0.3546  rpn_s.3.loss_cls: 0.2894  rpn_s.3.loss_bbox: 0.0347  rpn_s.3.loss_giou: 0.3338  s0.loss_cls: 0.3454  s0.pos_acc: 75.0000  s0.loss_bbox: 0.6177  s0.loss_iou: 1.1190  s1.loss_cls: 0.3262  s1.pos_acc: 91.6667  s1.loss_bbox: 0.6204  s1.loss_iou: 1.0783
2026/03/31 17:30:38 - mmengine - INFO - Epoch(train)  [1][ 4950/10002]  lr: 5.0000e-06  eta: 12:02:57  time: 0.3744  data_time: 0.0029  memory: 7329  grad_norm: 109.2366  loss: 7.7083  rpn_s.0.loss_cls: 0.6242  rpn_s.0.loss_bbox: 0.0955  rpn_s.0.loss_giou: 0.7086  rpn_s.1.loss_cls: 0.4212  rpn_s.1.loss_bbox: 0.0460  rpn_s.1.loss_giou: 0.3768  rpn_s.2.loss_cls: 0.3662  rpn_s.2.loss_bbox: 0.0405  rpn_s.2.loss_giou: 0.3331  rpn_s.3.loss_cls: 0.3336  rpn_s.3.loss_bbox: 0.0386  rpn_s.3.loss_giou: 0.3171  s0.loss_cls: 0.3482  s0.pos_acc: 100.0000  s0.loss_bbox: 0.6379  s0.loss_iou: 1.0322  s1.loss_cls: 0.3396  s1.pos_acc: 100.0000  s1.loss_bbox: 0.6506  s1.loss_iou: 0.9984
2026/03/31 17:30:56 - mmengine - INFO - Exp name: GSDet_r50_b900_h2h4_h2r1_r2r1_2x_fair1m1.0_20260331_165920
2026/03/31 17:30:56 - mmengine - INFO - Epoch(train)  [1][ 5000/10002]  lr: 5.0000e-06  eta: 12:02:32  time: 0.3720  data_time: 0.0029  memory: 7329  grad_norm: 96.1749  loss: 7.4372  rpn_s.0.loss_cls: 0.6091  rpn_s.0.loss_bbox: 0.0899  rpn_s.0.loss_giou: 0.7013  rpn_s.1.loss_cls: 0.4200  rpn_s.1.loss_bbox: 0.0404  rpn_s.1.loss_giou: 0.3688  rpn_s.2.loss_cls: 0.3326  rpn_s.2.loss_bbox: 0.0352  rpn_s.2.loss_giou: 0.3246  rpn_s.3.loss_cls: 0.3026  rpn_s.3.loss_bbox: 0.0327  rpn_s.3.loss_giou: 0.3058  s0.loss_cls: 0.3327  s0.pos_acc: 100.0000  s0.loss_bbox: 0.6238  s0.loss_iou: 0.9983  s1.loss_cls: 0.3183  s1.pos_acc: 100.0000  s1.loss_bbox: 0.6502  s1.loss_iou: 0.9512
2026/03/31 17:31:15 - mmengine - INFO - Epoch(train)  [1][ 5050/10002]  lr: 5.0000e-06  eta: 12:02:12  time: 0.3758  data_time: 0.0029  memory: 7329  grad_norm: 100.0280  loss: 7.8313  rpn_s.0.loss_cls: 0.6150  rpn_s.0.loss_bbox: 0.0918  rpn_s.0.loss_giou: 0.7056  rpn_s.1.loss_cls: 0.4269  rpn_s.1.loss_bbox: 0.0465  rpn_s.1.loss_giou: 0.3978  rpn_s.2.loss_cls: 0.3640  rpn_s.2.loss_bbox: 0.0404  rpn_s.2.loss_giou: 0.3489  rpn_s.3.loss_cls: 0.3273  rpn_s.3.loss_bbox: 0.0379  rpn_s.3.loss_giou: 0.3303  s0.loss_cls: 0.3670  s0.pos_acc: 68.7500  s0.loss_bbox: 0.6238  s0.loss_iou: 1.0899  s1.loss_cls: 0.3556  s1.pos_acc: 76.5625  s1.loss_bbox: 0.6189  s1.loss_iou: 1.0439
2026/03/31 17:31:34 - mmengine - INFO - Epoch(train)  [1][ 5100/10002]  lr: 5.0000e-06  eta: 12:01:48  time: 0.3719  data_time: 0.0029  memory: 7329  grad_norm: 89.9104  loss: 8.2746  rpn_s.0.loss_cls: 0.6469  rpn_s.0.loss_bbox: 0.1064  rpn_s.0.loss_giou: 0.8143  rpn_s.1.loss_cls: 0.4311  rpn_s.1.loss_bbox: 0.0502  rpn_s.1.loss_giou: 0.4340  rpn_s.2.loss_cls: 0.3690  rpn_s.2.loss_bbox: 0.0430  rpn_s.2.loss_giou: 0.3841  rpn_s.3.loss_cls: 0.3347  rpn_s.3.loss_bbox: 0.0405  rpn_s.3.loss_giou: 0.3616  s0.loss_cls: 0.3792  s0.pos_acc: 85.7143  s0.loss_bbox: 0.6091  s0.loss_iou: 1.1430  s1.loss_cls: 0.3695  s1.pos_acc: 85.7143  s1.loss_bbox: 0.6544  s1.loss_iou: 1.1036
2026/03/31 17:31:52 - mmengine - INFO - Epoch(train)  [1][ 5150/10002]  lr: 5.0000e-06  eta: 12:01:26  time: 0.3742  data_time: 0.0030  memory: 7329  grad_norm: 104.2105  loss: 7.9492  rpn_s.0.loss_cls: 0.6067  rpn_s.0.loss_bbox: 0.1033  rpn_s.0.loss_giou: 0.7842  rpn_s.1.loss_cls: 0.4171  rpn_s.1.loss_bbox: 0.0497  rpn_s.1.loss_giou: 0.4122  rpn_s.2.loss_cls: 0.3478  rpn_s.2.loss_bbox: 0.0431  rpn_s.2.loss_giou: 0.3641  rpn_s.3.loss_cls: 0.3079  rpn_s.3.loss_bbox: 0.0399  rpn_s.3.loss_giou: 0.3417  s0.loss_cls: 0.3484  s0.pos_acc: 91.6667  s0.loss_bbox: 0.6285  s0.loss_iou: 1.1148  s1.loss_cls: 0.3356  s1.pos_acc: 91.6667  s1.loss_bbox: 0.6444  s1.loss_iou: 1.0596
2026/03/31 17:32:12 - mmengine - INFO - Epoch(train)  [1][ 5200/10002]  lr: 5.0000e-06  eta: 12:01:12  time: 0.3816  data_time: 0.0029  memory: 7330  grad_norm: 91.8301  loss: 8.1843  rpn_s.0.loss_cls: 0.6233  rpn_s.0.loss_bbox: 0.0996  rpn_s.0.loss_giou: 0.7853  rpn_s.1.loss_cls: 0.4275  rpn_s.1.loss_bbox: 0.0476  rpn_s.1.loss_giou: 0.4194  rpn_s.2.loss_cls: 0.3516  rpn_s.2.loss_bbox: 0.0413  rpn_s.2.loss_giou: 0.3731  rpn_s.3.loss_cls: 0.3119  rpn_s.3.loss_bbox: 0.0381  rpn_s.3.loss_giou: 0.3523  s0.loss_cls: 0.3495  s0.pos_acc: 73.9741  s0.loss_bbox: 0.6629  s0.loss_iou: 1.1487  s1.loss_cls: 0.3459  s1.pos_acc: 76.7819  s1.loss_bbox: 0.6976  s1.loss_iou: 1.1087
2026/03/31 17:32:30 - mmengine - INFO - Epoch(train)  [1][ 5250/10002]  lr: 5.0000e-06  eta: 12:00:52  time: 0.3755  data_time: 0.0029  memory: 7329  grad_norm: 85.5255  loss: 8.1190  rpn_s.0.loss_cls: 0.6453  rpn_s.0.loss_bbox: 0.1002  rpn_s.0.loss_giou: 0.8133  rpn_s.1.loss_cls: 0.4597  rpn_s.1.loss_bbox: 0.0431  rpn_s.1.loss_giou: 0.4150  rpn_s.2.loss_cls: 0.3811  rpn_s.2.loss_bbox: 0.0368  rpn_s.2.loss_giou: 0.3589  rpn_s.3.loss_cls: 0.3506  rpn_s.3.loss_bbox: 0.0342  rpn_s.3.loss_giou: 0.3357  s0.loss_cls: 0.3899  s0.pos_acc: 73.8095  s0.loss_bbox: 0.5719  s0.loss_iou: 1.1287  s1.loss_cls: 0.3732  s1.pos_acc: 77.2109  s1.loss_bbox: 0.5890  s1.loss_iou: 1.0924
2026/03/31 17:32:49 - mmengine - INFO - Epoch(train)  [1][ 5300/10002]  lr: 5.0000e-06  eta: 12:00:27  time: 0.3711  data_time: 0.0029  memory: 7329  grad_norm: 95.5129  loss: 7.2067  rpn_s.0.loss_cls: 0.5416  rpn_s.0.loss_bbox: 0.0910  rpn_s.0.loss_giou: 0.6809  rpn_s.1.loss_cls: 0.3799  rpn_s.1.loss_bbox: 0.0450  rpn_s.1.loss_giou: 0.3608  rpn_s.2.loss_cls: 0.3111  rpn_s.2.loss_bbox: 0.0397  rpn_s.2.loss_giou: 0.3257  rpn_s.3.loss_cls: 0.2725  rpn_s.3.loss_bbox: 0.0370  rpn_s.3.loss_giou: 0.3107  s0.loss_cls: 0.3109  s0.pos_acc: 86.4583  s0.loss_bbox: 0.6444  s0.loss_iou: 0.9722  s1.loss_cls: 0.2970  s1.pos_acc: 85.4167  s1.loss_bbox: 0.6530  s1.loss_iou: 0.9334
2026/03/31 17:33:08 - mmengine - INFO - Epoch(train)  [1][ 5350/10002]  lr: 5.0000e-06  eta: 12:00:05  time: 0.3739  data_time: 0.0029  memory: 7329  grad_norm: 91.0445  loss: 7.7215  rpn_s.0.loss_cls: 0.6337  rpn_s.0.loss_bbox: 0.0966  rpn_s.0.loss_giou: 0.7502  rpn_s.1.loss_cls: 0.4287  rpn_s.1.loss_bbox: 0.0454  rpn_s.1.loss_giou: 0.3870  rpn_s.2.loss_cls: 0.3465  rpn_s.2.loss_bbox: 0.0401  rpn_s.2.loss_giou: 0.3377  rpn_s.3.loss_cls: 0.3068  rpn_s.3.loss_bbox: 0.0378  rpn_s.3.loss_giou: 0.3169  s0.loss_cls: 0.3703  s0.pos_acc: 79.1667  s0.loss_bbox: 0.6025  s0.loss_iou: 1.0466  s1.loss_cls: 0.3503  s1.pos_acc: 83.3333  s1.loss_bbox: 0.6244  s1.loss_iou: 1.0000
2026/03/31 17:33:26 - mmengine - INFO - Epoch(train)  [1][ 5400/10002]  lr: 5.0000e-06  eta: 11:59:48  time: 0.3780  data_time: 0.0029  memory: 7329  grad_norm: 78.4990  loss: 8.7283  rpn_s.0.loss_cls: 0.6634  rpn_s.0.loss_bbox: 0.1107  rpn_s.0.loss_giou: 0.9220  rpn_s.1.loss_cls: 0.4467  rpn_s.1.loss_bbox: 0.0465  rpn_s.1.loss_giou: 0.4659  rpn_s.2.loss_cls: 0.3778  rpn_s.2.loss_bbox: 0.0387  rpn_s.2.loss_giou: 0.4005  rpn_s.3.loss_cls: 0.3383  rpn_s.3.loss_bbox: 0.0355  rpn_s.3.loss_giou: 0.3779  s0.loss_cls: 0.3897  s0.pos_acc: 72.7273  s0.loss_bbox: 0.5891  s0.loss_iou: 1.2899  s1.loss_cls: 0.3740  s1.pos_acc: 66.6667  s1.loss_bbox: 0.6156  s1.loss_iou: 1.2462
2026/03/31 17:33:45 - mmengine - INFO - Epoch(train)  [1][ 5450/10002]  lr: 5.0000e-06  eta: 11:59:19  time: 0.3674  data_time: 0.0030  memory: 7329  grad_norm: 110.1451  loss: 7.5893  rpn_s.0.loss_cls: 0.5929  rpn_s.0.loss_bbox: 0.0889  rpn_s.0.loss_giou: 0.6576  rpn_s.1.loss_cls: 0.4136  rpn_s.1.loss_bbox: 0.0444  rpn_s.1.loss_giou: 0.3658  rpn_s.2.loss_cls: 0.3518  rpn_s.2.loss_bbox: 0.0404  rpn_s.2.loss_giou: 0.3276  rpn_s.3.loss_cls: 0.3097  rpn_s.3.loss_bbox: 0.0373  rpn_s.3.loss_giou: 0.3096  s0.loss_cls: 0.3479  s0.pos_acc: 90.0000  s0.loss_bbox: 0.6977  s0.loss_iou: 0.9836  s1.loss_cls: 0.3505  s1.pos_acc: 82.0000  s1.loss_bbox: 0.7276  s1.loss_iou: 0.9424
2026/03/31 17:34:03 - mmengine - INFO - Epoch(train)  [1][ 5500/10002]  lr: 5.0000e-06  eta: 11:58:56  time: 0.3732  data_time: 0.0030  memory: 7329  grad_norm: 83.3603  loss: 8.0950  rpn_s.0.loss_cls: 0.6366  rpn_s.0.loss_bbox: 0.0968  rpn_s.0.loss_giou: 0.7687  rpn_s.1.loss_cls: 0.4428  rpn_s.1.loss_bbox: 0.0464  rpn_s.1.loss_giou: 0.4152  rpn_s.2.loss_cls: 0.3697  rpn_s.2.loss_bbox: 0.0412  rpn_s.2.loss_giou: 0.3645  rpn_s.3.loss_cls: 0.3380  rpn_s.3.loss_bbox: 0.0380  rpn_s.3.loss_giou: 0.3453  s0.loss_cls: 0.3869  s0.pos_acc: 30.0000  s0.loss_bbox: 0.6219  s0.loss_iou: 1.1110  s1.loss_cls: 0.3730  s1.pos_acc: 40.0000  s1.loss_bbox: 0.6495  s1.loss_iou: 1.0495
2026/03/31 17:34:23 - mmengine - INFO - Epoch(train)  [1][ 5550/10002]  lr: 5.0000e-06  eta: 11:58:42  time: 0.3807  data_time: 0.0030  memory: 7329  grad_norm: 77.9220  loss: 7.9396  rpn_s.0.loss_cls: 0.5784  rpn_s.0.loss_bbox: 0.1015  rpn_s.0.loss_giou: 0.7901  rpn_s.1.loss_cls: 0.3880  rpn_s.1.loss_bbox: 0.0476  rpn_s.1.loss_giou: 0.4237  rpn_s.2.loss_cls: 0.3088  rpn_s.2.loss_bbox: 0.0404  rpn_s.2.loss_giou: 0.3680  rpn_s.3.loss_cls: 0.2741  rpn_s.3.loss_bbox: 0.0369  rpn_s.3.loss_giou: 0.3443  s0.loss_cls: 0.3248  s0.pos_acc: 62.5000  s0.loss_bbox: 0.6093  s0.loss_iou: 1.2124  s1.loss_cls: 0.3146  s1.pos_acc: 62.5000  s1.loss_bbox: 0.6170  s1.loss_iou: 1.1598
2026/03/31 17:34:41 - mmengine - INFO - Epoch(train)  [1][ 5600/10002]  lr: 5.0000e-06  eta: 11:58:19  time: 0.3727  data_time: 0.0030  memory: 7329  grad_norm: 103.7534  loss: 7.9484  rpn_s.0.loss_cls: 0.6252  rpn_s.0.loss_bbox: 0.0964  rpn_s.0.loss_giou: 0.7213  rpn_s.1.loss_cls: 0.4628  rpn_s.1.loss_bbox: 0.0478  rpn_s.1.loss_giou: 0.3927  rpn_s.2.loss_cls: 0.3940  rpn_s.2.loss_bbox: 0.0418  rpn_s.2.loss_giou: 0.3433  rpn_s.3.loss_cls: 0.3544  rpn_s.3.loss_bbox: 0.0372  rpn_s.3.loss_giou: 0.3222  s0.loss_cls: 0.4038  s0.pos_acc: 77.7778  s0.loss_bbox: 0.5734  s0.loss_iou: 1.0868  s1.loss_cls: 0.4036  s1.pos_acc: 77.7778  s1.loss_bbox: 0.5846  s1.loss_iou: 1.0571
2026/03/31 17:35:00 - mmengine - INFO - Epoch(train)  [1][ 5650/10002]  lr: 5.0000e-06  eta: 11:58:00  time: 0.3771  data_time: 0.0029  memory: 7329  grad_norm: 98.8818  loss: 8.3121  rpn_s.0.loss_cls: 0.6396  rpn_s.0.loss_bbox: 0.1055  rpn_s.0.loss_giou: 0.7562  rpn_s.1.loss_cls: 0.4490  rpn_s.1.loss_bbox: 0.0528  rpn_s.1.loss_giou: 0.4168  rpn_s.2.loss_cls: 0.3805  rpn_s.2.loss_bbox: 0.0464  rpn_s.2.loss_giou: 0.3640  rpn_s.3.loss_cls: 0.3407  rpn_s.3.loss_bbox: 0.0427  rpn_s.3.loss_giou: 0.3473  s0.loss_cls: 0.3839  s0.pos_acc: 100.0000  s0.loss_bbox: 0.6702  s0.loss_iou: 1.1645  s1.loss_cls: 0.3650  s1.pos_acc: 100.0000  s1.loss_bbox: 0.6675  s1.loss_iou: 1.1194
2026/03/31 17:35:19 - mmengine - INFO - Epoch(train)  [1][ 5700/10002]  lr: 5.0000e-06  eta: 11:57:42  time: 0.3767  data_time: 0.0029  memory: 7329  grad_norm: 92.2542  loss: 8.1500  rpn_s.0.loss_cls: 0.6387  rpn_s.0.loss_bbox: 0.1031  rpn_s.0.loss_giou: 0.7929  rpn_s.1.loss_cls: 0.4362  rpn_s.1.loss_bbox: 0.0487  rpn_s.1.loss_giou: 0.4117  rpn_s.2.loss_cls: 0.3707  rpn_s.2.loss_bbox: 0.0419  rpn_s.2.loss_giou: 0.3626  rpn_s.3.loss_cls: 0.3328  rpn_s.3.loss_bbox: 0.0387  rpn_s.3.loss_giou: 0.3396  s0.loss_cls: 0.3701  s0.pos_acc: 79.1855  s0.loss_bbox: 0.6459  s0.loss_iou: 1.1116  s1.loss_cls: 0.3625  s1.pos_acc: 80.9955  s1.loss_bbox: 0.6793  s1.loss_iou: 1.0631
2026/03/31 17:35:38 - mmengine - INFO - Epoch(train)  [1][ 5750/10002]  lr: 5.0000e-06  eta: 11:57:25  time: 0.3785  data_time: 0.0030  memory: 7330  grad_norm: 91.9870  loss: 8.3677  rpn_s.0.loss_cls: 0.6435  rpn_s.0.loss_bbox: 0.1015  rpn_s.0.loss_giou: 0.8078  rpn_s.1.loss_cls: 0.4468  rpn_s.1.loss_bbox: 0.0477  rpn_s.1.loss_giou: 0.4336  rpn_s.2.loss_cls: 0.3630  rpn_s.2.loss_bbox: 0.0416  rpn_s.2.loss_giou: 0.3832  rpn_s.3.loss_cls: 0.3295  rpn_s.3.loss_bbox: 0.0390  rpn_s.3.loss_giou: 0.3585  s0.loss_cls: 0.3809  s0.pos_acc: 75.4902  s0.loss_bbox: 0.6219  s0.loss_iou: 1.2038  s1.loss_cls: 0.3636  s1.pos_acc: 82.3529  s1.loss_bbox: 0.6425  s1.loss_iou: 1.1594
2026/03/31 17:35:57 - mmengine - INFO - Epoch(train)  [1][ 5800/10002]  lr: 5.0000e-06  eta: 11:57:07  time: 0.3783  data_time: 0.0030  memory: 7330  grad_norm: 96.3121  loss: 7.9408  rpn_s.0.loss_cls: 0.6226  rpn_s.0.loss_bbox: 0.0937  rpn_s.0.loss_giou: 0.7619  rpn_s.1.loss_cls: 0.4422  rpn_s.1.loss_bbox: 0.0427  rpn_s.1.loss_giou: 0.4020  rpn_s.2.loss_cls: 0.3520  rpn_s.2.loss_bbox: 0.0358  rpn_s.2.loss_giou: 0.3562  rpn_s.3.loss_cls: 0.3173  rpn_s.3.loss_bbox: 0.0336  rpn_s.3.loss_giou: 0.3399  s0.loss_cls: 0.3590  s0.pos_acc: 75.0000  s0.loss_bbox: 0.6380  s0.loss_iou: 1.0796  s1.loss_cls: 0.3718  s1.pos_acc: 75.0000  s1.loss_bbox: 0.6499  s1.loss_iou: 1.0426
2026/03/31 17:36:16 - mmengine - INFO - Epoch(train)  [1][ 5850/10002]  lr: 5.0000e-06  eta: 11:56:49  time: 0.3768  data_time: 0.0030  memory: 7329  grad_norm: 98.3799  loss: 7.9748  rpn_s.0.loss_cls: 0.6153  rpn_s.0.loss_bbox: 0.1001  rpn_s.0.loss_giou: 0.7473  rpn_s.1.loss_cls: 0.4317  rpn_s.1.loss_bbox: 0.0465  rpn_s.1.loss_giou: 0.4033  rpn_s.2.loss_cls: 0.3501  rpn_s.2.loss_bbox: 0.0401  rpn_s.2.loss_giou: 0.3581  rpn_s.3.loss_cls: 0.3087  rpn_s.3.loss_bbox: 0.0364  rpn_s.3.loss_giou: 0.3334  s0.loss_cls: 0.3629  s0.pos_acc: 100.0000  s0.loss_bbox: 0.6701  s0.loss_iou: 1.0748  s1.loss_cls: 0.3518  s1.pos_acc: 90.0000  s1.loss_bbox: 0.7017  s1.loss_iou: 1.0423
2026/03/31 17:36:34 - mmengine - INFO - Epoch(train)  [1][ 5900/10002]  lr: 5.0000e-06  eta: 11:56:25  time: 0.3720  data_time: 0.0029  memory: 7329  grad_norm: 99.1313  loss: 8.0784  rpn_s.0.loss_cls: 0.6140  rpn_s.0.loss_bbox: 0.1090  rpn_s.0.loss_giou: 0.7575  rpn_s.1.loss_cls: 0.4115  rpn_s.1.loss_bbox: 0.0535  rpn_s.1.loss_giou: 0.3995  rpn_s.2.loss_cls: 0.3252  rpn_s.2.loss_bbox: 0.0470  rpn_s.2.loss_giou: 0.3558  rpn_s.3.loss_cls: 0.3041  rpn_s.3.loss_bbox: 0.0441  rpn_s.3.loss_giou: 0.3390  s0.loss_cls: 0.3272  s0.pos_acc: 75.0000  s0.loss_bbox: 0.7021  s0.loss_iou: 1.1481  s1.loss_cls: 0.3248  s1.pos_acc: 76.3889  s1.loss_bbox: 0.7089  s1.loss_iou: 1.1069
2026/03/31 17:36:53 - mmengine - INFO - Epoch(train)  [1][ 5950/10002]  lr: 5.0000e-06  eta: 11:56:06  time: 0.3760  data_time: 0.0029  memory: 7330  grad_norm: 90.2721  loss: 7.9985  rpn_s.0.loss_cls: 0.6107  rpn_s.0.loss_bbox: 0.1012  rpn_s.0.loss_giou: 0.7267  rpn_s.1.loss_cls: 0.4171  rpn_s.1.loss_bbox: 0.0517  rpn_s.1.loss_giou: 0.4162  rpn_s.2.loss_cls: 0.3338  rpn_s.2.loss_bbox: 0.0454  rpn_s.2.loss_giou: 0.3733  rpn_s.3.loss_cls: 0.2963  rpn_s.3.loss_bbox: 0.0414  rpn_s.3.loss_giou: 0.3517  s0.loss_cls: 0.3448  s0.pos_acc: 100.0000  s0.loss_bbox: 0.6353  s0.loss_iou: 1.1456  s1.loss_cls: 0.3562  s1.pos_acc: 100.0000  s1.loss_bbox: 0.6490  s1.loss_iou: 1.1023
2026/03/31 17:37:12 - mmengine - INFO - Exp name: GSDet_r50_b900_h2h4_h2r1_r2r1_2x_fair1m1.0_20260331_165920
2026/03/31 17:37:12 - mmengine - INFO - Epoch(train)  [1][ 6000/10002]  lr: 5.0000e-06  eta: 11:55:47  time: 0.3762  data_time: 0.0030  memory: 7329  grad_norm: 96.8548  loss: 7.5934  rpn_s.0.loss_cls: 0.5944  rpn_s.0.loss_bbox: 0.0990  rpn_s.0.loss_giou: 0.7356  rpn_s.1.loss_cls: 0.4012  rpn_s.1.loss_bbox: 0.0445  rpn_s.1.loss_giou: 0.3727  rpn_s.2.loss_cls: 0.3251  rpn_s.2.loss_bbox: 0.0394  rpn_s.2.loss_giou: 0.3296  rpn_s.3.loss_cls: 0.2875  rpn_s.3.loss_bbox: 0.0359  rpn_s.3.loss_giou: 0.3088  s0.loss_cls: 0.3211  s0.pos_acc: 84.5070  s0.loss_bbox: 0.6807  s0.loss_iou: 1.0242  s1.loss_cls: 0.3175  s1.pos_acc: 89.4366  s1.loss_bbox: 0.6929  s1.loss_iou: 0.9832
2026/03/31 17:37:31 - mmengine - INFO - Epoch(train)  [1][ 6050/10002]  lr: 5.0000e-06  eta: 11:55:29  time: 0.3776  data_time: 0.0029  memory: 7329  grad_norm: 124.2219  loss: 8.3863  rpn_s.0.loss_cls: 0.6388  rpn_s.0.loss_bbox: 0.1103  rpn_s.0.loss_giou: 0.8028  rpn_s.1.loss_cls: 0.4438  rpn_s.1.loss_bbox: 0.0546  rpn_s.1.loss_giou: 0.4207  rpn_s.2.loss_cls: 0.3791  rpn_s.2.loss_bbox: 0.0473  rpn_s.2.loss_giou: 0.3622  rpn_s.3.loss_cls: 0.3466  rpn_s.3.loss_bbox: 0.0454  rpn_s.3.loss_giou: 0.3432  s0.loss_cls: 0.3831  s0.pos_acc: 84.1772  s0.loss_bbox: 0.6499  s0.loss_iou: 1.1809  s1.loss_cls: 0.3664  s1.pos_acc: 82.9114  s1.loss_bbox: 0.6813  s1.loss_iou: 1.1299
2026/03/31 17:37:49 - mmengine - INFO - Epoch(train)  [1][ 6100/10002]  lr: 5.0000e-06  eta: 11:55:10  time: 0.3768  data_time: 0.0030  memory: 7329  grad_norm: 79.1093  loss: 8.3181  rpn_s.0.loss_cls: 0.6201  rpn_s.0.loss_bbox: 0.1108  rpn_s.0.loss_giou: 0.8399  rpn_s.1.loss_cls: 0.4320  rpn_s.1.loss_bbox: 0.0506  rpn_s.1.loss_giou: 0.4400  rpn_s.2.loss_cls: 0.3587  rpn_s.2.loss_bbox: 0.0409  rpn_s.2.loss_giou: 0.3874  rpn_s.3.loss_cls: 0.3191  rpn_s.3.loss_bbox: 0.0366  rpn_s.3.loss_giou: 0.3610  s0.loss_cls: 0.3479  s0.pos_acc: 75.5814  s0.loss_bbox: 0.6225  s0.loss_iou: 1.1927  s1.loss_cls: 0.3440  s1.pos_acc: 70.9302  s1.loss_bbox: 0.6656  s1.loss_iou: 1.1483
2026/03/31 17:38:08 - mmengine - INFO - Epoch(train)  [1][ 6150/10002]  lr: 5.0000e-06  eta: 11:54:49  time: 0.3745  data_time: 0.0030  memory: 7329  grad_norm: 84.1212  loss: 8.4670  rpn_s.0.loss_cls: 0.6546  rpn_s.0.loss_bbox: 0.1063  rpn_s.0.loss_giou: 0.8269  rpn_s.1.loss_cls: 0.4549  rpn_s.1.loss_bbox: 0.0498  rpn_s.1.loss_giou: 0.4491  rpn_s.2.loss_cls: 0.3753  rpn_s.2.loss_bbox: 0.0418  rpn_s.2.loss_giou: 0.3877  rpn_s.3.loss_cls: 0.3437  rpn_s.3.loss_bbox: 0.0385  rpn_s.3.loss_giou: 0.3627  s0.loss_cls: 0.3857  s0.pos_acc: 100.0000  s0.loss_bbox: 0.5912  s0.loss_iou: 1.2343  s1.loss_cls: 0.3702  s1.pos_acc: 100.0000  s1.loss_bbox: 0.5971  s1.loss_iou: 1.1971
2026/03/31 17:38:27 - mmengine - INFO - Epoch(train)  [1][ 6200/10002]  lr: 5.0000e-06  eta: 11:54:36  time: 0.3828  data_time: 0.0030  memory: 7329  grad_norm: 80.0683  loss: 8.8240  rpn_s.0.loss_cls: 0.6480  rpn_s.0.loss_bbox: 0.1095  rpn_s.0.loss_giou: 0.8598  rpn_s.1.loss_cls: 0.4604  rpn_s.1.loss_bbox: 0.0486  rpn_s.1.loss_giou: 0.4529  rpn_s.2.loss_cls: 0.3970  rpn_s.2.loss_bbox: 0.0399  rpn_s.2.loss_giou: 0.3864  rpn_s.3.loss_cls: 0.3544  rpn_s.3.loss_bbox: 0.0369  rpn_s.3.loss_giou: 0.3661  s0.loss_cls: 0.3943  s0.pos_acc: 83.3333  s0.loss_bbox: 0.6578  s0.loss_iou: 1.2957  s1.loss_cls: 0.3938  s1.pos_acc: 72.2222  s1.loss_bbox: 0.6709  s1.loss_iou: 1.2518
2026/03/31 17:38:46 - mmengine - INFO - Epoch(train)  [1][ 6250/10002]  lr: 5.0000e-06  eta: 11:54:13  time: 0.3722  data_time: 0.0030  memory: 7329  grad_norm: 88.9669  loss: 8.4909  rpn_s.0.loss_cls: 0.6512  rpn_s.0.loss_bbox: 0.0942  rpn_s.0.loss_giou: 0.8081  rpn_s.1.loss_cls: 0.4390  rpn_s.1.loss_bbox: 0.0453  rpn_s.1.loss_giou: 0.4284  rpn_s.2.loss_cls: 0.3669  rpn_s.2.loss_bbox: 0.0400  rpn_s.2.loss_giou: 0.3849  rpn_s.3.loss_cls: 0.3239  rpn_s.3.loss_bbox: 0.0379  rpn_s.3.loss_giou: 0.3640  s0.loss_cls: 0.3835  s0.pos_acc: 75.0000  s0.loss_bbox: 0.6436  s0.loss_iou: 1.2350  s1.loss_cls: 0.3758  s1.pos_acc: 73.2143  s1.loss_bbox: 0.6786  s1.loss_iou: 1.1905
2026/03/31 17:39:05 - mmengine - INFO - Epoch(train)  [1][ 6300/10002]  lr: 5.0000e-06  eta: 11:53:53  time: 0.3748  data_time: 0.0030  memory: 7329  grad_norm: 92.9510  loss: 7.8030  rpn_s.0.loss_cls: 0.5966  rpn_s.0.loss_bbox: 0.0970  rpn_s.0.loss_giou: 0.7189  rpn_s.1.loss_cls: 0.4156  rpn_s.1.loss_bbox: 0.0466  rpn_s.1.loss_giou: 0.3849  rpn_s.2.loss_cls: 0.3491  rpn_s.2.loss_bbox: 0.0403  rpn_s.2.loss_giou: 0.3398  rpn_s.3.loss_cls: 0.3168  rpn_s.3.loss_bbox: 0.0376  rpn_s.3.loss_giou: 0.3227  s0.loss_cls: 0.3573  s0.pos_acc: 91.6667  s0.loss_bbox: 0.6269  s0.loss_iou: 1.1004  s1.loss_cls: 0.3621  s1.pos_acc: 83.3333  s1.loss_bbox: 0.6340  s1.loss_iou: 1.0565
2026/03/31 17:39:23 - mmengine - INFO - Epoch(train)  [1][ 6350/10002]  lr: 5.0000e-06  eta: 11:53:33  time: 0.3758  data_time: 0.0030  memory: 7329  grad_norm: 81.7194  loss: 8.4320  rpn_s.0.loss_cls: 0.6409  rpn_s.0.loss_bbox: 0.1030  rpn_s.0.loss_giou: 0.8542  rpn_s.1.loss_cls: 0.4411  rpn_s.1.loss_bbox: 0.0458  rpn_s.1.loss_giou: 0.4422  rpn_s.2.loss_cls: 0.3691  rpn_s.2.loss_bbox: 0.0382  rpn_s.2.loss_giou: 0.3823  rpn_s.3.loss_cls: 0.3300  rpn_s.3.loss_bbox: 0.0356  rpn_s.3.loss_giou: 0.3604  s0.loss_cls: 0.3801  s0.pos_acc: 74.4444  s0.loss_bbox: 0.6133  s0.loss_iou: 1.2094  s1.loss_cls: 0.3681  s1.pos_acc: 75.1852  s1.loss_bbox: 0.6603  s1.loss_iou: 1.1578
2026/03/31 17:39:42 - mmengine - INFO - Epoch(train)  [1][ 6400/10002]  lr: 5.0000e-06  eta: 11:53:13  time: 0.3756  data_time: 0.0030  memory: 7329  grad_norm: 99.1443  loss: 8.1703  rpn_s.0.loss_cls: 0.6110  rpn_s.0.loss_bbox: 0.1082  rpn_s.0.loss_giou: 0.8719  rpn_s.1.loss_cls: 0.4397  rpn_s.1.loss_bbox: 0.0468  rpn_s.1.loss_giou: 0.4244  rpn_s.2.loss_cls: 0.3665  rpn_s.2.loss_bbox: 0.0376  rpn_s.2.loss_giou: 0.3607  rpn_s.3.loss_cls: 0.3326  rpn_s.3.loss_bbox: 0.0352  rpn_s.3.loss_giou: 0.3434  s0.loss_cls: 0.3694  s0.pos_acc: 100.0000  s0.loss_bbox: 0.5967  s0.loss_iou: 1.1462  s1.loss_cls: 0.3588  s1.pos_acc: 100.0000  s1.loss_bbox: 0.6269  s1.loss_iou: 1.0943
2026/03/31 17:40:01 - mmengine - INFO - Epoch(train)  [1][ 6450/10002]  lr: 5.0000e-06  eta: 11:53:01  time: 0.3843  data_time: 0.0030  memory: 7330  grad_norm: 103.3610  loss: 7.9200  rpn_s.0.loss_cls: 0.6168  rpn_s.0.loss_bbox: 0.1050  rpn_s.0.loss_giou: 0.7104  rpn_s.1.loss_cls: 0.4215  rpn_s.1.loss_bbox: 0.0570  rpn_s.1.loss_giou: 0.4099  rpn_s.2.loss_cls: 0.3514  rpn_s.2.loss_bbox: 0.0492  rpn_s.2.loss_giou: 0.3621  rpn_s.3.loss_cls: 0.3098  rpn_s.3.loss_bbox: 0.0443  rpn_s.3.loss_giou: 0.3365  s0.loss_cls: 0.3535  s0.pos_acc: 100.0000  s0.loss_bbox: 0.6360  s0.loss_iou: 1.1206  s1.loss_cls: 0.3351  s1.pos_acc: 100.0000  s1.loss_bbox: 0.6390  s1.loss_iou: 1.0620
2026/03/31 17:40:20 - mmengine - INFO - Epoch(train)  [1][ 6500/10002]  lr: 5.0000e-06  eta: 11:52:36  time: 0.3696  data_time: 0.0030  memory: 7329  grad_norm: 93.3898  loss: 7.9278  rpn_s.0.loss_cls: 0.6051  rpn_s.0.loss_bbox: 0.1049  rpn_s.0.loss_giou: 0.7481  rpn_s.1.loss_cls: 0.4075  rpn_s.1.loss_bbox: 0.0506  rpn_s.1.loss_giou: 0.4042  rpn_s.2.loss_cls: 0.3270  rpn_s.2.loss_bbox: 0.0427  rpn_s.2.loss_giou: 0.3530  rpn_s.3.loss_cls: 0.2927  rpn_s.3.loss_bbox: 0.0409  rpn_s.3.loss_giou: 0.3359  s0.loss_cls: 0.3451  s0.pos_acc: 72.2772  s0.loss_bbox: 0.6650  s0.loss_iou: 1.1267  s1.loss_cls: 0.3286  s1.pos_acc: 75.7426  s1.loss_bbox: 0.6723  s1.loss_iou: 1.0773
2026/03/31 17:40:39 - mmengine - INFO - Epoch(train)  [1][ 6550/10002]  lr: 5.0000e-06  eta: 11:52:15  time: 0.3737  data_time: 0.0030  memory: 7329  grad_norm: 93.0683  loss: 7.4795  rpn_s.0.loss_cls: 0.6090  rpn_s.0.loss_bbox: 0.1025  rpn_s.0.loss_giou: 0.6702  rpn_s.1.loss_cls: 0.4201  rpn_s.1.loss_bbox: 0.0526  rpn_s.1.loss_giou: 0.3670  rpn_s.2.loss_cls: 0.3404  rpn_s.2.loss_bbox: 0.0460  rpn_s.2.loss_giou: 0.3215  rpn_s.3.loss_cls: 0.3036  rpn_s.3.loss_bbox: 0.0414  rpn_s.3.loss_giou: 0.3009  s0.loss_cls: 0.3509  s0.pos_acc: 100.0000  s0.loss_bbox: 0.6291  s0.loss_iou: 0.9985  s1.loss_cls: 0.3451  s1.pos_acc: 100.0000  s1.loss_bbox: 0.6294  s1.loss_iou: 0.9512
2026/03/31 17:40:57 - mmengine - INFO - Epoch(train)  [1][ 6600/10002]  lr: 5.0000e-06  eta: 11:51:52  time: 0.3720  data_time: 0.0030  memory: 7329  grad_norm: 91.2269  loss: 7.7628  rpn_s.0.loss_cls: 0.6130  rpn_s.0.loss_bbox: 0.0953  rpn_s.0.loss_giou: 0.7736  rpn_s.1.loss_cls: 0.4134  rpn_s.1.loss_bbox: 0.0471  rpn_s.1.loss_giou: 0.4202  rpn_s.2.loss_cls: 0.3449  rpn_s.2.loss_bbox: 0.0399  rpn_s.2.loss_giou: 0.3645  rpn_s.3.loss_cls: 0.3051  rpn_s.3.loss_bbox: 0.0371  rpn_s.3.loss_giou: 0.3460  s0.loss_cls: 0.3408  s0.pos_acc: 72.7273  s0.loss_bbox: 0.5510  s0.loss_iou: 1.1093  s1.loss_cls: 0.3269  s1.pos_acc: 72.7273  s1.loss_bbox: 0.5805  s1.loss_iou: 1.0540
2026/03/31 17:41:16 - mmengine - INFO - Epoch(train)  [1][ 6650/10002]  lr: 5.0000e-06  eta: 11:51:34  time: 0.3773  data_time: 0.0030  memory: 7329  grad_norm: 105.5167  loss: 8.1239  rpn_s.0.loss_cls: 0.6269  rpn_s.0.loss_bbox: 0.1030  rpn_s.0.loss_giou: 0.8133  rpn_s.1.loss_cls: 0.4247  rpn_s.1.loss_bbox: 0.0480  rpn_s.1.loss_giou: 0.4158  rpn_s.2.loss_cls: 0.3458  rpn_s.2.loss_bbox: 0.0404  rpn_s.2.loss_giou: 0.3602  rpn_s.3.loss_cls: 0.3075  rpn_s.3.loss_bbox: 0.0379  rpn_s.3.loss_giou: 0.3427  s0.loss_cls: 0.3526  s0.pos_acc: 83.3333  s0.loss_bbox: 0.5990  s0.loss_iou: 1.1949  s1.loss_cls: 0.3493  s1.pos_acc: 87.5000  s1.loss_bbox: 0.6106  s1.loss_iou: 1.1512
2026/03/31 17:41:35 - mmengine - INFO - Epoch(train)  [1][ 6700/10002]  lr: 5.0000e-06  eta: 11:51:14  time: 0.3758  data_time: 0.0030  memory: 7329  grad_norm: 90.1634  loss: 8.0130  rpn_s.0.loss_cls: 0.6299  rpn_s.0.loss_bbox: 0.0999  rpn_s.0.loss_giou: 0.8230  rpn_s.1.loss_cls: 0.4220  rpn_s.1.loss_bbox: 0.0459  rpn_s.1.loss_giou: 0.4225  rpn_s.2.loss_cls: 0.3449  rpn_s.2.loss_bbox: 0.0393  rpn_s.2.loss_giou: 0.3664  rpn_s.3.loss_cls: 0.2976  rpn_s.3.loss_bbox: 0.0376  rpn_s.3.loss_giou: 0.3519  s0.loss_cls: 0.3527  s0.pos_acc: 100.0000  s0.loss_bbox: 0.5620  s0.loss_iou: 1.1653  s1.loss_cls: 0.3366  s1.pos_acc: 100.0000  s1.loss_bbox: 0.5986  s1.loss_iou: 1.1169
2026/03/31 17:41:54 - mmengine - INFO - Epoch(train)  [1][ 6750/10002]  lr: 5.0000e-06  eta: 11:50:58  time: 0.3795  data_time: 0.0030  memory: 7330  grad_norm: 90.7094  loss: 7.6497  rpn_s.0.loss_cls: 0.6232  rpn_s.0.loss_bbox: 0.0883  rpn_s.0.loss_giou: 0.7110  rpn_s.1.loss_cls: 0.4229  rpn_s.1.loss_bbox: 0.0406  rpn_s.1.loss_giou: 0.3758  rpn_s.2.loss_cls: 0.3431  rpn_s.2.loss_bbox: 0.0351  rpn_s.2.loss_giou: 0.3312  rpn_s.3.loss_cls: 0.3001  rpn_s.3.loss_bbox: 0.0324  rpn_s.3.loss_giou: 0.3123  s0.loss_cls: 0.3399  s0.pos_acc: 70.6667  s0.loss_bbox: 0.6492  s0.loss_iou: 1.0491  s1.loss_cls: 0.3213  s1.pos_acc: 74.0000  s1.loss_bbox: 0.6688  s1.loss_iou: 1.0054
2026/03/31 17:42:13 - mmengine - INFO - Epoch(train)  [1][ 6800/10002]  lr: 5.0000e-06  eta: 11:50:47  time: 0.3862  data_time: 0.0030  memory: 7330  grad_norm: 99.7418  loss: 7.9978  rpn_s.0.loss_cls: 0.6222  rpn_s.0.loss_bbox: 0.1055  rpn_s.0.loss_giou: 0.7293  rpn_s.1.loss_cls: 0.4422  rpn_s.1.loss_bbox: 0.0512  rpn_s.1.loss_giou: 0.4053  rpn_s.2.loss_cls: 0.3744  rpn_s.2.loss_bbox: 0.0437  rpn_s.2.loss_giou: 0.3559  rpn_s.3.loss_cls: 0.3435  rpn_s.3.loss_bbox: 0.0404  rpn_s.3.loss_giou: 0.3294  s0.loss_cls: 0.3743  s0.pos_acc: 81.5857  s0.loss_bbox: 0.5900  s0.loss_iou: 1.1276  s1.loss_cls: 0.3690  s1.pos_acc: 82.4808  s1.loss_bbox: 0.6142  s1.loss_iou: 1.0795
2026/03/31 17:42:32 - mmengine - INFO - Epoch(train)  [1][ 6850/10002]  lr: 5.0000e-06  eta: 11:50:26  time: 0.3745  data_time: 0.0030  memory: 7329  grad_norm: 93.5860  loss: 7.5619  rpn_s.0.loss_cls: 0.5785  rpn_s.0.loss_bbox: 0.1000  rpn_s.0.loss_giou: 0.7482  rpn_s.1.loss_cls: 0.3881  rpn_s.1.loss_bbox: 0.0511  rpn_s.1.loss_giou: 0.3938  rpn_s.2.loss_cls: 0.3094  rpn_s.2.loss_bbox: 0.0428  rpn_s.2.loss_giou: 0.3401  rpn_s.3.loss_cls: 0.2733  rpn_s.3.loss_bbox: 0.0395  rpn_s.3.loss_giou: 0.3160  s0.loss_cls: 0.3271  s0.pos_acc: 62.5000  s0.loss_bbox: 0.6284  s0.loss_iou: 1.0516  s1.loss_cls: 0.3226  s1.pos_acc: 62.5000  s1.loss_bbox: 0.6499  s1.loss_iou: 1.0016
2026/03/31 17:42:50 - mmengine - INFO - Epoch(train)  [1][ 6900/10002]  lr: 5.0000e-06  eta: 11:50:04  time: 0.3720  data_time: 0.0030  memory: 7329  grad_norm: 81.7143  loss: 7.9604  rpn_s.0.loss_cls: 0.6289  rpn_s.0.loss_bbox: 0.0950  rpn_s.0.loss_giou: 0.7771  rpn_s.1.loss_cls: 0.4146  rpn_s.1.loss_bbox: 0.0427  rpn_s.1.loss_giou: 0.3994  rpn_s.2.loss_cls: 0.3447  rpn_s.2.loss_bbox: 0.0363  rpn_s.2.loss_giou: 0.3503  rpn_s.3.loss_cls: 0.3065  rpn_s.3.loss_bbox: 0.0338  rpn_s.3.loss_giou: 0.3352  s0.loss_cls: 0.3589  s0.pos_acc: 78.2258  s0.loss_bbox: 0.6260  s0.loss_iou: 1.1325  s1.loss_cls: 0.3482  s1.pos_acc: 75.8064  s1.loss_bbox: 0.6350  s1.loss_iou: 1.0955
2026/03/31 17:43:09 - mmengine - INFO - Epoch(train)  [1][ 6950/10002]  lr: 5.0000e-06  eta: 11:49:40  time: 0.3709  data_time: 0.0030  memory: 7329  grad_norm: 103.4338  loss: 7.9133  rpn_s.0.loss_cls: 0.6450  rpn_s.0.loss_bbox: 0.0971  rpn_s.0.loss_giou: 0.7331  rpn_s.1.loss_cls: 0.4364  rpn_s.1.loss_bbox: 0.0465  rpn_s.1.loss_giou: 0.3947  rpn_s.2.loss_cls: 0.3633  rpn_s.2.loss_bbox: 0.0399  rpn_s.2.loss_giou: 0.3519  rpn_s.3.loss_cls: 0.3281  rpn_s.3.loss_bbox: 0.0362  rpn_s.3.loss_giou: 0.3265  s0.loss_cls: 0.3602  s0.pos_acc: 100.0000  s0.loss_bbox: 0.6688  s0.loss_iou: 1.0517  s1.loss_cls: 0.3536  s1.pos_acc: 100.0000  s1.loss_bbox: 0.6690  s1.loss_iou: 1.0112
2026/03/31 17:43:28 - mmengine - INFO - Exp name: GSDet_r50_b900_h2h4_h2r1_r2r1_2x_fair1m1.0_20260331_165920
2026/03/31 17:43:28 - mmengine - INFO - Epoch(train)  [1][ 7000/10002]  lr: 5.0000e-06  eta: 11:49:25  time: 0.3806  data_time: 0.0030  memory: 7329  grad_norm: 82.6326  loss: 8.0036  rpn_s.0.loss_cls: 0.6117  rpn_s.0.loss_bbox: 0.1037  rpn_s.0.loss_giou: 0.7598  rpn_s.1.loss_cls: 0.4257  rpn_s.1.loss_bbox: 0.0496  rpn_s.1.loss_giou: 0.4172  rpn_s.2.loss_cls: 0.3493  rpn_s.2.loss_bbox: 0.0433  rpn_s.2.loss_giou: 0.3714  rpn_s.3.loss_cls: 0.3162  rpn_s.3.loss_bbox: 0.0396  rpn_s.3.loss_giou: 0.3527  s0.loss_cls: 0.3596  s0.pos_acc: 100.0000  s0.loss_bbox: 0.5324  s0.loss_iou: 1.2080  s1.loss_cls: 0.3497  s1.pos_acc: 100.0000  s1.loss_bbox: 0.5598  s1.loss_iou: 1.1538
2026/03/31 17:43:47 - mmengine - INFO - Epoch(train)  [1][ 7050/10002]  lr: 5.0000e-06  eta: 11:49:05  time: 0.3758  data_time: 0.0030  memory: 7329  grad_norm: 96.3755  loss: 7.8846  rpn_s.0.loss_cls: 0.6286  rpn_s.0.loss_bbox: 0.1065  rpn_s.0.loss_giou: 0.7656  rpn_s.1.loss_cls: 0.4294  rpn_s.1.loss_bbox: 0.0483  rpn_s.1.loss_giou: 0.4015  rpn_s.2.loss_cls: 0.3510  rpn_s.2.loss_bbox: 0.0416  rpn_s.2.loss_giou: 0.3543  rpn_s.3.loss_cls: 0.3154  rpn_s.3.loss_bbox: 0.0388  rpn_s.3.loss_giou: 0.3353  s0.loss_cls: 0.3606  s0.pos_acc: 74.1379  s0.loss_bbox: 0.5573  s0.loss_iou: 1.1238  s1.loss_cls: 0.3519  s1.pos_acc: 72.4138  s1.loss_bbox: 0.5822  s1.loss_iou: 1.0925
2026/03/31 17:44:06 - mmengine - INFO - Epoch(train)  [1][ 7100/10002]  lr: 5.0000e-06  eta: 11:48:47  time: 0.3767  data_time: 0.0030  memory: 7329  grad_norm: 98.3393  loss: 8.5516  rpn_s.0.loss_cls: 0.6544  rpn_s.0.loss_bbox: 0.1040  rpn_s.0.loss_giou: 0.8299  rpn_s.1.loss_cls: 0.4550  rpn_s.1.loss_bbox: 0.0501  rpn_s.1.loss_giou: 0.4534  rpn_s.2.loss_cls: 0.3850  rpn_s.2.loss_bbox: 0.0424  rpn_s.2.loss_giou: 0.3958  rpn_s.3.loss_cls: 0.3524  rpn_s.3.loss_bbox: 0.0406  rpn_s.3.loss_giou: 0.3779  s0.loss_cls: 0.3907  s0.pos_acc: 66.6667  s0.loss_bbox: 0.5785  s0.loss_iou: 1.2428  s1.loss_cls: 0.3953  s1.pos_acc: 66.6667  s1.loss_bbox: 0.6174  s1.loss_iou: 1.1859
2026/03/31 17:44:24 - mmengine - INFO - Epoch(train)  [1][ 7150/10002]  lr: 5.0000e-06  eta: 11:48:26  time: 0.3746  data_time: 0.0030  memory: 7329  grad_norm: 85.2652  loss: 7.8628  rpn_s.0.loss_cls: 0.6293  rpn_s.0.loss_bbox: 0.0928  rpn_s.0.loss_giou: 0.7406  rpn_s.1.loss_cls: 0.4311  rpn_s.1.loss_bbox: 0.0428  rpn_s.1.loss_giou: 0.3889  rpn_s.2.loss_cls: 0.3538  rpn_s.2.loss_bbox: 0.0377  rpn_s.2.loss_giou: 0.3449  rpn_s.3.loss_cls: 0.3238  rpn_s.3.loss_bbox: 0.0351  rpn_s.3.loss_giou: 0.3230  s0.loss_cls: 0.3637  s0.pos_acc: 90.9091  s0.loss_bbox: 0.6362  s0.loss_iou: 1.0711  s1.loss_cls: 0.3574  s1.pos_acc: 87.2727  s1.loss_bbox: 0.6675  s1.loss_iou: 1.0230
2026/03/31 17:44:44 - mmengine - INFO - Epoch(train)  [1][ 7200/10002]  lr: 5.0000e-06  eta: 11:48:16  time: 0.3872  data_time: 0.0030  memory: 7330  grad_norm: 97.4356  loss: 7.9527  rpn_s.0.loss_cls: 0.6201  rpn_s.0.loss_bbox: 0.1035  rpn_s.0.loss_giou: 0.7954  rpn_s.1.loss_cls: 0.4148  rpn_s.1.loss_bbox: 0.0478  rpn_s.1.loss_giou: 0.4255  rpn_s.2.loss_cls: 0.3338  rpn_s.2.loss_bbox: 0.0410  rpn_s.2.loss_giou: 0.3705  rpn_s.3.loss_cls: 0.2952  rpn_s.3.loss_bbox: 0.0372  rpn_s.3.loss_giou: 0.3480  s0.loss_cls: 0.3373  s0.pos_acc: 94.1176  s0.loss_bbox: 0.6184  s0.loss_iou: 1.1303  s1.loss_cls: 0.3396  s1.pos_acc: 97.0588  s1.loss_bbox: 0.6304  s1.loss_iou: 1.0640
2026/03/31 17:45:03 - mmengine - INFO - Epoch(train)  [1][ 7250/10002]  lr: 5.0000e-06  eta: 11:48:03  time: 0.3843  data_time: 0.0030  memory: 7329  grad_norm: 85.4691  loss: 8.1670  rpn_s.0.loss_cls: 0.6293  rpn_s.0.loss_bbox: 0.0987  rpn_s.0.loss_giou: 0.8284  rpn_s.1.loss_cls: 0.4279  rpn_s.1.loss_bbox: 0.0432  rpn_s.1.loss_giou: 0.4210  rpn_s.2.loss_cls: 0.3513  rpn_s.2.loss_bbox: 0.0376  rpn_s.2.loss_giou: 0.3646  rpn_s.3.loss_cls: 0.3130  rpn_s.3.loss_bbox: 0.0340  rpn_s.3.loss_giou: 0.3454  s0.loss_cls: 0.3784  s0.pos_acc: 81.8182  s0.loss_bbox: 0.6011  s0.loss_iou: 1.1644  s1.loss_cls: 0.3535  s1.pos_acc: 90.9091  s1.loss_bbox: 0.6381  s1.loss_iou: 1.1372
2026/03/31 17:45:22 - mmengine - INFO - Epoch(train)  [1][ 7300/10002]  lr: 5.0000e-06  eta: 11:47:42  time: 0.3741  data_time: 0.0030  memory: 7329  grad_norm: 104.0970  loss: 8.0389  rpn_s.0.loss_cls: 0.6562  rpn_s.0.loss_bbox: 0.0911  rpn_s.0.loss_giou: 0.7191  rpn_s.1.loss_cls: 0.4570  rpn_s.1.loss_bbox: 0.0441  rpn_s.1.loss_giou: 0.3935  rpn_s.2.loss_cls: 0.3703  rpn_s.2.loss_bbox: 0.0379  rpn_s.2.loss_giou: 0.3455  rpn_s.3.loss_cls: 0.3449  rpn_s.3.loss_bbox: 0.0348  rpn_s.3.loss_giou: 0.3243  s0.loss_cls: 0.3957  s0.pos_acc: 76.1905  s0.loss_bbox: 0.6622  s0.loss_iou: 1.0665  s1.loss_cls: 0.3794  s1.pos_acc: 78.5714  s1.loss_bbox: 0.6891  s1.loss_iou: 1.0271
2026/03/31 17:45:40 - mmengine - INFO - Epoch(train)  [1][ 7350/10002]  lr: 5.0000e-06  eta: 11:47:20  time: 0.3723  data_time: 0.0031  memory: 7329  grad_norm: 89.0745  loss: 7.4199  rpn_s.0.loss_cls: 0.5820  rpn_s.0.loss_bbox: 0.0968  rpn_s.0.loss_giou: 0.6541  rpn_s.1.loss_cls: 0.4018  rpn_s.1.loss_bbox: 0.0479  rpn_s.1.loss_giou: 0.3570  rpn_s.2.loss_cls: 0.3366  rpn_s.2.loss_bbox: 0.0420  rpn_s.2.loss_giou: 0.3193  rpn_s.3.loss_cls: 0.2906  rpn_s.3.loss_bbox: 0.0387  rpn_s.3.loss_giou: 0.2998  s0.loss_cls: 0.3423  s0.pos_acc: 75.6757  s0.loss_bbox: 0.6390  s0.loss_iou: 0.9986  s1.loss_cls: 0.3503  s1.pos_acc: 77.0270  s1.loss_bbox: 0.6585  s1.loss_iou: 0.9646
2026/03/31 17:45:59 - mmengine - INFO - Epoch(train)  [1][ 7400/10002]  lr: 5.0000e-06  eta: 11:47:02  time: 0.3780  data_time: 0.0030  memory: 7329  grad_norm: 104.7441  loss: 8.1501  rpn_s.0.loss_cls: 0.6280  rpn_s.0.loss_bbox: 0.0969  rpn_s.0.loss_giou: 0.7510  rpn_s.1.loss_cls: 0.4399  rpn_s.1.loss_bbox: 0.0475  rpn_s.1.loss_giou: 0.4104  rpn_s.2.loss_cls: 0.3716  rpn_s.2.loss_bbox: 0.0431  rpn_s.2.loss_giou: 0.3672  rpn_s.3.loss_cls: 0.3362  rpn_s.3.loss_bbox: 0.0405  rpn_s.3.loss_giou: 0.3465  s0.loss_cls: 0.3786  s0.pos_acc: 100.0000  s0.loss_bbox: 0.5835  s0.loss_iou: 1.1877  s1.loss_cls: 0.3670  s1.pos_acc: 100.0000  s1.loss_bbox: 0.6013  s1.loss_iou: 1.1533
2026/03/31 17:46:18 - mmengine - INFO - Epoch(train)  [1][ 7450/10002]  lr: 5.0000e-06  eta: 11:46:43  time: 0.3768  data_time: 0.0030  memory: 7329  grad_norm: 90.2036  loss: 7.9414  rpn_s.0.loss_cls: 0.6260  rpn_s.0.loss_bbox: 0.0973  rpn_s.0.loss_giou: 0.7669  rpn_s.1.loss_cls: 0.4392  rpn_s.1.loss_bbox: 0.0441  rpn_s.1.loss_giou: 0.3984  rpn_s.2.loss_cls: 0.3681  rpn_s.2.loss_bbox: 0.0380  rpn_s.2.loss_giou: 0.3457  rpn_s.3.loss_cls: 0.3306  rpn_s.3.loss_bbox: 0.0354  rpn_s.3.loss_giou: 0.3291  s0.loss_cls: 0.3774  s0.pos_acc: 100.0000  s0.loss_bbox: 0.5592  s0.loss_iou: 1.1202  s1.loss_cls: 0.3691  s1.pos_acc: 83.3333  s1.loss_bbox: 0.6123  s1.loss_iou: 1.0846
2026/03/31 17:46:37 - mmengine - INFO - Epoch(train)  [1][ 7500/10002]  lr: 5.0000e-06  eta: 11:46:23  time: 0.3757  data_time: 0.0030  memory: 7329  grad_norm: 93.4691  loss: 7.8447  rpn_s.0.loss_cls: 0.6123  rpn_s.0.loss_bbox: 0.0996  rpn_s.0.loss_giou: 0.7508  rpn_s.1.loss_cls: 0.4382  rpn_s.1.loss_bbox: 0.0474  rpn_s.1.loss_giou: 0.3990  rpn_s.2.loss_cls: 0.3615  rpn_s.2.loss_bbox: 0.0398  rpn_s.2.loss_giou: 0.3442  rpn_s.3.loss_cls: 0.3242  rpn_s.3.loss_bbox: 0.0375  rpn_s.3.loss_giou: 0.3286  s0.loss_cls: 0.3558  s0.pos_acc: 100.0000  s0.loss_bbox: 0.5961  s0.loss_iou: 1.0827  s1.loss_cls: 0.3572  s1.pos_acc: 100.0000  s1.loss_bbox: 0.6275  s1.loss_iou: 1.0424
2026/03/31 17:46:56 - mmengine - INFO - Epoch(train)  [1][ 7550/10002]  lr: 5.0000e-06  eta: 11:46:04  time: 0.3756  data_time: 0.0030  memory: 7329  grad_norm: 91.3587  loss: 8.4105  rpn_s.0.loss_cls: 0.6397  rpn_s.0.loss_bbox: 0.1093  rpn_s.0.loss_giou: 0.8063  rpn_s.1.loss_cls: 0.4440  rpn_s.1.loss_bbox: 0.0537  rpn_s.1.loss_giou: 0.4354  rpn_s.2.loss_cls: 0.3713  rpn_s.2.loss_bbox: 0.0482  rpn_s.2.loss_giou: 0.3905  rpn_s.3.loss_cls: 0.3247  rpn_s.3.loss_bbox: 0.0454  rpn_s.3.loss_giou: 0.3694  s0.loss_cls: 0.3823  s0.pos_acc: 59.3750  s0.loss_bbox: 0.6048  s0.loss_iou: 1.2103  s1.loss_cls: 0.3608  s1.pos_acc: 71.8750  s1.loss_bbox: 0.6502  s1.loss_iou: 1.1642
2026/03/31 17:47:14 - mmengine - INFO - Epoch(train)  [1][ 7600/10002]  lr: 5.0000e-06  eta: 11:45:44  time: 0.3751  data_time: 0.0030  memory: 7329  grad_norm: 103.4696  loss: 7.9749  rpn_s.0.loss_cls: 0.6261  rpn_s.0.loss_bbox: 0.0965  rpn_s.0.loss_giou: 0.7311  rpn_s.1.loss_cls: 0.4374  rpn_s.1.loss_bbox: 0.0473  rpn_s.1.loss_giou: 0.4032  rpn_s.2.loss_cls: 0.3800  rpn_s.2.loss_bbox: 0.0417  rpn_s.2.loss_giou: 0.3594  rpn_s.3.loss_cls: 0.3353  rpn_s.3.loss_bbox: 0.0391  rpn_s.3.loss_giou: 0.3428  s0.loss_cls: 0.3677  s0.pos_acc: 45.0000  s0.loss_bbox: 0.5745  s0.loss_iou: 1.1296  s1.loss_cls: 0.3577  s1.pos_acc: 45.0000  s1.loss_bbox: 0.6047  s1.loss_iou: 1.1005
2026/03/31 17:47:33 - mmengine - INFO - Epoch(train)  [1][ 7650/10002]  lr: 5.0000e-06  eta: 11:45:28  time: 0.3812  data_time: 0.0030  memory: 7330  grad_norm: 96.9634  loss: 7.7446  rpn_s.0.loss_cls: 0.5865  rpn_s.0.loss_bbox: 0.1087  rpn_s.0.loss_giou: 0.7715  rpn_s.1.loss_cls: 0.4118  rpn_s.1.loss_bbox: 0.0525  rpn_s.1.loss_giou: 0.4085  rpn_s.2.loss_cls: 0.3383  rpn_s.2.loss_bbox: 0.0444  rpn_s.2.loss_giou: 0.3575  rpn_s.3.loss_cls: 0.3055  rpn_s.3.loss_bbox: 0.0415  rpn_s.3.loss_giou: 0.3381  s0.loss_cls: 0.3452  s0.pos_acc: 91.6667  s0.loss_bbox: 0.5424  s0.loss_iou: 1.1208  s1.loss_cls: 0.3465  s1.pos_acc: 95.8333  s1.loss_bbox: 0.5746  s1.loss_iou: 1.0502
2026/03/31 17:47:53 - mmengine - INFO - Epoch(train)  [1][ 7700/10002]  lr: 5.0000e-06  eta: 11:45:13  time: 0.3818  data_time: 0.0030  memory: 7329  grad_norm: 92.8516  loss: 8.4862  rpn_s.0.loss_cls: 0.6110  rpn_s.0.loss_bbox: 0.1076  rpn_s.0.loss_giou: 0.8521  rpn_s.1.loss_cls: 0.4435  rpn_s.1.loss_bbox: 0.0512  rpn_s.1.loss_giou: 0.4465  rpn_s.2.loss_cls: 0.3629  rpn_s.2.loss_bbox: 0.0453  rpn_s.2.loss_giou: 0.3955  rpn_s.3.loss_cls: 0.3332  rpn_s.3.loss_bbox: 0.0423  rpn_s.3.loss_giou: 0.3755  s0.loss_cls: 0.3676  s0.pos_acc: 85.7143  s0.loss_bbox: 0.5999  s0.loss_iou: 1.2522  s1.loss_cls: 0.3531  s1.pos_acc: 85.7143  s1.loss_bbox: 0.6369  s1.loss_iou: 1.2099
2026/03/31 17:48:11 - mmengine - INFO - Epoch(train)  [1][ 7750/10002]  lr: 5.0000e-06  eta: 11:44:55  time: 0.3768  data_time: 0.0030  memory: 7329  grad_norm: 88.7014  loss: 8.6800  rpn_s.0.loss_cls: 0.6880  rpn_s.0.loss_bbox: 0.1051  rpn_s.0.loss_giou: 0.8715  rpn_s.1.loss_cls: 0.4564  rpn_s.1.loss_bbox: 0.0474  rpn_s.1.loss_giou: 0.4591  rpn_s.2.loss_cls: 0.3838  rpn_s.2.loss_bbox: 0.0400  rpn_s.2.loss_giou: 0.4009  rpn_s.3.loss_cls: 0.3455  rpn_s.3.loss_bbox: 0.0369  rpn_s.3.loss_giou: 0.3808  s0.loss_cls: 0.3946  s0.pos_acc: 72.7273  s0.loss_bbox: 0.6207  s0.loss_iou: 1.2304  s1.loss_cls: 0.3911  s1.pos_acc: 75.7576  s1.loss_bbox: 0.6302  s1.loss_iou: 1.1973
2026/03/31 17:48:30 - mmengine - INFO - Epoch(train)  [1][ 7800/10002]  lr: 5.0000e-06  eta: 11:44:33  time: 0.3732  data_time: 0.0030  memory: 7329  grad_norm: 104.0105  loss: 7.9323  rpn_s.0.loss_cls: 0.6141  rpn_s.0.loss_bbox: 0.1030  rpn_s.0.loss_giou: 0.7254  rpn_s.1.loss_cls: 0.4349  rpn_s.1.loss_bbox: 0.0530  rpn_s.1.loss_giou: 0.4071  rpn_s.2.loss_cls: 0.3662  rpn_s.2.loss_bbox: 0.0452  rpn_s.2.loss_giou: 0.3560  rpn_s.3.loss_cls: 0.3231  rpn_s.3.loss_bbox: 0.0412  rpn_s.3.loss_giou: 0.3292  s0.loss_cls: 0.3901  s0.pos_acc: 83.3333  s0.loss_bbox: 0.5789  s0.loss_iou: 1.1124  s1.loss_cls: 0.3777  s1.pos_acc: 87.5000  s1.loss_bbox: 0.6062  s1.loss_iou: 1.0685
2026/03/31 17:48:49 - mmengine - INFO - Epoch(train)  [1][ 7850/10002]  lr: 5.0000e-06  eta: 11:44:21  time: 0.3857  data_time: 0.0030  memory: 7330  grad_norm: 99.0316  loss: 8.4878  rpn_s.0.loss_cls: 0.6302  rpn_s.0.loss_bbox: 0.1158  rpn_s.0.loss_giou: 0.8316  rpn_s.1.loss_cls: 0.4418  rpn_s.1.loss_bbox: 0.0565  rpn_s.1.loss_giou: 0.4465  rpn_s.2.loss_cls: 0.3727  rpn_s.2.loss_bbox: 0.0495  rpn_s.2.loss_giou: 0.3915  rpn_s.3.loss_cls: 0.3398  rpn_s.3.loss_bbox: 0.0446  rpn_s.3.loss_giou: 0.3700  s0.loss_cls: 0.3862  s0.pos_acc: 95.4545  s0.loss_bbox: 0.5816  s0.loss_iou: 1.2479  s1.loss_cls: 0.3831  s1.pos_acc: 86.3636  s1.loss_bbox: 0.5971  s1.loss_iou: 1.2016
2026/03/31 17:49:08 - mmengine - INFO - Epoch(train)  [1][ 7900/10002]  lr: 5.0000e-06  eta: 11:44:02  time: 0.3762  data_time: 0.0030  memory: 7329  grad_norm: 89.2395  loss: 7.8504  rpn_s.0.loss_cls: 0.6394  rpn_s.0.loss_bbox: 0.1000  rpn_s.0.loss_giou: 0.7543  rpn_s.1.loss_cls: 0.4431  rpn_s.1.loss_bbox: 0.0448  rpn_s.1.loss_giou: 0.3742  rpn_s.2.loss_cls: 0.3706  rpn_s.2.loss_bbox: 0.0403  rpn_s.2.loss_giou: 0.3309  rpn_s.3.loss_cls: 0.3365  rpn_s.3.loss_bbox: 0.0388  rpn_s.3.loss_giou: 0.3150  s0.loss_cls: 0.3766  s0.pos_acc: 77.7108  s0.loss_bbox: 0.6076  s0.loss_iou: 1.0550  s1.loss_cls: 0.3722  s1.pos_acc: 78.9157  s1.loss_bbox: 0.6424  s1.loss_iou: 1.0088
2026/03/31 17:49:27 - mmengine - INFO - Epoch(train)  [1][ 7950/10002]  lr: 5.0000e-06  eta: 11:43:44  time: 0.3783  data_time: 0.0030  memory: 7329  grad_norm: 101.2963  loss: 7.7962  rpn_s.0.loss_cls: 0.6132  rpn_s.0.loss_bbox: 0.0973  rpn_s.0.loss_giou: 0.7352  rpn_s.1.loss_cls: 0.4135  rpn_s.1.loss_bbox: 0.0474  rpn_s.1.loss_giou: 0.3908  rpn_s.2.loss_cls: 0.3281  rpn_s.2.loss_bbox: 0.0421  rpn_s.2.loss_giou: 0.3425  rpn_s.3.loss_cls: 0.2865  rpn_s.3.loss_bbox: 0.0378  rpn_s.3.loss_giou: 0.3248  s0.loss_cls: 0.3315  s0.pos_acc: 67.1429  s0.loss_bbox: 0.6685  s0.loss_iou: 1.0956  s1.loss_cls: 0.3194  s1.pos_acc: 72.8571  s1.loss_bbox: 0.6667  s1.loss_iou: 1.0554
2026/03/31 17:49:46 - mmengine - INFO - Exp name: GSDet_r50_b900_h2h4_h2r1_r2r1_2x_fair1m1.0_20260331_165920
2026/03/31 17:49:46 - mmengine - INFO - Epoch(train)  [1][ 8000/10002]  lr: 5.0000e-06  eta: 11:43:24  time: 0.3758  data_time: 0.0030  memory: 7329  grad_norm: 104.3058  loss: 7.6305  rpn_s.0.loss_cls: 0.5853  rpn_s.0.loss_bbox: 0.0993  rpn_s.0.loss_giou: 0.7388  rpn_s.1.loss_cls: 0.3935  rpn_s.1.loss_bbox: 0.0457  rpn_s.1.loss_giou: 0.3774  rpn_s.2.loss_cls: 0.3169  rpn_s.2.loss_bbox: 0.0401  rpn_s.2.loss_giou: 0.3302  rpn_s.3.loss_cls: 0.2861  rpn_s.3.loss_bbox: 0.0379  rpn_s.3.loss_giou: 0.3140  s0.loss_cls: 0.3212  s0.pos_acc: 83.3333  s0.loss_bbox: 0.6594  s0.loss_iou: 1.0582  s1.loss_cls: 0.3169  s1.pos_acc: 83.3333  s1.loss_bbox: 0.6946  s1.loss_iou: 1.0150
2026/03/31 17:50:05 - mmengine - INFO - Epoch(train)  [1][ 8050/10002]  lr: 5.0000e-06  eta: 11:43:04  time: 0.3747  data_time: 0.0030  memory: 7329  grad_norm: 85.4755  loss: 7.6805  rpn_s.0.loss_cls: 0.5951  rpn_s.0.loss_bbox: 0.0967  rpn_s.0.loss_giou: 0.7299  rpn_s.1.loss_cls: 0.4138  rpn_s.1.loss_bbox: 0.0426  rpn_s.1.loss_giou: 0.3663  rpn_s.2.loss_cls: 0.3326  rpn_s.2.loss_bbox: 0.0382  rpn_s.2.loss_giou: 0.3313  rpn_s.3.loss_cls: 0.2945  rpn_s.3.loss_bbox: 0.0353  rpn_s.3.loss_giou: 0.3106  s0.loss_cls: 0.3394  s0.pos_acc: 57.1429  s0.loss_bbox: 0.6811  s0.loss_iou: 1.0356  s1.loss_cls: 0.3318  s1.pos_acc: 57.1429  s1.loss_bbox: 0.7031  s1.loss_iou: 1.0026
2026/03/31 17:50:23 - mmengine - INFO - Epoch(train)  [1][ 8100/10002]  lr: 5.0000e-06  eta: 11:42:42  time: 0.3727  data_time: 0.0030  memory: 7329  grad_norm: 104.3300  loss: 7.3203  rpn_s.0.loss_cls: 0.5765  rpn_s.0.loss_bbox: 0.0903  rpn_s.0.loss_giou: 0.6453  rpn_s.1.loss_cls: 0.3984  rpn_s.1.loss_bbox: 0.0473  rpn_s.1.loss_giou: 0.3613  rpn_s.2.loss_cls: 0.3277  rpn_s.2.loss_bbox: 0.0423  rpn_s.2.loss_giou: 0.3260  rpn_s.3.loss_cls: 0.2893  rpn_s.3.loss_bbox: 0.0404  rpn_s.3.loss_giou: 0.3101  s0.loss_cls: 0.3415  s0.pos_acc: 77.3973  s0.loss_bbox: 0.6250  s0.loss_iou: 0.9981  s1.loss_cls: 0.3332  s1.pos_acc: 73.2877  s1.loss_bbox: 0.6267  s1.loss_iou: 0.9409
2026/03/31 17:50:42 - mmengine - INFO - Epoch(train)  [1][ 8150/10002]  lr: 5.0000e-06  eta: 11:42:22  time: 0.3743  data_time: 0.0030  memory: 7329  grad_norm: 85.2658  loss: 7.8533  rpn_s.0.loss_cls: 0.6050  rpn_s.0.loss_bbox: 0.1001  rpn_s.0.loss_giou: 0.7703  rpn_s.1.loss_cls: 0.4090  rpn_s.1.loss_bbox: 0.0476  rpn_s.1.loss_giou: 0.4018  rpn_s.2.loss_cls: 0.3359  rpn_s.2.loss_bbox: 0.0412  rpn_s.2.loss_giou: 0.3528  rpn_s.3.loss_cls: 0.3032  rpn_s.3.loss_bbox: 0.0379  rpn_s.3.loss_giou: 0.3281  s0.loss_cls: 0.3588  s0.pos_acc: 76.4706  s0.loss_bbox: 0.6420  s0.loss_iou: 1.0723  s1.loss_cls: 0.3598  s1.pos_acc: 76.7647  s1.loss_bbox: 0.6589  s1.loss_iou: 1.0283
2026/03/31 17:51:01 - mmengine - INFO - Epoch(train)  [1][ 8200/10002]  lr: 5.0000e-06  eta: 11:42:00  time: 0.3724  data_time: 0.0029  memory: 7329  grad_norm: 93.0674  loss: 7.8541  rpn_s.0.loss_cls: 0.6151  rpn_s.0.loss_bbox: 0.1076  rpn_s.0.loss_giou: 0.7590  rpn_s.1.loss_cls: 0.4442  rpn_s.1.loss_bbox: 0.0520  rpn_s.1.loss_giou: 0.4011  rpn_s.2.loss_cls: 0.3720  rpn_s.2.loss_bbox: 0.0424  rpn_s.2.loss_giou: 0.3446  rpn_s.3.loss_cls: 0.3303  rpn_s.3.loss_bbox: 0.0375  rpn_s.3.loss_giou: 0.3226  s0.loss_cls: 0.3700  s0.pos_acc: 69.2308  s0.loss_bbox: 0.5426  s0.loss_iou: 1.1144  s1.loss_cls: 0.3626  s1.pos_acc: 65.3846  s1.loss_bbox: 0.5619  s1.loss_iou: 1.0744
2026/03/31 17:51:20 - mmengine - INFO - Epoch(train)  [1][ 8250/10002]  lr: 5.0000e-06  eta: 11:41:44  time: 0.3805  data_time: 0.0030  memory: 7329  grad_norm: 100.4376  loss: 8.1424  rpn_s.0.loss_cls: 0.6268  rpn_s.0.loss_bbox: 0.1025  rpn_s.0.loss_giou: 0.7901  rpn_s.1.loss_cls: 0.4394  rpn_s.1.loss_bbox: 0.0526  rpn_s.1.loss_giou: 0.4160  rpn_s.2.loss_cls: 0.3743  rpn_s.2.loss_bbox: 0.0452  rpn_s.2.loss_giou: 0.3628  rpn_s.3.loss_cls: 0.3352  rpn_s.3.loss_bbox: 0.0424  rpn_s.3.loss_giou: 0.3399  s0.loss_cls: 0.3869  s0.pos_acc: 78.0543  s0.loss_bbox: 0.5882  s0.loss_iou: 1.1642  s1.loss_cls: 0.3737  s1.pos_acc: 82.3529  s1.loss_bbox: 0.5675  s1.loss_iou: 1.1348
2026/03/31 17:51:39 - mmengine - INFO - Epoch(train)  [1][ 8300/10002]  lr: 5.0000e-06  eta: 11:41:30  time: 0.3837  data_time: 0.0030  memory: 7329  grad_norm: 78.9177  loss: 8.4755  rpn_s.0.loss_cls: 0.6284  rpn_s.0.loss_bbox: 0.1036  rpn_s.0.loss_giou: 0.8466  rpn_s.1.loss_cls: 0.4406  rpn_s.1.loss_bbox: 0.0482  rpn_s.1.loss_giou: 0.4425  rpn_s.2.loss_cls: 0.3724  rpn_s.2.loss_bbox: 0.0401  rpn_s.2.loss_giou: 0.3788  rpn_s.3.loss_cls: 0.3394  rpn_s.3.loss_bbox: 0.0377  rpn_s.3.loss_giou: 0.3586  s0.loss_cls: 0.3817  s0.pos_acc: 100.0000  s0.loss_bbox: 0.6705  s0.loss_iou: 1.1780  s1.loss_cls: 0.3679  s1.pos_acc: 100.0000  s1.loss_bbox: 0.7083  s1.loss_iou: 1.1322
2026/03/31 17:51:58 - mmengine - INFO - Epoch(train)  [1][ 8350/10002]  lr: 5.0000e-06  eta: 11:41:11  time: 0.3773  data_time: 0.0030  memory: 7329  grad_norm: 94.4282  loss: 8.1149  rpn_s.0.loss_cls: 0.6415  rpn_s.0.loss_bbox: 0.1038  rpn_s.0.loss_giou: 0.7758  rpn_s.1.loss_cls: 0.4467  rpn_s.1.loss_bbox: 0.0515  rpn_s.1.loss_giou: 0.4101  rpn_s.2.loss_cls: 0.3663  rpn_s.2.loss_bbox: 0.0420  rpn_s.2.loss_giou: 0.3503  rpn_s.3.loss_cls: 0.3279  rpn_s.3.loss_bbox: 0.0398  rpn_s.3.loss_giou: 0.3351  s0.loss_cls: 0.3743  s0.pos_acc: 77.2727  s0.loss_bbox: 0.5981  s0.loss_iou: 1.1570  s1.loss_cls: 0.3587  s1.pos_acc: 81.8182  s1.loss_bbox: 0.6222  s1.loss_iou: 1.1138
2026/03/31 17:52:16 - mmengine - INFO - Epoch(train)  [1][ 8400/10002]  lr: 5.0000e-06  eta: 11:40:51  time: 0.3751  data_time: 0.0030  memory: 7329  grad_norm: 102.9202  loss: 7.4930  rpn_s.0.loss_cls: 0.6174  rpn_s.0.loss_bbox: 0.0961  rpn_s.0.loss_giou: 0.7331  rpn_s.1.loss_cls: 0.4255  rpn_s.1.loss_bbox: 0.0444  rpn_s.1.loss_giou: 0.3772  rpn_s.2.loss_cls: 0.3365  rpn_s.2.loss_bbox: 0.0393  rpn_s.2.loss_giou: 0.3342  rpn_s.3.loss_cls: 0.3094  rpn_s.3.loss_bbox: 0.0366  rpn_s.3.loss_giou: 0.3158  s0.loss_cls: 0.3455  s0.pos_acc: 25.0000  s0.loss_bbox: 0.5745  s0.loss_iou: 1.0044  s1.loss_cls: 0.3350  s1.pos_acc: 25.0000  s1.loss_bbox: 0.5951  s1.loss_iou: 0.9729
2026/03/31 17:52:35 - mmengine - INFO - Epoch(train)  [1][ 8450/10002]  lr: 5.0000e-06  eta: 11:40:32  time: 0.3759  data_time: 0.0030  memory: 7329  grad_norm: 95.7768  loss: 8.4064  rpn_s.0.loss_cls: 0.6304  rpn_s.0.loss_bbox: 0.1023  rpn_s.0.loss_giou: 0.7943  rpn_s.1.loss_cls: 0.4371  rpn_s.1.loss_bbox: 0.0494  rpn_s.1.loss_giou: 0.4391  rpn_s.2.loss_cls: 0.3739  rpn_s.2.loss_bbox: 0.0437  rpn_s.2.loss_giou: 0.3964  rpn_s.3.loss_cls: 0.3371  rpn_s.3.loss_bbox: 0.0389  rpn_s.3.loss_giou: 0.3787  s0.loss_cls: 0.3900  s0.pos_acc: 80.4487  s0.loss_bbox: 0.6187  s0.loss_iou: 1.1928  s1.loss_cls: 0.3966  s1.pos_acc: 84.9359  s1.loss_bbox: 0.6313  s1.loss_iou: 1.1557
2026/03/31 17:52:54 - mmengine - INFO - Epoch(train)  [1][ 8500/10002]  lr: 5.0000e-06  eta: 11:40:12  time: 0.3748  data_time: 0.0030  memory: 7329  grad_norm: 103.2684  loss: 7.5731  rpn_s.0.loss_cls: 0.6054  rpn_s.0.loss_bbox: 0.0987  rpn_s.0.loss_giou: 0.7002  rpn_s.1.loss_cls: 0.4198  rpn_s.1.loss_bbox: 0.0477  rpn_s.1.loss_giou: 0.3858  rpn_s.2.loss_cls: 0.3310  rpn_s.2.loss_bbox: 0.0411  rpn_s.2.loss_giou: 0.3459  rpn_s.3.loss_cls: 0.3060  rpn_s.3.loss_bbox: 0.0378  rpn_s.3.loss_giou: 0.3277  s0.loss_cls: 0.3595  s0.pos_acc: 81.6667  s0.loss_bbox: 0.6048  s0.loss_iou: 1.0415  s1.loss_cls: 0.3432  s1.pos_acc: 84.1667  s1.loss_bbox: 0.5978  s1.loss_iou: 0.9791
2026/03/31 17:53:13 - mmengine - INFO - Epoch(train)  [1][ 8550/10002]  lr: 5.0000e-06  eta: 11:39:52  time: 0.3750  data_time: 0.0030  memory: 7329  grad_norm: 84.0237  loss: 8.3473  rpn_s.0.loss_cls: 0.6280  rpn_s.0.loss_bbox: 0.1045  rpn_s.0.loss_giou: 0.7931  rpn_s.1.loss_cls: 0.4384  rpn_s.1.loss_bbox: 0.0493  rpn_s.1.loss_giou: 0.4146  rpn_s.2.loss_cls: 0.3683  rpn_s.2.loss_bbox: 0.0423  rpn_s.2.loss_giou: 0.3674  rpn_s.3.loss_cls: 0.3345  rpn_s.3.loss_bbox: 0.0395  rpn_s.3.loss_giou: 0.3502  s0.loss_cls: 0.3787  s0.pos_acc: 80.1724  s0.loss_bbox: 0.6816  s0.loss_iou: 1.1666  s1.loss_cls: 0.3697  s1.pos_acc: 85.3448  s1.loss_bbox: 0.6884  s1.loss_iou: 1.1320
2026/03/31 17:53:32 - mmengine - INFO - Epoch(train)  [1][ 8600/10002]  lr: 5.0000e-06  eta: 11:39:36  time: 0.3807  data_time: 0.0030  memory: 7329  grad_norm: 85.0338  loss: 8.1581  rpn_s.0.loss_cls: 0.6036  rpn_s.0.loss_bbox: 0.1069  rpn_s.0.loss_giou: 0.8432  rpn_s.1.loss_cls: 0.3950  rpn_s.1.loss_bbox: 0.0481  rpn_s.1.loss_giou: 0.4362  rpn_s.2.loss_cls: 0.3338  rpn_s.2.loss_bbox: 0.0401  rpn_s.2.loss_giou: 0.3743  rpn_s.3.loss_cls: 0.2982  rpn_s.3.loss_bbox: 0.0366  rpn_s.3.loss_giou: 0.3511  s0.loss_cls: 0.3353  s0.pos_acc: 75.9709  s0.loss_bbox: 0.6395  s0.loss_iou: 1.1886  s1.loss_cls: 0.3312  s1.pos_acc: 77.6699  s1.loss_bbox: 0.6504  s1.loss_iou: 1.1460
2026/03/31 17:53:50 - mmengine - INFO - Epoch(train)  [1][ 8650/10002]  lr: 5.0000e-06  eta: 11:39:15  time: 0.3742  data_time: 0.0030  memory: 7329  grad_norm: 106.8074  loss: 7.5965  rpn_s.0.loss_cls: 0.5963  rpn_s.0.loss_bbox: 0.0896  rpn_s.0.loss_giou: 0.6834  rpn_s.1.loss_cls: 0.4142  rpn_s.1.loss_bbox: 0.0432  rpn_s.1.loss_giou: 0.3791  rpn_s.2.loss_cls: 0.3369  rpn_s.2.loss_bbox: 0.0376  rpn_s.2.loss_giou: 0.3349  rpn_s.3.loss_cls: 0.3117  rpn_s.3.loss_bbox: 0.0350  rpn_s.3.loss_giou: 0.3179  s0.loss_cls: 0.3617  s0.pos_acc: 75.7576  s0.loss_bbox: 0.6144  s0.loss_iou: 1.0452  s1.loss_cls: 0.3506  s1.pos_acc: 75.7576  s1.loss_bbox: 0.6401  s1.loss_iou: 1.0046
2026/03/31 17:54:10 - mmengine - INFO - Epoch(train)  [1][ 8700/10002]  lr: 5.0000e-06  eta: 11:39:03  time: 0.3869  data_time: 0.0030  memory: 7330  grad_norm: 84.2558  loss: 8.3218  rpn_s.0.loss_cls: 0.6389  rpn_s.0.loss_bbox: 0.1056  rpn_s.0.loss_giou: 0.8851  rpn_s.1.loss_cls: 0.4294  rpn_s.1.loss_bbox: 0.0451  rpn_s.1.loss_giou: 0.4394  rpn_s.2.loss_cls: 0.3654  rpn_s.2.loss_bbox: 0.0376  rpn_s.2.loss_giou: 0.3852  rpn_s.3.loss_cls: 0.3367  rpn_s.3.loss_bbox: 0.0353  rpn_s.3.loss_giou: 0.3670  s0.loss_cls: 0.3666  s0.pos_acc: 80.8219  s0.loss_bbox: 0.5426  s0.loss_iou: 1.2303  s1.loss_cls: 0.3593  s1.pos_acc: 76.0274  s1.loss_bbox: 0.5607  s1.loss_iou: 1.1916
2026/03/31 17:54:29 - mmengine - INFO - Epoch(train)  [1][ 8750/10002]  lr: 5.0000e-06  eta: 11:38:47  time: 0.3809  data_time: 0.0029  memory: 7329  grad_norm: 102.4446  loss: 8.4056  rpn_s.0.loss_cls: 0.6261  rpn_s.0.loss_bbox: 0.1019  rpn_s.0.loss_giou: 0.8587  rpn_s.1.loss_cls: 0.4430  rpn_s.1.loss_bbox: 0.0433  rpn_s.1.loss_giou: 0.4285  rpn_s.2.loss_cls: 0.3651  rpn_s.2.loss_bbox: 0.0364  rpn_s.2.loss_giou: 0.3759  rpn_s.3.loss_cls: 0.3323  rpn_s.3.loss_bbox: 0.0341  rpn_s.3.loss_giou: 0.3547  s0.loss_cls: 0.3705  s0.pos_acc: 73.8739  s0.loss_bbox: 0.6117  s0.loss_iou: 1.2285  s1.loss_cls: 0.3582  s1.pos_acc: 80.6306  s1.loss_bbox: 0.6362  s1.loss_iou: 1.2005
2026/03/31 17:54:47 - mmengine - INFO - Epoch(train)  [1][ 8800/10002]  lr: 5.0000e-06  eta: 11:38:24  time: 0.3712  data_time: 0.0030  memory: 7329  grad_norm: 107.3938  loss: 7.5319  rpn_s.0.loss_cls: 0.5994  rpn_s.0.loss_bbox: 0.0954  rpn_s.0.loss_giou: 0.7005  rpn_s.1.loss_cls: 0.4248  rpn_s.1.loss_bbox: 0.0427  rpn_s.1.loss_giou: 0.3649  rpn_s.2.loss_cls: 0.3503  rpn_s.2.loss_bbox: 0.0363  rpn_s.2.loss_giou: 0.3205  rpn_s.3.loss_cls: 0.3098  rpn_s.3.loss_bbox: 0.0344  rpn_s.3.loss_giou: 0.3065  s0.loss_cls: 0.3460  s0.pos_acc: 87.5000  s0.loss_bbox: 0.6209  s0.loss_iou: 1.0093  s1.loss_cls: 0.3468  s1.pos_acc: 87.5000  s1.loss_bbox: 0.6602  s1.loss_iou: 0.9631
2026/03/31 17:55:06 - mmengine - INFO - Epoch(train)  [1][ 8850/10002]  lr: 5.0000e-06  eta: 11:38:07  time: 0.3796  data_time: 0.0030  memory: 7329  grad_norm: 92.1811  loss: 8.1895  rpn_s.0.loss_cls: 0.6457  rpn_s.0.loss_bbox: 0.0946  rpn_s.0.loss_giou: 0.7769  rpn_s.1.loss_cls: 0.4489  rpn_s.1.loss_bbox: 0.0431  rpn_s.1.loss_giou: 0.3995  rpn_s.2.loss_cls: 0.3777  rpn_s.2.loss_bbox: 0.0380  rpn_s.2.loss_giou: 0.3574  rpn_s.3.loss_cls: 0.3506  rpn_s.3.loss_bbox: 0.0352  rpn_s.3.loss_giou: 0.3407  s0.loss_cls: 0.3978  s0.pos_acc: 100.0000  s0.loss_bbox: 0.5898  s0.loss_iou: 1.1586  s1.loss_cls: 0.3850  s1.pos_acc: 100.0000  s1.loss_bbox: 0.6270  s1.loss_iou: 1.1230
2026/03/31 17:55:25 - mmengine - INFO - Epoch(train)  [1][ 8900/10002]  lr: 5.0000e-06  eta: 11:37:49  time: 0.3773  data_time: 0.0030  memory: 7329  grad_norm: 103.9543  loss: 8.6407  rpn_s.0.loss_cls: 0.6489  rpn_s.0.loss_bbox: 0.0993  rpn_s.0.loss_giou: 0.8582  rpn_s.1.loss_cls: 0.4420  rpn_s.1.loss_bbox: 0.0471  rpn_s.1.loss_giou: 0.4538  rpn_s.2.loss_cls: 0.3546  rpn_s.2.loss_bbox: 0.0396  rpn_s.2.loss_giou: 0.3973  rpn_s.3.loss_cls: 0.3229  rpn_s.3.loss_bbox: 0.0370  rpn_s.3.loss_giou: 0.3751  s0.loss_cls: 0.3686  s0.pos_acc: 100.0000  s0.loss_bbox: 0.6535  s0.loss_iou: 1.2566  s1.loss_cls: 0.3570  s1.pos_acc: 100.0000  s1.loss_bbox: 0.7160  s1.loss_iou: 1.2133
2026/03/31 17:55:44 - mmengine - INFO - Epoch(train)  [1][ 8950/10002]  lr: 5.0000e-06  eta: 11:37:30  time: 0.3773  data_time: 0.0030  memory: 7329  grad_norm: 86.3236  loss: 7.9165  rpn_s.0.loss_cls: 0.6205  rpn_s.0.loss_bbox: 0.0950  rpn_s.0.loss_giou: 0.7613  rpn_s.1.loss_cls: 0.4279  rpn_s.1.loss_bbox: 0.0450  rpn_s.1.loss_giou: 0.4016  rpn_s.2.loss_cls: 0.3556  rpn_s.2.loss_bbox: 0.0387  rpn_s.2.loss_giou: 0.3550  rpn_s.3.loss_cls: 0.3087  rpn_s.3.loss_bbox: 0.0363  rpn_s.3.loss_giou: 0.3364  s0.loss_cls: 0.3531  s0.pos_acc: 96.1538  s0.loss_bbox: 0.6124  s0.loss_iou: 1.1061  s1.loss_cls: 0.3407  s1.pos_acc: 92.3077  s1.loss_bbox: 0.6421  s1.loss_iou: 1.0800
2026/03/31 17:56:03 - mmengine - INFO - Exp name: GSDet_r50_b900_h2h4_h2r1_r2r1_2x_fair1m1.0_20260331_165920
2026/03/31 17:56:03 - mmengine - INFO - Epoch(train)  [1][ 9000/10002]  lr: 5.0000e-06  eta: 11:37:10  time: 0.3743  data_time: 0.0030  memory: 7329  grad_norm: 97.4929  loss: 7.6633  rpn_s.0.loss_cls: 0.6033  rpn_s.0.loss_bbox: 0.1017  rpn_s.0.loss_giou: 0.7330  rpn_s.1.loss_cls: 0.4201  rpn_s.1.loss_bbox: 0.0469  rpn_s.1.loss_giou: 0.3808  rpn_s.2.loss_cls: 0.3388  rpn_s.2.loss_bbox: 0.0409  rpn_s.2.loss_giou: 0.3375  rpn_s.3.loss_cls: 0.2990  rpn_s.3.loss_bbox: 0.0383  rpn_s.3.loss_giou: 0.3216  s0.loss_cls: 0.3276  s0.pos_acc: 87.5000  s0.loss_bbox: 0.6644  s0.loss_iou: 1.0244  s1.loss_cls: 0.3294  s1.pos_acc: 87.5000  s1.loss_bbox: 0.6816  s1.loss_iou: 0.9739
2026/03/31 17:56:22 - mmengine - INFO - Epoch(train)  [1][ 9050/10002]  lr: 5.0000e-06  eta: 11:36:50  time: 0.3743  data_time: 0.0030  memory: 7329  grad_norm: 90.0059  loss: 7.6816  rpn_s.0.loss_cls: 0.6288  rpn_s.0.loss_bbox: 0.0960  rpn_s.0.loss_giou: 0.6892  rpn_s.1.loss_cls: 0.4540  rpn_s.1.loss_bbox: 0.0474  rpn_s.1.loss_giou: 0.3751  rpn_s.2.loss_cls: 0.3761  rpn_s.2.loss_bbox: 0.0424  rpn_s.2.loss_giou: 0.3319  rpn_s.3.loss_cls: 0.3306  rpn_s.3.loss_bbox: 0.0396  rpn_s.3.loss_giou: 0.3125  s0.loss_cls: 0.3691  s0.pos_acc: 71.8750  s0.loss_bbox: 0.6120  s0.loss_iou: 1.0123  s1.loss_cls: 0.3680  s1.pos_acc: 79.1667  s1.loss_bbox: 0.6348  s1.loss_iou: 0.9618
2026/03/31 17:56:40 - mmengine - INFO - Epoch(train)  [1][ 9100/10002]  lr: 5.0000e-06  eta: 11:36:28  time: 0.3722  data_time: 0.0030  memory: 7329  grad_norm: 95.4151  loss: 7.9422  rpn_s.0.loss_cls: 0.6047  rpn_s.0.loss_bbox: 0.0924  rpn_s.0.loss_giou: 0.6929  rpn_s.1.loss_cls: 0.4429  rpn_s.1.loss_bbox: 0.0466  rpn_s.1.loss_giou: 0.3818  rpn_s.2.loss_cls: 0.3730  rpn_s.2.loss_bbox: 0.0407  rpn_s.2.loss_giou: 0.3433  rpn_s.3.loss_cls: 0.3324  rpn_s.3.loss_bbox: 0.0382  rpn_s.3.loss_giou: 0.3252  s0.loss_cls: 0.3943  s0.pos_acc: 100.0000  s0.loss_bbox: 0.6541  s0.loss_iou: 1.0860  s1.loss_cls: 0.3848  s1.pos_acc: 100.0000  s1.loss_bbox: 0.6632  s1.loss_iou: 1.0457
2026/03/31 17:56:59 - mmengine - INFO - Epoch(train)  [1][ 9150/10002]  lr: 5.0000e-06  eta: 11:36:11  time: 0.3799  data_time: 0.0030  memory: 7330  grad_norm: 86.8377  loss: 8.0374  rpn_s.0.loss_cls: 0.6128  rpn_s.0.loss_bbox: 0.0990  rpn_s.0.loss_giou: 0.8102  rpn_s.1.loss_cls: 0.4254  rpn_s.1.loss_bbox: 0.0469  rpn_s.1.loss_giou: 0.4316  rpn_s.2.loss_cls: 0.3532  rpn_s.2.loss_bbox: 0.0378  rpn_s.2.loss_giou: 0.3714  rpn_s.3.loss_cls: 0.3125  rpn_s.3.loss_bbox: 0.0352  rpn_s.3.loss_giou: 0.3529  s0.loss_cls: 0.3450  s0.pos_acc: 81.5789  s0.loss_bbox: 0.5865  s0.loss_iou: 1.1494  s1.loss_cls: 0.3422  s1.pos_acc: 72.3684  s1.loss_bbox: 0.6280  s1.loss_iou: 1.0975
2026/03/31 17:57:19 - mmengine - INFO - Epoch(train)  [1][ 9200/10002]  lr: 5.0000e-06  eta: 11:35:59  time: 0.3881  data_time: 0.0030  memory: 7330  grad_norm: 87.7990  loss: 8.1715  rpn_s.0.loss_cls: 0.6210  rpn_s.0.loss_bbox: 0.0994  rpn_s.0.loss_giou: 0.8023  rpn_s.1.loss_cls: 0.4244  rpn_s.1.loss_bbox: 0.0465  rpn_s.1.loss_giou: 0.4233  rpn_s.2.loss_cls: 0.3620  rpn_s.2.loss_bbox: 0.0398  rpn_s.2.loss_giou: 0.3684  rpn_s.3.loss_cls: 0.3207  rpn_s.3.loss_bbox: 0.0364  rpn_s.3.loss_giou: 0.3477  s0.loss_cls: 0.3495  s0.pos_acc: 100.0000  s0.loss_bbox: 0.6153  s0.loss_iou: 1.1834  s1.loss_cls: 0.3283  s1.pos_acc: 100.0000  s1.loss_bbox: 0.6570  s1.loss_iou: 1.1460
2026/03/31 17:57:37 - mmengine - INFO - Epoch(train)  [1][ 9250/10002]  lr: 5.0000e-06  eta: 11:35:40  time: 0.3769  data_time: 0.0030  memory: 7329  grad_norm: 79.6135  loss: 7.9128  rpn_s.0.loss_cls: 0.6067  rpn_s.0.loss_bbox: 0.0967  rpn_s.0.loss_giou: 0.8107  rpn_s.1.loss_cls: 0.4088  rpn_s.1.loss_bbox: 0.0434  rpn_s.1.loss_giou: 0.4102  rpn_s.2.loss_cls: 0.3340  rpn_s.2.loss_bbox: 0.0359  rpn_s.2.loss_giou: 0.3596  rpn_s.3.loss_cls: 0.2934  rpn_s.3.loss_bbox: 0.0337  rpn_s.3.loss_giou: 0.3409  s0.loss_cls: 0.3352  s0.pos_acc: 79.4118  s0.loss_bbox: 0.6349  s0.loss_iou: 1.1105  s1.loss_cls: 0.3194  s1.pos_acc: 83.8235  s1.loss_bbox: 0.6641  s1.loss_iou: 1.0745
2026/03/31 17:57:56 - mmengine - INFO - Epoch(train)  [1][ 9300/10002]  lr: 5.0000e-06  eta: 11:35:21  time: 0.3762  data_time: 0.0030  memory: 7329  grad_norm: 95.3620  loss: 7.4491  rpn_s.0.loss_cls: 0.5885  rpn_s.0.loss_bbox: 0.0991  rpn_s.0.loss_giou: 0.7041  rpn_s.1.loss_cls: 0.3869  rpn_s.1.loss_bbox: 0.0470  rpn_s.1.loss_giou: 0.3756  rpn_s.2.loss_cls: 0.3161  rpn_s.2.loss_bbox: 0.0400  rpn_s.2.loss_giou: 0.3248  rpn_s.3.loss_cls: 0.2743  rpn_s.3.loss_bbox: 0.0370  rpn_s.3.loss_giou: 0.3044  s0.loss_cls: 0.3097  s0.pos_acc: 79.1667  s0.loss_bbox: 0.6534  s0.loss_iou: 1.0175  s1.loss_cls: 0.3202  s1.pos_acc: 91.6667  s1.loss_bbox: 0.6796  s1.loss_iou: 0.9708
2026/03/31 17:58:15 - mmengine - INFO - Epoch(train)  [1][ 9350/10002]  lr: 5.0000e-06  eta: 11:35:05  time: 0.3820  data_time: 0.0030  memory: 7329  grad_norm: 83.3008  loss: 8.3117  rpn_s.0.loss_cls: 0.6333  rpn_s.0.loss_bbox: 0.1046  rpn_s.0.loss_giou: 0.8535  rpn_s.1.loss_cls: 0.4259  rpn_s.1.loss_bbox: 0.0453  rpn_s.1.loss_giou: 0.4393  rpn_s.2.loss_cls: 0.3431  rpn_s.2.loss_bbox: 0.0383  rpn_s.2.loss_giou: 0.3825  rpn_s.3.loss_cls: 0.3109  rpn_s.3.loss_bbox: 0.0353  rpn_s.3.loss_giou: 0.3596  s0.loss_cls: 0.3460  s0.pos_acc: 69.4969  s0.loss_bbox: 0.6056  s0.loss_iou: 1.2221  s1.loss_cls: 0.3298  s1.pos_acc: 74.8428  s1.loss_bbox: 0.6515  s1.loss_iou: 1.1850
2026/03/31 17:58:34 - mmengine - INFO - Epoch(train)  [1][ 9400/10002]  lr: 5.0000e-06  eta: 11:34:44  time: 0.3723  data_time: 0.0030  memory: 7329  grad_norm: 84.2868  loss: 7.6378  rpn_s.0.loss_cls: 0.6114  rpn_s.0.loss_bbox: 0.0950  rpn_s.0.loss_giou: 0.7377  rpn_s.1.loss_cls: 0.4259  rpn_s.1.loss_bbox: 0.0427  rpn_s.1.loss_giou: 0.3843  rpn_s.2.loss_cls: 0.3434  rpn_s.2.loss_bbox: 0.0370  rpn_s.2.loss_giou: 0.3376  rpn_s.3.loss_cls: 0.3067  rpn_s.3.loss_bbox: 0.0342  rpn_s.3.loss_giou: 0.3216  s0.loss_cls: 0.3384  s0.pos_acc: 100.0000  s0.loss_bbox: 0.6003  s0.loss_iou: 1.0572  s1.loss_cls: 0.3249  s1.pos_acc: 100.0000  s1.loss_bbox: 0.6288  s1.loss_iou: 1.0107
2026/03/31 17:58:52 - mmengine - INFO - Epoch(train)  [1][ 9450/10002]  lr: 5.0000e-06  eta: 11:34:22  time: 0.3718  data_time: 0.0030  memory: 7329  grad_norm: 80.3851  loss: 7.6181  rpn_s.0.loss_cls: 0.6113  rpn_s.0.loss_bbox: 0.0918  rpn_s.0.loss_giou: 0.7920  rpn_s.1.loss_cls: 0.3950  rpn_s.1.loss_bbox: 0.0407  rpn_s.1.loss_giou: 0.3935  rpn_s.2.loss_cls: 0.3137  rpn_s.2.loss_bbox: 0.0354  rpn_s.2.loss_giou: 0.3467  rpn_s.3.loss_cls: 0.2814  rpn_s.3.loss_bbox: 0.0339  rpn_s.3.loss_giou: 0.3315  s0.loss_cls: 0.3106  s0.pos_acc: 78.5714  s0.loss_bbox: 0.6273  s0.loss_iou: 1.0409  s1.loss_cls: 0.2941  s1.pos_acc: 80.3571  s1.loss_bbox: 0.6577  s1.loss_iou: 1.0203
2026/03/31 17:59:11 - mmengine - INFO - Epoch(train)  [1][ 9500/10002]  lr: 5.0000e-06  eta: 11:34:02  time: 0.3752  data_time: 0.0030  memory: 7329  grad_norm: 102.6888  loss: 7.5721  rpn_s.0.loss_cls: 0.6000  rpn_s.0.loss_bbox: 0.1010  rpn_s.0.loss_giou: 0.6736  rpn_s.1.loss_cls: 0.4172  rpn_s.1.loss_bbox: 0.0501  rpn_s.1.loss_giou: 0.3684  rpn_s.2.loss_cls: 0.3255  rpn_s.2.loss_bbox: 0.0435  rpn_s.2.loss_giou: 0.3274  rpn_s.3.loss_cls: 0.2899  rpn_s.3.loss_bbox: 0.0403  rpn_s.3.loss_giou: 0.3076  s0.loss_cls: 0.3447  s0.pos_acc: 100.0000  s0.loss_bbox: 0.6781  s0.loss_iou: 0.9964  s1.loss_cls: 0.3422  s1.pos_acc: 100.0000  s1.loss_bbox: 0.6996  s1.loss_iou: 0.9666
2026/03/31 17:59:30 - mmengine - INFO - Epoch(train)  [1][ 9550/10002]  lr: 5.0000e-06  eta: 11:33:42  time: 0.3740  data_time: 0.0030  memory: 7329  grad_norm: 90.7330  loss: 7.5088  rpn_s.0.loss_cls: 0.6202  rpn_s.0.loss_bbox: 0.0950  rpn_s.0.loss_giou: 0.7087  rpn_s.1.loss_cls: 0.4144  rpn_s.1.loss_bbox: 0.0451  rpn_s.1.loss_giou: 0.3735  rpn_s.2.loss_cls: 0.3266  rpn_s.2.loss_bbox: 0.0389  rpn_s.2.loss_giou: 0.3304  rpn_s.3.loss_cls: 0.2935  rpn_s.3.loss_bbox: 0.0362  rpn_s.3.loss_giou: 0.3143  s0.loss_cls: 0.3280  s0.pos_acc: 71.4286  s0.loss_bbox: 0.6171  s0.loss_iou: 1.0340  s1.loss_cls: 0.3138  s1.pos_acc: 64.2857  s1.loss_bbox: 0.6297  s1.loss_iou: 0.9895
2026/03/31 17:59:49 - mmengine - INFO - Epoch(train)  [1][ 9600/10002]  lr: 5.0000e-06  eta: 11:33:25  time: 0.3802  data_time: 0.0030  memory: 7329  grad_norm: 106.4254  loss: 8.6817  rpn_s.0.loss_cls: 0.6364  rpn_s.0.loss_bbox: 0.1189  rpn_s.0.loss_giou: 0.8296  rpn_s.1.loss_cls: 0.4541  rpn_s.1.loss_bbox: 0.0616  rpn_s.1.loss_giou: 0.4367  rpn_s.2.loss_cls: 0.3694  rpn_s.2.loss_bbox: 0.0564  rpn_s.2.loss_giou: 0.3859  rpn_s.3.loss_cls: 0.3395  rpn_s.3.loss_bbox: 0.0506  rpn_s.3.loss_giou: 0.3600  s0.loss_cls: 0.3696  s0.pos_acc: 77.7778  s0.loss_bbox: 0.6860  s0.loss_iou: 1.2598  s1.loss_cls: 0.3617  s1.pos_acc: 83.3333  s1.loss_bbox: 0.7166  s1.loss_iou: 1.1889
2026/03/31 18:00:08 - mmengine - INFO - Epoch(train)  [1][ 9650/10002]  lr: 5.0000e-06  eta: 11:33:05  time: 0.3746  data_time: 0.0030  memory: 7329  grad_norm: 94.0559  loss: 7.1738  rpn_s.0.loss_cls: 0.6011  rpn_s.0.loss_bbox: 0.0886  rpn_s.0.loss_giou: 0.6912  rpn_s.1.loss_cls: 0.4095  rpn_s.1.loss_bbox: 0.0413  rpn_s.1.loss_giou: 0.3683  rpn_s.2.loss_cls: 0.3234  rpn_s.2.loss_bbox: 0.0365  rpn_s.2.loss_giou: 0.3273  rpn_s.3.loss_cls: 0.2852  rpn_s.3.loss_bbox: 0.0333  rpn_s.3.loss_giou: 0.3105  s0.loss_cls: 0.3027  s0.pos_acc: 75.6410  s0.loss_bbox: 0.5430  s0.loss_iou: 0.9981  s1.loss_cls: 0.2909  s1.pos_acc: 78.2051  s1.loss_bbox: 0.5484  s1.loss_iou: 0.9744
2026/03/31 18:00:26 - mmengine - INFO - Epoch(train)  [1][ 9700/10002]  lr: 5.0000e-06  eta: 11:32:45  time: 0.3740  data_time: 0.0030  memory: 7329  grad_norm: 102.5361  loss: 8.2221  rpn_s.0.loss_cls: 0.6321  rpn_s.0.loss_bbox: 0.1051  rpn_s.0.loss_giou: 0.7805  rpn_s.1.loss_cls: 0.4284  rpn_s.1.loss_bbox: 0.0510  rpn_s.1.loss_giou: 0.4229  rpn_s.2.loss_cls: 0.3581  rpn_s.2.loss_bbox: 0.0428  rpn_s.2.loss_giou: 0.3610  rpn_s.3.loss_cls: 0.3236  rpn_s.3.loss_bbox: 0.0398  rpn_s.3.loss_giou: 0.3391  s0.loss_cls: 0.3661  s0.pos_acc: 71.4286  s0.loss_bbox: 0.6557  s0.loss_iou: 1.1640  s1.loss_cls: 0.3614  s1.pos_acc: 77.1429  s1.loss_bbox: 0.6713  s1.loss_iou: 1.1192
2026/03/31 18:00:45 - mmengine - INFO - Epoch(train)  [1][ 9750/10002]  lr: 5.0000e-06  eta: 11:32:22  time: 0.3706  data_time: 0.0030  memory: 7329  grad_norm: 92.1259  loss: 7.9483  rpn_s.0.loss_cls: 0.6378  rpn_s.0.loss_bbox: 0.1037  rpn_s.0.loss_giou: 0.7733  rpn_s.1.loss_cls: 0.4210  rpn_s.1.loss_bbox: 0.0484  rpn_s.1.loss_giou: 0.4089  rpn_s.2.loss_cls: 0.3353  rpn_s.2.loss_bbox: 0.0410  rpn_s.2.loss_giou: 0.3589  rpn_s.3.loss_cls: 0.2971  rpn_s.3.loss_bbox: 0.0381  rpn_s.3.loss_giou: 0.3408  s0.loss_cls: 0.3416  s0.pos_acc: 86.9565  s0.loss_bbox: 0.6070  s0.loss_iou: 1.1411  s1.loss_cls: 0.3354  s1.pos_acc: 86.9565  s1.loss_bbox: 0.6201  s1.loss_iou: 1.0988
2026/03/31 18:01:04 - mmengine - INFO - Epoch(train)  [1][ 9800/10002]  lr: 5.0000e-06  eta: 11:32:02  time: 0.3749  data_time: 0.0030  memory: 7329  grad_norm: 94.1798  loss: 7.3331  rpn_s.0.loss_cls: 0.5760  rpn_s.0.loss_bbox: 0.0951  rpn_s.0.loss_giou: 0.6715  rpn_s.1.loss_cls: 0.3924  rpn_s.1.loss_bbox: 0.0462  rpn_s.1.loss_giou: 0.3607  rpn_s.2.loss_cls: 0.3146  rpn_s.2.loss_bbox: 0.0399  rpn_s.2.loss_giou: 0.3166  rpn_s.3.loss_cls: 0.2874  rpn_s.3.loss_bbox: 0.0372  rpn_s.3.loss_giou: 0.2949  s0.loss_cls: 0.3379  s0.pos_acc: 65.2174  s0.loss_bbox: 0.6310  s0.loss_iou: 1.0024  s1.loss_cls: 0.3286  s1.pos_acc: 71.7391  s1.loss_bbox: 0.6365  s1.loss_iou: 0.9641
2026/03/31 18:01:22 - mmengine - INFO - Epoch(train)  [1][ 9850/10002]  lr: 5.0000e-06  eta: 11:31:41  time: 0.3723  data_time: 0.0030  memory: 7329  grad_norm: 105.4089  loss: 7.8346  rpn_s.0.loss_cls: 0.5977  rpn_s.0.loss_bbox: 0.0990  rpn_s.0.loss_giou: 0.7431  rpn_s.1.loss_cls: 0.4068  rpn_s.1.loss_bbox: 0.0496  rpn_s.1.loss_giou: 0.3924  rpn_s.2.loss_cls: 0.3316  rpn_s.2.loss_bbox: 0.0430  rpn_s.2.loss_giou: 0.3485  rpn_s.3.loss_cls: 0.2903  rpn_s.3.loss_bbox: 0.0399  rpn_s.3.loss_giou: 0.3289  s0.loss_cls: 0.3426  s0.pos_acc: 81.2500  s0.loss_bbox: 0.6715  s0.loss_iou: 1.0952  s1.loss_cls: 0.3493  s1.pos_acc: 87.5000  s1.loss_bbox: 0.6540  s1.loss_iou: 1.0514
2026/03/31 18:01:41 - mmengine - INFO - Epoch(train)  [1][ 9900/10002]  lr: 5.0000e-06  eta: 11:31:20  time: 0.3727  data_time: 0.0030  memory: 7329  grad_norm: 104.9356  loss: 7.8144  rpn_s.0.loss_cls: 0.6275  rpn_s.0.loss_bbox: 0.0940  rpn_s.0.loss_giou: 0.7260  rpn_s.1.loss_cls: 0.4468  rpn_s.1.loss_bbox: 0.0447  rpn_s.1.loss_giou: 0.3864  rpn_s.2.loss_cls: 0.3741  rpn_s.2.loss_bbox: 0.0377  rpn_s.2.loss_giou: 0.3413  rpn_s.3.loss_cls: 0.3317  rpn_s.3.loss_bbox: 0.0360  rpn_s.3.loss_giou: 0.3247  s0.loss_cls: 0.3810  s0.pos_acc: 66.6667  s0.loss_bbox: 0.6024  s0.loss_iou: 1.0597  s1.loss_cls: 0.3733  s1.pos_acc: 66.6667  s1.loss_bbox: 0.6048  s1.loss_iou: 1.0221
2026/03/31 18:02:00 - mmengine - INFO - Epoch(train)  [1][ 9950/10002]  lr: 5.0000e-06  eta: 11:30:59  time: 0.3723  data_time: 0.0030  memory: 7329  grad_norm: 92.3920  loss: 7.5078  rpn_s.0.loss_cls: 0.6125  rpn_s.0.loss_bbox: 0.0980  rpn_s.0.loss_giou: 0.6934  rpn_s.1.loss_cls: 0.4206  rpn_s.1.loss_bbox: 0.0483  rpn_s.1.loss_giou: 0.3773  rpn_s.2.loss_cls: 0.3445  rpn_s.2.loss_bbox: 0.0420  rpn_s.2.loss_giou: 0.3314  rpn_s.3.loss_cls: 0.3095  rpn_s.3.loss_bbox: 0.0388  rpn_s.3.loss_giou: 0.3124  s0.loss_cls: 0.3596  s0.pos_acc: 100.0000  s0.loss_bbox: 0.5633  s0.loss_iou: 1.0404  s1.loss_cls: 0.3616  s1.pos_acc: 100.0000  s1.loss_bbox: 0.5635  s1.loss_iou: 0.9907
2026/03/31 18:02:19 - mmengine - INFO - Exp name: GSDet_r50_b900_h2h4_h2r1_r2r1_2x_fair1m1.0_20260331_165920
2026/03/31 18:02:19 - mmengine - INFO - Epoch(train)  [1][10000/10002]  lr: 5.0000e-06  eta: 11:30:42  time: 0.3804  data_time: 0.0030  memory: 7330  grad_norm: 108.2749  loss: 8.0333  rpn_s.0.loss_cls: 0.6279  rpn_s.0.loss_bbox: 0.0935  rpn_s.0.loss_giou: 0.7615  rpn_s.1.loss_cls: 0.4288  rpn_s.1.loss_bbox: 0.0440  rpn_s.1.loss_giou: 0.4181  rpn_s.2.loss_cls: 0.3498  rpn_s.2.loss_bbox: 0.0377  rpn_s.2.loss_giou: 0.3716  rpn_s.3.loss_cls: 0.3177  rpn_s.3.loss_bbox: 0.0348  rpn_s.3.loss_giou: 0.3549  s0.loss_cls: 0.3678  s0.pos_acc: 65.2381  s0.loss_bbox: 0.6087  s0.loss_iou: 1.1192  s1.loss_cls: 0.3487  s1.pos_acc: 63.3333  s1.loss_bbox: 0.6644  s1.loss_iou: 1.0840
2026/03/31 18:02:20 - mmengine - INFO - Exp name: GSDet_r50_b900_h2h4_h2r1_r2r1_2x_fair1m1.0_20260331_165920
2026/03/31 18:02:20 - mmengine - INFO - Saving checkpoint at 1 epochs
2026/03/31 18:02:21 - mmengine - WARNING - `save_param_scheduler` is True but `self.param_schedulers` is None, so skip saving parameter schedulers
2026/03/31 18:02:32 - mmengine - INFO - Epoch(val)  [1][  50/5717]    eta: 0:19:48  time: 0.2098  data_time: 0.0129  memory: 7329  
2026/03/31 18:02:42 - mmengine - INFO - Epoch(val)  [1][ 100/5717]    eta: 0:18:51  time: 0.1931  data_time: 0.0029  memory: 2612  
2026/03/31 18:02:52 - mmengine - INFO - Epoch(val)  [1][ 150/5717]    eta: 0:18:25  time: 0.1930  data_time: 0.0029  memory: 2612  
2026/03/31 18:03:02 - mmengine - INFO - Epoch(val)  [1][ 200/5717]    eta: 0:18:15  time: 0.1986  data_time: 0.0084  memory: 2612  
2026/03/31 18:03:13 - mmengine - INFO - Epoch(val)  [1][ 250/5717]    eta: 0:18:50  time: 0.2393  data_time: 0.0493  memory: 2612  
2026/03/31 18:03:26 - mmengine - INFO - Epoch(val)  [1][ 300/5717]    eta: 0:19:27  time: 0.2598  data_time: 0.0701  memory: 2612  
2026/03/31 18:03:36 - mmengine - INFO - Epoch(val)  [1][ 350/5717]    eta: 0:18:59  time: 0.1926  data_time: 0.0028  memory: 2612  
2026/03/31 18:03:46 - mmengine - INFO - Epoch(val)  [1][ 400/5717]    eta: 0:18:35  time: 0.1929  data_time: 0.0030  memory: 2612  
2026/03/31 18:03:55 - mmengine - INFO - Epoch(val)  [1][ 450/5717]    eta: 0:18:15  time: 0.1930  data_time: 0.0029  memory: 2612  
2026/03/31 18:04:05 - mmengine - INFO - Epoch(val)  [1][ 500/5717]    eta: 0:17:57  time: 0.1934  data_time: 0.0029  memory: 2612  
2026/03/31 18:04:15 - mmengine - INFO - Epoch(val)  [1][ 550/5717]    eta: 0:17:41  time: 0.1937  data_time: 0.0030  memory: 2612  
2026/03/31 18:04:24 - mmengine - INFO - Epoch(val)  [1][ 600/5717]    eta: 0:17:25  time: 0.1935  data_time: 0.0031  memory: 2612  
2026/03/31 18:04:34 - mmengine - INFO - Epoch(val)  [1][ 650/5717]    eta: 0:17:11  time: 0.1936  data_time: 0.0031  memory: 2612  
2026/03/31 18:04:44 - mmengine - INFO - Epoch(val)  [1][ 700/5717]    eta: 0:16:57  time: 0.1935  data_time: 0.0031  memory: 2612  
2026/03/31 18:04:53 - mmengine - INFO - Epoch(val)  [1][ 750/5717]    eta: 0:16:44  time: 0.1937  data_time: 0.0031  memory: 2612  
2026/03/31 18:05:03 - mmengine - INFO - Epoch(val)  [1][ 800/5717]    eta: 0:16:31  time: 0.1939  data_time: 0.0031  memory: 2612  
2026/03/31 18:05:13 - mmengine - INFO - Epoch(val)  [1][ 850/5717]    eta: 0:16:19  time: 0.1935  data_time: 0.0031  memory: 2612  
2026/03/31 18:05:23 - mmengine - INFO - Epoch(val)  [1][ 900/5717]    eta: 0:16:07  time: 0.1936  data_time: 0.0031  memory: 2612  
2026/03/31 18:05:32 - mmengine - INFO - Epoch(val)  [1][ 950/5717]    eta: 0:15:55  time: 0.1937  data_time: 0.0031  memory: 2612  
2026/03/31 18:05:42 - mmengine - INFO - Epoch(val)  [1][1000/5717]    eta: 0:15:43  time: 0.1939  data_time: 0.0031  memory: 2612  
2026/03/31 18:05:52 - mmengine - INFO - Epoch(val)  [1][1050/5717]    eta: 0:15:32  time: 0.1938  data_time: 0.0031  memory: 2612  
2026/03/31 18:06:01 - mmengine - INFO - Epoch(val)  [1][1100/5717]    eta: 0:15:21  time: 0.1939  data_time: 0.0031  memory: 2612  
2026/03/31 18:06:11 - mmengine - INFO - Epoch(val)  [1][1150/5717]    eta: 0:15:10  time: 0.1940  data_time: 0.0031  memory: 2612  
2026/03/31 18:06:21 - mmengine - INFO - Epoch(val)  [1][1200/5717]    eta: 0:14:59  time: 0.1940  data_time: 0.0032  memory: 2612  
2026/03/31 18:06:30 - mmengine - INFO - Epoch(val)  [1][1250/5717]    eta: 0:14:48  time: 0.1942  data_time: 0.0032  memory: 2612  
2026/03/31 18:06:40 - mmengine - INFO - Epoch(val)  [1][1300/5717]    eta: 0:14:37  time: 0.1942  data_time: 0.0032  memory: 2612  
2026/03/31 18:06:50 - mmengine - INFO - Epoch(val)  [1][1350/5717]    eta: 0:14:26  time: 0.1942  data_time: 0.0031  memory: 2612  
2026/03/31 18:07:00 - mmengine - INFO - Epoch(val)  [1][1400/5717]    eta: 0:14:16  time: 0.1942  data_time: 0.0031  memory: 2612  
2026/03/31 18:07:09 - mmengine - INFO - Epoch(val)  [1][1450/5717]    eta: 0:14:05  time: 0.1940  data_time: 0.0031  memory: 2612  
2026/03/31 18:07:19 - mmengine - INFO - Epoch(val)  [1][1500/5717]    eta: 0:13:55  time: 0.1940  data_time: 0.0031  memory: 2612  
2026/03/31 18:07:29 - mmengine - INFO - Epoch(val)  [1][1550/5717]    eta: 0:13:44  time: 0.1940  data_time: 0.0031  memory: 2612  
2026/03/31 18:07:38 - mmengine - INFO - Epoch(val)  [1][1600/5717]    eta: 0:13:34  time: 0.1942  data_time: 0.0032  memory: 2612  
2026/03/31 18:07:48 - mmengine - INFO - Epoch(val)  [1][1650/5717]    eta: 0:13:24  time: 0.1972  data_time: 0.0031  memory: 2612  
2026/03/31 18:07:58 - mmengine - INFO - Epoch(val)  [1][1700/5717]    eta: 0:13:14  time: 0.1941  data_time: 0.0031  memory: 2612  
2026/03/31 18:08:08 - mmengine - INFO - Epoch(val)  [1][1750/5717]    eta: 0:13:03  time: 0.1947  data_time: 0.0032  memory: 2612  
2026/03/31 18:08:17 - mmengine - INFO - Epoch(val)  [1][1800/5717]    eta: 0:12:53  time: 0.1951  data_time: 0.0031  memory: 2612  
2026/03/31 18:08:27 - mmengine - INFO - Epoch(val)  [1][1850/5717]    eta: 0:12:43  time: 0.1947  data_time: 0.0031  memory: 2612  
2026/03/31 18:08:37 - mmengine - INFO - Epoch(val)  [1][1900/5717]    eta: 0:12:33  time: 0.1949  data_time: 0.0031  memory: 2612  
2026/03/31 18:08:47 - mmengine - INFO - Epoch(val)  [1][1950/5717]    eta: 0:12:23  time: 0.1949  data_time: 0.0031  memory: 2612  
2026/03/31 18:08:56 - mmengine - INFO - Epoch(val)  [1][2000/5717]    eta: 0:12:13  time: 0.1946  data_time: 0.0031  memory: 2612  
2026/03/31 18:09:06 - mmengine - INFO - Epoch(val)  [1][2050/5717]    eta: 0:12:03  time: 0.1943  data_time: 0.0031  memory: 2612  
2026/03/31 18:09:16 - mmengine - INFO - Epoch(val)  [1][2100/5717]    eta: 0:11:53  time: 0.1942  data_time: 0.0031  memory: 2612  
2026/03/31 18:09:26 - mmengine - INFO - Epoch(val)  [1][2150/5717]    eta: 0:11:42  time: 0.1944  data_time: 0.0032  memory: 2612  
2026/03/31 18:09:35 - mmengine - INFO - Epoch(val)  [1][2200/5717]    eta: 0:11:32  time: 0.1947  data_time: 0.0031  memory: 2612  
2026/03/31 18:09:45 - mmengine - INFO - Epoch(val)  [1][2250/5717]    eta: 0:11:22  time: 0.1943  data_time: 0.0031  memory: 2612  
2026/03/31 18:09:55 - mmengine - INFO - Epoch(val)  [1][2300/5717]    eta: 0:11:12  time: 0.1944  data_time: 0.0031  memory: 2612  
2026/03/31 18:10:04 - mmengine - INFO - Epoch(val)  [1][2350/5717]    eta: 0:11:02  time: 0.1943  data_time: 0.0030  memory: 2612  
2026/03/31 18:10:14 - mmengine - INFO - Epoch(val)  [1][2400/5717]    eta: 0:10:52  time: 0.1941  data_time: 0.0031  memory: 2612  
2026/03/31 18:10:24 - mmengine - INFO - Epoch(val)  [1][2450/5717]    eta: 0:10:42  time: 0.1940  data_time: 0.0031  memory: 2612  
2026/03/31 18:10:34 - mmengine - INFO - Epoch(val)  [1][2500/5717]    eta: 0:10:32  time: 0.1944  data_time: 0.0031  memory: 2612  
2026/03/31 18:10:43 - mmengine - INFO - Epoch(val)  [1][2550/5717]    eta: 0:10:22  time: 0.1940  data_time: 0.0031  memory: 2612  
2026/03/31 18:10:53 - mmengine - INFO - Epoch(val)  [1][2600/5717]    eta: 0:10:12  time: 0.1942  data_time: 0.0031  memory: 2612  
2026/03/31 18:11:03 - mmengine - INFO - Epoch(val)  [1][2650/5717]    eta: 0:10:02  time: 0.1942  data_time: 0.0031  memory: 2612  
2026/03/31 18:11:12 - mmengine - INFO - Epoch(val)  [1][2700/5717]    eta: 0:09:52  time: 0.1938  data_time: 0.0030  memory: 2612  
2026/03/31 18:11:22 - mmengine - INFO - Epoch(val)  [1][2750/5717]    eta: 0:09:42  time: 0.1944  data_time: 0.0029  memory: 2612  
2026/03/31 18:11:32 - mmengine - INFO - Epoch(val)  [1][2800/5717]    eta: 0:09:32  time: 0.1938  data_time: 0.0029  memory: 2612  
2026/03/31 18:11:41 - mmengine - INFO - Epoch(val)  [1][2850/5717]    eta: 0:09:22  time: 0.1933  data_time: 0.0029  memory: 2612  
2026/03/31 18:11:51 - mmengine - INFO - Epoch(val)  [1][2900/5717]    eta: 0:09:12  time: 0.1937  data_time: 0.0029  memory: 2612  
2026/03/31 18:12:01 - mmengine - INFO - Epoch(val)  [1][2950/5717]    eta: 0:09:03  time: 0.1935  data_time: 0.0029  memory: 2612  
2026/03/31 18:12:10 - mmengine - INFO - Epoch(val)  [1][3000/5717]    eta: 0:08:53  time: 0.1938  data_time: 0.0030  memory: 2612  
2026/03/31 18:12:20 - mmengine - INFO - Epoch(val)  [1][3050/5717]    eta: 0:08:43  time: 0.1940  data_time: 0.0031  memory: 2612  
2026/03/31 18:12:30 - mmengine - INFO - Epoch(val)  [1][3100/5717]    eta: 0:08:33  time: 0.1941  data_time: 0.0031  memory: 2612  
2026/03/31 18:12:40 - mmengine - INFO - Epoch(val)  [1][3150/5717]    eta: 0:08:23  time: 0.1942  data_time: 0.0031  memory: 2612  
2026/03/31 18:12:49 - mmengine - INFO - Epoch(val)  [1][3200/5717]    eta: 0:08:13  time: 0.1939  data_time: 0.0032  memory: 2612  
2026/03/31 18:12:59 - mmengine - INFO - Epoch(val)  [1][3250/5717]    eta: 0:08:03  time: 0.1939  data_time: 0.0031  memory: 2612  
2026/03/31 18:13:09 - mmengine - INFO - Epoch(val)  [1][3300/5717]    eta: 0:07:53  time: 0.1942  data_time: 0.0032  memory: 2612  
2026/03/31 18:13:18 - mmengine - INFO - Epoch(val)  [1][3350/5717]    eta: 0:07:43  time: 0.1940  data_time: 0.0032  memory: 2612  
2026/03/31 18:13:28 - mmengine - INFO - Epoch(val)  [1][3400/5717]    eta: 0:07:34  time: 0.1939  data_time: 0.0032  memory: 2612  
2026/03/31 18:13:38 - mmengine - INFO - Epoch(val)  [1][3450/5717]    eta: 0:07:24  time: 0.1939  data_time: 0.0031  memory: 2612  
2026/03/31 18:13:47 - mmengine - INFO - Epoch(val)  [1][3500/5717]    eta: 0:07:14  time: 0.1939  data_time: 0.0032  memory: 2612  
2026/03/31 18:13:57 - mmengine - INFO - Epoch(val)  [1][3550/5717]    eta: 0:07:04  time: 0.1941  data_time: 0.0032  memory: 2612  
2026/03/31 18:14:07 - mmengine - INFO - Epoch(val)  [1][3600/5717]    eta: 0:06:54  time: 0.1937  data_time: 0.0032  memory: 2612  
2026/03/31 18:14:17 - mmengine - INFO - Epoch(val)  [1][3650/5717]    eta: 0:06:44  time: 0.1943  data_time: 0.0032  memory: 2612  
2026/03/31 18:14:26 - mmengine - INFO - Epoch(val)  [1][3700/5717]    eta: 0:06:34  time: 0.1940  data_time: 0.0031  memory: 2612  
2026/03/31 18:14:36 - mmengine - INFO - Epoch(val)  [1][3750/5717]    eta: 0:06:25  time: 0.1941  data_time: 0.0031  memory: 2612  
2026/03/31 18:14:46 - mmengine - INFO - Epoch(val)  [1][3800/5717]    eta: 0:06:15  time: 0.1941  data_time: 0.0032  memory: 2612  
2026/03/31 18:14:55 - mmengine - INFO - Epoch(val)  [1][3850/5717]    eta: 0:06:05  time: 0.1938  data_time: 0.0031  memory: 2612  
2026/03/31 18:15:05 - mmengine - INFO - Epoch(val)  [1][3900/5717]    eta: 0:05:55  time: 0.1941  data_time: 0.0031  memory: 2612  
2026/03/31 18:15:15 - mmengine - INFO - Epoch(val)  [1][3950/5717]    eta: 0:05:45  time: 0.1939  data_time: 0.0031  memory: 2612  
2026/03/31 18:15:24 - mmengine - INFO - Epoch(val)  [1][4000/5717]    eta: 0:05:35  time: 0.1939  data_time: 0.0031  memory: 2612  
2026/03/31 18:15:34 - mmengine - INFO - Epoch(val)  [1][4050/5717]    eta: 0:05:26  time: 0.1938  data_time: 0.0032  memory: 2612  
2026/03/31 18:15:44 - mmengine - INFO - Epoch(val)  [1][4100/5717]    eta: 0:05:16  time: 0.1935  data_time: 0.0031  memory: 2612  
2026/03/31 18:15:54 - mmengine - INFO - Epoch(val)  [1][4150/5717]    eta: 0:05:06  time: 0.1935  data_time: 0.0031  memory: 2612  
2026/03/31 18:16:03 - mmengine - INFO - Epoch(val)  [1][4200/5717]    eta: 0:04:56  time: 0.1935  data_time: 0.0031  memory: 2612  
2026/03/31 18:16:13 - mmengine - INFO - Epoch(val)  [1][4250/5717]    eta: 0:04:46  time: 0.1937  data_time: 0.0031  memory: 2612  
2026/03/31 18:16:23 - mmengine - INFO - Epoch(val)  [1][4300/5717]    eta: 0:04:37  time: 0.1937  data_time: 0.0031  memory: 2612  
2026/03/31 18:16:32 - mmengine - INFO - Epoch(val)  [1][4350/5717]    eta: 0:04:27  time: 0.1938  data_time: 0.0031  memory: 2612  
2026/03/31 18:16:42 - mmengine - INFO - Epoch(val)  [1][4400/5717]    eta: 0:04:17  time: 0.1939  data_time: 0.0031  memory: 2612  
2026/03/31 18:16:52 - mmengine - INFO - Epoch(val)  [1][4450/5717]    eta: 0:04:07  time: 0.1939  data_time: 0.0031  memory: 2612  
2026/03/31 18:17:01 - mmengine - INFO - Epoch(val)  [1][4500/5717]    eta: 0:03:57  time: 0.1938  data_time: 0.0031  memory: 2612  
2026/03/31 18:17:11 - mmengine - INFO - Epoch(val)  [1][4550/5717]    eta: 0:03:48  time: 0.1934  data_time: 0.0031  memory: 2612  
2026/03/31 18:17:21 - mmengine - INFO - Epoch(val)  [1][4600/5717]    eta: 0:03:38  time: 0.1935  data_time: 0.0030  memory: 2612  
2026/03/31 18:17:30 - mmengine - INFO - Epoch(val)  [1][4650/5717]    eta: 0:03:28  time: 0.1940  data_time: 0.0031  memory: 2612  
2026/03/31 18:17:40 - mmengine - INFO - Epoch(val)  [1][4700/5717]    eta: 0:03:18  time: 0.1936  data_time: 0.0031  memory: 2612  
2026/03/31 18:17:50 - mmengine - INFO - Epoch(val)  [1][4750/5717]    eta: 0:03:08  time: 0.1936  data_time: 0.0031  memory: 2612  
2026/03/31 18:17:59 - mmengine - INFO - Epoch(val)  [1][4800/5717]    eta: 0:02:59  time: 0.1937  data_time: 0.0031  memory: 2612  
2026/03/31 18:18:09 - mmengine - INFO - Epoch(val)  [1][4850/5717]    eta: 0:02:49  time: 0.1939  data_time: 0.0031  memory: 2612  
2026/03/31 18:18:19 - mmengine - INFO - Epoch(val)  [1][4900/5717]    eta: 0:02:39  time: 0.1935  data_time: 0.0031  memory: 2612  
2026/03/31 18:18:29 - mmengine - INFO - Epoch(val)  [1][4950/5717]    eta: 0:02:29  time: 0.1938  data_time: 0.0031  memory: 2612  
2026/03/31 18:18:38 - mmengine - INFO - Epoch(val)  [1][5000/5717]    eta: 0:02:20  time: 0.1941  data_time: 0.0031  memory: 2612  
2026/03/31 18:18:48 - mmengine - INFO - Epoch(val)  [1][5050/5717]    eta: 0:02:10  time: 0.1939  data_time: 0.0031  memory: 2612  
2026/03/31 18:18:58 - mmengine - INFO - Epoch(val)  [1][5100/5717]    eta: 0:02:00  time: 0.1941  data_time: 0.0031  memory: 2612  
2026/03/31 18:19:07 - mmengine - INFO - Epoch(val)  [1][5150/5717]    eta: 0:01:50  time: 0.1941  data_time: 0.0031  memory: 2612  
2026/03/31 18:19:17 - mmengine - INFO - Epoch(val)  [1][5200/5717]    eta: 0:01:40  time: 0.1971  data_time: 0.0032  memory: 2612  
2026/03/31 18:19:27 - mmengine - INFO - Epoch(val)  [1][5250/5717]    eta: 0:01:31  time: 0.1942  data_time: 0.0031  memory: 2612  
2026/03/31 18:19:37 - mmengine - INFO - Epoch(val)  [1][5300/5717]    eta: 0:01:21  time: 0.1942  data_time: 0.0032  memory: 2612  
2026/03/31 18:19:46 - mmengine - INFO - Epoch(val)  [1][5350/5717]    eta: 0:01:11  time: 0.1943  data_time: 0.0031  memory: 2612  
2026/03/31 18:19:56 - mmengine - INFO - Epoch(val)  [1][5400/5717]    eta: 0:01:01  time: 0.1939  data_time: 0.0030  memory: 2612  
2026/03/31 18:20:06 - mmengine - INFO - Epoch(val)  [1][5450/5717]    eta: 0:00:52  time: 0.1941  data_time: 0.0030  memory: 2612  
2026/03/31 18:20:15 - mmengine - INFO - Epoch(val)  [1][5500/5717]    eta: 0:00:42  time: 0.1945  data_time: 0.0029  memory: 2612  
2026/03/31 18:20:25 - mmengine - INFO - Epoch(val)  [1][5550/5717]    eta: 0:00:32  time: 0.1944  data_time: 0.0029  memory: 2612  
2026/03/31 18:20:35 - mmengine - INFO - Epoch(val)  [1][5600/5717]    eta: 0:00:22  time: 0.1943  data_time: 0.0029  memory: 2612  
2026/03/31 18:20:45 - mmengine - INFO - Epoch(val)  [1][5650/5717]    eta: 0:00:13  time: 0.1943  data_time: 0.0029  memory: 2612  
2026/03/31 18:20:54 - mmengine - INFO - Epoch(val)  [1][5700/5717]    eta: 0:00:03  time: 0.1946  data_time: 0.0030  memory: 2612  
2026/03/31 18:21:56 - mmengine - INFO - 
---------------iou_thr: 0.5---------------
2026/03/31 18:23:15 - mmengine - INFO - 
+-------------------+--------+---------+---------+---------+
| class             | gts    | dets    | recall  | ap      |
+-------------------+--------+---------+---------+---------+
| Passenger Ship    | 840    | 45101   | 0.91905 | 0.57552 |
| Liquid Cargo Ship | 3431   | 91848   | 0.97552 | 0.86391 |
| Dry Cargo Ship    | 12017  | 291222  | 0.94649 | 0.83281 |
| Motorboat         | 9265   | 262814  | 0.73783 | 0.54184 |
| Fishing Boat      | 8393   | 264933  | 0.81496 | 0.51489 |
| Warship           | 782    | 30485   | 0.97570 | 0.79628 |
| Engineering Ship  | 1955   | 113383  | 0.95038 | 0.73533 |
| other-ship        | 2848   | 464592  | 0.81215 | 0.28557 |
| Tugboat           | 2338   | 207316  | 0.94654 | 0.76828 |
| Small Car         | 143249 | 532066  | 0.85230 | 0.66297 |
| Cargo Truck       | 9254   | 140588  | 0.67582 | 0.47172 |
| Van               | 132288 | 586343  | 0.84972 | 0.65260 |
| Trailer           | 587    | 29929   | 0.24191 | 0.03236 |
| other-vehicle     | 3062   | 122859  | 0.28380 | 0.05209 |
| Dump Truck        | 25769  | 299615  | 0.81412 | 0.54287 |
| Bus               | 1019   | 26668   | 0.58783 | 0.28441 |
| Tractor           | 262    | 14296   | 0.25191 | 0.11963 |
| Excavator         | 890    | 28388   | 0.33708 | 0.08222 |
| Truck Tractor     | 923    | 16017   | 0.09534 | 0.04545 |
| Boeing737         | 4208   | 39479   | 0.98883 | 0.79061 |
| Boeing747         | 1717   | 25277   | 0.99884 | 0.90653 |
| Boeing777         | 1660   | 26575   | 0.99940 | 0.74244 |
| Boeing787         | 1757   | 28785   | 1.00000 | 0.84885 |
| other-airplane    | 10413  | 142376  | 0.99395 | 0.89196 |
| C919              | 138    | 17990   | 1.00000 | 0.62538 |
| A220              | 6485   | 73589   | 0.99907 | 0.80105 |
| A321              | 2702   | 48164   | 0.99778 | 0.89591 |
| A330              | 1693   | 30071   | 0.99941 | 0.84160 |
| A350              | 1122   | 20873   | 1.00000 | 0.87263 |
| ARJ21             | 186    | 25812   | 1.00000 | 0.86932 |
| Tennis Court      | 2941   | 97409   | 0.96124 | 0.90364 |
| Football Field    | 880    | 77673   | 0.93750 | 0.87304 |
| Basketball Court  | 1322   | 283242  | 0.87443 | 0.76113 |
| Baseball Field    | 1062   | 46140   | 0.96704 | 0.90137 |
| Intersection      | 6958   | 1129299 | 0.74691 | 0.50429 |
| Bridge            | 1212   | 917944  | 0.79868 | 0.57155 |
| Roundabout        | 584    | 229662  | 0.96062 | 0.88409 |
+-------------------+--------+---------+---------+---------+
| mAP               |        |         |         | 0.63098 |
+-------------------+--------+---------+---------+---------+
2026/03/31 18:23:15 - mmengine - INFO - Epoch(val) [1][5717/5717]    fair/mAP: 0.6310  fair/AP50: 0.6310  data_time: 0.0042  time: 0.1952
2026/03/31 18:23:34 - mmengine - INFO - Epoch(train)  [2][   50/10002]  lr: 5.0000e-06  eta: 11:30:22  time: 0.3719  data_time: 0.0047  memory: 7329  grad_norm: 86.6266  loss: 8.0479  rpn_s.0.loss_cls: 0.6425  rpn_s.0.loss_bbox: 0.0979  rpn_s.0.loss_giou: 0.7990  rpn_s.1.loss_cls: 0.4373  rpn_s.1.loss_bbox: 0.0445  rpn_s.1.loss_giou: 0.4145  rpn_s.2.loss_cls: 0.3711  rpn_s.2.loss_bbox: 0.0370  rpn_s.2.loss_giou: 0.3623  rpn_s.3.loss_cls: 0.3225  rpn_s.3.loss_bbox: 0.0351  rpn_s.3.loss_giou: 0.3412  s0.loss_cls: 0.3674  s0.pos_acc: 75.8064  s0.loss_bbox: 0.5819  s0.loss_iou: 1.1316  s1.loss_cls: 0.3649  s1.pos_acc: 75.8064  s1.loss_bbox: 0.6124  s1.loss_iou: 1.0847
2026/03/31 18:23:52 - mmengine - INFO - Epoch(train)  [2][  100/10002]  lr: 5.0000e-06  eta: 11:30:00  time: 0.3701  data_time: 0.0031  memory: 7329  grad_norm: 94.1229  loss: 7.4790  rpn_s.0.loss_cls: 0.5924  rpn_s.0.loss_bbox: 0.0961  rpn_s.0.loss_giou: 0.6834  rpn_s.1.loss_cls: 0.4085  rpn_s.1.loss_bbox: 0.0482  rpn_s.1.loss_giou: 0.3617  rpn_s.2.loss_cls: 0.3310  rpn_s.2.loss_bbox: 0.0424  rpn_s.2.loss_giou: 0.3159  rpn_s.3.loss_cls: 0.2889  rpn_s.3.loss_bbox: 0.0389  rpn_s.3.loss_giou: 0.2932  s0.loss_cls: 0.3269  s0.pos_acc: 91.6667  s0.loss_bbox: 0.6995  s0.loss_iou: 0.9920  s1.loss_cls: 0.3122  s1.pos_acc: 79.1667  s1.loss_bbox: 0.6986  s1.loss_iou: 0.9494
2026/03/31 18:24:11 - mmengine - INFO - Epoch(train)  [2][  150/10002]  lr: 5.0000e-06  eta: 11:29:42  time: 0.3777  data_time: 0.0031  memory: 7329  grad_norm: 85.6884  loss: 7.9537  rpn_s.0.loss_cls: 0.5977  rpn_s.0.loss_bbox: 0.1092  rpn_s.0.loss_giou: 0.7692  rpn_s.1.loss_cls: 0.4139  rpn_s.1.loss_bbox: 0.0528  rpn_s.1.loss_giou: 0.4059  rpn_s.2.loss_cls: 0.3306  rpn_s.2.loss_bbox: 0.0457  rpn_s.2.loss_giou: 0.3612  rpn_s.3.loss_cls: 0.2933  rpn_s.3.loss_bbox: 0.0416  rpn_s.3.loss_giou: 0.3389  s0.loss_cls: 0.3141  s0.pos_acc: 100.0000  s0.loss_bbox: 0.6734  s0.loss_iou: 1.1293  s1.loss_cls: 0.3047  s1.pos_acc: 100.0000  s1.loss_bbox: 0.6841  s1.loss_iou: 1.0882
2026/03/31 18:24:30 - mmengine - INFO - Epoch(train)  [2][  200/10002]  lr: 5.0000e-06  eta: 11:29:22  time: 0.3756  data_time: 0.0030  memory: 7329  grad_norm: 104.0917  loss: 8.2561  rpn_s.0.loss_cls: 0.6351  rpn_s.0.loss_bbox: 0.1039  rpn_s.0.loss_giou: 0.7844  rpn_s.1.loss_cls: 0.4377  rpn_s.1.loss_bbox: 0.0545  rpn_s.1.loss_giou: 0.4186  rpn_s.2.loss_cls: 0.3526  rpn_s.2.loss_bbox: 0.0508  rpn_s.2.loss_giou: 0.3742  rpn_s.3.loss_cls: 0.3108  rpn_s.3.loss_bbox: 0.0480  rpn_s.3.loss_giou: 0.3501  s0.loss_cls: 0.3664  s0.pos_acc: 68.7919  s0.loss_bbox: 0.6581  s0.loss_iou: 1.1610  s1.loss_cls: 0.3568  s1.pos_acc: 67.1141  s1.loss_bbox: 0.6819  s1.loss_iou: 1.1112
2026/03/31 18:24:49 - mmengine - INFO - Epoch(train)  [2][  250/10002]  lr: 5.0000e-06  eta: 11:29:03  time: 0.3754  data_time: 0.0031  memory: 7329  grad_norm: 113.0298  loss: 7.5769  rpn_s.0.loss_cls: 0.5775  rpn_s.0.loss_bbox: 0.0930  rpn_s.0.loss_giou: 0.7158  rpn_s.1.loss_cls: 0.3953  rpn_s.1.loss_bbox: 0.0462  rpn_s.1.loss_giou: 0.3910  rpn_s.2.loss_cls: 0.3215  rpn_s.2.loss_bbox: 0.0386  rpn_s.2.loss_giou: 0.3399  rpn_s.3.loss_cls: 0.2832  rpn_s.3.loss_bbox: 0.0362  rpn_s.3.loss_giou: 0.3231  s0.loss_cls: 0.3115  s0.pos_acc: 65.0000  s0.loss_bbox: 0.6450  s0.loss_iou: 1.0600  s1.loss_cls: 0.3068  s1.pos_acc: 74.0000  s1.loss_bbox: 0.6618  s1.loss_iou: 1.0304
2026/03/31 18:25:08 - mmengine - INFO - Epoch(train)  [2][  300/10002]  lr: 5.0000e-06  eta: 11:28:45  time: 0.3791  data_time: 0.0031  memory: 7330  grad_norm: 100.6345  loss: 8.4051  rpn_s.0.loss_cls: 0.6203  rpn_s.0.loss_bbox: 0.1000  rpn_s.0.loss_giou: 0.7659  rpn_s.1.loss_cls: 0.4281  rpn_s.1.loss_bbox: 0.0500  rpn_s.1.loss_giou: 0.4224  rpn_s.2.loss_cls: 0.3507  rpn_s.2.loss_bbox: 0.0433  rpn_s.2.loss_giou: 0.3726  rpn_s.3.loss_cls: 0.3145  rpn_s.3.loss_bbox: 0.0403  rpn_s.3.loss_giou: 0.3524  s0.loss_cls: 0.3680  s0.pos_acc: 81.2500  s0.loss_bbox: 0.7184  s0.loss_iou: 1.2038  s1.loss_cls: 0.3644  s1.pos_acc: 83.0357  s1.loss_bbox: 0.7243  s1.loss_iou: 1.1657
2026/03/31 18:25:26 - mmengine - INFO - Epoch(train)  [2][  350/10002]  lr: 5.0000e-06  eta: 11:28:25  time: 0.3744  data_time: 0.0031  memory: 7329  grad_norm: 117.2544  loss: 7.8877  rpn_s.0.loss_cls: 0.6204  rpn_s.0.loss_bbox: 0.1067  rpn_s.0.loss_giou: 0.7277  rpn_s.1.loss_cls: 0.4276  rpn_s.1.loss_bbox: 0.0510  rpn_s.1.loss_giou: 0.3940  rpn_s.2.loss_cls: 0.3486  rpn_s.2.loss_bbox: 0.0428  rpn_s.2.loss_giou: 0.3516  rpn_s.3.loss_cls: 0.3141  rpn_s.3.loss_bbox: 0.0399  rpn_s.3.loss_giou: 0.3244  s0.loss_cls: 0.3582  s0.pos_acc: 86.2500  s0.loss_bbox: 0.6797  s0.loss_iou: 1.0565  s1.loss_cls: 0.3419  s1.pos_acc: 87.5000  s1.loss_bbox: 0.6942  s1.loss_iou: 1.0085
2026/03/31 18:25:45 - mmengine - INFO - Epoch(train)  [2][  400/10002]  lr: 5.0000e-06  eta: 11:28:06  time: 0.3751  data_time: 0.0030  memory: 7329  grad_norm: 99.5965  loss: 8.1149  rpn_s.0.loss_cls: 0.5871  rpn_s.0.loss_bbox: 0.1011  rpn_s.0.loss_giou: 0.7820  rpn_s.1.loss_cls: 0.4034  rpn_s.1.loss_bbox: 0.0480  rpn_s.1.loss_giou: 0.4221  rpn_s.2.loss_cls: 0.3307  rpn_s.2.loss_bbox: 0.0410  rpn_s.2.loss_giou: 0.3747  rpn_s.3.loss_cls: 0.2924  rpn_s.3.loss_bbox: 0.0383  rpn_s.3.loss_giou: 0.3548  s0.loss_cls: 0.3512  s0.pos_acc: 86.3636  s0.loss_bbox: 0.6492  s0.loss_iou: 1.1981  s1.loss_cls: 0.3277  s1.pos_acc: 86.3636  s1.loss_bbox: 0.6710  s1.loss_iou: 1.1422
2026/03/31 18:26:04 - mmengine - INFO - Epoch(train)  [2][  450/10002]  lr: 5.0000e-06  eta: 11:27:47  time: 0.3763  data_time: 0.0031  memory: 7329  grad_norm: 89.8627  loss: 7.6947  rpn_s.0.loss_cls: 0.6089  rpn_s.0.loss_bbox: 0.0949  rpn_s.0.loss_giou: 0.7415  rpn_s.1.loss_cls: 0.4161  rpn_s.1.loss_bbox: 0.0433  rpn_s.1.loss_giou: 0.3905  rpn_s.2.loss_cls: 0.3389  rpn_s.2.loss_bbox: 0.0386  rpn_s.2.loss_giou: 0.3521  rpn_s.3.loss_cls: 0.2971  rpn_s.3.loss_bbox: 0.0354  rpn_s.3.loss_giou: 0.3293  s0.loss_cls: 0.3265  s0.pos_acc: 90.9091  s0.loss_bbox: 0.5890  s0.loss_iou: 1.1059  s1.loss_cls: 0.3247  s1.pos_acc: 90.9091  s1.loss_bbox: 0.6039  s1.loss_iou: 1.0582
2026/03/31 18:26:23 - mmengine - INFO - Epoch(train)  [2][  500/10002]  lr: 5.0000e-06  eta: 11:27:26  time: 0.3739  data_time: 0.0030  memory: 7329  grad_norm: 89.8634  loss: 8.0805  rpn_s.0.loss_cls: 0.6225  rpn_s.0.loss_bbox: 0.1080  rpn_s.0.loss_giou: 0.7530  rpn_s.1.loss_cls: 0.4383  rpn_s.1.loss_bbox: 0.0557  rpn_s.1.loss_giou: 0.4142  rpn_s.2.loss_cls: 0.3653  rpn_s.2.loss_bbox: 0.0504  rpn_s.2.loss_giou: 0.3614  rpn_s.3.loss_cls: 0.3282  rpn_s.3.loss_bbox: 0.0467  rpn_s.3.loss_giou: 0.3390  s0.loss_cls: 0.3637  s0.pos_acc: 88.8889  s0.loss_bbox: 0.6112  s0.loss_iou: 1.1497  s1.loss_cls: 0.3542  s1.pos_acc: 88.8889  s1.loss_bbox: 0.6358  s1.loss_iou: 1.0832
2026/03/31 18:26:41 - mmengine - INFO - Epoch(train)  [2][  550/10002]  lr: 5.0000e-06  eta: 11:27:04  time: 0.3704  data_time: 0.0031  memory: 7329  grad_norm: 98.8212  loss: 7.3418  rpn_s.0.loss_cls: 0.5877  rpn_s.0.loss_bbox: 0.0958  rpn_s.0.loss_giou: 0.7055  rpn_s.1.loss_cls: 0.3999  rpn_s.1.loss_bbox: 0.0432  rpn_s.1.loss_giou: 0.3705  rpn_s.2.loss_cls: 0.3235  rpn_s.2.loss_bbox: 0.0377  rpn_s.2.loss_giou: 0.3273  rpn_s.3.loss_cls: 0.2880  rpn_s.3.loss_bbox: 0.0347  rpn_s.3.loss_giou: 0.3095  s0.loss_cls: 0.3248  s0.pos_acc: 100.0000  s0.loss_bbox: 0.5599  s0.loss_iou: 1.0228  s1.loss_cls: 0.3278  s1.pos_acc: 100.0000  s1.loss_bbox: 0.6021  s1.loss_iou: 0.9812
2026/03/31 18:27:00 - mmengine - INFO - Epoch(train)  [2][  600/10002]  lr: 5.0000e-06  eta: 11:26:41  time: 0.3684  data_time: 0.0031  memory: 7329  grad_norm: 102.5780  loss: 7.6744  rpn_s.0.loss_cls: 0.6229  rpn_s.0.loss_bbox: 0.0961  rpn_s.0.loss_giou: 0.7255  rpn_s.1.loss_cls: 0.4243  rpn_s.1.loss_bbox: 0.0459  rpn_s.1.loss_giou: 0.3865  rpn_s.2.loss_cls: 0.3438  rpn_s.2.loss_bbox: 0.0392  rpn_s.2.loss_giou: 0.3397  rpn_s.3.loss_cls: 0.3160  rpn_s.3.loss_bbox: 0.0362  rpn_s.3.loss_giou: 0.3185  s0.loss_cls: 0.3612  s0.pos_acc: 66.4557  s0.loss_bbox: 0.6082  s0.loss_iou: 1.0442  s1.loss_cls: 0.3662  s1.pos_acc: 67.7215  s1.loss_bbox: 0.6006  s1.loss_iou: 0.9995
2026/03/31 18:27:18 - mmengine - INFO - Epoch(train)  [2][  650/10002]  lr: 5.0000e-06  eta: 11:26:23  time: 0.3765  data_time: 0.0031  memory: 7330  grad_norm: 99.3951  loss: 7.9921  rpn_s.0.loss_cls: 0.6040  rpn_s.0.loss_bbox: 0.1006  rpn_s.0.loss_giou: 0.7549  rpn_s.1.loss_cls: 0.4047  rpn_s.1.loss_bbox: 0.0491  rpn_s.1.loss_giou: 0.4155  rpn_s.2.loss_cls: 0.3279  rpn_s.2.loss_bbox: 0.0429  rpn_s.2.loss_giou: 0.3662  rpn_s.3.loss_cls: 0.2851  rpn_s.3.loss_bbox: 0.0397  rpn_s.3.loss_giou: 0.3462  s0.loss_cls: 0.3225  s0.pos_acc: 91.6667  s0.loss_bbox: 0.6796  s0.loss_iou: 1.1177  s1.loss_cls: 0.3155  s1.pos_acc: 91.6667  s1.loss_bbox: 0.7450  s1.loss_iou: 1.0749
2026/03/31 18:27:37 - mmengine - INFO - Epoch(train)  [2][  700/10002]  lr: 5.0000e-06  eta: 11:26:04  time: 0.3766  data_time: 0.0031  memory: 7329  grad_norm: 122.2275  loss: 8.1410  rpn_s.0.loss_cls: 0.6239  rpn_s.0.loss_bbox: 0.1026  rpn_s.0.loss_giou: 0.8131  rpn_s.1.loss_cls: 0.4158  rpn_s.1.loss_bbox: 0.0479  rpn_s.1.loss_giou: 0.4167  rpn_s.2.loss_cls: 0.3455  rpn_s.2.loss_bbox: 0.0407  rpn_s.2.loss_giou: 0.3609  rpn_s.3.loss_cls: 0.3046  rpn_s.3.loss_bbox: 0.0377  rpn_s.3.loss_giou: 0.3415  s0.loss_cls: 0.3405  s0.pos_acc: 87.0000  s0.loss_bbox: 0.6359  s0.loss_iou: 1.1651  s1.loss_cls: 0.3358  s1.pos_acc: 84.0000  s1.loss_bbox: 0.6779  s1.loss_iou: 1.1348
2026/03/31 18:27:56 - mmengine - INFO - Epoch(train)  [2][  750/10002]  lr: 5.0000e-06  eta: 11:25:43  time: 0.3735  data_time: 0.0031  memory: 7329  grad_norm: 88.3667  loss: 7.4835  rpn_s.0.loss_cls: 0.6130  rpn_s.0.loss_bbox: 0.0938  rpn_s.0.loss_giou: 0.7394  rpn_s.1.loss_cls: 0.4187  rpn_s.1.loss_bbox: 0.0420  rpn_s.1.loss_giou: 0.3850  rpn_s.2.loss_cls: 0.3340  rpn_s.2.loss_bbox: 0.0355  rpn_s.2.loss_giou: 0.3352  rpn_s.3.loss_cls: 0.3058  rpn_s.3.loss_bbox: 0.0329  rpn_s.3.loss_giou: 0.3148  s0.loss_cls: 0.3381  s0.pos_acc: 80.1402  s0.loss_bbox: 0.5389  s0.loss_iou: 1.0640  s1.loss_cls: 0.3215  s1.pos_acc: 82.4766  s1.loss_bbox: 0.5486  s1.loss_iou: 1.0225
2026/03/31 18:28:15 - mmengine - INFO - Epoch(train)  [2][  800/10002]  lr: 5.0000e-06  eta: 11:25:24  time: 0.3747  data_time: 0.0031  memory: 7330  grad_norm: 87.2134  loss: 8.2240  rpn_s.0.loss_cls: 0.6330  rpn_s.0.loss_bbox: 0.1060  rpn_s.0.loss_giou: 0.8104  rpn_s.1.loss_cls: 0.4367  rpn_s.1.loss_bbox: 0.0512  rpn_s.1.loss_giou: 0.4228  rpn_s.2.loss_cls: 0.3633  rpn_s.2.loss_bbox: 0.0453  rpn_s.2.loss_giou: 0.3741  rpn_s.3.loss_cls: 0.3300  rpn_s.3.loss_bbox: 0.0415  rpn_s.3.loss_giou: 0.3529  s0.loss_cls: 0.3731  s0.pos_acc: 91.6667  s0.loss_bbox: 0.5953  s0.loss_iou: 1.1587  s1.loss_cls: 0.3868  s1.pos_acc: 91.6667  s1.loss_bbox: 0.6306  s1.loss_iou: 1.1123
2026/03/31 18:28:34 - mmengine - INFO - Epoch(train)  [2][  850/10002]  lr: 5.0000e-06  eta: 11:25:10  time: 0.3863  data_time: 0.0031  memory: 7330  grad_norm: 93.0590  loss: 8.0652  rpn_s.0.loss_cls: 0.5863  rpn_s.0.loss_bbox: 0.1010  rpn_s.0.loss_giou: 0.7824  rpn_s.1.loss_cls: 0.4053  rpn_s.1.loss_bbox: 0.0485  rpn_s.1.loss_giou: 0.4273  rpn_s.2.loss_cls: 0.3316  rpn_s.2.loss_bbox: 0.0423  rpn_s.2.loss_giou: 0.3791  rpn_s.3.loss_cls: 0.2956  rpn_s.3.loss_bbox: 0.0390  rpn_s.3.loss_giou: 0.3574  s0.loss_cls: 0.3269  s0.pos_acc: 93.7500  s0.loss_bbox: 0.6511  s0.loss_iou: 1.1732  s1.loss_cls: 0.3125  s1.pos_acc: 100.0000  s1.loss_bbox: 0.6738  s1.loss_iou: 1.1317
2026/03/31 18:28:53 - mmengine - INFO - Epoch(train)  [2][  900/10002]  lr: 5.0000e-06  eta: 11:24:50  time: 0.3746  data_time: 0.0031  memory: 7329  grad_norm: 107.4712  loss: 8.4322  rpn_s.0.loss_cls: 0.6266  rpn_s.0.loss_bbox: 0.1111  rpn_s.0.loss_giou: 0.8144  rpn_s.1.loss_cls: 0.4541  rpn_s.1.loss_bbox: 0.0535  rpn_s.1.loss_giou: 0.4459  rpn_s.2.loss_cls: 0.3655  rpn_s.2.loss_bbox: 0.0450  rpn_s.2.loss_giou: 0.3937  rpn_s.3.loss_cls: 0.3351  rpn_s.3.loss_bbox: 0.0421  rpn_s.3.loss_giou: 0.3520  s0.loss_cls: 0.3612  s0.pos_acc: 89.2857  s0.loss_bbox: 0.6329  s0.loss_iou: 1.2189  s1.loss_cls: 0.3538  s1.pos_acc: 89.2857  s1.loss_bbox: 0.6636  s1.loss_iou: 1.1626
2026/03/31 18:29:11 - mmengine - INFO - Epoch(train)  [2][  950/10002]  lr: 5.0000e-06  eta: 11:24:27  time: 0.3680  data_time: 0.0031  memory: 7329  grad_norm: 87.7120  loss: 7.5815  rpn_s.0.loss_cls: 0.6182  rpn_s.0.loss_bbox: 0.0930  rpn_s.0.loss_giou: 0.7411  rpn_s.1.loss_cls: 0.4211  rpn_s.1.loss_bbox: 0.0420  rpn_s.1.loss_giou: 0.3948  rpn_s.2.loss_cls: 0.3428  rpn_s.2.loss_bbox: 0.0369  rpn_s.2.loss_giou: 0.3484  rpn_s.3.loss_cls: 0.3046  rpn_s.3.loss_bbox: 0.0342  rpn_s.3.loss_giou: 0.3254  s0.loss_cls: 0.3607  s0.pos_acc: 100.0000  s0.loss_bbox: 0.5696  s0.loss_iou: 1.0242  s1.loss_cls: 0.3350  s1.pos_acc: 100.0000  s1.loss_bbox: 0.6215  s1.loss_iou: 0.9681
2026/03/31 18:29:29 - mmengine - INFO - Exp name: GSDet_r50_b900_h2h4_h2r1_r2r1_2x_fair1m1.0_20260331_165920
2026/03/31 18:29:30 - mmengine - INFO - Epoch(train)  [2][ 1000/10002]  lr: 5.0000e-06  eta: 11:24:05  time: 0.3712  data_time: 0.0031  memory: 7329  grad_norm: 95.1158  loss: 7.9968  rpn_s.0.loss_cls: 0.6404  rpn_s.0.loss_bbox: 0.0916  rpn_s.0.loss_giou: 0.7508  rpn_s.1.loss_cls: 0.4425  rpn_s.1.loss_bbox: 0.0438  rpn_s.1.loss_giou: 0.4108  rpn_s.2.loss_cls: 0.3607  rpn_s.2.loss_bbox: 0.0376  rpn_s.2.loss_giou: 0.3614  rpn_s.3.loss_cls: 0.3278  rpn_s.3.loss_bbox: 0.0346  rpn_s.3.loss_giou: 0.3421  s0.loss_cls: 0.3622  s0.pos_acc: 71.0843  s0.loss_bbox: 0.5992  s0.loss_iou: 1.1325  s1.loss_cls: 0.3565  s1.pos_acc: 77.1084  s1.loss_bbox: 0.6276  s1.loss_iou: 1.0748
2026/03/31 18:29:48 - mmengine - INFO - Epoch(train)  [2][ 1050/10002]  lr: 5.0000e-06  eta: 11:23:45  time: 0.3732  data_time: 0.0031  memory: 7329  grad_norm: 84.7395  loss: 8.7070  rpn_s.0.loss_cls: 0.6664  rpn_s.0.loss_bbox: 0.1115  rpn_s.0.loss_giou: 0.8779  rpn_s.1.loss_cls: 0.4673  rpn_s.1.loss_bbox: 0.0495  rpn_s.1.loss_giou: 0.4573  rpn_s.2.loss_cls: 0.3980  rpn_s.2.loss_bbox: 0.0413  rpn_s.2.loss_giou: 0.3911  rpn_s.3.loss_cls: 0.3606  rpn_s.3.loss_bbox: 0.0361  rpn_s.3.loss_giou: 0.3671  s0.loss_cls: 0.4161  s0.pos_acc: 55.1724  s0.loss_bbox: 0.6164  s0.loss_iou: 1.2269  s1.loss_cls: 0.3897  s1.pos_acc: 58.6207  s1.loss_bbox: 0.6435  s1.loss_iou: 1.1903
2026/03/31 18:30:07 - mmengine - INFO - Epoch(train)  [2][ 1100/10002]  lr: 5.0000e-06  eta: 11:23:23  time: 0.3700  data_time: 0.0031  memory: 7329  grad_norm: 105.9628  loss: 7.4220  rpn_s.0.loss_cls: 0.5966  rpn_s.0.loss_bbox: 0.0912  rpn_s.0.loss_giou: 0.6578  rpn_s.1.loss_cls: 0.3994  rpn_s.1.loss_bbox: 0.0496  rpn_s.1.loss_giou: 0.3721  rpn_s.2.loss_cls: 0.3164  rpn_s.2.loss_bbox: 0.0437  rpn_s.2.loss_giou: 0.3300  rpn_s.3.loss_cls: 0.2864  rpn_s.3.loss_bbox: 0.0402  rpn_s.3.loss_giou: 0.3118  s0.loss_cls: 0.3348  s0.pos_acc: 75.0000  s0.loss_bbox: 0.6190  s0.loss_iou: 1.0347  s1.loss_cls: 0.3300  s1.pos_acc: 84.3750  s1.loss_bbox: 0.6308  s1.loss_iou: 0.9775
2026/03/31 18:30:25 - mmengine - INFO - Epoch(train)  [2][ 1150/10002]  lr: 5.0000e-06  eta: 11:23:02  time: 0.3713  data_time: 0.0048  memory: 7329  grad_norm: 104.8880  loss: 7.7134  rpn_s.0.loss_cls: 0.6112  rpn_s.0.loss_bbox: 0.0997  rpn_s.0.loss_giou: 0.7285  rpn_s.1.loss_cls: 0.4153  rpn_s.1.loss_bbox: 0.0528  rpn_s.1.loss_giou: 0.4002  rpn_s.2.loss_cls: 0.3295  rpn_s.2.loss_bbox: 0.0447  rpn_s.2.loss_giou: 0.3527  rpn_s.3.loss_cls: 0.2895  rpn_s.3.loss_bbox: 0.0424  rpn_s.3.loss_giou: 0.3335  s0.loss_cls: 0.3515  s0.pos_acc: 80.0000  s0.loss_bbox: 0.5636  s0.loss_iou: 1.1111  s1.loss_cls: 0.3484  s1.pos_acc: 85.0000  s1.loss_bbox: 0.5891  s1.loss_iou: 1.0499
2026/03/31 18:30:44 - mmengine - INFO - Epoch(train)  [2][ 1200/10002]  lr: 5.0000e-06  eta: 11:22:41  time: 0.3737  data_time: 0.0029  memory: 7329  grad_norm: 101.4686  loss: 7.4981  rpn_s.0.loss_cls: 0.6210  rpn_s.0.loss_bbox: 0.0915  rpn_s.0.loss_giou: 0.7232  rpn_s.1.loss_cls: 0.4189  rpn_s.1.loss_bbox: 0.0416  rpn_s.1.loss_giou: 0.3734  rpn_s.2.loss_cls: 0.3373  rpn_s.2.loss_bbox: 0.0353  rpn_s.2.loss_giou: 0.3251  rpn_s.3.loss_cls: 0.3040  rpn_s.3.loss_bbox: 0.0325  rpn_s.3.loss_giou: 0.3068  s0.loss_cls: 0.3478  s0.pos_acc: 100.0000  s0.loss_bbox: 0.5956  s0.loss_iou: 1.0095  s1.loss_cls: 0.3438  s1.pos_acc: 100.0000  s1.loss_bbox: 0.6161  s1.loss_iou: 0.9746
2026/03/31 18:31:05 - mmengine - INFO - Epoch(train)  [2][ 1250/10002]  lr: 5.0000e-06  eta: 11:22:44  time: 0.4206  data_time: 0.0522  memory: 7329  grad_norm: 94.2385  loss: 7.6130  rpn_s.0.loss_cls: 0.5897  rpn_s.0.loss_bbox: 0.1062  rpn_s.0.loss_giou: 0.6710  rpn_s.1.loss_cls: 0.4313  rpn_s.1.loss_bbox: 0.0572  rpn_s.1.loss_giou: 0.3756  rpn_s.2.loss_cls: 0.3429  rpn_s.2.loss_bbox: 0.0493  rpn_s.2.loss_giou: 0.3331  rpn_s.3.loss_cls: 0.3093  rpn_s.3.loss_bbox: 0.0465  rpn_s.3.loss_giou: 0.3168  s0.loss_cls: 0.3503  s0.pos_acc: 85.7143  s0.loss_bbox: 0.6365  s0.loss_iou: 1.0327  s1.loss_cls: 0.3361  s1.pos_acc: 82.1429  s1.loss_bbox: 0.6450  s1.loss_iou: 0.9835
2026/03/31 18:31:24 - mmengine - INFO - Epoch(train)  [2][ 1300/10002]  lr: 5.0000e-06  eta: 11:22:23  time: 0.3718  data_time: 0.0029  memory: 7329  grad_norm: 91.5757  loss: 7.9666  rpn_s.0.loss_cls: 0.6284  rpn_s.0.loss_bbox: 0.0945  rpn_s.0.loss_giou: 0.7486  rpn_s.1.loss_cls: 0.4275  rpn_s.1.loss_bbox: 0.0437  rpn_s.1.loss_giou: 0.3961  rpn_s.2.loss_cls: 0.3470  rpn_s.2.loss_bbox: 0.0365  rpn_s.2.loss_giou: 0.3451  rpn_s.3.loss_cls: 0.3139  rpn_s.3.loss_bbox: 0.0344  rpn_s.3.loss_giou: 0.3267  s0.loss_cls: 0.3451  s0.pos_acc: 100.0000  s0.loss_bbox: 0.6810  s0.loss_iou: 1.0929  s1.loss_cls: 0.3411  s1.pos_acc: 100.0000  s1.loss_bbox: 0.7115  s1.loss_iou: 1.0527
2026/03/31 18:31:43 - mmengine - INFO - Epoch(train)  [2][ 1350/10002]  lr: 5.0000e-06  eta: 11:22:07  time: 0.3820  data_time: 0.0125  memory: 7329  grad_norm: 96.6130  loss: 7.8955  rpn_s.0.loss_cls: 0.6190  rpn_s.0.loss_bbox: 0.0946  rpn_s.0.loss_giou: 0.7400  rpn_s.1.loss_cls: 0.4170  rpn_s.1.loss_bbox: 0.0460  rpn_s.1.loss_giou: 0.3932  rpn_s.2.loss_cls: 0.3373  rpn_s.2.loss_bbox: 0.0413  rpn_s.2.loss_giou: 0.3500  rpn_s.3.loss_cls: 0.3093  rpn_s.3.loss_bbox: 0.0374  rpn_s.3.loss_giou: 0.3313  s0.loss_cls: 0.3508  s0.pos_acc: 90.0000  s0.loss_bbox: 0.6121  s0.loss_iou: 1.1414  s1.loss_cls: 0.3404  s1.pos_acc: 90.0000  s1.loss_bbox: 0.6321  s1.loss_iou: 1.1023
2026/03/31 18:32:02 - mmengine - INFO - Epoch(train)  [2][ 1400/10002]  lr: 5.0000e-06  eta: 11:21:50  time: 0.3806  data_time: 0.0114  memory: 7329  grad_norm: 105.9041  loss: 7.3452  rpn_s.0.loss_cls: 0.5785  rpn_s.0.loss_bbox: 0.0958  rpn_s.0.loss_giou: 0.6754  rpn_s.1.loss_cls: 0.3948  rpn_s.1.loss_bbox: 0.0442  rpn_s.1.loss_giou: 0.3563  rpn_s.2.loss_cls: 0.3147  rpn_s.2.loss_bbox: 0.0395  rpn_s.2.loss_giou: 0.3196  rpn_s.3.loss_cls: 0.2798  rpn_s.3.loss_bbox: 0.0364  rpn_s.3.loss_giou: 0.3015  s0.loss_cls: 0.3238  s0.pos_acc: 75.0000  s0.loss_bbox: 0.6879  s0.loss_iou: 0.9727  s1.loss_cls: 0.2952  s1.pos_acc: 75.0000  s1.loss_bbox: 0.6958  s1.loss_iou: 0.9334
2026/03/31 18:32:21 - mmengine - INFO - Epoch(train)  [2][ 1450/10002]  lr: 5.0000e-06  eta: 11:21:34  time: 0.3826  data_time: 0.0134  memory: 7329  grad_norm: 99.5796  loss: 7.8027  rpn_s.0.loss_cls: 0.6231  rpn_s.0.loss_bbox: 0.0982  rpn_s.0.loss_giou: 0.7608  rpn_s.1.loss_cls: 0.4245  rpn_s.1.loss_bbox: 0.0494  rpn_s.1.loss_giou: 0.4059  rpn_s.2.loss_cls: 0.3418  rpn_s.2.loss_bbox: 0.0435  rpn_s.2.loss_giou: 0.3614  rpn_s.3.loss_cls: 0.3023  rpn_s.3.loss_bbox: 0.0410  rpn_s.3.loss_giou: 0.3438  s0.loss_cls: 0.3191  s0.pos_acc: 68.1818  s0.loss_bbox: 0.5831  s0.loss_iou: 1.1052  s1.loss_cls: 0.3118  s1.pos_acc: 63.6364  s1.loss_bbox: 0.6098  s1.loss_iou: 1.0780
2026/03/31 18:32:42 - mmengine - INFO - Epoch(train)  [2][ 1500/10002]  lr: 5.0000e-06  eta: 11:21:35  time: 0.4184  data_time: 0.0525  memory: 7329  grad_norm: 89.3901  loss: 7.6277  rpn_s.0.loss_cls: 0.6078  rpn_s.0.loss_bbox: 0.0979  rpn_s.0.loss_giou: 0.7567  rpn_s.1.loss_cls: 0.4060  rpn_s.1.loss_bbox: 0.0464  rpn_s.1.loss_giou: 0.3911  rpn_s.2.loss_cls: 0.3148  rpn_s.2.loss_bbox: 0.0416  rpn_s.2.loss_giou: 0.3493  rpn_s.3.loss_cls: 0.2823  rpn_s.3.loss_bbox: 0.0394  rpn_s.3.loss_giou: 0.3325  s0.loss_cls: 0.3142  s0.pos_acc: 75.4545  s0.loss_bbox: 0.6120  s0.loss_iou: 1.0635  s1.loss_cls: 0.3148  s1.pos_acc: 82.7273  s1.loss_bbox: 0.6364  s1.loss_iou: 1.0209
2026/03/31 18:33:02 - mmengine - INFO - Epoch(train)  [2][ 1550/10002]  lr: 5.0000e-06  eta: 11:21:28  time: 0.4023  data_time: 0.0240  memory: 7330  grad_norm: 95.6996  loss: 7.7414  rpn_s.0.loss_cls: 0.6150  rpn_s.0.loss_bbox: 0.1059  rpn_s.0.loss_giou: 0.7721  rpn_s.1.loss_cls: 0.4268  rpn_s.1.loss_bbox: 0.0463  rpn_s.1.loss_giou: 0.3902  rpn_s.2.loss_cls: 0.3300  rpn_s.2.loss_bbox: 0.0401  rpn_s.2.loss_giou: 0.3397  rpn_s.3.loss_cls: 0.2975  rpn_s.3.loss_bbox: 0.0366  rpn_s.3.loss_giou: 0.3207  s0.loss_cls: 0.3339  s0.pos_acc: 85.7143  s0.loss_bbox: 0.5785  s0.loss_iou: 1.1044  s1.loss_cls: 0.3325  s1.pos_acc: 85.7143  s1.loss_bbox: 0.6276  s1.loss_iou: 1.0436
2026/03/31 18:33:21 - mmengine - INFO - Epoch(train)  [2][ 1600/10002]  lr: 5.0000e-06  eta: 11:21:08  time: 0.3746  data_time: 0.0030  memory: 7329  grad_norm: 96.1884  loss: 8.3912  rpn_s.0.loss_cls: 0.6585  rpn_s.0.loss_bbox: 0.1082  rpn_s.0.loss_giou: 0.8116  rpn_s.1.loss_cls: 0.4575  rpn_s.1.loss_bbox: 0.0491  rpn_s.1.loss_giou: 0.4197  rpn_s.2.loss_cls: 0.3823  rpn_s.2.loss_bbox: 0.0428  rpn_s.2.loss_giou: 0.3715  rpn_s.3.loss_cls: 0.3472  rpn_s.3.loss_bbox: 0.0395  rpn_s.3.loss_giou: 0.3497  s0.loss_cls: 0.3954  s0.pos_acc: 100.0000  s0.loss_bbox: 0.6214  s0.loss_iou: 1.1724  s1.loss_cls: 0.3766  s1.pos_acc: 100.0000  s1.loss_bbox: 0.6675  s1.loss_iou: 1.1204
2026/03/31 18:33:40 - mmengine - INFO - Epoch(train)  [2][ 1650/10002]  lr: 5.0000e-06  eta: 11:20:49  time: 0.3777  data_time: 0.0096  memory: 7329  grad_norm: 86.5704  loss: 7.7477  rpn_s.0.loss_cls: 0.6400  rpn_s.0.loss_bbox: 0.0919  rpn_s.0.loss_giou: 0.7785  rpn_s.1.loss_cls: 0.4385  rpn_s.1.loss_bbox: 0.0430  rpn_s.1.loss_giou: 0.4019  rpn_s.2.loss_cls: 0.3611  rpn_s.2.loss_bbox: 0.0359  rpn_s.2.loss_giou: 0.3515  rpn_s.3.loss_cls: 0.3169  rpn_s.3.loss_bbox: 0.0334  rpn_s.3.loss_giou: 0.3301  s0.loss_cls: 0.3566  s0.pos_acc: 65.0000  s0.loss_bbox: 0.5212  s0.loss_iou: 1.0835  s1.loss_cls: 0.3570  s1.pos_acc: 70.0000  s1.loss_bbox: 0.5713  s1.loss_iou: 1.0355
2026/03/31 18:33:58 - mmengine - INFO - Epoch(train)  [2][ 1700/10002]  lr: 5.0000e-06  eta: 11:20:28  time: 0.3713  data_time: 0.0030  memory: 7329  grad_norm: 97.7212  loss: 7.5369  rpn_s.0.loss_cls: 0.6137  rpn_s.0.loss_bbox: 0.0948  rpn_s.0.loss_giou: 0.6844  rpn_s.1.loss_cls: 0.4196  rpn_s.1.loss_bbox: 0.0464  rpn_s.1.loss_giou: 0.3732  rpn_s.2.loss_cls: 0.3455  rpn_s.2.loss_bbox: 0.0409  rpn_s.2.loss_giou: 0.3265  rpn_s.3.loss_cls: 0.3142  rpn_s.3.loss_bbox: 0.0386  rpn_s.3.loss_giou: 0.3079  s0.loss_cls: 0.3250  s0.pos_acc: 66.6667  s0.loss_bbox: 0.6485  s0.loss_iou: 1.0087  s1.loss_cls: 0.3135  s1.pos_acc: 100.0000  s1.loss_bbox: 0.6528  s1.loss_iou: 0.9828
2026/03/31 18:34:17 - mmengine - INFO - Epoch(train)  [2][ 1750/10002]  lr: 5.0000e-06  eta: 11:20:09  time: 0.3773  data_time: 0.0031  memory: 7329  grad_norm: 91.1220  loss: 7.9736  rpn_s.0.loss_cls: 0.5914  rpn_s.0.loss_bbox: 0.1183  rpn_s.0.loss_giou: 0.7415  rpn_s.1.loss_cls: 0.4110  rpn_s.1.loss_bbox: 0.0614  rpn_s.1.loss_giou: 0.4000  rpn_s.2.loss_cls: 0.3367  rpn_s.2.loss_bbox: 0.0507  rpn_s.2.loss_giou: 0.3491  rpn_s.3.loss_cls: 0.3126  rpn_s.3.loss_bbox: 0.0493  rpn_s.3.loss_giou: 0.3294  s0.loss_cls: 0.3424  s0.pos_acc: 66.9355  s0.loss_bbox: 0.6529  s0.loss_iou: 1.1312  s1.loss_cls: 0.3377  s1.pos_acc: 75.4032  s1.loss_bbox: 0.6790  s1.loss_iou: 1.0794
2026/03/31 18:34:36 - mmengine - INFO - Epoch(train)  [2][ 1800/10002]  lr: 5.0000e-06  eta: 11:19:49  time: 0.3737  data_time: 0.0030  memory: 7329  grad_norm: 107.0049  loss: 7.9662  rpn_s.0.loss_cls: 0.5946  rpn_s.0.loss_bbox: 0.1036  rpn_s.0.loss_giou: 0.7107  rpn_s.1.loss_cls: 0.4342  rpn_s.1.loss_bbox: 0.0566  rpn_s.1.loss_giou: 0.4023  rpn_s.2.loss_cls: 0.3663  rpn_s.2.loss_bbox: 0.0487  rpn_s.2.loss_giou: 0.3525  rpn_s.3.loss_cls: 0.3386  rpn_s.3.loss_bbox: 0.0457  rpn_s.3.loss_giou: 0.3331  s0.loss_cls: 0.3743  s0.pos_acc: 83.7500  s0.loss_bbox: 0.6421  s0.loss_iou: 1.0729  s1.loss_cls: 0.3614  s1.pos_acc: 81.2500  s1.loss_bbox: 0.6869  s1.loss_iou: 1.0416
2026/03/31 18:34:54 - mmengine - INFO - Epoch(train)  [2][ 1850/10002]  lr: 5.0000e-06  eta: 11:19:29  time: 0.3747  data_time: 0.0031  memory: 7329  grad_norm: 89.7256  loss: 8.2102  rpn_s.0.loss_cls: 0.6298  rpn_s.0.loss_bbox: 0.0999  rpn_s.0.loss_giou: 0.8008  rpn_s.1.loss_cls: 0.4422  rpn_s.1.loss_bbox: 0.0456  rpn_s.1.loss_giou: 0.4248  rpn_s.2.loss_cls: 0.3716  rpn_s.2.loss_bbox: 0.0398  rpn_s.2.loss_giou: 0.3708  rpn_s.3.loss_cls: 0.3365  rpn_s.3.loss_bbox: 0.0363  rpn_s.3.loss_giou: 0.3503  s0.loss_cls: 0.3756  s0.pos_acc: 80.0000  s0.loss_bbox: 0.6007  s0.loss_iou: 1.1853  s1.loss_cls: 0.3622  s1.pos_acc: 84.0000  s1.loss_bbox: 0.6077  s1.loss_iou: 1.1303
2026/03/31 18:35:13 - mmengine - INFO - Epoch(train)  [2][ 1900/10002]  lr: 5.0000e-06  eta: 11:19:08  time: 0.3729  data_time: 0.0031  memory: 7329  grad_norm: 100.0079  loss: 7.4130  rpn_s.0.loss_cls: 0.5755  rpn_s.0.loss_bbox: 0.0969  rpn_s.0.loss_giou: 0.6696  rpn_s.1.loss_cls: 0.3896  rpn_s.1.loss_bbox: 0.0474  rpn_s.1.loss_giou: 0.3643  rpn_s.2.loss_cls: 0.3212  rpn_s.2.loss_bbox: 0.0427  rpn_s.2.loss_giou: 0.3281  rpn_s.3.loss_cls: 0.2818  rpn_s.3.loss_bbox: 0.0400  rpn_s.3.loss_giou: 0.3132  s0.loss_cls: 0.3201  s0.pos_acc: 78.0121  s0.loss_bbox: 0.6592  s0.loss_iou: 1.0027  s1.loss_cls: 0.3333  s1.pos_acc: 82.5301  s1.loss_bbox: 0.6665  s1.loss_iou: 0.9610
2026/03/31 18:35:32 - mmengine - INFO - Epoch(train)  [2][ 1950/10002]  lr: 5.0000e-06  eta: 11:18:49  time: 0.3756  data_time: 0.0031  memory: 7329  grad_norm: 110.2122  loss: 7.7377  rpn_s.0.loss_cls: 0.5921  rpn_s.0.loss_bbox: 0.0926  rpn_s.0.loss_giou: 0.7071  rpn_s.1.loss_cls: 0.4052  rpn_s.1.loss_bbox: 0.0473  rpn_s.1.loss_giou: 0.3943  rpn_s.2.loss_cls: 0.3336  rpn_s.2.loss_bbox: 0.0410  rpn_s.2.loss_giou: 0.3442  rpn_s.3.loss_cls: 0.2962  rpn_s.3.loss_bbox: 0.0375  rpn_s.3.loss_giou: 0.3253  s0.loss_cls: 0.3248  s0.pos_acc: 60.0000  s0.loss_bbox: 0.6365  s0.loss_iou: 1.1046  s1.loss_cls: 0.3257  s1.pos_acc: 70.0000  s1.loss_bbox: 0.6556  s1.loss_iou: 1.0741
2026/03/31 18:35:50 - mmengine - INFO - Exp name: GSDet_r50_b900_h2h4_h2r1_r2r1_2x_fair1m1.0_20260331_165920
2026/03/31 18:35:51 - mmengine - INFO - Epoch(train)  [2][ 2000/10002]  lr: 5.0000e-06  eta: 11:18:30  time: 0.3779  data_time: 0.0030  memory: 7329  grad_norm: 97.3365  loss: 8.3365  rpn_s.0.loss_cls: 0.6346  rpn_s.0.loss_bbox: 0.1030  rpn_s.0.loss_giou: 0.8012  rpn_s.1.loss_cls: 0.4168  rpn_s.1.loss_bbox: 0.0479  rpn_s.1.loss_giou: 0.4180  rpn_s.2.loss_cls: 0.3507  rpn_s.2.loss_bbox: 0.0409  rpn_s.2.loss_giou: 0.3724  rpn_s.3.loss_cls: 0.3222  rpn_s.3.loss_bbox: 0.0371  rpn_s.3.loss_giou: 0.3485  s0.loss_cls: 0.3595  s0.pos_acc: 100.0000  s0.loss_bbox: 0.6563  s0.loss_iou: 1.2013  s1.loss_cls: 0.3394  s1.pos_acc: 87.5000  s1.loss_bbox: 0.7189  s1.loss_iou: 1.1678
2026/03/31 18:36:10 - mmengine - INFO - Epoch(train)  [2][ 2050/10002]  lr: 5.0000e-06  eta: 11:18:11  time: 0.3753  data_time: 0.0030  memory: 7329  grad_norm: 91.4973  loss: 7.8176  rpn_s.0.loss_cls: 0.6277  rpn_s.0.loss_bbox: 0.0963  rpn_s.0.loss_giou: 0.7946  rpn_s.1.loss_cls: 0.4204  rpn_s.1.loss_bbox: 0.0434  rpn_s.1.loss_giou: 0.4094  rpn_s.2.loss_cls: 0.3383  rpn_s.2.loss_bbox: 0.0371  rpn_s.2.loss_giou: 0.3551  rpn_s.3.loss_cls: 0.3056  rpn_s.3.loss_bbox: 0.0343  rpn_s.3.loss_giou: 0.3345  s0.loss_cls: 0.3435  s0.pos_acc: 75.0000  s0.loss_bbox: 0.5819  s0.loss_iou: 1.1046  s1.loss_cls: 0.3292  s1.pos_acc: 100.0000  s1.loss_bbox: 0.5918  s1.loss_iou: 1.0698
2026/03/31 18:36:28 - mmengine - INFO - Epoch(train)  [2][ 2100/10002]  lr: 5.0000e-06  eta: 11:17:51  time: 0.3740  data_time: 0.0030  memory: 7329  grad_norm: 91.1355  loss: 7.9913  rpn_s.0.loss_cls: 0.6185  rpn_s.0.loss_bbox: 0.0978  rpn_s.0.loss_giou: 0.7689  rpn_s.1.loss_cls: 0.4266  rpn_s.1.loss_bbox: 0.0450  rpn_s.1.loss_giou: 0.4134  rpn_s.2.loss_cls: 0.3414  rpn_s.2.loss_bbox: 0.0374  rpn_s.2.loss_giou: 0.3548  rpn_s.3.loss_cls: 0.3052  rpn_s.3.loss_bbox: 0.0353  rpn_s.3.loss_giou: 0.3413  s0.loss_cls: 0.3539  s0.pos_acc: 74.2424  s0.loss_bbox: 0.6189  s0.loss_iou: 1.1447  s1.loss_cls: 0.3434  s1.pos_acc: 75.7576  s1.loss_bbox: 0.6412  s1.loss_iou: 1.1037
2026/03/31 18:36:47 - mmengine - INFO - Epoch(train)  [2][ 2150/10002]  lr: 5.0000e-06  eta: 11:17:34  time: 0.3809  data_time: 0.0030  memory: 7329  grad_norm: 85.6785  loss: 8.4973  rpn_s.0.loss_cls: 0.6490  rpn_s.0.loss_bbox: 0.1118  rpn_s.0.loss_giou: 0.8643  rpn_s.1.loss_cls: 0.4543  rpn_s.1.loss_bbox: 0.0568  rpn_s.1.loss_giou: 0.4488  rpn_s.2.loss_cls: 0.3871  rpn_s.2.loss_bbox: 0.0472  rpn_s.2.loss_giou: 0.3845  rpn_s.3.loss_cls: 0.3404  rpn_s.3.loss_bbox: 0.0420  rpn_s.3.loss_giou: 0.3602  s0.loss_cls: 0.3771  s0.pos_acc: 90.4762  s0.loss_bbox: 0.6006  s0.loss_iou: 1.2140  s1.loss_cls: 0.3666  s1.pos_acc: 90.4762  s1.loss_bbox: 0.6162  s1.loss_iou: 1.1765
2026/03/31 18:37:06 - mmengine - INFO - Epoch(train)  [2][ 2200/10002]  lr: 5.0000e-06  eta: 11:17:14  time: 0.3741  data_time: 0.0030  memory: 7329  grad_norm: 91.6105  loss: 8.2407  rpn_s.0.loss_cls: 0.6412  rpn_s.0.loss_bbox: 0.0983  rpn_s.0.loss_giou: 0.8127  rpn_s.1.loss_cls: 0.4460  rpn_s.1.loss_bbox: 0.0425  rpn_s.1.loss_giou: 0.4277  rpn_s.2.loss_cls: 0.3636  rpn_s.2.loss_bbox: 0.0363  rpn_s.2.loss_giou: 0.3776  rpn_s.3.loss_cls: 0.3171  rpn_s.3.loss_bbox: 0.0338  rpn_s.3.loss_giou: 0.3536  s0.loss_cls: 0.3754  s0.pos_acc: 86.3636  s0.loss_bbox: 0.6337  s0.loss_iou: 1.1542  s1.loss_cls: 0.3677  s1.pos_acc: 82.9545  s1.loss_bbox: 0.6547  s1.loss_iou: 1.1046
2026/03/31 18:37:25 - mmengine - INFO - Epoch(train)  [2][ 2250/10002]  lr: 5.0000e-06  eta: 11:16:55  time: 0.3767  data_time: 0.0030  memory: 7330  grad_norm: 87.6257  loss: 7.5501  rpn_s.0.loss_cls: 0.6279  rpn_s.0.loss_bbox: 0.0946  rpn_s.0.loss_giou: 0.7483  rpn_s.1.loss_cls: 0.4256  rpn_s.1.loss_bbox: 0.0420  rpn_s.1.loss_giou: 0.3787  rpn_s.2.loss_cls: 0.3514  rpn_s.2.loss_bbox: 0.0353  rpn_s.2.loss_giou: 0.3293  rpn_s.3.loss_cls: 0.3113  rpn_s.3.loss_bbox: 0.0324  rpn_s.3.loss_giou: 0.3074  s0.loss_cls: 0.3443  s0.pos_acc: 79.3478  s0.loss_bbox: 0.5683  s0.loss_iou: 1.0292  s1.loss_cls: 0.3412  s1.pos_acc: 83.6956  s1.loss_bbox: 0.5966  s1.loss_iou: 0.9863
2026/03/31 18:37:44 - mmengine - INFO - Epoch(train)  [2][ 2300/10002]  lr: 5.0000e-06  eta: 11:16:35  time: 0.3752  data_time: 0.0030  memory: 7329  grad_norm: 91.1470  loss: 8.0812  rpn_s.0.loss_cls: 0.6363  rpn_s.0.loss_bbox: 0.1016  rpn_s.0.loss_giou: 0.7703  rpn_s.1.loss_cls: 0.4523  rpn_s.1.loss_bbox: 0.0472  rpn_s.1.loss_giou: 0.4076  rpn_s.2.loss_cls: 0.3758  rpn_s.2.loss_bbox: 0.0405  rpn_s.2.loss_giou: 0.3634  rpn_s.3.loss_cls: 0.3273  rpn_s.3.loss_bbox: 0.0378  rpn_s.3.loss_giou: 0.3464  s0.loss_cls: 0.3784  s0.pos_acc: 50.0000  s0.loss_bbox: 0.5705  s0.loss_iou: 1.1519  s1.loss_cls: 0.3689  s1.pos_acc: 62.5000  s1.loss_bbox: 0.5969  s1.loss_iou: 1.1082
2026/03/31 18:38:03 - mmengine - INFO - Epoch(train)  [2][ 2350/10002]  lr: 5.0000e-06  eta: 11:16:17  time: 0.3793  data_time: 0.0030  memory: 7329  grad_norm: 91.9041  loss: 8.0931  rpn_s.0.loss_cls: 0.6224  rpn_s.0.loss_bbox: 0.1014  rpn_s.0.loss_giou: 0.8050  rpn_s.1.loss_cls: 0.4179  rpn_s.1.loss_bbox: 0.0454  rpn_s.1.loss_giou: 0.4127  rpn_s.2.loss_cls: 0.3366  rpn_s.2.loss_bbox: 0.0395  rpn_s.2.loss_giou: 0.3610  rpn_s.3.loss_cls: 0.2971  rpn_s.3.loss_bbox: 0.0364  rpn_s.3.loss_giou: 0.3357  s0.loss_cls: 0.3333  s0.pos_acc: 100.0000  s0.loss_bbox: 0.6738  s0.loss_iou: 1.1365  s1.loss_cls: 0.3240  s1.pos_acc: 100.0000  s1.loss_bbox: 0.7085  s1.loss_iou: 1.1061
2026/03/31 18:38:21 - mmengine - INFO - Epoch(train)  [2][ 2400/10002]  lr: 5.0000e-06  eta: 11:15:55  time: 0.3689  data_time: 0.0030  memory: 7329  grad_norm: 86.4893  loss: 7.6356  rpn_s.0.loss_cls: 0.5780  rpn_s.0.loss_bbox: 0.0893  rpn_s.0.loss_giou: 0.7228  rpn_s.1.loss_cls: 0.4139  rpn_s.1.loss_bbox: 0.0425  rpn_s.1.loss_giou: 0.3891  rpn_s.2.loss_cls: 0.3391  rpn_s.2.loss_bbox: 0.0381  rpn_s.2.loss_giou: 0.3472  rpn_s.3.loss_cls: 0.3027  rpn_s.3.loss_bbox: 0.0359  rpn_s.3.loss_giou: 0.3346  s0.loss_cls: 0.3599  s0.pos_acc: 100.0000  s0.loss_bbox: 0.6062  s0.loss_iou: 1.0582  s1.loss_cls: 0.3546  s1.pos_acc: 100.0000  s1.loss_bbox: 0.6190  s1.loss_iou: 1.0045
2026/03/31 18:38:40 - mmengine - INFO - Epoch(train)  [2][ 2450/10002]  lr: 5.0000e-06  eta: 11:15:39  time: 0.3832  data_time: 0.0030  memory: 7329  grad_norm: 101.1927  loss: 7.9025  rpn_s.0.loss_cls: 0.6086  rpn_s.0.loss_bbox: 0.1020  rpn_s.0.loss_giou: 0.7302  rpn_s.1.loss_cls: 0.4294  rpn_s.1.loss_bbox: 0.0496  rpn_s.1.loss_giou: 0.3957  rpn_s.2.loss_cls: 0.3495  rpn_s.2.loss_bbox: 0.0409  rpn_s.2.loss_giou: 0.3434  rpn_s.3.loss_cls: 0.3127  rpn_s.3.loss_bbox: 0.0357  rpn_s.3.loss_giou: 0.3228  s0.loss_cls: 0.3591  s0.pos_acc: 100.0000  s0.loss_bbox: 0.6645  s0.loss_iou: 1.0767  s1.loss_cls: 0.3660  s1.pos_acc: 100.0000  s1.loss_bbox: 0.6794  s1.loss_iou: 1.0365
2026/03/31 18:38:59 - mmengine - INFO - Epoch(train)  [2][ 2500/10002]  lr: 5.0000e-06  eta: 11:15:19  time: 0.3742  data_time: 0.0029  memory: 7329  grad_norm: 86.0282  loss: 7.8971  rpn_s.0.loss_cls: 0.6274  rpn_s.0.loss_bbox: 0.1008  rpn_s.0.loss_giou: 0.7933  rpn_s.1.loss_cls: 0.4200  rpn_s.1.loss_bbox: 0.0450  rpn_s.1.loss_giou: 0.4015  rpn_s.2.loss_cls: 0.3433  rpn_s.2.loss_bbox: 0.0389  rpn_s.2.loss_giou: 0.3539  rpn_s.3.loss_cls: 0.3118  rpn_s.3.loss_bbox: 0.0351  rpn_s.3.loss_giou: 0.3314  s0.loss_cls: 0.3554  s0.pos_acc: 91.6667  s0.loss_bbox: 0.6041  s0.loss_iou: 1.1008  s1.loss_cls: 0.3633  s1.pos_acc: 83.3333  s1.loss_bbox: 0.6175  s1.loss_iou: 1.0535
2026/03/31 18:39:17 - mmengine - INFO - Epoch(train)  [2][ 2550/10002]  lr: 5.0000e-06  eta: 11:14:57  time: 0.3702  data_time: 0.0029  memory: 7329  grad_norm: 99.6204  loss: 7.3428  rpn_s.0.loss_cls: 0.6093  rpn_s.0.loss_bbox: 0.0880  rpn_s.0.loss_giou: 0.6827  rpn_s.1.loss_cls: 0.4200  rpn_s.1.loss_bbox: 0.0418  rpn_s.1.loss_giou: 0.3668  rpn_s.2.loss_cls: 0.3330  rpn_s.2.loss_bbox: 0.0356  rpn_s.2.loss_giou: 0.3201  rpn_s.3.loss_cls: 0.2998  rpn_s.3.loss_bbox: 0.0328  rpn_s.3.loss_giou: 0.2994  s0.loss_cls: 0.3325  s0.pos_acc: 83.9286  s0.loss_bbox: 0.6483  s0.loss_iou: 0.9342  s1.loss_cls: 0.3300  s1.pos_acc: 82.1429  s1.loss_bbox: 0.6649  s1.loss_iou: 0.9034
2026/03/31 18:39:36 - mmengine - INFO - Epoch(train)  [2][ 2600/10002]  lr: 5.0000e-06  eta: 11:14:38  time: 0.3767  data_time: 0.0029  memory: 7329  grad_norm: 84.7257  loss: 7.9286  rpn_s.0.loss_cls: 0.6205  rpn_s.0.loss_bbox: 0.0984  rpn_s.0.loss_giou: 0.7956  rpn_s.1.loss_cls: 0.4280  rpn_s.1.loss_bbox: 0.0416  rpn_s.1.loss_giou: 0.4051  rpn_s.2.loss_cls: 0.3511  rpn_s.2.loss_bbox: 0.0364  rpn_s.2.loss_giou: 0.3539  rpn_s.3.loss_cls: 0.3094  rpn_s.3.loss_bbox: 0.0340  rpn_s.3.loss_giou: 0.3357  s0.loss_cls: 0.3643  s0.pos_acc: 90.9091  s0.loss_bbox: 0.5987  s0.loss_iou: 1.1133  s1.loss_cls: 0.3585  s1.pos_acc: 90.9091  s1.loss_bbox: 0.6159  s1.loss_iou: 1.0681
2026/03/31 18:39:55 - mmengine - INFO - Epoch(train)  [2][ 2650/10002]  lr: 5.0000e-06  eta: 11:14:18  time: 0.3733  data_time: 0.0029  memory: 7329  grad_norm: 107.6273  loss: 7.6658  rpn_s.0.loss_cls: 0.5906  rpn_s.0.loss_bbox: 0.0960  rpn_s.0.loss_giou: 0.7069  rpn_s.1.loss_cls: 0.3996  rpn_s.1.loss_bbox: 0.0478  rpn_s.1.loss_giou: 0.3880  rpn_s.2.loss_cls: 0.3234  rpn_s.2.loss_bbox: 0.0403  rpn_s.2.loss_giou: 0.3390  rpn_s.3.loss_cls: 0.2811  rpn_s.3.loss_bbox: 0.0371  rpn_s.3.loss_giou: 0.3208  s0.loss_cls: 0.3224  s0.pos_acc: 87.5000  s0.loss_bbox: 0.6488  s0.loss_iou: 1.0837  s1.loss_cls: 0.3240  s1.pos_acc: 100.0000  s1.loss_bbox: 0.6520  s1.loss_iou: 1.0642
2026/03/31 18:40:14 - mmengine - INFO - Epoch(train)  [2][ 2700/10002]  lr: 5.0000e-06  eta: 11:14:01  time: 0.3817  data_time: 0.0029  memory: 7329  grad_norm: 97.2379  loss: 8.2026  rpn_s.0.loss_cls: 0.6126  rpn_s.0.loss_bbox: 0.1072  rpn_s.0.loss_giou: 0.8043  rpn_s.1.loss_cls: 0.4339  rpn_s.1.loss_bbox: 0.0494  rpn_s.1.loss_giou: 0.4317  rpn_s.2.loss_cls: 0.3444  rpn_s.2.loss_bbox: 0.0423  rpn_s.2.loss_giou: 0.3729  rpn_s.3.loss_cls: 0.3105  rpn_s.3.loss_bbox: 0.0380  rpn_s.3.loss_giou: 0.3541  s0.loss_cls: 0.3506  s0.pos_acc: 72.9665  s0.loss_bbox: 0.6331  s0.loss_iou: 1.1901  s1.loss_cls: 0.3408  s1.pos_acc: 71.2919  s1.loss_bbox: 0.6467  s1.loss_iou: 1.1399
2026/03/31 18:40:33 - mmengine - INFO - Epoch(train)  [2][ 2750/10002]  lr: 5.0000e-06  eta: 11:13:43  time: 0.3774  data_time: 0.0029  memory: 7329  grad_norm: 93.3015  loss: 7.9942  rpn_s.0.loss_cls: 0.6053  rpn_s.0.loss_bbox: 0.0971  rpn_s.0.loss_giou: 0.7730  rpn_s.1.loss_cls: 0.4196  rpn_s.1.loss_bbox: 0.0431  rpn_s.1.loss_giou: 0.4022  rpn_s.2.loss_cls: 0.3363  rpn_s.2.loss_bbox: 0.0397  rpn_s.2.loss_giou: 0.3674  rpn_s.3.loss_cls: 0.3020  rpn_s.3.loss_bbox: 0.0374  rpn_s.3.loss_giou: 0.3532  s0.loss_cls: 0.3185  s0.pos_acc: 100.0000  s0.loss_bbox: 0.6862  s0.loss_iou: 1.1319  s1.loss_cls: 0.3184  s1.pos_acc: 100.0000  s1.loss_bbox: 0.6704  s1.loss_iou: 1.0925
2026/03/31 18:40:52 - mmengine - INFO - Epoch(train)  [2][ 2800/10002]  lr: 5.0000e-06  eta: 11:13:24  time: 0.3764  data_time: 0.0030  memory: 7329  grad_norm: 85.8540  loss: 8.1544  rpn_s.0.loss_cls: 0.6228  rpn_s.0.loss_bbox: 0.1049  rpn_s.0.loss_giou: 0.8523  rpn_s.1.loss_cls: 0.4178  rpn_s.1.loss_bbox: 0.0465  rpn_s.1.loss_giou: 0.4313  rpn_s.2.loss_cls: 0.3421  rpn_s.2.loss_bbox: 0.0394  rpn_s.2.loss_giou: 0.3756  rpn_s.3.loss_cls: 0.3072  rpn_s.3.loss_bbox: 0.0364  rpn_s.3.loss_giou: 0.3547  s0.loss_cls: 0.3432  s0.pos_acc: 73.5294  s0.loss_bbox: 0.5895  s0.loss_iou: 1.1881  s1.loss_cls: 0.3314  s1.pos_acc: 67.6471  s1.loss_bbox: 0.6198  s1.loss_iou: 1.1514
2026/03/31 18:41:10 - mmengine - INFO - Epoch(train)  [2][ 2850/10002]  lr: 5.0000e-06  eta: 11:13:03  time: 0.3728  data_time: 0.0029  memory: 7329  grad_norm: 90.1567  loss: 7.9306  rpn_s.0.loss_cls: 0.6262  rpn_s.0.loss_bbox: 0.0967  rpn_s.0.loss_giou: 0.7722  rpn_s.1.loss_cls: 0.4245  rpn_s.1.loss_bbox: 0.0451  rpn_s.1.loss_giou: 0.4170  rpn_s.2.loss_cls: 0.3546  rpn_s.2.loss_bbox: 0.0379  rpn_s.2.loss_giou: 0.3637  rpn_s.3.loss_cls: 0.3087  rpn_s.3.loss_bbox: 0.0348  rpn_s.3.loss_giou: 0.3410  s0.loss_cls: 0.3431  s0.pos_acc: 70.4545  s0.loss_bbox: 0.6008  s0.loss_iou: 1.1337  s1.loss_cls: 0.3410  s1.pos_acc: 63.6364  s1.loss_bbox: 0.6126  s1.loss_iou: 1.0769
2026/03/31 18:41:29 - mmengine - INFO - Epoch(train)  [2][ 2900/10002]  lr: 5.0000e-06  eta: 11:12:45  time: 0.3781  data_time: 0.0029  memory: 7330  grad_norm: 92.4975  loss: 8.2320  rpn_s.0.loss_cls: 0.6415  rpn_s.0.loss_bbox: 0.1018  rpn_s.0.loss_giou: 0.7882  rpn_s.1.loss_cls: 0.4555  rpn_s.1.loss_bbox: 0.0501  rpn_s.1.loss_giou: 0.4223  rpn_s.2.loss_cls: 0.3742  rpn_s.2.loss_bbox: 0.0435  rpn_s.2.loss_giou: 0.3728  rpn_s.3.loss_cls: 0.3267  rpn_s.3.loss_bbox: 0.0392  rpn_s.3.loss_giou: 0.3469  s0.loss_cls: 0.3761  s0.pos_acc: 77.7778  s0.loss_bbox: 0.6377  s0.loss_iou: 1.1217  s1.loss_cls: 0.3628  s1.pos_acc: 77.7778  s1.loss_bbox: 0.6766  s1.loss_iou: 1.0945
2026/03/31 18:41:49 - mmengine - INFO - Epoch(train)  [2][ 2950/10002]  lr: 5.0000e-06  eta: 11:12:32  time: 0.3902  data_time: 0.0029  memory: 7330  grad_norm: 95.9254  loss: 8.4299  rpn_s.0.loss_cls: 0.6441  rpn_s.0.loss_bbox: 0.1019  rpn_s.0.loss_giou: 0.8401  rpn_s.1.loss_cls: 0.4408  rpn_s.1.loss_bbox: 0.0482  rpn_s.1.loss_giou: 0.4522  rpn_s.2.loss_cls: 0.3612  rpn_s.2.loss_bbox: 0.0407  rpn_s.2.loss_giou: 0.3975  rpn_s.3.loss_cls: 0.3204  rpn_s.3.loss_bbox: 0.0379  rpn_s.3.loss_giou: 0.3719  s0.loss_cls: 0.3484  s0.pos_acc: 73.6842  s0.loss_bbox: 0.6047  s0.loss_iou: 1.2348  s1.loss_cls: 0.3358  s1.pos_acc: 63.1579  s1.loss_bbox: 0.6540  s1.loss_iou: 1.1952
2026/03/31 18:42:07 - mmengine - INFO - Exp name: GSDet_r50_b900_h2h4_h2r1_r2r1_2x_fair1m1.0_20260331_165920
2026/03/31 18:42:07 - mmengine - INFO - Epoch(train)  [2][ 3000/10002]  lr: 5.0000e-06  eta: 11:12:11  time: 0.3722  data_time: 0.0029  memory: 7329  grad_norm: 92.6094  loss: 7.8313  rpn_s.0.loss_cls: 0.6264  rpn_s.0.loss_bbox: 0.0990  rpn_s.0.loss_giou: 0.7569  rpn_s.1.loss_cls: 0.4226  rpn_s.1.loss_bbox: 0.0433  rpn_s.1.loss_giou: 0.3898  rpn_s.2.loss_cls: 0.3320  rpn_s.2.loss_bbox: 0.0380  rpn_s.2.loss_giou: 0.3452  rpn_s.3.loss_cls: 0.2908  rpn_s.3.loss_bbox: 0.0351  rpn_s.3.loss_giou: 0.3257  s0.loss_cls: 0.3362  s0.pos_acc: 80.0000  s0.loss_bbox: 0.6735  s0.loss_iou: 1.0686  s1.loss_cls: 0.3307  s1.pos_acc: 80.0000  s1.loss_bbox: 0.6899  s1.loss_iou: 1.0277
2026/03/31 18:42:26 - mmengine - INFO - Epoch(train)  [2][ 3050/10002]  lr: 5.0000e-06  eta: 11:11:53  time: 0.3784  data_time: 0.0029  memory: 7330  grad_norm: 92.6344  loss: 8.0643  rpn_s.0.loss_cls: 0.5985  rpn_s.0.loss_bbox: 0.0990  rpn_s.0.loss_giou: 0.7676  rpn_s.1.loss_cls: 0.4137  rpn_s.1.loss_bbox: 0.0522  rpn_s.1.loss_giou: 0.4251  rpn_s.2.loss_cls: 0.3406  rpn_s.2.loss_bbox: 0.0446  rpn_s.2.loss_giou: 0.3699  rpn_s.3.loss_cls: 0.3012  rpn_s.3.loss_bbox: 0.0410  rpn_s.3.loss_giou: 0.3485  s0.loss_cls: 0.3272  s0.pos_acc: 100.0000  s0.loss_bbox: 0.6354  s0.loss_iou: 1.1815  s1.loss_cls: 0.3174  s1.pos_acc: 100.0000  s1.loss_bbox: 0.6544  s1.loss_iou: 1.1466
2026/03/31 18:42:45 - mmengine - INFO - Epoch(train)  [2][ 3100/10002]  lr: 5.0000e-06  eta: 11:11:32  time: 0.3730  data_time: 0.0029  memory: 7329  grad_norm: 105.2862  loss: 7.6842  rpn_s.0.loss_cls: 0.6250  rpn_s.0.loss_bbox: 0.0993  rpn_s.0.loss_giou: 0.7354  rpn_s.1.loss_cls: 0.4320  rpn_s.1.loss_bbox: 0.0485  rpn_s.1.loss_giou: 0.3875  rpn_s.2.loss_cls: 0.3477  rpn_s.2.loss_bbox: 0.0420  rpn_s.2.loss_giou: 0.3432  rpn_s.3.loss_cls: 0.3150  rpn_s.3.loss_bbox: 0.0391  rpn_s.3.loss_giou: 0.3240  s0.loss_cls: 0.3513  s0.pos_acc: 75.0000  s0.loss_bbox: 0.5506  s0.loss_iou: 1.0729  s1.loss_cls: 0.3492  s1.pos_acc: 76.3158  s1.loss_bbox: 0.5777  s1.loss_iou: 1.0438
2026/03/31 18:43:04 - mmengine - INFO - Epoch(train)  [2][ 3150/10002]  lr: 5.0000e-06  eta: 11:11:13  time: 0.3754  data_time: 0.0029  memory: 7329  grad_norm: 84.5663  loss: 8.2054  rpn_s.0.loss_cls: 0.6208  rpn_s.0.loss_bbox: 0.0973  rpn_s.0.loss_giou: 0.7921  rpn_s.1.loss_cls: 0.4314  rpn_s.1.loss_bbox: 0.0459  rpn_s.1.loss_giou: 0.4315  rpn_s.2.loss_cls: 0.3676  rpn_s.2.loss_bbox: 0.0389  rpn_s.2.loss_giou: 0.3771  rpn_s.3.loss_cls: 0.3262  rpn_s.3.loss_bbox: 0.0359  rpn_s.3.loss_giou: 0.3571  s0.loss_cls: 0.3517  s0.pos_acc: 66.1290  s0.loss_bbox: 0.6121  s0.loss_iou: 1.1721  s1.loss_cls: 0.3545  s1.pos_acc: 71.7742  s1.loss_bbox: 0.6481  s1.loss_iou: 1.1451
2026/03/31 18:43:23 - mmengine - INFO - Epoch(train)  [2][ 3200/10002]  lr: 5.0000e-06  eta: 11:10:54  time: 0.3781  data_time: 0.0030  memory: 7329  grad_norm: 84.1038  loss: 7.7941  rpn_s.0.loss_cls: 0.6013  rpn_s.0.loss_bbox: 0.0986  rpn_s.0.loss_giou: 0.7425  rpn_s.1.loss_cls: 0.3987  rpn_s.1.loss_bbox: 0.0456  rpn_s.1.loss_giou: 0.3929  rpn_s.2.loss_cls: 0.3347  rpn_s.2.loss_bbox: 0.0398  rpn_s.2.loss_giou: 0.3491  rpn_s.3.loss_cls: 0.3001  rpn_s.3.loss_bbox: 0.0366  rpn_s.3.loss_giou: 0.3272  s0.loss_cls: 0.3411  s0.pos_acc: 75.0000  s0.loss_bbox: 0.6278  s0.loss_iou: 1.1104  s1.loss_cls: 0.3393  s1.pos_acc: 83.4821  s1.loss_bbox: 0.6406  s1.loss_iou: 1.0677
2026/03/31 18:43:41 - mmengine - INFO - Epoch(train)  [2][ 3250/10002]  lr: 5.0000e-06  eta: 11:10:34  time: 0.3721  data_time: 0.0029  memory: 7329  grad_norm: 95.7690  loss: 7.2259  rpn_s.0.loss_cls: 0.5704  rpn_s.0.loss_bbox: 0.0956  rpn_s.0.loss_giou: 0.6320  rpn_s.1.loss_cls: 0.3997  rpn_s.1.loss_bbox: 0.0453  rpn_s.1.loss_giou: 0.3383  rpn_s.2.loss_cls: 0.3258  rpn_s.2.loss_bbox: 0.0423  rpn_s.2.loss_giou: 0.2997  rpn_s.3.loss_cls: 0.2768  rpn_s.3.loss_bbox: 0.0392  rpn_s.3.loss_giou: 0.2836  s0.loss_cls: 0.3114  s0.pos_acc: 92.3077  s0.loss_bbox: 0.6991  s0.loss_iou: 0.9459  s1.loss_cls: 0.3106  s1.pos_acc: 92.3077  s1.loss_bbox: 0.7039  s1.loss_iou: 0.9064
2026/03/31 18:44:00 - mmengine - INFO - Epoch(train)  [2][ 3300/10002]  lr: 5.0000e-06  eta: 11:10:15  time: 0.3783  data_time: 0.0030  memory: 7329  grad_norm: 87.9102  loss: 7.8660  rpn_s.0.loss_cls: 0.6166  rpn_s.0.loss_bbox: 0.1000  rpn_s.0.loss_giou: 0.7807  rpn_s.1.loss_cls: 0.4112  rpn_s.1.loss_bbox: 0.0450  rpn_s.1.loss_giou: 0.4138  rpn_s.2.loss_cls: 0.3365  rpn_s.2.loss_bbox: 0.0376  rpn_s.2.loss_giou: 0.3556  rpn_s.3.loss_cls: 0.3038  rpn_s.3.loss_bbox: 0.0350  rpn_s.3.loss_giou: 0.3388  s0.loss_cls: 0.3468  s0.pos_acc: 85.7143  s0.loss_bbox: 0.5730  s0.loss_iou: 1.1481  s1.loss_cls: 0.3406  s1.pos_acc: 100.0000  s1.loss_bbox: 0.5905  s1.loss_iou: 1.0924
2026/03/31 18:44:19 - mmengine - INFO - Epoch(train)  [2][ 3350/10002]  lr: 5.0000e-06  eta: 11:09:57  time: 0.3780  data_time: 0.0031  memory: 7329  grad_norm: 87.3160  loss: 8.2309  rpn_s.0.loss_cls: 0.6036  rpn_s.0.loss_bbox: 0.1043  rpn_s.0.loss_giou: 0.7907  rpn_s.1.loss_cls: 0.4290  rpn_s.1.loss_bbox: 0.0508  rpn_s.1.loss_giou: 0.4252  rpn_s.2.loss_cls: 0.3565  rpn_s.2.loss_bbox: 0.0423  rpn_s.2.loss_giou: 0.3677  rpn_s.3.loss_cls: 0.3125  rpn_s.3.loss_bbox: 0.0384  rpn_s.3.loss_giou: 0.3428  s0.loss_cls: 0.3476  s0.pos_acc: 74.0000  s0.loss_bbox: 0.6778  s0.loss_iou: 1.1643  s1.loss_cls: 0.3450  s1.pos_acc: 72.2857  s1.loss_bbox: 0.7040  s1.loss_iou: 1.1283
2026/03/31 18:44:38 - mmengine - INFO - Epoch(train)  [2][ 3400/10002]  lr: 5.0000e-06  eta: 11:09:37  time: 0.3747  data_time: 0.0031  memory: 7329  grad_norm: 95.7017  loss: 7.7336  rpn_s.0.loss_cls: 0.6308  rpn_s.0.loss_bbox: 0.1032  rpn_s.0.loss_giou: 0.7556  rpn_s.1.loss_cls: 0.4455  rpn_s.1.loss_bbox: 0.0488  rpn_s.1.loss_giou: 0.3880  rpn_s.2.loss_cls: 0.3745  rpn_s.2.loss_bbox: 0.0419  rpn_s.2.loss_giou: 0.3374  rpn_s.3.loss_cls: 0.3310  rpn_s.3.loss_bbox: 0.0387  rpn_s.3.loss_giou: 0.3145  s0.loss_cls: 0.3611  s0.pos_acc: 72.2222  s0.loss_bbox: 0.5851  s0.loss_iou: 1.0341  s1.loss_cls: 0.3519  s1.pos_acc: 75.0000  s1.loss_bbox: 0.6123  s1.loss_iou: 0.9792
2026/03/31 18:44:57 - mmengine - INFO - Epoch(train)  [2][ 3450/10002]  lr: 5.0000e-06  eta: 11:09:18  time: 0.3762  data_time: 0.0030  memory: 7329  grad_norm: 110.4338  loss: 8.3102  rpn_s.0.loss_cls: 0.6298  rpn_s.0.loss_bbox: 0.1148  rpn_s.0.loss_giou: 0.7672  rpn_s.1.loss_cls: 0.4296  rpn_s.1.loss_bbox: 0.0592  rpn_s.1.loss_giou: 0.4258  rpn_s.2.loss_cls: 0.3543  rpn_s.2.loss_bbox: 0.0546  rpn_s.2.loss_giou: 0.3742  rpn_s.3.loss_cls: 0.3187  rpn_s.3.loss_bbox: 0.0498  rpn_s.3.loss_giou: 0.3519  s0.loss_cls: 0.3604  s0.pos_acc: 77.9412  s0.loss_bbox: 0.6241  s0.loss_iou: 1.2232  s1.loss_cls: 0.3513  s1.pos_acc: 77.9412  s1.loss_bbox: 0.6429  s1.loss_iou: 1.1786
2026/03/31 18:45:15 - mmengine - INFO - Epoch(train)  [2][ 3500/10002]  lr: 5.0000e-06  eta: 11:08:59  time: 0.3757  data_time: 0.0030  memory: 7329  grad_norm: 108.4897  loss: 8.0865  rpn_s.0.loss_cls: 0.6154  rpn_s.0.loss_bbox: 0.1037  rpn_s.0.loss_giou: 0.7758  rpn_s.1.loss_cls: 0.4304  rpn_s.1.loss_bbox: 0.0478  rpn_s.1.loss_giou: 0.4063  rpn_s.2.loss_cls: 0.3606  rpn_s.2.loss_bbox: 0.0431  rpn_s.2.loss_giou: 0.3642  rpn_s.3.loss_cls: 0.3183  rpn_s.3.loss_bbox: 0.0398  rpn_s.3.loss_giou: 0.3438  s0.loss_cls: 0.3543  s0.pos_acc: 93.4783  s0.loss_bbox: 0.6229  s0.loss_iou: 1.1530  s1.loss_cls: 0.3469  s1.pos_acc: 95.6522  s1.loss_bbox: 0.6510  s1.loss_iou: 1.1093
2026/03/31 18:45:34 - mmengine - INFO - Epoch(train)  [2][ 3550/10002]  lr: 5.0000e-06  eta: 11:08:40  time: 0.3758  data_time: 0.0030  memory: 7329  grad_norm: 83.8924  loss: 8.6467  rpn_s.0.loss_cls: 0.6915  rpn_s.0.loss_bbox: 0.0966  rpn_s.0.loss_giou: 0.8499  rpn_s.1.loss_cls: 0.4805  rpn_s.1.loss_bbox: 0.0409  rpn_s.1.loss_giou: 0.4366  rpn_s.2.loss_cls: 0.3998  rpn_s.2.loss_bbox: 0.0342  rpn_s.2.loss_giou: 0.3783  rpn_s.3.loss_cls: 0.3577  rpn_s.3.loss_bbox: 0.0319  rpn_s.3.loss_giou: 0.3574  s0.loss_cls: 0.4127  s0.pos_acc: 92.8571  s0.loss_bbox: 0.6458  s0.loss_iou: 1.1940  s1.loss_cls: 0.4008  s1.pos_acc: 85.7143  s1.loss_bbox: 0.6853  s1.loss_iou: 1.1529
2026/03/31 18:45:53 - mmengine - INFO - Epoch(train)  [2][ 3600/10002]  lr: 5.0000e-06  eta: 11:08:20  time: 0.3742  data_time: 0.0030  memory: 7329  grad_norm: 84.9869  loss: 7.7531  rpn_s.0.loss_cls: 0.5956  rpn_s.0.loss_bbox: 0.0940  rpn_s.0.loss_giou: 0.7441  rpn_s.1.loss_cls: 0.4139  rpn_s.1.loss_bbox: 0.0440  rpn_s.1.loss_giou: 0.3963  rpn_s.2.loss_cls: 0.3404  rpn_s.2.loss_bbox: 0.0390  rpn_s.2.loss_giou: 0.3558  rpn_s.3.loss_cls: 0.2979  rpn_s.3.loss_bbox: 0.0360  rpn_s.3.loss_giou: 0.3339  s0.loss_cls: 0.3445  s0.pos_acc: 50.0000  s0.loss_bbox: 0.6394  s0.loss_iou: 1.0416  s1.loss_cls: 0.3343  s1.pos_acc: 50.0000  s1.loss_bbox: 0.6998  s1.loss_iou: 1.0027
2026/03/31 18:46:12 - mmengine - INFO - Epoch(train)  [2][ 3650/10002]  lr: 5.0000e-06  eta: 11:08:02  time: 0.3793  data_time: 0.0031  memory: 7330  grad_norm: 125.4905  loss: 7.7387  rpn_s.0.loss_cls: 0.5927  rpn_s.0.loss_bbox: 0.0935  rpn_s.0.loss_giou: 0.7202  rpn_s.1.loss_cls: 0.4141  rpn_s.1.loss_bbox: 0.0478  rpn_s.1.loss_giou: 0.3974  rpn_s.2.loss_cls: 0.3276  rpn_s.2.loss_bbox: 0.0409  rpn_s.2.loss_giou: 0.3480  rpn_s.3.loss_cls: 0.2981  rpn_s.3.loss_bbox: 0.0376  rpn_s.3.loss_giou: 0.3274  s0.loss_cls: 0.3370  s0.pos_acc: 73.6842  s0.loss_bbox: 0.6288  s0.loss_iou: 1.0961  s1.loss_cls: 0.3227  s1.pos_acc: 70.1754  s1.loss_bbox: 0.6670  s1.loss_iou: 1.0419
2026/03/31 18:46:31 - mmengine - INFO - Epoch(train)  [2][ 3700/10002]  lr: 5.0000e-06  eta: 11:07:42  time: 0.3747  data_time: 0.0031  memory: 7329  grad_norm: 92.8637  loss: 7.5770  rpn_s.0.loss_cls: 0.6146  rpn_s.0.loss_bbox: 0.0917  rpn_s.0.loss_giou: 0.7715  rpn_s.1.loss_cls: 0.4143  rpn_s.1.loss_bbox: 0.0388  rpn_s.1.loss_giou: 0.3849  rpn_s.2.loss_cls: 0.3398  rpn_s.2.loss_bbox: 0.0322  rpn_s.2.loss_giou: 0.3294  rpn_s.3.loss_cls: 0.3059  rpn_s.3.loss_bbox: 0.0300  rpn_s.3.loss_giou: 0.3110  s0.loss_cls: 0.3291  s0.pos_acc: 96.2963  s0.loss_bbox: 0.5865  s0.loss_iou: 1.0437  s1.loss_cls: 0.3212  s1.pos_acc: 96.2963  s1.loss_bbox: 0.6359  s1.loss_iou: 0.9968
2026/03/31 18:46:49 - mmengine - INFO - Epoch(train)  [2][ 3750/10002]  lr: 5.0000e-06  eta: 11:07:22  time: 0.3728  data_time: 0.0031  memory: 7329  grad_norm: 102.3060  loss: 8.1576  rpn_s.0.loss_cls: 0.6421  rpn_s.0.loss_bbox: 0.1026  rpn_s.0.loss_giou: 0.7348  rpn_s.1.loss_cls: 0.4707  rpn_s.1.loss_bbox: 0.0501  rpn_s.1.loss_giou: 0.4196  rpn_s.2.loss_cls: 0.3975  rpn_s.2.loss_bbox: 0.0426  rpn_s.2.loss_giou: 0.3635  rpn_s.3.loss_cls: 0.3565  rpn_s.3.loss_bbox: 0.0408  rpn_s.3.loss_giou: 0.3423  s0.loss_cls: 0.3841  s0.pos_acc: 75.0000  s0.loss_bbox: 0.5534  s0.loss_iou: 1.1711  s1.loss_cls: 0.3956  s1.pos_acc: 73.2877  s1.loss_bbox: 0.5697  s1.loss_iou: 1.1205
2026/03/31 18:47:08 - mmengine - INFO - Epoch(train)  [2][ 3800/10002]  lr: 5.0000e-06  eta: 11:07:02  time: 0.3737  data_time: 0.0031  memory: 7329  grad_norm: 88.9784  loss: 8.1605  rpn_s.0.loss_cls: 0.6392  rpn_s.0.loss_bbox: 0.0900  rpn_s.0.loss_giou: 0.7657  rpn_s.1.loss_cls: 0.4382  rpn_s.1.loss_bbox: 0.0419  rpn_s.1.loss_giou: 0.4060  rpn_s.2.loss_cls: 0.3571  rpn_s.2.loss_bbox: 0.0354  rpn_s.2.loss_giou: 0.3582  rpn_s.3.loss_cls: 0.3181  rpn_s.3.loss_bbox: 0.0331  rpn_s.3.loss_giou: 0.3380  s0.loss_cls: 0.3702  s0.pos_acc: 80.5555  s0.loss_bbox: 0.6731  s0.loss_iou: 1.1314  s1.loss_cls: 0.3658  s1.pos_acc: 79.1667  s1.loss_bbox: 0.7104  s1.loss_iou: 1.0887
2026/03/31 18:47:27 - mmengine - INFO - Epoch(train)  [2][ 3850/10002]  lr: 5.0000e-06  eta: 11:06:45  time: 0.3813  data_time: 0.0031  memory: 7330  grad_norm: 87.8986  loss: 8.4854  rpn_s.0.loss_cls: 0.6254  rpn_s.0.loss_bbox: 0.1003  rpn_s.0.loss_giou: 0.8258  rpn_s.1.loss_cls: 0.4264  rpn_s.1.loss_bbox: 0.0461  rpn_s.1.loss_giou: 0.4350  rpn_s.2.loss_cls: 0.3616  rpn_s.2.loss_bbox: 0.0397  rpn_s.2.loss_giou: 0.3839  rpn_s.3.loss_cls: 0.3227  rpn_s.3.loss_bbox: 0.0382  rpn_s.3.loss_giou: 0.3648  s0.loss_cls: 0.3588  s0.pos_acc: 72.1154  s0.loss_bbox: 0.6799  s0.loss_iou: 1.2313  s1.loss_cls: 0.3486  s1.pos_acc: 74.0385  s1.loss_bbox: 0.7071  s1.loss_iou: 1.1899
2026/03/31 18:47:46 - mmengine - INFO - Epoch(train)  [2][ 3900/10002]  lr: 5.0000e-06  eta: 11:06:27  time: 0.3800  data_time: 0.0031  memory: 7329  grad_norm: 91.2668  loss: 7.7691  rpn_s.0.loss_cls: 0.6119  rpn_s.0.loss_bbox: 0.0922  rpn_s.0.loss_giou: 0.7981  rpn_s.1.loss_cls: 0.4050  rpn_s.1.loss_bbox: 0.0384  rpn_s.1.loss_giou: 0.3966  rpn_s.2.loss_cls: 0.3299  rpn_s.2.loss_bbox: 0.0332  rpn_s.2.loss_giou: 0.3409  rpn_s.3.loss_cls: 0.2924  rpn_s.3.loss_bbox: 0.0319  rpn_s.3.loss_giou: 0.3263  s0.loss_cls: 0.3198  s0.pos_acc: 72.3404  s0.loss_bbox: 0.6371  s0.loss_iou: 1.1015  s1.loss_cls: 0.3103  s1.pos_acc: 82.9787  s1.loss_bbox: 0.6485  s1.loss_iou: 1.0551
2026/03/31 18:48:05 - mmengine - INFO - Epoch(train)  [2][ 3950/10002]  lr: 5.0000e-06  eta: 11:06:08  time: 0.3757  data_time: 0.0031  memory: 7329  grad_norm: 102.0080  loss: 8.2944  rpn_s.0.loss_cls: 0.6387  rpn_s.0.loss_bbox: 0.1000  rpn_s.0.loss_giou: 0.7692  rpn_s.1.loss_cls: 0.4387  rpn_s.1.loss_bbox: 0.0491  rpn_s.1.loss_giou: 0.4199  rpn_s.2.loss_cls: 0.3602  rpn_s.2.loss_bbox: 0.0421  rpn_s.2.loss_giou: 0.3668  rpn_s.3.loss_cls: 0.3275  rpn_s.3.loss_bbox: 0.0392  rpn_s.3.loss_giou: 0.3471  s0.loss_cls: 0.3733  s0.pos_acc: 90.4762  s0.loss_bbox: 0.6397  s0.loss_iou: 1.1977  s1.loss_cls: 0.3630  s1.pos_acc: 95.2381  s1.loss_bbox: 0.6619  s1.loss_iou: 1.1603
2026/03/31 18:48:23 - mmengine - INFO - Exp name: GSDet_r50_b900_h2h4_h2r1_r2r1_2x_fair1m1.0_20260331_165920
2026/03/31 18:48:24 - mmengine - INFO - Epoch(train)  [2][ 4000/10002]  lr: 5.0000e-06  eta: 11:05:50  time: 0.3798  data_time: 0.0031  memory: 7329  grad_norm: 84.8077  loss: 8.4311  rpn_s.0.loss_cls: 0.6176  rpn_s.0.loss_bbox: 0.1006  rpn_s.0.loss_giou: 0.8720  rpn_s.1.loss_cls: 0.4247  rpn_s.1.loss_bbox: 0.0443  rpn_s.1.loss_giou: 0.4451  rpn_s.2.loss_cls: 0.3531  rpn_s.2.loss_bbox: 0.0379  rpn_s.2.loss_giou: 0.3897  rpn_s.3.loss_cls: 0.3234  rpn_s.3.loss_bbox: 0.0345  rpn_s.3.loss_giou: 0.3644  s0.loss_cls: 0.3592  s0.pos_acc: 71.4286  s0.loss_bbox: 0.6359  s0.loss_iou: 1.2305  s1.loss_cls: 0.3523  s1.pos_acc: 70.0000  s1.loss_bbox: 0.6513  s1.loss_iou: 1.1946
2026/03/31 18:48:43 - mmengine - INFO - Epoch(train)  [2][ 4050/10002]  lr: 5.0000e-06  eta: 11:05:34  time: 0.3837  data_time: 0.0031  memory: 7330  grad_norm: 90.8924  loss: 8.0773  rpn_s.0.loss_cls: 0.6134  rpn_s.0.loss_bbox: 0.0964  rpn_s.0.loss_giou: 0.7630  rpn_s.1.loss_cls: 0.4237  rpn_s.1.loss_bbox: 0.0460  rpn_s.1.loss_giou: 0.4149  rpn_s.2.loss_cls: 0.3553  rpn_s.2.loss_bbox: 0.0398  rpn_s.2.loss_giou: 0.3658  rpn_s.3.loss_cls: 0.3143  rpn_s.3.loss_bbox: 0.0377  rpn_s.3.loss_giou: 0.3483  s0.loss_cls: 0.3503  s0.pos_acc: 100.0000  s0.loss_bbox: 0.6271  s0.loss_iou: 1.1713  s1.loss_cls: 0.3283  s1.pos_acc: 100.0000  s1.loss_bbox: 0.6480  s1.loss_iou: 1.1338
2026/03/31 18:49:02 - mmengine - INFO - Epoch(train)  [2][ 4100/10002]  lr: 5.0000e-06  eta: 11:05:16  time: 0.3793  data_time: 0.0031  memory: 7329  grad_norm: 100.0559  loss: 8.0056  rpn_s.0.loss_cls: 0.5902  rpn_s.0.loss_bbox: 0.0999  rpn_s.0.loss_giou: 0.7724  rpn_s.1.loss_cls: 0.3977  rpn_s.1.loss_bbox: 0.0469  rpn_s.1.loss_giou: 0.4082  rpn_s.2.loss_cls: 0.3266  rpn_s.2.loss_bbox: 0.0405  rpn_s.2.loss_giou: 0.3603  rpn_s.3.loss_cls: 0.2876  rpn_s.3.loss_bbox: 0.0375  rpn_s.3.loss_giou: 0.3405  s0.loss_cls: 0.3221  s0.pos_acc: 67.5926  s0.loss_bbox: 0.6896  s0.loss_iou: 1.1348  s1.loss_cls: 0.3229  s1.pos_acc: 69.9074  s1.loss_bbox: 0.7222  s1.loss_iou: 1.1055
2026/03/31 18:49:21 - mmengine - INFO - Epoch(train)  [2][ 4150/10002]  lr: 5.0000e-06  eta: 11:04:57  time: 0.3758  data_time: 0.0031  memory: 7329  grad_norm: 96.0049  loss: 8.7967  rpn_s.0.loss_cls: 0.6985  rpn_s.0.loss_bbox: 0.1083  rpn_s.0.loss_giou: 0.8893  rpn_s.1.loss_cls: 0.4750  rpn_s.1.loss_bbox: 0.0479  rpn_s.1.loss_giou: 0.4538  rpn_s.2.loss_cls: 0.3934  rpn_s.2.loss_bbox: 0.0408  rpn_s.2.loss_giou: 0.3960  rpn_s.3.loss_cls: 0.3543  rpn_s.3.loss_bbox: 0.0375  rpn_s.3.loss_giou: 0.3749  s0.loss_cls: 0.3928  s0.pos_acc: 70.0000  s0.loss_bbox: 0.6047  s0.loss_iou: 1.2870  s1.loss_cls: 0.3865  s1.pos_acc: 70.0000  s1.loss_bbox: 0.6205  s1.loss_iou: 1.2355
2026/03/31 18:49:39 - mmengine - INFO - Epoch(train)  [2][ 4200/10002]  lr: 5.0000e-06  eta: 11:04:38  time: 0.3760  data_time: 0.0031  memory: 7329  grad_norm: 88.2139  loss: 8.6213  rpn_s.0.loss_cls: 0.6628  rpn_s.0.loss_bbox: 0.1003  rpn_s.0.loss_giou: 0.8210  rpn_s.1.loss_cls: 0.4469  rpn_s.1.loss_bbox: 0.0465  rpn_s.1.loss_giou: 0.4420  rpn_s.2.loss_cls: 0.3767  rpn_s.2.loss_bbox: 0.0395  rpn_s.2.loss_giou: 0.3903  rpn_s.3.loss_cls: 0.3399  rpn_s.3.loss_bbox: 0.0359  rpn_s.3.loss_giou: 0.3662  s0.loss_cls: 0.3857  s0.pos_acc: 55.0505  s0.loss_bbox: 0.6635  s0.loss_iou: 1.2322  s1.loss_cls: 0.3758  s1.pos_acc: 56.5657  s1.loss_bbox: 0.7010  s1.loss_iou: 1.1953
2026/03/31 18:49:58 - mmengine - INFO - Epoch(train)  [2][ 4250/10002]  lr: 5.0000e-06  eta: 11:04:19  time: 0.3763  data_time: 0.0031  memory: 7330  grad_norm: 93.9694  loss: 7.4491  rpn_s.0.loss_cls: 0.5832  rpn_s.0.loss_bbox: 0.0992  rpn_s.0.loss_giou: 0.6752  rpn_s.1.loss_cls: 0.3971  rpn_s.1.loss_bbox: 0.0487  rpn_s.1.loss_giou: 0.3713  rpn_s.2.loss_cls: 0.3230  rpn_s.2.loss_bbox: 0.0430  rpn_s.2.loss_giou: 0.3309  rpn_s.3.loss_cls: 0.2873  rpn_s.3.loss_bbox: 0.0397  rpn_s.3.loss_giou: 0.3112  s0.loss_cls: 0.3179  s0.pos_acc: 59.5628  s0.loss_bbox: 0.6340  s0.loss_iou: 1.0224  s1.loss_cls: 0.3218  s1.pos_acc: 66.3934  s1.loss_bbox: 0.6550  s1.loss_iou: 0.9881
2026/03/31 18:50:17 - mmengine - INFO - Epoch(train)  [2][ 4300/10002]  lr: 5.0000e-06  eta: 11:03:59  time: 0.3753  data_time: 0.0030  memory: 7329  grad_norm: 98.4816  loss: 7.8079  rpn_s.0.loss_cls: 0.5877  rpn_s.0.loss_bbox: 0.0936  rpn_s.0.loss_giou: 0.7732  rpn_s.1.loss_cls: 0.3962  rpn_s.1.loss_bbox: 0.0403  rpn_s.1.loss_giou: 0.3917  rpn_s.2.loss_cls: 0.3215  rpn_s.2.loss_bbox: 0.0357  rpn_s.2.loss_giou: 0.3502  rpn_s.3.loss_cls: 0.2820  rpn_s.3.loss_bbox: 0.0330  rpn_s.3.loss_giou: 0.3301  s0.loss_cls: 0.3203  s0.pos_acc: 100.0000  s0.loss_bbox: 0.6769  s0.loss_iou: 1.1044  s1.loss_cls: 0.3293  s1.pos_acc: 100.0000  s1.loss_bbox: 0.6883  s1.loss_iou: 1.0536
2026/03/31 18:50:36 - mmengine - INFO - Epoch(train)  [2][ 4350/10002]  lr: 5.0000e-06  eta: 11:03:39  time: 0.3721  data_time: 0.0030  memory: 7329  grad_norm: 86.2397  loss: 8.1037  rpn_s.0.loss_cls: 0.6457  rpn_s.0.loss_bbox: 0.0936  rpn_s.0.loss_giou: 0.7461  rpn_s.1.loss_cls: 0.4455  rpn_s.1.loss_bbox: 0.0457  rpn_s.1.loss_giou: 0.4030  rpn_s.2.loss_cls: 0.3791  rpn_s.2.loss_bbox: 0.0397  rpn_s.2.loss_giou: 0.3584  rpn_s.3.loss_cls: 0.3450  rpn_s.3.loss_bbox: 0.0366  rpn_s.3.loss_giou: 0.3379  s0.loss_cls: 0.3964  s0.pos_acc: 75.0000  s0.loss_bbox: 0.6488  s0.loss_iou: 1.0806  s1.loss_cls: 0.3925  s1.pos_acc: 93.7500  s1.loss_bbox: 0.6690  s1.loss_iou: 1.0400
2026/03/31 18:50:54 - mmengine - INFO - Epoch(train)  [2][ 4400/10002]  lr: 5.0000e-06  eta: 11:03:19  time: 0.3755  data_time: 0.0029  memory: 7329  grad_norm: 96.2675  loss: 7.5712  rpn_s.0.loss_cls: 0.6066  rpn_s.0.loss_bbox: 0.0966  rpn_s.0.loss_giou: 0.7039  rpn_s.1.loss_cls: 0.4129  rpn_s.1.loss_bbox: 0.0481  rpn_s.1.loss_giou: 0.3806  rpn_s.2.loss_cls: 0.3372  rpn_s.2.loss_bbox: 0.0416  rpn_s.2.loss_giou: 0.3380  rpn_s.3.loss_cls: 0.3121  rpn_s.3.loss_bbox: 0.0388  rpn_s.3.loss_giou: 0.3204  s0.loss_cls: 0.3434  s0.pos_acc: 90.0000  s0.loss_bbox: 0.6028  s0.loss_iou: 1.0242  s1.loss_cls: 0.3539  s1.pos_acc: 90.0000  s1.loss_bbox: 0.6212  s1.loss_iou: 0.9888
2026/03/31 18:51:13 - mmengine - INFO - Epoch(train)  [2][ 4450/10002]  lr: 5.0000e-06  eta: 11:03:01  time: 0.3779  data_time: 0.0030  memory: 7329  grad_norm: 103.4842  loss: 7.3639  rpn_s.0.loss_cls: 0.5602  rpn_s.0.loss_bbox: 0.1099  rpn_s.0.loss_giou: 0.6574  rpn_s.1.loss_cls: 0.3889  rpn_s.1.loss_bbox: 0.0554  rpn_s.1.loss_giou: 0.3539  rpn_s.2.loss_cls: 0.3029  rpn_s.2.loss_bbox: 0.0481  rpn_s.2.loss_giou: 0.3163  rpn_s.3.loss_cls: 0.2751  rpn_s.3.loss_bbox: 0.0450  rpn_s.3.loss_giou: 0.2981  s0.loss_cls: 0.2980  s0.pos_acc: 100.0000  s0.loss_bbox: 0.7041  s0.loss_iou: 0.9936  s1.loss_cls: 0.2845  s1.pos_acc: 100.0000  s1.loss_bbox: 0.7198  s1.loss_iou: 0.9527
2026/03/31 18:51:32 - mmengine - INFO - Epoch(train)  [2][ 4500/10002]  lr: 5.0000e-06  eta: 11:02:42  time: 0.3762  data_time: 0.0030  memory: 7329  grad_norm: 96.6614  loss: 8.9719  rpn_s.0.loss_cls: 0.6594  rpn_s.0.loss_bbox: 0.1140  rpn_s.0.loss_giou: 0.8631  rpn_s.1.loss_cls: 0.4495  rpn_s.1.loss_bbox: 0.0567  rpn_s.1.loss_giou: 0.4575  rpn_s.2.loss_cls: 0.3823  rpn_s.2.loss_bbox: 0.0509  rpn_s.2.loss_giou: 0.4063  rpn_s.3.loss_cls: 0.3416  rpn_s.3.loss_bbox: 0.0475  rpn_s.3.loss_giou: 0.3853  s0.loss_cls: 0.3964  s0.pos_acc: 70.8000  s0.loss_bbox: 0.7130  s0.loss_iou: 1.2592  s1.loss_cls: 0.3930  s1.pos_acc: 73.2000  s1.loss_bbox: 0.7696  s1.loss_iou: 1.2267
2026/03/31 18:51:51 - mmengine - INFO - Epoch(train)  [2][ 4550/10002]  lr: 5.0000e-06  eta: 11:02:24  time: 0.3791  data_time: 0.0031  memory: 7329  grad_norm: 104.6260  loss: 7.8268  rpn_s.0.loss_cls: 0.6149  rpn_s.0.loss_bbox: 0.1077  rpn_s.0.loss_giou: 0.7661  rpn_s.1.loss_cls: 0.4186  rpn_s.1.loss_bbox: 0.0518  rpn_s.1.loss_giou: 0.4129  rpn_s.2.loss_cls: 0.3512  rpn_s.2.loss_bbox: 0.0435  rpn_s.2.loss_giou: 0.3612  rpn_s.3.loss_cls: 0.3178  rpn_s.3.loss_bbox: 0.0403  rpn_s.3.loss_giou: 0.3382  s0.loss_cls: 0.3585  s0.pos_acc: 75.6757  s0.loss_bbox: 0.5655  s0.loss_iou: 1.0979  s1.loss_cls: 0.3573  s1.pos_acc: 85.1351  s1.loss_bbox: 0.5736  s1.loss_iou: 1.0498
2026/03/31 18:52:10 - mmengine - INFO - Epoch(train)  [2][ 4600/10002]  lr: 5.0000e-06  eta: 11:02:04  time: 0.3730  data_time: 0.0030  memory: 7329  grad_norm: 103.7777  loss: 7.9158  rpn_s.0.loss_cls: 0.6261  rpn_s.0.loss_bbox: 0.0931  rpn_s.0.loss_giou: 0.7491  rpn_s.1.loss_cls: 0.4361  rpn_s.1.loss_bbox: 0.0435  rpn_s.1.loss_giou: 0.4005  rpn_s.2.loss_cls: 0.3593  rpn_s.2.loss_bbox: 0.0378  rpn_s.2.loss_giou: 0.3536  rpn_s.3.loss_cls: 0.3098  rpn_s.3.loss_bbox: 0.0351  rpn_s.3.loss_giou: 0.3365  s0.loss_cls: 0.3524  s0.pos_acc: 83.3333  s0.loss_bbox: 0.6545  s0.loss_iou: 1.0724  s1.loss_cls: 0.3510  s1.pos_acc: 90.0000  s1.loss_bbox: 0.6733  s1.loss_iou: 1.0317
2026/03/31 18:52:29 - mmengine - INFO - Epoch(train)  [2][ 4650/10002]  lr: 5.0000e-06  eta: 11:01:48  time: 0.3858  data_time: 0.0080  memory: 7330  grad_norm: 105.2717  loss: 7.8731  rpn_s.0.loss_cls: 0.5834  rpn_s.0.loss_bbox: 0.0961  rpn_s.0.loss_giou: 0.8075  rpn_s.1.loss_cls: 0.3895  rpn_s.1.loss_bbox: 0.0443  rpn_s.1.loss_giou: 0.4081  rpn_s.2.loss_cls: 0.3172  rpn_s.2.loss_bbox: 0.0384  rpn_s.2.loss_giou: 0.3585  rpn_s.3.loss_cls: 0.2848  rpn_s.3.loss_bbox: 0.0352  rpn_s.3.loss_giou: 0.3375  s0.loss_cls: 0.3270  s0.pos_acc: 82.8947  s0.loss_bbox: 0.6603  s0.loss_iou: 1.1270  s1.loss_cls: 0.3138  s1.pos_acc: 84.7744  s1.loss_bbox: 0.6728  s1.loss_iou: 1.0716
2026/03/31 18:52:48 - mmengine - INFO - Epoch(train)  [2][ 4700/10002]  lr: 5.0000e-06  eta: 11:01:28  time: 0.3727  data_time: 0.0030  memory: 7329  grad_norm: 93.1503  loss: 7.9688  rpn_s.0.loss_cls: 0.6197  rpn_s.0.loss_bbox: 0.0960  rpn_s.0.loss_giou: 0.7619  rpn_s.1.loss_cls: 0.4147  rpn_s.1.loss_bbox: 0.0483  rpn_s.1.loss_giou: 0.4161  rpn_s.2.loss_cls: 0.3509  rpn_s.2.loss_bbox: 0.0422  rpn_s.2.loss_giou: 0.3657  rpn_s.3.loss_cls: 0.3132  rpn_s.3.loss_bbox: 0.0398  rpn_s.3.loss_giou: 0.3449  s0.loss_cls: 0.3765  s0.pos_acc: 90.0000  s0.loss_bbox: 0.5877  s0.loss_iou: 1.1173  s1.loss_cls: 0.3648  s1.pos_acc: 87.5000  s1.loss_bbox: 0.6157  s1.loss_iou: 1.0934
2026/03/31 18:53:06 - mmengine - INFO - Epoch(train)  [2][ 4750/10002]  lr: 5.0000e-06  eta: 11:01:08  time: 0.3733  data_time: 0.0030  memory: 7329  grad_norm: 90.1727  loss: 7.8838  rpn_s.0.loss_cls: 0.6109  rpn_s.0.loss_bbox: 0.0956  rpn_s.0.loss_giou: 0.7558  rpn_s.1.loss_cls: 0.4114  rpn_s.1.loss_bbox: 0.0474  rpn_s.1.loss_giou: 0.3998  rpn_s.2.loss_cls: 0.3273  rpn_s.2.loss_bbox: 0.0421  rpn_s.2.loss_giou: 0.3587  rpn_s.3.loss_cls: 0.2854  rpn_s.3.loss_bbox: 0.0405  rpn_s.3.loss_giou: 0.3396  s0.loss_cls: 0.3257  s0.pos_acc: 73.8562  s0.loss_bbox: 0.6815  s0.loss_iou: 1.0928  s1.loss_cls: 0.3090  s1.pos_acc: 75.8170  s1.loss_bbox: 0.7057  s1.loss_iou: 1.0545
2026/03/31 18:53:25 - mmengine - INFO - Epoch(train)  [2][ 4800/10002]  lr: 5.0000e-06  eta: 11:00:49  time: 0.3766  data_time: 0.0031  memory: 7329  grad_norm: 80.8323  loss: 8.0710  rpn_s.0.loss_cls: 0.6176  rpn_s.0.loss_bbox: 0.0937  rpn_s.0.loss_giou: 0.7866  rpn_s.1.loss_cls: 0.4285  rpn_s.1.loss_bbox: 0.0439  rpn_s.1.loss_giou: 0.4229  rpn_s.2.loss_cls: 0.3497  rpn_s.2.loss_bbox: 0.0373  rpn_s.2.loss_giou: 0.3726  rpn_s.3.loss_cls: 0.3053  rpn_s.3.loss_bbox: 0.0341  rpn_s.3.loss_giou: 0.3533  s0.loss_cls: 0.3489  s0.pos_acc: 100.0000  s0.loss_bbox: 0.5925  s0.loss_iou: 1.1643  s1.loss_cls: 0.3450  s1.pos_acc: 100.0000  s1.loss_bbox: 0.6544  s1.loss_iou: 1.1205
2026/03/31 18:53:47 - mmengine - INFO - Epoch(train)  [2][ 4850/10002]  lr: 5.0000e-06  eta: 11:00:52  time: 0.4399  data_time: 0.0675  memory: 7329  grad_norm: 85.0683  loss: 8.3649  rpn_s.0.loss_cls: 0.6471  rpn_s.0.loss_bbox: 0.0996  rpn_s.0.loss_giou: 0.8575  rpn_s.1.loss_cls: 0.4311  rpn_s.1.loss_bbox: 0.0443  rpn_s.1.loss_giou: 0.4377  rpn_s.2.loss_cls: 0.3561  rpn_s.2.loss_bbox: 0.0389  rpn_s.2.loss_giou: 0.3862  rpn_s.3.loss_cls: 0.3125  rpn_s.3.loss_bbox: 0.0352  rpn_s.3.loss_giou: 0.3635  s0.loss_cls: 0.3598  s0.pos_acc: 87.5000  s0.loss_bbox: 0.6351  s0.loss_iou: 1.1800  s1.loss_cls: 0.3529  s1.pos_acc: 95.8333  s1.loss_bbox: 0.6827  s1.loss_iou: 1.1446
2026/03/31 18:54:06 - mmengine - INFO - Epoch(train)  [2][ 4900/10002]  lr: 5.0000e-06  eta: 11:00:33  time: 0.3754  data_time: 0.0029  memory: 7329  grad_norm: 85.5369  loss: 7.6996  rpn_s.0.loss_cls: 0.5979  rpn_s.0.loss_bbox: 0.0993  rpn_s.0.loss_giou: 0.7316  rpn_s.1.loss_cls: 0.4195  rpn_s.1.loss_bbox: 0.0504  rpn_s.1.loss_giou: 0.3999  rpn_s.2.loss_cls: 0.3300  rpn_s.2.loss_bbox: 0.0448  rpn_s.2.loss_giou: 0.3556  rpn_s.3.loss_cls: 0.2984  rpn_s.3.loss_bbox: 0.0414  rpn_s.3.loss_giou: 0.3325  s0.loss_cls: 0.3321  s0.pos_acc: 90.6250  s0.loss_bbox: 0.6447  s0.loss_iou: 1.0431  s1.loss_cls: 0.3316  s1.pos_acc: 81.2500  s1.loss_bbox: 0.6449  s1.loss_iou: 1.0018
2026/03/31 18:54:26 - mmengine - INFO - Epoch(train)  [2][ 4950/10002]  lr: 5.0000e-06  eta: 11:00:21  time: 0.3960  data_time: 0.0258  memory: 7329  grad_norm: 97.0082  loss: 7.5735  rpn_s.0.loss_cls: 0.5899  rpn_s.0.loss_bbox: 0.0964  rpn_s.0.loss_giou: 0.6723  rpn_s.1.loss_cls: 0.4145  rpn_s.1.loss_bbox: 0.0512  rpn_s.1.loss_giou: 0.3799  rpn_s.2.loss_cls: 0.3467  rpn_s.2.loss_bbox: 0.0456  rpn_s.2.loss_giou: 0.3341  rpn_s.3.loss_cls: 0.3139  rpn_s.3.loss_bbox: 0.0413  rpn_s.3.loss_giou: 0.3151  s0.loss_cls: 0.3399  s0.pos_acc: 64.0000  s0.loss_bbox: 0.6409  s0.loss_iou: 1.0149  s1.loss_cls: 0.3389  s1.pos_acc: 42.0000  s1.loss_bbox: 0.6577  s1.loss_iou: 0.9803
2026/03/31 18:54:44 - mmengine - INFO - Exp name: GSDet_r50_b900_h2h4_h2r1_r2r1_2x_fair1m1.0_20260331_165920
2026/03/31 18:54:45 - mmengine - INFO - Epoch(train)  [2][ 5000/10002]  lr: 5.0000e-06  eta: 11:00:04  time: 0.3849  data_time: 0.0155  memory: 7329  grad_norm: 108.7681  loss: 7.2702  rpn_s.0.loss_cls: 0.5622  rpn_s.0.loss_bbox: 0.0948  rpn_s.0.loss_giou: 0.6364  rpn_s.1.loss_cls: 0.3937  rpn_s.1.loss_bbox: 0.0484  rpn_s.1.loss_giou: 0.3470  rpn_s.2.loss_cls: 0.3124  rpn_s.2.loss_bbox: 0.0420  rpn_s.2.loss_giou: 0.3050  rpn_s.3.loss_cls: 0.2804  rpn_s.3.loss_bbox: 0.0395  rpn_s.3.loss_giou: 0.2911  s0.loss_cls: 0.3385  s0.pos_acc: 100.0000  s0.loss_bbox: 0.6642  s0.loss_iou: 0.9709  s1.loss_cls: 0.3361  s1.pos_acc: 100.0000  s1.loss_bbox: 0.6773  s1.loss_iou: 0.9304
2026/03/31 18:55:05 - mmengine - INFO - Epoch(train)  [2][ 5050/10002]  lr: 5.0000e-06  eta: 10:59:56  time: 0.4079  data_time: 0.0334  memory: 7330  grad_norm: 88.5343  loss: 7.9139  rpn_s.0.loss_cls: 0.6233  rpn_s.0.loss_bbox: 0.0965  rpn_s.0.loss_giou: 0.7337  rpn_s.1.loss_cls: 0.4281  rpn_s.1.loss_bbox: 0.0486  rpn_s.1.loss_giou: 0.4067  rpn_s.2.loss_cls: 0.3500  rpn_s.2.loss_bbox: 0.0420  rpn_s.2.loss_giou: 0.3634  rpn_s.3.loss_cls: 0.3180  rpn_s.3.loss_bbox: 0.0395  rpn_s.3.loss_giou: 0.3446  s0.loss_cls: 0.3523  s0.pos_acc: 84.3750  s0.loss_bbox: 0.5911  s0.loss_iou: 1.1262  s1.loss_cls: 0.3627  s1.pos_acc: 93.7500  s1.loss_bbox: 0.5949  s1.loss_iou: 1.0922
2026/03/31 18:55:24 - mmengine - INFO - Epoch(train)  [2][ 5100/10002]  lr: 5.0000e-06  eta: 10:59:35  time: 0.3699  data_time: 0.0030  memory: 7329  grad_norm: 95.4151  loss: 7.7646  rpn_s.0.loss_cls: 0.6215  rpn_s.0.loss_bbox: 0.0955  rpn_s.0.loss_giou: 0.7138  rpn_s.1.loss_cls: 0.4226  rpn_s.1.loss_bbox: 0.0492  rpn_s.1.loss_giou: 0.3918  rpn_s.2.loss_cls: 0.3440  rpn_s.2.loss_bbox: 0.0430  rpn_s.2.loss_giou: 0.3518  rpn_s.3.loss_cls: 0.3175  rpn_s.3.loss_bbox: 0.0400  rpn_s.3.loss_giou: 0.3332  s0.loss_cls: 0.3814  s0.pos_acc: 85.0000  s0.loss_bbox: 0.5610  s0.loss_iou: 1.0901  s1.loss_cls: 0.3749  s1.pos_acc: 82.5000  s1.loss_bbox: 0.5973  s1.loss_iou: 1.0358
2026/03/31 18:55:43 - mmengine - INFO - Epoch(train)  [2][ 5150/10002]  lr: 5.0000e-06  eta: 10:59:18  time: 0.3818  data_time: 0.0141  memory: 7329  grad_norm: 95.1313  loss: 7.5170  rpn_s.0.loss_cls: 0.6223  rpn_s.0.loss_bbox: 0.0907  rpn_s.0.loss_giou: 0.7241  rpn_s.1.loss_cls: 0.4070  rpn_s.1.loss_bbox: 0.0404  rpn_s.1.loss_giou: 0.3777  rpn_s.2.loss_cls: 0.3291  rpn_s.2.loss_bbox: 0.0354  rpn_s.2.loss_giou: 0.3342  rpn_s.3.loss_cls: 0.2848  rpn_s.3.loss_bbox: 0.0339  rpn_s.3.loss_giou: 0.3207  s0.loss_cls: 0.3333  s0.pos_acc: 73.9130  s0.loss_bbox: 0.5942  s0.loss_iou: 1.0471  s1.loss_cls: 0.3209  s1.pos_acc: 83.9130  s1.loss_bbox: 0.6191  s1.loss_iou: 1.0023
2026/03/31 18:56:02 - mmengine - INFO - Epoch(train)  [2][ 5200/10002]  lr: 5.0000e-06  eta: 10:58:59  time: 0.3778  data_time: 0.0029  memory: 7330  grad_norm: 93.5600  loss: 7.7164  rpn_s.0.loss_cls: 0.6370  rpn_s.0.loss_bbox: 0.1027  rpn_s.0.loss_giou: 0.7028  rpn_s.1.loss_cls: 0.4358  rpn_s.1.loss_bbox: 0.0504  rpn_s.1.loss_giou: 0.3749  rpn_s.2.loss_cls: 0.3698  rpn_s.2.loss_bbox: 0.0437  rpn_s.2.loss_giou: 0.3304  rpn_s.3.loss_cls: 0.3216  rpn_s.3.loss_bbox: 0.0393  rpn_s.3.loss_giou: 0.3098  s0.loss_cls: 0.3654  s0.pos_acc: 75.0000  s0.loss_bbox: 0.6156  s0.loss_iou: 1.0382  s1.loss_cls: 0.3577  s1.pos_acc: 87.5000  s1.loss_bbox: 0.6260  s1.loss_iou: 0.9954
2026/03/31 18:56:21 - mmengine - INFO - Epoch(train)  [2][ 5250/10002]  lr: 5.0000e-06  eta: 10:58:40  time: 0.3754  data_time: 0.0029  memory: 7329  grad_norm: 102.7034  loss: 7.7046  rpn_s.0.loss_cls: 0.6141  rpn_s.0.loss_bbox: 0.1011  rpn_s.0.loss_giou: 0.7431  rpn_s.1.loss_cls: 0.4324  rpn_s.1.loss_bbox: 0.0453  rpn_s.1.loss_giou: 0.3781  rpn_s.2.loss_cls: 0.3541  rpn_s.2.loss_bbox: 0.0407  rpn_s.2.loss_giou: 0.3329  rpn_s.3.loss_cls: 0.3178  rpn_s.3.loss_bbox: 0.0367  rpn_s.3.loss_giou: 0.3128  s0.loss_cls: 0.3460  s0.pos_acc: 61.5854  s0.loss_bbox: 0.6109  s0.loss_iou: 1.0438  s1.loss_cls: 0.3482  s1.pos_acc: 65.8537  s1.loss_bbox: 0.6519  s1.loss_iou: 0.9946
2026/03/31 18:56:39 - mmengine - INFO - Epoch(train)  [2][ 5300/10002]  lr: 5.0000e-06  eta: 10:58:19  time: 0.3733  data_time: 0.0029  memory: 7329  grad_norm: 95.8393  loss: 7.6219  rpn_s.0.loss_cls: 0.5976  rpn_s.0.loss_bbox: 0.0998  rpn_s.0.loss_giou: 0.7637  rpn_s.1.loss_cls: 0.3981  rpn_s.1.loss_bbox: 0.0451  rpn_s.1.loss_giou: 0.3867  rpn_s.2.loss_cls: 0.3205  rpn_s.2.loss_bbox: 0.0391  rpn_s.2.loss_giou: 0.3324  rpn_s.3.loss_cls: 0.2904  rpn_s.3.loss_bbox: 0.0362  rpn_s.3.loss_giou: 0.3156  s0.loss_cls: 0.3174  s0.pos_acc: 62.6984  s0.loss_bbox: 0.6382  s0.loss_iou: 1.0517  s1.loss_cls: 0.3084  s1.pos_acc: 68.2540  s1.loss_bbox: 0.6629  s1.loss_iou: 1.0185
2026/03/31 18:56:59 - mmengine - INFO - Epoch(train)  [2][ 5350/10002]  lr: 5.0000e-06  eta: 10:58:03  time: 0.3850  data_time: 0.0110  memory: 7329  grad_norm: 107.0210  loss: 8.4902  rpn_s.0.loss_cls: 0.6469  rpn_s.0.loss_bbox: 0.1018  rpn_s.0.loss_giou: 0.7812  rpn_s.1.loss_cls: 0.4566  rpn_s.1.loss_bbox: 0.0536  rpn_s.1.loss_giou: 0.4366  rpn_s.2.loss_cls: 0.3753  rpn_s.2.loss_bbox: 0.0479  rpn_s.2.loss_giou: 0.3893  rpn_s.3.loss_cls: 0.3371  rpn_s.3.loss_bbox: 0.0445  rpn_s.3.loss_giou: 0.3629  s0.loss_cls: 0.4051  s0.pos_acc: 71.9931  s0.loss_bbox: 0.6126  s0.loss_iou: 1.2339  s1.loss_cls: 0.3795  s1.pos_acc: 74.0550  s1.loss_bbox: 0.6208  s1.loss_iou: 1.2045
2026/03/31 18:57:17 - mmengine - INFO - Epoch(train)  [2][ 5400/10002]  lr: 5.0000e-06  eta: 10:57:44  time: 0.3761  data_time: 0.0029  memory: 7329  grad_norm: 90.5421  loss: 7.9964  rpn_s.0.loss_cls: 0.6340  rpn_s.0.loss_bbox: 0.0935  rpn_s.0.loss_giou: 0.7873  rpn_s.1.loss_cls: 0.4176  rpn_s.1.loss_bbox: 0.0414  rpn_s.1.loss_giou: 0.4105  rpn_s.2.loss_cls: 0.3345  rpn_s.2.loss_bbox: 0.0354  rpn_s.2.loss_giou: 0.3604  rpn_s.3.loss_cls: 0.2949  rpn_s.3.loss_bbox: 0.0323  rpn_s.3.loss_giou: 0.3388  s0.loss_cls: 0.3404  s0.pos_acc: 75.0000  s0.loss_bbox: 0.6710  s0.loss_iou: 1.1229  s1.loss_cls: 0.3284  s1.pos_acc: 50.0000  s1.loss_bbox: 0.6804  s1.loss_iou: 1.0727
2026/03/31 18:57:38 - mmengine - INFO - Epoch(train)  [2][ 5450/10002]  lr: 5.0000e-06  eta: 10:57:35  time: 0.4062  data_time: 0.0252  memory: 7330  grad_norm: 85.2643  loss: 8.5306  rpn_s.0.loss_cls: 0.6439  rpn_s.0.loss_bbox: 0.1044  rpn_s.0.loss_giou: 0.8870  rpn_s.1.loss_cls: 0.4426  rpn_s.1.loss_bbox: 0.0456  rpn_s.1.loss_giou: 0.4569  rpn_s.2.loss_cls: 0.3720  rpn_s.2.loss_bbox: 0.0405  rpn_s.2.loss_giou: 0.4042  rpn_s.3.loss_cls: 0.3301  rpn_s.3.loss_bbox: 0.0382  rpn_s.3.loss_giou: 0.3832  s0.loss_cls: 0.3813  s0.pos_acc: 81.6667  s0.loss_bbox: 0.5613  s0.loss_iou: 1.2646  s1.loss_cls: 0.3680  s1.pos_acc: 86.6667  s1.loss_bbox: 0.5880  s1.loss_iou: 1.2188
2026/03/31 18:57:58 - mmengine - INFO - Epoch(train)  [2][ 5500/10002]  lr: 5.0000e-06  eta: 10:57:25  time: 0.4053  data_time: 0.0316  memory: 7329  grad_norm: 75.8718  loss: 8.3806  rpn_s.0.loss_cls: 0.6324  rpn_s.0.loss_bbox: 0.0980  rpn_s.0.loss_giou: 0.8443  rpn_s.1.loss_cls: 0.4204  rpn_s.1.loss_bbox: 0.0434  rpn_s.1.loss_giou: 0.4497  rpn_s.2.loss_cls: 0.3446  rpn_s.2.loss_bbox: 0.0370  rpn_s.2.loss_giou: 0.3916  rpn_s.3.loss_cls: 0.3062  rpn_s.3.loss_bbox: 0.0335  rpn_s.3.loss_giou: 0.3706  s0.loss_cls: 0.3627  s0.pos_acc: 74.0000  s0.loss_bbox: 0.6332  s0.loss_iou: 1.2145  s1.loss_cls: 0.3421  s1.pos_acc: 72.0000  s1.loss_bbox: 0.6747  s1.loss_iou: 1.1818
2026/03/31 18:58:18 - mmengine - INFO - Epoch(train)  [2][ 5550/10002]  lr: 5.0000e-06  eta: 10:57:12  time: 0.3945  data_time: 0.0212  memory: 7329  grad_norm: 96.6880  loss: 7.6388  rpn_s.0.loss_cls: 0.5998  rpn_s.0.loss_bbox: 0.0978  rpn_s.0.loss_giou: 0.7262  rpn_s.1.loss_cls: 0.4216  rpn_s.1.loss_bbox: 0.0475  rpn_s.1.loss_giou: 0.3909  rpn_s.2.loss_cls: 0.3354  rpn_s.2.loss_bbox: 0.0412  rpn_s.2.loss_giou: 0.3383  rpn_s.3.loss_cls: 0.3012  rpn_s.3.loss_bbox: 0.0360  rpn_s.3.loss_giou: 0.3110  s0.loss_cls: 0.3421  s0.pos_acc: 76.6055  s0.loss_bbox: 0.6138  s0.loss_iou: 1.0565  s1.loss_cls: 0.3355  s1.pos_acc: 81.6514  s1.loss_bbox: 0.6257  s1.loss_iou: 1.0181
2026/03/31 18:58:37 - mmengine - INFO - Epoch(train)  [2][ 5600/10002]  lr: 5.0000e-06  eta: 10:56:53  time: 0.3770  data_time: 0.0037  memory: 7329  grad_norm: 98.2566  loss: 7.9035  rpn_s.0.loss_cls: 0.6279  rpn_s.0.loss_bbox: 0.0973  rpn_s.0.loss_giou: 0.7799  rpn_s.1.loss_cls: 0.4274  rpn_s.1.loss_bbox: 0.0444  rpn_s.1.loss_giou: 0.4063  rpn_s.2.loss_cls: 0.3474  rpn_s.2.loss_bbox: 0.0373  rpn_s.2.loss_giou: 0.3476  rpn_s.3.loss_cls: 0.3171  rpn_s.3.loss_bbox: 0.0344  rpn_s.3.loss_giou: 0.3274  s0.loss_cls: 0.3534  s0.pos_acc: 68.8000  s0.loss_bbox: 0.6445  s0.loss_iou: 1.0841  s1.loss_cls: 0.3403  s1.pos_acc: 64.4000  s1.loss_bbox: 0.6388  s1.loss_iou: 1.0480
2026/03/31 18:58:55 - mmengine - INFO - Epoch(train)  [2][ 5650/10002]  lr: 5.0000e-06  eta: 10:56:33  time: 0.3728  data_time: 0.0030  memory: 7329  grad_norm: 101.3729  loss: 7.9194  rpn_s.0.loss_cls: 0.6162  rpn_s.0.loss_bbox: 0.0989  rpn_s.0.loss_giou: 0.7735  rpn_s.1.loss_cls: 0.4204  rpn_s.1.loss_bbox: 0.0472  rpn_s.1.loss_giou: 0.4095  rpn_s.2.loss_cls: 0.3488  rpn_s.2.loss_bbox: 0.0406  rpn_s.2.loss_giou: 0.3653  rpn_s.3.loss_cls: 0.3083  rpn_s.3.loss_bbox: 0.0385  rpn_s.3.loss_giou: 0.3470  s0.loss_cls: 0.3738  s0.pos_acc: 82.2222  s0.loss_bbox: 0.5857  s0.loss_iou: 1.0998  s1.loss_cls: 0.3740  s1.pos_acc: 81.1111  s1.loss_bbox: 0.6147  s1.loss_iou: 1.0571
2026/03/31 18:59:14 - mmengine - INFO - Epoch(train)  [2][ 5700/10002]  lr: 5.0000e-06  eta: 10:56:13  time: 0.3729  data_time: 0.0030  memory: 7329  grad_norm: 87.2463  loss: 7.7381  rpn_s.0.loss_cls: 0.6266  rpn_s.0.loss_bbox: 0.0897  rpn_s.0.loss_giou: 0.7586  rpn_s.1.loss_cls: 0.4220  rpn_s.1.loss_bbox: 0.0400  rpn_s.1.loss_giou: 0.3974  rpn_s.2.loss_cls: 0.3511  rpn_s.2.loss_bbox: 0.0337  rpn_s.2.loss_giou: 0.3454  rpn_s.3.loss_cls: 0.3113  rpn_s.3.loss_bbox: 0.0315  rpn_s.3.loss_giou: 0.3274  s0.loss_cls: 0.3487  s0.pos_acc: 81.4103  s0.loss_bbox: 0.5909  s0.loss_iou: 1.0753  s1.loss_cls: 0.3426  s1.pos_acc: 87.8205  s1.loss_bbox: 0.6150  s1.loss_iou: 1.0309
2026/03/31 18:59:33 - mmengine - INFO - Epoch(train)  [2][ 5750/10002]  lr: 5.0000e-06  eta: 10:55:53  time: 0.3757  data_time: 0.0029  memory: 7329  grad_norm: 86.9251  loss: 8.3116  rpn_s.0.loss_cls: 0.6272  rpn_s.0.loss_bbox: 0.1001  rpn_s.0.loss_giou: 0.8309  rpn_s.1.loss_cls: 0.4307  rpn_s.1.loss_bbox: 0.0440  rpn_s.1.loss_giou: 0.4257  rpn_s.2.loss_cls: 0.3589  rpn_s.2.loss_bbox: 0.0379  rpn_s.2.loss_giou: 0.3743  rpn_s.3.loss_cls: 0.3178  rpn_s.3.loss_bbox: 0.0353  rpn_s.3.loss_giou: 0.3576  s0.loss_cls: 0.3532  s0.pos_acc: 96.5517  s0.loss_bbox: 0.6338  s0.loss_iou: 1.2055  s1.loss_cls: 0.3505  s1.pos_acc: 96.5517  s1.loss_bbox: 0.6748  s1.loss_iou: 1.1533
2026/03/31 18:59:51 - mmengine - INFO - Epoch(train)  [2][ 5800/10002]  lr: 5.0000e-06  eta: 10:55:34  time: 0.3764  data_time: 0.0030  memory: 7329  grad_norm: 87.2095  loss: 7.8592  rpn_s.0.loss_cls: 0.6054  rpn_s.0.loss_bbox: 0.0985  rpn_s.0.loss_giou: 0.7793  rpn_s.1.loss_cls: 0.4274  rpn_s.1.loss_bbox: 0.0426  rpn_s.1.loss_giou: 0.3938  rpn_s.2.loss_cls: 0.3482  rpn_s.2.loss_bbox: 0.0369  rpn_s.2.loss_giou: 0.3460  rpn_s.3.loss_cls: 0.3139  rpn_s.3.loss_bbox: 0.0335  rpn_s.3.loss_giou: 0.3240  s0.loss_cls: 0.3498  s0.pos_acc: 84.0206  s0.loss_bbox: 0.5916  s0.loss_iou: 1.1134  s1.loss_cls: 0.3413  s1.pos_acc: 79.3814  s1.loss_bbox: 0.6339  s1.loss_iou: 1.0799
2026/03/31 19:00:10 - mmengine - INFO - Epoch(train)  [2][ 5850/10002]  lr: 5.0000e-06  eta: 10:55:13  time: 0.3718  data_time: 0.0030  memory: 7329  grad_norm: 96.2335  loss: 8.4486  rpn_s.0.loss_cls: 0.6389  rpn_s.0.loss_bbox: 0.1049  rpn_s.0.loss_giou: 0.8510  rpn_s.1.loss_cls: 0.4388  rpn_s.1.loss_bbox: 0.0461  rpn_s.1.loss_giou: 0.4325  rpn_s.2.loss_cls: 0.3672  rpn_s.2.loss_bbox: 0.0409  rpn_s.2.loss_giou: 0.3871  rpn_s.3.loss_cls: 0.3237  rpn_s.3.loss_bbox: 0.0379  rpn_s.3.loss_giou: 0.3631  s0.loss_cls: 0.3558  s0.pos_acc: 100.0000  s0.loss_bbox: 0.6591  s0.loss_iou: 1.2046  s1.loss_cls: 0.3562  s1.pos_acc: 100.0000  s1.loss_bbox: 0.6923  s1.loss_iou: 1.1487
2026/03/31 19:00:29 - mmengine - INFO - Epoch(train)  [2][ 5900/10002]  lr: 5.0000e-06  eta: 10:54:53  time: 0.3732  data_time: 0.0030  memory: 7329  grad_norm: 92.3449  loss: 7.9865  rpn_s.0.loss_cls: 0.6028  rpn_s.0.loss_bbox: 0.0891  rpn_s.0.loss_giou: 0.7527  rpn_s.1.loss_cls: 0.4051  rpn_s.1.loss_bbox: 0.0415  rpn_s.1.loss_giou: 0.4119  rpn_s.2.loss_cls: 0.3419  rpn_s.2.loss_bbox: 0.0360  rpn_s.2.loss_giou: 0.3648  rpn_s.3.loss_cls: 0.3007  rpn_s.3.loss_bbox: 0.0335  rpn_s.3.loss_giou: 0.3477  s0.loss_cls: 0.3398  s0.pos_acc: 77.7778  s0.loss_bbox: 0.6688  s0.loss_iou: 1.1292  s1.loss_cls: 0.3428  s1.pos_acc: 77.7778  s1.loss_bbox: 0.6904  s1.loss_iou: 1.0879
2026/03/31 19:00:48 - mmengine - INFO - Epoch(train)  [2][ 5950/10002]  lr: 5.0000e-06  eta: 10:54:36  time: 0.3832  data_time: 0.0056  memory: 7329  grad_norm: 77.4322  loss: 9.0601  rpn_s.0.loss_cls: 0.6910  rpn_s.0.loss_bbox: 0.1104  rpn_s.0.loss_giou: 0.9467  rpn_s.1.loss_cls: 0.4700  rpn_s.1.loss_bbox: 0.0489  rpn_s.1.loss_giou: 0.4807  rpn_s.2.loss_cls: 0.4017  rpn_s.2.loss_bbox: 0.0409  rpn_s.2.loss_giou: 0.4119  rpn_s.3.loss_cls: 0.3599  rpn_s.3.loss_bbox: 0.0369  rpn_s.3.loss_giou: 0.3876  s0.loss_cls: 0.4045  s0.pos_acc: 76.4706  s0.loss_bbox: 0.6363  s0.loss_iou: 1.3151  s1.loss_cls: 0.4003  s1.pos_acc: 76.4706  s1.loss_bbox: 0.6483  s1.loss_iou: 1.2689
2026/03/31 19:01:09 - mmengine - INFO - Exp name: GSDet_r50_b900_h2h4_h2r1_r2r1_2x_fair1m1.0_20260331_165920
2026/03/31 19:01:10 - mmengine - INFO - Epoch(train)  [2][ 6000/10002]  lr: 5.0000e-06  eta: 10:54:38  time: 0.4403  data_time: 0.0687  memory: 7329  grad_norm: 83.4709  loss: 8.3052  rpn_s.0.loss_cls: 0.6047  rpn_s.0.loss_bbox: 0.1042  rpn_s.0.loss_giou: 0.8242  rpn_s.1.loss_cls: 0.4273  rpn_s.1.loss_bbox: 0.0498  rpn_s.1.loss_giou: 0.4444  rpn_s.2.loss_cls: 0.3522  rpn_s.2.loss_bbox: 0.0405  rpn_s.2.loss_giou: 0.3860  rpn_s.3.loss_cls: 0.3109  rpn_s.3.loss_bbox: 0.0380  rpn_s.3.loss_giou: 0.3603  s0.loss_cls: 0.3669  s0.pos_acc: 75.0000  s0.loss_bbox: 0.6366  s0.loss_iou: 1.1832  s1.loss_cls: 0.3672  s1.pos_acc: 75.0000  s1.loss_bbox: 0.6605  s1.loss_iou: 1.1482
2026/03/31 19:01:29 - mmengine - INFO - Epoch(train)  [2][ 6050/10002]  lr: 5.0000e-06  eta: 10:54:22  time: 0.3867  data_time: 0.0153  memory: 7329  grad_norm: 102.3747  loss: 8.0553  rpn_s.0.loss_cls: 0.6131  rpn_s.0.loss_bbox: 0.0966  rpn_s.0.loss_giou: 0.7997  rpn_s.1.loss_cls: 0.4240  rpn_s.1.loss_bbox: 0.0418  rpn_s.1.loss_giou: 0.4137  rpn_s.2.loss_cls: 0.3678  rpn_s.2.loss_bbox: 0.0356  rpn_s.2.loss_giou: 0.3605  rpn_s.3.loss_cls: 0.3427  rpn_s.3.loss_bbox: 0.0330  rpn_s.3.loss_giou: 0.3404  s0.loss_cls: 0.3688  s0.pos_acc: 62.9630  s0.loss_bbox: 0.5999  s0.loss_iou: 1.1404  s1.loss_cls: 0.3696  s1.pos_acc: 55.5556  s1.loss_bbox: 0.6062  s1.loss_iou: 1.1016
2026/03/31 19:01:48 - mmengine - INFO - Epoch(train)  [2][ 6100/10002]  lr: 5.0000e-06  eta: 10:54:03  time: 0.3778  data_time: 0.0030  memory: 7329  grad_norm: 93.2979  loss: 7.5230  rpn_s.0.loss_cls: 0.5798  rpn_s.0.loss_bbox: 0.0970  rpn_s.0.loss_giou: 0.6932  rpn_s.1.loss_cls: 0.4060  rpn_s.1.loss_bbox: 0.0468  rpn_s.1.loss_giou: 0.3674  rpn_s.2.loss_cls: 0.3368  rpn_s.2.loss_bbox: 0.0404  rpn_s.2.loss_giou: 0.3226  rpn_s.3.loss_cls: 0.3011  rpn_s.3.loss_bbox: 0.0382  rpn_s.3.loss_giou: 0.3051  s0.loss_cls: 0.3185  s0.pos_acc: 90.0000  s0.loss_bbox: 0.6579  s0.loss_iou: 1.0396  s1.loss_cls: 0.3114  s1.pos_acc: 90.0000  s1.loss_bbox: 0.6701  s1.loss_iou: 0.9910
2026/03/31 19:02:07 - mmengine - INFO - Epoch(train)  [2][ 6150/10002]  lr: 5.0000e-06  eta: 10:53:43  time: 0.3741  data_time: 0.0030  memory: 7329  grad_norm: 95.6364  loss: 7.7621  rpn_s.0.loss_cls: 0.6136  rpn_s.0.loss_bbox: 0.1005  rpn_s.0.loss_giou: 0.7387  rpn_s.1.loss_cls: 0.4073  rpn_s.1.loss_bbox: 0.0482  rpn_s.1.loss_giou: 0.4048  rpn_s.2.loss_cls: 0.3314  rpn_s.2.loss_bbox: 0.0413  rpn_s.2.loss_giou: 0.3480  rpn_s.3.loss_cls: 0.2959  rpn_s.3.loss_bbox: 0.0378  rpn_s.3.loss_giou: 0.3298  s0.loss_cls: 0.3470  s0.pos_acc: 77.7778  s0.loss_bbox: 0.5813  s0.loss_iou: 1.1212  s1.loss_cls: 0.3378  s1.pos_acc: 77.7778  s1.loss_bbox: 0.6171  s1.loss_iou: 1.0603
2026/03/31 19:02:25 - mmengine - INFO - Epoch(train)  [2][ 6200/10002]  lr: 5.0000e-06  eta: 10:53:22  time: 0.3724  data_time: 0.0030  memory: 7329  grad_norm: 91.5447  loss: 8.1481  rpn_s.0.loss_cls: 0.6451  rpn_s.0.loss_bbox: 0.1010  rpn_s.0.loss_giou: 0.7762  rpn_s.1.loss_cls: 0.4386  rpn_s.1.loss_bbox: 0.0473  rpn_s.1.loss_giou: 0.4288  rpn_s.2.loss_cls: 0.3713  rpn_s.2.loss_bbox: 0.0393  rpn_s.2.loss_giou: 0.3734  rpn_s.3.loss_cls: 0.3194  rpn_s.3.loss_bbox: 0.0369  rpn_s.3.loss_giou: 0.3548  s0.loss_cls: 0.3761  s0.pos_acc: 62.5000  s0.loss_bbox: 0.5798  s0.loss_iou: 1.1609  s1.loss_cls: 0.3660  s1.pos_acc: 66.6667  s1.loss_bbox: 0.6185  s1.loss_iou: 1.1147
2026/03/31 19:02:44 - mmengine - INFO - Epoch(train)  [2][ 6250/10002]  lr: 5.0000e-06  eta: 10:53:04  time: 0.3793  data_time: 0.0030  memory: 7330  grad_norm: 102.9426  loss: 7.3619  rpn_s.0.loss_cls: 0.5880  rpn_s.0.loss_bbox: 0.0967  rpn_s.0.loss_giou: 0.6891  rpn_s.1.loss_cls: 0.3981  rpn_s.1.loss_bbox: 0.0463  rpn_s.1.loss_giou: 0.3661  rpn_s.2.loss_cls: 0.3246  rpn_s.2.loss_bbox: 0.0396  rpn_s.2.loss_giou: 0.3184  rpn_s.3.loss_cls: 0.2892  rpn_s.3.loss_bbox: 0.0376  rpn_s.3.loss_giou: 0.2996  s0.loss_cls: 0.3240  s0.pos_acc: 100.0000  s0.loss_bbox: 0.6379  s0.loss_iou: 1.0037  s1.loss_cls: 0.3147  s1.pos_acc: 100.0000  s1.loss_bbox: 0.6313  s1.loss_iou: 0.9571
2026/03/31 19:03:04 - mmengine - INFO - Epoch(train)  [2][ 6300/10002]  lr: 5.0000e-06  eta: 10:52:49  time: 0.3895  data_time: 0.0030  memory: 7330  grad_norm: 86.7334  loss: 8.4488  rpn_s.0.loss_cls: 0.6161  rpn_s.0.loss_bbox: 0.1050  rpn_s.0.loss_giou: 0.8534  rpn_s.1.loss_cls: 0.4360  rpn_s.1.loss_bbox: 0.0499  rpn_s.1.loss_giou: 0.4458  rpn_s.2.loss_cls: 0.3558  rpn_s.2.loss_bbox: 0.0417  rpn_s.2.loss_giou: 0.3848  rpn_s.3.loss_cls: 0.3208  rpn_s.3.loss_bbox: 0.0381  rpn_s.3.loss_giou: 0.3597  s0.loss_cls: 0.3619  s0.pos_acc: 77.7778  s0.loss_bbox: 0.6237  s0.loss_iou: 1.2146  s1.loss_cls: 0.3711  s1.pos_acc: 55.5556  s1.loss_bbox: 0.6863  s1.loss_iou: 1.1842
2026/03/31 19:03:23 - mmengine - INFO - Epoch(train)  [2][ 6350/10002]  lr: 5.0000e-06  eta: 10:52:30  time: 0.3768  data_time: 0.0030  memory: 7329  grad_norm: 98.9968  loss: 7.8079  rpn_s.0.loss_cls: 0.5984  rpn_s.0.loss_bbox: 0.0991  rpn_s.0.loss_giou: 0.6902  rpn_s.1.loss_cls: 0.4483  rpn_s.1.loss_bbox: 0.0488  rpn_s.1.loss_giou: 0.3763  rpn_s.2.loss_cls: 0.3805  rpn_s.2.loss_bbox: 0.0410  rpn_s.2.loss_giou: 0.3305  rpn_s.3.loss_cls: 0.3428  rpn_s.3.loss_bbox: 0.0372  rpn_s.3.loss_giou: 0.3098  s0.loss_cls: 0.3864  s0.pos_acc: 71.4286  s0.loss_bbox: 0.6503  s0.loss_iou: 1.0411  s1.loss_cls: 0.3627  s1.pos_acc: 77.5510  s1.loss_bbox: 0.6521  s1.loss_iou: 1.0125
2026/03/31 19:03:54 - mmengine - INFO - Epoch(train)  [2][ 6400/10002]  lr: 5.0000e-06  eta: 10:53:29  time: 0.6265  data_time: 0.2539  memory: 7329  grad_norm: 85.5000  loss: 8.6412  rpn_s.0.loss_cls: 0.6385  rpn_s.0.loss_bbox: 0.1094  rpn_s.0.loss_giou: 0.8838  rpn_s.1.loss_cls: 0.4366  rpn_s.1.loss_bbox: 0.0522  rpn_s.1.loss_giou: 0.4575  rpn_s.2.loss_cls: 0.3534  rpn_s.2.loss_bbox: 0.0448  rpn_s.2.loss_giou: 0.3989  rpn_s.3.loss_cls: 0.3287  rpn_s.3.loss_bbox: 0.0404  rpn_s.3.loss_giou: 0.3686  s0.loss_cls: 0.3621  s0.pos_acc: 100.0000  s0.loss_bbox: 0.6510  s0.loss_iou: 1.2508  s1.loss_cls: 0.3561  s1.pos_acc: 100.0000  s1.loss_bbox: 0.6991  s1.loss_iou: 1.2093
2026/03/31 19:04:27 - mmengine - INFO - Epoch(train)  [2][ 6450/10002]  lr: 5.0000e-06  eta: 10:54:36  time: 0.6514  data_time: 0.2833  memory: 7329  grad_norm: 91.2231  loss: 8.0942  rpn_s.0.loss_cls: 0.6272  rpn_s.0.loss_bbox: 0.1078  rpn_s.0.loss_giou: 0.8197  rpn_s.1.loss_cls: 0.4273  rpn_s.1.loss_bbox: 0.0466  rpn_s.1.loss_giou: 0.4134  rpn_s.2.loss_cls: 0.3332  rpn_s.2.loss_bbox: 0.0389  rpn_s.2.loss_giou: 0.3589  rpn_s.3.loss_cls: 0.2900  rpn_s.3.loss_bbox: 0.0358  rpn_s.3.loss_giou: 0.3374  s0.loss_cls: 0.3301  s0.pos_acc: 74.4898  s0.loss_bbox: 0.6599  s0.loss_iou: 1.1413  s1.loss_cls: 0.3374  s1.pos_acc: 74.4898  s1.loss_bbox: 0.6947  s1.loss_iou: 1.0944
2026/03/31 19:05:01 - mmengine - INFO - Epoch(train)  [2][ 6500/10002]  lr: 5.0000e-06  eta: 10:55:55  time: 0.6916  data_time: 0.3053  memory: 7330  grad_norm: 100.9795  loss: 8.4961  rpn_s.0.loss_cls: 0.6255  rpn_s.0.loss_bbox: 0.1151  rpn_s.0.loss_giou: 0.8406  rpn_s.1.loss_cls: 0.4430  rpn_s.1.loss_bbox: 0.0571  rpn_s.1.loss_giou: 0.4512  rpn_s.2.loss_cls: 0.3629  rpn_s.2.loss_bbox: 0.0501  rpn_s.2.loss_giou: 0.3961  rpn_s.3.loss_cls: 0.3298  rpn_s.3.loss_bbox: 0.0459  rpn_s.3.loss_giou: 0.3735  s0.loss_cls: 0.3653  s0.pos_acc: 88.8889  s0.loss_bbox: 0.6696  s0.loss_iou: 1.1619  s1.loss_cls: 0.3579  s1.pos_acc: 86.1111  s1.loss_bbox: 0.7301  s1.loss_iou: 1.1207
2026/03/31 19:05:27 - mmengine - INFO - Epoch(train)  [2][ 6550/10002]  lr: 5.0000e-06  eta: 10:56:17  time: 0.5110  data_time: 0.1383  memory: 7329  grad_norm: 100.1761  loss: 7.6817  rpn_s.0.loss_cls: 0.5914  rpn_s.0.loss_bbox: 0.0959  rpn_s.0.loss_giou: 0.7649  rpn_s.1.loss_cls: 0.4144  rpn_s.1.loss_bbox: 0.0436  rpn_s.1.loss_giou: 0.3987  rpn_s.2.loss_cls: 0.3384  rpn_s.2.loss_bbox: 0.0365  rpn_s.2.loss_giou: 0.3477  rpn_s.3.loss_cls: 0.2979  rpn_s.3.loss_bbox: 0.0338  rpn_s.3.loss_giou: 0.3274  s0.loss_cls: 0.3508  s0.pos_acc: 76.9231  s0.loss_bbox: 0.5594  s0.loss_iou: 1.0832  s1.loss_cls: 0.3515  s1.pos_acc: 81.5385  s1.loss_bbox: 0.6035  s1.loss_iou: 1.0426
2026/03/31 19:05:50 - mmengine - INFO - Epoch(train)  [2][ 6600/10002]  lr: 5.0000e-06  eta: 10:56:26  time: 0.4711  data_time: 0.0983  memory: 7329  grad_norm: 84.1635  loss: 8.3119  rpn_s.0.loss_cls: 0.6262  rpn_s.0.loss_bbox: 0.1004  rpn_s.0.loss_giou: 0.8096  rpn_s.1.loss_cls: 0.4223  rpn_s.1.loss_bbox: 0.0482  rpn_s.1.loss_giou: 0.4284  rpn_s.2.loss_cls: 0.3375  rpn_s.2.loss_bbox: 0.0419  rpn_s.2.loss_giou: 0.3794  rpn_s.3.loss_cls: 0.2967  rpn_s.3.loss_bbox: 0.0390  rpn_s.3.loss_giou: 0.3583  s0.loss_cls: 0.3349  s0.pos_acc: 100.0000  s0.loss_bbox: 0.6990  s0.loss_iou: 1.1812  s1.loss_cls: 0.3341  s1.pos_acc: 100.0000  s1.loss_bbox: 0.7286  s1.loss_iou: 1.1461
2026/03/31 19:06:28 - mmengine - INFO - Epoch(train)  [2][ 6650/10002]  lr: 5.0000e-06  eta: 10:58:01  time: 0.7471  data_time: 0.3754  memory: 7329  grad_norm: 100.8184  loss: 7.8646  rpn_s.0.loss_cls: 0.5971  rpn_s.0.loss_bbox: 0.0912  rpn_s.0.loss_giou: 0.7917  rpn_s.1.loss_cls: 0.4100  rpn_s.1.loss_bbox: 0.0420  rpn_s.1.loss_giou: 0.4082  rpn_s.2.loss_cls: 0.3467  rpn_s.2.loss_bbox: 0.0357  rpn_s.2.loss_giou: 0.3585  rpn_s.3.loss_cls: 0.3111  rpn_s.3.loss_bbox: 0.0323  rpn_s.3.loss_giou: 0.3340  s0.loss_cls: 0.3433  s0.pos_acc: 81.7073  s0.loss_bbox: 0.5945  s0.loss_iou: 1.1304  s1.loss_cls: 0.3370  s1.pos_acc: 82.3171  s1.loss_bbox: 0.6179  s1.loss_iou: 1.0829
2026/03/31 19:06:52 - mmengine - INFO - Epoch(train)  [2][ 6700/10002]  lr: 5.0000e-06  eta: 10:58:12  time: 0.4780  data_time: 0.1101  memory: 7329  grad_norm: 94.0982  loss: 7.7151  rpn_s.0.loss_cls: 0.6179  rpn_s.0.loss_bbox: 0.0922  rpn_s.0.loss_giou: 0.7422  rpn_s.1.loss_cls: 0.4324  rpn_s.1.loss_bbox: 0.0454  rpn_s.1.loss_giou: 0.3942  rpn_s.2.loss_cls: 0.3598  rpn_s.2.loss_bbox: 0.0380  rpn_s.2.loss_giou: 0.3449  rpn_s.3.loss_cls: 0.3215  rpn_s.3.loss_bbox: 0.0360  rpn_s.3.loss_giou: 0.3297  s0.loss_cls: 0.3553  s0.pos_acc: 85.7143  s0.loss_bbox: 0.5815  s0.loss_iou: 1.0562  s1.loss_cls: 0.3617  s1.pos_acc: 92.8571  s1.loss_bbox: 0.6001  s1.loss_iou: 1.0062
2026/03/31 19:07:20 - mmengine - INFO - Epoch(train)  [2][ 6750/10002]  lr: 5.0000e-06  eta: 10:58:53  time: 0.5771  data_time: 0.2093  memory: 7329  grad_norm: 86.8932  loss: 8.3183  rpn_s.0.loss_cls: 0.6369  rpn_s.0.loss_bbox: 0.1078  rpn_s.0.loss_giou: 0.8030  rpn_s.1.loss_cls: 0.4542  rpn_s.1.loss_bbox: 0.0482  rpn_s.1.loss_giou: 0.4247  rpn_s.2.loss_cls: 0.3803  rpn_s.2.loss_bbox: 0.0398  rpn_s.2.loss_giou: 0.3718  rpn_s.3.loss_cls: 0.3380  rpn_s.3.loss_bbox: 0.0362  rpn_s.3.loss_giou: 0.3503  s0.loss_cls: 0.3734  s0.pos_acc: 96.1538  s0.loss_bbox: 0.6606  s0.loss_iou: 1.1381  s1.loss_cls: 0.3812  s1.pos_acc: 94.8718  s1.loss_bbox: 0.6922  s1.loss_iou: 1.0816
2026/03/31 19:07:48 - mmengine - INFO - Epoch(train)  [2][ 6800/10002]  lr: 5.0000e-06  eta: 10:59:24  time: 0.5463  data_time: 0.1784  memory: 7329  grad_norm: 94.8779  loss: 7.9588  rpn_s.0.loss_cls: 0.6217  rpn_s.0.loss_bbox: 0.1011  rpn_s.0.loss_giou: 0.7853  rpn_s.1.loss_cls: 0.4190  rpn_s.1.loss_bbox: 0.0435  rpn_s.1.loss_giou: 0.3977  rpn_s.2.loss_cls: 0.3490  rpn_s.2.loss_bbox: 0.0372  rpn_s.2.loss_giou: 0.3475  rpn_s.3.loss_cls: 0.3107  rpn_s.3.loss_bbox: 0.0348  rpn_s.3.loss_giou: 0.3282  s0.loss_cls: 0.3503  s0.pos_acc: 77.2727  s0.loss_bbox: 0.6509  s0.loss_iou: 1.1069  s1.loss_cls: 0.3539  s1.pos_acc: 77.2727  s1.loss_bbox: 0.6621  s1.loss_iou: 1.0588
2026/03/31 19:08:07 - mmengine - INFO - Epoch(train)  [2][ 6850/10002]  lr: 5.0000e-06  eta: 10:59:03  time: 0.3764  data_time: 0.0048  memory: 7329  grad_norm: 104.4451  loss: 7.5419  rpn_s.0.loss_cls: 0.5943  rpn_s.0.loss_bbox: 0.0976  rpn_s.0.loss_giou: 0.6910  rpn_s.1.loss_cls: 0.4059  rpn_s.1.loss_bbox: 0.0513  rpn_s.1.loss_giou: 0.3820  rpn_s.2.loss_cls: 0.3317  rpn_s.2.loss_bbox: 0.0440  rpn_s.2.loss_giou: 0.3370  rpn_s.3.loss_cls: 0.2894  rpn_s.3.loss_bbox: 0.0405  rpn_s.3.loss_giou: 0.3162  s0.loss_cls: 0.3129  s0.pos_acc: 90.0000  s0.loss_bbox: 0.5890  s0.loss_iou: 1.0839  s1.loss_cls: 0.3318  s1.pos_acc: 85.0000  s1.loss_bbox: 0.6143  s1.loss_iou: 1.0291
2026/03/31 19:08:25 - mmengine - INFO - Epoch(train)  [2][ 6900/10002]  lr: 5.0000e-06  eta: 10:58:40  time: 0.3722  data_time: 0.0030  memory: 7329  grad_norm: 91.3455  loss: 8.0542  rpn_s.0.loss_cls: 0.6323  rpn_s.0.loss_bbox: 0.0942  rpn_s.0.loss_giou: 0.7459  rpn_s.1.loss_cls: 0.4243  rpn_s.1.loss_bbox: 0.0466  rpn_s.1.loss_giou: 0.4154  rpn_s.2.loss_cls: 0.3541  rpn_s.2.loss_bbox: 0.0394  rpn_s.2.loss_giou: 0.3650  rpn_s.3.loss_cls: 0.3111  rpn_s.3.loss_bbox: 0.0374  rpn_s.3.loss_giou: 0.3445  s0.loss_cls: 0.3541  s0.pos_acc: 100.0000  s0.loss_bbox: 0.6212  s0.loss_iou: 1.1631  s1.loss_cls: 0.3453  s1.pos_acc: 100.0000  s1.loss_bbox: 0.6388  s1.loss_iou: 1.1216
2026/03/31 19:08:44 - mmengine - INFO - Epoch(train)  [2][ 6950/10002]  lr: 5.0000e-06  eta: 10:58:17  time: 0.3711  data_time: 0.0030  memory: 7329  grad_norm: 117.6891  loss: 7.6421  rpn_s.0.loss_cls: 0.5743  rpn_s.0.loss_bbox: 0.0927  rpn_s.0.loss_giou: 0.6828  rpn_s.1.loss_cls: 0.3955  rpn_s.1.loss_bbox: 0.0479  rpn_s.1.loss_giou: 0.3817  rpn_s.2.loss_cls: 0.3251  rpn_s.2.loss_bbox: 0.0421  rpn_s.2.loss_giou: 0.3409  rpn_s.3.loss_cls: 0.2857  rpn_s.3.loss_bbox: 0.0395  rpn_s.3.loss_giou: 0.3235  s0.loss_cls: 0.3395  s0.pos_acc: 69.6581  s0.loss_bbox: 0.6873  s0.loss_iou: 1.0217  s1.loss_cls: 0.3460  s1.pos_acc: 70.9402  s1.loss_bbox: 0.7294  s1.loss_iou: 0.9865
2026/03/31 19:09:06 - mmengine - INFO - Exp name: GSDet_r50_b900_h2h4_h2r1_r2r1_2x_fair1m1.0_20260331_165920
2026/03/31 19:09:08 - mmengine - INFO - Epoch(train)  [2][ 7000/10002]  lr: 5.0000e-06  eta: 10:58:28  time: 0.4823  data_time: 0.1184  memory: 7329  grad_norm: 102.4117  loss: 7.6128  rpn_s.0.loss_cls: 0.6050  rpn_s.0.loss_bbox: 0.0906  rpn_s.0.loss_giou: 0.7105  rpn_s.1.loss_cls: 0.4055  rpn_s.1.loss_bbox: 0.0439  rpn_s.1.loss_giou: 0.3868  rpn_s.2.loss_cls: 0.3271  rpn_s.2.loss_bbox: 0.0377  rpn_s.2.loss_giou: 0.3495  rpn_s.3.loss_cls: 0.2903  rpn_s.3.loss_bbox: 0.0350  rpn_s.3.loss_giou: 0.3305  s0.loss_cls: 0.3402  s0.pos_acc: 91.6667  s0.loss_bbox: 0.5851  s0.loss_iou: 1.0943  s1.loss_cls: 0.3328  s1.pos_acc: 91.6667  s1.loss_bbox: 0.6029  s1.loss_iou: 1.0452
2026/03/31 19:09:29 - mmengine - INFO - Epoch(train)  [2][ 7050/10002]  lr: 5.0000e-06  eta: 10:58:21  time: 0.4250  data_time: 0.0528  memory: 7329  grad_norm: 83.4829  loss: 8.6854  rpn_s.0.loss_cls: 0.6496  rpn_s.0.loss_bbox: 0.1025  rpn_s.0.loss_giou: 0.8264  rpn_s.1.loss_cls: 0.4704  rpn_s.1.loss_bbox: 0.0474  rpn_s.1.loss_giou: 0.4427  rpn_s.2.loss_cls: 0.3958  rpn_s.2.loss_bbox: 0.0402  rpn_s.2.loss_giou: 0.3869  rpn_s.3.loss_cls: 0.3584  rpn_s.3.loss_bbox: 0.0363  rpn_s.3.loss_giou: 0.3609  s0.loss_cls: 0.3819  s0.pos_acc: 85.7143  s0.loss_bbox: 0.6635  s0.loss_iou: 1.2536  s1.loss_cls: 0.3757  s1.pos_acc: 100.0000  s1.loss_bbox: 0.6888  s1.loss_iou: 1.2045
2026/03/31 19:09:50 - mmengine - INFO - Epoch(train)  [2][ 7100/10002]  lr: 5.0000e-06  eta: 10:58:15  time: 0.4249  data_time: 0.0550  memory: 7329  grad_norm: 88.2299  loss: 8.1084  rpn_s.0.loss_cls: 0.6204  rpn_s.0.loss_bbox: 0.1061  rpn_s.0.loss_giou: 0.7935  rpn_s.1.loss_cls: 0.4164  rpn_s.1.loss_bbox: 0.0507  rpn_s.1.loss_giou: 0.4226  rpn_s.2.loss_cls: 0.3435  rpn_s.2.loss_bbox: 0.0439  rpn_s.2.loss_giou: 0.3715  rpn_s.3.loss_cls: 0.3087  rpn_s.3.loss_bbox: 0.0404  rpn_s.3.loss_giou: 0.3513  s0.loss_cls: 0.3650  s0.pos_acc: 100.0000  s0.loss_bbox: 0.5901  s0.loss_iou: 1.1767  s1.loss_cls: 0.3699  s1.pos_acc: 100.0000  s1.loss_bbox: 0.6133  s1.loss_iou: 1.1245
2026/03/31 19:10:20 - mmengine - INFO - Epoch(train)  [2][ 7150/10002]  lr: 5.0000e-06  eta: 10:59:00  time: 0.5983  data_time: 0.2246  memory: 7329  grad_norm: 80.8559  loss: 8.2337  rpn_s.0.loss_cls: 0.6469  rpn_s.0.loss_bbox: 0.0962  rpn_s.0.loss_giou: 0.8368  rpn_s.1.loss_cls: 0.4325  rpn_s.1.loss_bbox: 0.0412  rpn_s.1.loss_giou: 0.4313  rpn_s.2.loss_cls: 0.3542  rpn_s.2.loss_bbox: 0.0362  rpn_s.2.loss_giou: 0.3831  rpn_s.3.loss_cls: 0.3155  rpn_s.3.loss_bbox: 0.0341  rpn_s.3.loss_giou: 0.3609  s0.loss_cls: 0.3545  s0.pos_acc: 75.0000  s0.loss_bbox: 0.5717  s0.loss_iou: 1.2141  s1.loss_cls: 0.3520  s1.pos_acc: 84.0000  s1.loss_bbox: 0.6014  s1.loss_iou: 1.1712
2026/03/31 19:10:47 - mmengine - INFO - Epoch(train)  [2][ 7200/10002]  lr: 5.0000e-06  eta: 10:59:26  time: 0.5352  data_time: 0.1676  memory: 7329  grad_norm: 89.4943  loss: 7.8074  rpn_s.0.loss_cls: 0.6104  rpn_s.0.loss_bbox: 0.0959  rpn_s.0.loss_giou: 0.7562  rpn_s.1.loss_cls: 0.4168  rpn_s.1.loss_bbox: 0.0433  rpn_s.1.loss_giou: 0.3968  rpn_s.2.loss_cls: 0.3498  rpn_s.2.loss_bbox: 0.0368  rpn_s.2.loss_giou: 0.3475  rpn_s.3.loss_cls: 0.3182  rpn_s.3.loss_bbox: 0.0339  rpn_s.3.loss_giou: 0.3299  s0.loss_cls: 0.3492  s0.pos_acc: 60.0000  s0.loss_bbox: 0.6246  s0.loss_iou: 1.0624  s1.loss_cls: 0.3516  s1.pos_acc: 60.0000  s1.loss_bbox: 0.6672  s1.loss_iou: 1.0170
2026/03/31 19:11:15 - mmengine - INFO - Epoch(train)  [2][ 7250/10002]  lr: 5.0000e-06  eta: 10:59:59  time: 0.5600  data_time: 0.1942  memory: 7329  grad_norm: 100.0793  loss: 7.8482  rpn_s.0.loss_cls: 0.6082  rpn_s.0.loss_bbox: 0.0967  rpn_s.0.loss_giou: 0.7301  rpn_s.1.loss_cls: 0.4088  rpn_s.1.loss_bbox: 0.0493  rpn_s.1.loss_giou: 0.4091  rpn_s.2.loss_cls: 0.3315  rpn_s.2.loss_bbox: 0.0420  rpn_s.2.loss_giou: 0.3621  rpn_s.3.loss_cls: 0.2957  rpn_s.3.loss_bbox: 0.0399  rpn_s.3.loss_giou: 0.3462  s0.loss_cls: 0.3326  s0.pos_acc: 86.2069  s0.loss_bbox: 0.6096  s0.loss_iou: 1.1382  s1.loss_cls: 0.3269  s1.pos_acc: 84.4828  s1.loss_bbox: 0.6345  s1.loss_iou: 1.0865
2026/03/31 19:11:40 - mmengine - INFO - Epoch(train)  [2][ 7300/10002]  lr: 5.0000e-06  eta: 11:00:14  time: 0.5008  data_time: 0.1331  memory: 7329  grad_norm: 112.4636  loss: 7.5110  rpn_s.0.loss_cls: 0.6066  rpn_s.0.loss_bbox: 0.0921  rpn_s.0.loss_giou: 0.7065  rpn_s.1.loss_cls: 0.4055  rpn_s.1.loss_bbox: 0.0447  rpn_s.1.loss_giou: 0.3842  rpn_s.2.loss_cls: 0.3282  rpn_s.2.loss_bbox: 0.0377  rpn_s.2.loss_giou: 0.3455  rpn_s.3.loss_cls: 0.2967  rpn_s.3.loss_bbox: 0.0353  rpn_s.3.loss_giou: 0.3224  s0.loss_cls: 0.3354  s0.pos_acc: 100.0000  s0.loss_bbox: 0.5867  s0.loss_iou: 1.0485  s1.loss_cls: 0.3349  s1.pos_acc: 92.8571  s1.loss_bbox: 0.5838  s1.loss_iou: 1.0162
2026/03/31 19:11:59 - mmengine - INFO - Epoch(train)  [2][ 7350/10002]  lr: 5.0000e-06  eta: 10:59:51  time: 0.3733  data_time: 0.0032  memory: 7329  grad_norm: 93.6813  loss: 7.8390  rpn_s.0.loss_cls: 0.6171  rpn_s.0.loss_bbox: 0.0956  rpn_s.0.loss_giou: 0.7481  rpn_s.1.loss_cls: 0.4229  rpn_s.1.loss_bbox: 0.0459  rpn_s.1.loss_giou: 0.4000  rpn_s.2.loss_cls: 0.3495  rpn_s.2.loss_bbox: 0.0397  rpn_s.2.loss_giou: 0.3539  rpn_s.3.loss_cls: 0.3254  rpn_s.3.loss_bbox: 0.0358  rpn_s.3.loss_giou: 0.3336  s0.loss_cls: 0.3569  s0.pos_acc: 100.0000  s0.loss_bbox: 0.5724  s0.loss_iou: 1.1136  s1.loss_cls: 0.3466  s1.pos_acc: 100.0000  s1.loss_bbox: 0.6017  s1.loss_iou: 1.0802
2026/03/31 19:12:17 - mmengine - INFO - Epoch(train)  [2][ 7400/10002]  lr: 5.0000e-06  eta: 10:59:28  time: 0.3734  data_time: 0.0030  memory: 7329  grad_norm: 88.6903  loss: 8.0551  rpn_s.0.loss_cls: 0.6421  rpn_s.0.loss_bbox: 0.0960  rpn_s.0.loss_giou: 0.7678  rpn_s.1.loss_cls: 0.4407  rpn_s.1.loss_bbox: 0.0448  rpn_s.1.loss_giou: 0.4061  rpn_s.2.loss_cls: 0.3670  rpn_s.2.loss_bbox: 0.0378  rpn_s.2.loss_giou: 0.3529  rpn_s.3.loss_cls: 0.3273  rpn_s.3.loss_bbox: 0.0358  rpn_s.3.loss_giou: 0.3309  s0.loss_cls: 0.3765  s0.pos_acc: 75.0000  s0.loss_bbox: 0.5844  s0.loss_iou: 1.1592  s1.loss_cls: 0.3518  s1.pos_acc: 81.2500  s1.loss_bbox: 0.6132  s1.loss_iou: 1.1208
2026/03/31 19:12:36 - mmengine - INFO - Epoch(train)  [2][ 7450/10002]  lr: 5.0000e-06  eta: 10:59:06  time: 0.3764  data_time: 0.0030  memory: 7329  grad_norm: 88.3385  loss: 8.2478  rpn_s.0.loss_cls: 0.6052  rpn_s.0.loss_bbox: 0.1004  rpn_s.0.loss_giou: 0.8229  rpn_s.1.loss_cls: 0.3966  rpn_s.1.loss_bbox: 0.0469  rpn_s.1.loss_giou: 0.4358  rpn_s.2.loss_cls: 0.3285  rpn_s.2.loss_bbox: 0.0404  rpn_s.2.loss_giou: 0.3809  rpn_s.3.loss_cls: 0.2960  rpn_s.3.loss_bbox: 0.0372  rpn_s.3.loss_giou: 0.3584  s0.loss_cls: 0.3288  s0.pos_acc: 83.3333  s0.loss_bbox: 0.6045  s0.loss_iou: 1.2608  s1.loss_cls: 0.3352  s1.pos_acc: 79.4872  s1.loss_bbox: 0.6516  s1.loss_iou: 1.2176
2026/03/31 19:12:55 - mmengine - INFO - Epoch(train)  [2][ 7500/10002]  lr: 5.0000e-06  eta: 10:58:43  time: 0.3719  data_time: 0.0030  memory: 7329  grad_norm: 89.3404  loss: 7.5429  rpn_s.0.loss_cls: 0.6145  rpn_s.0.loss_bbox: 0.0843  rpn_s.0.loss_giou: 0.7306  rpn_s.1.loss_cls: 0.4036  rpn_s.1.loss_bbox: 0.0390  rpn_s.1.loss_giou: 0.3891  rpn_s.2.loss_cls: 0.3174  rpn_s.2.loss_bbox: 0.0345  rpn_s.2.loss_giou: 0.3504  rpn_s.3.loss_cls: 0.2821  rpn_s.3.loss_bbox: 0.0326  rpn_s.3.loss_giou: 0.3329  s0.loss_cls: 0.3161  s0.pos_acc: 100.0000  s0.loss_bbox: 0.5950  s0.loss_iou: 1.0611  s1.loss_cls: 0.3085  s1.pos_acc: 100.0000  s1.loss_bbox: 0.6336  s1.loss_iou: 1.0176
2026/03/31 19:13:13 - mmengine - INFO - Epoch(train)  [2][ 7550/10002]  lr: 5.0000e-06  eta: 10:58:19  time: 0.3703  data_time: 0.0030  memory: 7329  grad_norm: 108.6607  loss: 7.9151  rpn_s.0.loss_cls: 0.6300  rpn_s.0.loss_bbox: 0.0980  rpn_s.0.loss_giou: 0.7585  rpn_s.1.loss_cls: 0.4227  rpn_s.1.loss_bbox: 0.0441  rpn_s.1.loss_giou: 0.3962  rpn_s.2.loss_cls: 0.3441  rpn_s.2.loss_bbox: 0.0369  rpn_s.2.loss_giou: 0.3483  rpn_s.3.loss_cls: 0.3081  rpn_s.3.loss_bbox: 0.0342  rpn_s.3.loss_giou: 0.3261  s0.loss_cls: 0.3553  s0.pos_acc: 90.0000  s0.loss_bbox: 0.6543  s0.loss_iou: 1.0680  s1.loss_cls: 0.3507  s1.pos_acc: 90.0000  s1.loss_bbox: 0.6961  s1.loss_iou: 1.0434
2026/03/31 19:13:32 - mmengine - INFO - Epoch(train)  [2][ 7600/10002]  lr: 5.0000e-06  eta: 10:57:56  time: 0.3739  data_time: 0.0030  memory: 7329  grad_norm: 101.8791  loss: 8.2970  rpn_s.0.loss_cls: 0.6379  rpn_s.0.loss_bbox: 0.0963  rpn_s.0.loss_giou: 0.8050  rpn_s.1.loss_cls: 0.4459  rpn_s.1.loss_bbox: 0.0432  rpn_s.1.loss_giou: 0.4220  rpn_s.2.loss_cls: 0.3735  rpn_s.2.loss_bbox: 0.0351  rpn_s.2.loss_giou: 0.3637  rpn_s.3.loss_cls: 0.3359  rpn_s.3.loss_bbox: 0.0328  rpn_s.3.loss_giou: 0.3471  s0.loss_cls: 0.3794  s0.pos_acc: 33.3333  s0.loss_bbox: 0.6155  s0.loss_iou: 1.1880  s1.loss_cls: 0.3689  s1.pos_acc: 33.3333  s1.loss_bbox: 0.6634  s1.loss_iou: 1.1436
2026/03/31 19:13:51 - mmengine - INFO - Epoch(train)  [2][ 7650/10002]  lr: 5.0000e-06  eta: 10:57:33  time: 0.3706  data_time: 0.0030  memory: 7329  grad_norm: 88.0651  loss: 7.7503  rpn_s.0.loss_cls: 0.6134  rpn_s.0.loss_bbox: 0.1017  rpn_s.0.loss_giou: 0.7767  rpn_s.1.loss_cls: 0.4158  rpn_s.1.loss_bbox: 0.0427  rpn_s.1.loss_giou: 0.4053  rpn_s.2.loss_cls: 0.3366  rpn_s.2.loss_bbox: 0.0362  rpn_s.2.loss_giou: 0.3531  rpn_s.3.loss_cls: 0.2956  rpn_s.3.loss_bbox: 0.0334  rpn_s.3.loss_giou: 0.3325  s0.loss_cls: 0.3465  s0.pos_acc: 90.9091  s0.loss_bbox: 0.6071  s0.loss_iou: 1.0688  s1.loss_cls: 0.3342  s1.pos_acc: 90.9091  s1.loss_bbox: 0.6157  s1.loss_iou: 1.0353
2026/03/31 19:14:09 - mmengine - INFO - Epoch(train)  [2][ 7700/10002]  lr: 5.0000e-06  eta: 10:57:09  time: 0.3711  data_time: 0.0032  memory: 7329  grad_norm: 105.4791  loss: 7.7478  rpn_s.0.loss_cls: 0.5675  rpn_s.0.loss_bbox: 0.1007  rpn_s.0.loss_giou: 0.6761  rpn_s.1.loss_cls: 0.4011  rpn_s.1.loss_bbox: 0.0485  rpn_s.1.loss_giou: 0.3808  rpn_s.2.loss_cls: 0.3395  rpn_s.2.loss_bbox: 0.0419  rpn_s.2.loss_giou: 0.3387  rpn_s.3.loss_cls: 0.2982  rpn_s.3.loss_bbox: 0.0390  rpn_s.3.loss_giou: 0.3213  s0.loss_cls: 0.3412  s0.pos_acc: 50.0000  s0.loss_bbox: 0.6901  s0.loss_iou: 1.0795  s1.loss_cls: 0.3324  s1.pos_acc: 70.8333  s1.loss_bbox: 0.7164  s1.loss_iou: 1.0349
2026/03/31 19:14:28 - mmengine - INFO - Epoch(train)  [2][ 7750/10002]  lr: 5.0000e-06  eta: 10:56:47  time: 0.3762  data_time: 0.0032  memory: 7329  grad_norm: 91.7408  loss: 8.0265  rpn_s.0.loss_cls: 0.6257  rpn_s.0.loss_bbox: 0.0990  rpn_s.0.loss_giou: 0.7731  rpn_s.1.loss_cls: 0.4238  rpn_s.1.loss_bbox: 0.0437  rpn_s.1.loss_giou: 0.4040  rpn_s.2.loss_cls: 0.3525  rpn_s.2.loss_bbox: 0.0379  rpn_s.2.loss_giou: 0.3627  rpn_s.3.loss_cls: 0.3208  rpn_s.3.loss_bbox: 0.0358  rpn_s.3.loss_giou: 0.3461  s0.loss_cls: 0.3639  s0.pos_acc: 73.4375  s0.loss_bbox: 0.6036  s0.loss_iou: 1.1505  s1.loss_cls: 0.3530  s1.pos_acc: 71.8750  s1.loss_bbox: 0.6207  s1.loss_iou: 1.1099
2026/03/31 19:14:47 - mmengine - INFO - Epoch(train)  [2][ 7800/10002]  lr: 5.0000e-06  eta: 10:56:28  time: 0.3853  data_time: 0.0031  memory: 7329  grad_norm: 87.7433  loss: 8.3346  rpn_s.0.loss_cls: 0.6193  rpn_s.0.loss_bbox: 0.1051  rpn_s.0.loss_giou: 0.8323  rpn_s.1.loss_cls: 0.4276  rpn_s.1.loss_bbox: 0.0452  rpn_s.1.loss_giou: 0.4225  rpn_s.2.loss_cls: 0.3621  rpn_s.2.loss_bbox: 0.0378  rpn_s.2.loss_giou: 0.3632  rpn_s.3.loss_cls: 0.3270  rpn_s.3.loss_bbox: 0.0354  rpn_s.3.loss_giou: 0.3422  s0.loss_cls: 0.3637  s0.pos_acc: 75.1908  s0.loss_bbox: 0.6625  s0.loss_iou: 1.1798  s1.loss_cls: 0.3610  s1.pos_acc: 80.3435  s1.loss_bbox: 0.7107  s1.loss_iou: 1.1373
2026/03/31 19:15:06 - mmengine - INFO - Epoch(train)  [2][ 7850/10002]  lr: 5.0000e-06  eta: 10:56:05  time: 0.3733  data_time: 0.0032  memory: 7329  grad_norm: 85.7235  loss: 8.0797  rpn_s.0.loss_cls: 0.6410  rpn_s.0.loss_bbox: 0.1022  rpn_s.0.loss_giou: 0.7647  rpn_s.1.loss_cls: 0.4464  rpn_s.1.loss_bbox: 0.0489  rpn_s.1.loss_giou: 0.4073  rpn_s.2.loss_cls: 0.3712  rpn_s.2.loss_bbox: 0.0428  rpn_s.2.loss_giou: 0.3562  rpn_s.3.loss_cls: 0.3313  rpn_s.3.loss_bbox: 0.0393  rpn_s.3.loss_giou: 0.3330  s0.loss_cls: 0.3576  s0.pos_acc: 85.2941  s0.loss_bbox: 0.6576  s0.loss_iou: 1.1019  s1.loss_cls: 0.3491  s1.pos_acc: 94.1176  s1.loss_bbox: 0.6773  s1.loss_iou: 1.0522
2026/03/31 19:15:25 - mmengine - INFO - Epoch(train)  [2][ 7900/10002]  lr: 5.0000e-06  eta: 10:55:44  time: 0.3790  data_time: 0.0032  memory: 7330  grad_norm: 100.1416  loss: 7.6015  rpn_s.0.loss_cls: 0.5724  rpn_s.0.loss_bbox: 0.1022  rpn_s.0.loss_giou: 0.7015  rpn_s.1.loss_cls: 0.4135  rpn_s.1.loss_bbox: 0.0527  rpn_s.1.loss_giou: 0.3876  rpn_s.2.loss_cls: 0.3228  rpn_s.2.loss_bbox: 0.0452  rpn_s.2.loss_giou: 0.3441  rpn_s.3.loss_cls: 0.2949  rpn_s.3.loss_bbox: 0.0426  rpn_s.3.loss_giou: 0.3259  s0.loss_cls: 0.3270  s0.pos_acc: 93.7500  s0.loss_bbox: 0.6203  s0.loss_iou: 1.0671  s1.loss_cls: 0.3141  s1.pos_acc: 100.0000  s1.loss_bbox: 0.6360  s1.loss_iou: 1.0318
2026/03/31 19:15:44 - mmengine - INFO - Epoch(train)  [2][ 7950/10002]  lr: 5.0000e-06  eta: 10:55:22  time: 0.3752  data_time: 0.0032  memory: 7329  grad_norm: 96.0019  loss: 8.2025  rpn_s.0.loss_cls: 0.6427  rpn_s.0.loss_bbox: 0.1062  rpn_s.0.loss_giou: 0.8074  rpn_s.1.loss_cls: 0.4330  rpn_s.1.loss_bbox: 0.0487  rpn_s.1.loss_giou: 0.4256  rpn_s.2.loss_cls: 0.3605  rpn_s.2.loss_bbox: 0.0417  rpn_s.2.loss_giou: 0.3703  rpn_s.3.loss_cls: 0.3252  rpn_s.3.loss_bbox: 0.0407  rpn_s.3.loss_giou: 0.3503  s0.loss_cls: 0.3572  s0.pos_acc: 63.8889  s0.loss_bbox: 0.6146  s0.loss_iou: 1.1615  s1.loss_cls: 0.3460  s1.pos_acc: 69.4444  s1.loss_bbox: 0.6399  s1.loss_iou: 1.1311
2026/03/31 19:16:02 - mmengine - INFO - Exp name: GSDet_r50_b900_h2h4_h2r1_r2r1_2x_fair1m1.0_20260331_165920
2026/03/31 19:16:02 - mmengine - INFO - Epoch(train)  [2][ 8000/10002]  lr: 5.0000e-06  eta: 10:55:00  time: 0.3762  data_time: 0.0032  memory: 7329  grad_norm: 90.8084  loss: 7.3306  rpn_s.0.loss_cls: 0.5892  rpn_s.0.loss_bbox: 0.1019  rpn_s.0.loss_giou: 0.6791  rpn_s.1.loss_cls: 0.3977  rpn_s.1.loss_bbox: 0.0486  rpn_s.1.loss_giou: 0.3679  rpn_s.2.loss_cls: 0.3311  rpn_s.2.loss_bbox: 0.0411  rpn_s.2.loss_giou: 0.3160  rpn_s.3.loss_cls: 0.2917  rpn_s.3.loss_bbox: 0.0378  rpn_s.3.loss_giou: 0.2945  s0.loss_cls: 0.3193  s0.pos_acc: 81.8182  s0.loss_bbox: 0.6184  s0.loss_iou: 1.0024  s1.loss_cls: 0.3146  s1.pos_acc: 77.2727  s1.loss_bbox: 0.6261  s1.loss_iou: 0.9531
2026/03/31 19:16:21 - mmengine - INFO - Epoch(train)  [2][ 8050/10002]  lr: 5.0000e-06  eta: 10:54:38  time: 0.3733  data_time: 0.0031  memory: 7329  grad_norm: 94.0090  loss: 8.0690  rpn_s.0.loss_cls: 0.6116  rpn_s.0.loss_bbox: 0.1015  rpn_s.0.loss_giou: 0.7858  rpn_s.1.loss_cls: 0.4133  rpn_s.1.loss_bbox: 0.0480  rpn_s.1.loss_giou: 0.4075  rpn_s.2.loss_cls: 0.3397  rpn_s.2.loss_bbox: 0.0412  rpn_s.2.loss_giou: 0.3558  rpn_s.3.loss_cls: 0.3066  rpn_s.3.loss_bbox: 0.0390  rpn_s.3.loss_giou: 0.3403  s0.loss_cls: 0.3428  s0.pos_acc: 68.1818  s0.loss_bbox: 0.6407  s0.loss_iou: 1.1574  s1.loss_cls: 0.3436  s1.pos_acc: 74.2424  s1.loss_bbox: 0.6708  s1.loss_iou: 1.1234
2026/03/31 19:16:40 - mmengine - INFO - Epoch(train)  [2][ 8100/10002]  lr: 5.0000e-06  eta: 10:54:15  time: 0.3732  data_time: 0.0033  memory: 7329  grad_norm: 108.5554  loss: 7.5929  rpn_s.0.loss_cls: 0.5888  rpn_s.0.loss_bbox: 0.0897  rpn_s.0.loss_giou: 0.6950  rpn_s.1.loss_cls: 0.3958  rpn_s.1.loss_bbox: 0.0426  rpn_s.1.loss_giou: 0.3793  rpn_s.2.loss_cls: 0.3190  rpn_s.2.loss_bbox: 0.0388  rpn_s.2.loss_giou: 0.3393  rpn_s.3.loss_cls: 0.2828  rpn_s.3.loss_bbox: 0.0362  rpn_s.3.loss_giou: 0.3213  s0.loss_cls: 0.3097  s0.pos_acc: 100.0000  s0.loss_bbox: 0.6983  s0.loss_iou: 1.0242  s1.loss_cls: 0.3118  s1.pos_acc: 100.0000  s1.loss_bbox: 0.7279  s1.loss_iou: 0.9925
2026/03/31 19:16:58 - mmengine - INFO - Epoch(train)  [2][ 8150/10002]  lr: 5.0000e-06  eta: 10:53:53  time: 0.3745  data_time: 0.0032  memory: 7329  grad_norm: 106.8171  loss: 7.5953  rpn_s.0.loss_cls: 0.6063  rpn_s.0.loss_bbox: 0.1029  rpn_s.0.loss_giou: 0.6831  rpn_s.1.loss_cls: 0.4137  rpn_s.1.loss_bbox: 0.0513  rpn_s.1.loss_giou: 0.3784  rpn_s.2.loss_cls: 0.3302  rpn_s.2.loss_bbox: 0.0463  rpn_s.2.loss_giou: 0.3383  rpn_s.3.loss_cls: 0.2946  rpn_s.3.loss_bbox: 0.0425  rpn_s.3.loss_giou: 0.3182  s0.loss_cls: 0.3230  s0.pos_acc: 81.2500  s0.loss_bbox: 0.6120  s0.loss_iou: 1.0601  s1.loss_cls: 0.3197  s1.pos_acc: 71.8750  s1.loss_bbox: 0.6500  s1.loss_iou: 1.0248
2026/03/31 19:17:17 - mmengine - INFO - Epoch(train)  [2][ 8200/10002]  lr: 5.0000e-06  eta: 10:53:31  time: 0.3772  data_time: 0.0031  memory: 7329  grad_norm: 93.5346  loss: 7.6310  rpn_s.0.loss_cls: 0.5993  rpn_s.0.loss_bbox: 0.0880  rpn_s.0.loss_giou: 0.6956  rpn_s.1.loss_cls: 0.4097  rpn_s.1.loss_bbox: 0.0436  rpn_s.1.loss_giou: 0.3727  rpn_s.2.loss_cls: 0.3376  rpn_s.2.loss_bbox: 0.0378  rpn_s.2.loss_giou: 0.3294  rpn_s.3.loss_cls: 0.2956  rpn_s.3.loss_bbox: 0.0349  rpn_s.3.loss_giou: 0.3099  s0.loss_cls: 0.3376  s0.pos_acc: 80.2083  s0.loss_bbox: 0.6652  s0.loss_iou: 1.0519  s1.loss_cls: 0.3388  s1.pos_acc: 83.3333  s1.loss_bbox: 0.6784  s1.loss_iou: 1.0051
2026/03/31 19:17:36 - mmengine - INFO - Epoch(train)  [2][ 8250/10002]  lr: 5.0000e-06  eta: 10:53:11  time: 0.3818  data_time: 0.0031  memory: 7330  grad_norm: 87.1454  loss: 8.3555  rpn_s.0.loss_cls: 0.6361  rpn_s.0.loss_bbox: 0.1045  rpn_s.0.loss_giou: 0.8347  rpn_s.1.loss_cls: 0.4452  rpn_s.1.loss_bbox: 0.0480  rpn_s.1.loss_giou: 0.4416  rpn_s.2.loss_cls: 0.3723  rpn_s.2.loss_bbox: 0.0399  rpn_s.2.loss_giou: 0.3813  rpn_s.3.loss_cls: 0.3417  rpn_s.3.loss_bbox: 0.0374  rpn_s.3.loss_giou: 0.3588  s0.loss_cls: 0.3795  s0.pos_acc: 100.0000  s0.loss_bbox: 0.5979  s0.loss_iou: 1.1844  s1.loss_cls: 0.3880  s1.pos_acc: 100.0000  s1.loss_bbox: 0.6320  s1.loss_iou: 1.1321
2026/03/31 19:17:55 - mmengine - INFO - Epoch(train)  [2][ 8300/10002]  lr: 5.0000e-06  eta: 10:52:50  time: 0.3783  data_time: 0.0032  memory: 7329  grad_norm: 106.0861  loss: 7.7753  rpn_s.0.loss_cls: 0.5959  rpn_s.0.loss_bbox: 0.0960  rpn_s.0.loss_giou: 0.7537  rpn_s.1.loss_cls: 0.4217  rpn_s.1.loss_bbox: 0.0496  rpn_s.1.loss_giou: 0.4093  rpn_s.2.loss_cls: 0.3528  rpn_s.2.loss_bbox: 0.0404  rpn_s.2.loss_giou: 0.3545  rpn_s.3.loss_cls: 0.3087  rpn_s.3.loss_bbox: 0.0366  rpn_s.3.loss_giou: 0.3321  s0.loss_cls: 0.3402  s0.pos_acc: 87.1429  s0.loss_bbox: 0.5898  s0.loss_iou: 1.0972  s1.loss_cls: 0.3497  s1.pos_acc: 85.7143  s1.loss_bbox: 0.5939  s1.loss_iou: 1.0530
2026/03/31 19:18:14 - mmengine - INFO - Epoch(train)  [2][ 8350/10002]  lr: 5.0000e-06  eta: 10:52:30  time: 0.3811  data_time: 0.0032  memory: 7330  grad_norm: 96.7850  loss: 7.7099  rpn_s.0.loss_cls: 0.5806  rpn_s.0.loss_bbox: 0.1036  rpn_s.0.loss_giou: 0.6841  rpn_s.1.loss_cls: 0.4026  rpn_s.1.loss_bbox: 0.0517  rpn_s.1.loss_giou: 0.3793  rpn_s.2.loss_cls: 0.3227  rpn_s.2.loss_bbox: 0.0451  rpn_s.2.loss_giou: 0.3405  rpn_s.3.loss_cls: 0.2900  rpn_s.3.loss_bbox: 0.0417  rpn_s.3.loss_giou: 0.3237  s0.loss_cls: 0.3346  s0.pos_acc: 95.8333  s0.loss_bbox: 0.7005  s0.loss_iou: 1.0548  s1.loss_cls: 0.3310  s1.pos_acc: 100.0000  s1.loss_bbox: 0.7056  s1.loss_iou: 1.0178
2026/03/31 19:18:33 - mmengine - INFO - Epoch(train)  [2][ 8400/10002]  lr: 5.0000e-06  eta: 10:52:08  time: 0.3762  data_time: 0.0032  memory: 7329  grad_norm: 98.3866  loss: 7.9374  rpn_s.0.loss_cls: 0.6435  rpn_s.0.loss_bbox: 0.0946  rpn_s.0.loss_giou: 0.7791  rpn_s.1.loss_cls: 0.4417  rpn_s.1.loss_bbox: 0.0425  rpn_s.1.loss_giou: 0.4041  rpn_s.2.loss_cls: 0.3553  rpn_s.2.loss_bbox: 0.0360  rpn_s.2.loss_giou: 0.3534  rpn_s.3.loss_cls: 0.3183  rpn_s.3.loss_bbox: 0.0342  rpn_s.3.loss_giou: 0.3350  s0.loss_cls: 0.3558  s0.pos_acc: 72.2222  s0.loss_bbox: 0.5980  s0.loss_iou: 1.1104  s1.loss_cls: 0.3483  s1.pos_acc: 72.2222  s1.loss_bbox: 0.6156  s1.loss_iou: 1.0716
2026/03/31 19:18:52 - mmengine - INFO - Epoch(train)  [2][ 8450/10002]  lr: 5.0000e-06  eta: 10:51:46  time: 0.3747  data_time: 0.0032  memory: 7329  grad_norm: 93.8456  loss: 7.6237  rpn_s.0.loss_cls: 0.6057  rpn_s.0.loss_bbox: 0.0952  rpn_s.0.loss_giou: 0.7279  rpn_s.1.loss_cls: 0.4285  rpn_s.1.loss_bbox: 0.0438  rpn_s.1.loss_giou: 0.3742  rpn_s.2.loss_cls: 0.3487  rpn_s.2.loss_bbox: 0.0375  rpn_s.2.loss_giou: 0.3276  rpn_s.3.loss_cls: 0.3185  rpn_s.3.loss_bbox: 0.0349  rpn_s.3.loss_giou: 0.3111  s0.loss_cls: 0.3403  s0.pos_acc: 68.4211  s0.loss_bbox: 0.5755  s0.loss_iou: 1.0770  s1.loss_cls: 0.3297  s1.pos_acc: 72.3684  s1.loss_bbox: 0.6186  s1.loss_iou: 1.0290
2026/03/31 19:19:11 - mmengine - INFO - Epoch(train)  [2][ 8500/10002]  lr: 5.0000e-06  eta: 10:51:23  time: 0.3729  data_time: 0.0031  memory: 7329  grad_norm: 102.9752  loss: 7.5869  rpn_s.0.loss_cls: 0.6136  rpn_s.0.loss_bbox: 0.0922  rpn_s.0.loss_giou: 0.6900  rpn_s.1.loss_cls: 0.4189  rpn_s.1.loss_bbox: 0.0415  rpn_s.1.loss_giou: 0.3619  rpn_s.2.loss_cls: 0.3507  rpn_s.2.loss_bbox: 0.0355  rpn_s.2.loss_giou: 0.3232  rpn_s.3.loss_cls: 0.3088  rpn_s.3.loss_bbox: 0.0327  rpn_s.3.loss_giou: 0.3047  s0.loss_cls: 0.3394  s0.pos_acc: 66.6667  s0.loss_bbox: 0.6214  s0.loss_iou: 1.0422  s1.loss_cls: 0.3389  s1.pos_acc: 66.6667  s1.loss_bbox: 0.6630  s1.loss_iou: 1.0083
2026/03/31 19:19:29 - mmengine - INFO - Epoch(train)  [2][ 8550/10002]  lr: 5.0000e-06  eta: 10:51:00  time: 0.3719  data_time: 0.0031  memory: 7329  grad_norm: 111.0490  loss: 7.9165  rpn_s.0.loss_cls: 0.6166  rpn_s.0.loss_bbox: 0.0947  rpn_s.0.loss_giou: 0.7707  rpn_s.1.loss_cls: 0.4119  rpn_s.1.loss_bbox: 0.0427  rpn_s.1.loss_giou: 0.3968  rpn_s.2.loss_cls: 0.3315  rpn_s.2.loss_bbox: 0.0367  rpn_s.2.loss_giou: 0.3457  rpn_s.3.loss_cls: 0.2935  rpn_s.3.loss_bbox: 0.0333  rpn_s.3.loss_giou: 0.3254  s0.loss_cls: 0.3411  s0.pos_acc: 91.3043  s0.loss_bbox: 0.6942  s0.loss_iou: 1.0858  s1.loss_cls: 0.3426  s1.pos_acc: 97.8261  s1.loss_bbox: 0.7126  s1.loss_iou: 1.0407
2026/03/31 19:19:48 - mmengine - INFO - Epoch(train)  [2][ 8600/10002]  lr: 5.0000e-06  eta: 10:50:40  time: 0.3789  data_time: 0.0030  memory: 7329  grad_norm: 94.1066  loss: 8.0901  rpn_s.0.loss_cls: 0.6027  rpn_s.0.loss_bbox: 0.1049  rpn_s.0.loss_giou: 0.8457  rpn_s.1.loss_cls: 0.4013  rpn_s.1.loss_bbox: 0.0466  rpn_s.1.loss_giou: 0.4247  rpn_s.2.loss_cls: 0.3314  rpn_s.2.loss_bbox: 0.0414  rpn_s.2.loss_giou: 0.3672  rpn_s.3.loss_cls: 0.2953  rpn_s.3.loss_bbox: 0.0369  rpn_s.3.loss_giou: 0.3462  s0.loss_cls: 0.3240  s0.pos_acc: 68.4466  s0.loss_bbox: 0.6224  s0.loss_iou: 1.1804  s1.loss_cls: 0.3279  s1.pos_acc: 71.8447  s1.loss_bbox: 0.6597  s1.loss_iou: 1.1314
2026/03/31 19:20:07 - mmengine - INFO - Epoch(train)  [2][ 8650/10002]  lr: 5.0000e-06  eta: 10:50:18  time: 0.3774  data_time: 0.0031  memory: 7329  grad_norm: 97.5906  loss: 8.3352  rpn_s.0.loss_cls: 0.6547  rpn_s.0.loss_bbox: 0.1084  rpn_s.0.loss_giou: 0.8579  rpn_s.1.loss_cls: 0.4508  rpn_s.1.loss_bbox: 0.0447  rpn_s.1.loss_giou: 0.4277  rpn_s.2.loss_cls: 0.3779  rpn_s.2.loss_bbox: 0.0375  rpn_s.2.loss_giou: 0.3714  rpn_s.3.loss_cls: 0.3396  rpn_s.3.loss_bbox: 0.0343  rpn_s.3.loss_giou: 0.3492  s0.loss_cls: 0.3669  s0.pos_acc: 79.5918  s0.loss_bbox: 0.6078  s0.loss_iou: 1.1303  s1.loss_cls: 0.3721  s1.pos_acc: 81.6327  s1.loss_bbox: 0.6941  s1.loss_iou: 1.1100
2026/03/31 19:20:26 - mmengine - INFO - Epoch(train)  [2][ 8700/10002]  lr: 5.0000e-06  eta: 10:49:57  time: 0.3765  data_time: 0.0031  memory: 7329  grad_norm: 105.3015  loss: 7.9117  rpn_s.0.loss_cls: 0.5999  rpn_s.0.loss_bbox: 0.0954  rpn_s.0.loss_giou: 0.7355  rpn_s.1.loss_cls: 0.4121  rpn_s.1.loss_bbox: 0.0455  rpn_s.1.loss_giou: 0.3939  rpn_s.2.loss_cls: 0.3363  rpn_s.2.loss_bbox: 0.0391  rpn_s.2.loss_giou: 0.3471  rpn_s.3.loss_cls: 0.3044  rpn_s.3.loss_bbox: 0.0357  rpn_s.3.loss_giou: 0.3271  s0.loss_cls: 0.3563  s0.pos_acc: 78.5047  s0.loss_bbox: 0.6879  s0.loss_iou: 1.0891  s1.loss_cls: 0.3589  s1.pos_acc: 72.8972  s1.loss_bbox: 0.7094  s1.loss_iou: 1.0381
2026/03/31 19:20:45 - mmengine - INFO - Epoch(train)  [2][ 8750/10002]  lr: 5.0000e-06  eta: 10:49:35  time: 0.3766  data_time: 0.0030  memory: 7329  grad_norm: 94.9177  loss: 7.8413  rpn_s.0.loss_cls: 0.6058  rpn_s.0.loss_bbox: 0.0932  rpn_s.0.loss_giou: 0.7285  rpn_s.1.loss_cls: 0.4119  rpn_s.1.loss_bbox: 0.0461  rpn_s.1.loss_giou: 0.4011  rpn_s.2.loss_cls: 0.3375  rpn_s.2.loss_bbox: 0.0388  rpn_s.2.loss_giou: 0.3511  rpn_s.3.loss_cls: 0.2948  rpn_s.3.loss_bbox: 0.0360  rpn_s.3.loss_giou: 0.3343  s0.loss_cls: 0.3294  s0.pos_acc: 66.6667  s0.loss_bbox: 0.6530  s0.loss_iou: 1.1020  s1.loss_cls: 0.3307  s1.pos_acc: 100.0000  s1.loss_bbox: 0.6978  s1.loss_iou: 1.0493
2026/03/31 19:21:04 - mmengine - INFO - Epoch(train)  [2][ 8800/10002]  lr: 5.0000e-06  eta: 10:49:16  time: 0.3856  data_time: 0.0030  memory: 7329  grad_norm: 91.8633  loss: 8.0338  rpn_s.0.loss_cls: 0.6241  rpn_s.0.loss_bbox: 0.1000  rpn_s.0.loss_giou: 0.7914  rpn_s.1.loss_cls: 0.4207  rpn_s.1.loss_bbox: 0.0490  rpn_s.1.loss_giou: 0.4260  rpn_s.2.loss_cls: 0.3483  rpn_s.2.loss_bbox: 0.0423  rpn_s.2.loss_giou: 0.3759  rpn_s.3.loss_cls: 0.3033  rpn_s.3.loss_bbox: 0.0397  rpn_s.3.loss_giou: 0.3566  s0.loss_cls: 0.3348  s0.pos_acc: 73.5294  s0.loss_bbox: 0.5948  s0.loss_iou: 1.1583  s1.loss_cls: 0.3396  s1.pos_acc: 76.4706  s1.loss_bbox: 0.6027  s1.loss_iou: 1.1264
2026/03/31 19:21:23 - mmengine - INFO - Epoch(train)  [2][ 8850/10002]  lr: 5.0000e-06  eta: 10:48:57  time: 0.3842  data_time: 0.0030  memory: 7330  grad_norm: 86.3954  loss: 7.8579  rpn_s.0.loss_cls: 0.5816  rpn_s.0.loss_bbox: 0.1040  rpn_s.0.loss_giou: 0.7636  rpn_s.1.loss_cls: 0.4102  rpn_s.1.loss_bbox: 0.0521  rpn_s.1.loss_giou: 0.4092  rpn_s.2.loss_cls: 0.3334  rpn_s.2.loss_bbox: 0.0448  rpn_s.2.loss_giou: 0.3594  rpn_s.3.loss_cls: 0.3025  rpn_s.3.loss_bbox: 0.0424  rpn_s.3.loss_giou: 0.3393  s0.loss_cls: 0.3339  s0.pos_acc: 88.8889  s0.loss_bbox: 0.6508  s0.loss_iou: 1.0787  s1.loss_cls: 0.3304  s1.pos_acc: 83.3333  s1.loss_bbox: 0.6792  s1.loss_iou: 1.0424
2026/03/31 19:21:42 - mmengine - INFO - Epoch(train)  [2][ 8900/10002]  lr: 5.0000e-06  eta: 10:48:34  time: 0.3722  data_time: 0.0032  memory: 7329  grad_norm: 96.9731  loss: 7.8223  rpn_s.0.loss_cls: 0.6059  rpn_s.0.loss_bbox: 0.0935  rpn_s.0.loss_giou: 0.7250  rpn_s.1.loss_cls: 0.4139  rpn_s.1.loss_bbox: 0.0442  rpn_s.1.loss_giou: 0.4008  rpn_s.2.loss_cls: 0.3405  rpn_s.2.loss_bbox: 0.0383  rpn_s.2.loss_giou: 0.3513  rpn_s.3.loss_cls: 0.3097  rpn_s.3.loss_bbox: 0.0361  rpn_s.3.loss_giou: 0.3337  s0.loss_cls: 0.3434  s0.pos_acc: 71.2500  s0.loss_bbox: 0.6316  s0.loss_iou: 1.0866  s1.loss_cls: 0.3540  s1.pos_acc: 71.2500  s1.loss_bbox: 0.6667  s1.loss_iou: 1.0472
2026/03/31 19:22:01 - mmengine - INFO - Epoch(train)  [2][ 8950/10002]  lr: 5.0000e-06  eta: 10:48:14  time: 0.3801  data_time: 0.0031  memory: 7329  grad_norm: 94.0990  loss: 8.1607  rpn_s.0.loss_cls: 0.6330  rpn_s.0.loss_bbox: 0.1023  rpn_s.0.loss_giou: 0.8182  rpn_s.1.loss_cls: 0.4322  rpn_s.1.loss_bbox: 0.0451  rpn_s.1.loss_giou: 0.4266  rpn_s.2.loss_cls: 0.3559  rpn_s.2.loss_bbox: 0.0377  rpn_s.2.loss_giou: 0.3752  rpn_s.3.loss_cls: 0.3153  rpn_s.3.loss_bbox: 0.0346  rpn_s.3.loss_giou: 0.3568  s0.loss_cls: 0.3436  s0.pos_acc: 50.0000  s0.loss_bbox: 0.6080  s0.loss_iou: 1.1738  s1.loss_cls: 0.3428  s1.pos_acc: 50.0000  s1.loss_bbox: 0.6291  s1.loss_iou: 1.1304
2026/03/31 19:22:19 - mmengine - INFO - Exp name: GSDet_r50_b900_h2h4_h2r1_r2r1_2x_fair1m1.0_20260331_165920
2026/03/31 19:22:20 - mmengine - INFO - Epoch(train)  [2][ 9000/10002]  lr: 5.0000e-06  eta: 10:47:54  time: 0.3827  data_time: 0.0032  memory: 7329  grad_norm: 94.5716  loss: 7.5580  rpn_s.0.loss_cls: 0.6052  rpn_s.0.loss_bbox: 0.1065  rpn_s.0.loss_giou: 0.7467  rpn_s.1.loss_cls: 0.4191  rpn_s.1.loss_bbox: 0.0456  rpn_s.1.loss_giou: 0.3860  rpn_s.2.loss_cls: 0.3456  rpn_s.2.loss_bbox: 0.0400  rpn_s.2.loss_giou: 0.3370  rpn_s.3.loss_cls: 0.3037  rpn_s.3.loss_bbox: 0.0370  rpn_s.3.loss_giou: 0.3174  s0.loss_cls: 0.3258  s0.pos_acc: 76.7490  s0.loss_bbox: 0.5533  s0.loss_iou: 1.0578  s1.loss_cls: 0.3205  s1.pos_acc: 78.1893  s1.loss_bbox: 0.5944  s1.loss_iou: 1.0163
2026/03/31 19:22:39 - mmengine - INFO - Epoch(train)  [2][ 9050/10002]  lr: 5.0000e-06  eta: 10:47:33  time: 0.3802  data_time: 0.0032  memory: 7330  grad_norm: 107.9069  loss: 7.9192  rpn_s.0.loss_cls: 0.6286  rpn_s.0.loss_bbox: 0.0910  rpn_s.0.loss_giou: 0.7873  rpn_s.1.loss_cls: 0.4102  rpn_s.1.loss_bbox: 0.0394  rpn_s.1.loss_giou: 0.4148  rpn_s.2.loss_cls: 0.3471  rpn_s.2.loss_bbox: 0.0341  rpn_s.2.loss_giou: 0.3654  rpn_s.3.loss_cls: 0.3091  rpn_s.3.loss_bbox: 0.0315  rpn_s.3.loss_giou: 0.3462  s0.loss_cls: 0.3402  s0.pos_acc: 79.4118  s0.loss_bbox: 0.5983  s0.loss_iou: 1.1271  s1.loss_cls: 0.3405  s1.pos_acc: 88.2353  s1.loss_bbox: 0.6193  s1.loss_iou: 1.0890
2026/03/31 19:22:58 - mmengine - INFO - Epoch(train)  [2][ 9100/10002]  lr: 5.0000e-06  eta: 10:47:12  time: 0.3779  data_time: 0.0032  memory: 7329  grad_norm: 85.4319  loss: 8.2318  rpn_s.0.loss_cls: 0.6371  rpn_s.0.loss_bbox: 0.0967  rpn_s.0.loss_giou: 0.7983  rpn_s.1.loss_cls: 0.4380  rpn_s.1.loss_bbox: 0.0438  rpn_s.1.loss_giou: 0.4223  rpn_s.2.loss_cls: 0.3697  rpn_s.2.loss_bbox: 0.0369  rpn_s.2.loss_giou: 0.3650  rpn_s.3.loss_cls: 0.3306  rpn_s.3.loss_bbox: 0.0338  rpn_s.3.loss_giou: 0.3465  s0.loss_cls: 0.3963  s0.pos_acc: 68.5185  s0.loss_bbox: 0.5974  s0.loss_iou: 1.1825  s1.loss_cls: 0.3811  s1.pos_acc: 68.5185  s1.loss_bbox: 0.6268  s1.loss_iou: 1.1288
2026/03/31 19:23:17 - mmengine - INFO - Epoch(train)  [2][ 9150/10002]  lr: 5.0000e-06  eta: 10:46:52  time: 0.3799  data_time: 0.0031  memory: 7330  grad_norm: 93.6703  loss: 7.7581  rpn_s.0.loss_cls: 0.5919  rpn_s.0.loss_bbox: 0.0880  rpn_s.0.loss_giou: 0.7727  rpn_s.1.loss_cls: 0.4130  rpn_s.1.loss_bbox: 0.0404  rpn_s.1.loss_giou: 0.4068  rpn_s.2.loss_cls: 0.3306  rpn_s.2.loss_bbox: 0.0345  rpn_s.2.loss_giou: 0.3588  rpn_s.3.loss_cls: 0.2892  rpn_s.3.loss_bbox: 0.0319  rpn_s.3.loss_giou: 0.3394  s0.loss_cls: 0.3168  s0.pos_acc: 80.0000  s0.loss_bbox: 0.6431  s0.loss_iou: 1.0763  s1.loss_cls: 0.3106  s1.pos_acc: 81.5385  s1.loss_bbox: 0.6757  s1.loss_iou: 1.0383
2026/03/31 19:23:36 - mmengine - INFO - Epoch(train)  [2][ 9200/10002]  lr: 5.0000e-06  eta: 10:46:32  time: 0.3812  data_time: 0.0031  memory: 7330  grad_norm: 105.1684  loss: 8.3681  rpn_s.0.loss_cls: 0.6311  rpn_s.0.loss_bbox: 0.1175  rpn_s.0.loss_giou: 0.8273  rpn_s.1.loss_cls: 0.4335  rpn_s.1.loss_bbox: 0.0570  rpn_s.1.loss_giou: 0.4278  rpn_s.2.loss_cls: 0.3582  rpn_s.2.loss_bbox: 0.0512  rpn_s.2.loss_giou: 0.3765  rpn_s.3.loss_cls: 0.3196  rpn_s.3.loss_bbox: 0.0486  rpn_s.3.loss_giou: 0.3548  s0.loss_cls: 0.3580  s0.pos_acc: 80.7692  s0.loss_bbox: 0.6440  s0.loss_iou: 1.1952  s1.loss_cls: 0.3518  s1.pos_acc: 84.6154  s1.loss_bbox: 0.6669  s1.loss_iou: 1.1493
2026/03/31 19:23:54 - mmengine - INFO - Epoch(train)  [2][ 9250/10002]  lr: 5.0000e-06  eta: 10:46:09  time: 0.3735  data_time: 0.0031  memory: 7329  grad_norm: 106.7354  loss: 7.7127  rpn_s.0.loss_cls: 0.5808  rpn_s.0.loss_bbox: 0.1013  rpn_s.0.loss_giou: 0.7578  rpn_s.1.loss_cls: 0.4031  rpn_s.1.loss_bbox: 0.0454  rpn_s.1.loss_giou: 0.3852  rpn_s.2.loss_cls: 0.3253  rpn_s.2.loss_bbox: 0.0419  rpn_s.2.loss_giou: 0.3502  rpn_s.3.loss_cls: 0.2938  rpn_s.3.loss_bbox: 0.0378  rpn_s.3.loss_giou: 0.3256  s0.loss_cls: 0.3341  s0.pos_acc: 100.0000  s0.loss_bbox: 0.6041  s0.loss_iou: 1.0932  s1.loss_cls: 0.3263  s1.pos_acc: 83.3333  s1.loss_bbox: 0.6566  s1.loss_iou: 1.0503
2026/03/31 19:24:13 - mmengine - INFO - Epoch(train)  [2][ 9300/10002]  lr: 5.0000e-06  eta: 10:45:47  time: 0.3744  data_time: 0.0030  memory: 7329  grad_norm: 87.3860  loss: 7.7999  rpn_s.0.loss_cls: 0.6124  rpn_s.0.loss_bbox: 0.1002  rpn_s.0.loss_giou: 0.7677  rpn_s.1.loss_cls: 0.4149  rpn_s.1.loss_bbox: 0.0440  rpn_s.1.loss_giou: 0.3921  rpn_s.2.loss_cls: 0.3369  rpn_s.2.loss_bbox: 0.0372  rpn_s.2.loss_giou: 0.3428  rpn_s.3.loss_cls: 0.2983  rpn_s.3.loss_bbox: 0.0345  rpn_s.3.loss_giou: 0.3267  s0.loss_cls: 0.3389  s0.pos_acc: 78.5714  s0.loss_bbox: 0.6401  s0.loss_iou: 1.0732  s1.loss_cls: 0.3315  s1.pos_acc: 71.4286  s1.loss_bbox: 0.6654  s1.loss_iou: 1.0431
2026/03/31 19:24:32 - mmengine - INFO - Epoch(train)  [2][ 9350/10002]  lr: 5.0000e-06  eta: 10:45:26  time: 0.3777  data_time: 0.0030  memory: 7329  grad_norm: 79.8902  loss: 8.2955  rpn_s.0.loss_cls: 0.6478  rpn_s.0.loss_bbox: 0.1060  rpn_s.0.loss_giou: 0.8338  rpn_s.1.loss_cls: 0.4439  rpn_s.1.loss_bbox: 0.0479  rpn_s.1.loss_giou: 0.4383  rpn_s.2.loss_cls: 0.3610  rpn_s.2.loss_bbox: 0.0422  rpn_s.2.loss_giou: 0.3824  rpn_s.3.loss_cls: 0.3252  rpn_s.3.loss_bbox: 0.0384  rpn_s.3.loss_giou: 0.3568  s0.loss_cls: 0.3591  s0.pos_acc: 81.9196  s0.loss_bbox: 0.5930  s0.loss_iou: 1.1754  s1.loss_cls: 0.3507  s1.pos_acc: 83.2589  s1.loss_bbox: 0.6531  s1.loss_iou: 1.1405
2026/03/31 19:24:51 - mmengine - INFO - Epoch(train)  [2][ 9400/10002]  lr: 5.0000e-06  eta: 10:45:04  time: 0.3723  data_time: 0.0030  memory: 7329  grad_norm: 93.2245  loss: 7.6538  rpn_s.0.loss_cls: 0.6332  rpn_s.0.loss_bbox: 0.0921  rpn_s.0.loss_giou: 0.6824  rpn_s.1.loss_cls: 0.4345  rpn_s.1.loss_bbox: 0.0432  rpn_s.1.loss_giou: 0.3704  rpn_s.2.loss_cls: 0.3607  rpn_s.2.loss_bbox: 0.0375  rpn_s.2.loss_giou: 0.3271  rpn_s.3.loss_cls: 0.3163  rpn_s.3.loss_bbox: 0.0344  rpn_s.3.loss_giou: 0.3085  s0.loss_cls: 0.3687  s0.pos_acc: 81.2500  s0.loss_bbox: 0.6450  s0.loss_iou: 1.0096  s1.loss_cls: 0.3496  s1.pos_acc: 87.5000  s1.loss_bbox: 0.6714  s1.loss_iou: 0.9692
2026/03/31 19:25:10 - mmengine - INFO - Epoch(train)  [2][ 9450/10002]  lr: 5.0000e-06  eta: 10:44:43  time: 0.3766  data_time: 0.0032  memory: 7329  grad_norm: 84.9511  loss: 8.0896  rpn_s.0.loss_cls: 0.6345  rpn_s.0.loss_bbox: 0.0950  rpn_s.0.loss_giou: 0.8033  rpn_s.1.loss_cls: 0.4422  rpn_s.1.loss_bbox: 0.0397  rpn_s.1.loss_giou: 0.4103  rpn_s.2.loss_cls: 0.3610  rpn_s.2.loss_bbox: 0.0341  rpn_s.2.loss_giou: 0.3612  rpn_s.3.loss_cls: 0.3227  rpn_s.3.loss_bbox: 0.0318  rpn_s.3.loss_giou: 0.3429  s0.loss_cls: 0.3500  s0.pos_acc: 78.3951  s0.loss_bbox: 0.6234  s0.loss_iou: 1.1208  s1.loss_cls: 0.3535  s1.pos_acc: 83.9506  s1.loss_bbox: 0.6859  s1.loss_iou: 1.0773
2026/03/31 19:25:28 - mmengine - INFO - Epoch(train)  [2][ 9500/10002]  lr: 5.0000e-06  eta: 10:44:21  time: 0.3736  data_time: 0.0032  memory: 7329  grad_norm: 89.9106  loss: 7.9464  rpn_s.0.loss_cls: 0.6390  rpn_s.0.loss_bbox: 0.0983  rpn_s.0.loss_giou: 0.7609  rpn_s.1.loss_cls: 0.4390  rpn_s.1.loss_bbox: 0.0450  rpn_s.1.loss_giou: 0.3903  rpn_s.2.loss_cls: 0.3462  rpn_s.2.loss_bbox: 0.0411  rpn_s.2.loss_giou: 0.3462  rpn_s.3.loss_cls: 0.3040  rpn_s.3.loss_bbox: 0.0379  rpn_s.3.loss_giou: 0.3298  s0.loss_cls: 0.3393  s0.pos_acc: 66.6667  s0.loss_bbox: 0.7003  s0.loss_iou: 1.0598  s1.loss_cls: 0.3514  s1.pos_acc: 66.6667  s1.loss_bbox: 0.7041  s1.loss_iou: 1.0139
2026/03/31 19:25:47 - mmengine - INFO - Epoch(train)  [2][ 9550/10002]  lr: 5.0000e-06  eta: 10:43:59  time: 0.3763  data_time: 0.0032  memory: 7329  grad_norm: 91.1130  loss: 7.9558  rpn_s.0.loss_cls: 0.6252  rpn_s.0.loss_bbox: 0.1012  rpn_s.0.loss_giou: 0.7656  rpn_s.1.loss_cls: 0.4278  rpn_s.1.loss_bbox: 0.0475  rpn_s.1.loss_giou: 0.4064  rpn_s.2.loss_cls: 0.3550  rpn_s.2.loss_bbox: 0.0406  rpn_s.2.loss_giou: 0.3582  rpn_s.3.loss_cls: 0.3216  rpn_s.3.loss_bbox: 0.0373  rpn_s.3.loss_giou: 0.3384  s0.loss_cls: 0.3625  s0.pos_acc: 79.5455  s0.loss_bbox: 0.6256  s0.loss_iou: 1.0923  s1.loss_cls: 0.3461  s1.pos_acc: 81.8182  s1.loss_bbox: 0.6605  s1.loss_iou: 1.0438
2026/03/31 19:26:06 - mmengine - INFO - Epoch(train)  [2][ 9600/10002]  lr: 5.0000e-06  eta: 10:43:38  time: 0.3772  data_time: 0.0032  memory: 7329  grad_norm: 102.2562  loss: 8.0783  rpn_s.0.loss_cls: 0.6303  rpn_s.0.loss_bbox: 0.0958  rpn_s.0.loss_giou: 0.7726  rpn_s.1.loss_cls: 0.4444  rpn_s.1.loss_bbox: 0.0470  rpn_s.1.loss_giou: 0.4216  rpn_s.2.loss_cls: 0.3634  rpn_s.2.loss_bbox: 0.0396  rpn_s.2.loss_giou: 0.3726  rpn_s.3.loss_cls: 0.3221  rpn_s.3.loss_bbox: 0.0372  rpn_s.3.loss_giou: 0.3536  s0.loss_cls: 0.3592  s0.pos_acc: 74.4094  s0.loss_bbox: 0.5715  s0.loss_iou: 1.1635  s1.loss_cls: 0.3640  s1.pos_acc: 75.5905  s1.loss_bbox: 0.5999  s1.loss_iou: 1.1201
2026/03/31 19:26:25 - mmengine - INFO - Epoch(train)  [2][ 9650/10002]  lr: 5.0000e-06  eta: 10:43:17  time: 0.3770  data_time: 0.0031  memory: 7329  grad_norm: 88.5057  loss: 7.7846  rpn_s.0.loss_cls: 0.6080  rpn_s.0.loss_bbox: 0.0989  rpn_s.0.loss_giou: 0.7560  rpn_s.1.loss_cls: 0.4040  rpn_s.1.loss_bbox: 0.0481  rpn_s.1.loss_giou: 0.4006  rpn_s.2.loss_cls: 0.3259  rpn_s.2.loss_bbox: 0.0408  rpn_s.2.loss_giou: 0.3524  rpn_s.3.loss_cls: 0.2875  rpn_s.3.loss_bbox: 0.0383  rpn_s.3.loss_giou: 0.3333  s0.loss_cls: 0.3240  s0.pos_acc: 74.5283  s0.loss_bbox: 0.6303  s0.loss_iou: 1.1080  s1.loss_cls: 0.3210  s1.pos_acc: 81.1321  s1.loss_bbox: 0.6414  s1.loss_iou: 1.0660
2026/03/31 19:26:44 - mmengine - INFO - Epoch(train)  [2][ 9700/10002]  lr: 5.0000e-06  eta: 10:42:56  time: 0.3765  data_time: 0.0031  memory: 7329  grad_norm: 112.4971  loss: 7.6760  rpn_s.0.loss_cls: 0.6030  rpn_s.0.loss_bbox: 0.1076  rpn_s.0.loss_giou: 0.7517  rpn_s.1.loss_cls: 0.4201  rpn_s.1.loss_bbox: 0.0500  rpn_s.1.loss_giou: 0.3914  rpn_s.2.loss_cls: 0.3386  rpn_s.2.loss_bbox: 0.0423  rpn_s.2.loss_giou: 0.3410  rpn_s.3.loss_cls: 0.2967  rpn_s.3.loss_bbox: 0.0393  rpn_s.3.loss_giou: 0.3213  s0.loss_cls: 0.3281  s0.pos_acc: 87.5000  s0.loss_bbox: 0.5900  s0.loss_iou: 1.0766  s1.loss_cls: 0.3253  s1.pos_acc: 87.5000  s1.loss_bbox: 0.6054  s1.loss_iou: 1.0476
2026/03/31 19:27:03 - mmengine - INFO - Epoch(train)  [2][ 9750/10002]  lr: 5.0000e-06  eta: 10:42:35  time: 0.3790  data_time: 0.0030  memory: 7329  grad_norm: 90.7607  loss: 7.7610  rpn_s.0.loss_cls: 0.5993  rpn_s.0.loss_bbox: 0.0970  rpn_s.0.loss_giou: 0.7727  rpn_s.1.loss_cls: 0.4077  rpn_s.1.loss_bbox: 0.0442  rpn_s.1.loss_giou: 0.3956  rpn_s.2.loss_cls: 0.3309  rpn_s.2.loss_bbox: 0.0383  rpn_s.2.loss_giou: 0.3456  rpn_s.3.loss_cls: 0.2939  rpn_s.3.loss_bbox: 0.0357  rpn_s.3.loss_giou: 0.3266  s0.loss_cls: 0.3284  s0.pos_acc: 100.0000  s0.loss_bbox: 0.5972  s0.loss_iou: 1.1113  s1.loss_cls: 0.3346  s1.pos_acc: 100.0000  s1.loss_bbox: 0.6314  s1.loss_iou: 1.0705
2026/03/31 19:27:21 - mmengine - INFO - Epoch(train)  [2][ 9800/10002]  lr: 5.0000e-06  eta: 10:42:14  time: 0.3769  data_time: 0.0030  memory: 7329  grad_norm: 89.8799  loss: 8.0404  rpn_s.0.loss_cls: 0.6039  rpn_s.0.loss_bbox: 0.1060  rpn_s.0.loss_giou: 0.8079  rpn_s.1.loss_cls: 0.4163  rpn_s.1.loss_bbox: 0.0472  rpn_s.1.loss_giou: 0.4150  rpn_s.2.loss_cls: 0.3358  rpn_s.2.loss_bbox: 0.0413  rpn_s.2.loss_giou: 0.3674  rpn_s.3.loss_cls: 0.3069  rpn_s.3.loss_bbox: 0.0378  rpn_s.3.loss_giou: 0.3456  s0.loss_cls: 0.3379  s0.pos_acc: 70.8333  s0.loss_bbox: 0.6324  s0.loss_iou: 1.1295  s1.loss_cls: 0.3362  s1.pos_acc: 76.3889  s1.loss_bbox: 0.6918  s1.loss_iou: 1.0814
2026/03/31 19:27:40 - mmengine - INFO - Epoch(train)  [2][ 9850/10002]  lr: 5.0000e-06  eta: 10:41:53  time: 0.3785  data_time: 0.0030  memory: 7329  grad_norm: 87.1996  loss: 7.9830  rpn_s.0.loss_cls: 0.5969  rpn_s.0.loss_bbox: 0.0980  rpn_s.0.loss_giou: 0.7734  rpn_s.1.loss_cls: 0.4088  rpn_s.1.loss_bbox: 0.0459  rpn_s.1.loss_giou: 0.4087  rpn_s.2.loss_cls: 0.3405  rpn_s.2.loss_bbox: 0.0409  rpn_s.2.loss_giou: 0.3606  rpn_s.3.loss_cls: 0.3071  rpn_s.3.loss_bbox: 0.0379  rpn_s.3.loss_giou: 0.3377  s0.loss_cls: 0.3406  s0.pos_acc: 66.9811  s0.loss_bbox: 0.6737  s0.loss_iou: 1.1329  s1.loss_cls: 0.3386  s1.pos_acc: 70.4402  s1.loss_bbox: 0.6512  s1.loss_iou: 1.0895
2026/03/31 19:27:59 - mmengine - INFO - Epoch(train)  [2][ 9900/10002]  lr: 5.0000e-06  eta: 10:41:33  time: 0.3824  data_time: 0.0030  memory: 7330  grad_norm: 74.7919  loss: 8.1273  rpn_s.0.loss_cls: 0.6421  rpn_s.0.loss_bbox: 0.1026  rpn_s.0.loss_giou: 0.8497  rpn_s.1.loss_cls: 0.4360  rpn_s.1.loss_bbox: 0.0432  rpn_s.1.loss_giou: 0.4220  rpn_s.2.loss_cls: 0.3586  rpn_s.2.loss_bbox: 0.0363  rpn_s.2.loss_giou: 0.3640  rpn_s.3.loss_cls: 0.3167  rpn_s.3.loss_bbox: 0.0341  rpn_s.3.loss_giou: 0.3427  s0.loss_cls: 0.3605  s0.pos_acc: 70.0000  s0.loss_bbox: 0.5666  s0.loss_iou: 1.1724  s1.loss_cls: 0.3551  s1.pos_acc: 77.5000  s1.loss_bbox: 0.6072  s1.loss_iou: 1.1177
2026/03/31 19:28:18 - mmengine - INFO - Epoch(train)  [2][ 9950/10002]  lr: 5.0000e-06  eta: 10:41:11  time: 0.3723  data_time: 0.0030  memory: 7329  grad_norm: 94.6814  loss: 7.5091  rpn_s.0.loss_cls: 0.6006  rpn_s.0.loss_bbox: 0.0976  rpn_s.0.loss_giou: 0.7041  rpn_s.1.loss_cls: 0.4044  rpn_s.1.loss_bbox: 0.0494  rpn_s.1.loss_giou: 0.3785  rpn_s.2.loss_cls: 0.3308  rpn_s.2.loss_bbox: 0.0432  rpn_s.2.loss_giou: 0.3330  rpn_s.3.loss_cls: 0.2994  rpn_s.3.loss_bbox: 0.0390  rpn_s.3.loss_giou: 0.3114  s0.loss_cls: 0.3186  s0.pos_acc: 66.6667  s0.loss_bbox: 0.6389  s0.loss_iou: 1.0134  s1.loss_cls: 0.3213  s1.pos_acc: 66.6667  s1.loss_bbox: 0.6685  s1.loss_iou: 0.9572
2026/03/31 19:28:36 - mmengine - INFO - Exp name: GSDet_r50_b900_h2h4_h2r1_r2r1_2x_fair1m1.0_20260331_165920
2026/03/31 19:28:37 - mmengine - INFO - Epoch(train)  [2][10000/10002]  lr: 5.0000e-06  eta: 10:40:49  time: 0.3741  data_time: 0.0030  memory: 7329  grad_norm: 91.5459  loss: 8.1968  rpn_s.0.loss_cls: 0.6371  rpn_s.0.loss_bbox: 0.0891  rpn_s.0.loss_giou: 0.8161  rpn_s.1.loss_cls: 0.4223  rpn_s.1.loss_bbox: 0.0407  rpn_s.1.loss_giou: 0.4206  rpn_s.2.loss_cls: 0.3460  rpn_s.2.loss_bbox: 0.0346  rpn_s.2.loss_giou: 0.3678  rpn_s.3.loss_cls: 0.3068  rpn_s.3.loss_bbox: 0.0327  rpn_s.3.loss_giou: 0.3493  s0.loss_cls: 0.3552  s0.pos_acc: 100.0000  s0.loss_bbox: 0.6555  s0.loss_iou: 1.1567  s1.loss_cls: 0.3496  s1.pos_acc: 100.0000  s1.loss_bbox: 0.6986  s1.loss_iou: 1.1181
2026/03/31 19:28:37 - mmengine - INFO - Exp name: GSDet_r50_b900_h2h4_h2r1_r2r1_2x_fair1m1.0_20260331_165920
2026/03/31 19:28:37 - mmengine - INFO - Saving checkpoint at 2 epochs
2026/03/31 19:28:50 - mmengine - INFO - Epoch(val)  [2][  50/5717]    eta: 0:19:15  time: 0.2038  data_time: 0.0088  memory: 7329  
2026/03/31 19:29:00 - mmengine - INFO - Epoch(val)  [2][ 100/5717]    eta: 0:18:36  time: 0.1936  data_time: 0.0032  memory: 2612  
2026/03/31 19:29:09 - mmengine - INFO - Epoch(val)  [2][ 150/5717]    eta: 0:18:17  time: 0.1939  data_time: 0.0031  memory: 2612  
2026/03/31 19:29:20 - mmengine - INFO - Epoch(val)  [2][ 200/5717]    eta: 0:18:25  time: 0.2099  data_time: 0.0197  memory: 2612  
2026/03/31 19:29:34 - mmengine - INFO - Epoch(val)  [2][ 250/5717]    eta: 0:19:49  time: 0.2870  data_time: 0.0974  memory: 2612  
2026/03/31 19:29:47 - mmengine - INFO - Epoch(val)  [2][ 300/5717]    eta: 0:20:14  time: 0.2572  data_time: 0.0679  memory: 2612  
2026/03/31 19:29:57 - mmengine - INFO - Epoch(val)  [2][ 350/5717]    eta: 0:19:39  time: 0.1926  data_time: 0.0031  memory: 2612  
2026/03/31 19:30:06 - mmengine - INFO - Epoch(val)  [2][ 400/5717]    eta: 0:19:10  time: 0.1930  data_time: 0.0031  memory: 2612  
2026/03/31 19:30:16 - mmengine - INFO - Epoch(val)  [2][ 450/5717]    eta: 0:18:46  time: 0.1932  data_time: 0.0029  memory: 2612  
2026/03/31 19:30:26 - mmengine - INFO - Epoch(val)  [2][ 500/5717]    eta: 0:18:24  time: 0.1935  data_time: 0.0031  memory: 2612  
2026/03/31 19:30:35 - mmengine - INFO - Epoch(val)  [2][ 550/5717]    eta: 0:18:05  time: 0.1936  data_time: 0.0031  memory: 2612  
2026/03/31 19:30:45 - mmengine - INFO - Epoch(val)  [2][ 600/5717]    eta: 0:17:48  time: 0.1935  data_time: 0.0032  memory: 2612  
2026/03/31 19:30:55 - mmengine - INFO - Epoch(val)  [2][ 650/5717]    eta: 0:17:31  time: 0.1936  data_time: 0.0031  memory: 2612  
2026/03/31 19:31:04 - mmengine - INFO - Epoch(val)  [2][ 700/5717]    eta: 0:17:16  time: 0.1934  data_time: 0.0031  memory: 2612  
2026/03/31 19:31:14 - mmengine - INFO - Epoch(val)  [2][ 750/5717]    eta: 0:17:01  time: 0.1938  data_time: 0.0031  memory: 2612  
2026/03/31 19:31:24 - mmengine - INFO - Epoch(val)  [2][ 800/5717]    eta: 0:16:47  time: 0.1938  data_time: 0.0032  memory: 2612  
2026/03/31 19:31:34 - mmengine - INFO - Epoch(val)  [2][ 850/5717]    eta: 0:16:34  time: 0.1936  data_time: 0.0032  memory: 2612  
2026/03/31 19:31:43 - mmengine - INFO - Epoch(val)  [2][ 900/5717]    eta: 0:16:21  time: 0.1937  data_time: 0.0032  memory: 2612  
2026/03/31 19:31:53 - mmengine - INFO - Epoch(val)  [2][ 950/5717]    eta: 0:16:08  time: 0.1937  data_time: 0.0032  memory: 2612  
2026/03/31 19:32:03 - mmengine - INFO - Epoch(val)  [2][1000/5717]    eta: 0:15:56  time: 0.1940  data_time: 0.0032  memory: 2612  
2026/03/31 19:32:12 - mmengine - INFO - Epoch(val)  [2][1050/5717]    eta: 0:15:44  time: 0.1936  data_time: 0.0031  memory: 2612  
2026/03/31 19:32:22 - mmengine - INFO - Epoch(val)  [2][1100/5717]    eta: 0:15:32  time: 0.1937  data_time: 0.0031  memory: 2612  
2026/03/31 19:32:32 - mmengine - INFO - Epoch(val)  [2][1150/5717]    eta: 0:15:20  time: 0.1937  data_time: 0.0032  memory: 2612  
2026/03/31 19:32:41 - mmengine - INFO - Epoch(val)  [2][1200/5717]    eta: 0:15:08  time: 0.1934  data_time: 0.0032  memory: 2612  
2026/03/31 19:32:51 - mmengine - INFO - Epoch(val)  [2][1250/5717]    eta: 0:14:57  time: 0.1939  data_time: 0.0033  memory: 2612  
2026/03/31 19:33:01 - mmengine - INFO - Epoch(val)  [2][1300/5717]    eta: 0:14:46  time: 0.1937  data_time: 0.0032  memory: 2612  
2026/03/31 19:33:10 - mmengine - INFO - Epoch(val)  [2][1350/5717]    eta: 0:14:35  time: 0.1936  data_time: 0.0032  memory: 2612  
2026/03/31 19:33:20 - mmengine - INFO - Epoch(val)  [2][1400/5717]    eta: 0:14:23  time: 0.1938  data_time: 0.0031  memory: 2612  
2026/03/31 19:33:30 - mmengine - INFO - Epoch(val)  [2][1450/5717]    eta: 0:14:12  time: 0.1933  data_time: 0.0031  memory: 2612  
2026/03/31 19:33:39 - mmengine - INFO - Epoch(val)  [2][1500/5717]    eta: 0:14:02  time: 0.1934  data_time: 0.0031  memory: 2612  
2026/03/31 19:33:49 - mmengine - INFO - Epoch(val)  [2][1550/5717]    eta: 0:13:51  time: 0.1934  data_time: 0.0032  memory: 2612  
2026/03/31 19:33:59 - mmengine - INFO - Epoch(val)  [2][1600/5717]    eta: 0:13:40  time: 0.1933  data_time: 0.0032  memory: 2612  
2026/03/31 19:34:08 - mmengine - INFO - Epoch(val)  [2][1650/5717]    eta: 0:13:29  time: 0.1935  data_time: 0.0032  memory: 2612  
2026/03/31 19:34:18 - mmengine - INFO - Epoch(val)  [2][1700/5717]    eta: 0:13:19  time: 0.1931  data_time: 0.0031  memory: 2612  
2026/03/31 19:34:28 - mmengine - INFO - Epoch(val)  [2][1750/5717]    eta: 0:13:08  time: 0.1937  data_time: 0.0032  memory: 2612  
2026/03/31 19:34:37 - mmengine - INFO - Epoch(val)  [2][1800/5717]    eta: 0:12:58  time: 0.1933  data_time: 0.0030  memory: 2612  
2026/03/31 19:34:47 - mmengine - INFO - Epoch(val)  [2][1850/5717]    eta: 0:12:47  time: 0.1930  data_time: 0.0030  memory: 2612  
2026/03/31 19:34:57 - mmengine - INFO - Epoch(val)  [2][1900/5717]    eta: 0:12:37  time: 0.1934  data_time: 0.0030  memory: 2612  
2026/03/31 19:35:06 - mmengine - INFO - Epoch(val)  [2][1950/5717]    eta: 0:12:26  time: 0.1935  data_time: 0.0031  memory: 2612  
2026/03/31 19:35:16 - mmengine - INFO - Epoch(val)  [2][2000/5717]    eta: 0:12:16  time: 0.1960  data_time: 0.0032  memory: 2612  
2026/03/31 19:35:26 - mmengine - INFO - Epoch(val)  [2][2050/5717]    eta: 0:12:06  time: 0.1932  data_time: 0.0031  memory: 2612  
2026/03/31 19:35:36 - mmengine - INFO - Epoch(val)  [2][2100/5717]    eta: 0:11:55  time: 0.1933  data_time: 0.0031  memory: 2612  
2026/03/31 19:35:45 - mmengine - INFO - Epoch(val)  [2][2150/5717]    eta: 0:11:45  time: 0.1934  data_time: 0.0031  memory: 2612  
2026/03/31 19:35:55 - mmengine - INFO - Epoch(val)  [2][2200/5717]    eta: 0:11:35  time: 0.1935  data_time: 0.0031  memory: 2612  
2026/03/31 19:36:05 - mmengine - INFO - Epoch(val)  [2][2250/5717]    eta: 0:11:25  time: 0.1933  data_time: 0.0031  memory: 2612  
2026/03/31 19:36:14 - mmengine - INFO - Epoch(val)  [2][2300/5717]    eta: 0:11:15  time: 0.1936  data_time: 0.0032  memory: 2612  
2026/03/31 19:36:24 - mmengine - INFO - Epoch(val)  [2][2350/5717]    eta: 0:11:04  time: 0.1935  data_time: 0.0031  memory: 2612  
2026/03/31 19:36:34 - mmengine - INFO - Epoch(val)  [2][2400/5717]    eta: 0:10:54  time: 0.1936  data_time: 0.0030  memory: 2612  
2026/03/31 19:36:43 - mmengine - INFO - Epoch(val)  [2][2450/5717]    eta: 0:10:44  time: 0.1929  data_time: 0.0029  memory: 2612  
2026/03/31 19:36:53 - mmengine - INFO - Epoch(val)  [2][2500/5717]    eta: 0:10:34  time: 0.1930  data_time: 0.0029  memory: 2612  
2026/03/31 19:37:03 - mmengine - INFO - Epoch(val)  [2][2550/5717]    eta: 0:10:24  time: 0.1928  data_time: 0.0029  memory: 2612  
2026/03/31 19:37:12 - mmengine - INFO - Epoch(val)  [2][2600/5717]    eta: 0:10:14  time: 0.1934  data_time: 0.0031  memory: 2612  
2026/03/31 19:37:22 - mmengine - INFO - Epoch(val)  [2][2650/5717]    eta: 0:10:04  time: 0.1932  data_time: 0.0030  memory: 2612  
2026/03/31 19:37:32 - mmengine - INFO - Epoch(val)  [2][2700/5717]    eta: 0:09:54  time: 0.1931  data_time: 0.0030  memory: 2612  
2026/03/31 19:37:41 - mmengine - INFO - Epoch(val)  [2][2750/5717]    eta: 0:09:44  time: 0.1937  data_time: 0.0031  memory: 2612  
2026/03/31 19:37:51 - mmengine - INFO - Epoch(val)  [2][2800/5717]    eta: 0:09:34  time: 0.1932  data_time: 0.0031  memory: 2612  
2026/03/31 19:38:01 - mmengine - INFO - Epoch(val)  [2][2850/5717]    eta: 0:09:23  time: 0.1932  data_time: 0.0031  memory: 2612  
2026/03/31 19:38:10 - mmengine - INFO - Epoch(val)  [2][2900/5717]    eta: 0:09:13  time: 0.1933  data_time: 0.0032  memory: 2612  
2026/03/31 19:38:20 - mmengine - INFO - Epoch(val)  [2][2950/5717]    eta: 0:09:03  time: 0.1932  data_time: 0.0031  memory: 2612  
2026/03/31 19:38:30 - mmengine - INFO - Epoch(val)  [2][3000/5717]    eta: 0:08:54  time: 0.1933  data_time: 0.0031  memory: 2612  
2026/03/31 19:38:39 - mmengine - INFO - Epoch(val)  [2][3050/5717]    eta: 0:08:44  time: 0.1933  data_time: 0.0031  memory: 2612  
2026/03/31 19:38:49 - mmengine - INFO - Epoch(val)  [2][3100/5717]    eta: 0:08:34  time: 0.1935  data_time: 0.0031  memory: 2612  
2026/03/31 19:38:59 - mmengine - INFO - Epoch(val)  [2][3150/5717]    eta: 0:08:24  time: 0.1932  data_time: 0.0031  memory: 2612  
2026/03/31 19:39:08 - mmengine - INFO - Epoch(val)  [2][3200/5717]    eta: 0:08:14  time: 0.1935  data_time: 0.0031  memory: 2612  
2026/03/31 19:39:18 - mmengine - INFO - Epoch(val)  [2][3250/5717]    eta: 0:08:04  time: 0.1932  data_time: 0.0031  memory: 2612  
2026/03/31 19:39:28 - mmengine - INFO - Epoch(val)  [2][3300/5717]    eta: 0:07:54  time: 0.1934  data_time: 0.0031  memory: 2612  
2026/03/31 19:39:37 - mmengine - INFO - Epoch(val)  [2][3350/5717]    eta: 0:07:44  time: 0.1933  data_time: 0.0031  memory: 2612  
2026/03/31 19:39:47 - mmengine - INFO - Epoch(val)  [2][3400/5717]    eta: 0:07:34  time: 0.1933  data_time: 0.0031  memory: 2612  
2026/03/31 19:39:57 - mmengine - INFO - Epoch(val)  [2][3450/5717]    eta: 0:07:24  time: 0.1933  data_time: 0.0031  memory: 2612  
2026/03/31 19:40:06 - mmengine - INFO - Epoch(val)  [2][3500/5717]    eta: 0:07:14  time: 0.1932  data_time: 0.0031  memory: 2612  
2026/03/31 19:40:16 - mmengine - INFO - Epoch(val)  [2][3550/5717]    eta: 0:07:04  time: 0.1933  data_time: 0.0031  memory: 2612  
2026/03/31 19:40:26 - mmengine - INFO - Epoch(val)  [2][3600/5717]    eta: 0:06:54  time: 0.1930  data_time: 0.0031  memory: 2612  
2026/03/31 19:40:35 - mmengine - INFO - Epoch(val)  [2][3650/5717]    eta: 0:06:45  time: 0.1934  data_time: 0.0031  memory: 2612  
2026/03/31 19:40:45 - mmengine - INFO - Epoch(val)  [2][3700/5717]    eta: 0:06:35  time: 0.1931  data_time: 0.0031  memory: 2612  
2026/03/31 19:40:55 - mmengine - INFO - Epoch(val)  [2][3750/5717]    eta: 0:06:25  time: 0.1934  data_time: 0.0031  memory: 2612  
2026/03/31 19:41:04 - mmengine - INFO - Epoch(val)  [2][3800/5717]    eta: 0:06:15  time: 0.1934  data_time: 0.0031  memory: 2612  
2026/03/31 19:41:14 - mmengine - INFO - Epoch(val)  [2][3850/5717]    eta: 0:06:05  time: 0.1931  data_time: 0.0031  memory: 2612  
2026/03/31 19:41:24 - mmengine - INFO - Epoch(val)  [2][3900/5717]    eta: 0:05:55  time: 0.1932  data_time: 0.0031  memory: 2612  
2026/03/31 19:41:33 - mmengine - INFO - Epoch(val)  [2][3950/5717]    eta: 0:05:45  time: 0.1932  data_time: 0.0031  memory: 2612  
2026/03/31 19:41:43 - mmengine - INFO - Epoch(val)  [2][4000/5717]    eta: 0:05:36  time: 0.1932  data_time: 0.0031  memory: 2612  
2026/03/31 19:41:53 - mmengine - INFO - Epoch(val)  [2][4050/5717]    eta: 0:05:26  time: 0.1931  data_time: 0.0031  memory: 2612  
2026/03/31 19:42:02 - mmengine - INFO - Epoch(val)  [2][4100/5717]    eta: 0:05:16  time: 0.1930  data_time: 0.0031  memory: 2612  
2026/03/31 19:42:12 - mmengine - INFO - Epoch(val)  [2][4150/5717]    eta: 0:05:06  time: 0.1933  data_time: 0.0031  memory: 2612  
2026/03/31 19:42:22 - mmengine - INFO - Epoch(val)  [2][4200/5717]    eta: 0:04:56  time: 0.1932  data_time: 0.0031  memory: 2612  
2026/03/31 19:42:31 - mmengine - INFO - Epoch(val)  [2][4250/5717]    eta: 0:04:46  time: 0.1934  data_time: 0.0031  memory: 2612  
2026/03/31 19:42:41 - mmengine - INFO - Epoch(val)  [2][4300/5717]    eta: 0:04:37  time: 0.1933  data_time: 0.0031  memory: 2612  
2026/03/31 19:42:51 - mmengine - INFO - Epoch(val)  [2][4350/5717]    eta: 0:04:27  time: 0.1934  data_time: 0.0030  memory: 2612  
2026/03/31 19:43:00 - mmengine - INFO - Epoch(val)  [2][4400/5717]    eta: 0:04:17  time: 0.1936  data_time: 0.0030  memory: 2612  
2026/03/31 19:43:10 - mmengine - INFO - Epoch(val)  [2][4450/5717]    eta: 0:04:07  time: 0.1940  data_time: 0.0031  memory: 2612  
2026/03/31 19:43:20 - mmengine - INFO - Epoch(val)  [2][4500/5717]    eta: 0:03:57  time: 0.1935  data_time: 0.0031  memory: 2612  
2026/03/31 19:43:29 - mmengine - INFO - Epoch(val)  [2][4550/5717]    eta: 0:03:48  time: 0.1938  data_time: 0.0031  memory: 2612  
2026/03/31 19:43:39 - mmengine - INFO - Epoch(val)  [2][4600/5717]    eta: 0:03:38  time: 0.1936  data_time: 0.0031  memory: 2612  
2026/03/31 19:43:49 - mmengine - INFO - Epoch(val)  [2][4650/5717]    eta: 0:03:28  time: 0.1942  data_time: 0.0031  memory: 2612  
2026/03/31 19:43:58 - mmengine - INFO - Epoch(val)  [2][4700/5717]    eta: 0:03:18  time: 0.1940  data_time: 0.0031  memory: 2612  
2026/03/31 19:44:08 - mmengine - INFO - Epoch(val)  [2][4750/5717]    eta: 0:03:08  time: 0.1940  data_time: 0.0031  memory: 2612  
2026/03/31 19:44:18 - mmengine - INFO - Epoch(val)  [2][4800/5717]    eta: 0:02:59  time: 0.1942  data_time: 0.0031  memory: 2612  
2026/03/31 19:44:27 - mmengine - INFO - Epoch(val)  [2][4850/5717]    eta: 0:02:49  time: 0.1945  data_time: 0.0031  memory: 2612  
2026/03/31 19:44:37 - mmengine - INFO - Epoch(val)  [2][4900/5717]    eta: 0:02:39  time: 0.1943  data_time: 0.0032  memory: 2612  
2026/03/31 19:44:47 - mmengine - INFO - Epoch(val)  [2][4950/5717]    eta: 0:02:29  time: 0.1943  data_time: 0.0031  memory: 2612  
2026/03/31 19:44:57 - mmengine - INFO - Epoch(val)  [2][5000/5717]    eta: 0:02:20  time: 0.1943  data_time: 0.0030  memory: 2612  
2026/03/31 19:45:06 - mmengine - INFO - Epoch(val)  [2][5050/5717]    eta: 0:02:10  time: 0.1945  data_time: 0.0030  memory: 2612  
2026/03/31 19:45:16 - mmengine - INFO - Epoch(val)  [2][5100/5717]    eta: 0:02:00  time: 0.1945  data_time: 0.0031  memory: 2612  
2026/03/31 19:45:26 - mmengine - INFO - Epoch(val)  [2][5150/5717]    eta: 0:01:50  time: 0.1945  data_time: 0.0032  memory: 2612  
2026/03/31 19:45:36 - mmengine - INFO - Epoch(val)  [2][5200/5717]    eta: 0:01:41  time: 0.2033  data_time: 0.0125  memory: 2612  
2026/03/31 19:45:46 - mmengine - INFO - Epoch(val)  [2][5250/5717]    eta: 0:01:31  time: 0.2047  data_time: 0.0137  memory: 2612  
2026/03/31 19:45:56 - mmengine - INFO - Epoch(val)  [2][5300/5717]    eta: 0:01:21  time: 0.1937  data_time: 0.0032  memory: 2612  
2026/03/31 19:46:06 - mmengine - INFO - Epoch(val)  [2][5350/5717]    eta: 0:01:11  time: 0.1937  data_time: 0.0032  memory: 2612  
2026/03/31 19:46:15 - mmengine - INFO - Epoch(val)  [2][5400/5717]    eta: 0:01:01  time: 0.1933  data_time: 0.0030  memory: 2612  
2026/03/31 19:46:25 - mmengine - INFO - Epoch(val)  [2][5450/5717]    eta: 0:00:52  time: 0.1935  data_time: 0.0029  memory: 2612  
2026/03/31 19:46:35 - mmengine - INFO - Epoch(val)  [2][5500/5717]    eta: 0:00:42  time: 0.1936  data_time: 0.0029  memory: 2612  
2026/03/31 19:46:44 - mmengine - INFO - Epoch(val)  [2][5550/5717]    eta: 0:00:32  time: 0.1936  data_time: 0.0028  memory: 2612  
2026/03/31 19:46:54 - mmengine - INFO - Epoch(val)  [2][5600/5717]    eta: 0:00:22  time: 0.1931  data_time: 0.0029  memory: 2612  
2026/03/31 19:47:04 - mmengine - INFO - Epoch(val)  [2][5650/5717]    eta: 0:00:13  time: 0.1931  data_time: 0.0029  memory: 2612  
2026/03/31 19:47:13 - mmengine - INFO - Epoch(val)  [2][5700/5717]    eta: 0:00:03  time: 0.1966  data_time: 0.0029  memory: 2612  
2026/03/31 19:48:17 - mmengine - INFO - 
---------------iou_thr: 0.5---------------
2026/03/31 19:49:56 - mmengine - INFO - 
+-------------------+--------+--------+---------+---------+
| class             | gts    | dets   | recall  | ap      |
+-------------------+--------+--------+---------+---------+
| Passenger Ship    | 840    | 70953  | 0.94762 | 0.62253 |
| Liquid Cargo Ship | 3431   | 140230 | 0.98484 | 0.87287 |
| Dry Cargo Ship    | 12017  | 273972 | 0.95390 | 0.84264 |
| Motorboat         | 9265   | 399868 | 0.75154 | 0.57354 |
| Fishing Boat      | 8393   | 303862 | 0.83188 | 0.55139 |
| Warship           | 782    | 48414  | 0.98849 | 0.82459 |
| Engineering Ship  | 1955   | 98230  | 0.94373 | 0.76564 |
| other-ship        | 2848   | 367684 | 0.83357 | 0.36058 |
| Tugboat           | 2338   | 285055 | 0.96364 | 0.79376 |
| Small Car         | 143249 | 568890 | 0.87270 | 0.66950 |
| Cargo Truck       | 9254   | 239806 | 0.69127 | 0.46837 |
| Van               | 132288 | 606752 | 0.86390 | 0.66006 |
| Trailer           | 587    | 34003  | 0.26065 | 0.04108 |
| other-vehicle     | 3062   | 129364 | 0.28152 | 0.05368 |
| Dump Truck        | 25769  | 367002 | 0.84574 | 0.55592 |
| Bus               | 1019   | 41583  | 0.62512 | 0.31810 |
| Tractor           | 262    | 31376  | 0.26718 | 0.12068 |
| Excavator         | 890    | 60023  | 0.39888 | 0.06023 |
| Truck Tractor     | 923    | 28848  | 0.14626 | 0.04997 |
| Boeing737         | 4208   | 88464  | 0.98978 | 0.80463 |
| Boeing747         | 1717   | 29326  | 0.99942 | 0.90700 |
| Boeing777         | 1660   | 23217  | 1.00000 | 0.76769 |
| Boeing787         | 1757   | 30372  | 1.00000 | 0.82884 |
| other-airplane    | 10413  | 322498 | 0.99424 | 0.89885 |
| C919              | 138    | 21609  | 1.00000 | 0.52805 |
| A220              | 6485   | 176554 | 0.99892 | 0.83395 |
| A321              | 2702   | 58909  | 0.99889 | 0.90080 |
| A330              | 1693   | 38167  | 1.00000 | 0.87330 |
| A350              | 1122   | 21547  | 0.99911 | 0.87784 |
| ARJ21             | 186    | 29322  | 1.00000 | 0.87173 |
| Tennis Court      | 2941   | 101416 | 0.96668 | 0.90435 |
| Football Field    | 880    | 111350 | 0.94545 | 0.86592 |
| Basketball Court  | 1322   | 301618 | 0.89107 | 0.77765 |
| Baseball Field    | 1062   | 85497  | 0.95763 | 0.90185 |
| Intersection      | 6958   | 814031 | 0.76617 | 0.52973 |
| Bridge            | 1212   | 511526 | 0.80941 | 0.59563 |
| Roundabout        | 584    | 147574 | 0.96404 | 0.86188 |
+-------------------+--------+--------+---------+---------+
| mAP               |        |        |         | 0.64148 |
+-------------------+--------+--------+---------+---------+
2026/03/31 19:49:57 - mmengine - INFO - Epoch(val) [2][5717/5717]    fair/mAP: 0.6415  fair/AP50: 0.6415  data_time: 0.0049  time: 0.1953
2026/03/31 19:50:15 - mmengine - INFO - Epoch(train)  [3][   50/10002]  lr: 5.0000e-06  eta: 10:40:26  time: 0.3703  data_time: 0.0072  memory: 7329  grad_norm: 111.7141  loss: 7.6776  rpn_s.0.loss_cls: 0.5645  rpn_s.0.loss_bbox: 0.1066  rpn_s.0.loss_giou: 0.7535  rpn_s.1.loss_cls: 0.3817  rpn_s.1.loss_bbox: 0.0521  rpn_s.1.loss_giou: 0.3851  rpn_s.2.loss_cls: 0.2995  rpn_s.2.loss_bbox: 0.0464  rpn_s.2.loss_giou: 0.3456  rpn_s.3.loss_cls: 0.2708  rpn_s.3.loss_bbox: 0.0434  rpn_s.3.loss_giou: 0.3251  s0.loss_cls: 0.3191  s0.pos_acc: 77.5000  s0.loss_bbox: 0.6913  s0.loss_iou: 1.0661  s1.loss_cls: 0.3146  s1.pos_acc: 75.0000  s1.loss_bbox: 0.6922  s1.loss_iou: 1.0199
2026/03/31 19:50:34 - mmengine - INFO - Epoch(train)  [3][  100/10002]  lr: 5.0000e-06  eta: 10:40:02  time: 0.3669  data_time: 0.0032  memory: 7329  grad_norm: 107.3806  loss: 7.2478  rpn_s.0.loss_cls: 0.5775  rpn_s.0.loss_bbox: 0.0957  rpn_s.0.loss_giou: 0.6858  rpn_s.1.loss_cls: 0.3833  rpn_s.1.loss_bbox: 0.0457  rpn_s.1.loss_giou: 0.3692  rpn_s.2.loss_cls: 0.3089  rpn_s.2.loss_bbox: 0.0398  rpn_s.2.loss_giou: 0.3255  rpn_s.3.loss_cls: 0.2760  rpn_s.3.loss_bbox: 0.0363  rpn_s.3.loss_giou: 0.3054  s0.loss_cls: 0.3057  s0.pos_acc: 50.0000  s0.loss_bbox: 0.5917  s0.loss_iou: 1.0225  s1.loss_cls: 0.3030  s1.pos_acc: 58.3333  s1.loss_bbox: 0.5984  s1.loss_iou: 0.9774
2026/03/31 19:50:52 - mmengine - INFO - Epoch(train)  [3][  150/10002]  lr: 5.0000e-06  eta: 10:39:40  time: 0.3740  data_time: 0.0032  memory: 7329  grad_norm: 96.5218  loss: 7.9738  rpn_s.0.loss_cls: 0.6257  rpn_s.0.loss_bbox: 0.0996  rpn_s.0.loss_giou: 0.7616  rpn_s.1.loss_cls: 0.4302  rpn_s.1.loss_bbox: 0.0472  rpn_s.1.loss_giou: 0.4076  rpn_s.2.loss_cls: 0.3400  rpn_s.2.loss_bbox: 0.0392  rpn_s.2.loss_giou: 0.3550  rpn_s.3.loss_cls: 0.3071  rpn_s.3.loss_bbox: 0.0360  rpn_s.3.loss_giou: 0.3321  s0.loss_cls: 0.3442  s0.pos_acc: 68.0555  s0.loss_bbox: 0.6263  s0.loss_iou: 1.1421  s1.loss_cls: 0.3440  s1.pos_acc: 79.1667  s1.loss_bbox: 0.6475  s1.loss_iou: 1.0884
2026/03/31 19:51:11 - mmengine - INFO - Epoch(train)  [3][  200/10002]  lr: 5.0000e-06  eta: 10:39:19  time: 0.3760  data_time: 0.0032  memory: 7329  grad_norm: 81.6801  loss: 8.1818  rpn_s.0.loss_cls: 0.6495  rpn_s.0.loss_bbox: 0.1064  rpn_s.0.loss_giou: 0.7727  rpn_s.1.loss_cls: 0.4412  rpn_s.1.loss_bbox: 0.0527  rpn_s.1.loss_giou: 0.4153  rpn_s.2.loss_cls: 0.3737  rpn_s.2.loss_bbox: 0.0449  rpn_s.2.loss_giou: 0.3612  rpn_s.3.loss_cls: 0.3262  rpn_s.3.loss_bbox: 0.0418  rpn_s.3.loss_giou: 0.3421  s0.loss_cls: 0.3535  s0.pos_acc: 100.0000  s0.loss_bbox: 0.6103  s0.loss_iou: 1.1693  s1.loss_cls: 0.3561  s1.pos_acc: 100.0000  s1.loss_bbox: 0.6338  s1.loss_iou: 1.1311
2026/03/31 19:51:30 - mmengine - INFO - Epoch(train)  [3][  250/10002]  lr: 5.0000e-06  eta: 10:38:59  time: 0.3819  data_time: 0.0032  memory: 7330  grad_norm: 87.2976  loss: 8.2921  rpn_s.0.loss_cls: 0.6359  rpn_s.0.loss_bbox: 0.1038  rpn_s.0.loss_giou: 0.8330  rpn_s.1.loss_cls: 0.4459  rpn_s.1.loss_bbox: 0.0494  rpn_s.1.loss_giou: 0.4415  rpn_s.2.loss_cls: 0.3688  rpn_s.2.loss_bbox: 0.0426  rpn_s.2.loss_giou: 0.3923  rpn_s.3.loss_cls: 0.3292  rpn_s.3.loss_bbox: 0.0387  rpn_s.3.loss_giou: 0.3744  s0.loss_cls: 0.3461  s0.pos_acc: 95.4545  s0.loss_bbox: 0.5527  s0.loss_iou: 1.2249  s1.loss_cls: 0.3458  s1.pos_acc: 93.1818  s1.loss_bbox: 0.5897  s1.loss_iou: 1.1776
2026/03/31 19:51:49 - mmengine - INFO - Epoch(train)  [3][  300/10002]  lr: 5.0000e-06  eta: 10:38:37  time: 0.3736  data_time: 0.0032  memory: 7329  grad_norm: 98.8045  loss: 8.1099  rpn_s.0.loss_cls: 0.6036  rpn_s.0.loss_bbox: 0.1054  rpn_s.0.loss_giou: 0.7994  rpn_s.1.loss_cls: 0.4171  rpn_s.1.loss_bbox: 0.0507  rpn_s.1.loss_giou: 0.4251  rpn_s.2.loss_cls: 0.3421  rpn_s.2.loss_bbox: 0.0421  rpn_s.2.loss_giou: 0.3677  rpn_s.3.loss_cls: 0.3049  rpn_s.3.loss_bbox: 0.0383  rpn_s.3.loss_giou: 0.3455  s0.loss_cls: 0.3499  s0.pos_acc: 77.7778  s0.loss_bbox: 0.6278  s0.loss_iou: 1.1713  s1.loss_cls: 0.3350  s1.pos_acc: 80.1587  s1.loss_bbox: 0.6547  s1.loss_iou: 1.1293
2026/03/31 19:52:08 - mmengine - INFO - Epoch(train)  [3][  350/10002]  lr: 5.0000e-06  eta: 10:38:17  time: 0.3788  data_time: 0.0032  memory: 7329  grad_norm: 84.5929  loss: 8.1485  rpn_s.0.loss_cls: 0.6103  rpn_s.0.loss_bbox: 0.1092  rpn_s.0.loss_giou: 0.7647  rpn_s.1.loss_cls: 0.4283  rpn_s.1.loss_bbox: 0.0531  rpn_s.1.loss_giou: 0.4227  rpn_s.2.loss_cls: 0.3422  rpn_s.2.loss_bbox: 0.0460  rpn_s.2.loss_giou: 0.3639  rpn_s.3.loss_cls: 0.3090  rpn_s.3.loss_bbox: 0.0433  rpn_s.3.loss_giou: 0.3388  s0.loss_cls: 0.3409  s0.pos_acc: 73.5294  s0.loss_bbox: 0.6437  s0.loss_iou: 1.1905  s1.loss_cls: 0.3396  s1.pos_acc: 77.2059  s1.loss_bbox: 0.6525  s1.loss_iou: 1.1497
2026/03/31 19:52:26 - mmengine - INFO - Epoch(train)  [3][  400/10002]  lr: 5.0000e-06  eta: 10:37:55  time: 0.3745  data_time: 0.0032  memory: 7329  grad_norm: 87.1345  loss: 7.6359  rpn_s.0.loss_cls: 0.5967  rpn_s.0.loss_bbox: 0.0938  rpn_s.0.loss_giou: 0.7722  rpn_s.1.loss_cls: 0.4025  rpn_s.1.loss_bbox: 0.0410  rpn_s.1.loss_giou: 0.3908  rpn_s.2.loss_cls: 0.3230  rpn_s.2.loss_bbox: 0.0351  rpn_s.2.loss_giou: 0.3418  rpn_s.3.loss_cls: 0.2839  rpn_s.3.loss_bbox: 0.0330  rpn_s.3.loss_giou: 0.3205  s0.loss_cls: 0.3161  s0.pos_acc: 83.3333  s0.loss_bbox: 0.6093  s0.loss_iou: 1.0832  s1.loss_cls: 0.3013  s1.pos_acc: 83.3333  s1.loss_bbox: 0.6516  s1.loss_iou: 1.0403
2026/03/31 19:52:45 - mmengine - INFO - Epoch(train)  [3][  450/10002]  lr: 5.0000e-06  eta: 10:37:35  time: 0.3780  data_time: 0.0031  memory: 7329  grad_norm: 110.0629  loss: 7.7832  rpn_s.0.loss_cls: 0.6272  rpn_s.0.loss_bbox: 0.0966  rpn_s.0.loss_giou: 0.7633  rpn_s.1.loss_cls: 0.4329  rpn_s.1.loss_bbox: 0.0436  rpn_s.1.loss_giou: 0.4073  rpn_s.2.loss_cls: 0.3552  rpn_s.2.loss_bbox: 0.0367  rpn_s.2.loss_giou: 0.3535  rpn_s.3.loss_cls: 0.3065  rpn_s.3.loss_bbox: 0.0342  rpn_s.3.loss_giou: 0.3362  s0.loss_cls: 0.3399  s0.pos_acc: 74.6341  s0.loss_bbox: 0.5732  s0.loss_iou: 1.0935  s1.loss_cls: 0.3358  s1.pos_acc: 76.5854  s1.loss_bbox: 0.6083  s1.loss_iou: 1.0392
2026/03/31 19:53:04 - mmengine - INFO - Epoch(train)  [3][  500/10002]  lr: 5.0000e-06  eta: 10:37:13  time: 0.3750  data_time: 0.0031  memory: 7329  grad_norm: 94.2906  loss: 7.5949  rpn_s.0.loss_cls: 0.6018  rpn_s.0.loss_bbox: 0.1076  rpn_s.0.loss_giou: 0.7018  rpn_s.1.loss_cls: 0.4138  rpn_s.1.loss_bbox: 0.0474  rpn_s.1.loss_giou: 0.3800  rpn_s.2.loss_cls: 0.3257  rpn_s.2.loss_bbox: 0.0419  rpn_s.2.loss_giou: 0.3372  rpn_s.3.loss_cls: 0.2937  rpn_s.3.loss_bbox: 0.0385  rpn_s.3.loss_giou: 0.3129  s0.loss_cls: 0.3128  s0.pos_acc: 75.0000  s0.loss_bbox: 0.6543  s0.loss_iou: 1.0443  s1.loss_cls: 0.3096  s1.pos_acc: 77.7778  s1.loss_bbox: 0.6748  s1.loss_iou: 0.9966
2026/03/31 19:53:23 - mmengine - INFO - Epoch(train)  [3][  550/10002]  lr: 5.0000e-06  eta: 10:36:53  time: 0.3791  data_time: 0.0032  memory: 7330  grad_norm: 118.7978  loss: 8.3138  rpn_s.0.loss_cls: 0.6785  rpn_s.0.loss_bbox: 0.0976  rpn_s.0.loss_giou: 0.8013  rpn_s.1.loss_cls: 0.4520  rpn_s.1.loss_bbox: 0.0448  rpn_s.1.loss_giou: 0.4200  rpn_s.2.loss_cls: 0.3873  rpn_s.2.loss_bbox: 0.0376  rpn_s.2.loss_giou: 0.3638  rpn_s.3.loss_cls: 0.3515  rpn_s.3.loss_bbox: 0.0343  rpn_s.3.loss_giou: 0.3397  s0.loss_cls: 0.3921  s0.pos_acc: 93.7500  s0.loss_bbox: 0.6240  s0.loss_iou: 1.1433  s1.loss_cls: 0.3950  s1.pos_acc: 100.0000  s1.loss_bbox: 0.6560  s1.loss_iou: 1.0949
2026/03/31 19:53:42 - mmengine - INFO - Epoch(train)  [3][  600/10002]  lr: 5.0000e-06  eta: 10:36:31  time: 0.3738  data_time: 0.0031  memory: 7329  grad_norm: 96.9863  loss: 7.3947  rpn_s.0.loss_cls: 0.5771  rpn_s.0.loss_bbox: 0.0945  rpn_s.0.loss_giou: 0.7317  rpn_s.1.loss_cls: 0.3847  rpn_s.1.loss_bbox: 0.0442  rpn_s.1.loss_giou: 0.3753  rpn_s.2.loss_cls: 0.3052  rpn_s.2.loss_bbox: 0.0395  rpn_s.2.loss_giou: 0.3314  rpn_s.3.loss_cls: 0.2675  rpn_s.3.loss_bbox: 0.0371  rpn_s.3.loss_giou: 0.3135  s0.loss_cls: 0.3100  s0.pos_acc: 73.3333  s0.loss_bbox: 0.6339  s0.loss_iou: 1.0094  s1.loss_cls: 0.2950  s1.pos_acc: 80.0000  s1.loss_bbox: 0.6684  s1.loss_iou: 0.9762
2026/03/31 19:54:01 - mmengine - INFO - Epoch(train)  [3][  650/10002]  lr: 5.0000e-06  eta: 10:36:12  time: 0.3844  data_time: 0.0032  memory: 7330  grad_norm: 87.3482  loss: 8.4976  rpn_s.0.loss_cls: 0.6307  rpn_s.0.loss_bbox: 0.0974  rpn_s.0.loss_giou: 0.8533  rpn_s.1.loss_cls: 0.4358  rpn_s.1.loss_bbox: 0.0443  rpn_s.1.loss_giou: 0.4397  rpn_s.2.loss_cls: 0.3516  rpn_s.2.loss_bbox: 0.0374  rpn_s.2.loss_giou: 0.3819  rpn_s.3.loss_cls: 0.3120  rpn_s.3.loss_bbox: 0.0344  rpn_s.3.loss_giou: 0.3599  s0.loss_cls: 0.3476  s0.pos_acc: 75.7426  s0.loss_bbox: 0.6803  s0.loss_iou: 1.2248  s1.loss_cls: 0.3552  s1.pos_acc: 77.7228  s1.loss_bbox: 0.7157  s1.loss_iou: 1.1956
2026/03/31 19:54:20 - mmengine - INFO - Epoch(train)  [3][  700/10002]  lr: 5.0000e-06  eta: 10:35:50  time: 0.3741  data_time: 0.0031  memory: 7329  grad_norm: 84.6806  loss: 7.6377  rpn_s.0.loss_cls: 0.6096  rpn_s.0.loss_bbox: 0.0933  rpn_s.0.loss_giou: 0.7395  rpn_s.1.loss_cls: 0.4202  rpn_s.1.loss_bbox: 0.0450  rpn_s.1.loss_giou: 0.3928  rpn_s.2.loss_cls: 0.3468  rpn_s.2.loss_bbox: 0.0395  rpn_s.2.loss_giou: 0.3429  rpn_s.3.loss_cls: 0.3085  rpn_s.3.loss_bbox: 0.0376  rpn_s.3.loss_giou: 0.3239  s0.loss_cls: 0.3238  s0.pos_acc: 100.0000  s0.loss_bbox: 0.6130  s0.loss_iou: 1.0522  s1.loss_cls: 0.3170  s1.pos_acc: 100.0000  s1.loss_bbox: 0.6261  s1.loss_iou: 1.0060
2026/03/31 19:54:38 - mmengine - INFO - Epoch(train)  [3][  750/10002]  lr: 5.0000e-06  eta: 10:35:28  time: 0.3737  data_time: 0.0031  memory: 7329  grad_norm: 91.3921  loss: 7.6972  rpn_s.0.loss_cls: 0.6079  rpn_s.0.loss_bbox: 0.0981  rpn_s.0.loss_giou: 0.7703  rpn_s.1.loss_cls: 0.4103  rpn_s.1.loss_bbox: 0.0449  rpn_s.1.loss_giou: 0.4045  rpn_s.2.loss_cls: 0.3349  rpn_s.2.loss_bbox: 0.0382  rpn_s.2.loss_giou: 0.3524  rpn_s.3.loss_cls: 0.3023  rpn_s.3.loss_bbox: 0.0356  rpn_s.3.loss_giou: 0.3347  s0.loss_cls: 0.3332  s0.pos_acc: 71.0526  s0.loss_bbox: 0.5881  s0.loss_iou: 1.0625  s1.loss_cls: 0.3299  s1.pos_acc: 72.8070  s1.loss_bbox: 0.6353  s1.loss_iou: 1.0142
2026/03/31 19:54:57 - mmengine - INFO - Epoch(train)  [3][  800/10002]  lr: 5.0000e-06  eta: 10:35:08  time: 0.3772  data_time: 0.0031  memory: 7329  grad_norm: 103.7267  loss: 7.8141  rpn_s.0.loss_cls: 0.6115  rpn_s.0.loss_bbox: 0.0994  rpn_s.0.loss_giou: 0.7776  rpn_s.1.loss_cls: 0.4216  rpn_s.1.loss_bbox: 0.0458  rpn_s.1.loss_giou: 0.4085  rpn_s.2.loss_cls: 0.3279  rpn_s.2.loss_bbox: 0.0387  rpn_s.2.loss_giou: 0.3565  rpn_s.3.loss_cls: 0.2948  rpn_s.3.loss_bbox: 0.0360  rpn_s.3.loss_giou: 0.3338  s0.loss_cls: 0.3237  s0.pos_acc: 70.0000  s0.loss_bbox: 0.6475  s0.loss_iou: 1.0662  s1.loss_cls: 0.3333  s1.pos_acc: 71.2500  s1.loss_bbox: 0.6766  s1.loss_iou: 1.0147
2026/03/31 19:55:16 - mmengine - INFO - Epoch(train)  [3][  850/10002]  lr: 5.0000e-06  eta: 10:34:48  time: 0.3807  data_time: 0.0031  memory: 7329  grad_norm: 88.9345  loss: 7.8083  rpn_s.0.loss_cls: 0.5970  rpn_s.0.loss_bbox: 0.0949  rpn_s.0.loss_giou: 0.7905  rpn_s.1.loss_cls: 0.3941  rpn_s.1.loss_bbox: 0.0426  rpn_s.1.loss_giou: 0.4087  rpn_s.2.loss_cls: 0.3187  rpn_s.2.loss_bbox: 0.0356  rpn_s.2.loss_giou: 0.3502  rpn_s.3.loss_cls: 0.2778  rpn_s.3.loss_bbox: 0.0336  rpn_s.3.loss_giou: 0.3327  s0.loss_cls: 0.3027  s0.pos_acc: 100.0000  s0.loss_bbox: 0.6168  s0.loss_iou: 1.1503  s1.loss_cls: 0.3016  s1.pos_acc: 100.0000  s1.loss_bbox: 0.6492  s1.loss_iou: 1.1113
2026/03/31 19:55:35 - mmengine - INFO - Epoch(train)  [3][  900/10002]  lr: 5.0000e-06  eta: 10:34:28  time: 0.3833  data_time: 0.0031  memory: 7330  grad_norm: 100.0419  loss: 8.4873  rpn_s.0.loss_cls: 0.6565  rpn_s.0.loss_bbox: 0.1062  rpn_s.0.loss_giou: 0.8221  rpn_s.1.loss_cls: 0.4678  rpn_s.1.loss_bbox: 0.0510  rpn_s.1.loss_giou: 0.4375  rpn_s.2.loss_cls: 0.3756  rpn_s.2.loss_bbox: 0.0436  rpn_s.2.loss_giou: 0.3834  rpn_s.3.loss_cls: 0.3338  rpn_s.3.loss_bbox: 0.0401  rpn_s.3.loss_giou: 0.3620  s0.loss_cls: 0.3853  s0.pos_acc: 77.4194  s0.loss_bbox: 0.6011  s0.loss_iou: 1.2288  s1.loss_cls: 0.3766  s1.pos_acc: 85.4839  s1.loss_bbox: 0.6364  s1.loss_iou: 1.1796
2026/03/31 19:55:54 - mmengine - INFO - Epoch(train)  [3][  950/10002]  lr: 5.0000e-06  eta: 10:34:07  time: 0.3755  data_time: 0.0030  memory: 7329  grad_norm: 93.3082  loss: 7.8509  rpn_s.0.loss_cls: 0.6158  rpn_s.0.loss_bbox: 0.0899  rpn_s.0.loss_giou: 0.7567  rpn_s.1.loss_cls: 0.4297  rpn_s.1.loss_bbox: 0.0403  rpn_s.1.loss_giou: 0.4040  rpn_s.2.loss_cls: 0.3549  rpn_s.2.loss_bbox: 0.0352  rpn_s.2.loss_giou: 0.3548  rpn_s.3.loss_cls: 0.3215  rpn_s.3.loss_bbox: 0.0334  rpn_s.3.loss_giou: 0.3413  s0.loss_cls: 0.3572  s0.pos_acc: 75.0000  s0.loss_bbox: 0.5595  s0.loss_iou: 1.1255  s1.loss_cls: 0.3716  s1.pos_acc: 100.0000  s1.loss_bbox: 0.5839  s1.loss_iou: 1.0757
2026/03/31 19:56:12 - mmengine - INFO - Exp name: GSDet_r50_b900_h2h4_h2r1_r2r1_2x_fair1m1.0_20260331_165920
2026/03/31 19:56:14 - mmengine - INFO - Epoch(train)  [3][ 1000/10002]  lr: 5.0000e-06  eta: 10:33:49  time: 0.3887  data_time: 0.0030  memory: 7330  grad_norm: 79.2853  loss: 8.4543  rpn_s.0.loss_cls: 0.6240  rpn_s.0.loss_bbox: 0.1025  rpn_s.0.loss_giou: 0.8305  rpn_s.1.loss_cls: 0.4258  rpn_s.1.loss_bbox: 0.0490  rpn_s.1.loss_giou: 0.4478  rpn_s.2.loss_cls: 0.3484  rpn_s.2.loss_bbox: 0.0436  rpn_s.2.loss_giou: 0.4000  rpn_s.3.loss_cls: 0.3148  rpn_s.3.loss_bbox: 0.0410  rpn_s.3.loss_giou: 0.3781  s0.loss_cls: 0.3703  s0.pos_acc: 76.0870  s0.loss_bbox: 0.6084  s0.loss_iou: 1.2380  s1.loss_cls: 0.3653  s1.pos_acc: 76.0870  s1.loss_bbox: 0.6641  s1.loss_iou: 1.2026
2026/03/31 19:56:32 - mmengine - INFO - Epoch(train)  [3][ 1050/10002]  lr: 5.0000e-06  eta: 10:33:27  time: 0.3725  data_time: 0.0030  memory: 7329  grad_norm: 104.4243  loss: 7.6333  rpn_s.0.loss_cls: 0.5975  rpn_s.0.loss_bbox: 0.0888  rpn_s.0.loss_giou: 0.6929  rpn_s.1.loss_cls: 0.4320  rpn_s.1.loss_bbox: 0.0447  rpn_s.1.loss_giou: 0.3786  rpn_s.2.loss_cls: 0.3404  rpn_s.2.loss_bbox: 0.0379  rpn_s.2.loss_giou: 0.3348  rpn_s.3.loss_cls: 0.3121  rpn_s.3.loss_bbox: 0.0339  rpn_s.3.loss_giou: 0.3118  s0.loss_cls: 0.3487  s0.pos_acc: 75.0000  s0.loss_bbox: 0.6015  s0.loss_iou: 1.0707  s1.loss_cls: 0.3420  s1.pos_acc: 100.0000  s1.loss_bbox: 0.6373  s1.loss_iou: 1.0278
2026/03/31 19:56:51 - mmengine - INFO - Epoch(train)  [3][ 1100/10002]  lr: 5.0000e-06  eta: 10:33:06  time: 0.3768  data_time: 0.0030  memory: 7329  grad_norm: 102.2771  loss: 7.5875  rpn_s.0.loss_cls: 0.5868  rpn_s.0.loss_bbox: 0.0974  rpn_s.0.loss_giou: 0.6944  rpn_s.1.loss_cls: 0.4114  rpn_s.1.loss_bbox: 0.0466  rpn_s.1.loss_giou: 0.3811  rpn_s.2.loss_cls: 0.3252  rpn_s.2.loss_bbox: 0.0403  rpn_s.2.loss_giou: 0.3391  rpn_s.3.loss_cls: 0.2955  rpn_s.3.loss_bbox: 0.0374  rpn_s.3.loss_giou: 0.3192  s0.loss_cls: 0.3331  s0.pos_acc: 73.3333  s0.loss_bbox: 0.6356  s0.loss_iou: 1.0515  s1.loss_cls: 0.3222  s1.pos_acc: 74.6032  s1.loss_bbox: 0.6592  s1.loss_iou: 1.0114
2026/03/31 19:57:10 - mmengine - INFO - Epoch(train)  [3][ 1150/10002]  lr: 5.0000e-06  eta: 10:32:46  time: 0.3787  data_time: 0.0030  memory: 7329  grad_norm: 85.9051  loss: 8.2177  rpn_s.0.loss_cls: 0.6235  rpn_s.0.loss_bbox: 0.0984  rpn_s.0.loss_giou: 0.8141  rpn_s.1.loss_cls: 0.4207  rpn_s.1.loss_bbox: 0.0459  rpn_s.1.loss_giou: 0.4330  rpn_s.2.loss_cls: 0.3439  rpn_s.2.loss_bbox: 0.0394  rpn_s.2.loss_giou: 0.3799  rpn_s.3.loss_cls: 0.3172  rpn_s.3.loss_bbox: 0.0373  rpn_s.3.loss_giou: 0.3635  s0.loss_cls: 0.3517  s0.pos_acc: 76.4706  s0.loss_bbox: 0.5831  s0.loss_iou: 1.2069  s1.loss_cls: 0.3528  s1.pos_acc: 71.5686  s1.loss_bbox: 0.6361  s1.loss_iou: 1.1704
2026/03/31 19:57:29 - mmengine - INFO - Epoch(train)  [3][ 1200/10002]  lr: 5.0000e-06  eta: 10:32:25  time: 0.3766  data_time: 0.0031  memory: 7329  grad_norm: 102.8819  loss: 7.6273  rpn_s.0.loss_cls: 0.5892  rpn_s.0.loss_bbox: 0.0925  rpn_s.0.loss_giou: 0.6967  rpn_s.1.loss_cls: 0.4146  rpn_s.1.loss_bbox: 0.0451  rpn_s.1.loss_giou: 0.3898  rpn_s.2.loss_cls: 0.3291  rpn_s.2.loss_bbox: 0.0401  rpn_s.2.loss_giou: 0.3521  rpn_s.3.loss_cls: 0.2844  rpn_s.3.loss_bbox: 0.0382  rpn_s.3.loss_giou: 0.3387  s0.loss_cls: 0.3340  s0.pos_acc: 75.0000  s0.loss_bbox: 0.5561  s0.loss_iou: 1.1183  s1.loss_cls: 0.3426  s1.pos_acc: 87.5000  s1.loss_bbox: 0.5859  s1.loss_iou: 1.0799
2026/03/31 19:57:48 - mmengine - INFO - Epoch(train)  [3][ 1250/10002]  lr: 5.0000e-06  eta: 10:32:06  time: 0.3870  data_time: 0.0031  memory: 7330  grad_norm: 92.6460  loss: 7.8570  rpn_s.0.loss_cls: 0.5974  rpn_s.0.loss_bbox: 0.1024  rpn_s.0.loss_giou: 0.7370  rpn_s.1.loss_cls: 0.4161  rpn_s.1.loss_bbox: 0.0519  rpn_s.1.loss_giou: 0.4032  rpn_s.2.loss_cls: 0.3525  rpn_s.2.loss_bbox: 0.0446  rpn_s.2.loss_giou: 0.3529  rpn_s.3.loss_cls: 0.3194  rpn_s.3.loss_bbox: 0.0417  rpn_s.3.loss_giou: 0.3316  s0.loss_cls: 0.3453  s0.pos_acc: 73.3333  s0.loss_bbox: 0.6487  s0.loss_iou: 1.0634  s1.loss_cls: 0.3515  s1.pos_acc: 75.0000  s1.loss_bbox: 0.6762  s1.loss_iou: 1.0212
2026/03/31 19:58:07 - mmengine - INFO - Epoch(train)  [3][ 1300/10002]  lr: 5.0000e-06  eta: 10:31:45  time: 0.3763  data_time: 0.0030  memory: 7329  grad_norm: 107.4754  loss: 7.5190  rpn_s.0.loss_cls: 0.6128  rpn_s.0.loss_bbox: 0.0961  rpn_s.0.loss_giou: 0.7486  rpn_s.1.loss_cls: 0.4142  rpn_s.1.loss_bbox: 0.0397  rpn_s.1.loss_giou: 0.3750  rpn_s.2.loss_cls: 0.3358  rpn_s.2.loss_bbox: 0.0353  rpn_s.2.loss_giou: 0.3332  rpn_s.3.loss_cls: 0.3023  rpn_s.3.loss_bbox: 0.0330  rpn_s.3.loss_giou: 0.3140  s0.loss_cls: 0.3278  s0.pos_acc: 69.5312  s0.loss_bbox: 0.5595  s0.loss_iou: 1.0551  s1.loss_cls: 0.3272  s1.pos_acc: 72.6562  s1.loss_bbox: 0.6073  s1.loss_iou: 1.0021
2026/03/31 19:58:26 - mmengine - INFO - Epoch(train)  [3][ 1350/10002]  lr: 5.0000e-06  eta: 10:31:25  time: 0.3791  data_time: 0.0030  memory: 7329  grad_norm: 91.9895  loss: 7.9479  rpn_s.0.loss_cls: 0.6159  rpn_s.0.loss_bbox: 0.1036  rpn_s.0.loss_giou: 0.8044  rpn_s.1.loss_cls: 0.4093  rpn_s.1.loss_bbox: 0.0477  rpn_s.1.loss_giou: 0.4196  rpn_s.2.loss_cls: 0.3374  rpn_s.2.loss_bbox: 0.0406  rpn_s.2.loss_giou: 0.3616  rpn_s.3.loss_cls: 0.2982  rpn_s.3.loss_bbox: 0.0379  rpn_s.3.loss_giou: 0.3423  s0.loss_cls: 0.3277  s0.pos_acc: 100.0000  s0.loss_bbox: 0.5716  s0.loss_iou: 1.1521  s1.loss_cls: 0.3311  s1.pos_acc: 100.0000  s1.loss_bbox: 0.6270  s1.loss_iou: 1.1199
2026/03/31 19:58:45 - mmengine - INFO - Epoch(train)  [3][ 1400/10002]  lr: 5.0000e-06  eta: 10:31:04  time: 0.3764  data_time: 0.0030  memory: 7329  grad_norm: 92.6579  loss: 7.4481  rpn_s.0.loss_cls: 0.5856  rpn_s.0.loss_bbox: 0.0921  rpn_s.0.loss_giou: 0.7310  rpn_s.1.loss_cls: 0.4123  rpn_s.1.loss_bbox: 0.0437  rpn_s.1.loss_giou: 0.3773  rpn_s.2.loss_cls: 0.3188  rpn_s.2.loss_bbox: 0.0369  rpn_s.2.loss_giou: 0.3319  rpn_s.3.loss_cls: 0.2774  rpn_s.3.loss_bbox: 0.0330  rpn_s.3.loss_giou: 0.3085  s0.loss_cls: 0.3155  s0.pos_acc: 84.6154  s0.loss_bbox: 0.6494  s0.loss_iou: 0.9776  s1.loss_cls: 0.3224  s1.pos_acc: 88.4615  s1.loss_bbox: 0.6852  s1.loss_iou: 0.9494
2026/03/31 19:59:04 - mmengine - INFO - Epoch(train)  [3][ 1450/10002]  lr: 5.0000e-06  eta: 10:30:44  time: 0.3819  data_time: 0.0030  memory: 7329  grad_norm: 101.8333  loss: 7.7013  rpn_s.0.loss_cls: 0.6126  rpn_s.0.loss_bbox: 0.0926  rpn_s.0.loss_giou: 0.7719  rpn_s.1.loss_cls: 0.4203  rpn_s.1.loss_bbox: 0.0420  rpn_s.1.loss_giou: 0.3982  rpn_s.2.loss_cls: 0.3419  rpn_s.2.loss_bbox: 0.0361  rpn_s.2.loss_giou: 0.3489  rpn_s.3.loss_cls: 0.3001  rpn_s.3.loss_bbox: 0.0330  rpn_s.3.loss_giou: 0.3256  s0.loss_cls: 0.3261  s0.pos_acc: 90.4762  s0.loss_bbox: 0.5903  s0.loss_iou: 1.0738  s1.loss_cls: 0.3257  s1.pos_acc: 88.0952  s1.loss_bbox: 0.6323  s1.loss_iou: 1.0300
2026/03/31 19:59:23 - mmengine - INFO - Epoch(train)  [3][ 1500/10002]  lr: 5.0000e-06  eta: 10:30:24  time: 0.3798  data_time: 0.0031  memory: 7329  grad_norm: 93.4235  loss: 7.6623  rpn_s.0.loss_cls: 0.6286  rpn_s.0.loss_bbox: 0.0986  rpn_s.0.loss_giou: 0.7868  rpn_s.1.loss_cls: 0.4239  rpn_s.1.loss_bbox: 0.0410  rpn_s.1.loss_giou: 0.3842  rpn_s.2.loss_cls: 0.3444  rpn_s.2.loss_bbox: 0.0347  rpn_s.2.loss_giou: 0.3320  rpn_s.3.loss_cls: 0.2999  rpn_s.3.loss_bbox: 0.0321  rpn_s.3.loss_giou: 0.3131  s0.loss_cls: 0.3396  s0.pos_acc: 100.0000  s0.loss_bbox: 0.5941  s0.loss_iou: 1.0522  s1.loss_cls: 0.3403  s1.pos_acc: 100.0000  s1.loss_bbox: 0.6063  s1.loss_iou: 1.0106
2026/03/31 19:59:42 - mmengine - INFO - Epoch(train)  [3][ 1550/10002]  lr: 5.0000e-06  eta: 10:30:05  time: 0.3832  data_time: 0.0032  memory: 7330  grad_norm: 97.6403  loss: 7.9999  rpn_s.0.loss_cls: 0.6131  rpn_s.0.loss_bbox: 0.1040  rpn_s.0.loss_giou: 0.7699  rpn_s.1.loss_cls: 0.4179  rpn_s.1.loss_bbox: 0.0537  rpn_s.1.loss_giou: 0.4138  rpn_s.2.loss_cls: 0.3464  rpn_s.2.loss_bbox: 0.0450  rpn_s.2.loss_giou: 0.3629  rpn_s.3.loss_cls: 0.3130  rpn_s.3.loss_bbox: 0.0431  rpn_s.3.loss_giou: 0.3443  s0.loss_cls: 0.3251  s0.pos_acc: 100.0000  s0.loss_bbox: 0.6483  s0.loss_iou: 1.1108  s1.loss_cls: 0.3206  s1.pos_acc: 100.0000  s1.loss_bbox: 0.6885  s1.loss_iou: 1.0793
2026/03/31 20:00:01 - mmengine - INFO - Epoch(train)  [3][ 1600/10002]  lr: 5.0000e-06  eta: 10:29:46  time: 0.3858  data_time: 0.0030  memory: 7329  grad_norm: 83.4627  loss: 7.4050  rpn_s.0.loss_cls: 0.5607  rpn_s.0.loss_bbox: 0.0908  rpn_s.0.loss_giou: 0.7747  rpn_s.1.loss_cls: 0.3744  rpn_s.1.loss_bbox: 0.0394  rpn_s.1.loss_giou: 0.3917  rpn_s.2.loss_cls: 0.2977  rpn_s.2.loss_bbox: 0.0337  rpn_s.2.loss_giou: 0.3431  rpn_s.3.loss_cls: 0.2628  rpn_s.3.loss_bbox: 0.0314  rpn_s.3.loss_giou: 0.3252  s0.loss_cls: 0.2958  s0.pos_acc: 78.6232  s0.loss_bbox: 0.5961  s0.loss_iou: 1.0556  s1.loss_cls: 0.2713  s1.pos_acc: 79.7101  s1.loss_bbox: 0.6468  s1.loss_iou: 1.0137
2026/03/31 20:00:20 - mmengine - INFO - Epoch(train)  [3][ 1650/10002]  lr: 5.0000e-06  eta: 10:29:25  time: 0.3775  data_time: 0.0030  memory: 7329  grad_norm: 91.8266  loss: 7.9927  rpn_s.0.loss_cls: 0.6398  rpn_s.0.loss_bbox: 0.1041  rpn_s.0.loss_giou: 0.7667  rpn_s.1.loss_cls: 0.4195  rpn_s.1.loss_bbox: 0.0505  rpn_s.1.loss_giou: 0.4036  rpn_s.2.loss_cls: 0.3441  rpn_s.2.loss_bbox: 0.0426  rpn_s.2.loss_giou: 0.3542  rpn_s.3.loss_cls: 0.2992  rpn_s.3.loss_bbox: 0.0405  rpn_s.3.loss_giou: 0.3365  s0.loss_cls: 0.3360  s0.pos_acc: 70.8333  s0.loss_bbox: 0.6711  s0.loss_iou: 1.1038  s1.loss_cls: 0.3244  s1.pos_acc: 66.6667  s1.loss_bbox: 0.6938  s1.loss_iou: 1.0623
2026/03/31 20:00:39 - mmengine - INFO - Epoch(train)  [3][ 1700/10002]  lr: 5.0000e-06  eta: 10:29:05  time: 0.3777  data_time: 0.0031  memory: 7329  grad_norm: 99.5577  loss: 7.8222  rpn_s.0.loss_cls: 0.6022  rpn_s.0.loss_bbox: 0.0980  rpn_s.0.loss_giou: 0.7464  rpn_s.1.loss_cls: 0.4057  rpn_s.1.loss_bbox: 0.0445  rpn_s.1.loss_giou: 0.3942  rpn_s.2.loss_cls: 0.3361  rpn_s.2.loss_bbox: 0.0384  rpn_s.2.loss_giou: 0.3462  rpn_s.3.loss_cls: 0.2906  rpn_s.3.loss_bbox: 0.0354  rpn_s.3.loss_giou: 0.3281  s0.loss_cls: 0.3306  s0.pos_acc: 100.0000  s0.loss_bbox: 0.6797  s0.loss_iou: 1.0857  s1.loss_cls: 0.3252  s1.pos_acc: 100.0000  s1.loss_bbox: 0.6901  s1.loss_iou: 1.0452
2026/03/31 20:00:58 - mmengine - INFO - Epoch(train)  [3][ 1750/10002]  lr: 5.0000e-06  eta: 10:28:44  time: 0.3764  data_time: 0.0030  memory: 7329  grad_norm: 94.3133  loss: 7.5023  rpn_s.0.loss_cls: 0.5826  rpn_s.0.loss_bbox: 0.0991  rpn_s.0.loss_giou: 0.7050  rpn_s.1.loss_cls: 0.3839  rpn_s.1.loss_bbox: 0.0493  rpn_s.1.loss_giou: 0.3785  rpn_s.2.loss_cls: 0.3021  rpn_s.2.loss_bbox: 0.0435  rpn_s.2.loss_giou: 0.3345  rpn_s.3.loss_cls: 0.2608  rpn_s.3.loss_bbox: 0.0409  rpn_s.3.loss_giou: 0.3157  s0.loss_cls: 0.2966  s0.pos_acc: 76.0870  s0.loss_bbox: 0.6982  s0.loss_iou: 1.0224  s1.loss_cls: 0.2847  s1.pos_acc: 71.7391  s1.loss_bbox: 0.7239  s1.loss_iou: 0.9807
2026/03/31 20:01:17 - mmengine - INFO - Epoch(train)  [3][ 1800/10002]  lr: 5.0000e-06  eta: 10:28:23  time: 0.3782  data_time: 0.0030  memory: 7329  grad_norm: 100.7036  loss: 7.7091  rpn_s.0.loss_cls: 0.5621  rpn_s.0.loss_bbox: 0.0955  rpn_s.0.loss_giou: 0.7414  rpn_s.1.loss_cls: 0.3902  rpn_s.1.loss_bbox: 0.0477  rpn_s.1.loss_giou: 0.4017  rpn_s.2.loss_cls: 0.3122  rpn_s.2.loss_bbox: 0.0414  rpn_s.2.loss_giou: 0.3538  rpn_s.3.loss_cls: 0.2713  rpn_s.3.loss_bbox: 0.0388  rpn_s.3.loss_giou: 0.3325  s0.loss_cls: 0.2923  s0.pos_acc: 77.0833  s0.loss_bbox: 0.6737  s0.loss_iou: 1.0869  s1.loss_cls: 0.2948  s1.pos_acc: 68.7500  s1.loss_bbox: 0.7328  s1.loss_iou: 1.0400
2026/03/31 20:01:36 - mmengine - INFO - Epoch(train)  [3][ 1850/10002]  lr: 5.0000e-06  eta: 10:28:03  time: 0.3762  data_time: 0.0030  memory: 7329  grad_norm: 100.7629  loss: 7.7552  rpn_s.0.loss_cls: 0.6008  rpn_s.0.loss_bbox: 0.0939  rpn_s.0.loss_giou: 0.7261  rpn_s.1.loss_cls: 0.4168  rpn_s.1.loss_bbox: 0.0451  rpn_s.1.loss_giou: 0.4060  rpn_s.2.loss_cls: 0.3334  rpn_s.2.loss_bbox: 0.0395  rpn_s.2.loss_giou: 0.3594  rpn_s.3.loss_cls: 0.2965  rpn_s.3.loss_bbox: 0.0361  rpn_s.3.loss_giou: 0.3328  s0.loss_cls: 0.3333  s0.pos_acc: 80.7692  s0.loss_bbox: 0.6144  s0.loss_iou: 1.1055  s1.loss_cls: 0.3219  s1.pos_acc: 79.4872  s1.loss_bbox: 0.6404  s1.loss_iou: 1.0531
2026/03/31 20:01:55 - mmengine - INFO - Epoch(train)  [3][ 1900/10002]  lr: 5.0000e-06  eta: 10:27:43  time: 0.3822  data_time: 0.0030  memory: 7329  grad_norm: 82.6658  loss: 7.4498  rpn_s.0.loss_cls: 0.5536  rpn_s.0.loss_bbox: 0.0963  rpn_s.0.loss_giou: 0.7187  rpn_s.1.loss_cls: 0.3603  rpn_s.1.loss_bbox: 0.0468  rpn_s.1.loss_giou: 0.3878  rpn_s.2.loss_cls: 0.2835  rpn_s.2.loss_bbox: 0.0404  rpn_s.2.loss_giou: 0.3379  rpn_s.3.loss_cls: 0.2456  rpn_s.3.loss_bbox: 0.0372  rpn_s.3.loss_giou: 0.3180  s0.loss_cls: 0.2636  s0.pos_acc: 100.0000  s0.loss_bbox: 0.6749  s0.loss_iou: 1.0837  s1.loss_cls: 0.2631  s1.pos_acc: 100.0000  s1.loss_bbox: 0.7093  s1.loss_iou: 1.0291
2026/03/31 20:02:14 - mmengine - INFO - Epoch(train)  [3][ 1950/10002]  lr: 5.0000e-06  eta: 10:27:23  time: 0.3791  data_time: 0.0030  memory: 7329  grad_norm: 102.2038  loss: 7.5179  rpn_s.0.loss_cls: 0.5882  rpn_s.0.loss_bbox: 0.0956  rpn_s.0.loss_giou: 0.7268  rpn_s.1.loss_cls: 0.4020  rpn_s.1.loss_bbox: 0.0448  rpn_s.1.loss_giou: 0.3820  rpn_s.2.loss_cls: 0.3148  rpn_s.2.loss_bbox: 0.0386  rpn_s.2.loss_giou: 0.3346  rpn_s.3.loss_cls: 0.2861  rpn_s.3.loss_bbox: 0.0364  rpn_s.3.loss_giou: 0.3161  s0.loss_cls: 0.3208  s0.pos_acc: 91.6667  s0.loss_bbox: 0.6501  s0.loss_iou: 1.0288  s1.loss_cls: 0.3190  s1.pos_acc: 91.6667  s1.loss_bbox: 0.6556  s1.loss_iou: 0.9775
2026/03/31 20:02:31 - mmengine - INFO - Exp name: GSDet_r50_b900_h2h4_h2r1_r2r1_2x_fair1m1.0_20260331_165920
2026/03/31 20:02:33 - mmengine - INFO - Epoch(train)  [3][ 2000/10002]  lr: 5.0000e-06  eta: 10:27:02  time: 0.3776  data_time: 0.0030  memory: 7329  grad_norm: 88.8626  loss: 8.1926  rpn_s.0.loss_cls: 0.6527  rpn_s.0.loss_bbox: 0.0958  rpn_s.0.loss_giou: 0.8194  rpn_s.1.loss_cls: 0.4538  rpn_s.1.loss_bbox: 0.0408  rpn_s.1.loss_giou: 0.4087  rpn_s.2.loss_cls: 0.3801  rpn_s.2.loss_bbox: 0.0350  rpn_s.2.loss_giou: 0.3556  rpn_s.3.loss_cls: 0.3449  rpn_s.3.loss_bbox: 0.0311  rpn_s.3.loss_giou: 0.3321  s0.loss_cls: 0.3914  s0.pos_acc: 71.4286  s0.loss_bbox: 0.6450  s0.loss_iou: 1.0820  s1.loss_cls: 0.3793  s1.pos_acc: 42.8571  s1.loss_bbox: 0.7009  s1.loss_iou: 1.0439
2026/03/31 20:02:51 - mmengine - INFO - Epoch(train)  [3][ 2050/10002]  lr: 5.0000e-06  eta: 10:26:41  time: 0.3761  data_time: 0.0031  memory: 7329  grad_norm: 89.8876  loss: 7.6241  rpn_s.0.loss_cls: 0.5926  rpn_s.0.loss_bbox: 0.0929  rpn_s.0.loss_giou: 0.7251  rpn_s.1.loss_cls: 0.4097  rpn_s.1.loss_bbox: 0.0460  rpn_s.1.loss_giou: 0.3899  rpn_s.2.loss_cls: 0.3308  rpn_s.2.loss_bbox: 0.0397  rpn_s.2.loss_giou: 0.3461  rpn_s.3.loss_cls: 0.2835  rpn_s.3.loss_bbox: 0.0361  rpn_s.3.loss_giou: 0.3257  s0.loss_cls: 0.3176  s0.pos_acc: 100.0000  s0.loss_bbox: 0.6539  s0.loss_iou: 1.0440  s1.loss_cls: 0.3092  s1.pos_acc: 100.0000  s1.loss_bbox: 0.6744  s1.loss_iou: 1.0070
2026/03/31 20:03:11 - mmengine - INFO - Epoch(train)  [3][ 2100/10002]  lr: 5.0000e-06  eta: 10:26:21  time: 0.3803  data_time: 0.0032  memory: 7329  grad_norm: 86.8488  loss: 8.2313  rpn_s.0.loss_cls: 0.6408  rpn_s.0.loss_bbox: 0.1007  rpn_s.0.loss_giou: 0.8036  rpn_s.1.loss_cls: 0.4258  rpn_s.1.loss_bbox: 0.0488  rpn_s.1.loss_giou: 0.4265  rpn_s.2.loss_cls: 0.3528  rpn_s.2.loss_bbox: 0.0417  rpn_s.2.loss_giou: 0.3737  rpn_s.3.loss_cls: 0.3159  rpn_s.3.loss_bbox: 0.0369  rpn_s.3.loss_giou: 0.3517  s0.loss_cls: 0.3508  s0.pos_acc: 80.0000  s0.loss_bbox: 0.6727  s0.loss_iou: 1.1550  s1.loss_cls: 0.3352  s1.pos_acc: 75.0000  s1.loss_bbox: 0.6843  s1.loss_iou: 1.1145
2026/03/31 20:03:29 - mmengine - INFO - Epoch(train)  [3][ 2150/10002]  lr: 5.0000e-06  eta: 10:26:00  time: 0.3751  data_time: 0.0031  memory: 7329  grad_norm: 93.5174  loss: 7.6011  rpn_s.0.loss_cls: 0.6005  rpn_s.0.loss_bbox: 0.0876  rpn_s.0.loss_giou: 0.7116  rpn_s.1.loss_cls: 0.4097  rpn_s.1.loss_bbox: 0.0409  rpn_s.1.loss_giou: 0.3915  rpn_s.2.loss_cls: 0.3244  rpn_s.2.loss_bbox: 0.0364  rpn_s.2.loss_giou: 0.3519  rpn_s.3.loss_cls: 0.2915  rpn_s.3.loss_bbox: 0.0343  rpn_s.3.loss_giou: 0.3343  s0.loss_cls: 0.3167  s0.pos_acc: 85.7143  s0.loss_bbox: 0.5842  s0.loss_iou: 1.0991  s1.loss_cls: 0.3071  s1.pos_acc: 92.8571  s1.loss_bbox: 0.6042  s1.loss_iou: 1.0751
2026/03/31 20:03:48 - mmengine - INFO - Epoch(train)  [3][ 2200/10002]  lr: 5.0000e-06  eta: 10:25:39  time: 0.3770  data_time: 0.0031  memory: 7329  grad_norm: 90.8690  loss: 7.4334  rpn_s.0.loss_cls: 0.6061  rpn_s.0.loss_bbox: 0.0953  rpn_s.0.loss_giou: 0.7121  rpn_s.1.loss_cls: 0.4007  rpn_s.1.loss_bbox: 0.0452  rpn_s.1.loss_giou: 0.3840  rpn_s.2.loss_cls: 0.3292  rpn_s.2.loss_bbox: 0.0396  rpn_s.2.loss_giou: 0.3378  rpn_s.3.loss_cls: 0.2924  rpn_s.3.loss_bbox: 0.0378  rpn_s.3.loss_giou: 0.3209  s0.loss_cls: 0.3308  s0.pos_acc: 80.5343  s0.loss_bbox: 0.5113  s0.loss_iou: 1.0881  s1.loss_cls: 0.3321  s1.pos_acc: 82.0611  s1.loss_bbox: 0.5288  s1.loss_iou: 1.0411
2026/03/31 20:04:07 - mmengine - INFO - Epoch(train)  [3][ 2250/10002]  lr: 5.0000e-06  eta: 10:25:19  time: 0.3799  data_time: 0.0031  memory: 7329  grad_norm: 86.6139  loss: 7.7406  rpn_s.0.loss_cls: 0.5916  rpn_s.0.loss_bbox: 0.0964  rpn_s.0.loss_giou: 0.7906  rpn_s.1.loss_cls: 0.3901  rpn_s.1.loss_bbox: 0.0431  rpn_s.1.loss_giou: 0.4075  rpn_s.2.loss_cls: 0.3098  rpn_s.2.loss_bbox: 0.0375  rpn_s.2.loss_giou: 0.3556  rpn_s.3.loss_cls: 0.2728  rpn_s.3.loss_bbox: 0.0346  rpn_s.3.loss_giou: 0.3337  s0.loss_cls: 0.3160  s0.pos_acc: 75.4777  s0.loss_bbox: 0.5917  s0.loss_iou: 1.1498  s1.loss_cls: 0.3081  s1.pos_acc: 78.6624  s1.loss_bbox: 0.6023  s1.loss_iou: 1.1092
2026/03/31 20:04:26 - mmengine - INFO - Epoch(train)  [3][ 2300/10002]  lr: 5.0000e-06  eta: 10:24:59  time: 0.3786  data_time: 0.0031  memory: 7329  grad_norm: 86.7116  loss: 7.6799  rpn_s.0.loss_cls: 0.6099  rpn_s.0.loss_bbox: 0.0923  rpn_s.0.loss_giou: 0.7325  rpn_s.1.loss_cls: 0.4205  rpn_s.1.loss_bbox: 0.0416  rpn_s.1.loss_giou: 0.3919  rpn_s.2.loss_cls: 0.3334  rpn_s.2.loss_bbox: 0.0368  rpn_s.2.loss_giou: 0.3450  rpn_s.3.loss_cls: 0.2950  rpn_s.3.loss_bbox: 0.0345  rpn_s.3.loss_giou: 0.3285  s0.loss_cls: 0.3165  s0.pos_acc: 83.3333  s0.loss_bbox: 0.5800  s0.loss_iou: 1.1130  s1.loss_cls: 0.3187  s1.pos_acc: 75.0000  s1.loss_bbox: 0.6004  s1.loss_iou: 1.0892
2026/03/31 20:04:45 - mmengine - INFO - Epoch(train)  [3][ 2350/10002]  lr: 5.0000e-06  eta: 10:24:39  time: 0.3789  data_time: 0.0031  memory: 7329  grad_norm: 90.7199  loss: 8.0156  rpn_s.0.loss_cls: 0.6313  rpn_s.0.loss_bbox: 0.0991  rpn_s.0.loss_giou: 0.8110  rpn_s.1.loss_cls: 0.4192  rpn_s.1.loss_bbox: 0.0457  rpn_s.1.loss_giou: 0.4212  rpn_s.2.loss_cls: 0.3387  rpn_s.2.loss_bbox: 0.0391  rpn_s.2.loss_giou: 0.3725  rpn_s.3.loss_cls: 0.3007  rpn_s.3.loss_bbox: 0.0375  rpn_s.3.loss_giou: 0.3570  s0.loss_cls: 0.3409  s0.pos_acc: 72.9167  s0.loss_bbox: 0.5717  s0.loss_iou: 1.1629  s1.loss_cls: 0.3525  s1.pos_acc: 72.9167  s1.loss_bbox: 0.5970  s1.loss_iou: 1.1175
2026/03/31 20:05:04 - mmengine - INFO - Epoch(train)  [3][ 2400/10002]  lr: 5.0000e-06  eta: 10:24:19  time: 0.3785  data_time: 0.0031  memory: 7329  grad_norm: 89.1968  loss: 7.6063  rpn_s.0.loss_cls: 0.5959  rpn_s.0.loss_bbox: 0.0894  rpn_s.0.loss_giou: 0.7411  rpn_s.1.loss_cls: 0.4019  rpn_s.1.loss_bbox: 0.0406  rpn_s.1.loss_giou: 0.3812  rpn_s.2.loss_cls: 0.3231  rpn_s.2.loss_bbox: 0.0347  rpn_s.2.loss_giou: 0.3357  rpn_s.3.loss_cls: 0.2900  rpn_s.3.loss_bbox: 0.0321  rpn_s.3.loss_giou: 0.3168  s0.loss_cls: 0.3181  s0.pos_acc: 80.5555  s0.loss_bbox: 0.6169  s0.loss_iou: 1.0832  s1.loss_cls: 0.3097  s1.pos_acc: 83.3333  s1.loss_bbox: 0.6530  s1.loss_iou: 1.0429
2026/03/31 20:05:23 - mmengine - INFO - Epoch(train)  [3][ 2450/10002]  lr: 5.0000e-06  eta: 10:23:58  time: 0.3787  data_time: 0.0031  memory: 7329  grad_norm: 86.8038  loss: 8.5772  rpn_s.0.loss_cls: 0.6655  rpn_s.0.loss_bbox: 0.1004  rpn_s.0.loss_giou: 0.8491  rpn_s.1.loss_cls: 0.4649  rpn_s.1.loss_bbox: 0.0452  rpn_s.1.loss_giou: 0.4370  rpn_s.2.loss_cls: 0.3853  rpn_s.2.loss_bbox: 0.0384  rpn_s.2.loss_giou: 0.3876  rpn_s.3.loss_cls: 0.3582  rpn_s.3.loss_bbox: 0.0358  rpn_s.3.loss_giou: 0.3713  s0.loss_cls: 0.3820  s0.pos_acc: 75.0000  s0.loss_bbox: 0.5837  s0.loss_iou: 1.2397  s1.loss_cls: 0.3895  s1.pos_acc: 80.5555  s1.loss_bbox: 0.6466  s1.loss_iou: 1.1970
2026/03/31 20:05:42 - mmengine - INFO - Epoch(train)  [3][ 2500/10002]  lr: 5.0000e-06  eta: 10:23:38  time: 0.3780  data_time: 0.0031  memory: 7329  grad_norm: 126.2012  loss: 8.2325  rpn_s.0.loss_cls: 0.6439  rpn_s.0.loss_bbox: 0.1000  rpn_s.0.loss_giou: 0.7974  rpn_s.1.loss_cls: 0.4405  rpn_s.1.loss_bbox: 0.0454  rpn_s.1.loss_giou: 0.4187  rpn_s.2.loss_cls: 0.3567  rpn_s.2.loss_bbox: 0.0383  rpn_s.2.loss_giou: 0.3697  rpn_s.3.loss_cls: 0.3188  rpn_s.3.loss_bbox: 0.0354  rpn_s.3.loss_giou: 0.3472  s0.loss_cls: 0.3746  s0.pos_acc: 85.7143  s0.loss_bbox: 0.6573  s0.loss_iou: 1.1231  s1.loss_cls: 0.3691  s1.pos_acc: 96.4286  s1.loss_bbox: 0.6978  s1.loss_iou: 1.0986
2026/03/31 20:06:01 - mmengine - INFO - Epoch(train)  [3][ 2550/10002]  lr: 5.0000e-06  eta: 10:23:17  time: 0.3758  data_time: 0.0031  memory: 7329  grad_norm: 89.1931  loss: 7.5479  rpn_s.0.loss_cls: 0.6062  rpn_s.0.loss_bbox: 0.0926  rpn_s.0.loss_giou: 0.7501  rpn_s.1.loss_cls: 0.4193  rpn_s.1.loss_bbox: 0.0424  rpn_s.1.loss_giou: 0.3951  rpn_s.2.loss_cls: 0.3226  rpn_s.2.loss_bbox: 0.0360  rpn_s.2.loss_giou: 0.3467  rpn_s.3.loss_cls: 0.2859  rpn_s.3.loss_bbox: 0.0339  rpn_s.3.loss_giou: 0.3242  s0.loss_cls: 0.3150  s0.pos_acc: 85.7143  s0.loss_bbox: 0.5407  s0.loss_iou: 1.0866  s1.loss_cls: 0.3130  s1.pos_acc: 92.8571  s1.loss_bbox: 0.5973  s1.loss_iou: 1.0403
2026/03/31 20:06:19 - mmengine - INFO - Epoch(train)  [3][ 2600/10002]  lr: 5.0000e-06  eta: 10:22:56  time: 0.3734  data_time: 0.0031  memory: 7329  grad_norm: 79.1491  loss: 8.1153  rpn_s.0.loss_cls: 0.6471  rpn_s.0.loss_bbox: 0.0876  rpn_s.0.loss_giou: 0.8108  rpn_s.1.loss_cls: 0.4262  rpn_s.1.loss_bbox: 0.0373  rpn_s.1.loss_giou: 0.4137  rpn_s.2.loss_cls: 0.3517  rpn_s.2.loss_bbox: 0.0336  rpn_s.2.loss_giou: 0.3747  rpn_s.3.loss_cls: 0.3127  rpn_s.3.loss_bbox: 0.0318  rpn_s.3.loss_giou: 0.3557  s0.loss_cls: 0.3416  s0.pos_acc: 70.8333  s0.loss_bbox: 0.6431  s0.loss_iou: 1.1392  s1.loss_cls: 0.3418  s1.pos_acc: 77.7778  s1.loss_bbox: 0.6641  s1.loss_iou: 1.1024
2026/03/31 20:06:38 - mmengine - INFO - Epoch(train)  [3][ 2650/10002]  lr: 5.0000e-06  eta: 10:22:35  time: 0.3774  data_time: 0.0031  memory: 7329  grad_norm: 94.6954  loss: 7.6102  rpn_s.0.loss_cls: 0.5897  rpn_s.0.loss_bbox: 0.0914  rpn_s.0.loss_giou: 0.7277  rpn_s.1.loss_cls: 0.3973  rpn_s.1.loss_bbox: 0.0434  rpn_s.1.loss_giou: 0.3847  rpn_s.2.loss_cls: 0.3187  rpn_s.2.loss_bbox: 0.0383  rpn_s.2.loss_giou: 0.3448  rpn_s.3.loss_cls: 0.2872  rpn_s.3.loss_bbox: 0.0346  rpn_s.3.loss_giou: 0.3200  s0.loss_cls: 0.3158  s0.pos_acc: 81.8182  s0.loss_bbox: 0.6188  s0.loss_iou: 1.0917  s1.loss_cls: 0.3126  s1.pos_acc: 90.9091  s1.loss_bbox: 0.6471  s1.loss_iou: 1.0463
2026/03/31 20:06:57 - mmengine - INFO - Epoch(train)  [3][ 2700/10002]  lr: 5.0000e-06  eta: 10:22:15  time: 0.3787  data_time: 0.0031  memory: 7329  grad_norm: 90.4158  loss: 7.6151  rpn_s.0.loss_cls: 0.5942  rpn_s.0.loss_bbox: 0.0942  rpn_s.0.loss_giou: 0.7285  rpn_s.1.loss_cls: 0.4092  rpn_s.1.loss_bbox: 0.0458  rpn_s.1.loss_giou: 0.3887  rpn_s.2.loss_cls: 0.3482  rpn_s.2.loss_bbox: 0.0400  rpn_s.2.loss_giou: 0.3450  rpn_s.3.loss_cls: 0.3056  rpn_s.3.loss_bbox: 0.0373  rpn_s.3.loss_giou: 0.3248  s0.loss_cls: 0.3460  s0.pos_acc: 87.5000  s0.loss_bbox: 0.5324  s0.loss_iou: 1.0885  s1.loss_cls: 0.3536  s1.pos_acc: 87.5000  s1.loss_bbox: 0.5833  s1.loss_iou: 1.0498
2026/03/31 20:07:16 - mmengine - INFO - Epoch(train)  [3][ 2750/10002]  lr: 5.0000e-06  eta: 10:21:54  time: 0.3778  data_time: 0.0031  memory: 7329  grad_norm: 86.3948  loss: 7.4492  rpn_s.0.loss_cls: 0.5815  rpn_s.0.loss_bbox: 0.0927  rpn_s.0.loss_giou: 0.7215  rpn_s.1.loss_cls: 0.3922  rpn_s.1.loss_bbox: 0.0440  rpn_s.1.loss_giou: 0.3854  rpn_s.2.loss_cls: 0.3048  rpn_s.2.loss_bbox: 0.0384  rpn_s.2.loss_giou: 0.3378  rpn_s.3.loss_cls: 0.2709  rpn_s.3.loss_bbox: 0.0364  rpn_s.3.loss_giou: 0.3227  s0.loss_cls: 0.3129  s0.pos_acc: 86.6667  s0.loss_bbox: 0.5917  s0.loss_iou: 1.0471  s1.loss_cls: 0.3049  s1.pos_acc: 80.0000  s1.loss_bbox: 0.6587  s1.loss_iou: 1.0057
2026/03/31 20:07:35 - mmengine - INFO - Epoch(train)  [3][ 2800/10002]  lr: 5.0000e-06  eta: 10:21:33  time: 0.3732  data_time: 0.0031  memory: 7329  grad_norm: 92.8108  loss: 8.1536  rpn_s.0.loss_cls: 0.6530  rpn_s.0.loss_bbox: 0.0971  rpn_s.0.loss_giou: 0.7592  rpn_s.1.loss_cls: 0.4443  rpn_s.1.loss_bbox: 0.0496  rpn_s.1.loss_giou: 0.4207  rpn_s.2.loss_cls: 0.3778  rpn_s.2.loss_bbox: 0.0435  rpn_s.2.loss_giou: 0.3721  rpn_s.3.loss_cls: 0.3341  rpn_s.3.loss_bbox: 0.0399  rpn_s.3.loss_giou: 0.3491  s0.loss_cls: 0.3885  s0.pos_acc: 63.6364  s0.loss_bbox: 0.5533  s0.loss_iou: 1.1499  s1.loss_cls: 0.4072  s1.pos_acc: 54.5455  s1.loss_bbox: 0.6106  s1.loss_iou: 1.1037
2026/03/31 20:07:54 - mmengine - INFO - Epoch(train)  [3][ 2850/10002]  lr: 5.0000e-06  eta: 10:21:14  time: 0.3835  data_time: 0.0031  memory: 7330  grad_norm: 98.3044  loss: 7.5229  rpn_s.0.loss_cls: 0.5683  rpn_s.0.loss_bbox: 0.0983  rpn_s.0.loss_giou: 0.7208  rpn_s.1.loss_cls: 0.3908  rpn_s.1.loss_bbox: 0.0464  rpn_s.1.loss_giou: 0.3800  rpn_s.2.loss_cls: 0.3151  rpn_s.2.loss_bbox: 0.0403  rpn_s.2.loss_giou: 0.3320  rpn_s.3.loss_cls: 0.2741  rpn_s.3.loss_bbox: 0.0375  rpn_s.3.loss_giou: 0.3137  s0.loss_cls: 0.2992  s0.pos_acc: 70.2899  s0.loss_bbox: 0.6278  s0.loss_iou: 1.0731  s1.loss_cls: 0.3067  s1.pos_acc: 68.8406  s1.loss_bbox: 0.6746  s1.loss_iou: 1.0243
2026/03/31 20:08:12 - mmengine - INFO - Epoch(train)  [3][ 2900/10002]  lr: 5.0000e-06  eta: 10:20:53  time: 0.3740  data_time: 0.0031  memory: 7329  grad_norm: 91.0883  loss: 7.4924  rpn_s.0.loss_cls: 0.6081  rpn_s.0.loss_bbox: 0.0984  rpn_s.0.loss_giou: 0.7084  rpn_s.1.loss_cls: 0.4060  rpn_s.1.loss_bbox: 0.0479  rpn_s.1.loss_giou: 0.3768  rpn_s.2.loss_cls: 0.3193  rpn_s.2.loss_bbox: 0.0432  rpn_s.2.loss_giou: 0.3398  rpn_s.3.loss_cls: 0.2818  rpn_s.3.loss_bbox: 0.0396  rpn_s.3.loss_giou: 0.3154  s0.loss_cls: 0.3218  s0.pos_acc: 83.3333  s0.loss_bbox: 0.6200  s0.loss_iou: 1.0070  s1.loss_cls: 0.3278  s1.pos_acc: 91.6667  s1.loss_bbox: 0.6598  s1.loss_iou: 0.9714
2026/03/31 20:08:31 - mmengine - INFO - Epoch(train)  [3][ 2950/10002]  lr: 5.0000e-06  eta: 10:20:33  time: 0.3802  data_time: 0.0031  memory: 7329  grad_norm: 94.5975  loss: 7.7374  rpn_s.0.loss_cls: 0.6147  rpn_s.0.loss_bbox: 0.0956  rpn_s.0.loss_giou: 0.6983  rpn_s.1.loss_cls: 0.4158  rpn_s.1.loss_bbox: 0.0466  rpn_s.1.loss_giou: 0.3860  rpn_s.2.loss_cls: 0.3399  rpn_s.2.loss_bbox: 0.0415  rpn_s.2.loss_giou: 0.3477  rpn_s.3.loss_cls: 0.3102  rpn_s.3.loss_bbox: 0.0384  rpn_s.3.loss_giou: 0.3257  s0.loss_cls: 0.3459  s0.pos_acc: 83.3333  s0.loss_bbox: 0.6122  s0.loss_iou: 1.0893  s1.loss_cls: 0.3317  s1.pos_acc: 83.3333  s1.loss_bbox: 0.6545  s1.loss_iou: 1.0435
2026/03/31 20:08:49 - mmengine - INFO - Exp name: GSDet_r50_b900_h2h4_h2r1_r2r1_2x_fair1m1.0_20260331_165920
2026/03/31 20:08:51 - mmengine - INFO - Epoch(train)  [3][ 3000/10002]  lr: 5.0000e-06  eta: 10:20:13  time: 0.3807  data_time: 0.0031  memory: 7329  grad_norm: 91.9097  loss: 7.3593  rpn_s.0.loss_cls: 0.5804  rpn_s.0.loss_bbox: 0.0949  rpn_s.0.loss_giou: 0.7054  rpn_s.1.loss_cls: 0.3773  rpn_s.1.loss_bbox: 0.0435  rpn_s.1.loss_giou: 0.3613  rpn_s.2.loss_cls: 0.2920  rpn_s.2.loss_bbox: 0.0376  rpn_s.2.loss_giou: 0.3173  rpn_s.3.loss_cls: 0.2550  rpn_s.3.loss_bbox: 0.0346  rpn_s.3.loss_giou: 0.2991  s0.loss_cls: 0.2905  s0.pos_acc: 100.0000  s0.loss_bbox: 0.7022  s0.loss_iou: 0.9921  s1.loss_cls: 0.2904  s1.pos_acc: 100.0000  s1.loss_bbox: 0.7371  s1.loss_iou: 0.9488
2026/03/31 20:09:10 - mmengine - INFO - Epoch(train)  [3][ 3050/10002]  lr: 5.0000e-06  eta: 10:19:53  time: 0.3800  data_time: 0.0031  memory: 7329  grad_norm: 97.0628  loss: 7.9151  rpn_s.0.loss_cls: 0.6108  rpn_s.0.loss_bbox: 0.1068  rpn_s.0.loss_giou: 0.7734  rpn_s.1.loss_cls: 0.4081  rpn_s.1.loss_bbox: 0.0508  rpn_s.1.loss_giou: 0.4069  rpn_s.2.loss_cls: 0.3321  rpn_s.2.loss_bbox: 0.0433  rpn_s.2.loss_giou: 0.3523  rpn_s.3.loss_cls: 0.2886  rpn_s.3.loss_bbox: 0.0385  rpn_s.3.loss_giou: 0.3312  s0.loss_cls: 0.3327  s0.pos_acc: 79.0698  s0.loss_bbox: 0.6239  s0.loss_iou: 1.1308  s1.loss_cls: 0.3340  s1.pos_acc: 80.2326  s1.loss_bbox: 0.6627  s1.loss_iou: 1.0882
2026/03/31 20:09:28 - mmengine - INFO - Epoch(train)  [3][ 3100/10002]  lr: 5.0000e-06  eta: 10:19:33  time: 0.3790  data_time: 0.0032  memory: 7329  grad_norm: 98.6711  loss: 7.1491  rpn_s.0.loss_cls: 0.5893  rpn_s.0.loss_bbox: 0.0922  rpn_s.0.loss_giou: 0.6705  rpn_s.1.loss_cls: 0.3968  rpn_s.1.loss_bbox: 0.0453  rpn_s.1.loss_giou: 0.3554  rpn_s.2.loss_cls: 0.3162  rpn_s.2.loss_bbox: 0.0401  rpn_s.2.loss_giou: 0.3100  rpn_s.3.loss_cls: 0.2689  rpn_s.3.loss_bbox: 0.0376  rpn_s.3.loss_giou: 0.2913  s0.loss_cls: 0.2952  s0.pos_acc: 86.6667  s0.loss_bbox: 0.6260  s0.loss_iou: 0.9628  s1.loss_cls: 0.2877  s1.pos_acc: 86.6667  s1.loss_bbox: 0.6445  s1.loss_iou: 0.9193
2026/03/31 20:09:47 - mmengine - INFO - Epoch(train)  [3][ 3150/10002]  lr: 5.0000e-06  eta: 10:19:12  time: 0.3762  data_time: 0.0031  memory: 7329  grad_norm: 103.4656  loss: 7.9203  rpn_s.0.loss_cls: 0.6075  rpn_s.0.loss_bbox: 0.1014  rpn_s.0.loss_giou: 0.7249  rpn_s.1.loss_cls: 0.4270  rpn_s.1.loss_bbox: 0.0509  rpn_s.1.loss_giou: 0.4072  rpn_s.2.loss_cls: 0.3508  rpn_s.2.loss_bbox: 0.0441  rpn_s.2.loss_giou: 0.3613  rpn_s.3.loss_cls: 0.3102  rpn_s.3.loss_bbox: 0.0420  rpn_s.3.loss_giou: 0.3469  s0.loss_cls: 0.3498  s0.pos_acc: 100.0000  s0.loss_bbox: 0.5975  s0.loss_iou: 1.1270  s1.loss_cls: 0.3385  s1.pos_acc: 100.0000  s1.loss_bbox: 0.6481  s1.loss_iou: 1.0851
2026/03/31 20:10:06 - mmengine - INFO - Epoch(train)  [3][ 3200/10002]  lr: 5.0000e-06  eta: 10:18:51  time: 0.3742  data_time: 0.0032  memory: 7329  grad_norm: 102.5026  loss: 7.5831  rpn_s.0.loss_cls: 0.5989  rpn_s.0.loss_bbox: 0.0951  rpn_s.0.loss_giou: 0.7196  rpn_s.1.loss_cls: 0.4071  rpn_s.1.loss_bbox: 0.0451  rpn_s.1.loss_giou: 0.3864  rpn_s.2.loss_cls: 0.3153  rpn_s.2.loss_bbox: 0.0380  rpn_s.2.loss_giou: 0.3399  rpn_s.3.loss_cls: 0.2734  rpn_s.3.loss_bbox: 0.0362  rpn_s.3.loss_giou: 0.3235  s0.loss_cls: 0.3145  s0.pos_acc: 63.2353  s0.loss_bbox: 0.6269  s0.loss_iou: 1.0552  s1.loss_cls: 0.3123  s1.pos_acc: 61.7647  s1.loss_bbox: 0.6724  s1.loss_iou: 1.0235
2026/03/31 20:10:25 - mmengine - INFO - Epoch(train)  [3][ 3250/10002]  lr: 5.0000e-06  eta: 10:18:30  time: 0.3768  data_time: 0.0031  memory: 7329  grad_norm: 90.9817  loss: 7.9185  rpn_s.0.loss_cls: 0.6118  rpn_s.0.loss_bbox: 0.0967  rpn_s.0.loss_giou: 0.7805  rpn_s.1.loss_cls: 0.4185  rpn_s.1.loss_bbox: 0.0461  rpn_s.1.loss_giou: 0.4181  rpn_s.2.loss_cls: 0.3315  rpn_s.2.loss_bbox: 0.0400  rpn_s.2.loss_giou: 0.3683  rpn_s.3.loss_cls: 0.2972  rpn_s.3.loss_bbox: 0.0363  rpn_s.3.loss_giou: 0.3412  s0.loss_cls: 0.3366  s0.pos_acc: 69.7368  s0.loss_bbox: 0.6111  s0.loss_iou: 1.1203  s1.loss_cls: 0.3291  s1.pos_acc: 70.3008  s1.loss_bbox: 0.6547  s1.loss_iou: 1.0806
2026/03/31 20:10:44 - mmengine - INFO - Epoch(train)  [3][ 3300/10002]  lr: 5.0000e-06  eta: 10:18:09  time: 0.3740  data_time: 0.0031  memory: 7329  grad_norm: 90.5799  loss: 7.7602  rpn_s.0.loss_cls: 0.6137  rpn_s.0.loss_bbox: 0.0869  rpn_s.0.loss_giou: 0.7132  rpn_s.1.loss_cls: 0.4138  rpn_s.1.loss_bbox: 0.0421  rpn_s.1.loss_giou: 0.3875  rpn_s.2.loss_cls: 0.3450  rpn_s.2.loss_bbox: 0.0377  rpn_s.2.loss_giou: 0.3423  rpn_s.3.loss_cls: 0.3109  rpn_s.3.loss_bbox: 0.0352  rpn_s.3.loss_giou: 0.3292  s0.loss_cls: 0.3504  s0.pos_acc: 93.7500  s0.loss_bbox: 0.6353  s0.loss_iou: 1.0859  s1.loss_cls: 0.3546  s1.pos_acc: 100.0000  s1.loss_bbox: 0.6383  s1.loss_iou: 1.0382
2026/03/31 20:11:02 - mmengine - INFO - Epoch(train)  [3][ 3350/10002]  lr: 5.0000e-06  eta: 10:17:49  time: 0.3768  data_time: 0.0031  memory: 7329  grad_norm: 101.5938  loss: 7.9423  rpn_s.0.loss_cls: 0.6236  rpn_s.0.loss_bbox: 0.0928  rpn_s.0.loss_giou: 0.7959  rpn_s.1.loss_cls: 0.4256  rpn_s.1.loss_bbox: 0.0409  rpn_s.1.loss_giou: 0.4085  rpn_s.2.loss_cls: 0.3479  rpn_s.2.loss_bbox: 0.0360  rpn_s.2.loss_giou: 0.3587  rpn_s.3.loss_cls: 0.3124  rpn_s.3.loss_bbox: 0.0328  rpn_s.3.loss_giou: 0.3387  s0.loss_cls: 0.3545  s0.pos_acc: 92.8571  s0.loss_bbox: 0.6337  s0.loss_iou: 1.0657  s1.loss_cls: 0.3389  s1.pos_acc: 92.8571  s1.loss_bbox: 0.7024  s1.loss_iou: 1.0332
2026/03/31 20:11:21 - mmengine - INFO - Epoch(train)  [3][ 3400/10002]  lr: 5.0000e-06  eta: 10:17:28  time: 0.3777  data_time: 0.0032  memory: 7329  grad_norm: 90.2900  loss: 7.8761  rpn_s.0.loss_cls: 0.5765  rpn_s.0.loss_bbox: 0.1044  rpn_s.0.loss_giou: 0.7687  rpn_s.1.loss_cls: 0.3915  rpn_s.1.loss_bbox: 0.0518  rpn_s.1.loss_giou: 0.3921  rpn_s.2.loss_cls: 0.3120  rpn_s.2.loss_bbox: 0.0448  rpn_s.2.loss_giou: 0.3488  rpn_s.3.loss_cls: 0.2787  rpn_s.3.loss_bbox: 0.0423  rpn_s.3.loss_giou: 0.3327  s0.loss_cls: 0.3238  s0.pos_acc: 79.1667  s0.loss_bbox: 0.6538  s0.loss_iou: 1.1467  s1.loss_cls: 0.3358  s1.pos_acc: 91.6667  s1.loss_bbox: 0.6743  s1.loss_iou: 1.0973
2026/03/31 20:11:40 - mmengine - INFO - Epoch(train)  [3][ 3450/10002]  lr: 5.0000e-06  eta: 10:17:09  time: 0.3813  data_time: 0.0031  memory: 7329  grad_norm: 85.4123  loss: 8.4561  rpn_s.0.loss_cls: 0.6392  rpn_s.0.loss_bbox: 0.1120  rpn_s.0.loss_giou: 0.8818  rpn_s.1.loss_cls: 0.4334  rpn_s.1.loss_bbox: 0.0498  rpn_s.1.loss_giou: 0.4615  rpn_s.2.loss_cls: 0.3437  rpn_s.2.loss_bbox: 0.0420  rpn_s.2.loss_giou: 0.4020  rpn_s.3.loss_cls: 0.3048  rpn_s.3.loss_bbox: 0.0382  rpn_s.3.loss_giou: 0.3782  s0.loss_cls: 0.3438  s0.pos_acc: 75.0000  s0.loss_bbox: 0.6240  s0.loss_iou: 1.2161  s1.loss_cls: 0.3350  s1.pos_acc: 75.0000  s1.loss_bbox: 0.6781  s1.loss_iou: 1.1723
2026/03/31 20:11:59 - mmengine - INFO - Epoch(train)  [3][ 3500/10002]  lr: 5.0000e-06  eta: 10:16:48  time: 0.3744  data_time: 0.0031  memory: 7329  grad_norm: 99.7739  loss: 7.7316  rpn_s.0.loss_cls: 0.5897  rpn_s.0.loss_bbox: 0.0944  rpn_s.0.loss_giou: 0.7483  rpn_s.1.loss_cls: 0.3913  rpn_s.1.loss_bbox: 0.0459  rpn_s.1.loss_giou: 0.3925  rpn_s.2.loss_cls: 0.3199  rpn_s.2.loss_bbox: 0.0401  rpn_s.2.loss_giou: 0.3510  rpn_s.3.loss_cls: 0.2829  rpn_s.3.loss_bbox: 0.0382  rpn_s.3.loss_giou: 0.3328  s0.loss_cls: 0.3183  s0.pos_acc: 73.5294  s0.loss_bbox: 0.6449  s0.loss_iou: 1.0870  s1.loss_cls: 0.3198  s1.pos_acc: 88.2353  s1.loss_bbox: 0.6845  s1.loss_iou: 1.0501
2026/03/31 20:12:18 - mmengine - INFO - Epoch(train)  [3][ 3550/10002]  lr: 5.0000e-06  eta: 10:16:27  time: 0.3770  data_time: 0.0031  memory: 7329  grad_norm: 103.7841  loss: 7.5801  rpn_s.0.loss_cls: 0.5907  rpn_s.0.loss_bbox: 0.1016  rpn_s.0.loss_giou: 0.6930  rpn_s.1.loss_cls: 0.4197  rpn_s.1.loss_bbox: 0.0476  rpn_s.1.loss_giou: 0.3713  rpn_s.2.loss_cls: 0.3391  rpn_s.2.loss_bbox: 0.0419  rpn_s.2.loss_giou: 0.3326  rpn_s.3.loss_cls: 0.2986  rpn_s.3.loss_bbox: 0.0385  rpn_s.3.loss_giou: 0.3142  s0.loss_cls: 0.3419  s0.pos_acc: 80.0000  s0.loss_bbox: 0.6186  s0.loss_iou: 1.0426  s1.loss_cls: 0.3269  s1.pos_acc: 80.0000  s1.loss_bbox: 0.6675  s1.loss_iou: 0.9936
2026/03/31 20:12:37 - mmengine - INFO - Epoch(train)  [3][ 3600/10002]  lr: 5.0000e-06  eta: 10:16:08  time: 0.3852  data_time: 0.0031  memory: 7330  grad_norm: 91.2720  loss: 8.2927  rpn_s.0.loss_cls: 0.6382  rpn_s.0.loss_bbox: 0.1011  rpn_s.0.loss_giou: 0.8551  rpn_s.1.loss_cls: 0.4430  rpn_s.1.loss_bbox: 0.0438  rpn_s.1.loss_giou: 0.4397  rpn_s.2.loss_cls: 0.3657  rpn_s.2.loss_bbox: 0.0372  rpn_s.2.loss_giou: 0.3811  rpn_s.3.loss_cls: 0.3321  rpn_s.3.loss_bbox: 0.0340  rpn_s.3.loss_giou: 0.3578  s0.loss_cls: 0.3678  s0.pos_acc: 68.0000  s0.loss_bbox: 0.5582  s0.loss_iou: 1.1995  s1.loss_cls: 0.3637  s1.pos_acc: 66.0000  s1.loss_bbox: 0.6240  s1.loss_iou: 1.1506
2026/03/31 20:12:56 - mmengine - INFO - Epoch(train)  [3][ 3650/10002]  lr: 5.0000e-06  eta: 10:15:48  time: 0.3780  data_time: 0.0031  memory: 7330  grad_norm: 96.3722  loss: 7.7223  rpn_s.0.loss_cls: 0.6261  rpn_s.0.loss_bbox: 0.0903  rpn_s.0.loss_giou: 0.7973  rpn_s.1.loss_cls: 0.4025  rpn_s.1.loss_bbox: 0.0384  rpn_s.1.loss_giou: 0.3992  rpn_s.2.loss_cls: 0.3208  rpn_s.2.loss_bbox: 0.0322  rpn_s.2.loss_giou: 0.3471  rpn_s.3.loss_cls: 0.2778  rpn_s.3.loss_bbox: 0.0296  rpn_s.3.loss_giou: 0.3222  s0.loss_cls: 0.2986  s0.pos_acc: 100.0000  s0.loss_bbox: 0.6708  s0.loss_iou: 1.0694  s1.loss_cls: 0.2882  s1.pos_acc: 100.0000  s1.loss_bbox: 0.6911  s1.loss_iou: 1.0209
2026/03/31 20:13:15 - mmengine - INFO - Epoch(train)  [3][ 3700/10002]  lr: 5.0000e-06  eta: 10:15:29  time: 0.3819  data_time: 0.0031  memory: 7330  grad_norm: 110.1286  loss: 8.0438  rpn_s.0.loss_cls: 0.6250  rpn_s.0.loss_bbox: 0.0961  rpn_s.0.loss_giou: 0.7909  rpn_s.1.loss_cls: 0.4252  rpn_s.1.loss_bbox: 0.0434  rpn_s.1.loss_giou: 0.4080  rpn_s.2.loss_cls: 0.3434  rpn_s.2.loss_bbox: 0.0366  rpn_s.2.loss_giou: 0.3564  rpn_s.3.loss_cls: 0.3012  rpn_s.3.loss_bbox: 0.0329  rpn_s.3.loss_giou: 0.3290  s0.loss_cls: 0.3341  s0.pos_acc: 100.0000  s0.loss_bbox: 0.6756  s0.loss_iou: 1.1094  s1.loss_cls: 0.3400  s1.pos_acc: 100.0000  s1.loss_bbox: 0.7328  s1.loss_iou: 1.0637
2026/03/31 20:13:34 - mmengine - INFO - Epoch(train)  [3][ 3750/10002]  lr: 5.0000e-06  eta: 10:15:08  time: 0.3737  data_time: 0.0031  memory: 7329  grad_norm: 92.1814  loss: 7.4471  rpn_s.0.loss_cls: 0.5674  rpn_s.0.loss_bbox: 0.0958  rpn_s.0.loss_giou: 0.7074  rpn_s.1.loss_cls: 0.3971  rpn_s.1.loss_bbox: 0.0439  rpn_s.1.loss_giou: 0.3746  rpn_s.2.loss_cls: 0.3175  rpn_s.2.loss_bbox: 0.0365  rpn_s.2.loss_giou: 0.3226  rpn_s.3.loss_cls: 0.2765  rpn_s.3.loss_bbox: 0.0343  rpn_s.3.loss_giou: 0.3037  s0.loss_cls: 0.3165  s0.pos_acc: 100.0000  s0.loss_bbox: 0.6533  s0.loss_iou: 1.0269  s1.loss_cls: 0.3136  s1.pos_acc: 100.0000  s1.loss_bbox: 0.6865  s1.loss_iou: 0.9731
2026/03/31 20:13:53 - mmengine - INFO - Epoch(train)  [3][ 3800/10002]  lr: 5.0000e-06  eta: 10:14:47  time: 0.3757  data_time: 0.0031  memory: 7329  grad_norm: 90.8147  loss: 7.5194  rpn_s.0.loss_cls: 0.5792  rpn_s.0.loss_bbox: 0.0899  rpn_s.0.loss_giou: 0.7270  rpn_s.1.loss_cls: 0.3933  rpn_s.1.loss_bbox: 0.0416  rpn_s.1.loss_giou: 0.3845  rpn_s.2.loss_cls: 0.3047  rpn_s.2.loss_bbox: 0.0358  rpn_s.2.loss_giou: 0.3413  rpn_s.3.loss_cls: 0.2735  rpn_s.3.loss_bbox: 0.0328  rpn_s.3.loss_giou: 0.3180  s0.loss_cls: 0.2953  s0.pos_acc: 75.5814  s0.loss_bbox: 0.6384  s0.loss_iou: 1.0669  s1.loss_cls: 0.3084  s1.pos_acc: 74.4186  s1.loss_bbox: 0.6688  s1.loss_iou: 1.0201
2026/03/31 20:14:12 - mmengine - INFO - Epoch(train)  [3][ 3850/10002]  lr: 5.0000e-06  eta: 10:14:27  time: 0.3776  data_time: 0.0030  memory: 7329  grad_norm: 91.6596  loss: 7.7952  rpn_s.0.loss_cls: 0.5909  rpn_s.0.loss_bbox: 0.0979  rpn_s.0.loss_giou: 0.7445  rpn_s.1.loss_cls: 0.4106  rpn_s.1.loss_bbox: 0.0461  rpn_s.1.loss_giou: 0.3929  rpn_s.2.loss_cls: 0.3261  rpn_s.2.loss_bbox: 0.0409  rpn_s.2.loss_giou: 0.3502  rpn_s.3.loss_cls: 0.2881  rpn_s.3.loss_bbox: 0.0372  rpn_s.3.loss_giou: 0.3248  s0.loss_cls: 0.3199  s0.pos_acc: 100.0000  s0.loss_bbox: 0.6512  s0.loss_iou: 1.1100  s1.loss_cls: 0.3324  s1.pos_acc: 100.0000  s1.loss_bbox: 0.6847  s1.loss_iou: 1.0471
2026/03/31 20:14:30 - mmengine - INFO - Epoch(train)  [3][ 3900/10002]  lr: 5.0000e-06  eta: 10:14:06  time: 0.3746  data_time: 0.0031  memory: 7329  grad_norm: 92.6308  loss: 7.9231  rpn_s.0.loss_cls: 0.6381  rpn_s.0.loss_bbox: 0.0986  rpn_s.0.loss_giou: 0.7785  rpn_s.1.loss_cls: 0.4479  rpn_s.1.loss_bbox: 0.0440  rpn_s.1.loss_giou: 0.3968  rpn_s.2.loss_cls: 0.3643  rpn_s.2.loss_bbox: 0.0379  rpn_s.2.loss_giou: 0.3506  rpn_s.3.loss_cls: 0.3229  rpn_s.3.loss_bbox: 0.0350  rpn_s.3.loss_giou: 0.3323  s0.loss_cls: 0.3763  s0.pos_acc: 71.0000  s0.loss_bbox: 0.5805  s0.loss_iou: 1.0878  s1.loss_cls: 0.3647  s1.pos_acc: 82.0000  s1.loss_bbox: 0.6237  s1.loss_iou: 1.0431
2026/03/31 20:14:49 - mmengine - INFO - Epoch(train)  [3][ 3950/10002]  lr: 5.0000e-06  eta: 10:13:45  time: 0.3760  data_time: 0.0031  memory: 7329  grad_norm: 105.9736  loss: 8.0130  rpn_s.0.loss_cls: 0.6575  rpn_s.0.loss_bbox: 0.0936  rpn_s.0.loss_giou: 0.7861  rpn_s.1.loss_cls: 0.4433  rpn_s.1.loss_bbox: 0.0423  rpn_s.1.loss_giou: 0.4114  rpn_s.2.loss_cls: 0.3633  rpn_s.2.loss_bbox: 0.0362  rpn_s.2.loss_giou: 0.3579  rpn_s.3.loss_cls: 0.3262  rpn_s.3.loss_bbox: 0.0334  rpn_s.3.loss_giou: 0.3369  s0.loss_cls: 0.3583  s0.pos_acc: 76.2443  s0.loss_bbox: 0.6031  s0.loss_iou: 1.1158  s1.loss_cls: 0.3499  s1.pos_acc: 80.9955  s1.loss_bbox: 0.6267  s1.loss_iou: 1.0710
2026/03/31 20:15:06 - mmengine - INFO - Exp name: GSDet_r50_b900_h2h4_h2r1_r2r1_2x_fair1m1.0_20260331_165920
2026/03/31 20:15:08 - mmengine - INFO - Epoch(train)  [3][ 4000/10002]  lr: 5.0000e-06  eta: 10:13:24  time: 0.3749  data_time: 0.0031  memory: 7329  grad_norm: 92.0791  loss: 8.0569  rpn_s.0.loss_cls: 0.6215  rpn_s.0.loss_bbox: 0.1044  rpn_s.0.loss_giou: 0.8039  rpn_s.1.loss_cls: 0.4243  rpn_s.1.loss_bbox: 0.0519  rpn_s.1.loss_giou: 0.4276  rpn_s.2.loss_cls: 0.3493  rpn_s.2.loss_bbox: 0.0445  rpn_s.2.loss_giou: 0.3736  rpn_s.3.loss_cls: 0.3170  rpn_s.3.loss_bbox: 0.0402  rpn_s.3.loss_giou: 0.3579  s0.loss_cls: 0.3512  s0.pos_acc: 100.0000  s0.loss_bbox: 0.5728  s0.loss_iou: 1.1547  s1.loss_cls: 0.3499  s1.pos_acc: 100.0000  s1.loss_bbox: 0.5995  s1.loss_iou: 1.1129
2026/03/31 20:15:27 - mmengine - INFO - Epoch(train)  [3][ 4050/10002]  lr: 5.0000e-06  eta: 10:13:05  time: 0.3841  data_time: 0.0030  memory: 7330  grad_norm: 83.3131  loss: 7.9910  rpn_s.0.loss_cls: 0.5992  rpn_s.0.loss_bbox: 0.1104  rpn_s.0.loss_giou: 0.8058  rpn_s.1.loss_cls: 0.4019  rpn_s.1.loss_bbox: 0.0515  rpn_s.1.loss_giou: 0.4130  rpn_s.2.loss_cls: 0.3174  rpn_s.2.loss_bbox: 0.0449  rpn_s.2.loss_giou: 0.3549  rpn_s.3.loss_cls: 0.2811  rpn_s.3.loss_bbox: 0.0406  rpn_s.3.loss_giou: 0.3333  s0.loss_cls: 0.3119  s0.pos_acc: 85.4167  s0.loss_bbox: 0.6696  s0.loss_iou: 1.1453  s1.loss_cls: 0.3159  s1.pos_acc: 84.0278  s1.loss_bbox: 0.6948  s1.loss_iou: 1.0996
2026/03/31 20:15:46 - mmengine - INFO - Epoch(train)  [3][ 4100/10002]  lr: 5.0000e-06  eta: 10:12:45  time: 0.3780  data_time: 0.0030  memory: 7329  grad_norm: 90.9946  loss: 7.9265  rpn_s.0.loss_cls: 0.6326  rpn_s.0.loss_bbox: 0.0940  rpn_s.0.loss_giou: 0.7484  rpn_s.1.loss_cls: 0.4364  rpn_s.1.loss_bbox: 0.0454  rpn_s.1.loss_giou: 0.4000  rpn_s.2.loss_cls: 0.3571  rpn_s.2.loss_bbox: 0.0378  rpn_s.2.loss_giou: 0.3510  rpn_s.3.loss_cls: 0.3194  rpn_s.3.loss_bbox: 0.0360  rpn_s.3.loss_giou: 0.3321  s0.loss_cls: 0.3459  s0.pos_acc: 54.1667  s0.loss_bbox: 0.6323  s0.loss_iou: 1.0885  s1.loss_cls: 0.3512  s1.pos_acc: 62.5000  s1.loss_bbox: 0.6729  s1.loss_iou: 1.0454
2026/03/31 20:16:05 - mmengine - INFO - Epoch(train)  [3][ 4150/10002]  lr: 5.0000e-06  eta: 10:12:24  time: 0.3759  data_time: 0.0031  memory: 7329  grad_norm: 85.5156  loss: 7.7623  rpn_s.0.loss_cls: 0.6385  rpn_s.0.loss_bbox: 0.1013  rpn_s.0.loss_giou: 0.8050  rpn_s.1.loss_cls: 0.4191  rpn_s.1.loss_bbox: 0.0442  rpn_s.1.loss_giou: 0.3979  rpn_s.2.loss_cls: 0.3455  rpn_s.2.loss_bbox: 0.0372  rpn_s.2.loss_giou: 0.3420  rpn_s.3.loss_cls: 0.3059  rpn_s.3.loss_bbox: 0.0348  rpn_s.3.loss_giou: 0.3282  s0.loss_cls: 0.3407  s0.pos_acc: 88.0000  s0.loss_bbox: 0.5670  s0.loss_iou: 1.0701  s1.loss_cls: 0.3448  s1.pos_acc: 92.0000  s1.loss_bbox: 0.5989  s1.loss_iou: 1.0412
2026/03/31 20:16:24 - mmengine - INFO - Epoch(train)  [3][ 4200/10002]  lr: 5.0000e-06  eta: 10:12:04  time: 0.3801  data_time: 0.0031  memory: 7329  grad_norm: 86.2400  loss: 7.7012  rpn_s.0.loss_cls: 0.6039  rpn_s.0.loss_bbox: 0.1055  rpn_s.0.loss_giou: 0.7544  rpn_s.1.loss_cls: 0.4224  rpn_s.1.loss_bbox: 0.0478  rpn_s.1.loss_giou: 0.3895  rpn_s.2.loss_cls: 0.3362  rpn_s.2.loss_bbox: 0.0414  rpn_s.2.loss_giou: 0.3438  rpn_s.3.loss_cls: 0.3019  rpn_s.3.loss_bbox: 0.0400  rpn_s.3.loss_giou: 0.3241  s0.loss_cls: 0.3403  s0.pos_acc: 60.6122  s0.loss_bbox: 0.5994  s0.loss_iou: 1.0834  s1.loss_cls: 0.3417  s1.pos_acc: 53.8776  s1.loss_bbox: 0.5831  s1.loss_iou: 1.0423
2026/03/31 20:16:42 - mmengine - INFO - Epoch(train)  [3][ 4250/10002]  lr: 5.0000e-06  eta: 10:11:44  time: 0.3746  data_time: 0.0031  memory: 7329  grad_norm: 120.7870  loss: 7.5737  rpn_s.0.loss_cls: 0.6214  rpn_s.0.loss_bbox: 0.0946  rpn_s.0.loss_giou: 0.7289  rpn_s.1.loss_cls: 0.4292  rpn_s.1.loss_bbox: 0.0457  rpn_s.1.loss_giou: 0.3807  rpn_s.2.loss_cls: 0.3445  rpn_s.2.loss_bbox: 0.0388  rpn_s.2.loss_giou: 0.3347  rpn_s.3.loss_cls: 0.3050  rpn_s.3.loss_bbox: 0.0362  rpn_s.3.loss_giou: 0.3182  s0.loss_cls: 0.3439  s0.pos_acc: 77.8846  s0.loss_bbox: 0.6092  s0.loss_iou: 1.0139  s1.loss_cls: 0.3253  s1.pos_acc: 77.8846  s1.loss_bbox: 0.6346  s1.loss_iou: 0.9689
2026/03/31 20:17:01 - mmengine - INFO - Epoch(train)  [3][ 4300/10002]  lr: 5.0000e-06  eta: 10:11:22  time: 0.3691  data_time: 0.0030  memory: 7329  grad_norm: 100.0712  loss: 7.8100  rpn_s.0.loss_cls: 0.6295  rpn_s.0.loss_bbox: 0.0924  rpn_s.0.loss_giou: 0.7050  rpn_s.1.loss_cls: 0.4543  rpn_s.1.loss_bbox: 0.0459  rpn_s.1.loss_giou: 0.3916  rpn_s.2.loss_cls: 0.3690  rpn_s.2.loss_bbox: 0.0406  rpn_s.2.loss_giou: 0.3498  rpn_s.3.loss_cls: 0.3310  rpn_s.3.loss_bbox: 0.0383  rpn_s.3.loss_giou: 0.3351  s0.loss_cls: 0.3601  s0.pos_acc: 73.1481  s0.loss_bbox: 0.5806  s0.loss_iou: 1.0781  s1.loss_cls: 0.3601  s1.pos_acc: 73.6111  s1.loss_bbox: 0.6152  s1.loss_iou: 1.0333
2026/03/31 20:17:20 - mmengine - INFO - Epoch(train)  [3][ 4350/10002]  lr: 5.0000e-06  eta: 10:11:01  time: 0.3772  data_time: 0.0030  memory: 7329  grad_norm: 91.2724  loss: 7.5459  rpn_s.0.loss_cls: 0.5880  rpn_s.0.loss_bbox: 0.0940  rpn_s.0.loss_giou: 0.7065  rpn_s.1.loss_cls: 0.4111  rpn_s.1.loss_bbox: 0.0475  rpn_s.1.loss_giou: 0.3854  rpn_s.2.loss_cls: 0.3180  rpn_s.2.loss_bbox: 0.0425  rpn_s.2.loss_giou: 0.3432  rpn_s.3.loss_cls: 0.2849  rpn_s.3.loss_bbox: 0.0390  rpn_s.3.loss_giou: 0.3207  s0.loss_cls: 0.2957  s0.pos_acc: 100.0000  s0.loss_bbox: 0.6401  s0.loss_iou: 1.0396  s1.loss_cls: 0.2989  s1.pos_acc: 100.0000  s1.loss_bbox: 0.6762  s1.loss_iou: 1.0144
2026/03/31 20:17:39 - mmengine - INFO - Epoch(train)  [3][ 4400/10002]  lr: 5.0000e-06  eta: 10:10:41  time: 0.3789  data_time: 0.0030  memory: 7329  grad_norm: 101.0959  loss: 7.6701  rpn_s.0.loss_cls: 0.6074  rpn_s.0.loss_bbox: 0.0942  rpn_s.0.loss_giou: 0.7601  rpn_s.1.loss_cls: 0.4277  rpn_s.1.loss_bbox: 0.0438  rpn_s.1.loss_giou: 0.3919  rpn_s.2.loss_cls: 0.3433  rpn_s.2.loss_bbox: 0.0382  rpn_s.2.loss_giou: 0.3459  rpn_s.3.loss_cls: 0.2974  rpn_s.3.loss_bbox: 0.0356  rpn_s.3.loss_giou: 0.3270  s0.loss_cls: 0.3270  s0.pos_acc: 90.9091  s0.loss_bbox: 0.5846  s0.loss_iou: 1.0726  s1.loss_cls: 0.3282  s1.pos_acc: 90.9091  s1.loss_bbox: 0.6163  s1.loss_iou: 1.0289
2026/03/31 20:17:58 - mmengine - INFO - Epoch(train)  [3][ 4450/10002]  lr: 5.0000e-06  eta: 10:10:22  time: 0.3841  data_time: 0.0030  memory: 7330  grad_norm: 102.9150  loss: 7.7079  rpn_s.0.loss_cls: 0.5785  rpn_s.0.loss_bbox: 0.0976  rpn_s.0.loss_giou: 0.7662  rpn_s.1.loss_cls: 0.4043  rpn_s.1.loss_bbox: 0.0448  rpn_s.1.loss_giou: 0.3899  rpn_s.2.loss_cls: 0.3258  rpn_s.2.loss_bbox: 0.0394  rpn_s.2.loss_giou: 0.3463  rpn_s.3.loss_cls: 0.2941  rpn_s.3.loss_bbox: 0.0361  rpn_s.3.loss_giou: 0.3199  s0.loss_cls: 0.3181  s0.pos_acc: 64.2857  s0.loss_bbox: 0.6052  s0.loss_iou: 1.1181  s1.loss_cls: 0.3096  s1.pos_acc: 70.4082  s1.loss_bbox: 0.6300  s1.loss_iou: 1.0840
2026/03/31 20:18:17 - mmengine - INFO - Epoch(train)  [3][ 4500/10002]  lr: 5.0000e-06  eta: 10:10:01  time: 0.3747  data_time: 0.0031  memory: 7329  grad_norm: 92.4321  loss: 7.7037  rpn_s.0.loss_cls: 0.5989  rpn_s.0.loss_bbox: 0.0937  rpn_s.0.loss_giou: 0.7303  rpn_s.1.loss_cls: 0.3991  rpn_s.1.loss_bbox: 0.0424  rpn_s.1.loss_giou: 0.3769  rpn_s.2.loss_cls: 0.3297  rpn_s.2.loss_bbox: 0.0356  rpn_s.2.loss_giou: 0.3241  rpn_s.3.loss_cls: 0.2919  rpn_s.3.loss_bbox: 0.0337  rpn_s.3.loss_giou: 0.3097  s0.loss_cls: 0.3197  s0.pos_acc: 86.9565  s0.loss_bbox: 0.7272  s0.loss_iou: 1.0370  s1.loss_cls: 0.3091  s1.pos_acc: 86.9565  s1.loss_bbox: 0.7495  s1.loss_iou: 0.9953
2026/03/31 20:18:35 - mmengine - INFO - Epoch(train)  [3][ 4550/10002]  lr: 5.0000e-06  eta: 10:09:41  time: 0.3743  data_time: 0.0031  memory: 7329  grad_norm: 91.9971  loss: 8.2731  rpn_s.0.loss_cls: 0.6347  rpn_s.0.loss_bbox: 0.0933  rpn_s.0.loss_giou: 0.8086  rpn_s.1.loss_cls: 0.4212  rpn_s.1.loss_bbox: 0.0423  rpn_s.1.loss_giou: 0.4161  rpn_s.2.loss_cls: 0.3517  rpn_s.2.loss_bbox: 0.0367  rpn_s.2.loss_giou: 0.3708  rpn_s.3.loss_cls: 0.3134  rpn_s.3.loss_bbox: 0.0334  rpn_s.3.loss_giou: 0.3498  s0.loss_cls: 0.3304  s0.pos_acc: 100.0000  s0.loss_bbox: 0.6875  s0.loss_iou: 1.1823  s1.loss_cls: 0.3307  s1.pos_acc: 100.0000  s1.loss_bbox: 0.7269  s1.loss_iou: 1.1434
2026/03/31 20:18:54 - mmengine - INFO - Epoch(train)  [3][ 4600/10002]  lr: 5.0000e-06  eta: 10:09:20  time: 0.3767  data_time: 0.0031  memory: 7329  grad_norm: 91.0202  loss: 7.5334  rpn_s.0.loss_cls: 0.6367  rpn_s.0.loss_bbox: 0.0941  rpn_s.0.loss_giou: 0.7449  rpn_s.1.loss_cls: 0.4317  rpn_s.1.loss_bbox: 0.0423  rpn_s.1.loss_giou: 0.3893  rpn_s.2.loss_cls: 0.3455  rpn_s.2.loss_bbox: 0.0362  rpn_s.2.loss_giou: 0.3395  rpn_s.3.loss_cls: 0.3003  rpn_s.3.loss_bbox: 0.0334  rpn_s.3.loss_giou: 0.3167  s0.loss_cls: 0.3330  s0.pos_acc: 87.5000  s0.loss_bbox: 0.5289  s0.loss_iou: 1.0574  s1.loss_cls: 0.3239  s1.pos_acc: 91.6667  s1.loss_bbox: 0.5688  s1.loss_iou: 1.0107
2026/03/31 20:19:13 - mmengine - INFO - Epoch(train)  [3][ 4650/10002]  lr: 5.0000e-06  eta: 10:08:59  time: 0.3742  data_time: 0.0031  memory: 7329  grad_norm: 107.1632  loss: 7.6739  rpn_s.0.loss_cls: 0.5979  rpn_s.0.loss_bbox: 0.1011  rpn_s.0.loss_giou: 0.7102  rpn_s.1.loss_cls: 0.3917  rpn_s.1.loss_bbox: 0.0507  rpn_s.1.loss_giou: 0.3836  rpn_s.2.loss_cls: 0.3180  rpn_s.2.loss_bbox: 0.0443  rpn_s.2.loss_giou: 0.3457  rpn_s.3.loss_cls: 0.2822  rpn_s.3.loss_bbox: 0.0421  rpn_s.3.loss_giou: 0.3311  s0.loss_cls: 0.3039  s0.pos_acc: 82.1429  s0.loss_bbox: 0.6924  s0.loss_iou: 1.0413  s1.loss_cls: 0.3103  s1.pos_acc: 85.7143  s1.loss_bbox: 0.7290  s1.loss_iou: 0.9983
2026/03/31 20:19:32 - mmengine - INFO - Epoch(train)  [3][ 4700/10002]  lr: 5.0000e-06  eta: 10:08:40  time: 0.3828  data_time: 0.0031  memory: 7329  grad_norm: 85.8480  loss: 8.6576  rpn_s.0.loss_cls: 0.6625  rpn_s.0.loss_bbox: 0.1008  rpn_s.0.loss_giou: 0.8969  rpn_s.1.loss_cls: 0.4578  rpn_s.1.loss_bbox: 0.0440  rpn_s.1.loss_giou: 0.4591  rpn_s.2.loss_cls: 0.3814  rpn_s.2.loss_bbox: 0.0376  rpn_s.2.loss_giou: 0.3984  rpn_s.3.loss_cls: 0.3510  rpn_s.3.loss_bbox: 0.0345  rpn_s.3.loss_giou: 0.3735  s0.loss_cls: 0.3809  s0.pos_acc: 91.6667  s0.loss_bbox: 0.5460  s0.loss_iou: 1.2883  s1.loss_cls: 0.3712  s1.pos_acc: 94.4444  s1.loss_bbox: 0.6134  s1.loss_iou: 1.2603
2026/03/31 20:19:51 - mmengine - INFO - Epoch(train)  [3][ 4750/10002]  lr: 5.0000e-06  eta: 10:08:21  time: 0.3856  data_time: 0.0031  memory: 7329  grad_norm: 86.1285  loss: 8.0303  rpn_s.0.loss_cls: 0.6246  rpn_s.0.loss_bbox: 0.1016  rpn_s.0.loss_giou: 0.8002  rpn_s.1.loss_cls: 0.4137  rpn_s.1.loss_bbox: 0.0469  rpn_s.1.loss_giou: 0.4244  rpn_s.2.loss_cls: 0.3316  rpn_s.2.loss_bbox: 0.0391  rpn_s.2.loss_giou: 0.3637  rpn_s.3.loss_cls: 0.2952  rpn_s.3.loss_bbox: 0.0371  rpn_s.3.loss_giou: 0.3463  s0.loss_cls: 0.3275  s0.pos_acc: 82.5000  s0.loss_bbox: 0.6055  s0.loss_iou: 1.1675  s1.loss_cls: 0.3201  s1.pos_acc: 83.7500  s1.loss_bbox: 0.6582  s1.loss_iou: 1.1271
2026/03/31 20:20:10 - mmengine - INFO - Epoch(train)  [3][ 4800/10002]  lr: 5.0000e-06  eta: 10:08:00  time: 0.3718  data_time: 0.0031  memory: 7329  grad_norm: 108.9325  loss: 7.2642  rpn_s.0.loss_cls: 0.5826  rpn_s.0.loss_bbox: 0.0880  rpn_s.0.loss_giou: 0.7031  rpn_s.1.loss_cls: 0.3905  rpn_s.1.loss_bbox: 0.0426  rpn_s.1.loss_giou: 0.3902  rpn_s.2.loss_cls: 0.3188  rpn_s.2.loss_bbox: 0.0373  rpn_s.2.loss_giou: 0.3437  rpn_s.3.loss_cls: 0.2743  rpn_s.3.loss_bbox: 0.0339  rpn_s.3.loss_giou: 0.3214  s0.loss_cls: 0.2969  s0.pos_acc: 65.6522  s0.loss_bbox: 0.5041  s0.loss_iou: 1.0626  s1.loss_cls: 0.2959  s1.pos_acc: 71.3043  s1.loss_bbox: 0.5634  s1.loss_iou: 1.0148
2026/03/31 20:20:29 - mmengine - INFO - Epoch(train)  [3][ 4850/10002]  lr: 5.0000e-06  eta: 10:07:40  time: 0.3808  data_time: 0.0030  memory: 7329  grad_norm: 91.1763  loss: 8.1628  rpn_s.0.loss_cls: 0.6047  rpn_s.0.loss_bbox: 0.1013  rpn_s.0.loss_giou: 0.8086  rpn_s.1.loss_cls: 0.4143  rpn_s.1.loss_bbox: 0.0491  rpn_s.1.loss_giou: 0.4450  rpn_s.2.loss_cls: 0.3490  rpn_s.2.loss_bbox: 0.0412  rpn_s.2.loss_giou: 0.3882  rpn_s.3.loss_cls: 0.3069  rpn_s.3.loss_bbox: 0.0388  rpn_s.3.loss_giou: 0.3643  s0.loss_cls: 0.3219  s0.pos_acc: 78.4091  s0.loss_bbox: 0.5970  s0.loss_iou: 1.1867  s1.loss_cls: 0.3322  s1.pos_acc: 77.2727  s1.loss_bbox: 0.6644  s1.loss_iou: 1.1490
2026/03/31 20:20:48 - mmengine - INFO - Epoch(train)  [3][ 4900/10002]  lr: 5.0000e-06  eta: 10:07:21  time: 0.3792  data_time: 0.0030  memory: 7329  grad_norm: 97.2953  loss: 7.9438  rpn_s.0.loss_cls: 0.6644  rpn_s.0.loss_bbox: 0.0891  rpn_s.0.loss_giou: 0.7721  rpn_s.1.loss_cls: 0.4452  rpn_s.1.loss_bbox: 0.0377  rpn_s.1.loss_giou: 0.3852  rpn_s.2.loss_cls: 0.3795  rpn_s.2.loss_bbox: 0.0320  rpn_s.2.loss_giou: 0.3388  rpn_s.3.loss_cls: 0.3295  rpn_s.3.loss_bbox: 0.0301  rpn_s.3.loss_giou: 0.3224  s0.loss_cls: 0.3552  s0.pos_acc: 100.0000  s0.loss_bbox: 0.6324  s0.loss_iou: 1.0642  s1.loss_cls: 0.3511  s1.pos_acc: 100.0000  s1.loss_bbox: 0.6852  s1.loss_iou: 1.0297
2026/03/31 20:21:07 - mmengine - INFO - Epoch(train)  [3][ 4950/10002]  lr: 5.0000e-06  eta: 10:07:01  time: 0.3813  data_time: 0.0031  memory: 7329  grad_norm: 91.4604  loss: 8.1727  rpn_s.0.loss_cls: 0.6270  rpn_s.0.loss_bbox: 0.0988  rpn_s.0.loss_giou: 0.8356  rpn_s.1.loss_cls: 0.4296  rpn_s.1.loss_bbox: 0.0426  rpn_s.1.loss_giou: 0.4337  rpn_s.2.loss_cls: 0.3495  rpn_s.2.loss_bbox: 0.0370  rpn_s.2.loss_giou: 0.3821  rpn_s.3.loss_cls: 0.3189  rpn_s.3.loss_bbox: 0.0341  rpn_s.3.loss_giou: 0.3615  s0.loss_cls: 0.3511  s0.pos_acc: 61.5385  s0.loss_bbox: 0.5860  s0.loss_iou: 1.1566  s1.loss_cls: 0.3581  s1.pos_acc: 69.2308  s1.loss_bbox: 0.6502  s1.loss_iou: 1.1207
2026/03/31 20:21:24 - mmengine - INFO - Exp name: GSDet_r50_b900_h2h4_h2r1_r2r1_2x_fair1m1.0_20260331_165920
2026/03/31 20:21:26 - mmengine - INFO - Epoch(train)  [3][ 5000/10002]  lr: 5.0000e-06  eta: 10:06:41  time: 0.3802  data_time: 0.0031  memory: 7330  grad_norm: 101.5017  loss: 7.1924  rpn_s.0.loss_cls: 0.5702  rpn_s.0.loss_bbox: 0.0938  rpn_s.0.loss_giou: 0.6967  rpn_s.1.loss_cls: 0.3806  rpn_s.1.loss_bbox: 0.0435  rpn_s.1.loss_giou: 0.3648  rpn_s.2.loss_cls: 0.2961  rpn_s.2.loss_bbox: 0.0369  rpn_s.2.loss_giou: 0.3157  rpn_s.3.loss_cls: 0.2630  rpn_s.3.loss_bbox: 0.0345  rpn_s.3.loss_giou: 0.3023  s0.loss_cls: 0.2786  s0.pos_acc: 68.8811  s0.loss_bbox: 0.5996  s0.loss_iou: 1.0291  s1.loss_cls: 0.2765  s1.pos_acc: 72.3776  s1.loss_bbox: 0.6270  s1.loss_iou: 0.9834
2026/03/31 20:21:45 - mmengine - INFO - Epoch(train)  [3][ 5050/10002]  lr: 5.0000e-06  eta: 10:06:21  time: 0.3759  data_time: 0.0031  memory: 7329  grad_norm: 92.2182  loss: 7.7011  rpn_s.0.loss_cls: 0.6212  rpn_s.0.loss_bbox: 0.1010  rpn_s.0.loss_giou: 0.7541  rpn_s.1.loss_cls: 0.4245  rpn_s.1.loss_bbox: 0.0495  rpn_s.1.loss_giou: 0.3900  rpn_s.2.loss_cls: 0.3463  rpn_s.2.loss_bbox: 0.0400  rpn_s.2.loss_giou: 0.3378  rpn_s.3.loss_cls: 0.3063  rpn_s.3.loss_bbox: 0.0386  rpn_s.3.loss_giou: 0.3207  s0.loss_cls: 0.3404  s0.pos_acc: 58.1967  s0.loss_bbox: 0.5911  s0.loss_iou: 1.0561  s1.loss_cls: 0.3402  s1.pos_acc: 54.9180  s1.loss_bbox: 0.6330  s1.loss_iou: 1.0104
2026/03/31 20:22:04 - mmengine - INFO - Epoch(train)  [3][ 5100/10002]  lr: 5.0000e-06  eta: 10:06:00  time: 0.3767  data_time: 0.0031  memory: 7329  grad_norm: 88.7800  loss: 7.5669  rpn_s.0.loss_cls: 0.6171  rpn_s.0.loss_bbox: 0.0959  rpn_s.0.loss_giou: 0.7519  rpn_s.1.loss_cls: 0.4229  rpn_s.1.loss_bbox: 0.0414  rpn_s.1.loss_giou: 0.3747  rpn_s.2.loss_cls: 0.3392  rpn_s.2.loss_bbox: 0.0354  rpn_s.2.loss_giou: 0.3281  rpn_s.3.loss_cls: 0.2989  rpn_s.3.loss_bbox: 0.0332  rpn_s.3.loss_giou: 0.3102  s0.loss_cls: 0.3327  s0.pos_acc: 68.4211  s0.loss_bbox: 0.6029  s0.loss_iou: 1.0261  s1.loss_cls: 0.3296  s1.pos_acc: 63.1579  s1.loss_bbox: 0.6372  s1.loss_iou: 0.9895
2026/03/31 20:22:23 - mmengine - INFO - Epoch(train)  [3][ 5150/10002]  lr: 5.0000e-06  eta: 10:05:40  time: 0.3779  data_time: 0.0031  memory: 7329  grad_norm: 94.1477  loss: 8.1684  rpn_s.0.loss_cls: 0.6452  rpn_s.0.loss_bbox: 0.0968  rpn_s.0.loss_giou: 0.7488  rpn_s.1.loss_cls: 0.4323  rpn_s.1.loss_bbox: 0.0502  rpn_s.1.loss_giou: 0.4076  rpn_s.2.loss_cls: 0.3470  rpn_s.2.loss_bbox: 0.0443  rpn_s.2.loss_giou: 0.3586  rpn_s.3.loss_cls: 0.3062  rpn_s.3.loss_bbox: 0.0412  rpn_s.3.loss_giou: 0.3359  s0.loss_cls: 0.3493  s0.pos_acc: 96.1538  s0.loss_bbox: 0.7195  s0.loss_iou: 1.1147  s1.loss_cls: 0.3515  s1.pos_acc: 96.1538  s1.loss_bbox: 0.7556  s1.loss_iou: 1.0639
2026/03/31 20:22:41 - mmengine - INFO - Epoch(train)  [3][ 5200/10002]  lr: 5.0000e-06  eta: 10:05:20  time: 0.3781  data_time: 0.0031  memory: 7329  grad_norm: 95.2789  loss: 7.9058  rpn_s.0.loss_cls: 0.6143  rpn_s.0.loss_bbox: 0.1003  rpn_s.0.loss_giou: 0.7890  rpn_s.1.loss_cls: 0.4130  rpn_s.1.loss_bbox: 0.0469  rpn_s.1.loss_giou: 0.4130  rpn_s.2.loss_cls: 0.3224  rpn_s.2.loss_bbox: 0.0379  rpn_s.2.loss_giou: 0.3526  rpn_s.3.loss_cls: 0.2875  rpn_s.3.loss_bbox: 0.0347  rpn_s.3.loss_giou: 0.3300  s0.loss_cls: 0.3437  s0.pos_acc: 88.2353  s0.loss_bbox: 0.5931  s0.loss_iou: 1.1429  s1.loss_cls: 0.3292  s1.pos_acc: 100.0000  s1.loss_bbox: 0.6706  s1.loss_iou: 1.0847
2026/03/31 20:23:00 - mmengine - INFO - Epoch(train)  [3][ 5250/10002]  lr: 5.0000e-06  eta: 10:05:00  time: 0.3797  data_time: 0.0031  memory: 7329  grad_norm: 90.0301  loss: 7.7868  rpn_s.0.loss_cls: 0.6128  rpn_s.0.loss_bbox: 0.0996  rpn_s.0.loss_giou: 0.7720  rpn_s.1.loss_cls: 0.4202  rpn_s.1.loss_bbox: 0.0463  rpn_s.1.loss_giou: 0.3988  rpn_s.2.loss_cls: 0.3474  rpn_s.2.loss_bbox: 0.0396  rpn_s.2.loss_giou: 0.3484  rpn_s.3.loss_cls: 0.3060  rpn_s.3.loss_bbox: 0.0358  rpn_s.3.loss_giou: 0.3260  s0.loss_cls: 0.3253  s0.pos_acc: 45.4545  s0.loss_bbox: 0.6060  s0.loss_iou: 1.0931  s1.loss_cls: 0.3166  s1.pos_acc: 72.7273  s1.loss_bbox: 0.6543  s1.loss_iou: 1.0387
2026/03/31 20:23:20 - mmengine - INFO - Epoch(train)  [3][ 5300/10002]  lr: 5.0000e-06  eta: 10:04:41  time: 0.3842  data_time: 0.0031  memory: 7329  grad_norm: 92.8155  loss: 7.9587  rpn_s.0.loss_cls: 0.6289  rpn_s.0.loss_bbox: 0.0978  rpn_s.0.loss_giou: 0.7966  rpn_s.1.loss_cls: 0.4507  rpn_s.1.loss_bbox: 0.0434  rpn_s.1.loss_giou: 0.4129  rpn_s.2.loss_cls: 0.3600  rpn_s.2.loss_bbox: 0.0369  rpn_s.2.loss_giou: 0.3640  rpn_s.3.loss_cls: 0.3152  rpn_s.3.loss_bbox: 0.0335  rpn_s.3.loss_giou: 0.3421  s0.loss_cls: 0.3432  s0.pos_acc: 96.1538  s0.loss_bbox: 0.5585  s0.loss_iou: 1.1404  s1.loss_cls: 0.3275  s1.pos_acc: 92.3077  s1.loss_bbox: 0.6147  s1.loss_iou: 1.0925
2026/03/31 20:23:39 - mmengine - INFO - Epoch(train)  [3][ 5350/10002]  lr: 5.0000e-06  eta: 10:04:22  time: 0.3807  data_time: 0.0032  memory: 7329  grad_norm: 98.2821  loss: 7.5316  rpn_s.0.loss_cls: 0.5739  rpn_s.0.loss_bbox: 0.0920  rpn_s.0.loss_giou: 0.7181  rpn_s.1.loss_cls: 0.3823  rpn_s.1.loss_bbox: 0.0421  rpn_s.1.loss_giou: 0.3835  rpn_s.2.loss_cls: 0.3065  rpn_s.2.loss_bbox: 0.0367  rpn_s.2.loss_giou: 0.3435  rpn_s.3.loss_cls: 0.2768  rpn_s.3.loss_bbox: 0.0342  rpn_s.3.loss_giou: 0.3256  s0.loss_cls: 0.3063  s0.pos_acc: 94.3182  s0.loss_bbox: 0.6209  s0.loss_iou: 1.0939  s1.loss_cls: 0.3186  s1.pos_acc: 94.3182  s1.loss_bbox: 0.6265  s1.loss_iou: 1.0501
2026/03/31 20:23:58 - mmengine - INFO - Epoch(train)  [3][ 5400/10002]  lr: 5.0000e-06  eta: 10:04:03  time: 0.3824  data_time: 0.0032  memory: 7329  grad_norm: 116.5770  loss: 7.8206  rpn_s.0.loss_cls: 0.6050  rpn_s.0.loss_bbox: 0.0974  rpn_s.0.loss_giou: 0.7835  rpn_s.1.loss_cls: 0.4025  rpn_s.1.loss_bbox: 0.0474  rpn_s.1.loss_giou: 0.4060  rpn_s.2.loss_cls: 0.3225  rpn_s.2.loss_bbox: 0.0417  rpn_s.2.loss_giou: 0.3638  rpn_s.3.loss_cls: 0.2838  rpn_s.3.loss_bbox: 0.0394  rpn_s.3.loss_giou: 0.3425  s0.loss_cls: 0.3114  s0.pos_acc: 80.0000  s0.loss_bbox: 0.5914  s0.loss_iou: 1.1210  s1.loss_cls: 0.3222  s1.pos_acc: 80.0000  s1.loss_bbox: 0.6686  s1.loss_iou: 1.0704
2026/03/31 20:24:17 - mmengine - INFO - Epoch(train)  [3][ 5450/10002]  lr: 5.0000e-06  eta: 10:03:42  time: 0.3771  data_time: 0.0032  memory: 7329  grad_norm: 81.8284  loss: 8.2932  rpn_s.0.loss_cls: 0.6416  rpn_s.0.loss_bbox: 0.0986  rpn_s.0.loss_giou: 0.7973  rpn_s.1.loss_cls: 0.4239  rpn_s.1.loss_bbox: 0.0464  rpn_s.1.loss_giou: 0.4287  rpn_s.2.loss_cls: 0.3377  rpn_s.2.loss_bbox: 0.0407  rpn_s.2.loss_giou: 0.3823  rpn_s.3.loss_cls: 0.3035  rpn_s.3.loss_bbox: 0.0378  rpn_s.3.loss_giou: 0.3623  s0.loss_cls: 0.3523  s0.pos_acc: 70.0000  s0.loss_bbox: 0.6523  s0.loss_iou: 1.2040  s1.loss_cls: 0.3509  s1.pos_acc: 70.0000  s1.loss_bbox: 0.6756  s1.loss_iou: 1.1570
2026/03/31 20:24:36 - mmengine - INFO - Epoch(train)  [3][ 5500/10002]  lr: 5.0000e-06  eta: 10:03:24  time: 0.3896  data_time: 0.0031  memory: 7329  grad_norm: 90.2833  loss: 8.3158  rpn_s.0.loss_cls: 0.6153  rpn_s.0.loss_bbox: 0.0981  rpn_s.0.loss_giou: 0.8441  rpn_s.1.loss_cls: 0.4156  rpn_s.1.loss_bbox: 0.0435  rpn_s.1.loss_giou: 0.4384  rpn_s.2.loss_cls: 0.3428  rpn_s.2.loss_bbox: 0.0373  rpn_s.2.loss_giou: 0.3868  rpn_s.3.loss_cls: 0.3049  rpn_s.3.loss_bbox: 0.0339  rpn_s.3.loss_giou: 0.3613  s0.loss_cls: 0.3426  s0.pos_acc: 60.1770  s0.loss_bbox: 0.6075  s0.loss_iou: 1.2487  s1.loss_cls: 0.3372  s1.pos_acc: 61.0619  s1.loss_bbox: 0.6526  s1.loss_iou: 1.2053
2026/03/31 20:24:55 - mmengine - INFO - Epoch(train)  [3][ 5550/10002]  lr: 5.0000e-06  eta: 10:03:04  time: 0.3751  data_time: 0.0032  memory: 7329  grad_norm: 98.5881  loss: 7.9556  rpn_s.0.loss_cls: 0.6071  rpn_s.0.loss_bbox: 0.1055  rpn_s.0.loss_giou: 0.7702  rpn_s.1.loss_cls: 0.4101  rpn_s.1.loss_bbox: 0.0479  rpn_s.1.loss_giou: 0.4105  rpn_s.2.loss_cls: 0.3296  rpn_s.2.loss_bbox: 0.0411  rpn_s.2.loss_giou: 0.3618  rpn_s.3.loss_cls: 0.2916  rpn_s.3.loss_bbox: 0.0378  rpn_s.3.loss_giou: 0.3367  s0.loss_cls: 0.3187  s0.pos_acc: 100.0000  s0.loss_bbox: 0.6913  s0.loss_iou: 1.1144  s1.loss_cls: 0.3180  s1.pos_acc: 90.0000  s1.loss_bbox: 0.7019  s1.loss_iou: 1.0615
2026/03/31 20:25:14 - mmengine - INFO - Epoch(train)  [3][ 5600/10002]  lr: 5.0000e-06  eta: 10:02:44  time: 0.3781  data_time: 0.0031  memory: 7329  grad_norm: 91.5776  loss: 7.9638  rpn_s.0.loss_cls: 0.6088  rpn_s.0.loss_bbox: 0.0958  rpn_s.0.loss_giou: 0.8189  rpn_s.1.loss_cls: 0.4133  rpn_s.1.loss_bbox: 0.0405  rpn_s.1.loss_giou: 0.4114  rpn_s.2.loss_cls: 0.3406  rpn_s.2.loss_bbox: 0.0358  rpn_s.2.loss_giou: 0.3661  rpn_s.3.loss_cls: 0.3024  rpn_s.3.loss_bbox: 0.0328  rpn_s.3.loss_giou: 0.3389  s0.loss_cls: 0.3327  s0.pos_acc: 100.0000  s0.loss_bbox: 0.6035  s0.loss_iou: 1.1372  s1.loss_cls: 0.3272  s1.pos_acc: 100.0000  s1.loss_bbox: 0.6621  s1.loss_iou: 1.0958
2026/03/31 20:25:33 - mmengine - INFO - Epoch(train)  [3][ 5650/10002]  lr: 5.0000e-06  eta: 10:02:24  time: 0.3785  data_time: 0.0032  memory: 7329  grad_norm: 103.0088  loss: 8.5375  rpn_s.0.loss_cls: 0.6282  rpn_s.0.loss_bbox: 0.1085  rpn_s.0.loss_giou: 0.8320  rpn_s.1.loss_cls: 0.4376  rpn_s.1.loss_bbox: 0.0527  rpn_s.1.loss_giou: 0.4380  rpn_s.2.loss_cls: 0.3581  rpn_s.2.loss_bbox: 0.0466  rpn_s.2.loss_giou: 0.3952  rpn_s.3.loss_cls: 0.3172  rpn_s.3.loss_bbox: 0.0420  rpn_s.3.loss_giou: 0.3708  s0.loss_cls: 0.3370  s0.pos_acc: 84.6154  s0.loss_bbox: 0.6947  s0.loss_iou: 1.2289  s1.loss_cls: 0.3346  s1.pos_acc: 84.6154  s1.loss_bbox: 0.7334  s1.loss_iou: 1.1820
2026/03/31 20:25:52 - mmengine - INFO - Epoch(train)  [3][ 5700/10002]  lr: 5.0000e-06  eta: 10:02:04  time: 0.3793  data_time: 0.0031  memory: 7329  grad_norm: 92.7866  loss: 8.7029  rpn_s.0.loss_cls: 0.6619  rpn_s.0.loss_bbox: 0.0983  rpn_s.0.loss_giou: 0.8914  rpn_s.1.loss_cls: 0.4512  rpn_s.1.loss_bbox: 0.0426  rpn_s.1.loss_giou: 0.4712  rpn_s.2.loss_cls: 0.3772  rpn_s.2.loss_bbox: 0.0360  rpn_s.2.loss_giou: 0.4147  rpn_s.3.loss_cls: 0.3368  rpn_s.3.loss_bbox: 0.0327  rpn_s.3.loss_giou: 0.3885  s0.loss_cls: 0.3770  s0.pos_acc: 63.3333  s0.loss_bbox: 0.6084  s0.loss_iou: 1.2685  s1.loss_cls: 0.3647  s1.pos_acc: 80.0000  s1.loss_bbox: 0.6544  s1.loss_iou: 1.2276
2026/03/31 20:26:10 - mmengine - INFO - Epoch(train)  [3][ 5750/10002]  lr: 5.0000e-06  eta: 10:01:43  time: 0.3736  data_time: 0.0032  memory: 7329  grad_norm: 111.9205  loss: 6.7317  rpn_s.0.loss_cls: 0.5596  rpn_s.0.loss_bbox: 0.0880  rpn_s.0.loss_giou: 0.6066  rpn_s.1.loss_cls: 0.3831  rpn_s.1.loss_bbox: 0.0444  rpn_s.1.loss_giou: 0.3231  rpn_s.2.loss_cls: 0.3086  rpn_s.2.loss_bbox: 0.0383  rpn_s.2.loss_giou: 0.2851  rpn_s.3.loss_cls: 0.2726  rpn_s.3.loss_bbox: 0.0363  rpn_s.3.loss_giou: 0.2693  s0.loss_cls: 0.2972  s0.pos_acc: 74.2754  s0.loss_bbox: 0.5740  s0.loss_iou: 0.9022  s1.loss_cls: 0.2886  s1.pos_acc: 77.1739  s1.loss_bbox: 0.5803  s1.loss_iou: 0.8746
2026/03/31 20:26:29 - mmengine - INFO - Epoch(train)  [3][ 5800/10002]  lr: 5.0000e-06  eta: 10:01:23  time: 0.3757  data_time: 0.0032  memory: 7329  grad_norm: 99.2292  loss: 7.8069  rpn_s.0.loss_cls: 0.6378  rpn_s.0.loss_bbox: 0.1032  rpn_s.0.loss_giou: 0.6967  rpn_s.1.loss_cls: 0.4549  rpn_s.1.loss_bbox: 0.0500  rpn_s.1.loss_giou: 0.3830  rpn_s.2.loss_cls: 0.3762  rpn_s.2.loss_bbox: 0.0422  rpn_s.2.loss_giou: 0.3375  rpn_s.3.loss_cls: 0.3326  rpn_s.3.loss_bbox: 0.0393  rpn_s.3.loss_giou: 0.3191  s0.loss_cls: 0.3585  s0.pos_acc: 55.3191  s0.loss_bbox: 0.5371  s0.loss_iou: 1.1107  s1.loss_cls: 0.3480  s1.pos_acc: 56.3830  s1.loss_bbox: 0.6110  s1.loss_iou: 1.0692
2026/03/31 20:26:48 - mmengine - INFO - Epoch(train)  [3][ 5850/10002]  lr: 5.0000e-06  eta: 10:01:03  time: 0.3791  data_time: 0.0032  memory: 7329  grad_norm: 113.8937  loss: 7.9503  rpn_s.0.loss_cls: 0.5950  rpn_s.0.loss_bbox: 0.1063  rpn_s.0.loss_giou: 0.7340  rpn_s.1.loss_cls: 0.4244  rpn_s.1.loss_bbox: 0.0524  rpn_s.1.loss_giou: 0.3942  rpn_s.2.loss_cls: 0.3462  rpn_s.2.loss_bbox: 0.0458  rpn_s.2.loss_giou: 0.3525  rpn_s.3.loss_cls: 0.3098  rpn_s.3.loss_bbox: 0.0427  rpn_s.3.loss_giou: 0.3349  s0.loss_cls: 0.3302  s0.pos_acc: 65.0000  s0.loss_bbox: 0.6592  s0.loss_iou: 1.1358  s1.loss_cls: 0.3121  s1.pos_acc: 68.0000  s1.loss_bbox: 0.6930  s1.loss_iou: 1.0818
2026/03/31 20:27:07 - mmengine - INFO - Epoch(train)  [3][ 5900/10002]  lr: 5.0000e-06  eta: 10:00:42  time: 0.3744  data_time: 0.0031  memory: 7329  grad_norm: 89.2256  loss: 8.2694  rpn_s.0.loss_cls: 0.6208  rpn_s.0.loss_bbox: 0.1081  rpn_s.0.loss_giou: 0.7931  rpn_s.1.loss_cls: 0.4264  rpn_s.1.loss_bbox: 0.0514  rpn_s.1.loss_giou: 0.4260  rpn_s.2.loss_cls: 0.3491  rpn_s.2.loss_bbox: 0.0444  rpn_s.2.loss_giou: 0.3675  rpn_s.3.loss_cls: 0.3125  rpn_s.3.loss_bbox: 0.0403  rpn_s.3.loss_giou: 0.3443  s0.loss_cls: 0.3598  s0.pos_acc: 74.5902  s0.loss_bbox: 0.6916  s0.loss_iou: 1.1521  s1.loss_cls: 0.3439  s1.pos_acc: 81.1475  s1.loss_bbox: 0.7292  s1.loss_iou: 1.1089
2026/03/31 20:27:25 - mmengine - INFO - Epoch(train)  [3][ 5950/10002]  lr: 5.0000e-06  eta: 10:00:20  time: 0.3690  data_time: 0.0031  memory: 7329  grad_norm: 114.9086  loss: 7.9242  rpn_s.0.loss_cls: 0.6322  rpn_s.0.loss_bbox: 0.0959  rpn_s.0.loss_giou: 0.7476  rpn_s.1.loss_cls: 0.4299  rpn_s.1.loss_bbox: 0.0442  rpn_s.1.loss_giou: 0.3959  rpn_s.2.loss_cls: 0.3519  rpn_s.2.loss_bbox: 0.0383  rpn_s.2.loss_giou: 0.3481  rpn_s.3.loss_cls: 0.3144  rpn_s.3.loss_bbox: 0.0359  rpn_s.3.loss_giou: 0.3282  s0.loss_cls: 0.3466  s0.pos_acc: 100.0000  s0.loss_bbox: 0.6342  s0.loss_iou: 1.1050  s1.loss_cls: 0.3415  s1.pos_acc: 100.0000  s1.loss_bbox: 0.6632  s1.loss_iou: 1.0711
2026/03/31 20:27:43 - mmengine - INFO - Exp name: GSDet_r50_b900_h2h4_h2r1_r2r1_2x_fair1m1.0_20260331_165920
2026/03/31 20:27:44 - mmengine - INFO - Epoch(train)  [3][ 6000/10002]  lr: 5.0000e-06  eta: 10:00:01  time: 0.3822  data_time: 0.0032  memory: 7330  grad_norm: 85.3094  loss: 8.2146  rpn_s.0.loss_cls: 0.6296  rpn_s.0.loss_bbox: 0.1026  rpn_s.0.loss_giou: 0.7914  rpn_s.1.loss_cls: 0.4358  rpn_s.1.loss_bbox: 0.0479  rpn_s.1.loss_giou: 0.4237  rpn_s.2.loss_cls: 0.3548  rpn_s.2.loss_bbox: 0.0401  rpn_s.2.loss_giou: 0.3588  rpn_s.3.loss_cls: 0.3134  rpn_s.3.loss_bbox: 0.0362  rpn_s.3.loss_giou: 0.3354  s0.loss_cls: 0.3543  s0.pos_acc: 65.0000  s0.loss_bbox: 0.6679  s0.loss_iou: 1.1576  s1.loss_cls: 0.3567  s1.pos_acc: 65.0000  s1.loss_bbox: 0.6898  s1.loss_iou: 1.1186
2026/03/31 20:28:03 - mmengine - INFO - Epoch(train)  [3][ 6050/10002]  lr: 5.0000e-06  eta: 9:59:41  time: 0.3761  data_time: 0.0031  memory: 7330  grad_norm: 102.3134  loss: 7.7763  rpn_s.0.loss_cls: 0.6145  rpn_s.0.loss_bbox: 0.0976  rpn_s.0.loss_giou: 0.7270  rpn_s.1.loss_cls: 0.4252  rpn_s.1.loss_bbox: 0.0440  rpn_s.1.loss_giou: 0.3765  rpn_s.2.loss_cls: 0.3393  rpn_s.2.loss_bbox: 0.0390  rpn_s.2.loss_giou: 0.3348  rpn_s.3.loss_cls: 0.3053  rpn_s.3.loss_bbox: 0.0366  rpn_s.3.loss_giou: 0.3146  s0.loss_cls: 0.3464  s0.pos_acc: 94.1176  s0.loss_bbox: 0.6815  s0.loss_iou: 1.0242  s1.loss_cls: 0.3530  s1.pos_acc: 91.1765  s1.loss_bbox: 0.7277  s1.loss_iou: 0.9891
2026/03/31 20:28:22 - mmengine - INFO - Epoch(train)  [3][ 6100/10002]  lr: 5.0000e-06  eta: 9:59:21  time: 0.3782  data_time: 0.0031  memory: 7329  grad_norm: 84.0323  loss: 7.9285  rpn_s.0.loss_cls: 0.6002  rpn_s.0.loss_bbox: 0.0992  rpn_s.0.loss_giou: 0.8014  rpn_s.1.loss_cls: 0.4049  rpn_s.1.loss_bbox: 0.0462  rpn_s.1.loss_giou: 0.4113  rpn_s.2.loss_cls: 0.3204  rpn_s.2.loss_bbox: 0.0402  rpn_s.2.loss_giou: 0.3620  rpn_s.3.loss_cls: 0.2749  rpn_s.3.loss_bbox: 0.0373  rpn_s.3.loss_giou: 0.3383  s0.loss_cls: 0.3094  s0.pos_acc: 81.0000  s0.loss_bbox: 0.6679  s0.loss_iou: 1.1058  s1.loss_cls: 0.3175  s1.pos_acc: 84.0000  s1.loss_bbox: 0.7284  s1.loss_iou: 1.0630
2026/03/31 20:28:41 - mmengine - INFO - Epoch(train)  [3][ 6150/10002]  lr: 5.0000e-06  eta: 9:59:00  time: 0.3718  data_time: 0.0031  memory: 7329  grad_norm: 87.2084  loss: 7.6423  rpn_s.0.loss_cls: 0.6339  rpn_s.0.loss_bbox: 0.0924  rpn_s.0.loss_giou: 0.7193  rpn_s.1.loss_cls: 0.4229  rpn_s.1.loss_bbox: 0.0423  rpn_s.1.loss_giou: 0.3808  rpn_s.2.loss_cls: 0.3353  rpn_s.2.loss_bbox: 0.0364  rpn_s.2.loss_giou: 0.3371  rpn_s.3.loss_cls: 0.2897  rpn_s.3.loss_bbox: 0.0340  rpn_s.3.loss_giou: 0.3170  s0.loss_cls: 0.3379  s0.pos_acc: 91.6667  s0.loss_bbox: 0.6324  s0.loss_iou: 1.0235  s1.loss_cls: 0.3380  s1.pos_acc: 91.6667  s1.loss_bbox: 0.6851  s1.loss_iou: 0.9842
2026/03/31 20:28:59 - mmengine - INFO - Epoch(train)  [3][ 6200/10002]  lr: 5.0000e-06  eta: 9:58:39  time: 0.3740  data_time: 0.0031  memory: 7329  grad_norm: 90.9987  loss: 8.0377  rpn_s.0.loss_cls: 0.6475  rpn_s.0.loss_bbox: 0.0986  rpn_s.0.loss_giou: 0.7998  rpn_s.1.loss_cls: 0.4295  rpn_s.1.loss_bbox: 0.0447  rpn_s.1.loss_giou: 0.4151  rpn_s.2.loss_cls: 0.3518  rpn_s.2.loss_bbox: 0.0384  rpn_s.2.loss_giou: 0.3670  rpn_s.3.loss_cls: 0.3100  rpn_s.3.loss_bbox: 0.0344  rpn_s.3.loss_giou: 0.3445  s0.loss_cls: 0.3432  s0.pos_acc: 69.4444  s0.loss_bbox: 0.5977  s0.loss_iou: 1.1454  s1.loss_cls: 0.3384  s1.pos_acc: 75.0000  s1.loss_bbox: 0.6237  s1.loss_iou: 1.1081
2026/03/31 20:29:18 - mmengine - INFO - Epoch(train)  [3][ 6250/10002]  lr: 5.0000e-06  eta: 9:58:17  time: 0.3702  data_time: 0.0031  memory: 7329  grad_norm: 107.9781  loss: 7.7169  rpn_s.0.loss_cls: 0.5870  rpn_s.0.loss_bbox: 0.0938  rpn_s.0.loss_giou: 0.6968  rpn_s.1.loss_cls: 0.4185  rpn_s.1.loss_bbox: 0.0491  rpn_s.1.loss_giou: 0.3952  rpn_s.2.loss_cls: 0.3367  rpn_s.2.loss_bbox: 0.0435  rpn_s.2.loss_giou: 0.3544  rpn_s.3.loss_cls: 0.3041  rpn_s.3.loss_bbox: 0.0405  rpn_s.3.loss_giou: 0.3291  s0.loss_cls: 0.3424  s0.pos_acc: 83.3333  s0.loss_bbox: 0.5918  s0.loss_iou: 1.1160  s1.loss_cls: 0.3329  s1.pos_acc: 83.3333  s1.loss_bbox: 0.6273  s1.loss_iou: 1.0576
2026/03/31 20:29:37 - mmengine - INFO - Epoch(train)  [3][ 6300/10002]  lr: 5.0000e-06  eta: 9:57:57  time: 0.3747  data_time: 0.0031  memory: 7329  grad_norm: 115.6545  loss: 7.9294  rpn_s.0.loss_cls: 0.6261  rpn_s.0.loss_bbox: 0.0937  rpn_s.0.loss_giou: 0.7042  rpn_s.1.loss_cls: 0.4495  rpn_s.1.loss_bbox: 0.0475  rpn_s.1.loss_giou: 0.3861  rpn_s.2.loss_cls: 0.3810  rpn_s.2.loss_bbox: 0.0406  rpn_s.2.loss_giou: 0.3405  rpn_s.3.loss_cls: 0.3409  rpn_s.3.loss_bbox: 0.0379  rpn_s.3.loss_giou: 0.3225  s0.loss_cls: 0.3651  s0.pos_acc: 63.8889  s0.loss_bbox: 0.6339  s0.loss_iou: 1.0914  s1.loss_cls: 0.3617  s1.pos_acc: 75.0000  s1.loss_bbox: 0.6554  s1.loss_iou: 1.0515
2026/03/31 20:29:55 - mmengine - INFO - Epoch(train)  [3][ 6350/10002]  lr: 5.0000e-06  eta: 9:57:36  time: 0.3729  data_time: 0.0032  memory: 7329  grad_norm: 94.2701  loss: 7.5320  rpn_s.0.loss_cls: 0.6123  rpn_s.0.loss_bbox: 0.0899  rpn_s.0.loss_giou: 0.7183  rpn_s.1.loss_cls: 0.4035  rpn_s.1.loss_bbox: 0.0431  rpn_s.1.loss_giou: 0.3789  rpn_s.2.loss_cls: 0.3211  rpn_s.2.loss_bbox: 0.0373  rpn_s.2.loss_giou: 0.3320  rpn_s.3.loss_cls: 0.2771  rpn_s.3.loss_bbox: 0.0337  rpn_s.3.loss_giou: 0.3064  s0.loss_cls: 0.3064  s0.pos_acc: 100.0000  s0.loss_bbox: 0.6744  s0.loss_iou: 1.0062  s1.loss_cls: 0.3035  s1.pos_acc: 100.0000  s1.loss_bbox: 0.7050  s1.loss_iou: 0.9828
2026/03/31 20:30:14 - mmengine - INFO - Epoch(train)  [3][ 6400/10002]  lr: 5.0000e-06  eta: 9:57:15  time: 0.3704  data_time: 0.0032  memory: 7329  grad_norm: 88.6660  loss: 7.8864  rpn_s.0.loss_cls: 0.6173  rpn_s.0.loss_bbox: 0.0930  rpn_s.0.loss_giou: 0.7606  rpn_s.1.loss_cls: 0.4209  rpn_s.1.loss_bbox: 0.0442  rpn_s.1.loss_giou: 0.4084  rpn_s.2.loss_cls: 0.3404  rpn_s.2.loss_bbox: 0.0392  rpn_s.2.loss_giou: 0.3583  rpn_s.3.loss_cls: 0.3056  rpn_s.3.loss_bbox: 0.0364  rpn_s.3.loss_giou: 0.3432  s0.loss_cls: 0.3337  s0.pos_acc: 62.1951  s0.loss_bbox: 0.6277  s0.loss_iou: 1.0983  s1.loss_cls: 0.3346  s1.pos_acc: 65.8537  s1.loss_bbox: 0.6903  s1.loss_iou: 1.0343
2026/03/31 20:30:33 - mmengine - INFO - Epoch(train)  [3][ 6450/10002]  lr: 5.0000e-06  eta: 9:56:54  time: 0.3746  data_time: 0.0031  memory: 7329  grad_norm: 112.9548  loss: 7.3644  rpn_s.0.loss_cls: 0.6130  rpn_s.0.loss_bbox: 0.0948  rpn_s.0.loss_giou: 0.7334  rpn_s.1.loss_cls: 0.4027  rpn_s.1.loss_bbox: 0.0410  rpn_s.1.loss_giou: 0.3808  rpn_s.2.loss_cls: 0.3223  rpn_s.2.loss_bbox: 0.0345  rpn_s.2.loss_giou: 0.3298  rpn_s.3.loss_cls: 0.2834  rpn_s.3.loss_bbox: 0.0322  rpn_s.3.loss_giou: 0.3098  s0.loss_cls: 0.3114  s0.pos_acc: 70.8333  s0.loss_bbox: 0.5309  s0.loss_iou: 1.0658  s1.loss_cls: 0.3069  s1.pos_acc: 77.0833  s1.loss_bbox: 0.5545  s1.loss_iou: 1.0173
2026/03/31 20:30:52 - mmengine - INFO - Epoch(train)  [3][ 6500/10002]  lr: 5.0000e-06  eta: 9:56:35  time: 0.3814  data_time: 0.0031  memory: 7330  grad_norm: 95.2310  loss: 8.4327  rpn_s.0.loss_cls: 0.6306  rpn_s.0.loss_bbox: 0.1099  rpn_s.0.loss_giou: 0.8129  rpn_s.1.loss_cls: 0.4257  rpn_s.1.loss_bbox: 0.0499  rpn_s.1.loss_giou: 0.4245  rpn_s.2.loss_cls: 0.3506  rpn_s.2.loss_bbox: 0.0435  rpn_s.2.loss_giou: 0.3736  rpn_s.3.loss_cls: 0.3195  rpn_s.3.loss_bbox: 0.0385  rpn_s.3.loss_giou: 0.3495  s0.loss_cls: 0.3580  s0.pos_acc: 94.4444  s0.loss_bbox: 0.6766  s0.loss_iou: 1.2167  s1.loss_cls: 0.3508  s1.pos_acc: 88.8889  s1.loss_bbox: 0.7341  s1.loss_iou: 1.1677
2026/03/31 20:31:10 - mmengine - INFO - Epoch(train)  [3][ 6550/10002]  lr: 5.0000e-06  eta: 9:56:14  time: 0.3762  data_time: 0.0031  memory: 7329  grad_norm: 79.0722  loss: 8.0478  rpn_s.0.loss_cls: 0.6001  rpn_s.0.loss_bbox: 0.0964  rpn_s.0.loss_giou: 0.7734  rpn_s.1.loss_cls: 0.4127  rpn_s.1.loss_bbox: 0.0437  rpn_s.1.loss_giou: 0.4106  rpn_s.2.loss_cls: 0.3385  rpn_s.2.loss_bbox: 0.0385  rpn_s.2.loss_giou: 0.3622  rpn_s.3.loss_cls: 0.3034  rpn_s.3.loss_bbox: 0.0360  rpn_s.3.loss_giou: 0.3449  s0.loss_cls: 0.3337  s0.pos_acc: 75.9259  s0.loss_bbox: 0.6452  s0.loss_iou: 1.1886  s1.loss_cls: 0.3269  s1.pos_acc: 77.7778  s1.loss_bbox: 0.6604  s1.loss_iou: 1.1325
2026/03/31 20:31:29 - mmengine - INFO - Epoch(train)  [3][ 6600/10002]  lr: 5.0000e-06  eta: 9:55:53  time: 0.3711  data_time: 0.0031  memory: 7329  grad_norm: 94.0019  loss: 7.4653  rpn_s.0.loss_cls: 0.6167  rpn_s.0.loss_bbox: 0.0939  rpn_s.0.loss_giou: 0.6881  rpn_s.1.loss_cls: 0.4143  rpn_s.1.loss_bbox: 0.0419  rpn_s.1.loss_giou: 0.3615  rpn_s.2.loss_cls: 0.3347  rpn_s.2.loss_bbox: 0.0370  rpn_s.2.loss_giou: 0.3243  rpn_s.3.loss_cls: 0.3002  rpn_s.3.loss_bbox: 0.0343  rpn_s.3.loss_giou: 0.3086  s0.loss_cls: 0.3291  s0.pos_acc: 83.6364  s0.loss_bbox: 0.6324  s0.loss_iou: 0.9869  s1.loss_cls: 0.3361  s1.pos_acc: 83.6364  s1.loss_bbox: 0.6834  s1.loss_iou: 0.9417
2026/03/31 20:31:48 - mmengine - INFO - Epoch(train)  [3][ 6650/10002]  lr: 5.0000e-06  eta: 9:55:33  time: 0.3757  data_time: 0.0032  memory: 7329  grad_norm: 79.9536  loss: 8.5273  rpn_s.0.loss_cls: 0.6645  rpn_s.0.loss_bbox: 0.0943  rpn_s.0.loss_giou: 0.8468  rpn_s.1.loss_cls: 0.4620  rpn_s.1.loss_bbox: 0.0405  rpn_s.1.loss_giou: 0.4400  rpn_s.2.loss_cls: 0.3847  rpn_s.2.loss_bbox: 0.0343  rpn_s.2.loss_giou: 0.3814  rpn_s.3.loss_cls: 0.3549  rpn_s.3.loss_bbox: 0.0317  rpn_s.3.loss_giou: 0.3636  s0.loss_cls: 0.3900  s0.pos_acc: 92.8571  s0.loss_bbox: 0.6396  s0.loss_iou: 1.1971  s1.loss_cls: 0.3813  s1.pos_acc: 100.0000  s1.loss_bbox: 0.6619  s1.loss_iou: 1.1587
2026/03/31 20:32:06 - mmengine - INFO - Epoch(train)  [3][ 6700/10002]  lr: 5.0000e-06  eta: 9:55:12  time: 0.3710  data_time: 0.0031  memory: 7329  grad_norm: 98.5467  loss: 7.8538  rpn_s.0.loss_cls: 0.5896  rpn_s.0.loss_bbox: 0.0943  rpn_s.0.loss_giou: 0.7259  rpn_s.1.loss_cls: 0.4063  rpn_s.1.loss_bbox: 0.0455  rpn_s.1.loss_giou: 0.3985  rpn_s.2.loss_cls: 0.3237  rpn_s.2.loss_bbox: 0.0397  rpn_s.2.loss_giou: 0.3556  rpn_s.3.loss_cls: 0.2896  rpn_s.3.loss_bbox: 0.0369  rpn_s.3.loss_giou: 0.3352  s0.loss_cls: 0.3247  s0.pos_acc: 75.0000  s0.loss_bbox: 0.6633  s0.loss_iou: 1.1265  s1.loss_cls: 0.3411  s1.pos_acc: 75.0000  s1.loss_bbox: 0.6822  s1.loss_iou: 1.0753
2026/03/31 20:32:25 - mmengine - INFO - Epoch(train)  [3][ 6750/10002]  lr: 5.0000e-06  eta: 9:54:52  time: 0.3794  data_time: 0.0032  memory: 7329  grad_norm: 89.7127  loss: 7.8590  rpn_s.0.loss_cls: 0.5694  rpn_s.0.loss_bbox: 0.1030  rpn_s.0.loss_giou: 0.7777  rpn_s.1.loss_cls: 0.3988  rpn_s.1.loss_bbox: 0.0492  rpn_s.1.loss_giou: 0.4134  rpn_s.2.loss_cls: 0.3259  rpn_s.2.loss_bbox: 0.0427  rpn_s.2.loss_giou: 0.3605  rpn_s.3.loss_cls: 0.2935  rpn_s.3.loss_bbox: 0.0384  rpn_s.3.loss_giou: 0.3361  s0.loss_cls: 0.3115  s0.pos_acc: 68.7500  s0.loss_bbox: 0.6298  s0.loss_iou: 1.1408  s1.loss_cls: 0.3125  s1.pos_acc: 64.0625  s1.loss_bbox: 0.6729  s1.loss_iou: 1.0829
2026/03/31 20:32:44 - mmengine - INFO - Epoch(train)  [3][ 6800/10002]  lr: 5.0000e-06  eta: 9:54:31  time: 0.3727  data_time: 0.0032  memory: 7329  grad_norm: 91.7581  loss: 7.5906  rpn_s.0.loss_cls: 0.5757  rpn_s.0.loss_bbox: 0.0859  rpn_s.0.loss_giou: 0.7049  rpn_s.1.loss_cls: 0.4089  rpn_s.1.loss_bbox: 0.0416  rpn_s.1.loss_giou: 0.3809  rpn_s.2.loss_cls: 0.3372  rpn_s.2.loss_bbox: 0.0377  rpn_s.2.loss_giou: 0.3368  rpn_s.3.loss_cls: 0.3004  rpn_s.3.loss_bbox: 0.0351  rpn_s.3.loss_giou: 0.3159  s0.loss_cls: 0.3330  s0.pos_acc: 100.0000  s0.loss_bbox: 0.5806  s0.loss_iou: 1.0740  s1.loss_cls: 0.3469  s1.pos_acc: 100.0000  s1.loss_bbox: 0.6506  s1.loss_iou: 1.0446
2026/03/31 20:33:03 - mmengine - INFO - Epoch(train)  [3][ 6850/10002]  lr: 5.0000e-06  eta: 9:54:11  time: 0.3753  data_time: 0.0032  memory: 7329  grad_norm: 104.5052  loss: 8.2789  rpn_s.0.loss_cls: 0.6086  rpn_s.0.loss_bbox: 0.0968  rpn_s.0.loss_giou: 0.8282  rpn_s.1.loss_cls: 0.4135  rpn_s.1.loss_bbox: 0.0459  rpn_s.1.loss_giou: 0.4295  rpn_s.2.loss_cls: 0.3193  rpn_s.2.loss_bbox: 0.0392  rpn_s.2.loss_giou: 0.3792  rpn_s.3.loss_cls: 0.2891  rpn_s.3.loss_bbox: 0.0371  rpn_s.3.loss_giou: 0.3631  s0.loss_cls: 0.3219  s0.pos_acc: 73.0159  s0.loss_bbox: 0.7196  s0.loss_iou: 1.1435  s1.loss_cls: 0.3398  s1.pos_acc: 71.4286  s1.loss_bbox: 0.7969  s1.loss_iou: 1.1076
2026/03/31 20:33:21 - mmengine - INFO - Epoch(train)  [3][ 6900/10002]  lr: 5.0000e-06  eta: 9:53:50  time: 0.3715  data_time: 0.0032  memory: 7329  grad_norm: 94.0437  loss: 7.9548  rpn_s.0.loss_cls: 0.6031  rpn_s.0.loss_bbox: 0.0978  rpn_s.0.loss_giou: 0.7824  rpn_s.1.loss_cls: 0.4058  rpn_s.1.loss_bbox: 0.0455  rpn_s.1.loss_giou: 0.4115  rpn_s.2.loss_cls: 0.3395  rpn_s.2.loss_bbox: 0.0385  rpn_s.2.loss_giou: 0.3607  rpn_s.3.loss_cls: 0.3080  rpn_s.3.loss_bbox: 0.0360  rpn_s.3.loss_giou: 0.3401  s0.loss_cls: 0.3445  s0.pos_acc: 68.4211  s0.loss_bbox: 0.6380  s0.loss_iou: 1.1077  s1.loss_cls: 0.3475  s1.pos_acc: 66.6667  s1.loss_bbox: 0.6924  s1.loss_iou: 1.0558
2026/03/31 20:33:40 - mmengine - INFO - Epoch(train)  [3][ 6950/10002]  lr: 5.0000e-06  eta: 9:53:29  time: 0.3733  data_time: 0.0032  memory: 7329  grad_norm: 89.5456  loss: 8.1013  rpn_s.0.loss_cls: 0.6236  rpn_s.0.loss_bbox: 0.0995  rpn_s.0.loss_giou: 0.7885  rpn_s.1.loss_cls: 0.4315  rpn_s.1.loss_bbox: 0.0486  rpn_s.1.loss_giou: 0.4182  rpn_s.2.loss_cls: 0.3599  rpn_s.2.loss_bbox: 0.0420  rpn_s.2.loss_giou: 0.3704  rpn_s.3.loss_cls: 0.3216  rpn_s.3.loss_bbox: 0.0390  rpn_s.3.loss_giou: 0.3506  s0.loss_cls: 0.3554  s0.pos_acc: 66.6667  s0.loss_bbox: 0.5837  s0.loss_iou: 1.1694  s1.loss_cls: 0.3499  s1.pos_acc: 66.6667  s1.loss_bbox: 0.6192  s1.loss_iou: 1.1303
2026/03/31 20:33:57 - mmengine - INFO - Exp name: GSDet_r50_b900_h2h4_h2r1_r2r1_2x_fair1m1.0_20260331_165920
2026/03/31 20:33:59 - mmengine - INFO - Epoch(train)  [3][ 7000/10002]  lr: 5.0000e-06  eta: 9:53:09  time: 0.3783  data_time: 0.0032  memory: 7329  grad_norm: 85.6811  loss: 7.6973  rpn_s.0.loss_cls: 0.5773  rpn_s.0.loss_bbox: 0.1052  rpn_s.0.loss_giou: 0.7282  rpn_s.1.loss_cls: 0.4064  rpn_s.1.loss_bbox: 0.0521  rpn_s.1.loss_giou: 0.3982  rpn_s.2.loss_cls: 0.3379  rpn_s.2.loss_bbox: 0.0457  rpn_s.2.loss_giou: 0.3430  rpn_s.3.loss_cls: 0.3005  rpn_s.3.loss_bbox: 0.0419  rpn_s.3.loss_giou: 0.3191  s0.loss_cls: 0.3198  s0.pos_acc: 94.4444  s0.loss_bbox: 0.6339  s0.loss_iou: 1.0881  s1.loss_cls: 0.3169  s1.pos_acc: 94.4444  s1.loss_bbox: 0.6388  s1.loss_iou: 1.0442
2026/03/31 20:34:18 - mmengine - INFO - Epoch(train)  [3][ 7050/10002]  lr: 5.0000e-06  eta: 9:52:49  time: 0.3767  data_time: 0.0032  memory: 7329  grad_norm: 94.7291  loss: 8.0985  rpn_s.0.loss_cls: 0.6094  rpn_s.0.loss_bbox: 0.0985  rpn_s.0.loss_giou: 0.7728  rpn_s.1.loss_cls: 0.4382  rpn_s.1.loss_bbox: 0.0495  rpn_s.1.loss_giou: 0.4189  rpn_s.2.loss_cls: 0.3653  rpn_s.2.loss_bbox: 0.0425  rpn_s.2.loss_giou: 0.3692  rpn_s.3.loss_cls: 0.3261  rpn_s.3.loss_bbox: 0.0395  rpn_s.3.loss_giou: 0.3488  s0.loss_cls: 0.3562  s0.pos_acc: 76.9231  s0.loss_bbox: 0.5796  s0.loss_iou: 1.1836  s1.loss_cls: 0.3544  s1.pos_acc: 88.4615  s1.loss_bbox: 0.6111  s1.loss_iou: 1.1350
2026/03/31 20:34:36 - mmengine - INFO - Epoch(train)  [3][ 7100/10002]  lr: 5.0000e-06  eta: 9:52:28  time: 0.3736  data_time: 0.0032  memory: 7329  grad_norm: 95.0229  loss: 7.2641  rpn_s.0.loss_cls: 0.5948  rpn_s.0.loss_bbox: 0.0872  rpn_s.0.loss_giou: 0.6989  rpn_s.1.loss_cls: 0.3941  rpn_s.1.loss_bbox: 0.0408  rpn_s.1.loss_giou: 0.3686  rpn_s.2.loss_cls: 0.3058  rpn_s.2.loss_bbox: 0.0356  rpn_s.2.loss_giou: 0.3237  rpn_s.3.loss_cls: 0.2740  rpn_s.3.loss_bbox: 0.0337  rpn_s.3.loss_giou: 0.3081  s0.loss_cls: 0.2736  s0.pos_acc: 70.5426  s0.loss_bbox: 0.6373  s0.loss_iou: 0.9967  s1.loss_cls: 0.2761  s1.pos_acc: 70.5426  s1.loss_bbox: 0.6597  s1.loss_iou: 0.9553
2026/03/31 20:34:55 - mmengine - INFO - Epoch(train)  [3][ 7150/10002]  lr: 5.0000e-06  eta: 9:52:07  time: 0.3731  data_time: 0.0031  memory: 7329  grad_norm: 116.6907  loss: 7.1518  rpn_s.0.loss_cls: 0.5692  rpn_s.0.loss_bbox: 0.0879  rpn_s.0.loss_giou: 0.6673  rpn_s.1.loss_cls: 0.3764  rpn_s.1.loss_bbox: 0.0438  rpn_s.1.loss_giou: 0.3639  rpn_s.2.loss_cls: 0.3035  rpn_s.2.loss_bbox: 0.0367  rpn_s.2.loss_giou: 0.3191  rpn_s.3.loss_cls: 0.2746  rpn_s.3.loss_bbox: 0.0343  rpn_s.3.loss_giou: 0.2999  s0.loss_cls: 0.2883  s0.pos_acc: 83.3333  s0.loss_bbox: 0.6263  s0.loss_iou: 0.9803  s1.loss_cls: 0.2789  s1.pos_acc: 88.8889  s1.loss_bbox: 0.6597  s1.loss_iou: 0.9417
2026/03/31 20:35:14 - mmengine - INFO - Epoch(train)  [3][ 7200/10002]  lr: 5.0000e-06  eta: 9:51:49  time: 0.3839  data_time: 0.0032  memory: 7330  grad_norm: 95.6343  loss: 7.8563  rpn_s.0.loss_cls: 0.5907  rpn_s.0.loss_bbox: 0.0932  rpn_s.0.loss_giou: 0.7977  rpn_s.1.loss_cls: 0.4006  rpn_s.1.loss_bbox: 0.0407  rpn_s.1.loss_giou: 0.4119  rpn_s.2.loss_cls: 0.3157  rpn_s.2.loss_bbox: 0.0346  rpn_s.2.loss_giou: 0.3551  rpn_s.3.loss_cls: 0.2773  rpn_s.3.loss_bbox: 0.0317  rpn_s.3.loss_giou: 0.3333  s0.loss_cls: 0.2935  s0.pos_acc: 71.2121  s0.loss_bbox: 0.6848  s0.loss_iou: 1.1041  s1.loss_cls: 0.2925  s1.pos_acc: 75.7576  s1.loss_bbox: 0.7286  s1.loss_iou: 1.0703
2026/03/31 20:35:33 - mmengine - INFO - Epoch(train)  [3][ 7250/10002]  lr: 5.0000e-06  eta: 9:51:29  time: 0.3801  data_time: 0.0032  memory: 7329  grad_norm: 84.8442  loss: 8.0339  rpn_s.0.loss_cls: 0.5900  rpn_s.0.loss_bbox: 0.1082  rpn_s.0.loss_giou: 0.8189  rpn_s.1.loss_cls: 0.4014  rpn_s.1.loss_bbox: 0.0489  rpn_s.1.loss_giou: 0.4270  rpn_s.2.loss_cls: 0.3289  rpn_s.2.loss_bbox: 0.0424  rpn_s.2.loss_giou: 0.3708  rpn_s.3.loss_cls: 0.2880  rpn_s.3.loss_bbox: 0.0391  rpn_s.3.loss_giou: 0.3474  s0.loss_cls: 0.3262  s0.pos_acc: 58.6207  s0.loss_bbox: 0.6256  s0.loss_iou: 1.1566  s1.loss_cls: 0.3343  s1.pos_acc: 58.6207  s1.loss_bbox: 0.6698  s1.loss_iou: 1.1106
2026/03/31 20:35:52 - mmengine - INFO - Epoch(train)  [3][ 7300/10002]  lr: 5.0000e-06  eta: 9:51:09  time: 0.3798  data_time: 0.0031  memory: 7330  grad_norm: 98.9971  loss: 7.6925  rpn_s.0.loss_cls: 0.5960  rpn_s.0.loss_bbox: 0.1037  rpn_s.0.loss_giou: 0.7622  rpn_s.1.loss_cls: 0.4059  rpn_s.1.loss_bbox: 0.0459  rpn_s.1.loss_giou: 0.3936  rpn_s.2.loss_cls: 0.3250  rpn_s.2.loss_bbox: 0.0387  rpn_s.2.loss_giou: 0.3418  rpn_s.3.loss_cls: 0.2903  rpn_s.3.loss_bbox: 0.0347  rpn_s.3.loss_giou: 0.3186  s0.loss_cls: 0.3149  s0.pos_acc: 100.0000  s0.loss_bbox: 0.6202  s0.loss_iou: 1.0735  s1.loss_cls: 0.3198  s1.pos_acc: 100.0000  s1.loss_bbox: 0.6747  s1.loss_iou: 1.0331
2026/03/31 20:36:11 - mmengine - INFO - Epoch(train)  [3][ 7350/10002]  lr: 5.0000e-06  eta: 9:50:49  time: 0.3754  data_time: 0.0031  memory: 7329  grad_norm: 85.6813  loss: 7.6490  rpn_s.0.loss_cls: 0.5873  rpn_s.0.loss_bbox: 0.0999  rpn_s.0.loss_giou: 0.7571  rpn_s.1.loss_cls: 0.3804  rpn_s.1.loss_bbox: 0.0460  rpn_s.1.loss_giou: 0.4030  rpn_s.2.loss_cls: 0.3083  rpn_s.2.loss_bbox: 0.0405  rpn_s.2.loss_giou: 0.3509  rpn_s.3.loss_cls: 0.2809  rpn_s.3.loss_bbox: 0.0366  rpn_s.3.loss_giou: 0.3270  s0.loss_cls: 0.3106  s0.pos_acc: 75.0000  s0.loss_bbox: 0.6124  s0.loss_iou: 1.0868  s1.loss_cls: 0.3265  s1.pos_acc: 87.5000  s1.loss_bbox: 0.6369  s1.loss_iou: 1.0578
2026/03/31 20:36:30 - mmengine - INFO - Epoch(train)  [3][ 7400/10002]  lr: 5.0000e-06  eta: 9:50:29  time: 0.3765  data_time: 0.0031  memory: 7329  grad_norm: 86.3523  loss: 7.5861  rpn_s.0.loss_cls: 0.6038  rpn_s.0.loss_bbox: 0.1021  rpn_s.0.loss_giou: 0.7734  rpn_s.1.loss_cls: 0.3968  rpn_s.1.loss_bbox: 0.0455  rpn_s.1.loss_giou: 0.4069  rpn_s.2.loss_cls: 0.3179  rpn_s.2.loss_bbox: 0.0382  rpn_s.2.loss_giou: 0.3531  rpn_s.3.loss_cls: 0.2926  rpn_s.3.loss_bbox: 0.0341  rpn_s.3.loss_giou: 0.3266  s0.loss_cls: 0.3118  s0.pos_acc: 100.0000  s0.loss_bbox: 0.5434  s0.loss_iou: 1.1009  s1.loss_cls: 0.3011  s1.pos_acc: 100.0000  s1.loss_bbox: 0.5860  s1.loss_iou: 1.0518
2026/03/31 20:36:49 - mmengine - INFO - Epoch(train)  [3][ 7450/10002]  lr: 5.0000e-06  eta: 9:50:09  time: 0.3802  data_time: 0.0031  memory: 7329  grad_norm: 99.9063  loss: 7.6239  rpn_s.0.loss_cls: 0.5776  rpn_s.0.loss_bbox: 0.1036  rpn_s.0.loss_giou: 0.6797  rpn_s.1.loss_cls: 0.4142  rpn_s.1.loss_bbox: 0.0490  rpn_s.1.loss_giou: 0.3836  rpn_s.2.loss_cls: 0.3370  rpn_s.2.loss_bbox: 0.0432  rpn_s.2.loss_giou: 0.3463  rpn_s.3.loss_cls: 0.3020  rpn_s.3.loss_bbox: 0.0399  rpn_s.3.loss_giou: 0.3245  s0.loss_cls: 0.3383  s0.pos_acc: 62.5000  s0.loss_bbox: 0.5988  s0.loss_iou: 1.0931  s1.loss_cls: 0.3259  s1.pos_acc: 87.5000  s1.loss_bbox: 0.6248  s1.loss_iou: 1.0425
2026/03/31 20:37:08 - mmengine - INFO - Epoch(train)  [3][ 7500/10002]  lr: 5.0000e-06  eta: 9:49:50  time: 0.3813  data_time: 0.0031  memory: 7329  grad_norm: 87.1071  loss: 7.8116  rpn_s.0.loss_cls: 0.5962  rpn_s.0.loss_bbox: 0.0980  rpn_s.0.loss_giou: 0.7876  rpn_s.1.loss_cls: 0.4047  rpn_s.1.loss_bbox: 0.0455  rpn_s.1.loss_giou: 0.4128  rpn_s.2.loss_cls: 0.3394  rpn_s.2.loss_bbox: 0.0387  rpn_s.2.loss_giou: 0.3589  rpn_s.3.loss_cls: 0.2984  rpn_s.3.loss_bbox: 0.0357  rpn_s.3.loss_giou: 0.3408  s0.loss_cls: 0.3238  s0.pos_acc: 87.5000  s0.loss_bbox: 0.5915  s0.loss_iou: 1.1029  s1.loss_cls: 0.3164  s1.pos_acc: 87.5000  s1.loss_bbox: 0.6530  s1.loss_iou: 1.0673
2026/03/31 20:37:27 - mmengine - INFO - Epoch(train)  [3][ 7550/10002]  lr: 5.0000e-06  eta: 9:49:29  time: 0.3732  data_time: 0.0031  memory: 7329  grad_norm: 112.1342  loss: 7.6708  rpn_s.0.loss_cls: 0.5804  rpn_s.0.loss_bbox: 0.0936  rpn_s.0.loss_giou: 0.7015  rpn_s.1.loss_cls: 0.4059  rpn_s.1.loss_bbox: 0.0424  rpn_s.1.loss_giou: 0.3824  rpn_s.2.loss_cls: 0.3226  rpn_s.2.loss_bbox: 0.0375  rpn_s.2.loss_giou: 0.3454  rpn_s.3.loss_cls: 0.2954  rpn_s.3.loss_bbox: 0.0348  rpn_s.3.loss_giou: 0.3248  s0.loss_cls: 0.3526  s0.pos_acc: 60.0000  s0.loss_bbox: 0.6734  s0.loss_iou: 1.0360  s1.loss_cls: 0.3447  s1.pos_acc: 70.0000  s1.loss_bbox: 0.7063  s1.loss_iou: 0.9913
2026/03/31 20:37:45 - mmengine - INFO - Epoch(train)  [3][ 7600/10002]  lr: 5.0000e-06  eta: 9:49:09  time: 0.3744  data_time: 0.0031  memory: 7329  grad_norm: 92.3325  loss: 7.5322  rpn_s.0.loss_cls: 0.6107  rpn_s.0.loss_bbox: 0.0930  rpn_s.0.loss_giou: 0.7320  rpn_s.1.loss_cls: 0.4101  rpn_s.1.loss_bbox: 0.0426  rpn_s.1.loss_giou: 0.3773  rpn_s.2.loss_cls: 0.3343  rpn_s.2.loss_bbox: 0.0365  rpn_s.2.loss_giou: 0.3285  rpn_s.3.loss_cls: 0.2980  rpn_s.3.loss_bbox: 0.0339  rpn_s.3.loss_giou: 0.3066  s0.loss_cls: 0.3224  s0.pos_acc: 90.9091  s0.loss_bbox: 0.6333  s0.loss_iou: 1.0349  s1.loss_cls: 0.3297  s1.pos_acc: 90.9091  s1.loss_bbox: 0.6152  s1.loss_iou: 0.9933
2026/03/31 20:38:05 - mmengine - INFO - Epoch(train)  [3][ 7650/10002]  lr: 5.0000e-06  eta: 9:48:50  time: 0.3851  data_time: 0.0031  memory: 7330  grad_norm: 84.3760  loss: 7.8932  rpn_s.0.loss_cls: 0.5984  rpn_s.0.loss_bbox: 0.1017  rpn_s.0.loss_giou: 0.7945  rpn_s.1.loss_cls: 0.4096  rpn_s.1.loss_bbox: 0.0430  rpn_s.1.loss_giou: 0.4126  rpn_s.2.loss_cls: 0.3244  rpn_s.2.loss_bbox: 0.0359  rpn_s.2.loss_giou: 0.3589  rpn_s.3.loss_cls: 0.2793  rpn_s.3.loss_bbox: 0.0330  rpn_s.3.loss_giou: 0.3397  s0.loss_cls: 0.3155  s0.pos_acc: 78.1501  s0.loss_bbox: 0.6409  s0.loss_iou: 1.1201  s1.loss_cls: 0.3076  s1.pos_acc: 80.8311  s1.loss_bbox: 0.6998  s1.loss_iou: 1.0782
2026/03/31 20:38:24 - mmengine - INFO - Epoch(train)  [3][ 7700/10002]  lr: 5.0000e-06  eta: 9:48:33  time: 0.3936  data_time: 0.0030  memory: 7330  grad_norm: 104.0226  loss: 7.7471  rpn_s.0.loss_cls: 0.5579  rpn_s.0.loss_bbox: 0.1012  rpn_s.0.loss_giou: 0.7518  rpn_s.1.loss_cls: 0.3931  rpn_s.1.loss_bbox: 0.0494  rpn_s.1.loss_giou: 0.4220  rpn_s.2.loss_cls: 0.3159  rpn_s.2.loss_bbox: 0.0430  rpn_s.2.loss_giou: 0.3691  rpn_s.3.loss_cls: 0.2785  rpn_s.3.loss_bbox: 0.0398  rpn_s.3.loss_giou: 0.3530  s0.loss_cls: 0.2951  s0.pos_acc: 81.7073  s0.loss_bbox: 0.6077  s0.loss_iou: 1.1482  s1.loss_cls: 0.2905  s1.pos_acc: 80.4878  s1.loss_bbox: 0.6289  s1.loss_iou: 1.1021
2026/03/31 20:38:43 - mmengine - INFO - Epoch(train)  [3][ 7750/10002]  lr: 5.0000e-06  eta: 9:48:13  time: 0.3769  data_time: 0.0031  memory: 7329  grad_norm: 105.9472  loss: 7.4287  rpn_s.0.loss_cls: 0.5722  rpn_s.0.loss_bbox: 0.0927  rpn_s.0.loss_giou: 0.6967  rpn_s.1.loss_cls: 0.4009  rpn_s.1.loss_bbox: 0.0422  rpn_s.1.loss_giou: 0.3518  rpn_s.2.loss_cls: 0.3319  rpn_s.2.loss_bbox: 0.0352  rpn_s.2.loss_giou: 0.3054  rpn_s.3.loss_cls: 0.2839  rpn_s.3.loss_bbox: 0.0324  rpn_s.3.loss_giou: 0.2850  s0.loss_cls: 0.3264  s0.pos_acc: 100.0000  s0.loss_bbox: 0.7257  s0.loss_iou: 0.9540  s1.loss_cls: 0.3159  s1.pos_acc: 100.0000  s1.loss_bbox: 0.7549  s1.loss_iou: 0.9213
2026/03/31 20:39:02 - mmengine - INFO - Epoch(train)  [3][ 7800/10002]  lr: 5.0000e-06  eta: 9:47:53  time: 0.3793  data_time: 0.0031  memory: 7329  grad_norm: 85.6692  loss: 7.6081  rpn_s.0.loss_cls: 0.5866  rpn_s.0.loss_bbox: 0.0984  rpn_s.0.loss_giou: 0.7811  rpn_s.1.loss_cls: 0.4012  rpn_s.1.loss_bbox: 0.0434  rpn_s.1.loss_giou: 0.4080  rpn_s.2.loss_cls: 0.3177  rpn_s.2.loss_bbox: 0.0365  rpn_s.2.loss_giou: 0.3504  rpn_s.3.loss_cls: 0.2784  rpn_s.3.loss_bbox: 0.0341  rpn_s.3.loss_giou: 0.3316  s0.loss_cls: 0.3013  s0.pos_acc: 72.1003  s0.loss_bbox: 0.5672  s0.loss_iou: 1.1123  s1.loss_cls: 0.3013  s1.pos_acc: 74.1379  s1.loss_bbox: 0.5924  s1.loss_iou: 1.0662
2026/03/31 20:39:21 - mmengine - INFO - Epoch(train)  [3][ 7850/10002]  lr: 5.0000e-06  eta: 9:47:33  time: 0.3775  data_time: 0.0031  memory: 7329  grad_norm: 86.8832  loss: 7.6158  rpn_s.0.loss_cls: 0.6146  rpn_s.0.loss_bbox: 0.0954  rpn_s.0.loss_giou: 0.7488  rpn_s.1.loss_cls: 0.4244  rpn_s.1.loss_bbox: 0.0435  rpn_s.1.loss_giou: 0.3909  rpn_s.2.loss_cls: 0.3443  rpn_s.2.loss_bbox: 0.0354  rpn_s.2.loss_giou: 0.3386  rpn_s.3.loss_cls: 0.2949  rpn_s.3.loss_bbox: 0.0343  rpn_s.3.loss_giou: 0.3176  s0.loss_cls: 0.3408  s0.pos_acc: 93.7500  s0.loss_bbox: 0.6169  s0.loss_iou: 0.9987  s1.loss_cls: 0.3349  s1.pos_acc: 100.0000  s1.loss_bbox: 0.6821  s1.loss_iou: 0.9597
2026/03/31 20:39:40 - mmengine - INFO - Epoch(train)  [3][ 7900/10002]  lr: 5.0000e-06  eta: 9:47:14  time: 0.3802  data_time: 0.0031  memory: 7329  grad_norm: 86.8065  loss: 8.2125  rpn_s.0.loss_cls: 0.6267  rpn_s.0.loss_bbox: 0.1004  rpn_s.0.loss_giou: 0.8257  rpn_s.1.loss_cls: 0.4310  rpn_s.1.loss_bbox: 0.0465  rpn_s.1.loss_giou: 0.4329  rpn_s.2.loss_cls: 0.3606  rpn_s.2.loss_bbox: 0.0394  rpn_s.2.loss_giou: 0.3762  rpn_s.3.loss_cls: 0.3258  rpn_s.3.loss_bbox: 0.0371  rpn_s.3.loss_giou: 0.3591  s0.loss_cls: 0.3645  s0.pos_acc: 77.7778  s0.loss_bbox: 0.5781  s0.loss_iou: 1.1699  s1.loss_cls: 0.3685  s1.pos_acc: 80.0000  s1.loss_bbox: 0.6367  s1.loss_iou: 1.1332
2026/03/31 20:39:59 - mmengine - INFO - Epoch(train)  [3][ 7950/10002]  lr: 5.0000e-06  eta: 9:46:54  time: 0.3761  data_time: 0.0031  memory: 7329  grad_norm: 85.8735  loss: 7.4090  rpn_s.0.loss_cls: 0.6023  rpn_s.0.loss_bbox: 0.0860  rpn_s.0.loss_giou: 0.7129  rpn_s.1.loss_cls: 0.4032  rpn_s.1.loss_bbox: 0.0369  rpn_s.1.loss_giou: 0.3655  rpn_s.2.loss_cls: 0.3176  rpn_s.2.loss_bbox: 0.0315  rpn_s.2.loss_giou: 0.3223  rpn_s.3.loss_cls: 0.2804  rpn_s.3.loss_bbox: 0.0297  rpn_s.3.loss_giou: 0.3089  s0.loss_cls: 0.3094  s0.pos_acc: 75.5556  s0.loss_bbox: 0.6065  s0.loss_iou: 1.0330  s1.loss_cls: 0.2994  s1.pos_acc: 75.5556  s1.loss_bbox: 0.6734  s1.loss_iou: 0.9901
2026/03/31 20:40:16 - mmengine - INFO - Exp name: GSDet_r50_b900_h2h4_h2r1_r2r1_2x_fair1m1.0_20260331_165920
2026/03/31 20:40:18 - mmengine - INFO - Epoch(train)  [3][ 8000/10002]  lr: 5.0000e-06  eta: 9:46:34  time: 0.3804  data_time: 0.0031  memory: 7330  grad_norm: 98.5869  loss: 8.3631  rpn_s.0.loss_cls: 0.6118  rpn_s.0.loss_bbox: 0.1014  rpn_s.0.loss_giou: 0.7533  rpn_s.1.loss_cls: 0.4442  rpn_s.1.loss_bbox: 0.0544  rpn_s.1.loss_giou: 0.4266  rpn_s.2.loss_cls: 0.3696  rpn_s.2.loss_bbox: 0.0486  rpn_s.2.loss_giou: 0.3794  rpn_s.3.loss_cls: 0.3328  rpn_s.3.loss_bbox: 0.0445  rpn_s.3.loss_giou: 0.3555  s0.loss_cls: 0.3898  s0.pos_acc: 73.3333  s0.loss_bbox: 0.6813  s0.loss_iou: 1.1508  s1.loss_cls: 0.3771  s1.pos_acc: 73.3333  s1.loss_bbox: 0.7458  s1.loss_iou: 1.0961
2026/03/31 20:40:37 - mmengine - INFO - Epoch(train)  [3][ 8050/10002]  lr: 5.0000e-06  eta: 9:46:14  time: 0.3761  data_time: 0.0031  memory: 7329  grad_norm: 89.0884  loss: 7.6135  rpn_s.0.loss_cls: 0.5910  rpn_s.0.loss_bbox: 0.0927  rpn_s.0.loss_giou: 0.7447  rpn_s.1.loss_cls: 0.4169  rpn_s.1.loss_bbox: 0.0409  rpn_s.1.loss_giou: 0.3847  rpn_s.2.loss_cls: 0.3465  rpn_s.2.loss_bbox: 0.0360  rpn_s.2.loss_giou: 0.3372  rpn_s.3.loss_cls: 0.3148  rpn_s.3.loss_bbox: 0.0336  rpn_s.3.loss_giou: 0.3219  s0.loss_cls: 0.3554  s0.pos_acc: 84.6154  s0.loss_bbox: 0.5658  s0.loss_iou: 1.0484  s1.loss_cls: 0.3590  s1.pos_acc: 80.7692  s1.loss_bbox: 0.6117  s1.loss_iou: 1.0124
2026/03/31 20:40:55 - mmengine - INFO - Epoch(train)  [3][ 8100/10002]  lr: 5.0000e-06  eta: 9:45:54  time: 0.3775  data_time: 0.0031  memory: 7329  grad_norm: 91.1037  loss: 7.6063  rpn_s.0.loss_cls: 0.5853  rpn_s.0.loss_bbox: 0.0957  rpn_s.0.loss_giou: 0.7214  rpn_s.1.loss_cls: 0.4147  rpn_s.1.loss_bbox: 0.0438  rpn_s.1.loss_giou: 0.3871  rpn_s.2.loss_cls: 0.3333  rpn_s.2.loss_bbox: 0.0394  rpn_s.2.loss_giou: 0.3490  rpn_s.3.loss_cls: 0.3001  rpn_s.3.loss_bbox: 0.0362  rpn_s.3.loss_giou: 0.3281  s0.loss_cls: 0.3370  s0.pos_acc: 87.5000  s0.loss_bbox: 0.5940  s0.loss_iou: 1.0794  s1.loss_cls: 0.3290  s1.pos_acc: 100.0000  s1.loss_bbox: 0.6102  s1.loss_iou: 1.0227
2026/03/31 20:41:14 - mmengine - INFO - Epoch(train)  [3][ 8150/10002]  lr: 5.0000e-06  eta: 9:45:34  time: 0.3788  data_time: 0.0031  memory: 7329  grad_norm: 88.1454  loss: 8.1663  rpn_s.0.loss_cls: 0.6585  rpn_s.0.loss_bbox: 0.1000  rpn_s.0.loss_giou: 0.8132  rpn_s.1.loss_cls: 0.4494  rpn_s.1.loss_bbox: 0.0431  rpn_s.1.loss_giou: 0.4139  rpn_s.2.loss_cls: 0.3694  rpn_s.2.loss_bbox: 0.0367  rpn_s.2.loss_giou: 0.3587  rpn_s.3.loss_cls: 0.3363  rpn_s.3.loss_bbox: 0.0336  rpn_s.3.loss_giou: 0.3371  s0.loss_cls: 0.3703  s0.pos_acc: 81.1321  s0.loss_bbox: 0.6588  s0.loss_iou: 1.0915  s1.loss_cls: 0.3576  s1.pos_acc: 84.9057  s1.loss_bbox: 0.6922  s1.loss_iou: 1.0461
2026/03/31 20:41:33 - mmengine - INFO - Epoch(train)  [3][ 8200/10002]  lr: 5.0000e-06  eta: 9:45:15  time: 0.3786  data_time: 0.0031  memory: 7329  grad_norm: 102.0844  loss: 7.6614  rpn_s.0.loss_cls: 0.5907  rpn_s.0.loss_bbox: 0.0995  rpn_s.0.loss_giou: 0.7318  rpn_s.1.loss_cls: 0.4073  rpn_s.1.loss_bbox: 0.0447  rpn_s.1.loss_giou: 0.3702  rpn_s.2.loss_cls: 0.3386  rpn_s.2.loss_bbox: 0.0398  rpn_s.2.loss_giou: 0.3303  rpn_s.3.loss_cls: 0.2995  rpn_s.3.loss_bbox: 0.0384  rpn_s.3.loss_giou: 0.3180  s0.loss_cls: 0.3301  s0.pos_acc: 89.2857  s0.loss_bbox: 0.6201  s0.loss_iou: 1.0738  s1.loss_cls: 0.3335  s1.pos_acc: 85.7143  s1.loss_bbox: 0.6704  s1.loss_iou: 1.0247
2026/03/31 20:41:52 - mmengine - INFO - Epoch(train)  [3][ 8250/10002]  lr: 5.0000e-06  eta: 9:44:55  time: 0.3826  data_time: 0.0031  memory: 7330  grad_norm: 100.3546  loss: 8.1400  rpn_s.0.loss_cls: 0.6065  rpn_s.0.loss_bbox: 0.1015  rpn_s.0.loss_giou: 0.7437  rpn_s.1.loss_cls: 0.4357  rpn_s.1.loss_bbox: 0.0499  rpn_s.1.loss_giou: 0.4140  rpn_s.2.loss_cls: 0.3515  rpn_s.2.loss_bbox: 0.0423  rpn_s.2.loss_giou: 0.3681  rpn_s.3.loss_cls: 0.3132  rpn_s.3.loss_bbox: 0.0383  rpn_s.3.loss_giou: 0.3453  s0.loss_cls: 0.3378  s0.pos_acc: 78.5714  s0.loss_bbox: 0.6524  s0.loss_iou: 1.1741  s1.loss_cls: 0.3395  s1.pos_acc: 79.5918  s1.loss_bbox: 0.7000  s1.loss_iou: 1.1262
2026/03/31 20:42:12 - mmengine - INFO - Epoch(train)  [3][ 8300/10002]  lr: 5.0000e-06  eta: 9:44:37  time: 0.3848  data_time: 0.0031  memory: 7329  grad_norm: 96.1517  loss: 7.3700  rpn_s.0.loss_cls: 0.5799  rpn_s.0.loss_bbox: 0.0916  rpn_s.0.loss_giou: 0.6523  rpn_s.1.loss_cls: 0.4143  rpn_s.1.loss_bbox: 0.0450  rpn_s.1.loss_giou: 0.3548  rpn_s.2.loss_cls: 0.3418  rpn_s.2.loss_bbox: 0.0379  rpn_s.2.loss_giou: 0.3114  rpn_s.3.loss_cls: 0.3097  rpn_s.3.loss_bbox: 0.0346  rpn_s.3.loss_giou: 0.2884  s0.loss_cls: 0.3658  s0.pos_acc: 100.0000  s0.loss_bbox: 0.5819  s0.loss_iou: 1.0163  s1.loss_cls: 0.3566  s1.pos_acc: 100.0000  s1.loss_bbox: 0.6100  s1.loss_iou: 0.9776
2026/03/31 20:42:31 - mmengine - INFO - Epoch(train)  [3][ 8350/10002]  lr: 5.0000e-06  eta: 9:44:17  time: 0.3787  data_time: 0.0031  memory: 7329  grad_norm: 83.9333  loss: 7.6728  rpn_s.0.loss_cls: 0.6261  rpn_s.0.loss_bbox: 0.0973  rpn_s.0.loss_giou: 0.7223  rpn_s.1.loss_cls: 0.4471  rpn_s.1.loss_bbox: 0.0445  rpn_s.1.loss_giou: 0.3890  rpn_s.2.loss_cls: 0.3584  rpn_s.2.loss_bbox: 0.0395  rpn_s.2.loss_giou: 0.3405  rpn_s.3.loss_cls: 0.3188  rpn_s.3.loss_bbox: 0.0358  rpn_s.3.loss_giou: 0.3185  s0.loss_cls: 0.3595  s0.pos_acc: 100.0000  s0.loss_bbox: 0.5560  s0.loss_iou: 1.0560  s1.loss_cls: 0.3571  s1.pos_acc: 100.0000  s1.loss_bbox: 0.6005  s1.loss_iou: 1.0058
2026/03/31 20:42:50 - mmengine - INFO - Epoch(train)  [3][ 8400/10002]  lr: 5.0000e-06  eta: 9:43:57  time: 0.3788  data_time: 0.0031  memory: 7329  grad_norm: 102.3451  loss: 7.4765  rpn_s.0.loss_cls: 0.6153  rpn_s.0.loss_bbox: 0.0980  rpn_s.0.loss_giou: 0.7199  rpn_s.1.loss_cls: 0.4097  rpn_s.1.loss_bbox: 0.0464  rpn_s.1.loss_giou: 0.3652  rpn_s.2.loss_cls: 0.3240  rpn_s.2.loss_bbox: 0.0405  rpn_s.2.loss_giou: 0.3258  rpn_s.3.loss_cls: 0.2929  rpn_s.3.loss_bbox: 0.0379  rpn_s.3.loss_giou: 0.3071  s0.loss_cls: 0.3384  s0.pos_acc: 88.7755  s0.loss_bbox: 0.6444  s0.loss_iou: 0.9667  s1.loss_cls: 0.3203  s1.pos_acc: 88.7755  s1.loss_bbox: 0.7041  s1.loss_iou: 0.9200
2026/03/31 20:43:09 - mmengine - INFO - Epoch(train)  [3][ 8450/10002]  lr: 5.0000e-06  eta: 9:43:38  time: 0.3839  data_time: 0.0030  memory: 7329  grad_norm: 81.1011  loss: 8.3438  rpn_s.0.loss_cls: 0.6356  rpn_s.0.loss_bbox: 0.1093  rpn_s.0.loss_giou: 0.8269  rpn_s.1.loss_cls: 0.4459  rpn_s.1.loss_bbox: 0.0483  rpn_s.1.loss_giou: 0.4230  rpn_s.2.loss_cls: 0.3672  rpn_s.2.loss_bbox: 0.0417  rpn_s.2.loss_giou: 0.3705  rpn_s.3.loss_cls: 0.3315  rpn_s.3.loss_bbox: 0.0373  rpn_s.3.loss_giou: 0.3498  s0.loss_cls: 0.3723  s0.pos_acc: 80.4348  s0.loss_bbox: 0.6278  s0.loss_iou: 1.1924  s1.loss_cls: 0.3591  s1.pos_acc: 82.6087  s1.loss_bbox: 0.6482  s1.loss_iou: 1.1570
2026/03/31 20:43:28 - mmengine - INFO - Epoch(train)  [3][ 8500/10002]  lr: 5.0000e-06  eta: 9:43:18  time: 0.3754  data_time: 0.0031  memory: 7329  grad_norm: 98.5885  loss: 7.7026  rpn_s.0.loss_cls: 0.6031  rpn_s.0.loss_bbox: 0.0913  rpn_s.0.loss_giou: 0.7226  rpn_s.1.loss_cls: 0.4312  rpn_s.1.loss_bbox: 0.0415  rpn_s.1.loss_giou: 0.3817  rpn_s.2.loss_cls: 0.3448  rpn_s.2.loss_bbox: 0.0361  rpn_s.2.loss_giou: 0.3359  rpn_s.3.loss_cls: 0.3067  rpn_s.3.loss_bbox: 0.0335  rpn_s.3.loss_giou: 0.3192  s0.loss_cls: 0.3395  s0.pos_acc: 64.2857  s0.loss_bbox: 0.6407  s0.loss_iou: 1.0568  s1.loss_cls: 0.3282  s1.pos_acc: 69.0476  s1.loss_bbox: 0.6698  s1.loss_iou: 1.0200
2026/03/31 20:43:46 - mmengine - INFO - Epoch(train)  [3][ 8550/10002]  lr: 5.0000e-06  eta: 9:42:58  time: 0.3765  data_time: 0.0031  memory: 7329  grad_norm: 85.7164  loss: 8.0482  rpn_s.0.loss_cls: 0.6192  rpn_s.0.loss_bbox: 0.1036  rpn_s.0.loss_giou: 0.7808  rpn_s.1.loss_cls: 0.4308  rpn_s.1.loss_bbox: 0.0482  rpn_s.1.loss_giou: 0.4037  rpn_s.2.loss_cls: 0.3558  rpn_s.2.loss_bbox: 0.0432  rpn_s.2.loss_giou: 0.3578  rpn_s.3.loss_cls: 0.3142  rpn_s.3.loss_bbox: 0.0393  rpn_s.3.loss_giou: 0.3368  s0.loss_cls: 0.3466  s0.pos_acc: 71.8750  s0.loss_bbox: 0.6580  s0.loss_iou: 1.1057  s1.loss_cls: 0.3523  s1.pos_acc: 63.5417  s1.loss_bbox: 0.6857  s1.loss_iou: 1.0664
2026/03/31 20:44:06 - mmengine - INFO - Epoch(train)  [3][ 8600/10002]  lr: 5.0000e-06  eta: 9:42:39  time: 0.3835  data_time: 0.0031  memory: 7329  grad_norm: 100.4119  loss: 7.8574  rpn_s.0.loss_cls: 0.6062  rpn_s.0.loss_bbox: 0.0990  rpn_s.0.loss_giou: 0.7873  rpn_s.1.loss_cls: 0.4075  rpn_s.1.loss_bbox: 0.0463  rpn_s.1.loss_giou: 0.4024  rpn_s.2.loss_cls: 0.3373  rpn_s.2.loss_bbox: 0.0385  rpn_s.2.loss_giou: 0.3511  rpn_s.3.loss_cls: 0.2988  rpn_s.3.loss_bbox: 0.0354  rpn_s.3.loss_giou: 0.3298  s0.loss_cls: 0.3163  s0.pos_acc: 76.4706  s0.loss_bbox: 0.6366  s0.loss_iou: 1.1277  s1.loss_cls: 0.3088  s1.pos_acc: 76.4706  s1.loss_bbox: 0.6469  s1.loss_iou: 1.0815
2026/03/31 20:44:24 - mmengine - INFO - Epoch(train)  [3][ 8650/10002]  lr: 5.0000e-06  eta: 9:42:19  time: 0.3745  data_time: 0.0031  memory: 7329  grad_norm: 99.8954  loss: 7.5247  rpn_s.0.loss_cls: 0.5711  rpn_s.0.loss_bbox: 0.0978  rpn_s.0.loss_giou: 0.7312  rpn_s.1.loss_cls: 0.3828  rpn_s.1.loss_bbox: 0.0470  rpn_s.1.loss_giou: 0.3950  rpn_s.2.loss_cls: 0.2897  rpn_s.2.loss_bbox: 0.0409  rpn_s.2.loss_giou: 0.3489  rpn_s.3.loss_cls: 0.2550  rpn_s.3.loss_bbox: 0.0382  rpn_s.3.loss_giou: 0.3293  s0.loss_cls: 0.2926  s0.pos_acc: 94.2308  s0.loss_bbox: 0.6418  s0.loss_iou: 1.0682  s1.loss_cls: 0.2943  s1.pos_acc: 92.3077  s1.loss_bbox: 0.6667  s1.loss_iou: 1.0342
2026/03/31 20:44:43 - mmengine - INFO - Epoch(train)  [3][ 8700/10002]  lr: 5.0000e-06  eta: 9:41:59  time: 0.3796  data_time: 0.0032  memory: 7329  grad_norm: 83.1569  loss: 8.2716  rpn_s.0.loss_cls: 0.6215  rpn_s.0.loss_bbox: 0.1018  rpn_s.0.loss_giou: 0.8042  rpn_s.1.loss_cls: 0.4277  rpn_s.1.loss_bbox: 0.0494  rpn_s.1.loss_giou: 0.4197  rpn_s.2.loss_cls: 0.3513  rpn_s.2.loss_bbox: 0.0421  rpn_s.2.loss_giou: 0.3650  rpn_s.3.loss_cls: 0.3133  rpn_s.3.loss_bbox: 0.0396  rpn_s.3.loss_giou: 0.3452  s0.loss_cls: 0.3609  s0.pos_acc: 62.5000  s0.loss_bbox: 0.6366  s0.loss_iou: 1.2079  s1.loss_cls: 0.3456  s1.pos_acc: 87.5000  s1.loss_bbox: 0.6834  s1.loss_iou: 1.1563
2026/03/31 20:45:02 - mmengine - INFO - Epoch(train)  [3][ 8750/10002]  lr: 5.0000e-06  eta: 9:41:40  time: 0.3840  data_time: 0.0032  memory: 7329  grad_norm: 104.4633  loss: 8.1162  rpn_s.0.loss_cls: 0.6183  rpn_s.0.loss_bbox: 0.0975  rpn_s.0.loss_giou: 0.8336  rpn_s.1.loss_cls: 0.4238  rpn_s.1.loss_bbox: 0.0432  rpn_s.1.loss_giou: 0.4298  rpn_s.2.loss_cls: 0.3434  rpn_s.2.loss_bbox: 0.0374  rpn_s.2.loss_giou: 0.3742  rpn_s.3.loss_cls: 0.3140  rpn_s.3.loss_bbox: 0.0348  rpn_s.3.loss_giou: 0.3591  s0.loss_cls: 0.3464  s0.pos_acc: 100.0000  s0.loss_bbox: 0.5890  s0.loss_iou: 1.1540  s1.loss_cls: 0.3433  s1.pos_acc: 100.0000  s1.loss_bbox: 0.6495  s1.loss_iou: 1.1248
2026/03/31 20:45:21 - mmengine - INFO - Epoch(train)  [3][ 8800/10002]  lr: 5.0000e-06  eta: 9:41:21  time: 0.3787  data_time: 0.0032  memory: 7329  grad_norm: 89.6184  loss: 7.9765  rpn_s.0.loss_cls: 0.6202  rpn_s.0.loss_bbox: 0.1042  rpn_s.0.loss_giou: 0.8045  rpn_s.1.loss_cls: 0.4223  rpn_s.1.loss_bbox: 0.0461  rpn_s.1.loss_giou: 0.4111  rpn_s.2.loss_cls: 0.3446  rpn_s.2.loss_bbox: 0.0400  rpn_s.2.loss_giou: 0.3588  rpn_s.3.loss_cls: 0.3132  rpn_s.3.loss_bbox: 0.0364  rpn_s.3.loss_giou: 0.3327  s0.loss_cls: 0.3308  s0.pos_acc: 70.5882  s0.loss_bbox: 0.6429  s0.loss_iou: 1.1103  s1.loss_cls: 0.3152  s1.pos_acc: 79.4118  s1.loss_bbox: 0.6793  s1.loss_iou: 1.0640
2026/03/31 20:45:40 - mmengine - INFO - Epoch(train)  [3][ 8850/10002]  lr: 5.0000e-06  eta: 9:41:00  time: 0.3744  data_time: 0.0031  memory: 7329  grad_norm: 90.4655  loss: 8.6741  rpn_s.0.loss_cls: 0.6578  rpn_s.0.loss_bbox: 0.0974  rpn_s.0.loss_giou: 0.8708  rpn_s.1.loss_cls: 0.4476  rpn_s.1.loss_bbox: 0.0411  rpn_s.1.loss_giou: 0.4351  rpn_s.2.loss_cls: 0.3891  rpn_s.2.loss_bbox: 0.0366  rpn_s.2.loss_giou: 0.3923  rpn_s.3.loss_cls: 0.3365  rpn_s.3.loss_bbox: 0.0328  rpn_s.3.loss_giou: 0.3644  s0.loss_cls: 0.3758  s0.pos_acc: 75.0000  s0.loss_bbox: 0.6683  s0.loss_iou: 1.1917  s1.loss_cls: 0.3783  s1.pos_acc: 75.0000  s1.loss_bbox: 0.7989  s1.loss_iou: 1.1597
2026/03/31 20:45:59 - mmengine - INFO - Epoch(train)  [3][ 8900/10002]  lr: 5.0000e-06  eta: 9:40:40  time: 0.3744  data_time: 0.0032  memory: 7329  grad_norm: 105.0555  loss: 7.5353  rpn_s.0.loss_cls: 0.5967  rpn_s.0.loss_bbox: 0.1032  rpn_s.0.loss_giou: 0.7017  rpn_s.1.loss_cls: 0.4028  rpn_s.1.loss_bbox: 0.0466  rpn_s.1.loss_giou: 0.3635  rpn_s.2.loss_cls: 0.3169  rpn_s.2.loss_bbox: 0.0391  rpn_s.2.loss_giou: 0.3118  rpn_s.3.loss_cls: 0.2754  rpn_s.3.loss_bbox: 0.0382  rpn_s.3.loss_giou: 0.3011  s0.loss_cls: 0.3105  s0.pos_acc: 74.1379  s0.loss_bbox: 0.6989  s0.loss_iou: 1.0188  s1.loss_cls: 0.3153  s1.pos_acc: 78.7356  s1.loss_bbox: 0.7354  s1.loss_iou: 0.9595
2026/03/31 20:46:18 - mmengine - INFO - Epoch(train)  [3][ 8950/10002]  lr: 5.0000e-06  eta: 9:40:21  time: 0.3809  data_time: 0.0032  memory: 7330  grad_norm: 98.3056  loss: 7.4031  rpn_s.0.loss_cls: 0.5970  rpn_s.0.loss_bbox: 0.0931  rpn_s.0.loss_giou: 0.6875  rpn_s.1.loss_cls: 0.4192  rpn_s.1.loss_bbox: 0.0419  rpn_s.1.loss_giou: 0.3578  rpn_s.2.loss_cls: 0.3272  rpn_s.2.loss_bbox: 0.0369  rpn_s.2.loss_giou: 0.3158  rpn_s.3.loss_cls: 0.2946  rpn_s.3.loss_bbox: 0.0344  rpn_s.3.loss_giou: 0.2978  s0.loss_cls: 0.3278  s0.pos_acc: 86.8421  s0.loss_bbox: 0.6718  s0.loss_iou: 0.9568  s1.loss_cls: 0.3349  s1.pos_acc: 92.1053  s1.loss_bbox: 0.6965  s1.loss_iou: 0.9121
2026/03/31 20:46:36 - mmengine - INFO - Exp name: GSDet_r50_b900_h2h4_h2r1_r2r1_2x_fair1m1.0_20260331_165920
2026/03/31 20:46:37 - mmengine - INFO - Epoch(train)  [3][ 9000/10002]  lr: 5.0000e-06  eta: 9:40:02  time: 0.3875  data_time: 0.0032  memory: 7330  grad_norm: 110.8786  loss: 7.8100  rpn_s.0.loss_cls: 0.6009  rpn_s.0.loss_bbox: 0.1022  rpn_s.0.loss_giou: 0.7442  rpn_s.1.loss_cls: 0.4188  rpn_s.1.loss_bbox: 0.0488  rpn_s.1.loss_giou: 0.3992  rpn_s.2.loss_cls: 0.3390  rpn_s.2.loss_bbox: 0.0415  rpn_s.2.loss_giou: 0.3496  rpn_s.3.loss_cls: 0.3057  rpn_s.3.loss_bbox: 0.0377  rpn_s.3.loss_giou: 0.3270  s0.loss_cls: 0.3488  s0.pos_acc: 83.3333  s0.loss_bbox: 0.5940  s0.loss_iou: 1.1135  s1.loss_cls: 0.3378  s1.pos_acc: 83.3333  s1.loss_bbox: 0.6264  s1.loss_iou: 1.0747
2026/03/31 20:46:56 - mmengine - INFO - Epoch(train)  [3][ 9050/10002]  lr: 5.0000e-06  eta: 9:39:42  time: 0.3766  data_time: 0.0032  memory: 7329  grad_norm: 110.7570  loss: 7.7051  rpn_s.0.loss_cls: 0.5774  rpn_s.0.loss_bbox: 0.0972  rpn_s.0.loss_giou: 0.7486  rpn_s.1.loss_cls: 0.4019  rpn_s.1.loss_bbox: 0.0501  rpn_s.1.loss_giou: 0.4074  rpn_s.2.loss_cls: 0.3103  rpn_s.2.loss_bbox: 0.0464  rpn_s.2.loss_giou: 0.3685  rpn_s.3.loss_cls: 0.2725  rpn_s.3.loss_bbox: 0.0424  rpn_s.3.loss_giou: 0.3460  s0.loss_cls: 0.3126  s0.pos_acc: 100.0000  s0.loss_bbox: 0.5704  s0.loss_iou: 1.1408  s1.loss_cls: 0.3157  s1.pos_acc: 100.0000  s1.loss_bbox: 0.6064  s1.loss_iou: 1.0908
2026/03/31 20:47:15 - mmengine - INFO - Epoch(train)  [3][ 9100/10002]  lr: 5.0000e-06  eta: 9:39:23  time: 0.3819  data_time: 0.0032  memory: 7329  grad_norm: 78.0169  loss: 8.3040  rpn_s.0.loss_cls: 0.6531  rpn_s.0.loss_bbox: 0.1001  rpn_s.0.loss_giou: 0.8376  rpn_s.1.loss_cls: 0.4549  rpn_s.1.loss_bbox: 0.0423  rpn_s.1.loss_giou: 0.4227  rpn_s.2.loss_cls: 0.3667  rpn_s.2.loss_bbox: 0.0358  rpn_s.2.loss_giou: 0.3634  rpn_s.3.loss_cls: 0.3285  rpn_s.3.loss_bbox: 0.0329  rpn_s.3.loss_giou: 0.3402  s0.loss_cls: 0.3671  s0.pos_acc: 78.5714  s0.loss_bbox: 0.6243  s0.loss_iou: 1.1830  s1.loss_cls: 0.3556  s1.pos_acc: 85.7143  s1.loss_bbox: 0.6529  s1.loss_iou: 1.1427
2026/03/31 20:47:34 - mmengine - INFO - Epoch(train)  [3][ 9150/10002]  lr: 5.0000e-06  eta: 9:39:04  time: 0.3805  data_time: 0.0031  memory: 7329  grad_norm: 85.5881  loss: 7.8163  rpn_s.0.loss_cls: 0.6235  rpn_s.0.loss_bbox: 0.0977  rpn_s.0.loss_giou: 0.8165  rpn_s.1.loss_cls: 0.4319  rpn_s.1.loss_bbox: 0.0411  rpn_s.1.loss_giou: 0.4120  rpn_s.2.loss_cls: 0.3487  rpn_s.2.loss_bbox: 0.0333  rpn_s.2.loss_giou: 0.3493  rpn_s.3.loss_cls: 0.3188  rpn_s.3.loss_bbox: 0.0305  rpn_s.3.loss_giou: 0.3267  s0.loss_cls: 0.3511  s0.pos_acc: 70.9459  s0.loss_bbox: 0.5394  s0.loss_iou: 1.0985  s1.loss_cls: 0.3484  s1.pos_acc: 83.1081  s1.loss_bbox: 0.5989  s1.loss_iou: 1.0500
2026/03/31 20:47:53 - mmengine - INFO - Epoch(train)  [3][ 9200/10002]  lr: 5.0000e-06  eta: 9:38:44  time: 0.3765  data_time: 0.0031  memory: 7329  grad_norm: 116.9717  loss: 8.4285  rpn_s.0.loss_cls: 0.6402  rpn_s.0.loss_bbox: 0.1031  rpn_s.0.loss_giou: 0.8209  rpn_s.1.loss_cls: 0.4486  rpn_s.1.loss_bbox: 0.0449  rpn_s.1.loss_giou: 0.4124  rpn_s.2.loss_cls: 0.3855  rpn_s.2.loss_bbox: 0.0380  rpn_s.2.loss_giou: 0.3655  rpn_s.3.loss_cls: 0.3504  rpn_s.3.loss_bbox: 0.0345  rpn_s.3.loss_giou: 0.3440  s0.loss_cls: 0.3892  s0.pos_acc: 100.0000  s0.loss_bbox: 0.7026  s0.loss_iou: 1.1312  s1.loss_cls: 0.3845  s1.pos_acc: 100.0000  s1.loss_bbox: 0.7450  s1.loss_iou: 1.0878
2026/03/31 20:48:12 - mmengine - INFO - Epoch(train)  [3][ 9250/10002]  lr: 5.0000e-06  eta: 9:38:24  time: 0.3801  data_time: 0.0032  memory: 7329  grad_norm: 86.5657  loss: 8.0160  rpn_s.0.loss_cls: 0.5736  rpn_s.0.loss_bbox: 0.1039  rpn_s.0.loss_giou: 0.7845  rpn_s.1.loss_cls: 0.4054  rpn_s.1.loss_bbox: 0.0496  rpn_s.1.loss_giou: 0.4125  rpn_s.2.loss_cls: 0.3247  rpn_s.2.loss_bbox: 0.0430  rpn_s.2.loss_giou: 0.3543  rpn_s.3.loss_cls: 0.2829  rpn_s.3.loss_bbox: 0.0407  rpn_s.3.loss_giou: 0.3366  s0.loss_cls: 0.3281  s0.pos_acc: 76.0000  s0.loss_bbox: 0.6933  s0.loss_iou: 1.1398  s1.loss_cls: 0.3261  s1.pos_acc: 84.0000  s1.loss_bbox: 0.7374  s1.loss_iou: 1.0798
2026/03/31 20:48:31 - mmengine - INFO - Epoch(train)  [3][ 9300/10002]  lr: 5.0000e-06  eta: 9:38:04  time: 0.3780  data_time: 0.0032  memory: 7329  grad_norm: 96.1679  loss: 7.8860  rpn_s.0.loss_cls: 0.5899  rpn_s.0.loss_bbox: 0.1040  rpn_s.0.loss_giou: 0.7647  rpn_s.1.loss_cls: 0.4059  rpn_s.1.loss_bbox: 0.0491  rpn_s.1.loss_giou: 0.4049  rpn_s.2.loss_cls: 0.3417  rpn_s.2.loss_bbox: 0.0424  rpn_s.2.loss_giou: 0.3625  rpn_s.3.loss_cls: 0.2994  rpn_s.3.loss_bbox: 0.0386  rpn_s.3.loss_giou: 0.3414  s0.loss_cls: 0.3417  s0.pos_acc: 63.2143  s0.loss_bbox: 0.6226  s0.loss_iou: 1.1082  s1.loss_cls: 0.3258  s1.pos_acc: 67.5000  s1.loss_bbox: 0.6785  s1.loss_iou: 1.0648
2026/03/31 20:48:50 - mmengine - INFO - Epoch(train)  [3][ 9350/10002]  lr: 5.0000e-06  eta: 9:37:45  time: 0.3800  data_time: 0.0032  memory: 7329  grad_norm: 89.9799  loss: 7.7697  rpn_s.0.loss_cls: 0.6308  rpn_s.0.loss_bbox: 0.0925  rpn_s.0.loss_giou: 0.7691  rpn_s.1.loss_cls: 0.4241  rpn_s.1.loss_bbox: 0.0403  rpn_s.1.loss_giou: 0.3877  rpn_s.2.loss_cls: 0.3492  rpn_s.2.loss_bbox: 0.0346  rpn_s.2.loss_giou: 0.3360  rpn_s.3.loss_cls: 0.3117  rpn_s.3.loss_bbox: 0.0313  rpn_s.3.loss_giou: 0.3170  s0.loss_cls: 0.3358  s0.pos_acc: 83.3333  s0.loss_bbox: 0.5821  s0.loss_iou: 1.1076  s1.loss_cls: 0.3356  s1.pos_acc: 83.3333  s1.loss_bbox: 0.6252  s1.loss_iou: 1.0590
2026/03/31 20:49:09 - mmengine - INFO - Epoch(train)  [3][ 9400/10002]  lr: 5.0000e-06  eta: 9:37:25  time: 0.3794  data_time: 0.0032  memory: 7329  grad_norm: 103.0210  loss: 8.4285  rpn_s.0.loss_cls: 0.6481  rpn_s.0.loss_bbox: 0.0974  rpn_s.0.loss_giou: 0.8429  rpn_s.1.loss_cls: 0.4377  rpn_s.1.loss_bbox: 0.0438  rpn_s.1.loss_giou: 0.4343  rpn_s.2.loss_cls: 0.3613  rpn_s.2.loss_bbox: 0.0392  rpn_s.2.loss_giou: 0.3880  rpn_s.3.loss_cls: 0.3268  rpn_s.3.loss_bbox: 0.0330  rpn_s.3.loss_giou: 0.3595  s0.loss_cls: 0.3426  s0.pos_acc: 71.7105  s0.loss_bbox: 0.6431  s0.loss_iou: 1.2016  s1.loss_cls: 0.3418  s1.pos_acc: 78.2895  s1.loss_bbox: 0.7277  s1.loss_iou: 1.1597
2026/03/31 20:49:28 - mmengine - INFO - Epoch(train)  [3][ 9450/10002]  lr: 5.0000e-06  eta: 9:37:06  time: 0.3819  data_time: 0.0032  memory: 7329  grad_norm: 113.9962  loss: 7.9430  rpn_s.0.loss_cls: 0.6037  rpn_s.0.loss_bbox: 0.1010  rpn_s.0.loss_giou: 0.7591  rpn_s.1.loss_cls: 0.4146  rpn_s.1.loss_bbox: 0.0498  rpn_s.1.loss_giou: 0.4055  rpn_s.2.loss_cls: 0.3402  rpn_s.2.loss_bbox: 0.0440  rpn_s.2.loss_giou: 0.3563  rpn_s.3.loss_cls: 0.3032  rpn_s.3.loss_bbox: 0.0400  rpn_s.3.loss_giou: 0.3340  s0.loss_cls: 0.3358  s0.pos_acc: 76.0870  s0.loss_bbox: 0.6503  s0.loss_iou: 1.1006  s1.loss_cls: 0.3389  s1.pos_acc: 76.0870  s1.loss_bbox: 0.6976  s1.loss_iou: 1.0685
2026/03/31 20:49:47 - mmengine - INFO - Epoch(train)  [3][ 9500/10002]  lr: 5.0000e-06  eta: 9:36:47  time: 0.3795  data_time: 0.0032  memory: 7330  grad_norm: 88.8589  loss: 8.0991  rpn_s.0.loss_cls: 0.6151  rpn_s.0.loss_bbox: 0.0966  rpn_s.0.loss_giou: 0.7803  rpn_s.1.loss_cls: 0.4230  rpn_s.1.loss_bbox: 0.0477  rpn_s.1.loss_giou: 0.4262  rpn_s.2.loss_cls: 0.3459  rpn_s.2.loss_bbox: 0.0414  rpn_s.2.loss_giou: 0.3760  rpn_s.3.loss_cls: 0.3069  rpn_s.3.loss_bbox: 0.0388  rpn_s.3.loss_giou: 0.3562  s0.loss_cls: 0.3462  s0.pos_acc: 94.1176  s0.loss_bbox: 0.6125  s0.loss_iou: 1.1639  s1.loss_cls: 0.3436  s1.pos_acc: 91.1765  s1.loss_bbox: 0.6537  s1.loss_iou: 1.1250
2026/03/31 20:50:06 - mmengine - INFO - Epoch(train)  [3][ 9550/10002]  lr: 5.0000e-06  eta: 9:36:27  time: 0.3771  data_time: 0.0032  memory: 7330  grad_norm: 92.8417  loss: 7.4986  rpn_s.0.loss_cls: 0.6011  rpn_s.0.loss_bbox: 0.0960  rpn_s.0.loss_giou: 0.7182  rpn_s.1.loss_cls: 0.4052  rpn_s.1.loss_bbox: 0.0458  rpn_s.1.loss_giou: 0.3805  rpn_s.2.loss_cls: 0.3224  rpn_s.2.loss_bbox: 0.0402  rpn_s.2.loss_giou: 0.3401  rpn_s.3.loss_cls: 0.2819  rpn_s.3.loss_bbox: 0.0368  rpn_s.3.loss_giou: 0.3211  s0.loss_cls: 0.3013  s0.pos_acc: 84.2105  s0.loss_bbox: 0.5996  s0.loss_iou: 1.0308  s1.loss_cls: 0.3141  s1.pos_acc: 71.0526  s1.loss_bbox: 0.6760  s1.loss_iou: 0.9874
2026/03/31 20:50:25 - mmengine - INFO - Epoch(train)  [3][ 9600/10002]  lr: 5.0000e-06  eta: 9:36:08  time: 0.3850  data_time: 0.0032  memory: 7330  grad_norm: 84.7496  loss: 7.9049  rpn_s.0.loss_cls: 0.5779  rpn_s.0.loss_bbox: 0.1088  rpn_s.0.loss_giou: 0.7727  rpn_s.1.loss_cls: 0.3988  rpn_s.1.loss_bbox: 0.0530  rpn_s.1.loss_giou: 0.4208  rpn_s.2.loss_cls: 0.3136  rpn_s.2.loss_bbox: 0.0454  rpn_s.2.loss_giou: 0.3639  rpn_s.3.loss_cls: 0.2783  rpn_s.3.loss_bbox: 0.0420  rpn_s.3.loss_giou: 0.3370  s0.loss_cls: 0.3208  s0.pos_acc: 74.8322  s0.loss_bbox: 0.6431  s0.loss_iou: 1.1533  s1.loss_cls: 0.3193  s1.pos_acc: 75.5034  s1.loss_bbox: 0.6526  s1.loss_iou: 1.1038
2026/03/31 20:50:44 - mmengine - INFO - Epoch(train)  [3][ 9650/10002]  lr: 5.0000e-06  eta: 9:35:48  time: 0.3747  data_time: 0.0032  memory: 7329  grad_norm: 113.8942  loss: 7.6312  rpn_s.0.loss_cls: 0.5767  rpn_s.0.loss_bbox: 0.0998  rpn_s.0.loss_giou: 0.7215  rpn_s.1.loss_cls: 0.4045  rpn_s.1.loss_bbox: 0.0471  rpn_s.1.loss_giou: 0.3781  rpn_s.2.loss_cls: 0.3145  rpn_s.2.loss_bbox: 0.0410  rpn_s.2.loss_giou: 0.3338  rpn_s.3.loss_cls: 0.2817  rpn_s.3.loss_bbox: 0.0376  rpn_s.3.loss_giou: 0.3165  s0.loss_cls: 0.3027  s0.pos_acc: 88.8889  s0.loss_bbox: 0.6823  s0.loss_iou: 1.0662  s1.loss_cls: 0.3013  s1.pos_acc: 94.4444  s1.loss_bbox: 0.7087  s1.loss_iou: 1.0173
2026/03/31 20:51:03 - mmengine - INFO - Epoch(train)  [3][ 9700/10002]  lr: 5.0000e-06  eta: 9:35:28  time: 0.3789  data_time: 0.0032  memory: 7329  grad_norm: 86.4744  loss: 7.7323  rpn_s.0.loss_cls: 0.5891  rpn_s.0.loss_bbox: 0.1002  rpn_s.0.loss_giou: 0.7650  rpn_s.1.loss_cls: 0.3806  rpn_s.1.loss_bbox: 0.0476  rpn_s.1.loss_giou: 0.3966  rpn_s.2.loss_cls: 0.3046  rpn_s.2.loss_bbox: 0.0395  rpn_s.2.loss_giou: 0.3416  rpn_s.3.loss_cls: 0.2660  rpn_s.3.loss_bbox: 0.0370  rpn_s.3.loss_giou: 0.3253  s0.loss_cls: 0.2930  s0.pos_acc: 82.1168  s0.loss_bbox: 0.6653  s0.loss_iou: 1.1012  s1.loss_cls: 0.2965  s1.pos_acc: 85.0365  s1.loss_bbox: 0.7106  s1.loss_iou: 1.0727
2026/03/31 20:51:22 - mmengine - INFO - Epoch(train)  [3][ 9750/10002]  lr: 5.0000e-06  eta: 9:35:08  time: 0.3751  data_time: 0.0031  memory: 7329  grad_norm: 91.6339  loss: 7.9127  rpn_s.0.loss_cls: 0.6197  rpn_s.0.loss_bbox: 0.0902  rpn_s.0.loss_giou: 0.7454  rpn_s.1.loss_cls: 0.4299  rpn_s.1.loss_bbox: 0.0407  rpn_s.1.loss_giou: 0.3978  rpn_s.2.loss_cls: 0.3636  rpn_s.2.loss_bbox: 0.0357  rpn_s.2.loss_giou: 0.3550  rpn_s.3.loss_cls: 0.3240  rpn_s.3.loss_bbox: 0.0329  rpn_s.3.loss_giou: 0.3329  s0.loss_cls: 0.3592  s0.pos_acc: 63.6364  s0.loss_bbox: 0.6264  s0.loss_iou: 1.1124  s1.loss_cls: 0.3492  s1.pos_acc: 63.6364  s1.loss_bbox: 0.6354  s1.loss_iou: 1.0622
2026/03/31 20:51:40 - mmengine - INFO - Epoch(train)  [3][ 9800/10002]  lr: 5.0000e-06  eta: 9:34:48  time: 0.3744  data_time: 0.0032  memory: 7329  grad_norm: 101.0970  loss: 7.9379  rpn_s.0.loss_cls: 0.6260  rpn_s.0.loss_bbox: 0.0931  rpn_s.0.loss_giou: 0.7614  rpn_s.1.loss_cls: 0.4323  rpn_s.1.loss_bbox: 0.0455  rpn_s.1.loss_giou: 0.4114  rpn_s.2.loss_cls: 0.3524  rpn_s.2.loss_bbox: 0.0400  rpn_s.2.loss_giou: 0.3582  rpn_s.3.loss_cls: 0.3240  rpn_s.3.loss_bbox: 0.0373  rpn_s.3.loss_giou: 0.3395  s0.loss_cls: 0.3635  s0.pos_acc: 78.1915  s0.loss_bbox: 0.5704  s0.loss_iou: 1.1219  s1.loss_cls: 0.3639  s1.pos_acc: 73.9362  s1.loss_bbox: 0.6150  s1.loss_iou: 1.0821
2026/03/31 20:51:59 - mmengine - INFO - Epoch(train)  [3][ 9850/10002]  lr: 5.0000e-06  eta: 9:34:28  time: 0.3768  data_time: 0.0031  memory: 7329  grad_norm: 90.4771  loss: 8.0615  rpn_s.0.loss_cls: 0.6274  rpn_s.0.loss_bbox: 0.0980  rpn_s.0.loss_giou: 0.8321  rpn_s.1.loss_cls: 0.4162  rpn_s.1.loss_bbox: 0.0412  rpn_s.1.loss_giou: 0.4120  rpn_s.2.loss_cls: 0.3398  rpn_s.2.loss_bbox: 0.0347  rpn_s.2.loss_giou: 0.3547  rpn_s.3.loss_cls: 0.3045  rpn_s.3.loss_bbox: 0.0318  rpn_s.3.loss_giou: 0.3340  s0.loss_cls: 0.3373  s0.pos_acc: 100.0000  s0.loss_bbox: 0.6524  s0.loss_iou: 1.1199  s1.loss_cls: 0.3328  s1.pos_acc: 95.0000  s1.loss_bbox: 0.7155  s1.loss_iou: 1.0773
2026/03/31 20:52:18 - mmengine - INFO - Epoch(train)  [3][ 9900/10002]  lr: 5.0000e-06  eta: 9:34:08  time: 0.3793  data_time: 0.0032  memory: 7330  grad_norm: 103.0645  loss: 7.5944  rpn_s.0.loss_cls: 0.5957  rpn_s.0.loss_bbox: 0.0936  rpn_s.0.loss_giou: 0.6825  rpn_s.1.loss_cls: 0.4082  rpn_s.1.loss_bbox: 0.0491  rpn_s.1.loss_giou: 0.3725  rpn_s.2.loss_cls: 0.3318  rpn_s.2.loss_bbox: 0.0441  rpn_s.2.loss_giou: 0.3365  rpn_s.3.loss_cls: 0.2981  rpn_s.3.loss_bbox: 0.0410  rpn_s.3.loss_giou: 0.3164  s0.loss_cls: 0.3261  s0.pos_acc: 87.0370  s0.loss_bbox: 0.6147  s0.loss_iou: 1.0695  s1.loss_cls: 0.3281  s1.pos_acc: 87.0370  s1.loss_bbox: 0.6535  s1.loss_iou: 1.0332
2026/03/31 20:52:37 - mmengine - INFO - Epoch(train)  [3][ 9950/10002]  lr: 5.0000e-06  eta: 9:33:48  time: 0.3791  data_time: 0.0032  memory: 7329  grad_norm: 97.0408  loss: 7.6713  rpn_s.0.loss_cls: 0.5918  rpn_s.0.loss_bbox: 0.0954  rpn_s.0.loss_giou: 0.7568  rpn_s.1.loss_cls: 0.4152  rpn_s.1.loss_bbox: 0.0474  rpn_s.1.loss_giou: 0.3999  rpn_s.2.loss_cls: 0.3310  rpn_s.2.loss_bbox: 0.0400  rpn_s.2.loss_giou: 0.3529  rpn_s.3.loss_cls: 0.2905  rpn_s.3.loss_bbox: 0.0358  rpn_s.3.loss_giou: 0.3324  s0.loss_cls: 0.3267  s0.pos_acc: 100.0000  s0.loss_bbox: 0.5930  s0.loss_iou: 1.0826  s1.loss_cls: 0.3013  s1.pos_acc: 100.0000  s1.loss_bbox: 0.6311  s1.loss_iou: 1.0475
2026/03/31 20:52:54 - mmengine - INFO - Exp name: GSDet_r50_b900_h2h4_h2r1_r2r1_2x_fair1m1.0_20260331_165920
2026/03/31 20:52:56 - mmengine - INFO - Epoch(train)  [3][10000/10002]  lr: 5.0000e-06  eta: 9:33:28  time: 0.3763  data_time: 0.0032  memory: 7329  grad_norm: 88.6964  loss: 7.4176  rpn_s.0.loss_cls: 0.6030  rpn_s.0.loss_bbox: 0.0922  rpn_s.0.loss_giou: 0.6851  rpn_s.1.loss_cls: 0.4158  rpn_s.1.loss_bbox: 0.0429  rpn_s.1.loss_giou: 0.3666  rpn_s.2.loss_cls: 0.3322  rpn_s.2.loss_bbox: 0.0370  rpn_s.2.loss_giou: 0.3199  rpn_s.3.loss_cls: 0.2891  rpn_s.3.loss_bbox: 0.0348  rpn_s.3.loss_giou: 0.3043  s0.loss_cls: 0.3120  s0.pos_acc: 75.6000  s0.loss_bbox: 0.6342  s0.loss_iou: 0.9872  s1.loss_cls: 0.3151  s1.pos_acc: 76.0000  s1.loss_bbox: 0.6932  s1.loss_iou: 0.9530
2026/03/31 20:52:57 - mmengine - INFO - Exp name: GSDet_r50_b900_h2h4_h2r1_r2r1_2x_fair1m1.0_20260331_165920
2026/03/31 20:52:57 - mmengine - INFO - Saving checkpoint at 3 epochs
2026/03/31 20:53:09 - mmengine - INFO - Epoch(val)  [3][  50/5717]    eta: 0:19:00  time: 0.2012  data_time: 0.0081  memory: 7329  
2026/03/31 20:53:19 - mmengine - INFO - Epoch(val)  [3][ 100/5717]    eta: 0:18:31  time: 0.1947  data_time: 0.0032  memory: 2612  
2026/03/31 20:53:29 - mmengine - INFO - Epoch(val)  [3][ 150/5717]    eta: 0:18:16  time: 0.1951  data_time: 0.0033  memory: 2612  
2026/03/31 20:53:40 - mmengine - INFO - Epoch(val)  [3][ 200/5717]    eta: 0:19:01  time: 0.2364  data_time: 0.0452  memory: 2612  
2026/03/31 20:53:56 - mmengine - INFO - Epoch(val)  [3][ 250/5717]    eta: 0:20:47  time: 0.3132  data_time: 0.1231  memory: 2612  
2026/03/31 20:54:12 - mmengine - INFO - Epoch(val)  [3][ 300/5717]    eta: 0:22:01  time: 0.3235  data_time: 0.1339  memory: 2612  
2026/03/31 20:54:23 - mmengine - INFO - Epoch(val)  [3][ 350/5717]    eta: 0:21:20  time: 0.2062  data_time: 0.0161  memory: 2612  
2026/03/31 20:54:32 - mmengine - INFO - Epoch(val)  [3][ 400/5717]    eta: 0:20:38  time: 0.1933  data_time: 0.0030  memory: 2612  
2026/03/31 20:54:42 - mmengine - INFO - Epoch(val)  [3][ 450/5717]    eta: 0:20:03  time: 0.1938  data_time: 0.0029  memory: 2612  
2026/03/31 20:54:52 - mmengine - INFO - Epoch(val)  [3][ 500/5717]    eta: 0:19:34  time: 0.1943  data_time: 0.0030  memory: 2612  
2026/03/31 20:55:01 - mmengine - INFO - Epoch(val)  [3][ 550/5717]    eta: 0:19:09  time: 0.1946  data_time: 0.0030  memory: 2612  
2026/03/31 20:55:11 - mmengine - INFO - Epoch(val)  [3][ 600/5717]    eta: 0:18:46  time: 0.1946  data_time: 0.0031  memory: 2612  
2026/03/31 20:55:21 - mmengine - INFO - Epoch(val)  [3][ 650/5717]    eta: 0:18:25  time: 0.1945  data_time: 0.0030  memory: 2612  
2026/03/31 20:55:31 - mmengine - INFO - Epoch(val)  [3][ 700/5717]    eta: 0:18:05  time: 0.1948  data_time: 0.0030  memory: 2612  
2026/03/31 20:55:40 - mmengine - INFO - Epoch(val)  [3][ 750/5717]    eta: 0:17:47  time: 0.1951  data_time: 0.0031  memory: 2612  
2026/03/31 20:55:50 - mmengine - INFO - Epoch(val)  [3][ 800/5717]    eta: 0:17:31  time: 0.1952  data_time: 0.0030  memory: 2612  
2026/03/31 20:56:00 - mmengine - INFO - Epoch(val)  [3][ 850/5717]    eta: 0:17:15  time: 0.1953  data_time: 0.0031  memory: 2612  
2026/03/31 20:56:10 - mmengine - INFO - Epoch(val)  [3][ 900/5717]    eta: 0:16:59  time: 0.1954  data_time: 0.0031  memory: 2612  
2026/03/31 20:56:19 - mmengine - INFO - Epoch(val)  [3][ 950/5717]    eta: 0:16:45  time: 0.1955  data_time: 0.0031  memory: 2612  
2026/03/31 20:56:29 - mmengine - INFO - Epoch(val)  [3][1000/5717]    eta: 0:16:31  time: 0.1957  data_time: 0.0031  memory: 2612  
2026/03/31 20:56:39 - mmengine - INFO - Epoch(val)  [3][1050/5717]    eta: 0:16:17  time: 0.1957  data_time: 0.0031  memory: 2612  
2026/03/31 20:56:49 - mmengine - INFO - Epoch(val)  [3][1100/5717]    eta: 0:16:04  time: 0.1958  data_time: 0.0031  memory: 2612  
2026/03/31 20:56:59 - mmengine - INFO - Epoch(val)  [3][1150/5717]    eta: 0:15:51  time: 0.1958  data_time: 0.0031  memory: 2612  
2026/03/31 20:57:08 - mmengine - INFO - Epoch(val)  [3][1200/5717]    eta: 0:15:38  time: 0.1981  data_time: 0.0032  memory: 2612  
2026/03/31 20:57:18 - mmengine - INFO - Epoch(val)  [3][1250/5717]    eta: 0:15:26  time: 0.1963  data_time: 0.0032  memory: 2612  
2026/03/31 20:57:28 - mmengine - INFO - Epoch(val)  [3][1300/5717]    eta: 0:15:14  time: 0.1963  data_time: 0.0032  memory: 2612  
2026/03/31 20:57:38 - mmengine - INFO - Epoch(val)  [3][1350/5717]    eta: 0:15:02  time: 0.1964  data_time: 0.0032  memory: 2612  
2026/03/31 20:57:48 - mmengine - INFO - Epoch(val)  [3][1400/5717]    eta: 0:14:50  time: 0.1965  data_time: 0.0031  memory: 2612  
2026/03/31 20:57:58 - mmengine - INFO - Epoch(val)  [3][1450/5717]    eta: 0:14:38  time: 0.1962  data_time: 0.0032  memory: 2612  
2026/03/31 20:58:07 - mmengine - INFO - Epoch(val)  [3][1500/5717]    eta: 0:14:26  time: 0.1965  data_time: 0.0031  memory: 2612  
2026/03/31 20:58:17 - mmengine - INFO - Epoch(val)  [3][1550/5717]    eta: 0:14:15  time: 0.1963  data_time: 0.0032  memory: 2612  
2026/03/31 20:58:27 - mmengine - INFO - Epoch(val)  [3][1600/5717]    eta: 0:14:03  time: 0.1963  data_time: 0.0032  memory: 2612  
2026/03/31 20:58:37 - mmengine - INFO - Epoch(val)  [3][1650/5717]    eta: 0:13:52  time: 0.1964  data_time: 0.0032  memory: 2612  
2026/03/31 20:58:47 - mmengine - INFO - Epoch(val)  [3][1700/5717]    eta: 0:13:41  time: 0.1961  data_time: 0.0031  memory: 2612  
2026/03/31 20:58:57 - mmengine - INFO - Epoch(val)  [3][1750/5717]    eta: 0:13:30  time: 0.1968  data_time: 0.0032  memory: 2612  
2026/03/31 20:59:06 - mmengine - INFO - Epoch(val)  [3][1800/5717]    eta: 0:13:19  time: 0.1966  data_time: 0.0032  memory: 2612  
2026/03/31 20:59:16 - mmengine - INFO - Epoch(val)  [3][1850/5717]    eta: 0:13:08  time: 0.1965  data_time: 0.0032  memory: 2612  
2026/03/31 20:59:26 - mmengine - INFO - Epoch(val)  [3][1900/5717]    eta: 0:12:57  time: 0.1968  data_time: 0.0032  memory: 2612  
2026/03/31 20:59:36 - mmengine - INFO - Epoch(val)  [3][1950/5717]    eta: 0:12:46  time: 0.1966  data_time: 0.0031  memory: 2612  
2026/03/31 20:59:46 - mmengine - INFO - Epoch(val)  [3][2000/5717]    eta: 0:12:35  time: 0.1964  data_time: 0.0032  memory: 2612  
2026/03/31 20:59:56 - mmengine - INFO - Epoch(val)  [3][2050/5717]    eta: 0:12:24  time: 0.1967  data_time: 0.0032  memory: 2612  
2026/03/31 21:00:05 - mmengine - INFO - Epoch(val)  [3][2100/5717]    eta: 0:12:14  time: 0.1964  data_time: 0.0032  memory: 2612  
2026/03/31 21:00:15 - mmengine - INFO - Epoch(val)  [3][2150/5717]    eta: 0:12:03  time: 0.1962  data_time: 0.0032  memory: 2612  
2026/03/31 21:00:25 - mmengine - INFO - Epoch(val)  [3][2200/5717]    eta: 0:11:52  time: 0.1964  data_time: 0.0031  memory: 2612  
2026/03/31 21:00:35 - mmengine - INFO - Epoch(val)  [3][2250/5717]    eta: 0:11:42  time: 0.1963  data_time: 0.0032  memory: 2612  
2026/03/31 21:00:45 - mmengine - INFO - Epoch(val)  [3][2300/5717]    eta: 0:11:31  time: 0.1964  data_time: 0.0031  memory: 2612  
2026/03/31 21:00:54 - mmengine - INFO - Epoch(val)  [3][2350/5717]    eta: 0:11:20  time: 0.1962  data_time: 0.0029  memory: 2612  
2026/03/31 21:01:04 - mmengine - INFO - Epoch(val)  [3][2400/5717]    eta: 0:11:10  time: 0.1963  data_time: 0.0030  memory: 2612  
2026/03/31 21:01:14 - mmengine - INFO - Epoch(val)  [3][2450/5717]    eta: 0:10:59  time: 0.1960  data_time: 0.0030  memory: 2612  
2026/03/31 21:01:24 - mmengine - INFO - Epoch(val)  [3][2500/5717]    eta: 0:10:49  time: 0.1962  data_time: 0.0030  memory: 2612  
2026/03/31 21:01:34 - mmengine - INFO - Epoch(val)  [3][2550/5717]    eta: 0:10:39  time: 0.1963  data_time: 0.0031  memory: 2612  
2026/03/31 21:01:43 - mmengine - INFO - Epoch(val)  [3][2600/5717]    eta: 0:10:28  time: 0.1964  data_time: 0.0031  memory: 2612  
2026/03/31 21:01:53 - mmengine - INFO - Epoch(val)  [3][2650/5717]    eta: 0:10:18  time: 0.1964  data_time: 0.0031  memory: 2612  
2026/03/31 21:02:03 - mmengine - INFO - Epoch(val)  [3][2700/5717]    eta: 0:10:07  time: 0.1964  data_time: 0.0031  memory: 2612  
2026/03/31 21:02:13 - mmengine - INFO - Epoch(val)  [3][2750/5717]    eta: 0:09:57  time: 0.1967  data_time: 0.0031  memory: 2612  
2026/03/31 21:02:23 - mmengine - INFO - Epoch(val)  [3][2800/5717]    eta: 0:09:47  time: 0.1962  data_time: 0.0031  memory: 2612  
2026/03/31 21:02:33 - mmengine - INFO - Epoch(val)  [3][2850/5717]    eta: 0:09:36  time: 0.1962  data_time: 0.0032  memory: 2612  
2026/03/31 21:02:42 - mmengine - INFO - Epoch(val)  [3][2900/5717]    eta: 0:09:26  time: 0.1962  data_time: 0.0031  memory: 2612  
2026/03/31 21:02:52 - mmengine - INFO - Epoch(val)  [3][2950/5717]    eta: 0:09:16  time: 0.1959  data_time: 0.0031  memory: 2612  
2026/03/31 21:03:02 - mmengine - INFO - Epoch(val)  [3][3000/5717]    eta: 0:09:05  time: 0.1961  data_time: 0.0031  memory: 2612  
2026/03/31 21:03:12 - mmengine - INFO - Epoch(val)  [3][3050/5717]    eta: 0:08:55  time: 0.1962  data_time: 0.0032  memory: 2612  
2026/03/31 21:03:22 - mmengine - INFO - Epoch(val)  [3][3100/5717]    eta: 0:08:45  time: 0.1964  data_time: 0.0032  memory: 2612  
2026/03/31 21:03:31 - mmengine - INFO - Epoch(val)  [3][3150/5717]    eta: 0:08:35  time: 0.1963  data_time: 0.0032  memory: 2612  
2026/03/31 21:03:41 - mmengine - INFO - Epoch(val)  [3][3200/5717]    eta: 0:08:25  time: 0.1962  data_time: 0.0032  memory: 2612  
2026/03/31 21:03:51 - mmengine - INFO - Epoch(val)  [3][3250/5717]    eta: 0:08:14  time: 0.1962  data_time: 0.0032  memory: 2612  
2026/03/31 21:04:01 - mmengine - INFO - Epoch(val)  [3][3300/5717]    eta: 0:08:04  time: 0.1960  data_time: 0.0032  memory: 2612  
2026/03/31 21:04:11 - mmengine - INFO - Epoch(val)  [3][3350/5717]    eta: 0:07:54  time: 0.1960  data_time: 0.0032  memory: 2612  
2026/03/31 21:04:20 - mmengine - INFO - Epoch(val)  [3][3400/5717]    eta: 0:07:44  time: 0.1957  data_time: 0.0031  memory: 2612  
2026/03/31 21:04:30 - mmengine - INFO - Epoch(val)  [3][3450/5717]    eta: 0:07:34  time: 0.1960  data_time: 0.0032  memory: 2612  
2026/03/31 21:04:40 - mmengine - INFO - Epoch(val)  [3][3500/5717]    eta: 0:07:23  time: 0.1961  data_time: 0.0032  memory: 2612  
2026/03/31 21:04:50 - mmengine - INFO - Epoch(val)  [3][3550/5717]    eta: 0:07:13  time: 0.1963  data_time: 0.0032  memory: 2612  
2026/03/31 21:05:00 - mmengine - INFO - Epoch(val)  [3][3600/5717]    eta: 0:07:03  time: 0.1958  data_time: 0.0032  memory: 2612  
2026/03/31 21:05:09 - mmengine - INFO - Epoch(val)  [3][3650/5717]    eta: 0:06:53  time: 0.1961  data_time: 0.0032  memory: 2612  
2026/03/31 21:05:19 - mmengine - INFO - Epoch(val)  [3][3700/5717]    eta: 0:06:43  time: 0.1959  data_time: 0.0031  memory: 2612  
2026/03/31 21:05:29 - mmengine - INFO - Epoch(val)  [3][3750/5717]    eta: 0:06:33  time: 0.1961  data_time: 0.0032  memory: 2612  
2026/03/31 21:05:39 - mmengine - INFO - Epoch(val)  [3][3800/5717]    eta: 0:06:23  time: 0.1957  data_time: 0.0032  memory: 2612  
2026/03/31 21:05:49 - mmengine - INFO - Epoch(val)  [3][3850/5717]    eta: 0:06:13  time: 0.1956  data_time: 0.0031  memory: 2612  
2026/03/31 21:05:58 - mmengine - INFO - Epoch(val)  [3][3900/5717]    eta: 0:06:03  time: 0.1959  data_time: 0.0032  memory: 2612  
2026/03/31 21:06:08 - mmengine - INFO - Epoch(val)  [3][3950/5717]    eta: 0:05:52  time: 0.1958  data_time: 0.0032  memory: 2612  
2026/03/31 21:06:18 - mmengine - INFO - Epoch(val)  [3][4000/5717]    eta: 0:05:42  time: 0.1959  data_time: 0.0032  memory: 2612  
2026/03/31 21:06:28 - mmengine - INFO - Epoch(val)  [3][4050/5717]    eta: 0:05:32  time: 0.1956  data_time: 0.0032  memory: 2612  
2026/03/31 21:06:38 - mmengine - INFO - Epoch(val)  [3][4100/5717]    eta: 0:05:22  time: 0.1958  data_time: 0.0032  memory: 2612  
2026/03/31 21:06:47 - mmengine - INFO - Epoch(val)  [3][4150/5717]    eta: 0:05:12  time: 0.1957  data_time: 0.0032  memory: 2612  
2026/03/31 21:06:57 - mmengine - INFO - Epoch(val)  [3][4200/5717]    eta: 0:05:02  time: 0.1954  data_time: 0.0032  memory: 2612  
2026/03/31 21:07:07 - mmengine - INFO - Epoch(val)  [3][4250/5717]    eta: 0:04:52  time: 0.1954  data_time: 0.0032  memory: 2612  
2026/03/31 21:07:17 - mmengine - INFO - Epoch(val)  [3][4300/5717]    eta: 0:04:42  time: 0.1958  data_time: 0.0032  memory: 2612  
2026/03/31 21:07:27 - mmengine - INFO - Epoch(val)  [3][4350/5717]    eta: 0:04:32  time: 0.1955  data_time: 0.0031  memory: 2612  
2026/03/31 21:07:36 - mmengine - INFO - Epoch(val)  [3][4400/5717]    eta: 0:04:22  time: 0.1953  data_time: 0.0030  memory: 2612  
2026/03/31 21:07:46 - mmengine - INFO - Epoch(val)  [3][4450/5717]    eta: 0:04:12  time: 0.1956  data_time: 0.0030  memory: 2612  
2026/03/31 21:07:56 - mmengine - INFO - Epoch(val)  [3][4500/5717]    eta: 0:04:02  time: 0.1955  data_time: 0.0031  memory: 2612  
2026/03/31 21:08:06 - mmengine - INFO - Epoch(val)  [3][4550/5717]    eta: 0:03:52  time: 0.1953  data_time: 0.0030  memory: 2612  
2026/03/31 21:08:15 - mmengine - INFO - Epoch(val)  [3][4600/5717]    eta: 0:03:42  time: 0.1952  data_time: 0.0031  memory: 2612  
2026/03/31 21:08:25 - mmengine - INFO - Epoch(val)  [3][4650/5717]    eta: 0:03:32  time: 0.1959  data_time: 0.0031  memory: 2612  
2026/03/31 21:08:35 - mmengine - INFO - Epoch(val)  [3][4700/5717]    eta: 0:03:22  time: 0.1958  data_time: 0.0031  memory: 2612  
2026/03/31 21:08:45 - mmengine - INFO - Epoch(val)  [3][4750/5717]    eta: 0:03:12  time: 0.1958  data_time: 0.0031  memory: 2612  
2026/03/31 21:08:55 - mmengine - INFO - Epoch(val)  [3][4800/5717]    eta: 0:03:02  time: 0.1992  data_time: 0.0031  memory: 2612  
2026/03/31 21:09:05 - mmengine - INFO - Epoch(val)  [3][4850/5717]    eta: 0:02:52  time: 0.1963  data_time: 0.0031  memory: 2612  
2026/03/31 21:09:14 - mmengine - INFO - Epoch(val)  [3][4900/5717]    eta: 0:02:42  time: 0.1962  data_time: 0.0031  memory: 2612  
2026/03/31 21:09:24 - mmengine - INFO - Epoch(val)  [3][4950/5717]    eta: 0:02:32  time: 0.1968  data_time: 0.0031  memory: 2612  
2026/03/31 21:09:34 - mmengine - INFO - Epoch(val)  [3][5000/5717]    eta: 0:02:22  time: 0.1963  data_time: 0.0031  memory: 2612  
2026/03/31 21:09:44 - mmengine - INFO - Epoch(val)  [3][5050/5717]    eta: 0:02:12  time: 0.1965  data_time: 0.0032  memory: 2612  
2026/03/31 21:09:54 - mmengine - INFO - Epoch(val)  [3][5100/5717]    eta: 0:02:02  time: 0.1966  data_time: 0.0031  memory: 2612  
2026/03/31 21:10:03 - mmengine - INFO - Epoch(val)  [3][5150/5717]    eta: 0:01:52  time: 0.1966  data_time: 0.0031  memory: 2612  
2026/03/31 21:10:13 - mmengine - INFO - Epoch(val)  [3][5200/5717]    eta: 0:01:42  time: 0.1964  data_time: 0.0032  memory: 2612  
2026/03/31 21:10:23 - mmengine - INFO - Epoch(val)  [3][5250/5717]    eta: 0:01:32  time: 0.1962  data_time: 0.0032  memory: 2612  
2026/03/31 21:10:33 - mmengine - INFO - Epoch(val)  [3][5300/5717]    eta: 0:01:22  time: 0.1967  data_time: 0.0032  memory: 2612  
2026/03/31 21:10:43 - mmengine - INFO - Epoch(val)  [3][5350/5717]    eta: 0:01:12  time: 0.1968  data_time: 0.0031  memory: 2612  
2026/03/31 21:10:53 - mmengine - INFO - Epoch(val)  [3][5400/5717]    eta: 0:01:03  time: 0.1966  data_time: 0.0031  memory: 2612  
2026/03/31 21:11:02 - mmengine - INFO - Epoch(val)  [3][5450/5717]    eta: 0:00:53  time: 0.1967  data_time: 0.0032  memory: 2612  
2026/03/31 21:11:12 - mmengine - INFO - Epoch(val)  [3][5500/5717]    eta: 0:00:43  time: 0.1969  data_time: 0.0031  memory: 2612  
2026/03/31 21:11:22 - mmengine - INFO - Epoch(val)  [3][5550/5717]    eta: 0:00:33  time: 0.1971  data_time: 0.0032  memory: 2612  
2026/03/31 21:11:32 - mmengine - INFO - Epoch(val)  [3][5600/5717]    eta: 0:00:23  time: 0.1967  data_time: 0.0031  memory: 2612  
2026/03/31 21:11:42 - mmengine - INFO - Epoch(val)  [3][5650/5717]    eta: 0:00:13  time: 0.1966  data_time: 0.0032  memory: 2612  
2026/03/31 21:11:52 - mmengine - INFO - Epoch(val)  [3][5700/5717]    eta: 0:00:03  time: 0.1968  data_time: 0.0032  memory: 2612  
2026/03/31 21:12:55 - mmengine - INFO - 
---------------iou_thr: 0.5---------------
2026/03/31 21:14:29 - mmengine - INFO - 
+-------------------+--------+--------+---------+---------+
| class             | gts    | dets   | recall  | ap      |
+-------------------+--------+--------+---------+---------+
| Passenger Ship    | 840    | 79874  | 0.94405 | 0.62567 |
| Liquid Cargo Ship | 3431   | 195530 | 0.98368 | 0.87527 |
| Dry Cargo Ship    | 12017  | 228047 | 0.95340 | 0.84805 |
| Motorboat         | 9265   | 306350 | 0.75240 | 0.58309 |
| Fishing Boat      | 8393   | 219229 | 0.82497 | 0.56820 |
| Warship           | 782    | 40972  | 0.98338 | 0.82668 |
| Engineering Ship  | 1955   | 130714 | 0.95857 | 0.77083 |
| other-ship        | 2848   | 344058 | 0.85428 | 0.37066 |
| Tugboat           | 2338   | 144906 | 0.94825 | 0.80591 |
| Small Car         | 143249 | 590269 | 0.86889 | 0.67491 |
| Cargo Truck       | 9254   | 262423 | 0.75459 | 0.49482 |
| Van               | 132288 | 617680 | 0.86569 | 0.66256 |
| Trailer           | 587    | 35267  | 0.26405 | 0.05666 |
| other-vehicle     | 3062   | 115151 | 0.29131 | 0.09897 |
| Dump Truck        | 25769  | 338524 | 0.84051 | 0.56265 |
| Bus               | 1019   | 43437  | 0.67125 | 0.34171 |
| Tractor           | 262    | 19083  | 0.25954 | 0.09598 |
| Excavator         | 890    | 54934  | 0.41461 | 0.09703 |
| Truck Tractor     | 923    | 20696  | 0.15168 | 0.07117 |
| Boeing737         | 4208   | 65340  | 0.98978 | 0.81995 |
| Boeing747         | 1717   | 31251  | 0.99825 | 0.90632 |
| Boeing777         | 1660   | 30052  | 1.00000 | 0.79803 |
| Boeing787         | 1757   | 32133  | 0.99943 | 0.84713 |
| other-airplane    | 10413  | 353858 | 0.99529 | 0.89723 |
| C919              | 138    | 20289  | 1.00000 | 0.65158 |
| A220              | 6485   | 108355 | 0.99923 | 0.85295 |
| A321              | 2702   | 60970  | 0.99815 | 0.88901 |
| A330              | 1693   | 36579  | 1.00000 | 0.86764 |
| A350              | 1122   | 17006  | 0.99733 | 0.89268 |
| ARJ21             | 186    | 22549  | 1.00000 | 0.88340 |
| Tennis Court      | 2941   | 166801 | 0.97314 | 0.90510 |
| Football Field    | 880    | 162353 | 0.95000 | 0.85940 |
| Basketball Court  | 1322   | 268292 | 0.91604 | 0.79958 |
| Baseball Field    | 1062   | 69286  | 0.96798 | 0.90255 |
| Intersection      | 6958   | 837431 | 0.75194 | 0.51840 |
| Bridge            | 1212   | 754500 | 0.83168 | 0.62395 |
| Roundabout        | 584    | 265911 | 0.95719 | 0.86848 |
+-------------------+--------+--------+---------+---------+
| mAP               |        |        |         | 0.65444 |
+-------------------+--------+--------+---------+---------+
2026/03/31 21:14:29 - mmengine - INFO - Epoch(val) [3][5717/5717]    fair/mAP: 0.6544  fair/AP50: 0.6544  data_time: 0.0059  time: 0.1986
2026/03/31 21:14:48 - mmengine - INFO - Epoch(train)  [4][   50/10002]  lr: 5.0000e-06  eta: 9:33:07  time: 0.3721  data_time: 0.0060  memory: 7329  grad_norm: 102.0892  loss: 8.1396  rpn_s.0.loss_cls: 0.6091  rpn_s.0.loss_bbox: 0.0993  rpn_s.0.loss_giou: 0.7672  rpn_s.1.loss_cls: 0.4281  rpn_s.1.loss_bbox: 0.0482  rpn_s.1.loss_giou: 0.4214  rpn_s.2.loss_cls: 0.3559  rpn_s.2.loss_bbox: 0.0409  rpn_s.2.loss_giou: 0.3702  rpn_s.3.loss_cls: 0.3125  rpn_s.3.loss_bbox: 0.0382  rpn_s.3.loss_giou: 0.3547  s0.loss_cls: 0.3527  s0.pos_acc: 100.0000  s0.loss_bbox: 0.6452  s0.loss_iou: 1.1578  s1.loss_cls: 0.3418  s1.pos_acc: 100.0000  s1.loss_bbox: 0.6832  s1.loss_iou: 1.1131
2026/03/31 21:15:06 - mmengine - INFO - Epoch(train)  [4][  100/10002]  lr: 5.0000e-06  eta: 9:32:46  time: 0.3725  data_time: 0.0033  memory: 7329  grad_norm: 93.0976  loss: 7.5354  rpn_s.0.loss_cls: 0.6069  rpn_s.0.loss_bbox: 0.0988  rpn_s.0.loss_giou: 0.7546  rpn_s.1.loss_cls: 0.4036  rpn_s.1.loss_bbox: 0.0450  rpn_s.1.loss_giou: 0.3818  rpn_s.2.loss_cls: 0.3246  rpn_s.2.loss_bbox: 0.0383  rpn_s.2.loss_giou: 0.3304  rpn_s.3.loss_cls: 0.2857  rpn_s.3.loss_bbox: 0.0350  rpn_s.3.loss_giou: 0.3056  s0.loss_cls: 0.3132  s0.pos_acc: 71.4286  s0.loss_bbox: 0.6275  s0.loss_iou: 1.0353  s1.loss_cls: 0.3060  s1.pos_acc: 71.4286  s1.loss_bbox: 0.6529  s1.loss_iou: 0.9903
2026/03/31 21:15:25 - mmengine - INFO - Epoch(train)  [4][  150/10002]  lr: 5.0000e-06  eta: 9:32:26  time: 0.3762  data_time: 0.0032  memory: 7329  grad_norm: 88.0032  loss: 7.8660  rpn_s.0.loss_cls: 0.6328  rpn_s.0.loss_bbox: 0.0958  rpn_s.0.loss_giou: 0.7850  rpn_s.1.loss_cls: 0.4073  rpn_s.1.loss_bbox: 0.0474  rpn_s.1.loss_giou: 0.4129  rpn_s.2.loss_cls: 0.3261  rpn_s.2.loss_bbox: 0.0409  rpn_s.2.loss_giou: 0.3579  rpn_s.3.loss_cls: 0.2918  rpn_s.3.loss_bbox: 0.0375  rpn_s.3.loss_giou: 0.3405  s0.loss_cls: 0.3077  s0.pos_acc: 100.0000  s0.loss_bbox: 0.6068  s0.loss_iou: 1.1432  s1.loss_cls: 0.3035  s1.pos_acc: 100.0000  s1.loss_bbox: 0.6358  s1.loss_iou: 1.0930
2026/03/31 21:15:44 - mmengine - INFO - Epoch(train)  [4][  200/10002]  lr: 5.0000e-06  eta: 9:32:07  time: 0.3820  data_time: 0.0032  memory: 7330  grad_norm: 93.7453  loss: 7.7209  rpn_s.0.loss_cls: 0.6047  rpn_s.0.loss_bbox: 0.0944  rpn_s.0.loss_giou: 0.7369  rpn_s.1.loss_cls: 0.4185  rpn_s.1.loss_bbox: 0.0429  rpn_s.1.loss_giou: 0.3896  rpn_s.2.loss_cls: 0.3353  rpn_s.2.loss_bbox: 0.0380  rpn_s.2.loss_giou: 0.3446  rpn_s.3.loss_cls: 0.2967  rpn_s.3.loss_bbox: 0.0344  rpn_s.3.loss_giou: 0.3231  s0.loss_cls: 0.3201  s0.pos_acc: 79.2453  s0.loss_bbox: 0.6073  s0.loss_iou: 1.1072  s1.loss_cls: 0.3131  s1.pos_acc: 73.5849  s1.loss_bbox: 0.6591  s1.loss_iou: 1.0549
2026/03/31 21:16:03 - mmengine - INFO - Epoch(train)  [4][  250/10002]  lr: 5.0000e-06  eta: 9:31:47  time: 0.3747  data_time: 0.0032  memory: 7329  grad_norm: 99.7206  loss: 7.4825  rpn_s.0.loss_cls: 0.5614  rpn_s.0.loss_bbox: 0.1005  rpn_s.0.loss_giou: 0.6847  rpn_s.1.loss_cls: 0.3795  rpn_s.1.loss_bbox: 0.0516  rpn_s.1.loss_giou: 0.3733  rpn_s.2.loss_cls: 0.3009  rpn_s.2.loss_bbox: 0.0450  rpn_s.2.loss_giou: 0.3280  rpn_s.3.loss_cls: 0.2696  rpn_s.3.loss_bbox: 0.0412  rpn_s.3.loss_giou: 0.3042  s0.loss_cls: 0.3075  s0.pos_acc: 48.3766  s0.loss_bbox: 0.6764  s0.loss_iou: 1.0496  s1.loss_cls: 0.2904  s1.pos_acc: 62.3377  s1.loss_bbox: 0.7202  s1.loss_iou: 0.9985
2026/03/31 21:16:22 - mmengine - INFO - Epoch(train)  [4][  300/10002]  lr: 5.0000e-06  eta: 9:31:27  time: 0.3761  data_time: 0.0032  memory: 7329  grad_norm: 105.9874  loss: 7.9587  rpn_s.0.loss_cls: 0.6076  rpn_s.0.loss_bbox: 0.0920  rpn_s.0.loss_giou: 0.7428  rpn_s.1.loss_cls: 0.4221  rpn_s.1.loss_bbox: 0.0429  rpn_s.1.loss_giou: 0.3934  rpn_s.2.loss_cls: 0.3508  rpn_s.2.loss_bbox: 0.0372  rpn_s.2.loss_giou: 0.3483  rpn_s.3.loss_cls: 0.2996  rpn_s.3.loss_bbox: 0.0345  rpn_s.3.loss_giou: 0.3245  s0.loss_cls: 0.3442  s0.pos_acc: 81.5789  s0.loss_bbox: 0.7122  s0.loss_iou: 1.0855  s1.loss_cls: 0.3310  s1.pos_acc: 80.2632  s1.loss_bbox: 0.7383  s1.loss_iou: 1.0518
2026/03/31 21:16:41 - mmengine - INFO - Epoch(train)  [4][  350/10002]  lr: 5.0000e-06  eta: 9:31:08  time: 0.3806  data_time: 0.0032  memory: 7329  grad_norm: 89.7851  loss: 7.7147  rpn_s.0.loss_cls: 0.6053  rpn_s.0.loss_bbox: 0.0944  rpn_s.0.loss_giou: 0.7772  rpn_s.1.loss_cls: 0.4243  rpn_s.1.loss_bbox: 0.0413  rpn_s.1.loss_giou: 0.3960  rpn_s.2.loss_cls: 0.3462  rpn_s.2.loss_bbox: 0.0344  rpn_s.2.loss_giou: 0.3424  rpn_s.3.loss_cls: 0.3109  rpn_s.3.loss_bbox: 0.0320  rpn_s.3.loss_giou: 0.3216  s0.loss_cls: 0.3339  s0.pos_acc: 100.0000  s0.loss_bbox: 0.5774  s0.loss_iou: 1.0697  s1.loss_cls: 0.3384  s1.pos_acc: 100.0000  s1.loss_bbox: 0.6300  s1.loss_iou: 1.0391
2026/03/31 21:17:00 - mmengine - INFO - Epoch(train)  [4][  400/10002]  lr: 5.0000e-06  eta: 9:30:47  time: 0.3740  data_time: 0.0033  memory: 7329  grad_norm: 97.7459  loss: 7.3987  rpn_s.0.loss_cls: 0.5999  rpn_s.0.loss_bbox: 0.0974  rpn_s.0.loss_giou: 0.7008  rpn_s.1.loss_cls: 0.4106  rpn_s.1.loss_bbox: 0.0472  rpn_s.1.loss_giou: 0.3679  rpn_s.2.loss_cls: 0.3096  rpn_s.2.loss_bbox: 0.0423  rpn_s.2.loss_giou: 0.3250  rpn_s.3.loss_cls: 0.2772  rpn_s.3.loss_bbox: 0.0404  rpn_s.3.loss_giou: 0.3131  s0.loss_cls: 0.3051  s0.pos_acc: 70.0000  s0.loss_bbox: 0.6355  s0.loss_iou: 0.9944  s1.loss_cls: 0.2965  s1.pos_acc: 72.6667  s1.loss_bbox: 0.6719  s1.loss_iou: 0.9637
2026/03/31 21:17:18 - mmengine - INFO - Epoch(train)  [4][  450/10002]  lr: 5.0000e-06  eta: 9:30:27  time: 0.3742  data_time: 0.0032  memory: 7329  grad_norm: 97.3900  loss: 7.6402  rpn_s.0.loss_cls: 0.5939  rpn_s.0.loss_bbox: 0.0945  rpn_s.0.loss_giou: 0.7023  rpn_s.1.loss_cls: 0.4057  rpn_s.1.loss_bbox: 0.0489  rpn_s.1.loss_giou: 0.3783  rpn_s.2.loss_cls: 0.3338  rpn_s.2.loss_bbox: 0.0439  rpn_s.2.loss_giou: 0.3380  rpn_s.3.loss_cls: 0.2888  rpn_s.3.loss_bbox: 0.0388  rpn_s.3.loss_giou: 0.3136  s0.loss_cls: 0.3289  s0.pos_acc: 66.2162  s0.loss_bbox: 0.7084  s0.loss_iou: 1.0170  s1.loss_cls: 0.3095  s1.pos_acc: 65.5405  s1.loss_bbox: 0.7196  s1.loss_iou: 0.9767
2026/03/31 21:17:37 - mmengine - INFO - Epoch(train)  [4][  500/10002]  lr: 5.0000e-06  eta: 9:30:07  time: 0.3782  data_time: 0.0033  memory: 7329  grad_norm: 88.9128  loss: 7.6615  rpn_s.0.loss_cls: 0.6004  rpn_s.0.loss_bbox: 0.0964  rpn_s.0.loss_giou: 0.7286  rpn_s.1.loss_cls: 0.4166  rpn_s.1.loss_bbox: 0.0450  rpn_s.1.loss_giou: 0.3978  rpn_s.2.loss_cls: 0.3339  rpn_s.2.loss_bbox: 0.0369  rpn_s.2.loss_giou: 0.3434  rpn_s.3.loss_cls: 0.2825  rpn_s.3.loss_bbox: 0.0336  rpn_s.3.loss_giou: 0.3163  s0.loss_cls: 0.3284  s0.pos_acc: 78.5714  s0.loss_bbox: 0.6347  s0.loss_iou: 1.0641  s1.loss_cls: 0.3098  s1.pos_acc: 78.5714  s1.loss_bbox: 0.6622  s1.loss_iou: 1.0310
2026/03/31 21:17:56 - mmengine - INFO - Epoch(train)  [4][  550/10002]  lr: 5.0000e-06  eta: 9:29:47  time: 0.3749  data_time: 0.0032  memory: 7329  grad_norm: 91.3350  loss: 7.8551  rpn_s.0.loss_cls: 0.6130  rpn_s.0.loss_bbox: 0.0922  rpn_s.0.loss_giou: 0.7609  rpn_s.1.loss_cls: 0.4208  rpn_s.1.loss_bbox: 0.0425  rpn_s.1.loss_giou: 0.3987  rpn_s.2.loss_cls: 0.3408  rpn_s.2.loss_bbox: 0.0383  rpn_s.2.loss_giou: 0.3603  rpn_s.3.loss_cls: 0.3012  rpn_s.3.loss_bbox: 0.0357  rpn_s.3.loss_giou: 0.3392  s0.loss_cls: 0.3300  s0.pos_acc: 74.3421  s0.loss_bbox: 0.5840  s0.loss_iou: 1.1397  s1.loss_cls: 0.3363  s1.pos_acc: 83.5526  s1.loss_bbox: 0.6242  s1.loss_iou: 1.0973
2026/03/31 21:18:15 - mmengine - INFO - Epoch(train)  [4][  600/10002]  lr: 5.0000e-06  eta: 9:29:28  time: 0.3785  data_time: 0.0033  memory: 7329  grad_norm: 96.4778  loss: 8.3924  rpn_s.0.loss_cls: 0.6384  rpn_s.0.loss_bbox: 0.1083  rpn_s.0.loss_giou: 0.8389  rpn_s.1.loss_cls: 0.4448  rpn_s.1.loss_bbox: 0.0518  rpn_s.1.loss_giou: 0.4399  rpn_s.2.loss_cls: 0.3543  rpn_s.2.loss_bbox: 0.0461  rpn_s.2.loss_giou: 0.3898  rpn_s.3.loss_cls: 0.3124  rpn_s.3.loss_bbox: 0.0422  rpn_s.3.loss_giou: 0.3686  s0.loss_cls: 0.3243  s0.pos_acc: 90.7407  s0.loss_bbox: 0.6476  s0.loss_iou: 1.2061  s1.loss_cls: 0.3348  s1.pos_acc: 77.7778  s1.loss_bbox: 0.6855  s1.loss_iou: 1.1585
2026/03/31 21:18:34 - mmengine - INFO - Epoch(train)  [4][  650/10002]  lr: 5.0000e-06  eta: 9:29:08  time: 0.3793  data_time: 0.0033  memory: 7329  grad_norm: 93.3638  loss: 8.2849  rpn_s.0.loss_cls: 0.6383  rpn_s.0.loss_bbox: 0.1016  rpn_s.0.loss_giou: 0.8040  rpn_s.1.loss_cls: 0.4362  rpn_s.1.loss_bbox: 0.0495  rpn_s.1.loss_giou: 0.4304  rpn_s.2.loss_cls: 0.3517  rpn_s.2.loss_bbox: 0.0418  rpn_s.2.loss_giou: 0.3737  rpn_s.3.loss_cls: 0.3154  rpn_s.3.loss_bbox: 0.0389  rpn_s.3.loss_giou: 0.3494  s0.loss_cls: 0.3382  s0.pos_acc: 70.0000  s0.loss_bbox: 0.6171  s0.loss_iou: 1.2365  s1.loss_cls: 0.3366  s1.pos_acc: 76.1111  s1.loss_bbox: 0.6509  s1.loss_iou: 1.1746
2026/03/31 21:18:53 - mmengine - INFO - Epoch(train)  [4][  700/10002]  lr: 5.0000e-06  eta: 9:28:48  time: 0.3751  data_time: 0.0032  memory: 7329  grad_norm: 96.7418  loss: 7.4420  rpn_s.0.loss_cls: 0.6097  rpn_s.0.loss_bbox: 0.0932  rpn_s.0.loss_giou: 0.7506  rpn_s.1.loss_cls: 0.4079  rpn_s.1.loss_bbox: 0.0416  rpn_s.1.loss_giou: 0.3733  rpn_s.2.loss_cls: 0.3276  rpn_s.2.loss_bbox: 0.0355  rpn_s.2.loss_giou: 0.3222  rpn_s.3.loss_cls: 0.2877  rpn_s.3.loss_bbox: 0.0330  rpn_s.3.loss_giou: 0.3050  s0.loss_cls: 0.3099  s0.pos_acc: 74.6914  s0.loss_bbox: 0.6023  s0.loss_iou: 1.0292  s1.loss_cls: 0.2942  s1.pos_acc: 78.3951  s1.loss_bbox: 0.6356  s1.loss_iou: 0.9835
2026/03/31 21:19:11 - mmengine - INFO - Epoch(train)  [4][  750/10002]  lr: 5.0000e-06  eta: 9:28:28  time: 0.3741  data_time: 0.0033  memory: 7329  grad_norm: 86.9403  loss: 7.7368  rpn_s.0.loss_cls: 0.5972  rpn_s.0.loss_bbox: 0.0971  rpn_s.0.loss_giou: 0.7260  rpn_s.1.loss_cls: 0.4064  rpn_s.1.loss_bbox: 0.0486  rpn_s.1.loss_giou: 0.3912  rpn_s.2.loss_cls: 0.3343  rpn_s.2.loss_bbox: 0.0434  rpn_s.2.loss_giou: 0.3519  rpn_s.3.loss_cls: 0.2867  rpn_s.3.loss_bbox: 0.0401  rpn_s.3.loss_giou: 0.3284  s0.loss_cls: 0.3139  s0.pos_acc: 94.1176  s0.loss_bbox: 0.6225  s0.loss_iou: 1.1134  s1.loss_cls: 0.3145  s1.pos_acc: 94.1176  s1.loss_bbox: 0.6628  s1.loss_iou: 1.0583
2026/03/31 21:19:30 - mmengine - INFO - Epoch(train)  [4][  800/10002]  lr: 5.0000e-06  eta: 9:28:08  time: 0.3784  data_time: 0.0032  memory: 7330  grad_norm: 93.9979  loss: 7.5297  rpn_s.0.loss_cls: 0.6060  rpn_s.0.loss_bbox: 0.0939  rpn_s.0.loss_giou: 0.7074  rpn_s.1.loss_cls: 0.4013  rpn_s.1.loss_bbox: 0.0425  rpn_s.1.loss_giou: 0.3673  rpn_s.2.loss_cls: 0.3114  rpn_s.2.loss_bbox: 0.0371  rpn_s.2.loss_giou: 0.3251  rpn_s.3.loss_cls: 0.2718  rpn_s.3.loss_bbox: 0.0342  rpn_s.3.loss_giou: 0.3122  s0.loss_cls: 0.2961  s0.pos_acc: 83.3333  s0.loss_bbox: 0.6808  s0.loss_iou: 1.0279  s1.loss_cls: 0.2969  s1.pos_acc: 100.0000  s1.loss_bbox: 0.7311  s1.loss_iou: 0.9868
2026/03/31 21:19:49 - mmengine - INFO - Epoch(train)  [4][  850/10002]  lr: 5.0000e-06  eta: 9:27:48  time: 0.3775  data_time: 0.0032  memory: 7329  grad_norm: 94.2918  loss: 8.4928  rpn_s.0.loss_cls: 0.6404  rpn_s.0.loss_bbox: 0.1075  rpn_s.0.loss_giou: 0.8142  rpn_s.1.loss_cls: 0.4409  rpn_s.1.loss_bbox: 0.0525  rpn_s.1.loss_giou: 0.4290  rpn_s.2.loss_cls: 0.3630  rpn_s.2.loss_bbox: 0.0455  rpn_s.2.loss_giou: 0.3767  rpn_s.3.loss_cls: 0.3249  rpn_s.3.loss_bbox: 0.0433  rpn_s.3.loss_giou: 0.3599  s0.loss_cls: 0.3630  s0.pos_acc: 88.2353  s0.loss_bbox: 0.6639  s0.loss_iou: 1.2299  s1.loss_cls: 0.3632  s1.pos_acc: 91.1765  s1.loss_bbox: 0.6784  s1.loss_iou: 1.1966
2026/03/31 21:20:08 - mmengine - INFO - Epoch(train)  [4][  900/10002]  lr: 5.0000e-06  eta: 9:27:28  time: 0.3717  data_time: 0.0032  memory: 7329  grad_norm: 90.2968  loss: 7.5341  rpn_s.0.loss_cls: 0.6081  rpn_s.0.loss_bbox: 0.0925  rpn_s.0.loss_giou: 0.7191  rpn_s.1.loss_cls: 0.4005  rpn_s.1.loss_bbox: 0.0418  rpn_s.1.loss_giou: 0.3757  rpn_s.2.loss_cls: 0.3206  rpn_s.2.loss_bbox: 0.0358  rpn_s.2.loss_giou: 0.3290  rpn_s.3.loss_cls: 0.2829  rpn_s.3.loss_bbox: 0.0334  rpn_s.3.loss_giou: 0.3108  s0.loss_cls: 0.3300  s0.pos_acc: 87.5000  s0.loss_bbox: 0.6393  s0.loss_iou: 1.0279  s1.loss_cls: 0.3248  s1.pos_acc: 87.5000  s1.loss_bbox: 0.6812  s1.loss_iou: 0.9806
2026/03/31 21:20:26 - mmengine - INFO - Epoch(train)  [4][  950/10002]  lr: 5.0000e-06  eta: 9:27:07  time: 0.3723  data_time: 0.0032  memory: 7329  grad_norm: 93.2485  loss: 7.0596  rpn_s.0.loss_cls: 0.5827  rpn_s.0.loss_bbox: 0.0963  rpn_s.0.loss_giou: 0.7080  rpn_s.1.loss_cls: 0.3853  rpn_s.1.loss_bbox: 0.0426  rpn_s.1.loss_giou: 0.3605  rpn_s.2.loss_cls: 0.2942  rpn_s.2.loss_bbox: 0.0351  rpn_s.2.loss_giou: 0.3091  rpn_s.3.loss_cls: 0.2589  rpn_s.3.loss_bbox: 0.0324  rpn_s.3.loss_giou: 0.2908  s0.loss_cls: 0.2851  s0.pos_acc: 73.8095  s0.loss_bbox: 0.5841  s0.loss_iou: 0.9650  s1.loss_cls: 0.2792  s1.pos_acc: 66.6667  s1.loss_bbox: 0.6302  s1.loss_iou: 0.9202
2026/03/31 21:20:43 - mmengine - INFO - Exp name: GSDet_r50_b900_h2h4_h2r1_r2r1_2x_fair1m1.0_20260331_165920
2026/03/31 21:20:45 - mmengine - INFO - Epoch(train)  [4][ 1000/10002]  lr: 5.0000e-06  eta: 9:26:48  time: 0.3801  data_time: 0.0032  memory: 7329  grad_norm: 94.5665  loss: 8.7299  rpn_s.0.loss_cls: 0.6617  rpn_s.0.loss_bbox: 0.1062  rpn_s.0.loss_giou: 0.8653  rpn_s.1.loss_cls: 0.4608  rpn_s.1.loss_bbox: 0.0466  rpn_s.1.loss_giou: 0.4472  rpn_s.2.loss_cls: 0.3964  rpn_s.2.loss_bbox: 0.0385  rpn_s.2.loss_giou: 0.3878  rpn_s.3.loss_cls: 0.3604  rpn_s.3.loss_bbox: 0.0348  rpn_s.3.loss_giou: 0.3685  s0.loss_cls: 0.4009  s0.pos_acc: 84.0909  s0.loss_bbox: 0.6310  s0.loss_iou: 1.2407  s1.loss_cls: 0.3994  s1.pos_acc: 90.9091  s1.loss_bbox: 0.6834  s1.loss_iou: 1.2003
2026/03/31 21:21:04 - mmengine - INFO - Epoch(train)  [4][ 1050/10002]  lr: 5.0000e-06  eta: 9:26:29  time: 0.3823  data_time: 0.0032  memory: 7330  grad_norm: 93.5159  loss: 7.9195  rpn_s.0.loss_cls: 0.5892  rpn_s.0.loss_bbox: 0.1005  rpn_s.0.loss_giou: 0.7913  rpn_s.1.loss_cls: 0.3926  rpn_s.1.loss_bbox: 0.0448  rpn_s.1.loss_giou: 0.4097  rpn_s.2.loss_cls: 0.3131  rpn_s.2.loss_bbox: 0.0391  rpn_s.2.loss_giou: 0.3599  rpn_s.3.loss_cls: 0.2793  rpn_s.3.loss_bbox: 0.0359  rpn_s.3.loss_giou: 0.3392  s0.loss_cls: 0.2964  s0.pos_acc: 67.2131  s0.loss_bbox: 0.6479  s0.loss_iou: 1.1403  s1.loss_cls: 0.3019  s1.pos_acc: 74.5902  s1.loss_bbox: 0.7366  s1.loss_iou: 1.1018
2026/03/31 21:21:24 - mmengine - INFO - Epoch(train)  [4][ 1100/10002]  lr: 5.0000e-06  eta: 9:26:10  time: 0.3816  data_time: 0.0032  memory: 7329  grad_norm: 113.3236  loss: 7.6310  rpn_s.0.loss_cls: 0.5689  rpn_s.0.loss_bbox: 0.0943  rpn_s.0.loss_giou: 0.7012  rpn_s.1.loss_cls: 0.3908  rpn_s.1.loss_bbox: 0.0470  rpn_s.1.loss_giou: 0.3744  rpn_s.2.loss_cls: 0.3096  rpn_s.2.loss_bbox: 0.0411  rpn_s.2.loss_giou: 0.3264  rpn_s.3.loss_cls: 0.2828  rpn_s.3.loss_bbox: 0.0385  rpn_s.3.loss_giou: 0.3081  s0.loss_cls: 0.2993  s0.pos_acc: 60.1990  s0.loss_bbox: 0.7276  s0.loss_iou: 1.0516  s1.loss_cls: 0.2970  s1.pos_acc: 61.9403  s1.loss_bbox: 0.7599  s1.loss_iou: 1.0125
2026/03/31 21:21:42 - mmengine - INFO - Epoch(train)  [4][ 1150/10002]  lr: 5.0000e-06  eta: 9:25:49  time: 0.3747  data_time: 0.0032  memory: 7329  grad_norm: 109.2373  loss: 7.5652  rpn_s.0.loss_cls: 0.6017  rpn_s.0.loss_bbox: 0.0930  rpn_s.0.loss_giou: 0.7424  rpn_s.1.loss_cls: 0.4044  rpn_s.1.loss_bbox: 0.0451  rpn_s.1.loss_giou: 0.3949  rpn_s.2.loss_cls: 0.3151  rpn_s.2.loss_bbox: 0.0383  rpn_s.2.loss_giou: 0.3477  rpn_s.3.loss_cls: 0.2887  rpn_s.3.loss_bbox: 0.0356  rpn_s.3.loss_giou: 0.3301  s0.loss_cls: 0.3022  s0.pos_acc: 100.0000  s0.loss_bbox: 0.5772  s0.loss_iou: 1.0873  s1.loss_cls: 0.3034  s1.pos_acc: 100.0000  s1.loss_bbox: 0.6208  s1.loss_iou: 1.0371
2026/03/31 21:22:01 - mmengine - INFO - Epoch(train)  [4][ 1200/10002]  lr: 5.0000e-06  eta: 9:25:29  time: 0.3719  data_time: 0.0032  memory: 7329  grad_norm: 107.1081  loss: 6.8618  rpn_s.0.loss_cls: 0.5701  rpn_s.0.loss_bbox: 0.0868  rpn_s.0.loss_giou: 0.6380  rpn_s.1.loss_cls: 0.3873  rpn_s.1.loss_bbox: 0.0413  rpn_s.1.loss_giou: 0.3417  rpn_s.2.loss_cls: 0.2939  rpn_s.2.loss_bbox: 0.0373  rpn_s.2.loss_giou: 0.3050  rpn_s.3.loss_cls: 0.2533  rpn_s.3.loss_bbox: 0.0335  rpn_s.3.loss_giou: 0.2839  s0.loss_cls: 0.2822  s0.pos_acc: 100.0000  s0.loss_bbox: 0.5983  s0.loss_iou: 0.9270  s1.loss_cls: 0.2803  s1.pos_acc: 100.0000  s1.loss_bbox: 0.6196  s1.loss_iou: 0.8821
2026/03/31 21:22:20 - mmengine - INFO - Epoch(train)  [4][ 1250/10002]  lr: 5.0000e-06  eta: 9:25:10  time: 0.3812  data_time: 0.0032  memory: 7329  grad_norm: 93.8824  loss: 7.7328  rpn_s.0.loss_cls: 0.5988  rpn_s.0.loss_bbox: 0.0921  rpn_s.0.loss_giou: 0.7591  rpn_s.1.loss_cls: 0.3953  rpn_s.1.loss_bbox: 0.0439  rpn_s.1.loss_giou: 0.3922  rpn_s.2.loss_cls: 0.3143  rpn_s.2.loss_bbox: 0.0389  rpn_s.2.loss_giou: 0.3511  rpn_s.3.loss_cls: 0.2826  rpn_s.3.loss_bbox: 0.0354  rpn_s.3.loss_giou: 0.3281  s0.loss_cls: 0.3034  s0.pos_acc: 62.5000  s0.loss_bbox: 0.6349  s0.loss_iou: 1.1092  s1.loss_cls: 0.2957  s1.pos_acc: 54.1667  s1.loss_bbox: 0.6950  s1.loss_iou: 1.0627
2026/03/31 21:22:39 - mmengine - INFO - Epoch(train)  [4][ 1300/10002]  lr: 5.0000e-06  eta: 9:24:50  time: 0.3791  data_time: 0.0032  memory: 7329  grad_norm: 89.8964  loss: 8.3012  rpn_s.0.loss_cls: 0.6428  rpn_s.0.loss_bbox: 0.0952  rpn_s.0.loss_giou: 0.8391  rpn_s.1.loss_cls: 0.4288  rpn_s.1.loss_bbox: 0.0418  rpn_s.1.loss_giou: 0.4244  rpn_s.2.loss_cls: 0.3555  rpn_s.2.loss_bbox: 0.0356  rpn_s.2.loss_giou: 0.3705  rpn_s.3.loss_cls: 0.3158  rpn_s.3.loss_bbox: 0.0330  rpn_s.3.loss_giou: 0.3484  s0.loss_cls: 0.3492  s0.pos_acc: 78.4173  s0.loss_bbox: 0.6852  s0.loss_iou: 1.1599  s1.loss_cls: 0.3450  s1.pos_acc: 82.3741  s1.loss_bbox: 0.7083  s1.loss_iou: 1.1228
2026/03/31 21:22:58 - mmengine - INFO - Epoch(train)  [4][ 1350/10002]  lr: 5.0000e-06  eta: 9:24:30  time: 0.3758  data_time: 0.0032  memory: 7329  grad_norm: 108.6476  loss: 7.6690  rpn_s.0.loss_cls: 0.6020  rpn_s.0.loss_bbox: 0.0912  rpn_s.0.loss_giou: 0.7572  rpn_s.1.loss_cls: 0.4035  rpn_s.1.loss_bbox: 0.0406  rpn_s.1.loss_giou: 0.3909  rpn_s.2.loss_cls: 0.3236  rpn_s.2.loss_bbox: 0.0354  rpn_s.2.loss_giou: 0.3471  rpn_s.3.loss_cls: 0.2864  rpn_s.3.loss_bbox: 0.0334  rpn_s.3.loss_giou: 0.3304  s0.loss_cls: 0.2984  s0.pos_acc: 78.8462  s0.loss_bbox: 0.6310  s0.loss_iou: 1.0954  s1.loss_cls: 0.2955  s1.pos_acc: 83.6538  s1.loss_bbox: 0.6618  s1.loss_iou: 1.0450
2026/03/31 21:23:17 - mmengine - INFO - Epoch(train)  [4][ 1400/10002]  lr: 5.0000e-06  eta: 9:24:10  time: 0.3765  data_time: 0.0032  memory: 7329  grad_norm: 99.9792  loss: 7.1750  rpn_s.0.loss_cls: 0.5822  rpn_s.0.loss_bbox: 0.0887  rpn_s.0.loss_giou: 0.6839  rpn_s.1.loss_cls: 0.3895  rpn_s.1.loss_bbox: 0.0410  rpn_s.1.loss_giou: 0.3477  rpn_s.2.loss_cls: 0.3015  rpn_s.2.loss_bbox: 0.0366  rpn_s.2.loss_giou: 0.3105  rpn_s.3.loss_cls: 0.2630  rpn_s.3.loss_bbox: 0.0347  rpn_s.3.loss_giou: 0.2958  s0.loss_cls: 0.2862  s0.pos_acc: 100.0000  s0.loss_bbox: 0.6511  s0.loss_iou: 0.9808  s1.loss_cls: 0.2755  s1.pos_acc: 100.0000  s1.loss_bbox: 0.6701  s1.loss_iou: 0.9362
2026/03/31 21:23:35 - mmengine - INFO - Epoch(train)  [4][ 1450/10002]  lr: 5.0000e-06  eta: 9:23:51  time: 0.3792  data_time: 0.0032  memory: 7329  grad_norm: 93.4233  loss: 7.9145  rpn_s.0.loss_cls: 0.6216  rpn_s.0.loss_bbox: 0.1081  rpn_s.0.loss_giou: 0.7723  rpn_s.1.loss_cls: 0.4135  rpn_s.1.loss_bbox: 0.0525  rpn_s.1.loss_giou: 0.4027  rpn_s.2.loss_cls: 0.3354  rpn_s.2.loss_bbox: 0.0445  rpn_s.2.loss_giou: 0.3463  rpn_s.3.loss_cls: 0.2890  rpn_s.3.loss_bbox: 0.0414  rpn_s.3.loss_giou: 0.3249  s0.loss_cls: 0.3219  s0.pos_acc: 66.6667  s0.loss_bbox: 0.6421  s0.loss_iou: 1.1131  s1.loss_cls: 0.3190  s1.pos_acc: 77.7778  s1.loss_bbox: 0.7015  s1.loss_iou: 1.0645
2026/03/31 21:23:54 - mmengine - INFO - Epoch(train)  [4][ 1500/10002]  lr: 5.0000e-06  eta: 9:23:31  time: 0.3778  data_time: 0.0031  memory: 7329  grad_norm: 110.8829  loss: 7.2157  rpn_s.0.loss_cls: 0.6037  rpn_s.0.loss_bbox: 0.0899  rpn_s.0.loss_giou: 0.7321  rpn_s.1.loss_cls: 0.4037  rpn_s.1.loss_bbox: 0.0389  rpn_s.1.loss_giou: 0.3609  rpn_s.2.loss_cls: 0.3108  rpn_s.2.loss_bbox: 0.0335  rpn_s.2.loss_giou: 0.3161  rpn_s.3.loss_cls: 0.2694  rpn_s.3.loss_bbox: 0.0318  rpn_s.3.loss_giou: 0.3031  s0.loss_cls: 0.2848  s0.pos_acc: 54.5455  s0.loss_bbox: 0.5972  s0.loss_iou: 0.9674  s1.loss_cls: 0.2839  s1.pos_acc: 56.8182  s1.loss_bbox: 0.6595  s1.loss_iou: 0.9290
2026/03/31 21:24:13 - mmengine - INFO - Epoch(train)  [4][ 1550/10002]  lr: 5.0000e-06  eta: 9:23:11  time: 0.3757  data_time: 0.0032  memory: 7329  grad_norm: 100.2129  loss: 7.8610  rpn_s.0.loss_cls: 0.6305  rpn_s.0.loss_bbox: 0.0890  rpn_s.0.loss_giou: 0.7561  rpn_s.1.loss_cls: 0.4322  rpn_s.1.loss_bbox: 0.0423  rpn_s.1.loss_giou: 0.3957  rpn_s.2.loss_cls: 0.3514  rpn_s.2.loss_bbox: 0.0372  rpn_s.2.loss_giou: 0.3547  rpn_s.3.loss_cls: 0.3154  rpn_s.3.loss_bbox: 0.0339  rpn_s.3.loss_giou: 0.3342  s0.loss_cls: 0.3422  s0.pos_acc: 50.0000  s0.loss_bbox: 0.5902  s0.loss_iou: 1.1221  s1.loss_cls: 0.3235  s1.pos_acc: 75.0000  s1.loss_bbox: 0.6456  s1.loss_iou: 1.0648
2026/03/31 21:24:32 - mmengine - INFO - Epoch(train)  [4][ 1600/10002]  lr: 5.0000e-06  eta: 9:22:52  time: 0.3786  data_time: 0.0031  memory: 7329  grad_norm: 103.1567  loss: 8.1995  rpn_s.0.loss_cls: 0.6120  rpn_s.0.loss_bbox: 0.1017  rpn_s.0.loss_giou: 0.7836  rpn_s.1.loss_cls: 0.4246  rpn_s.1.loss_bbox: 0.0515  rpn_s.1.loss_giou: 0.4252  rpn_s.2.loss_cls: 0.3435  rpn_s.2.loss_bbox: 0.0440  rpn_s.2.loss_giou: 0.3736  rpn_s.3.loss_cls: 0.3032  rpn_s.3.loss_bbox: 0.0403  rpn_s.3.loss_giou: 0.3502  s0.loss_cls: 0.3340  s0.pos_acc: 97.0588  s0.loss_bbox: 0.6720  s0.loss_iou: 1.1691  s1.loss_cls: 0.3297  s1.pos_acc: 94.1176  s1.loss_bbox: 0.7114  s1.loss_iou: 1.1302
2026/03/31 21:24:51 - mmengine - INFO - Epoch(train)  [4][ 1650/10002]  lr: 5.0000e-06  eta: 9:22:32  time: 0.3781  data_time: 0.0031  memory: 7329  grad_norm: 86.6391  loss: 7.7688  rpn_s.0.loss_cls: 0.6138  rpn_s.0.loss_bbox: 0.0929  rpn_s.0.loss_giou: 0.7329  rpn_s.1.loss_cls: 0.4220  rpn_s.1.loss_bbox: 0.0433  rpn_s.1.loss_giou: 0.3927  rpn_s.2.loss_cls: 0.3396  rpn_s.2.loss_bbox: 0.0371  rpn_s.2.loss_giou: 0.3435  rpn_s.3.loss_cls: 0.3015  rpn_s.3.loss_bbox: 0.0337  rpn_s.3.loss_giou: 0.3204  s0.loss_cls: 0.3313  s0.pos_acc: 66.6667  s0.loss_bbox: 0.6570  s0.loss_iou: 1.0466  s1.loss_cls: 0.3344  s1.pos_acc: 66.6667  s1.loss_bbox: 0.7241  s1.loss_iou: 1.0021
2026/03/31 21:25:10 - mmengine - INFO - Epoch(train)  [4][ 1700/10002]  lr: 5.0000e-06  eta: 9:22:12  time: 0.3779  data_time: 0.0031  memory: 7329  grad_norm: 116.0102  loss: 7.7538  rpn_s.0.loss_cls: 0.6049  rpn_s.0.loss_bbox: 0.0902  rpn_s.0.loss_giou: 0.7552  rpn_s.1.loss_cls: 0.4235  rpn_s.1.loss_bbox: 0.0417  rpn_s.1.loss_giou: 0.4066  rpn_s.2.loss_cls: 0.3431  rpn_s.2.loss_bbox: 0.0359  rpn_s.2.loss_giou: 0.3566  rpn_s.3.loss_cls: 0.2955  rpn_s.3.loss_bbox: 0.0336  rpn_s.3.loss_giou: 0.3351  s0.loss_cls: 0.3324  s0.pos_acc: 84.6939  s0.loss_bbox: 0.5787  s0.loss_iou: 1.1062  s1.loss_cls: 0.3279  s1.pos_acc: 84.1837  s1.loss_bbox: 0.6132  s1.loss_iou: 1.0734
2026/03/31 21:25:29 - mmengine - INFO - Epoch(train)  [4][ 1750/10002]  lr: 5.0000e-06  eta: 9:21:52  time: 0.3743  data_time: 0.0031  memory: 7329  grad_norm: 107.7098  loss: 7.4957  rpn_s.0.loss_cls: 0.5974  rpn_s.0.loss_bbox: 0.0915  rpn_s.0.loss_giou: 0.6942  rpn_s.1.loss_cls: 0.4086  rpn_s.1.loss_bbox: 0.0455  rpn_s.1.loss_giou: 0.3750  rpn_s.2.loss_cls: 0.3192  rpn_s.2.loss_bbox: 0.0403  rpn_s.2.loss_giou: 0.3338  rpn_s.3.loss_cls: 0.2836  rpn_s.3.loss_bbox: 0.0375  rpn_s.3.loss_giou: 0.3137  s0.loss_cls: 0.3042  s0.pos_acc: 75.0000  s0.loss_bbox: 0.6477  s0.loss_iou: 1.0221  s1.loss_cls: 0.3002  s1.pos_acc: 80.0000  s1.loss_bbox: 0.6991  s1.loss_iou: 0.9822
2026/03/31 21:25:47 - mmengine - INFO - Epoch(train)  [4][ 1800/10002]  lr: 5.0000e-06  eta: 9:21:32  time: 0.3765  data_time: 0.0031  memory: 7329  grad_norm: 102.6525  loss: 7.0240  rpn_s.0.loss_cls: 0.5475  rpn_s.0.loss_bbox: 0.0924  rpn_s.0.loss_giou: 0.6497  rpn_s.1.loss_cls: 0.3618  rpn_s.1.loss_bbox: 0.0443  rpn_s.1.loss_giou: 0.3509  rpn_s.2.loss_cls: 0.2846  rpn_s.2.loss_bbox: 0.0382  rpn_s.2.loss_giou: 0.3065  rpn_s.3.loss_cls: 0.2528  rpn_s.3.loss_bbox: 0.0355  rpn_s.3.loss_giou: 0.2885  s0.loss_cls: 0.2880  s0.pos_acc: 78.1250  s0.loss_bbox: 0.6446  s0.loss_iou: 0.9558  s1.loss_cls: 0.2886  s1.pos_acc: 78.1250  s1.loss_bbox: 0.6842  s1.loss_iou: 0.9101
2026/03/31 21:26:06 - mmengine - INFO - Epoch(train)  [4][ 1850/10002]  lr: 5.0000e-06  eta: 9:21:12  time: 0.3738  data_time: 0.0031  memory: 7329  grad_norm: 94.8744  loss: 7.6846  rpn_s.0.loss_cls: 0.6154  rpn_s.0.loss_bbox: 0.0927  rpn_s.0.loss_giou: 0.7444  rpn_s.1.loss_cls: 0.4080  rpn_s.1.loss_bbox: 0.0418  rpn_s.1.loss_giou: 0.3827  rpn_s.2.loss_cls: 0.3363  rpn_s.2.loss_bbox: 0.0369  rpn_s.2.loss_giou: 0.3397  rpn_s.3.loss_cls: 0.3031  rpn_s.3.loss_bbox: 0.0338  rpn_s.3.loss_giou: 0.3193  s0.loss_cls: 0.3490  s0.pos_acc: 100.0000  s0.loss_bbox: 0.6299  s0.loss_iou: 1.0421  s1.loss_cls: 0.3327  s1.pos_acc: 100.0000  s1.loss_bbox: 0.6667  s1.loss_iou: 1.0102
2026/03/31 21:26:25 - mmengine - INFO - Epoch(train)  [4][ 1900/10002]  lr: 5.0000e-06  eta: 9:20:53  time: 0.3792  data_time: 0.0031  memory: 7329  grad_norm: 90.2317  loss: 8.0992  rpn_s.0.loss_cls: 0.6111  rpn_s.0.loss_bbox: 0.1027  rpn_s.0.loss_giou: 0.8376  rpn_s.1.loss_cls: 0.4104  rpn_s.1.loss_bbox: 0.0442  rpn_s.1.loss_giou: 0.4298  rpn_s.2.loss_cls: 0.3316  rpn_s.2.loss_bbox: 0.0381  rpn_s.2.loss_giou: 0.3787  rpn_s.3.loss_cls: 0.2854  rpn_s.3.loss_bbox: 0.0358  rpn_s.3.loss_giou: 0.3571  s0.loss_cls: 0.3141  s0.pos_acc: 81.1441  s0.loss_bbox: 0.6461  s0.loss_iou: 1.1541  s1.loss_cls: 0.3215  s1.pos_acc: 79.6610  s1.loss_bbox: 0.6944  s1.loss_iou: 1.1066
2026/03/31 21:26:44 - mmengine - INFO - Epoch(train)  [4][ 1950/10002]  lr: 5.0000e-06  eta: 9:20:34  time: 0.3828  data_time: 0.0031  memory: 7329  grad_norm: 86.5936  loss: 7.8359  rpn_s.0.loss_cls: 0.6115  rpn_s.0.loss_bbox: 0.0993  rpn_s.0.loss_giou: 0.7721  rpn_s.1.loss_cls: 0.4005  rpn_s.1.loss_bbox: 0.0518  rpn_s.1.loss_giou: 0.4083  rpn_s.2.loss_cls: 0.3186  rpn_s.2.loss_bbox: 0.0454  rpn_s.2.loss_giou: 0.3579  rpn_s.3.loss_cls: 0.2740  rpn_s.3.loss_bbox: 0.0420  rpn_s.3.loss_giou: 0.3408  s0.loss_cls: 0.3031  s0.pos_acc: 71.5094  s0.loss_bbox: 0.6363  s0.loss_iou: 1.1165  s1.loss_cls: 0.3029  s1.pos_acc: 73.0189  s1.loss_bbox: 0.6775  s1.loss_iou: 1.0774
2026/03/31 21:27:01 - mmengine - INFO - Exp name: GSDet_r50_b900_h2h4_h2r1_r2r1_2x_fair1m1.0_20260331_165920
2026/03/31 21:27:03 - mmengine - INFO - Epoch(train)  [4][ 2000/10002]  lr: 5.0000e-06  eta: 9:20:13  time: 0.3735  data_time: 0.0031  memory: 7330  grad_norm: 95.0624  loss: 7.5012  rpn_s.0.loss_cls: 0.6010  rpn_s.0.loss_bbox: 0.1019  rpn_s.0.loss_giou: 0.7170  rpn_s.1.loss_cls: 0.3948  rpn_s.1.loss_bbox: 0.0458  rpn_s.1.loss_giou: 0.3743  rpn_s.2.loss_cls: 0.3200  rpn_s.2.loss_bbox: 0.0400  rpn_s.2.loss_giou: 0.3297  rpn_s.3.loss_cls: 0.2840  rpn_s.3.loss_bbox: 0.0352  rpn_s.3.loss_giou: 0.3027  s0.loss_cls: 0.3130  s0.pos_acc: 100.0000  s0.loss_bbox: 0.6731  s0.loss_iou: 0.9943  s1.loss_cls: 0.3058  s1.pos_acc: 100.0000  s1.loss_bbox: 0.7031  s1.loss_iou: 0.9657
2026/03/31 21:27:22 - mmengine - INFO - Epoch(train)  [4][ 2050/10002]  lr: 5.0000e-06  eta: 9:19:55  time: 0.3847  data_time: 0.0030  memory: 7330  grad_norm: 88.8367  loss: 8.1209  rpn_s.0.loss_cls: 0.6168  rpn_s.0.loss_bbox: 0.0992  rpn_s.0.loss_giou: 0.7984  rpn_s.1.loss_cls: 0.4216  rpn_s.1.loss_bbox: 0.0463  rpn_s.1.loss_giou: 0.4163  rpn_s.2.loss_cls: 0.3441  rpn_s.2.loss_bbox: 0.0386  rpn_s.2.loss_giou: 0.3612  rpn_s.3.loss_cls: 0.2991  rpn_s.3.loss_bbox: 0.0361  rpn_s.3.loss_giou: 0.3424  s0.loss_cls: 0.3227  s0.pos_acc: 74.4770  s0.loss_bbox: 0.6590  s0.loss_iou: 1.1423  s1.loss_cls: 0.3186  s1.pos_acc: 79.4979  s1.loss_bbox: 0.7583  s1.loss_iou: 1.0998
2026/03/31 21:27:41 - mmengine - INFO - Epoch(train)  [4][ 2100/10002]  lr: 5.0000e-06  eta: 9:19:35  time: 0.3793  data_time: 0.0031  memory: 7329  grad_norm: 94.7371  loss: 7.9977  rpn_s.0.loss_cls: 0.6211  rpn_s.0.loss_bbox: 0.0960  rpn_s.0.loss_giou: 0.8323  rpn_s.1.loss_cls: 0.4119  rpn_s.1.loss_bbox: 0.0417  rpn_s.1.loss_giou: 0.4211  rpn_s.2.loss_cls: 0.3317  rpn_s.2.loss_bbox: 0.0359  rpn_s.2.loss_giou: 0.3652  rpn_s.3.loss_cls: 0.3068  rpn_s.3.loss_bbox: 0.0333  rpn_s.3.loss_giou: 0.3500  s0.loss_cls: 0.3360  s0.pos_acc: 73.9437  s0.loss_bbox: 0.5443  s0.loss_iou: 1.1782  s1.loss_cls: 0.3470  s1.pos_acc: 72.8873  s1.loss_bbox: 0.6082  s1.loss_iou: 1.1369
2026/03/31 21:28:00 - mmengine - INFO - Epoch(train)  [4][ 2150/10002]  lr: 5.0000e-06  eta: 9:19:15  time: 0.3746  data_time: 0.0031  memory: 7329  grad_norm: 115.8609  loss: 7.5572  rpn_s.0.loss_cls: 0.5984  rpn_s.0.loss_bbox: 0.0966  rpn_s.0.loss_giou: 0.7303  rpn_s.1.loss_cls: 0.3921  rpn_s.1.loss_bbox: 0.0449  rpn_s.1.loss_giou: 0.3850  rpn_s.2.loss_cls: 0.3146  rpn_s.2.loss_bbox: 0.0386  rpn_s.2.loss_giou: 0.3335  rpn_s.3.loss_cls: 0.2666  rpn_s.3.loss_bbox: 0.0357  rpn_s.3.loss_giou: 0.3143  s0.loss_cls: 0.3017  s0.pos_acc: 71.4815  s0.loss_bbox: 0.6741  s0.loss_iou: 1.0295  s1.loss_cls: 0.2902  s1.pos_acc: 78.1481  s1.loss_bbox: 0.7255  s1.loss_iou: 0.9855
2026/03/31 21:28:19 - mmengine - INFO - Epoch(train)  [4][ 2200/10002]  lr: 5.0000e-06  eta: 9:18:57  time: 0.3906  data_time: 0.0031  memory: 7330  grad_norm: 122.7120  loss: 8.2048  rpn_s.0.loss_cls: 0.5956  rpn_s.0.loss_bbox: 0.1024  rpn_s.0.loss_giou: 0.8136  rpn_s.1.loss_cls: 0.4100  rpn_s.1.loss_bbox: 0.0465  rpn_s.1.loss_giou: 0.4249  rpn_s.2.loss_cls: 0.3299  rpn_s.2.loss_bbox: 0.0400  rpn_s.2.loss_giou: 0.3671  rpn_s.3.loss_cls: 0.2928  rpn_s.3.loss_bbox: 0.0378  rpn_s.3.loss_giou: 0.3490  s0.loss_cls: 0.3293  s0.pos_acc: 83.0645  s0.loss_bbox: 0.6929  s0.loss_iou: 1.1843  s1.loss_cls: 0.3150  s1.pos_acc: 83.0645  s1.loss_bbox: 0.7077  s1.loss_iou: 1.1659
2026/03/31 21:28:38 - mmengine - INFO - Epoch(train)  [4][ 2250/10002]  lr: 5.0000e-06  eta: 9:18:37  time: 0.3739  data_time: 0.0030  memory: 7329  grad_norm: 93.8153  loss: 7.7392  rpn_s.0.loss_cls: 0.6252  rpn_s.0.loss_bbox: 0.0942  rpn_s.0.loss_giou: 0.7327  rpn_s.1.loss_cls: 0.4313  rpn_s.1.loss_bbox: 0.0443  rpn_s.1.loss_giou: 0.3873  rpn_s.2.loss_cls: 0.3388  rpn_s.2.loss_bbox: 0.0386  rpn_s.2.loss_giou: 0.3424  rpn_s.3.loss_cls: 0.3042  rpn_s.3.loss_bbox: 0.0351  rpn_s.3.loss_giou: 0.3159  s0.loss_cls: 0.3364  s0.pos_acc: 89.5833  s0.loss_bbox: 0.6565  s0.loss_iou: 1.0200  s1.loss_cls: 0.3340  s1.pos_acc: 87.5000  s1.loss_bbox: 0.7150  s1.loss_iou: 0.9871
2026/03/31 21:28:57 - mmengine - INFO - Epoch(train)  [4][ 2300/10002]  lr: 5.0000e-06  eta: 9:18:17  time: 0.3750  data_time: 0.0030  memory: 7329  grad_norm: 98.6403  loss: 7.5171  rpn_s.0.loss_cls: 0.5909  rpn_s.0.loss_bbox: 0.0938  rpn_s.0.loss_giou: 0.7466  rpn_s.1.loss_cls: 0.3864  rpn_s.1.loss_bbox: 0.0429  rpn_s.1.loss_giou: 0.3977  rpn_s.2.loss_cls: 0.3109  rpn_s.2.loss_bbox: 0.0367  rpn_s.2.loss_giou: 0.3440  rpn_s.3.loss_cls: 0.2722  rpn_s.3.loss_bbox: 0.0330  rpn_s.3.loss_giou: 0.3213  s0.loss_cls: 0.2993  s0.pos_acc: 87.5000  s0.loss_bbox: 0.6289  s0.loss_iou: 1.0533  s1.loss_cls: 0.2898  s1.pos_acc: 87.5000  s1.loss_bbox: 0.6542  s1.loss_iou: 1.0150
2026/03/31 21:29:15 - mmengine - INFO - Epoch(train)  [4][ 2350/10002]  lr: 5.0000e-06  eta: 9:17:56  time: 0.3718  data_time: 0.0031  memory: 7329  grad_norm: 89.0321  loss: 7.9698  rpn_s.0.loss_cls: 0.6273  rpn_s.0.loss_bbox: 0.0955  rpn_s.0.loss_giou: 0.7599  rpn_s.1.loss_cls: 0.4248  rpn_s.1.loss_bbox: 0.0436  rpn_s.1.loss_giou: 0.4052  rpn_s.2.loss_cls: 0.3642  rpn_s.2.loss_bbox: 0.0386  rpn_s.2.loss_giou: 0.3544  rpn_s.3.loss_cls: 0.3261  rpn_s.3.loss_bbox: 0.0363  rpn_s.3.loss_giou: 0.3349  s0.loss_cls: 0.3829  s0.pos_acc: 56.9767  s0.loss_bbox: 0.6247  s0.loss_iou: 1.0798  s1.loss_cls: 0.3654  s1.pos_acc: 61.6279  s1.loss_bbox: 0.6817  s1.loss_iou: 1.0244
2026/03/31 21:29:34 - mmengine - INFO - Epoch(train)  [4][ 2400/10002]  lr: 5.0000e-06  eta: 9:17:37  time: 0.3755  data_time: 0.0030  memory: 7329  grad_norm: 99.6988  loss: 7.5480  rpn_s.0.loss_cls: 0.5980  rpn_s.0.loss_bbox: 0.0945  rpn_s.0.loss_giou: 0.7402  rpn_s.1.loss_cls: 0.4063  rpn_s.1.loss_bbox: 0.0451  rpn_s.1.loss_giou: 0.3844  rpn_s.2.loss_cls: 0.3160  rpn_s.2.loss_bbox: 0.0373  rpn_s.2.loss_giou: 0.3316  rpn_s.3.loss_cls: 0.2647  rpn_s.3.loss_bbox: 0.0349  rpn_s.3.loss_giou: 0.3094  s0.loss_cls: 0.2976  s0.pos_acc: 100.0000  s0.loss_bbox: 0.6856  s0.loss_iou: 1.0159  s1.loss_cls: 0.3040  s1.pos_acc: 100.0000  s1.loss_bbox: 0.7107  s1.loss_iou: 0.9717
2026/03/31 21:29:53 - mmengine - INFO - Epoch(train)  [4][ 2450/10002]  lr: 5.0000e-06  eta: 9:17:16  time: 0.3727  data_time: 0.0030  memory: 7329  grad_norm: 120.3627  loss: 7.2602  rpn_s.0.loss_cls: 0.5614  rpn_s.0.loss_bbox: 0.0885  rpn_s.0.loss_giou: 0.6601  rpn_s.1.loss_cls: 0.3807  rpn_s.1.loss_bbox: 0.0462  rpn_s.1.loss_giou: 0.3633  rpn_s.2.loss_cls: 0.3205  rpn_s.2.loss_bbox: 0.0409  rpn_s.2.loss_giou: 0.3261  rpn_s.3.loss_cls: 0.2844  rpn_s.3.loss_bbox: 0.0382  rpn_s.3.loss_giou: 0.3057  s0.loss_cls: 0.3057  s0.pos_acc: 80.0000  s0.loss_bbox: 0.6268  s0.loss_iou: 0.9889  s1.loss_cls: 0.3024  s1.pos_acc: 80.0000  s1.loss_bbox: 0.6749  s1.loss_iou: 0.9454
2026/03/31 21:30:12 - mmengine - INFO - Epoch(train)  [4][ 2500/10002]  lr: 5.0000e-06  eta: 9:16:57  time: 0.3797  data_time: 0.0031  memory: 7329  grad_norm: 88.5568  loss: 7.8961  rpn_s.0.loss_cls: 0.6187  rpn_s.0.loss_bbox: 0.1031  rpn_s.0.loss_giou: 0.7992  rpn_s.1.loss_cls: 0.4236  rpn_s.1.loss_bbox: 0.0443  rpn_s.1.loss_giou: 0.4090  rpn_s.2.loss_cls: 0.3548  rpn_s.2.loss_bbox: 0.0365  rpn_s.2.loss_giou: 0.3546  rpn_s.3.loss_cls: 0.3107  rpn_s.3.loss_bbox: 0.0340  rpn_s.3.loss_giou: 0.3336  s0.loss_cls: 0.3461  s0.pos_acc: 86.6667  s0.loss_bbox: 0.6123  s0.loss_iou: 1.0697  s1.loss_cls: 0.3402  s1.pos_acc: 90.0000  s1.loss_bbox: 0.6705  s1.loss_iou: 1.0351
2026/03/31 21:30:31 - mmengine - INFO - Epoch(train)  [4][ 2550/10002]  lr: 5.0000e-06  eta: 9:16:37  time: 0.3760  data_time: 0.0031  memory: 7329  grad_norm: 97.4194  loss: 7.4775  rpn_s.0.loss_cls: 0.5804  rpn_s.0.loss_bbox: 0.0940  rpn_s.0.loss_giou: 0.7045  rpn_s.1.loss_cls: 0.4002  rpn_s.1.loss_bbox: 0.0425  rpn_s.1.loss_giou: 0.3672  rpn_s.2.loss_cls: 0.3272  rpn_s.2.loss_bbox: 0.0371  rpn_s.2.loss_giou: 0.3216  rpn_s.3.loss_cls: 0.2940  rpn_s.3.loss_bbox: 0.0339  rpn_s.3.loss_giou: 0.3006  s0.loss_cls: 0.3230  s0.pos_acc: 96.1538  s0.loss_bbox: 0.6629  s0.loss_iou: 1.0099  s1.loss_cls: 0.3166  s1.pos_acc: 92.3077  s1.loss_bbox: 0.6958  s1.loss_iou: 0.9661
2026/03/31 21:30:50 - mmengine - INFO - Epoch(train)  [4][ 2600/10002]  lr: 5.0000e-06  eta: 9:16:18  time: 0.3848  data_time: 0.0030  memory: 7330  grad_norm: 95.6581  loss: 7.9457  rpn_s.0.loss_cls: 0.6060  rpn_s.0.loss_bbox: 0.0997  rpn_s.0.loss_giou: 0.7863  rpn_s.1.loss_cls: 0.4129  rpn_s.1.loss_bbox: 0.0468  rpn_s.1.loss_giou: 0.4168  rpn_s.2.loss_cls: 0.3328  rpn_s.2.loss_bbox: 0.0399  rpn_s.2.loss_giou: 0.3653  rpn_s.3.loss_cls: 0.2984  rpn_s.3.loss_bbox: 0.0376  rpn_s.3.loss_giou: 0.3474  s0.loss_cls: 0.3296  s0.pos_acc: 80.0000  s0.loss_bbox: 0.5869  s0.loss_iou: 1.1554  s1.loss_cls: 0.3326  s1.pos_acc: 80.0000  s1.loss_bbox: 0.6352  s1.loss_iou: 1.1159
2026/03/31 21:31:09 - mmengine - INFO - Epoch(train)  [4][ 2650/10002]  lr: 5.0000e-06  eta: 9:15:58  time: 0.3737  data_time: 0.0030  memory: 7329  grad_norm: 108.5353  loss: 7.3677  rpn_s.0.loss_cls: 0.5786  rpn_s.0.loss_bbox: 0.0912  rpn_s.0.loss_giou: 0.6853  rpn_s.1.loss_cls: 0.3778  rpn_s.1.loss_bbox: 0.0459  rpn_s.1.loss_giou: 0.3748  rpn_s.2.loss_cls: 0.3083  rpn_s.2.loss_bbox: 0.0409  rpn_s.2.loss_giou: 0.3348  rpn_s.3.loss_cls: 0.2702  rpn_s.3.loss_bbox: 0.0384  rpn_s.3.loss_giou: 0.3158  s0.loss_cls: 0.3156  s0.pos_acc: 81.6667  s0.loss_bbox: 0.6188  s0.loss_iou: 1.0056  s1.loss_cls: 0.3153  s1.pos_acc: 82.2222  s1.loss_bbox: 0.6866  s1.loss_iou: 0.9638
2026/03/31 21:31:28 - mmengine - INFO - Epoch(train)  [4][ 2700/10002]  lr: 5.0000e-06  eta: 9:15:39  time: 0.3834  data_time: 0.0030  memory: 7329  grad_norm: 85.9028  loss: 8.1916  rpn_s.0.loss_cls: 0.6099  rpn_s.0.loss_bbox: 0.1048  rpn_s.0.loss_giou: 0.8528  rpn_s.1.loss_cls: 0.4204  rpn_s.1.loss_bbox: 0.0453  rpn_s.1.loss_giou: 0.4309  rpn_s.2.loss_cls: 0.3485  rpn_s.2.loss_bbox: 0.0376  rpn_s.2.loss_giou: 0.3696  rpn_s.3.loss_cls: 0.3033  rpn_s.3.loss_bbox: 0.0354  rpn_s.3.loss_giou: 0.3485  s0.loss_cls: 0.3290  s0.pos_acc: 26.5244  s0.loss_bbox: 0.6141  s0.loss_iou: 1.1792  s1.loss_cls: 0.3114  s1.pos_acc: 46.9512  s1.loss_bbox: 0.7006  s1.loss_iou: 1.1502
2026/03/31 21:31:46 - mmengine - INFO - Epoch(train)  [4][ 2750/10002]  lr: 5.0000e-06  eta: 9:15:19  time: 0.3729  data_time: 0.0030  memory: 7329  grad_norm: 89.1182  loss: 7.2308  rpn_s.0.loss_cls: 0.5852  rpn_s.0.loss_bbox: 0.0906  rpn_s.0.loss_giou: 0.6934  rpn_s.1.loss_cls: 0.3904  rpn_s.1.loss_bbox: 0.0407  rpn_s.1.loss_giou: 0.3643  rpn_s.2.loss_cls: 0.3112  rpn_s.2.loss_bbox: 0.0348  rpn_s.2.loss_giou: 0.3217  rpn_s.3.loss_cls: 0.2801  rpn_s.3.loss_bbox: 0.0324  rpn_s.3.loss_giou: 0.3042  s0.loss_cls: 0.3078  s0.pos_acc: 100.0000  s0.loss_bbox: 0.6209  s0.loss_iou: 0.9640  s1.loss_cls: 0.3082  s1.pos_acc: 100.0000  s1.loss_bbox: 0.6461  s1.loss_iou: 0.9347
2026/03/31 21:32:05 - mmengine - INFO - Epoch(train)  [4][ 2800/10002]  lr: 5.0000e-06  eta: 9:15:00  time: 0.3820  data_time: 0.0030  memory: 7329  grad_norm: 97.3728  loss: 7.7331  rpn_s.0.loss_cls: 0.5702  rpn_s.0.loss_bbox: 0.0995  rpn_s.0.loss_giou: 0.7794  rpn_s.1.loss_cls: 0.4087  rpn_s.1.loss_bbox: 0.0458  rpn_s.1.loss_giou: 0.4083  rpn_s.2.loss_cls: 0.3300  rpn_s.2.loss_bbox: 0.0400  rpn_s.2.loss_giou: 0.3600  rpn_s.3.loss_cls: 0.2976  rpn_s.3.loss_bbox: 0.0366  rpn_s.3.loss_giou: 0.3470  s0.loss_cls: 0.3279  s0.pos_acc: 58.3333  s0.loss_bbox: 0.5534  s0.loss_iou: 1.1283  s1.loss_cls: 0.3227  s1.pos_acc: 58.3333  s1.loss_bbox: 0.5793  s1.loss_iou: 1.0984
2026/03/31 21:32:25 - mmengine - INFO - Epoch(train)  [4][ 2850/10002]  lr: 5.0000e-06  eta: 9:14:42  time: 0.3897  data_time: 0.0031  memory: 7330  grad_norm: 89.2302  loss: 7.9651  rpn_s.0.loss_cls: 0.6000  rpn_s.0.loss_bbox: 0.1023  rpn_s.0.loss_giou: 0.7932  rpn_s.1.loss_cls: 0.4112  rpn_s.1.loss_bbox: 0.0483  rpn_s.1.loss_giou: 0.4134  rpn_s.2.loss_cls: 0.3311  rpn_s.2.loss_bbox: 0.0418  rpn_s.2.loss_giou: 0.3594  rpn_s.3.loss_cls: 0.2909  rpn_s.3.loss_bbox: 0.0382  rpn_s.3.loss_giou: 0.3352  s0.loss_cls: 0.3045  s0.pos_acc: 69.7674  s0.loss_bbox: 0.6735  s0.loss_iou: 1.1107  s1.loss_cls: 0.3078  s1.pos_acc: 70.9302  s1.loss_bbox: 0.7259  s1.loss_iou: 1.0778
2026/03/31 21:32:44 - mmengine - INFO - Epoch(train)  [4][ 2900/10002]  lr: 5.0000e-06  eta: 9:14:22  time: 0.3772  data_time: 0.0031  memory: 7329  grad_norm: 96.2870  loss: 7.6912  rpn_s.0.loss_cls: 0.5858  rpn_s.0.loss_bbox: 0.1004  rpn_s.0.loss_giou: 0.7048  rpn_s.1.loss_cls: 0.4210  rpn_s.1.loss_bbox: 0.0489  rpn_s.1.loss_giou: 0.3749  rpn_s.2.loss_cls: 0.3402  rpn_s.2.loss_bbox: 0.0432  rpn_s.2.loss_giou: 0.3360  rpn_s.3.loss_cls: 0.3089  rpn_s.3.loss_bbox: 0.0393  rpn_s.3.loss_giou: 0.3144  s0.loss_cls: 0.3359  s0.pos_acc: 100.0000  s0.loss_bbox: 0.6470  s0.loss_iou: 1.0653  s1.loss_cls: 0.3297  s1.pos_acc: 100.0000  s1.loss_bbox: 0.6731  s1.loss_iou: 1.0223
2026/03/31 21:33:03 - mmengine - INFO - Epoch(train)  [4][ 2950/10002]  lr: 5.0000e-06  eta: 9:14:03  time: 0.3797  data_time: 0.0031  memory: 7330  grad_norm: 94.6035  loss: 7.4874  rpn_s.0.loss_cls: 0.5775  rpn_s.0.loss_bbox: 0.0988  rpn_s.0.loss_giou: 0.7519  rpn_s.1.loss_cls: 0.3901  rpn_s.1.loss_bbox: 0.0489  rpn_s.1.loss_giou: 0.3893  rpn_s.2.loss_cls: 0.3024  rpn_s.2.loss_bbox: 0.0430  rpn_s.2.loss_giou: 0.3443  rpn_s.3.loss_cls: 0.2648  rpn_s.3.loss_bbox: 0.0385  rpn_s.3.loss_giou: 0.3207  s0.loss_cls: 0.2943  s0.pos_acc: 78.1250  s0.loss_bbox: 0.5960  s0.loss_iou: 1.0610  s1.loss_cls: 0.2992  s1.pos_acc: 84.3750  s1.loss_bbox: 0.6512  s1.loss_iou: 1.0154
2026/03/31 21:33:19 - mmengine - INFO - Exp name: GSDet_r50_b900_h2h4_h2r1_r2r1_2x_fair1m1.0_20260331_165920
2026/03/31 21:33:22 - mmengine - INFO - Epoch(train)  [4][ 3000/10002]  lr: 5.0000e-06  eta: 9:13:43  time: 0.3759  data_time: 0.0030  memory: 7329  grad_norm: 82.3474  loss: 7.7925  rpn_s.0.loss_cls: 0.6091  rpn_s.0.loss_bbox: 0.0909  rpn_s.0.loss_giou: 0.7783  rpn_s.1.loss_cls: 0.4120  rpn_s.1.loss_bbox: 0.0385  rpn_s.1.loss_giou: 0.3984  rpn_s.2.loss_cls: 0.3296  rpn_s.2.loss_bbox: 0.0326  rpn_s.2.loss_giou: 0.3489  rpn_s.3.loss_cls: 0.2949  rpn_s.3.loss_bbox: 0.0309  rpn_s.3.loss_giou: 0.3318  s0.loss_cls: 0.3293  s0.pos_acc: 69.2308  s0.loss_bbox: 0.6124  s0.loss_iou: 1.0950  s1.loss_cls: 0.3290  s1.pos_acc: 69.2308  s1.loss_bbox: 0.6771  s1.loss_iou: 1.0538
2026/03/31 21:33:40 - mmengine - INFO - Epoch(train)  [4][ 3050/10002]  lr: 5.0000e-06  eta: 9:13:23  time: 0.3764  data_time: 0.0031  memory: 7329  grad_norm: 92.8309  loss: 7.3488  rpn_s.0.loss_cls: 0.5757  rpn_s.0.loss_bbox: 0.0895  rpn_s.0.loss_giou: 0.6609  rpn_s.1.loss_cls: 0.4053  rpn_s.1.loss_bbox: 0.0454  rpn_s.1.loss_giou: 0.3708  rpn_s.2.loss_cls: 0.3227  rpn_s.2.loss_bbox: 0.0401  rpn_s.2.loss_giou: 0.3295  rpn_s.3.loss_cls: 0.2794  rpn_s.3.loss_bbox: 0.0366  rpn_s.3.loss_giou: 0.3086  s0.loss_cls: 0.3152  s0.pos_acc: 94.7368  s0.loss_bbox: 0.6408  s0.loss_iou: 0.9931  s1.loss_cls: 0.3095  s1.pos_acc: 94.7368  s1.loss_bbox: 0.6831  s1.loss_iou: 0.9428
2026/03/31 21:34:00 - mmengine - INFO - Epoch(train)  [4][ 3100/10002]  lr: 5.0000e-06  eta: 9:13:04  time: 0.3815  data_time: 0.0031  memory: 7330  grad_norm: 85.7395  loss: 7.7526  rpn_s.0.loss_cls: 0.5879  rpn_s.0.loss_bbox: 0.0983  rpn_s.0.loss_giou: 0.8088  rpn_s.1.loss_cls: 0.3971  rpn_s.1.loss_bbox: 0.0471  rpn_s.1.loss_giou: 0.4204  rpn_s.2.loss_cls: 0.3123  rpn_s.2.loss_bbox: 0.0402  rpn_s.2.loss_giou: 0.3675  rpn_s.3.loss_cls: 0.2755  rpn_s.3.loss_bbox: 0.0369  rpn_s.3.loss_giou: 0.3454  s0.loss_cls: 0.3058  s0.pos_acc: 71.9512  s0.loss_bbox: 0.5669  s0.loss_iou: 1.1395  s1.loss_cls: 0.2993  s1.pos_acc: 65.8537  s1.loss_bbox: 0.6173  s1.loss_iou: 1.0865
2026/03/31 21:34:19 - mmengine - INFO - Epoch(train)  [4][ 3150/10002]  lr: 5.0000e-06  eta: 9:12:45  time: 0.3814  data_time: 0.0032  memory: 7330  grad_norm: 102.0547  loss: 8.0467  rpn_s.0.loss_cls: 0.6208  rpn_s.0.loss_bbox: 0.1026  rpn_s.0.loss_giou: 0.8214  rpn_s.1.loss_cls: 0.4104  rpn_s.1.loss_bbox: 0.0472  rpn_s.1.loss_giou: 0.4198  rpn_s.2.loss_cls: 0.3408  rpn_s.2.loss_bbox: 0.0404  rpn_s.2.loss_giou: 0.3644  rpn_s.3.loss_cls: 0.2999  rpn_s.3.loss_bbox: 0.0367  rpn_s.3.loss_giou: 0.3426  s0.loss_cls: 0.3293  s0.pos_acc: 70.8000  s0.loss_bbox: 0.6274  s0.loss_iou: 1.1256  s1.loss_cls: 0.3211  s1.pos_acc: 69.6000  s1.loss_bbox: 0.7138  s1.loss_iou: 1.0827
2026/03/31 21:34:38 - mmengine - INFO - Epoch(train)  [4][ 3200/10002]  lr: 5.0000e-06  eta: 9:12:26  time: 0.3832  data_time: 0.0031  memory: 7329  grad_norm: 109.0552  loss: 8.4899  rpn_s.0.loss_cls: 0.6490  rpn_s.0.loss_bbox: 0.1010  rpn_s.0.loss_giou: 0.8604  rpn_s.1.loss_cls: 0.4612  rpn_s.1.loss_bbox: 0.0441  rpn_s.1.loss_giou: 0.4426  rpn_s.2.loss_cls: 0.3785  rpn_s.2.loss_bbox: 0.0372  rpn_s.2.loss_giou: 0.3797  rpn_s.3.loss_cls: 0.3419  rpn_s.3.loss_bbox: 0.0338  rpn_s.3.loss_giou: 0.3572  s0.loss_cls: 0.3801  s0.pos_acc: 77.7778  s0.loss_bbox: 0.5974  s0.loss_iou: 1.2260  s1.loss_cls: 0.3709  s1.pos_acc: 82.1429  s1.loss_bbox: 0.6473  s1.loss_iou: 1.1815
2026/03/31 21:34:57 - mmengine - INFO - Epoch(train)  [4][ 3250/10002]  lr: 5.0000e-06  eta: 9:12:06  time: 0.3758  data_time: 0.0031  memory: 7329  grad_norm: 97.2200  loss: 8.0452  rpn_s.0.loss_cls: 0.6226  rpn_s.0.loss_bbox: 0.0998  rpn_s.0.loss_giou: 0.7772  rpn_s.1.loss_cls: 0.4257  rpn_s.1.loss_bbox: 0.0454  rpn_s.1.loss_giou: 0.4099  rpn_s.2.loss_cls: 0.3549  rpn_s.2.loss_bbox: 0.0376  rpn_s.2.loss_giou: 0.3593  rpn_s.3.loss_cls: 0.3141  rpn_s.3.loss_bbox: 0.0354  rpn_s.3.loss_giou: 0.3380  s0.loss_cls: 0.3509  s0.pos_acc: 70.6522  s0.loss_bbox: 0.6218  s0.loss_iou: 1.1352  s1.loss_cls: 0.3529  s1.pos_acc: 73.9130  s1.loss_bbox: 0.6889  s1.loss_iou: 1.0756
2026/03/31 21:35:15 - mmengine - INFO - Epoch(train)  [4][ 3300/10002]  lr: 5.0000e-06  eta: 9:11:46  time: 0.3784  data_time: 0.0032  memory: 7329  grad_norm: 96.0684  loss: 7.6726  rpn_s.0.loss_cls: 0.5956  rpn_s.0.loss_bbox: 0.0972  rpn_s.0.loss_giou: 0.7819  rpn_s.1.loss_cls: 0.4048  rpn_s.1.loss_bbox: 0.0420  rpn_s.1.loss_giou: 0.3938  rpn_s.2.loss_cls: 0.3308  rpn_s.2.loss_bbox: 0.0365  rpn_s.2.loss_giou: 0.3459  rpn_s.3.loss_cls: 0.2936  rpn_s.3.loss_bbox: 0.0334  rpn_s.3.loss_giou: 0.3229  s0.loss_cls: 0.3187  s0.pos_acc: 87.5000  s0.loss_bbox: 0.6170  s0.loss_iou: 1.0680  s1.loss_cls: 0.3169  s1.pos_acc: 87.5000  s1.loss_bbox: 0.6409  s1.loss_iou: 1.0330
2026/03/31 21:35:35 - mmengine - INFO - Epoch(train)  [4][ 3350/10002]  lr: 5.0000e-06  eta: 9:11:27  time: 0.3825  data_time: 0.0033  memory: 7329  grad_norm: 82.6995  loss: 8.1720  rpn_s.0.loss_cls: 0.6020  rpn_s.0.loss_bbox: 0.1002  rpn_s.0.loss_giou: 0.7777  rpn_s.1.loss_cls: 0.4264  rpn_s.1.loss_bbox: 0.0502  rpn_s.1.loss_giou: 0.4154  rpn_s.2.loss_cls: 0.3433  rpn_s.2.loss_bbox: 0.0433  rpn_s.2.loss_giou: 0.3657  rpn_s.3.loss_cls: 0.3135  rpn_s.3.loss_bbox: 0.0395  rpn_s.3.loss_giou: 0.3433  s0.loss_cls: 0.3499  s0.pos_acc: 89.2857  s0.loss_bbox: 0.6719  s0.loss_iou: 1.1579  s1.loss_cls: 0.3442  s1.pos_acc: 78.5714  s1.loss_bbox: 0.7157  s1.loss_iou: 1.1118
2026/03/31 21:35:54 - mmengine - INFO - Epoch(train)  [4][ 3400/10002]  lr: 5.0000e-06  eta: 9:11:08  time: 0.3822  data_time: 0.0034  memory: 7329  grad_norm: 88.4821  loss: 7.9532  rpn_s.0.loss_cls: 0.6034  rpn_s.0.loss_bbox: 0.1022  rpn_s.0.loss_giou: 0.7820  rpn_s.1.loss_cls: 0.4156  rpn_s.1.loss_bbox: 0.0472  rpn_s.1.loss_giou: 0.4103  rpn_s.2.loss_cls: 0.3308  rpn_s.2.loss_bbox: 0.0391  rpn_s.2.loss_giou: 0.3583  rpn_s.3.loss_cls: 0.2948  rpn_s.3.loss_bbox: 0.0362  rpn_s.3.loss_giou: 0.3416  s0.loss_cls: 0.3227  s0.pos_acc: 85.7143  s0.loss_bbox: 0.6007  s0.loss_iou: 1.1682  s1.loss_cls: 0.3191  s1.pos_acc: 85.7143  s1.loss_bbox: 0.6580  s1.loss_iou: 1.1230
2026/03/31 21:36:13 - mmengine - INFO - Epoch(train)  [4][ 3450/10002]  lr: 5.0000e-06  eta: 9:10:50  time: 0.3857  data_time: 0.0033  memory: 7329  grad_norm: 90.3181  loss: 8.1309  rpn_s.0.loss_cls: 0.6116  rpn_s.0.loss_bbox: 0.0972  rpn_s.0.loss_giou: 0.8050  rpn_s.1.loss_cls: 0.4091  rpn_s.1.loss_bbox: 0.0429  rpn_s.1.loss_giou: 0.4227  rpn_s.2.loss_cls: 0.3333  rpn_s.2.loss_bbox: 0.0369  rpn_s.2.loss_giou: 0.3707  rpn_s.3.loss_cls: 0.2905  rpn_s.3.loss_bbox: 0.0340  rpn_s.3.loss_giou: 0.3451  s0.loss_cls: 0.3321  s0.pos_acc: 76.4706  s0.loss_bbox: 0.6533  s0.loss_iou: 1.1735  s1.loss_cls: 0.3258  s1.pos_acc: 73.5294  s1.loss_bbox: 0.7102  s1.loss_iou: 1.1369
2026/03/31 21:36:32 - mmengine - INFO - Epoch(train)  [4][ 3500/10002]  lr: 5.0000e-06  eta: 9:10:30  time: 0.3788  data_time: 0.0032  memory: 7330  grad_norm: 121.1295  loss: 6.9820  rpn_s.0.loss_cls: 0.5567  rpn_s.0.loss_bbox: 0.0912  rpn_s.0.loss_giou: 0.6473  rpn_s.1.loss_cls: 0.3709  rpn_s.1.loss_bbox: 0.0462  rpn_s.1.loss_giou: 0.3471  rpn_s.2.loss_cls: 0.2826  rpn_s.2.loss_bbox: 0.0413  rpn_s.2.loss_giou: 0.3096  rpn_s.3.loss_cls: 0.2445  rpn_s.3.loss_bbox: 0.0392  rpn_s.3.loss_giou: 0.2908  s0.loss_cls: 0.2850  s0.pos_acc: 81.4516  s0.loss_bbox: 0.6254  s0.loss_iou: 0.9419  s1.loss_cls: 0.2650  s1.pos_acc: 79.8387  s1.loss_bbox: 0.6873  s1.loss_iou: 0.9100
2026/03/31 21:36:51 - mmengine - INFO - Epoch(train)  [4][ 3550/10002]  lr: 5.0000e-06  eta: 9:10:12  time: 0.3861  data_time: 0.0032  memory: 7329  grad_norm: 86.9512  loss: 7.6910  rpn_s.0.loss_cls: 0.6044  rpn_s.0.loss_bbox: 0.1028  rpn_s.0.loss_giou: 0.7609  rpn_s.1.loss_cls: 0.4029  rpn_s.1.loss_bbox: 0.0478  rpn_s.1.loss_giou: 0.3931  rpn_s.2.loss_cls: 0.3266  rpn_s.2.loss_bbox: 0.0408  rpn_s.2.loss_giou: 0.3418  rpn_s.3.loss_cls: 0.2853  rpn_s.3.loss_bbox: 0.0388  rpn_s.3.loss_giou: 0.3227  s0.loss_cls: 0.3267  s0.pos_acc: 81.2500  s0.loss_bbox: 0.6196  s0.loss_iou: 1.0802  s1.loss_cls: 0.3160  s1.pos_acc: 68.7500  s1.loss_bbox: 0.6552  s1.loss_iou: 1.0254
2026/03/31 21:37:10 - mmengine - INFO - Epoch(train)  [4][ 3600/10002]  lr: 5.0000e-06  eta: 9:09:52  time: 0.3773  data_time: 0.0032  memory: 7329  grad_norm: 98.9616  loss: 7.3024  rpn_s.0.loss_cls: 0.6141  rpn_s.0.loss_bbox: 0.0853  rpn_s.0.loss_giou: 0.7234  rpn_s.1.loss_cls: 0.3960  rpn_s.1.loss_bbox: 0.0383  rpn_s.1.loss_giou: 0.3609  rpn_s.2.loss_cls: 0.3022  rpn_s.2.loss_bbox: 0.0335  rpn_s.2.loss_giou: 0.3191  rpn_s.3.loss_cls: 0.2701  rpn_s.3.loss_bbox: 0.0311  rpn_s.3.loss_giou: 0.3043  s0.loss_cls: 0.3058  s0.pos_acc: 64.2857  s0.loss_bbox: 0.6361  s0.loss_iou: 0.9801  s1.loss_cls: 0.2840  s1.pos_acc: 71.4286  s1.loss_bbox: 0.6950  s1.loss_iou: 0.9233
2026/03/31 21:37:29 - mmengine - INFO - Epoch(train)  [4][ 3650/10002]  lr: 5.0000e-06  eta: 9:09:33  time: 0.3808  data_time: 0.0032  memory: 7329  grad_norm: 144.1811  loss: 7.3910  rpn_s.0.loss_cls: 0.5684  rpn_s.0.loss_bbox: 0.0945  rpn_s.0.loss_giou: 0.6670  rpn_s.1.loss_cls: 0.4054  rpn_s.1.loss_bbox: 0.0464  rpn_s.1.loss_giou: 0.3618  rpn_s.2.loss_cls: 0.3288  rpn_s.2.loss_bbox: 0.0409  rpn_s.2.loss_giou: 0.3205  rpn_s.3.loss_cls: 0.2996  rpn_s.3.loss_bbox: 0.0424  rpn_s.3.loss_giou: 0.3013  s0.loss_cls: 0.3186  s0.pos_acc: 81.5789  s0.loss_bbox: 0.5859  s0.loss_iou: 1.0592  s1.loss_cls: 0.3172  s1.pos_acc: 78.9474  s1.loss_bbox: 0.6180  s1.loss_iou: 1.0151
2026/03/31 21:37:48 - mmengine - INFO - Epoch(train)  [4][ 3700/10002]  lr: 5.0000e-06  eta: 9:09:14  time: 0.3807  data_time: 0.0032  memory: 7329  grad_norm: 90.5077  loss: 7.8517  rpn_s.0.loss_cls: 0.6191  rpn_s.0.loss_bbox: 0.1018  rpn_s.0.loss_giou: 0.7692  rpn_s.1.loss_cls: 0.4301  rpn_s.1.loss_bbox: 0.0480  rpn_s.1.loss_giou: 0.4072  rpn_s.2.loss_cls: 0.3410  rpn_s.2.loss_bbox: 0.0419  rpn_s.2.loss_giou: 0.3601  rpn_s.3.loss_cls: 0.3010  rpn_s.3.loss_bbox: 0.0378  rpn_s.3.loss_giou: 0.3342  s0.loss_cls: 0.3405  s0.pos_acc: 76.3158  s0.loss_bbox: 0.5927  s0.loss_iou: 1.0731  s1.loss_cls: 0.3304  s1.pos_acc: 78.9474  s1.loss_bbox: 0.6803  s1.loss_iou: 1.0432
2026/03/31 21:38:08 - mmengine - INFO - Epoch(train)  [4][ 3750/10002]  lr: 5.0000e-06  eta: 9:08:55  time: 0.3874  data_time: 0.0032  memory: 7330  grad_norm: 102.4498  loss: 7.9538  rpn_s.0.loss_cls: 0.5894  rpn_s.0.loss_bbox: 0.0962  rpn_s.0.loss_giou: 0.7770  rpn_s.1.loss_cls: 0.4073  rpn_s.1.loss_bbox: 0.0470  rpn_s.1.loss_giou: 0.4133  rpn_s.2.loss_cls: 0.3343  rpn_s.2.loss_bbox: 0.0412  rpn_s.2.loss_giou: 0.3696  rpn_s.3.loss_cls: 0.2924  rpn_s.3.loss_bbox: 0.0381  rpn_s.3.loss_giou: 0.3459  s0.loss_cls: 0.3184  s0.pos_acc: 90.0000  s0.loss_bbox: 0.6523  s0.loss_iou: 1.1378  s1.loss_cls: 0.3053  s1.pos_acc: 80.0000  s1.loss_bbox: 0.6978  s1.loss_iou: 1.0904
2026/03/31 21:38:27 - mmengine - INFO - Epoch(train)  [4][ 3800/10002]  lr: 5.0000e-06  eta: 9:08:36  time: 0.3824  data_time: 0.0032  memory: 7329  grad_norm: 86.7665  loss: 7.8368  rpn_s.0.loss_cls: 0.5885  rpn_s.0.loss_bbox: 0.1107  rpn_s.0.loss_giou: 0.7649  rpn_s.1.loss_cls: 0.3972  rpn_s.1.loss_bbox: 0.0552  rpn_s.1.loss_giou: 0.3989  rpn_s.2.loss_cls: 0.3226  rpn_s.2.loss_bbox: 0.0476  rpn_s.2.loss_giou: 0.3517  rpn_s.3.loss_cls: 0.2779  rpn_s.3.loss_bbox: 0.0434  rpn_s.3.loss_giou: 0.3334  s0.loss_cls: 0.3209  s0.pos_acc: 100.0000  s0.loss_bbox: 0.6391  s0.loss_iou: 1.1112  s1.loss_cls: 0.3083  s1.pos_acc: 100.0000  s1.loss_bbox: 0.7051  s1.loss_iou: 1.0602
2026/03/31 21:38:47 - mmengine - INFO - Epoch(train)  [4][ 3850/10002]  lr: 5.0000e-06  eta: 9:08:20  time: 0.4016  data_time: 0.0032  memory: 7330  grad_norm: 92.1615  loss: 7.9729  rpn_s.0.loss_cls: 0.5678  rpn_s.0.loss_bbox: 0.0973  rpn_s.0.loss_giou: 0.7700  rpn_s.1.loss_cls: 0.3937  rpn_s.1.loss_bbox: 0.0459  rpn_s.1.loss_giou: 0.4229  rpn_s.2.loss_cls: 0.3129  rpn_s.2.loss_bbox: 0.0395  rpn_s.2.loss_giou: 0.3718  rpn_s.3.loss_cls: 0.2781  rpn_s.3.loss_bbox: 0.0367  rpn_s.3.loss_giou: 0.3471  s0.loss_cls: 0.3157  s0.pos_acc: 60.0000  s0.loss_bbox: 0.6394  s0.loss_iou: 1.1735  s1.loss_cls: 0.3143  s1.pos_acc: 60.0000  s1.loss_bbox: 0.7148  s1.loss_iou: 1.1312
2026/03/31 21:39:06 - mmengine - INFO - Epoch(train)  [4][ 3900/10002]  lr: 5.0000e-06  eta: 9:08:01  time: 0.3806  data_time: 0.0032  memory: 7329  grad_norm: 82.6372  loss: 8.2002  rpn_s.0.loss_cls: 0.6438  rpn_s.0.loss_bbox: 0.1049  rpn_s.0.loss_giou: 0.8694  rpn_s.1.loss_cls: 0.4292  rpn_s.1.loss_bbox: 0.0487  rpn_s.1.loss_giou: 0.4359  rpn_s.2.loss_cls: 0.3487  rpn_s.2.loss_bbox: 0.0405  rpn_s.2.loss_giou: 0.3793  rpn_s.3.loss_cls: 0.3098  rpn_s.3.loss_bbox: 0.0369  rpn_s.3.loss_giou: 0.3548  s0.loss_cls: 0.3375  s0.pos_acc: 91.6667  s0.loss_bbox: 0.6004  s0.loss_iou: 1.1547  s1.loss_cls: 0.3231  s1.pos_acc: 100.0000  s1.loss_bbox: 0.6764  s1.loss_iou: 1.1064
2026/03/31 21:39:25 - mmengine - INFO - Epoch(train)  [4][ 3950/10002]  lr: 5.0000e-06  eta: 9:07:41  time: 0.3815  data_time: 0.0032  memory: 7329  grad_norm: 105.6575  loss: 7.2149  rpn_s.0.loss_cls: 0.5662  rpn_s.0.loss_bbox: 0.0954  rpn_s.0.loss_giou: 0.7052  rpn_s.1.loss_cls: 0.3906  rpn_s.1.loss_bbox: 0.0464  rpn_s.1.loss_giou: 0.3744  rpn_s.2.loss_cls: 0.3029  rpn_s.2.loss_bbox: 0.0388  rpn_s.2.loss_giou: 0.3210  rpn_s.3.loss_cls: 0.2645  rpn_s.3.loss_bbox: 0.0352  rpn_s.3.loss_giou: 0.3017  s0.loss_cls: 0.2980  s0.pos_acc: 66.6667  s0.loss_bbox: 0.6170  s0.loss_iou: 0.9897  s1.loss_cls: 0.2760  s1.pos_acc: 100.0000  s1.loss_bbox: 0.6463  s1.loss_iou: 0.9454
2026/03/31 21:39:42 - mmengine - INFO - Exp name: GSDet_r50_b900_h2h4_h2r1_r2r1_2x_fair1m1.0_20260331_165920
2026/03/31 21:39:44 - mmengine - INFO - Epoch(train)  [4][ 4000/10002]  lr: 5.0000e-06  eta: 9:07:22  time: 0.3816  data_time: 0.0032  memory: 7329  grad_norm: 96.4491  loss: 7.8385  rpn_s.0.loss_cls: 0.6397  rpn_s.0.loss_bbox: 0.1005  rpn_s.0.loss_giou: 0.7856  rpn_s.1.loss_cls: 0.4361  rpn_s.1.loss_bbox: 0.0460  rpn_s.1.loss_giou: 0.3995  rpn_s.2.loss_cls: 0.3528  rpn_s.2.loss_bbox: 0.0399  rpn_s.2.loss_giou: 0.3516  rpn_s.3.loss_cls: 0.3113  rpn_s.3.loss_bbox: 0.0370  rpn_s.3.loss_giou: 0.3300  s0.loss_cls: 0.3360  s0.pos_acc: 81.2500  s0.loss_bbox: 0.6068  s0.loss_iou: 1.0596  s1.loss_cls: 0.3291  s1.pos_acc: 81.2500  s1.loss_bbox: 0.6582  s1.loss_iou: 1.0188
2026/03/31 21:40:03 - mmengine - INFO - Epoch(train)  [4][ 4050/10002]  lr: 5.0000e-06  eta: 9:07:04  time: 0.3898  data_time: 0.0032  memory: 7330  grad_norm: 81.5862  loss: 8.1299  rpn_s.0.loss_cls: 0.6141  rpn_s.0.loss_bbox: 0.1043  rpn_s.0.loss_giou: 0.8521  rpn_s.1.loss_cls: 0.4228  rpn_s.1.loss_bbox: 0.0459  rpn_s.1.loss_giou: 0.4172  rpn_s.2.loss_cls: 0.3546  rpn_s.2.loss_bbox: 0.0393  rpn_s.2.loss_giou: 0.3684  rpn_s.3.loss_cls: 0.3163  rpn_s.3.loss_bbox: 0.0347  rpn_s.3.loss_giou: 0.3434  s0.loss_cls: 0.3446  s0.pos_acc: 100.0000  s0.loss_bbox: 0.5793  s0.loss_iou: 1.1836  s1.loss_cls: 0.3350  s1.pos_acc: 85.7143  s1.loss_bbox: 0.6331  s1.loss_iou: 1.1411
2026/03/31 21:40:23 - mmengine - INFO - Epoch(train)  [4][ 4100/10002]  lr: 5.0000e-06  eta: 9:06:45  time: 0.3844  data_time: 0.0032  memory: 7330  grad_norm: 96.7879  loss: 7.4340  rpn_s.0.loss_cls: 0.5735  rpn_s.0.loss_bbox: 0.1023  rpn_s.0.loss_giou: 0.6768  rpn_s.1.loss_cls: 0.4065  rpn_s.1.loss_bbox: 0.0494  rpn_s.1.loss_giou: 0.3731  rpn_s.2.loss_cls: 0.3288  rpn_s.2.loss_bbox: 0.0431  rpn_s.2.loss_giou: 0.3344  rpn_s.3.loss_cls: 0.2851  rpn_s.3.loss_bbox: 0.0396  rpn_s.3.loss_giou: 0.3121  s0.loss_cls: 0.3037  s0.pos_acc: 88.7097  s0.loss_bbox: 0.6556  s0.loss_iou: 1.0090  s1.loss_cls: 0.3169  s1.pos_acc: 85.4839  s1.loss_bbox: 0.6700  s1.loss_iou: 0.9541
2026/03/31 21:40:42 - mmengine - INFO - Epoch(train)  [4][ 4150/10002]  lr: 5.0000e-06  eta: 9:06:26  time: 0.3775  data_time: 0.0032  memory: 7329  grad_norm: 111.3754  loss: 7.7515  rpn_s.0.loss_cls: 0.6388  rpn_s.0.loss_bbox: 0.0901  rpn_s.0.loss_giou: 0.7326  rpn_s.1.loss_cls: 0.4328  rpn_s.1.loss_bbox: 0.0404  rpn_s.1.loss_giou: 0.3764  rpn_s.2.loss_cls: 0.3638  rpn_s.2.loss_bbox: 0.0355  rpn_s.2.loss_giou: 0.3335  rpn_s.3.loss_cls: 0.3257  rpn_s.3.loss_bbox: 0.0331  rpn_s.3.loss_giou: 0.3137  s0.loss_cls: 0.3502  s0.pos_acc: 88.2979  s0.loss_bbox: 0.5997  s0.loss_iou: 1.0721  s1.loss_cls: 0.3516  s1.pos_acc: 86.1702  s1.loss_bbox: 0.6327  s1.loss_iou: 1.0285
2026/03/31 21:41:01 - mmengine - INFO - Epoch(train)  [4][ 4200/10002]  lr: 5.0000e-06  eta: 9:06:07  time: 0.3801  data_time: 0.0032  memory: 7329  grad_norm: 109.2410  loss: 7.6451  rpn_s.0.loss_cls: 0.5869  rpn_s.0.loss_bbox: 0.1018  rpn_s.0.loss_giou: 0.6915  rpn_s.1.loss_cls: 0.4032  rpn_s.1.loss_bbox: 0.0513  rpn_s.1.loss_giou: 0.3851  rpn_s.2.loss_cls: 0.3314  rpn_s.2.loss_bbox: 0.0430  rpn_s.2.loss_giou: 0.3371  rpn_s.3.loss_cls: 0.2920  rpn_s.3.loss_bbox: 0.0398  rpn_s.3.loss_giou: 0.3136  s0.loss_cls: 0.3148  s0.pos_acc: 76.3359  s0.loss_bbox: 0.6772  s0.loss_iou: 1.0524  s1.loss_cls: 0.3119  s1.pos_acc: 83.9695  s1.loss_bbox: 0.7080  s1.loss_iou: 1.0040
2026/03/31 21:41:20 - mmengine - INFO - Epoch(train)  [4][ 4250/10002]  lr: 5.0000e-06  eta: 9:05:48  time: 0.3882  data_time: 0.0032  memory: 7329  grad_norm: 87.5642  loss: 8.2141  rpn_s.0.loss_cls: 0.6086  rpn_s.0.loss_bbox: 0.1024  rpn_s.0.loss_giou: 0.8527  rpn_s.1.loss_cls: 0.4039  rpn_s.1.loss_bbox: 0.0451  rpn_s.1.loss_giou: 0.4411  rpn_s.2.loss_cls: 0.3306  rpn_s.2.loss_bbox: 0.0382  rpn_s.2.loss_giou: 0.3864  rpn_s.3.loss_cls: 0.2933  rpn_s.3.loss_bbox: 0.0349  rpn_s.3.loss_giou: 0.3635  s0.loss_cls: 0.3301  s0.pos_acc: 75.0000  s0.loss_bbox: 0.6237  s0.loss_iou: 1.2206  s1.loss_cls: 0.3241  s1.pos_acc: 79.1667  s1.loss_bbox: 0.6434  s1.loss_iou: 1.1715
2026/03/31 21:41:39 - mmengine - INFO - Epoch(train)  [4][ 4300/10002]  lr: 5.0000e-06  eta: 9:05:29  time: 0.3777  data_time: 0.0032  memory: 7329  grad_norm: 108.9773  loss: 7.4277  rpn_s.0.loss_cls: 0.5920  rpn_s.0.loss_bbox: 0.0984  rpn_s.0.loss_giou: 0.7328  rpn_s.1.loss_cls: 0.3946  rpn_s.1.loss_bbox: 0.0457  rpn_s.1.loss_giou: 0.3884  rpn_s.2.loss_cls: 0.3057  rpn_s.2.loss_bbox: 0.0392  rpn_s.2.loss_giou: 0.3394  rpn_s.3.loss_cls: 0.2584  rpn_s.3.loss_bbox: 0.0363  rpn_s.3.loss_giou: 0.3171  s0.loss_cls: 0.2906  s0.pos_acc: 100.0000  s0.loss_bbox: 0.5898  s0.loss_iou: 1.0679  s1.loss_cls: 0.2811  s1.pos_acc: 100.0000  s1.loss_bbox: 0.6377  s1.loss_iou: 1.0125
2026/03/31 21:41:58 - mmengine - INFO - Epoch(train)  [4][ 4350/10002]  lr: 5.0000e-06  eta: 9:05:09  time: 0.3790  data_time: 0.0033  memory: 7329  grad_norm: 97.4774  loss: 7.4780  rpn_s.0.loss_cls: 0.5683  rpn_s.0.loss_bbox: 0.0976  rpn_s.0.loss_giou: 0.7313  rpn_s.1.loss_cls: 0.3795  rpn_s.1.loss_bbox: 0.0462  rpn_s.1.loss_giou: 0.3854  rpn_s.2.loss_cls: 0.2995  rpn_s.2.loss_bbox: 0.0407  rpn_s.2.loss_giou: 0.3439  rpn_s.3.loss_cls: 0.2599  rpn_s.3.loss_bbox: 0.0372  rpn_s.3.loss_giou: 0.3182  s0.loss_cls: 0.2808  s0.pos_acc: 100.0000  s0.loss_bbox: 0.6487  s0.loss_iou: 1.0622  s1.loss_cls: 0.2829  s1.pos_acc: 100.0000  s1.loss_bbox: 0.6851  s1.loss_iou: 1.0106
2026/03/31 21:42:17 - mmengine - INFO - Epoch(train)  [4][ 4400/10002]  lr: 5.0000e-06  eta: 9:04:50  time: 0.3827  data_time: 0.0032  memory: 7329  grad_norm: 95.4006  loss: 7.6935  rpn_s.0.loss_cls: 0.5946  rpn_s.0.loss_bbox: 0.1021  rpn_s.0.loss_giou: 0.7767  rpn_s.1.loss_cls: 0.4026  rpn_s.1.loss_bbox: 0.0447  rpn_s.1.loss_giou: 0.3946  rpn_s.2.loss_cls: 0.3191  rpn_s.2.loss_bbox: 0.0386  rpn_s.2.loss_giou: 0.3440  rpn_s.3.loss_cls: 0.2902  rpn_s.3.loss_bbox: 0.0360  rpn_s.3.loss_giou: 0.3264  s0.loss_cls: 0.3100  s0.pos_acc: 82.6087  s0.loss_bbox: 0.6458  s0.loss_iou: 1.0499  s1.loss_cls: 0.3064  s1.pos_acc: 82.6087  s1.loss_bbox: 0.7004  s1.loss_iou: 1.0112
2026/03/31 21:42:36 - mmengine - INFO - Epoch(train)  [4][ 4450/10002]  lr: 5.0000e-06  eta: 9:04:32  time: 0.3887  data_time: 0.0032  memory: 7330  grad_norm: 90.6466  loss: 7.6724  rpn_s.0.loss_cls: 0.6090  rpn_s.0.loss_bbox: 0.0949  rpn_s.0.loss_giou: 0.7785  rpn_s.1.loss_cls: 0.4021  rpn_s.1.loss_bbox: 0.0427  rpn_s.1.loss_giou: 0.3967  rpn_s.2.loss_cls: 0.3346  rpn_s.2.loss_bbox: 0.0367  rpn_s.2.loss_giou: 0.3454  rpn_s.3.loss_cls: 0.3037  rpn_s.3.loss_bbox: 0.0340  rpn_s.3.loss_giou: 0.3252  s0.loss_cls: 0.3180  s0.pos_acc: 82.9412  s0.loss_bbox: 0.5326  s0.loss_iou: 1.1438  s1.loss_cls: 0.3060  s1.pos_acc: 83.5294  s1.loss_bbox: 0.5637  s1.loss_iou: 1.1049
2026/03/31 21:42:55 - mmengine - INFO - Epoch(train)  [4][ 4500/10002]  lr: 5.0000e-06  eta: 9:04:12  time: 0.3764  data_time: 0.0032  memory: 7329  grad_norm: 101.5269  loss: 7.7545  rpn_s.0.loss_cls: 0.6024  rpn_s.0.loss_bbox: 0.1007  rpn_s.0.loss_giou: 0.7061  rpn_s.1.loss_cls: 0.4306  rpn_s.1.loss_bbox: 0.0509  rpn_s.1.loss_giou: 0.3953  rpn_s.2.loss_cls: 0.3385  rpn_s.2.loss_bbox: 0.0436  rpn_s.2.loss_giou: 0.3515  rpn_s.3.loss_cls: 0.3032  rpn_s.3.loss_bbox: 0.0410  rpn_s.3.loss_giou: 0.3355  s0.loss_cls: 0.3293  s0.pos_acc: 73.1818  s0.loss_bbox: 0.6630  s0.loss_iou: 1.0363  s1.loss_cls: 0.3199  s1.pos_acc: 75.0000  s1.loss_bbox: 0.6907  s1.loss_iou: 1.0161
2026/03/31 21:43:14 - mmengine - INFO - Epoch(train)  [4][ 4550/10002]  lr: 5.0000e-06  eta: 9:03:53  time: 0.3810  data_time: 0.0033  memory: 7329  grad_norm: 101.8260  loss: 7.8231  rpn_s.0.loss_cls: 0.5784  rpn_s.0.loss_bbox: 0.1009  rpn_s.0.loss_giou: 0.7395  rpn_s.1.loss_cls: 0.4140  rpn_s.1.loss_bbox: 0.0536  rpn_s.1.loss_giou: 0.4142  rpn_s.2.loss_cls: 0.3298  rpn_s.2.loss_bbox: 0.0454  rpn_s.2.loss_giou: 0.3671  rpn_s.3.loss_cls: 0.3026  rpn_s.3.loss_bbox: 0.0420  rpn_s.3.loss_giou: 0.3423  s0.loss_cls: 0.3381  s0.pos_acc: 59.0909  s0.loss_bbox: 0.5893  s0.loss_iou: 1.1348  s1.loss_cls: 0.3259  s1.pos_acc: 68.1818  s1.loss_bbox: 0.6232  s1.loss_iou: 1.0822
2026/03/31 21:43:34 - mmengine - INFO - Epoch(train)  [4][ 4600/10002]  lr: 5.0000e-06  eta: 9:03:35  time: 0.3867  data_time: 0.0032  memory: 7330  grad_norm: 91.7869  loss: 8.0988  rpn_s.0.loss_cls: 0.6045  rpn_s.0.loss_bbox: 0.1039  rpn_s.0.loss_giou: 0.7825  rpn_s.1.loss_cls: 0.4252  rpn_s.1.loss_bbox: 0.0479  rpn_s.1.loss_giou: 0.4114  rpn_s.2.loss_cls: 0.3451  rpn_s.2.loss_bbox: 0.0417  rpn_s.2.loss_giou: 0.3612  rpn_s.3.loss_cls: 0.3078  rpn_s.3.loss_bbox: 0.0383  rpn_s.3.loss_giou: 0.3398  s0.loss_cls: 0.3348  s0.pos_acc: 75.0000  s0.loss_bbox: 0.6341  s0.loss_iou: 1.1772  s1.loss_cls: 0.3454  s1.pos_acc: 75.0000  s1.loss_bbox: 0.6598  s1.loss_iou: 1.1382
2026/03/31 21:43:53 - mmengine - INFO - Epoch(train)  [4][ 4650/10002]  lr: 5.0000e-06  eta: 9:03:15  time: 0.3818  data_time: 0.0032  memory: 7329  grad_norm: 91.8334  loss: 8.5300  rpn_s.0.loss_cls: 0.6628  rpn_s.0.loss_bbox: 0.1068  rpn_s.0.loss_giou: 0.8652  rpn_s.1.loss_cls: 0.4415  rpn_s.1.loss_bbox: 0.0494  rpn_s.1.loss_giou: 0.4580  rpn_s.2.loss_cls: 0.3647  rpn_s.2.loss_bbox: 0.0428  rpn_s.2.loss_giou: 0.4014  rpn_s.3.loss_cls: 0.3217  rpn_s.3.loss_bbox: 0.0381  rpn_s.3.loss_giou: 0.3738  s0.loss_cls: 0.3644  s0.pos_acc: 81.4815  s0.loss_bbox: 0.5660  s0.loss_iou: 1.2634  s1.loss_cls: 0.3620  s1.pos_acc: 85.1852  s1.loss_bbox: 0.6286  s1.loss_iou: 1.2193
2026/03/31 21:44:11 - mmengine - INFO - Epoch(train)  [4][ 4700/10002]  lr: 5.0000e-06  eta: 9:02:56  time: 0.3762  data_time: 0.0032  memory: 7329  grad_norm: 93.0384  loss: 8.0595  rpn_s.0.loss_cls: 0.6284  rpn_s.0.loss_bbox: 0.0941  rpn_s.0.loss_giou: 0.7675  rpn_s.1.loss_cls: 0.4130  rpn_s.1.loss_bbox: 0.0442  rpn_s.1.loss_giou: 0.4126  rpn_s.2.loss_cls: 0.3390  rpn_s.2.loss_bbox: 0.0375  rpn_s.2.loss_giou: 0.3709  rpn_s.3.loss_cls: 0.2981  rpn_s.3.loss_bbox: 0.0341  rpn_s.3.loss_giou: 0.3495  s0.loss_cls: 0.3359  s0.pos_acc: 95.4545  s0.loss_bbox: 0.6488  s0.loss_iou: 1.1264  s1.loss_cls: 0.3339  s1.pos_acc: 100.0000  s1.loss_bbox: 0.7258  s1.loss_iou: 1.0997
2026/03/31 21:44:30 - mmengine - INFO - Epoch(train)  [4][ 4750/10002]  lr: 5.0000e-06  eta: 9:02:36  time: 0.3790  data_time: 0.0032  memory: 7329  grad_norm: 102.3477  loss: 7.5310  rpn_s.0.loss_cls: 0.6079  rpn_s.0.loss_bbox: 0.0914  rpn_s.0.loss_giou: 0.7416  rpn_s.1.loss_cls: 0.4072  rpn_s.1.loss_bbox: 0.0421  rpn_s.1.loss_giou: 0.3895  rpn_s.2.loss_cls: 0.3364  rpn_s.2.loss_bbox: 0.0364  rpn_s.2.loss_giou: 0.3446  rpn_s.3.loss_cls: 0.2994  rpn_s.3.loss_bbox: 0.0345  rpn_s.3.loss_giou: 0.3275  s0.loss_cls: 0.3286  s0.pos_acc: 75.7576  s0.loss_bbox: 0.5084  s0.loss_iou: 1.0624  s1.loss_cls: 0.3334  s1.pos_acc: 83.3333  s1.loss_bbox: 0.6195  s1.loss_iou: 1.0204
2026/03/31 21:44:49 - mmengine - INFO - Epoch(train)  [4][ 4800/10002]  lr: 5.0000e-06  eta: 9:02:17  time: 0.3783  data_time: 0.0032  memory: 7329  grad_norm: 100.4283  loss: 7.5503  rpn_s.0.loss_cls: 0.5663  rpn_s.0.loss_bbox: 0.0937  rpn_s.0.loss_giou: 0.7015  rpn_s.1.loss_cls: 0.3777  rpn_s.1.loss_bbox: 0.0500  rpn_s.1.loss_giou: 0.3906  rpn_s.2.loss_cls: 0.3035  rpn_s.2.loss_bbox: 0.0421  rpn_s.2.loss_giou: 0.3462  rpn_s.3.loss_cls: 0.2605  rpn_s.3.loss_bbox: 0.0387  rpn_s.3.loss_giou: 0.3217  s0.loss_cls: 0.3025  s0.pos_acc: 100.0000  s0.loss_bbox: 0.6756  s0.loss_iou: 1.0521  s1.loss_cls: 0.2902  s1.pos_acc: 100.0000  s1.loss_bbox: 0.7256  s1.loss_iou: 1.0118
2026/03/31 21:45:08 - mmengine - INFO - Epoch(train)  [4][ 4850/10002]  lr: 5.0000e-06  eta: 9:01:58  time: 0.3824  data_time: 0.0032  memory: 7329  grad_norm: 82.2203  loss: 7.8289  rpn_s.0.loss_cls: 0.6031  rpn_s.0.loss_bbox: 0.1001  rpn_s.0.loss_giou: 0.8022  rpn_s.1.loss_cls: 0.4052  rpn_s.1.loss_bbox: 0.0446  rpn_s.1.loss_giou: 0.4101  rpn_s.2.loss_cls: 0.3329  rpn_s.2.loss_bbox: 0.0389  rpn_s.2.loss_giou: 0.3561  rpn_s.3.loss_cls: 0.2937  rpn_s.3.loss_bbox: 0.0345  rpn_s.3.loss_giou: 0.3389  s0.loss_cls: 0.3216  s0.pos_acc: 100.0000  s0.loss_bbox: 0.5689  s0.loss_iou: 1.1266  s1.loss_cls: 0.3224  s1.pos_acc: 100.0000  s1.loss_bbox: 0.6400  s1.loss_iou: 1.0890
2026/03/31 21:45:28 - mmengine - INFO - Epoch(train)  [4][ 4900/10002]  lr: 5.0000e-06  eta: 9:01:39  time: 0.3824  data_time: 0.0032  memory: 7329  grad_norm: 91.4559  loss: 8.0216  rpn_s.0.loss_cls: 0.6086  rpn_s.0.loss_bbox: 0.1129  rpn_s.0.loss_giou: 0.7907  rpn_s.1.loss_cls: 0.4212  rpn_s.1.loss_bbox: 0.0491  rpn_s.1.loss_giou: 0.4165  rpn_s.2.loss_cls: 0.3465  rpn_s.2.loss_bbox: 0.0418  rpn_s.2.loss_giou: 0.3678  rpn_s.3.loss_cls: 0.3133  rpn_s.3.loss_bbox: 0.0377  rpn_s.3.loss_giou: 0.3464  s0.loss_cls: 0.3419  s0.pos_acc: 81.8841  s0.loss_bbox: 0.5890  s0.loss_iou: 1.1511  s1.loss_cls: 0.3407  s1.pos_acc: 77.5362  s1.loss_bbox: 0.6411  s1.loss_iou: 1.1051
2026/03/31 21:45:46 - mmengine - INFO - Epoch(train)  [4][ 4950/10002]  lr: 5.0000e-06  eta: 9:01:19  time: 0.3771  data_time: 0.0032  memory: 7329  grad_norm: 89.5348  loss: 8.0946  rpn_s.0.loss_cls: 0.5902  rpn_s.0.loss_bbox: 0.1088  rpn_s.0.loss_giou: 0.8133  rpn_s.1.loss_cls: 0.4141  rpn_s.1.loss_bbox: 0.0513  rpn_s.1.loss_giou: 0.4322  rpn_s.2.loss_cls: 0.3300  rpn_s.2.loss_bbox: 0.0423  rpn_s.2.loss_giou: 0.3720  rpn_s.3.loss_cls: 0.2909  rpn_s.3.loss_bbox: 0.0394  rpn_s.3.loss_giou: 0.3495  s0.loss_cls: 0.3261  s0.pos_acc: 75.8621  s0.loss_bbox: 0.6735  s0.loss_iou: 1.1436  s1.loss_cls: 0.3302  s1.pos_acc: 79.3103  s1.loss_bbox: 0.6938  s1.loss_iou: 1.0935
2026/03/31 21:46:03 - mmengine - INFO - Exp name: GSDet_r50_b900_h2h4_h2r1_r2r1_2x_fair1m1.0_20260331_165920
2026/03/31 21:46:05 - mmengine - INFO - Epoch(train)  [4][ 5000/10002]  lr: 5.0000e-06  eta: 9:00:59  time: 0.3758  data_time: 0.0033  memory: 7329  grad_norm: 121.7180  loss: 7.5674  rpn_s.0.loss_cls: 0.5739  rpn_s.0.loss_bbox: 0.0913  rpn_s.0.loss_giou: 0.6844  rpn_s.1.loss_cls: 0.3957  rpn_s.1.loss_bbox: 0.0441  rpn_s.1.loss_giou: 0.3640  rpn_s.2.loss_cls: 0.3246  rpn_s.2.loss_bbox: 0.0392  rpn_s.2.loss_giou: 0.3225  rpn_s.3.loss_cls: 0.2887  rpn_s.3.loss_bbox: 0.0359  rpn_s.3.loss_giou: 0.2996  s0.loss_cls: 0.3091  s0.pos_acc: 66.6667  s0.loss_bbox: 0.6930  s0.loss_iou: 1.0526  s1.loss_cls: 0.3141  s1.pos_acc: 66.6667  s1.loss_bbox: 0.7217  s1.loss_iou: 1.0131
2026/03/31 21:46:24 - mmengine - INFO - Epoch(train)  [4][ 5050/10002]  lr: 5.0000e-06  eta: 9:00:40  time: 0.3796  data_time: 0.0032  memory: 7329  grad_norm: 98.1157  loss: 7.7167  rpn_s.0.loss_cls: 0.6008  rpn_s.0.loss_bbox: 0.0990  rpn_s.0.loss_giou: 0.7602  rpn_s.1.loss_cls: 0.4125  rpn_s.1.loss_bbox: 0.0438  rpn_s.1.loss_giou: 0.3890  rpn_s.2.loss_cls: 0.3303  rpn_s.2.loss_bbox: 0.0381  rpn_s.2.loss_giou: 0.3410  rpn_s.3.loss_cls: 0.2843  rpn_s.3.loss_bbox: 0.0340  rpn_s.3.loss_giou: 0.3148  s0.loss_cls: 0.3113  s0.pos_acc: 80.7692  s0.loss_bbox: 0.6561  s0.loss_iou: 1.0779  s1.loss_cls: 0.3046  s1.pos_acc: 76.9231  s1.loss_bbox: 0.6921  s1.loss_iou: 1.0268
2026/03/31 21:46:43 - mmengine - INFO - Epoch(train)  [4][ 5100/10002]  lr: 5.0000e-06  eta: 9:00:21  time: 0.3821  data_time: 0.0032  memory: 7329  grad_norm: 82.4297  loss: 7.5812  rpn_s.0.loss_cls: 0.5966  rpn_s.0.loss_bbox: 0.0942  rpn_s.0.loss_giou: 0.7184  rpn_s.1.loss_cls: 0.4160  rpn_s.1.loss_bbox: 0.0434  rpn_s.1.loss_giou: 0.3730  rpn_s.2.loss_cls: 0.3313  rpn_s.2.loss_bbox: 0.0379  rpn_s.2.loss_giou: 0.3315  rpn_s.3.loss_cls: 0.2990  rpn_s.3.loss_bbox: 0.0350  rpn_s.3.loss_giou: 0.3143  s0.loss_cls: 0.3262  s0.pos_acc: 70.0000  s0.loss_bbox: 0.6191  s0.loss_iou: 1.0569  s1.loss_cls: 0.3271  s1.pos_acc: 70.0000  s1.loss_bbox: 0.6417  s1.loss_iou: 1.0197
2026/03/31 21:47:02 - mmengine - INFO - Epoch(train)  [4][ 5150/10002]  lr: 5.0000e-06  eta: 9:00:01  time: 0.3792  data_time: 0.0032  memory: 7329  grad_norm: 100.2770  loss: 7.6557  rpn_s.0.loss_cls: 0.5893  rpn_s.0.loss_bbox: 0.1026  rpn_s.0.loss_giou: 0.7310  rpn_s.1.loss_cls: 0.4100  rpn_s.1.loss_bbox: 0.0543  rpn_s.1.loss_giou: 0.3796  rpn_s.2.loss_cls: 0.3382  rpn_s.2.loss_bbox: 0.0465  rpn_s.2.loss_giou: 0.3284  rpn_s.3.loss_cls: 0.2985  rpn_s.3.loss_bbox: 0.0393  rpn_s.3.loss_giou: 0.3016  s0.loss_cls: 0.3323  s0.pos_acc: 90.0000  s0.loss_bbox: 0.6571  s0.loss_iou: 1.0423  s1.loss_cls: 0.3317  s1.pos_acc: 90.0000  s1.loss_bbox: 0.6805  s1.loss_iou: 0.9925
2026/03/31 21:47:21 - mmengine - INFO - Epoch(train)  [4][ 5200/10002]  lr: 5.0000e-06  eta: 8:59:42  time: 0.3761  data_time: 0.0032  memory: 7329  grad_norm: 91.6919  loss: 7.7498  rpn_s.0.loss_cls: 0.6045  rpn_s.0.loss_bbox: 0.0957  rpn_s.0.loss_giou: 0.7152  rpn_s.1.loss_cls: 0.4092  rpn_s.1.loss_bbox: 0.0454  rpn_s.1.loss_giou: 0.3698  rpn_s.2.loss_cls: 0.3326  rpn_s.2.loss_bbox: 0.0402  rpn_s.2.loss_giou: 0.3337  rpn_s.3.loss_cls: 0.2962  rpn_s.3.loss_bbox: 0.0379  rpn_s.3.loss_giou: 0.3149  s0.loss_cls: 0.3242  s0.pos_acc: 89.2857  s0.loss_bbox: 0.7420  s0.loss_iou: 1.0269  s1.loss_cls: 0.3266  s1.pos_acc: 85.7143  s1.loss_bbox: 0.7626  s1.loss_iou: 0.9721
2026/03/31 21:47:40 - mmengine - INFO - Epoch(train)  [4][ 5250/10002]  lr: 5.0000e-06  eta: 8:59:22  time: 0.3800  data_time: 0.0032  memory: 7329  grad_norm: 93.6731  loss: 7.3052  rpn_s.0.loss_cls: 0.5814  rpn_s.0.loss_bbox: 0.0937  rpn_s.0.loss_giou: 0.6998  rpn_s.1.loss_cls: 0.4074  rpn_s.1.loss_bbox: 0.0456  rpn_s.1.loss_giou: 0.3776  rpn_s.2.loss_cls: 0.3174  rpn_s.2.loss_bbox: 0.0397  rpn_s.2.loss_giou: 0.3300  rpn_s.3.loss_cls: 0.2797  rpn_s.3.loss_bbox: 0.0367  rpn_s.3.loss_giou: 0.3112  s0.loss_cls: 0.3078  s0.pos_acc: 77.5000  s0.loss_bbox: 0.5614  s0.loss_iou: 1.0253  s1.loss_cls: 0.3034  s1.pos_acc: 76.2500  s1.loss_bbox: 0.5893  s1.loss_iou: 0.9978
2026/03/31 21:47:59 - mmengine - INFO - Epoch(train)  [4][ 5300/10002]  lr: 5.0000e-06  eta: 8:59:03  time: 0.3823  data_time: 0.0032  memory: 7329  grad_norm: 95.8849  loss: 7.5340  rpn_s.0.loss_cls: 0.5799  rpn_s.0.loss_bbox: 0.0915  rpn_s.0.loss_giou: 0.6972  rpn_s.1.loss_cls: 0.3950  rpn_s.1.loss_bbox: 0.0441  rpn_s.1.loss_giou: 0.3768  rpn_s.2.loss_cls: 0.3286  rpn_s.2.loss_bbox: 0.0376  rpn_s.2.loss_giou: 0.3281  rpn_s.3.loss_cls: 0.2883  rpn_s.3.loss_bbox: 0.0359  rpn_s.3.loss_giou: 0.3143  s0.loss_cls: 0.3219  s0.pos_acc: 95.0000  s0.loss_bbox: 0.6794  s0.loss_iou: 1.0087  s1.loss_cls: 0.3169  s1.pos_acc: 92.5000  s1.loss_bbox: 0.7266  s1.loss_iou: 0.9631
2026/03/31 21:48:19 - mmengine - INFO - Epoch(train)  [4][ 5350/10002]  lr: 5.0000e-06  eta: 8:58:45  time: 0.3900  data_time: 0.0032  memory: 7330  grad_norm: 88.0842  loss: 8.6307  rpn_s.0.loss_cls: 0.6255  rpn_s.0.loss_bbox: 0.1061  rpn_s.0.loss_giou: 0.8338  rpn_s.1.loss_cls: 0.4445  rpn_s.1.loss_bbox: 0.0508  rpn_s.1.loss_giou: 0.4541  rpn_s.2.loss_cls: 0.3664  rpn_s.2.loss_bbox: 0.0435  rpn_s.2.loss_giou: 0.4014  rpn_s.3.loss_cls: 0.3308  rpn_s.3.loss_bbox: 0.0404  rpn_s.3.loss_giou: 0.3770  s0.loss_cls: 0.3618  s0.pos_acc: 100.0000  s0.loss_bbox: 0.6276  s0.loss_iou: 1.2923  s1.loss_cls: 0.3575  s1.pos_acc: 100.0000  s1.loss_bbox: 0.6741  s1.loss_iou: 1.2432
2026/03/31 21:48:38 - mmengine - INFO - Epoch(train)  [4][ 5400/10002]  lr: 5.0000e-06  eta: 8:58:25  time: 0.3766  data_time: 0.0032  memory: 7329  grad_norm: 94.3441  loss: 7.8076  rpn_s.0.loss_cls: 0.6233  rpn_s.0.loss_bbox: 0.0858  rpn_s.0.loss_giou: 0.7507  rpn_s.1.loss_cls: 0.4221  rpn_s.1.loss_bbox: 0.0382  rpn_s.1.loss_giou: 0.4027  rpn_s.2.loss_cls: 0.3339  rpn_s.2.loss_bbox: 0.0336  rpn_s.2.loss_giou: 0.3593  rpn_s.3.loss_cls: 0.2944  rpn_s.3.loss_bbox: 0.0307  rpn_s.3.loss_giou: 0.3379  s0.loss_cls: 0.3215  s0.pos_acc: 100.0000  s0.loss_bbox: 0.6206  s0.loss_iou: 1.0966  s1.loss_cls: 0.3232  s1.pos_acc: 100.0000  s1.loss_bbox: 0.6784  s1.loss_iou: 1.0547
2026/03/31 21:48:57 - mmengine - INFO - Epoch(train)  [4][ 5450/10002]  lr: 5.0000e-06  eta: 8:58:07  time: 0.3841  data_time: 0.0032  memory: 7329  grad_norm: 87.0133  loss: 8.6252  rpn_s.0.loss_cls: 0.6701  rpn_s.0.loss_bbox: 0.1063  rpn_s.0.loss_giou: 0.8644  rpn_s.1.loss_cls: 0.4731  rpn_s.1.loss_bbox: 0.0485  rpn_s.1.loss_giou: 0.4562  rpn_s.2.loss_cls: 0.3946  rpn_s.2.loss_bbox: 0.0407  rpn_s.2.loss_giou: 0.3963  rpn_s.3.loss_cls: 0.3573  rpn_s.3.loss_bbox: 0.0364  rpn_s.3.loss_giou: 0.3708  s0.loss_cls: 0.3866  s0.pos_acc: 81.8750  s0.loss_bbox: 0.5871  s0.loss_iou: 1.2383  s1.loss_cls: 0.3753  s1.pos_acc: 81.8750  s1.loss_bbox: 0.6224  s1.loss_iou: 1.2007
2026/03/31 21:49:16 - mmengine - INFO - Epoch(train)  [4][ 5500/10002]  lr: 5.0000e-06  eta: 8:57:47  time: 0.3803  data_time: 0.0032  memory: 7329  grad_norm: 87.6088  loss: 8.0644  rpn_s.0.loss_cls: 0.6288  rpn_s.0.loss_bbox: 0.0939  rpn_s.0.loss_giou: 0.7832  rpn_s.1.loss_cls: 0.4213  rpn_s.1.loss_bbox: 0.0420  rpn_s.1.loss_giou: 0.4177  rpn_s.2.loss_cls: 0.3326  rpn_s.2.loss_bbox: 0.0351  rpn_s.2.loss_giou: 0.3635  rpn_s.3.loss_cls: 0.2896  rpn_s.3.loss_bbox: 0.0327  rpn_s.3.loss_giou: 0.3425  s0.loss_cls: 0.3325  s0.pos_acc: 66.6667  s0.loss_bbox: 0.6197  s0.loss_iou: 1.1975  s1.loss_cls: 0.3302  s1.pos_acc: 61.1111  s1.loss_bbox: 0.6592  s1.loss_iou: 1.1425
2026/03/31 21:49:35 - mmengine - INFO - Epoch(train)  [4][ 5550/10002]  lr: 5.0000e-06  eta: 8:57:28  time: 0.3828  data_time: 0.0032  memory: 7329  grad_norm: 82.0691  loss: 7.9180  rpn_s.0.loss_cls: 0.6306  rpn_s.0.loss_bbox: 0.0951  rpn_s.0.loss_giou: 0.8145  rpn_s.1.loss_cls: 0.4080  rpn_s.1.loss_bbox: 0.0424  rpn_s.1.loss_giou: 0.4166  rpn_s.2.loss_cls: 0.3322  rpn_s.2.loss_bbox: 0.0354  rpn_s.2.loss_giou: 0.3591  rpn_s.3.loss_cls: 0.2899  rpn_s.3.loss_bbox: 0.0326  rpn_s.3.loss_giou: 0.3377  s0.loss_cls: 0.3133  s0.pos_acc: 83.3333  s0.loss_bbox: 0.5919  s0.loss_iou: 1.1602  s1.loss_cls: 0.3028  s1.pos_acc: 88.8889  s1.loss_bbox: 0.6311  s1.loss_iou: 1.1245
2026/03/31 21:49:54 - mmengine - INFO - Epoch(train)  [4][ 5600/10002]  lr: 5.0000e-06  eta: 8:57:09  time: 0.3817  data_time: 0.0032  memory: 7329  grad_norm: 106.6228  loss: 7.9415  rpn_s.0.loss_cls: 0.6242  rpn_s.0.loss_bbox: 0.1025  rpn_s.0.loss_giou: 0.8161  rpn_s.1.loss_cls: 0.4129  rpn_s.1.loss_bbox: 0.0461  rpn_s.1.loss_giou: 0.4133  rpn_s.2.loss_cls: 0.3406  rpn_s.2.loss_bbox: 0.0390  rpn_s.2.loss_giou: 0.3564  rpn_s.3.loss_cls: 0.3012  rpn_s.3.loss_bbox: 0.0360  rpn_s.3.loss_giou: 0.3366  s0.loss_cls: 0.3372  s0.pos_acc: 80.5555  s0.loss_bbox: 0.6150  s0.loss_iou: 1.1022  s1.loss_cls: 0.3296  s1.pos_acc: 77.7778  s1.loss_bbox: 0.6701  s1.loss_iou: 1.0625
2026/03/31 21:50:13 - mmengine - INFO - Epoch(train)  [4][ 5650/10002]  lr: 5.0000e-06  eta: 8:56:49  time: 0.3745  data_time: 0.0031  memory: 7329  grad_norm: 101.0931  loss: 7.6286  rpn_s.0.loss_cls: 0.6146  rpn_s.0.loss_bbox: 0.0858  rpn_s.0.loss_giou: 0.6993  rpn_s.1.loss_cls: 0.4140  rpn_s.1.loss_bbox: 0.0403  rpn_s.1.loss_giou: 0.3791  rpn_s.2.loss_cls: 0.3381  rpn_s.2.loss_bbox: 0.0352  rpn_s.2.loss_giou: 0.3401  rpn_s.3.loss_cls: 0.3046  rpn_s.3.loss_bbox: 0.0325  rpn_s.3.loss_giou: 0.3166  s0.loss_cls: 0.3315  s0.pos_acc: 84.3750  s0.loss_bbox: 0.6161  s0.loss_iou: 1.0469  s1.loss_cls: 0.3455  s1.pos_acc: 87.5000  s1.loss_bbox: 0.6791  s1.loss_iou: 1.0092
2026/03/31 21:50:32 - mmengine - INFO - Epoch(train)  [4][ 5700/10002]  lr: 5.0000e-06  eta: 8:56:30  time: 0.3774  data_time: 0.0032  memory: 7329  grad_norm: 92.9334  loss: 8.0076  rpn_s.0.loss_cls: 0.6191  rpn_s.0.loss_bbox: 0.0973  rpn_s.0.loss_giou: 0.7938  rpn_s.1.loss_cls: 0.4182  rpn_s.1.loss_bbox: 0.0440  rpn_s.1.loss_giou: 0.4144  rpn_s.2.loss_cls: 0.3403  rpn_s.2.loss_bbox: 0.0382  rpn_s.2.loss_giou: 0.3603  rpn_s.3.loss_cls: 0.3022  rpn_s.3.loss_bbox: 0.0356  rpn_s.3.loss_giou: 0.3372  s0.loss_cls: 0.3338  s0.pos_acc: 74.4445  s0.loss_bbox: 0.6660  s0.loss_iou: 1.1120  s1.loss_cls: 0.3214  s1.pos_acc: 75.5556  s1.loss_bbox: 0.7064  s1.loss_iou: 1.0674
2026/03/31 21:50:51 - mmengine - INFO - Epoch(train)  [4][ 5750/10002]  lr: 5.0000e-06  eta: 8:56:10  time: 0.3783  data_time: 0.0031  memory: 7329  grad_norm: 92.2406  loss: 7.8975  rpn_s.0.loss_cls: 0.5970  rpn_s.0.loss_bbox: 0.0969  rpn_s.0.loss_giou: 0.7615  rpn_s.1.loss_cls: 0.4004  rpn_s.1.loss_bbox: 0.0466  rpn_s.1.loss_giou: 0.4060  rpn_s.2.loss_cls: 0.3302  rpn_s.2.loss_bbox: 0.0403  rpn_s.2.loss_giou: 0.3522  rpn_s.3.loss_cls: 0.2850  rpn_s.3.loss_bbox: 0.0368  rpn_s.3.loss_giou: 0.3295  s0.loss_cls: 0.3203  s0.pos_acc: 84.0909  s0.loss_bbox: 0.6770  s0.loss_iou: 1.1199  s1.loss_cls: 0.3135  s1.pos_acc: 79.5455  s1.loss_bbox: 0.7049  s1.loss_iou: 1.0795
2026/03/31 21:51:10 - mmengine - INFO - Epoch(train)  [4][ 5800/10002]  lr: 5.0000e-06  eta: 8:55:52  time: 0.3879  data_time: 0.0031  memory: 7330  grad_norm: 96.6979  loss: 8.1049  rpn_s.0.loss_cls: 0.6190  rpn_s.0.loss_bbox: 0.1039  rpn_s.0.loss_giou: 0.7874  rpn_s.1.loss_cls: 0.4259  rpn_s.1.loss_bbox: 0.0502  rpn_s.1.loss_giou: 0.4261  rpn_s.2.loss_cls: 0.3288  rpn_s.2.loss_bbox: 0.0430  rpn_s.2.loss_giou: 0.3795  rpn_s.3.loss_cls: 0.2964  rpn_s.3.loss_bbox: 0.0396  rpn_s.3.loss_giou: 0.3582  s0.loss_cls: 0.3148  s0.pos_acc: 100.0000  s0.loss_bbox: 0.5961  s0.loss_iou: 1.2008  s1.loss_cls: 0.3121  s1.pos_acc: 88.8889  s1.loss_bbox: 0.6736  s1.loss_iou: 1.1494
2026/03/31 21:51:29 - mmengine - INFO - Epoch(train)  [4][ 5850/10002]  lr: 5.0000e-06  eta: 8:55:32  time: 0.3790  data_time: 0.0031  memory: 7329  grad_norm: 96.2845  loss: 7.7893  rpn_s.0.loss_cls: 0.6130  rpn_s.0.loss_bbox: 0.0926  rpn_s.0.loss_giou: 0.7279  rpn_s.1.loss_cls: 0.4153  rpn_s.1.loss_bbox: 0.0445  rpn_s.1.loss_giou: 0.3941  rpn_s.2.loss_cls: 0.3299  rpn_s.2.loss_bbox: 0.0388  rpn_s.2.loss_giou: 0.3485  rpn_s.3.loss_cls: 0.2901  rpn_s.3.loss_bbox: 0.0358  rpn_s.3.loss_giou: 0.3284  s0.loss_cls: 0.3228  s0.pos_acc: 85.1351  s0.loss_bbox: 0.6821  s0.loss_iou: 1.0553  s1.loss_cls: 0.3196  s1.pos_acc: 82.4324  s1.loss_bbox: 0.7360  s1.loss_iou: 1.0145
2026/03/31 21:51:48 - mmengine - INFO - Epoch(train)  [4][ 5900/10002]  lr: 5.0000e-06  eta: 8:55:13  time: 0.3778  data_time: 0.0031  memory: 7329  grad_norm: 89.9542  loss: 7.6505  rpn_s.0.loss_cls: 0.5832  rpn_s.0.loss_bbox: 0.0933  rpn_s.0.loss_giou: 0.7225  rpn_s.1.loss_cls: 0.3933  rpn_s.1.loss_bbox: 0.0443  rpn_s.1.loss_giou: 0.3881  rpn_s.2.loss_cls: 0.3097  rpn_s.2.loss_bbox: 0.0376  rpn_s.2.loss_giou: 0.3462  rpn_s.3.loss_cls: 0.2732  rpn_s.3.loss_bbox: 0.0347  rpn_s.3.loss_giou: 0.3279  s0.loss_cls: 0.3167  s0.pos_acc: 100.0000  s0.loss_bbox: 0.6495  s0.loss_iou: 1.0996  s1.loss_cls: 0.3091  s1.pos_acc: 100.0000  s1.loss_bbox: 0.6712  s1.loss_iou: 1.0504
2026/03/31 21:52:07 - mmengine - INFO - Epoch(train)  [4][ 5950/10002]  lr: 5.0000e-06  eta: 8:54:54  time: 0.3826  data_time: 0.0031  memory: 7330  grad_norm: 92.4383  loss: 7.9909  rpn_s.0.loss_cls: 0.6263  rpn_s.0.loss_bbox: 0.0984  rpn_s.0.loss_giou: 0.7974  rpn_s.1.loss_cls: 0.4243  rpn_s.1.loss_bbox: 0.0456  rpn_s.1.loss_giou: 0.4220  rpn_s.2.loss_cls: 0.3470  rpn_s.2.loss_bbox: 0.0391  rpn_s.2.loss_giou: 0.3677  rpn_s.3.loss_cls: 0.3092  rpn_s.3.loss_bbox: 0.0359  rpn_s.3.loss_giou: 0.3453  s0.loss_cls: 0.3419  s0.pos_acc: 85.7143  s0.loss_bbox: 0.5804  s0.loss_iou: 1.1431  s1.loss_cls: 0.3357  s1.pos_acc: 85.7143  s1.loss_bbox: 0.6253  s1.loss_iou: 1.1065
2026/03/31 21:52:23 - mmengine - INFO - Exp name: GSDet_r50_b900_h2h4_h2r1_r2r1_2x_fair1m1.0_20260331_165920
2026/03/31 21:52:26 - mmengine - INFO - Epoch(train)  [4][ 6000/10002]  lr: 5.0000e-06  eta: 8:54:34  time: 0.3758  data_time: 0.0032  memory: 7329  grad_norm: 94.5335  loss: 7.7408  rpn_s.0.loss_cls: 0.5939  rpn_s.0.loss_bbox: 0.0985  rpn_s.0.loss_giou: 0.7624  rpn_s.1.loss_cls: 0.4077  rpn_s.1.loss_bbox: 0.0436  rpn_s.1.loss_giou: 0.3929  rpn_s.2.loss_cls: 0.3361  rpn_s.2.loss_bbox: 0.0383  rpn_s.2.loss_giou: 0.3459  rpn_s.3.loss_cls: 0.3095  rpn_s.3.loss_bbox: 0.0352  rpn_s.3.loss_giou: 0.3262  s0.loss_cls: 0.3492  s0.pos_acc: 100.0000  s0.loss_bbox: 0.6051  s0.loss_iou: 1.0722  s1.loss_cls: 0.3565  s1.pos_acc: 66.6667  s1.loss_bbox: 0.6472  s1.loss_iou: 1.0202
2026/03/31 21:52:45 - mmengine - INFO - Epoch(train)  [4][ 6050/10002]  lr: 5.0000e-06  eta: 8:54:15  time: 0.3783  data_time: 0.0031  memory: 7329  grad_norm: 98.0409  loss: 7.7152  rpn_s.0.loss_cls: 0.6062  rpn_s.0.loss_bbox: 0.0929  rpn_s.0.loss_giou: 0.7404  rpn_s.1.loss_cls: 0.3995  rpn_s.1.loss_bbox: 0.0408  rpn_s.1.loss_giou: 0.3732  rpn_s.2.loss_cls: 0.3212  rpn_s.2.loss_bbox: 0.0345  rpn_s.2.loss_giou: 0.3242  rpn_s.3.loss_cls: 0.2965  rpn_s.3.loss_bbox: 0.0327  rpn_s.3.loss_giou: 0.3071  s0.loss_cls: 0.3059  s0.pos_acc: 42.8571  s0.loss_bbox: 0.6908  s0.loss_iou: 1.0616  s1.loss_cls: 0.3029  s1.pos_acc: 57.1429  s1.loss_bbox: 0.7656  s1.loss_iou: 1.0190
2026/03/31 21:53:04 - mmengine - INFO - Epoch(train)  [4][ 6100/10002]  lr: 5.0000e-06  eta: 8:53:55  time: 0.3780  data_time: 0.0031  memory: 7329  grad_norm: 102.7335  loss: 7.2861  rpn_s.0.loss_cls: 0.6067  rpn_s.0.loss_bbox: 0.0961  rpn_s.0.loss_giou: 0.7141  rpn_s.1.loss_cls: 0.4200  rpn_s.1.loss_bbox: 0.0424  rpn_s.1.loss_giou: 0.3663  rpn_s.2.loss_cls: 0.3177  rpn_s.2.loss_bbox: 0.0356  rpn_s.2.loss_giou: 0.3167  rpn_s.3.loss_cls: 0.2803  rpn_s.3.loss_bbox: 0.0333  rpn_s.3.loss_giou: 0.2942  s0.loss_cls: 0.3093  s0.pos_acc: 66.6667  s0.loss_bbox: 0.5661  s0.loss_iou: 0.9928  s1.loss_cls: 0.2983  s1.pos_acc: 66.6667  s1.loss_bbox: 0.6378  s1.loss_iou: 0.9584
2026/03/31 21:53:23 - mmengine - INFO - Epoch(train)  [4][ 6150/10002]  lr: 5.0000e-06  eta: 8:53:36  time: 0.3800  data_time: 0.0031  memory: 7329  grad_norm: 92.6311  loss: 8.0930  rpn_s.0.loss_cls: 0.6321  rpn_s.0.loss_bbox: 0.0987  rpn_s.0.loss_giou: 0.7932  rpn_s.1.loss_cls: 0.4408  rpn_s.1.loss_bbox: 0.0462  rpn_s.1.loss_giou: 0.4163  rpn_s.2.loss_cls: 0.3573  rpn_s.2.loss_bbox: 0.0418  rpn_s.2.loss_giou: 0.3673  rpn_s.3.loss_cls: 0.3120  rpn_s.3.loss_bbox: 0.0395  rpn_s.3.loss_giou: 0.3491  s0.loss_cls: 0.3421  s0.pos_acc: 84.3750  s0.loss_bbox: 0.6094  s0.loss_iou: 1.1482  s1.loss_cls: 0.3445  s1.pos_acc: 87.5000  s1.loss_bbox: 0.6476  s1.loss_iou: 1.1069
2026/03/31 21:53:42 - mmengine - INFO - Epoch(train)  [4][ 6200/10002]  lr: 5.0000e-06  eta: 8:53:17  time: 0.3801  data_time: 0.0031  memory: 7329  grad_norm: 144.9962  loss: 7.4707  rpn_s.0.loss_cls: 0.5956  rpn_s.0.loss_bbox: 0.0925  rpn_s.0.loss_giou: 0.7045  rpn_s.1.loss_cls: 0.4031  rpn_s.1.loss_bbox: 0.0447  rpn_s.1.loss_giou: 0.3748  rpn_s.2.loss_cls: 0.3192  rpn_s.2.loss_bbox: 0.0386  rpn_s.2.loss_giou: 0.3290  rpn_s.3.loss_cls: 0.2856  rpn_s.3.loss_bbox: 0.0356  rpn_s.3.loss_giou: 0.3080  s0.loss_cls: 0.3145  s0.pos_acc: 67.8571  s0.loss_bbox: 0.6572  s0.loss_iou: 0.9998  s1.loss_cls: 0.3009  s1.pos_acc: 57.1429  s1.loss_bbox: 0.7013  s1.loss_iou: 0.9658
2026/03/31 21:54:01 - mmengine - INFO - Epoch(train)  [4][ 6250/10002]  lr: 5.0000e-06  eta: 8:52:59  time: 0.3985  data_time: 0.0031  memory: 7330  grad_norm: 99.0627  loss: 8.0186  rpn_s.0.loss_cls: 0.5747  rpn_s.0.loss_bbox: 0.1048  rpn_s.0.loss_giou: 0.7805  rpn_s.1.loss_cls: 0.3921  rpn_s.1.loss_bbox: 0.0507  rpn_s.1.loss_giou: 0.4248  rpn_s.2.loss_cls: 0.3269  rpn_s.2.loss_bbox: 0.0452  rpn_s.2.loss_giou: 0.3783  rpn_s.3.loss_cls: 0.2929  rpn_s.3.loss_bbox: 0.0408  rpn_s.3.loss_giou: 0.3464  s0.loss_cls: 0.3311  s0.pos_acc: 83.3333  s0.loss_bbox: 0.6293  s0.loss_iou: 1.1775  s1.loss_cls: 0.3103  s1.pos_acc: 100.0000  s1.loss_bbox: 0.6750  s1.loss_iou: 1.1373
2026/03/31 21:54:20 - mmengine - INFO - Epoch(train)  [4][ 6300/10002]  lr: 5.0000e-06  eta: 8:52:40  time: 0.3806  data_time: 0.0031  memory: 7329  grad_norm: 98.8759  loss: 7.4738  rpn_s.0.loss_cls: 0.5964  rpn_s.0.loss_bbox: 0.0981  rpn_s.0.loss_giou: 0.7176  rpn_s.1.loss_cls: 0.3988  rpn_s.1.loss_bbox: 0.0459  rpn_s.1.loss_giou: 0.3883  rpn_s.2.loss_cls: 0.3285  rpn_s.2.loss_bbox: 0.0393  rpn_s.2.loss_giou: 0.3390  rpn_s.3.loss_cls: 0.2871  rpn_s.3.loss_bbox: 0.0357  rpn_s.3.loss_giou: 0.3127  s0.loss_cls: 0.3095  s0.pos_acc: 85.8696  s0.loss_bbox: 0.5623  s0.loss_iou: 1.0768  s1.loss_cls: 0.3181  s1.pos_acc: 78.2609  s1.loss_bbox: 0.5877  s1.loss_iou: 1.0319
2026/03/31 21:54:40 - mmengine - INFO - Epoch(train)  [4][ 6350/10002]  lr: 5.0000e-06  eta: 8:52:21  time: 0.3836  data_time: 0.0031  memory: 7329  grad_norm: 91.7620  loss: 7.8686  rpn_s.0.loss_cls: 0.6133  rpn_s.0.loss_bbox: 0.0898  rpn_s.0.loss_giou: 0.8057  rpn_s.1.loss_cls: 0.4156  rpn_s.1.loss_bbox: 0.0392  rpn_s.1.loss_giou: 0.4156  rpn_s.2.loss_cls: 0.3335  rpn_s.2.loss_bbox: 0.0341  rpn_s.2.loss_giou: 0.3654  rpn_s.3.loss_cls: 0.2965  rpn_s.3.loss_bbox: 0.0310  rpn_s.3.loss_giou: 0.3454  s0.loss_cls: 0.3098  s0.pos_acc: 77.5168  s0.loss_bbox: 0.5547  s0.loss_iou: 1.1697  s1.loss_cls: 0.3118  s1.pos_acc: 83.2215  s1.loss_bbox: 0.6093  s1.loss_iou: 1.1281
2026/03/31 21:54:59 - mmengine - INFO - Epoch(train)  [4][ 6400/10002]  lr: 5.0000e-06  eta: 8:52:03  time: 0.3899  data_time: 0.0031  memory: 7330  grad_norm: 89.0260  loss: 8.4434  rpn_s.0.loss_cls: 0.6200  rpn_s.0.loss_bbox: 0.1035  rpn_s.0.loss_giou: 0.8264  rpn_s.1.loss_cls: 0.4351  rpn_s.1.loss_bbox: 0.0473  rpn_s.1.loss_giou: 0.4339  rpn_s.2.loss_cls: 0.3728  rpn_s.2.loss_bbox: 0.0395  rpn_s.2.loss_giou: 0.3835  rpn_s.3.loss_cls: 0.3229  rpn_s.3.loss_bbox: 0.0362  rpn_s.3.loss_giou: 0.3661  s0.loss_cls: 0.3718  s0.pos_acc: 62.5000  s0.loss_bbox: 0.6626  s0.loss_iou: 1.1928  s1.loss_cls: 0.3596  s1.pos_acc: 75.0000  s1.loss_bbox: 0.7146  s1.loss_iou: 1.1550
2026/03/31 21:55:18 - mmengine - INFO - Epoch(train)  [4][ 6450/10002]  lr: 5.0000e-06  eta: 8:51:44  time: 0.3844  data_time: 0.0031  memory: 7329  grad_norm: 91.8868  loss: 7.6368  rpn_s.0.loss_cls: 0.5858  rpn_s.0.loss_bbox: 0.0956  rpn_s.0.loss_giou: 0.8025  rpn_s.1.loss_cls: 0.3793  rpn_s.1.loss_bbox: 0.0422  rpn_s.1.loss_giou: 0.4105  rpn_s.2.loss_cls: 0.3006  rpn_s.2.loss_bbox: 0.0358  rpn_s.2.loss_giou: 0.3595  rpn_s.3.loss_cls: 0.2687  rpn_s.3.loss_bbox: 0.0325  rpn_s.3.loss_giou: 0.3378  s0.loss_cls: 0.2920  s0.pos_acc: 50.0000  s0.loss_bbox: 0.6135  s0.loss_iou: 1.1011  s1.loss_cls: 0.2798  s1.pos_acc: 45.8333  s1.loss_bbox: 0.6389  s1.loss_iou: 1.0607
2026/03/31 21:55:38 - mmengine - INFO - Epoch(train)  [4][ 6500/10002]  lr: 5.0000e-06  eta: 8:51:25  time: 0.3831  data_time: 0.0031  memory: 7329  grad_norm: 96.1725  loss: 7.5088  rpn_s.0.loss_cls: 0.5854  rpn_s.0.loss_bbox: 0.1008  rpn_s.0.loss_giou: 0.7910  rpn_s.1.loss_cls: 0.3953  rpn_s.1.loss_bbox: 0.0479  rpn_s.1.loss_giou: 0.3950  rpn_s.2.loss_cls: 0.3092  rpn_s.2.loss_bbox: 0.0412  rpn_s.2.loss_giou: 0.3467  rpn_s.3.loss_cls: 0.2664  rpn_s.3.loss_bbox: 0.0385  rpn_s.3.loss_giou: 0.3291  s0.loss_cls: 0.2942  s0.pos_acc: 56.6667  s0.loss_bbox: 0.5188  s0.loss_iou: 1.1115  s1.loss_cls: 0.2855  s1.pos_acc: 66.6667  s1.loss_bbox: 0.5680  s1.loss_iou: 1.0844
2026/03/31 21:55:57 - mmengine - INFO - Epoch(train)  [4][ 6550/10002]  lr: 5.0000e-06  eta: 8:51:06  time: 0.3796  data_time: 0.0030  memory: 7329  grad_norm: 96.9169  loss: 8.0566  rpn_s.0.loss_cls: 0.6205  rpn_s.0.loss_bbox: 0.0986  rpn_s.0.loss_giou: 0.7898  rpn_s.1.loss_cls: 0.4241  rpn_s.1.loss_bbox: 0.0473  rpn_s.1.loss_giou: 0.4097  rpn_s.2.loss_cls: 0.3393  rpn_s.2.loss_bbox: 0.0425  rpn_s.2.loss_giou: 0.3641  rpn_s.3.loss_cls: 0.3042  rpn_s.3.loss_bbox: 0.0400  rpn_s.3.loss_giou: 0.3448  s0.loss_cls: 0.3275  s0.pos_acc: 67.9688  s0.loss_bbox: 0.6326  s0.loss_iou: 1.1606  s1.loss_cls: 0.3230  s1.pos_acc: 75.7812  s1.loss_bbox: 0.6743  s1.loss_iou: 1.1136
2026/03/31 21:56:16 - mmengine - INFO - Epoch(train)  [4][ 6600/10002]  lr: 5.0000e-06  eta: 8:50:48  time: 0.3879  data_time: 0.0031  memory: 7330  grad_norm: 91.4677  loss: 8.6976  rpn_s.0.loss_cls: 0.6463  rpn_s.0.loss_bbox: 0.1062  rpn_s.0.loss_giou: 0.8571  rpn_s.1.loss_cls: 0.4475  rpn_s.1.loss_bbox: 0.0503  rpn_s.1.loss_giou: 0.4567  rpn_s.2.loss_cls: 0.3706  rpn_s.2.loss_bbox: 0.0444  rpn_s.2.loss_giou: 0.4102  rpn_s.3.loss_cls: 0.3385  rpn_s.3.loss_bbox: 0.0406  rpn_s.3.loss_giou: 0.3867  s0.loss_cls: 0.3816  s0.pos_acc: 73.8095  s0.loss_bbox: 0.5994  s0.loss_iou: 1.2843  s1.loss_cls: 0.3767  s1.pos_acc: 71.4286  s1.loss_bbox: 0.6533  s1.loss_iou: 1.2475
2026/03/31 21:56:35 - mmengine - INFO - Epoch(train)  [4][ 6650/10002]  lr: 5.0000e-06  eta: 8:50:29  time: 0.3888  data_time: 0.0031  memory: 7329  grad_norm: 80.5541  loss: 7.9143  rpn_s.0.loss_cls: 0.5977  rpn_s.0.loss_bbox: 0.1002  rpn_s.0.loss_giou: 0.7935  rpn_s.1.loss_cls: 0.4327  rpn_s.1.loss_bbox: 0.0454  rpn_s.1.loss_giou: 0.4150  rpn_s.2.loss_cls: 0.3466  rpn_s.2.loss_bbox: 0.0382  rpn_s.2.loss_giou: 0.3538  rpn_s.3.loss_cls: 0.3106  rpn_s.3.loss_bbox: 0.0348  rpn_s.3.loss_giou: 0.3291  s0.loss_cls: 0.3337  s0.pos_acc: 89.4737  s0.loss_bbox: 0.6106  s0.loss_iou: 1.1144  s1.loss_cls: 0.3361  s1.pos_acc: 89.4737  s1.loss_bbox: 0.6588  s1.loss_iou: 1.0632
2026/03/31 21:56:54 - mmengine - INFO - Epoch(train)  [4][ 6700/10002]  lr: 5.0000e-06  eta: 8:50:10  time: 0.3803  data_time: 0.0031  memory: 7329  grad_norm: 106.3052  loss: 7.8616  rpn_s.0.loss_cls: 0.6062  rpn_s.0.loss_bbox: 0.0949  rpn_s.0.loss_giou: 0.7676  rpn_s.1.loss_cls: 0.4019  rpn_s.1.loss_bbox: 0.0472  rpn_s.1.loss_giou: 0.4042  rpn_s.2.loss_cls: 0.3318  rpn_s.2.loss_bbox: 0.0424  rpn_s.2.loss_giou: 0.3580  rpn_s.3.loss_cls: 0.2954  rpn_s.3.loss_bbox: 0.0393  rpn_s.3.loss_giou: 0.3340  s0.loss_cls: 0.3242  s0.pos_acc: 93.3333  s0.loss_bbox: 0.6302  s0.loss_iou: 1.1207  s1.loss_cls: 0.3199  s1.pos_acc: 96.6667  s1.loss_bbox: 0.6721  s1.loss_iou: 1.0715
2026/03/31 21:57:14 - mmengine - INFO - Epoch(train)  [4][ 6750/10002]  lr: 5.0000e-06  eta: 8:49:51  time: 0.3830  data_time: 0.0031  memory: 7329  grad_norm: 83.9699  loss: 7.5623  rpn_s.0.loss_cls: 0.5786  rpn_s.0.loss_bbox: 0.0966  rpn_s.0.loss_giou: 0.7543  rpn_s.1.loss_cls: 0.3873  rpn_s.1.loss_bbox: 0.0450  rpn_s.1.loss_giou: 0.3874  rpn_s.2.loss_cls: 0.3078  rpn_s.2.loss_bbox: 0.0391  rpn_s.2.loss_giou: 0.3378  rpn_s.3.loss_cls: 0.2699  rpn_s.3.loss_bbox: 0.0354  rpn_s.3.loss_giou: 0.3109  s0.loss_cls: 0.2885  s0.pos_acc: 100.0000  s0.loss_bbox: 0.6499  s0.loss_iou: 1.0791  s1.loss_cls: 0.2807  s1.pos_acc: 100.0000  s1.loss_bbox: 0.6918  s1.loss_iou: 1.0221
2026/03/31 21:57:33 - mmengine - INFO - Epoch(train)  [4][ 6800/10002]  lr: 5.0000e-06  eta: 8:49:32  time: 0.3808  data_time: 0.0031  memory: 7329  grad_norm: 110.0823  loss: 7.2866  rpn_s.0.loss_cls: 0.5847  rpn_s.0.loss_bbox: 0.0948  rpn_s.0.loss_giou: 0.6562  rpn_s.1.loss_cls: 0.4177  rpn_s.1.loss_bbox: 0.0485  rpn_s.1.loss_giou: 0.3598  rpn_s.2.loss_cls: 0.3242  rpn_s.2.loss_bbox: 0.0437  rpn_s.2.loss_giou: 0.3217  rpn_s.3.loss_cls: 0.2818  rpn_s.3.loss_bbox: 0.0425  rpn_s.3.loss_giou: 0.3092  s0.loss_cls: 0.3068  s0.pos_acc: 100.0000  s0.loss_bbox: 0.5955  s0.loss_iou: 1.0214  s1.loss_cls: 0.2948  s1.pos_acc: 100.0000  s1.loss_bbox: 0.6054  s1.loss_iou: 0.9780
2026/03/31 21:57:51 - mmengine - INFO - Epoch(train)  [4][ 6850/10002]  lr: 5.0000e-06  eta: 8:49:12  time: 0.3780  data_time: 0.0032  memory: 7329  grad_norm: 99.8859  loss: 7.6357  rpn_s.0.loss_cls: 0.5947  rpn_s.0.loss_bbox: 0.0948  rpn_s.0.loss_giou: 0.6909  rpn_s.1.loss_cls: 0.4162  rpn_s.1.loss_bbox: 0.0467  rpn_s.1.loss_giou: 0.3826  rpn_s.2.loss_cls: 0.3261  rpn_s.2.loss_bbox: 0.0404  rpn_s.2.loss_giou: 0.3437  rpn_s.3.loss_cls: 0.2870  rpn_s.3.loss_bbox: 0.0376  rpn_s.3.loss_giou: 0.3239  s0.loss_cls: 0.3159  s0.pos_acc: 87.5000  s0.loss_bbox: 0.6527  s0.loss_iou: 1.0750  s1.loss_cls: 0.3096  s1.pos_acc: 87.5000  s1.loss_bbox: 0.6577  s1.loss_iou: 1.0402
2026/03/31 21:58:10 - mmengine - INFO - Epoch(train)  [4][ 6900/10002]  lr: 5.0000e-06  eta: 8:48:53  time: 0.3796  data_time: 0.0031  memory: 7329  grad_norm: 97.0620  loss: 7.7610  rpn_s.0.loss_cls: 0.6144  rpn_s.0.loss_bbox: 0.0961  rpn_s.0.loss_giou: 0.7999  rpn_s.1.loss_cls: 0.3952  rpn_s.1.loss_bbox: 0.0430  rpn_s.1.loss_giou: 0.4110  rpn_s.2.loss_cls: 0.3119  rpn_s.2.loss_bbox: 0.0375  rpn_s.2.loss_giou: 0.3645  rpn_s.3.loss_cls: 0.2724  rpn_s.3.loss_bbox: 0.0335  rpn_s.3.loss_giou: 0.3413  s0.loss_cls: 0.3127  s0.pos_acc: 60.9756  s0.loss_bbox: 0.6155  s0.loss_iou: 1.0969  s1.loss_cls: 0.2991  s1.pos_acc: 62.1951  s1.loss_bbox: 0.6669  s1.loss_iou: 1.0492
2026/03/31 21:58:30 - mmengine - INFO - Epoch(train)  [4][ 6950/10002]  lr: 5.0000e-06  eta: 8:48:34  time: 0.3830  data_time: 0.0032  memory: 7329  grad_norm: 102.3114  loss: 7.4178  rpn_s.0.loss_cls: 0.5876  rpn_s.0.loss_bbox: 0.1008  rpn_s.0.loss_giou: 0.7108  rpn_s.1.loss_cls: 0.3970  rpn_s.1.loss_bbox: 0.0477  rpn_s.1.loss_giou: 0.3778  rpn_s.2.loss_cls: 0.3240  rpn_s.2.loss_bbox: 0.0404  rpn_s.2.loss_giou: 0.3296  rpn_s.3.loss_cls: 0.2829  rpn_s.3.loss_bbox: 0.0371  rpn_s.3.loss_giou: 0.3096  s0.loss_cls: 0.3290  s0.pos_acc: 100.0000  s0.loss_bbox: 0.5617  s0.loss_iou: 1.0427  s1.loss_cls: 0.3038  s1.pos_acc: 100.0000  s1.loss_bbox: 0.6206  s1.loss_iou: 1.0146
2026/03/31 21:58:46 - mmengine - INFO - Exp name: GSDet_r50_b900_h2h4_h2r1_r2r1_2x_fair1m1.0_20260331_165920
2026/03/31 21:58:49 - mmengine - INFO - Epoch(train)  [4][ 7000/10002]  lr: 5.0000e-06  eta: 8:48:15  time: 0.3798  data_time: 0.0032  memory: 7329  grad_norm: 97.5491  loss: 7.0812  rpn_s.0.loss_cls: 0.5749  rpn_s.0.loss_bbox: 0.0962  rpn_s.0.loss_giou: 0.6498  rpn_s.1.loss_cls: 0.3882  rpn_s.1.loss_bbox: 0.0457  rpn_s.1.loss_giou: 0.3418  rpn_s.2.loss_cls: 0.3087  rpn_s.2.loss_bbox: 0.0390  rpn_s.2.loss_giou: 0.2937  rpn_s.3.loss_cls: 0.2652  rpn_s.3.loss_bbox: 0.0357  rpn_s.3.loss_giou: 0.2736  s0.loss_cls: 0.2937  s0.pos_acc: 100.0000  s0.loss_bbox: 0.6924  s0.loss_iou: 0.9170  s1.loss_cls: 0.2768  s1.pos_acc: 91.6667  s1.loss_bbox: 0.7207  s1.loss_iou: 0.8681
2026/03/31 21:59:08 - mmengine - INFO - Epoch(train)  [4][ 7050/10002]  lr: 5.0000e-06  eta: 8:47:56  time: 0.3826  data_time: 0.0032  memory: 7329  grad_norm: 83.3995  loss: 8.1374  rpn_s.0.loss_cls: 0.6326  rpn_s.0.loss_bbox: 0.0999  rpn_s.0.loss_giou: 0.8285  rpn_s.1.loss_cls: 0.4454  rpn_s.1.loss_bbox: 0.0429  rpn_s.1.loss_giou: 0.4134  rpn_s.2.loss_cls: 0.3585  rpn_s.2.loss_bbox: 0.0360  rpn_s.2.loss_giou: 0.3539  rpn_s.3.loss_cls: 0.3174  rpn_s.3.loss_bbox: 0.0334  rpn_s.3.loss_giou: 0.3315  s0.loss_cls: 0.3513  s0.pos_acc: 76.4706  s0.loss_bbox: 0.6239  s0.loss_iou: 1.1496  s1.loss_cls: 0.3420  s1.pos_acc: 77.9412  s1.loss_bbox: 0.6786  s1.loss_iou: 1.0986
2026/03/31 21:59:27 - mmengine - INFO - Epoch(train)  [4][ 7100/10002]  lr: 5.0000e-06  eta: 8:47:36  time: 0.3786  data_time: 0.0032  memory: 7329  grad_norm: 128.4105  loss: 7.3621  rpn_s.0.loss_cls: 0.5739  rpn_s.0.loss_bbox: 0.0894  rpn_s.0.loss_giou: 0.6995  rpn_s.1.loss_cls: 0.4046  rpn_s.1.loss_bbox: 0.0418  rpn_s.1.loss_giou: 0.3658  rpn_s.2.loss_cls: 0.3362  rpn_s.2.loss_bbox: 0.0365  rpn_s.2.loss_giou: 0.3215  rpn_s.3.loss_cls: 0.2936  rpn_s.3.loss_bbox: 0.0334  rpn_s.3.loss_giou: 0.3034  s0.loss_cls: 0.3161  s0.pos_acc: 100.0000  s0.loss_bbox: 0.6328  s0.loss_iou: 0.9881  s1.loss_cls: 0.3117  s1.pos_acc: 100.0000  s1.loss_bbox: 0.6674  s1.loss_iou: 0.9466
2026/03/31 21:59:46 - mmengine - INFO - Epoch(train)  [4][ 7150/10002]  lr: 5.0000e-06  eta: 8:47:17  time: 0.3787  data_time: 0.0032  memory: 7329  grad_norm: 99.2435  loss: 7.2633  rpn_s.0.loss_cls: 0.5826  rpn_s.0.loss_bbox: 0.0887  rpn_s.0.loss_giou: 0.6966  rpn_s.1.loss_cls: 0.3833  rpn_s.1.loss_bbox: 0.0431  rpn_s.1.loss_giou: 0.3691  rpn_s.2.loss_cls: 0.3051  rpn_s.2.loss_bbox: 0.0365  rpn_s.2.loss_giou: 0.3195  rpn_s.3.loss_cls: 0.2633  rpn_s.3.loss_bbox: 0.0341  rpn_s.3.loss_giou: 0.3013  s0.loss_cls: 0.2977  s0.pos_acc: 100.0000  s0.loss_bbox: 0.6282  s0.loss_iou: 0.9800  s1.loss_cls: 0.2991  s1.pos_acc: 100.0000  s1.loss_bbox: 0.6944  s1.loss_iou: 0.9408
2026/03/31 22:00:04 - mmengine - INFO - Epoch(train)  [4][ 7200/10002]  lr: 5.0000e-06  eta: 8:46:57  time: 0.3750  data_time: 0.0032  memory: 7329  grad_norm: 99.2388  loss: 7.4998  rpn_s.0.loss_cls: 0.5955  rpn_s.0.loss_bbox: 0.0859  rpn_s.0.loss_giou: 0.7113  rpn_s.1.loss_cls: 0.4142  rpn_s.1.loss_bbox: 0.0406  rpn_s.1.loss_giou: 0.3822  rpn_s.2.loss_cls: 0.3378  rpn_s.2.loss_bbox: 0.0348  rpn_s.2.loss_giou: 0.3355  rpn_s.3.loss_cls: 0.3048  rpn_s.3.loss_bbox: 0.0322  rpn_s.3.loss_giou: 0.3146  s0.loss_cls: 0.3471  s0.pos_acc: 62.5000  s0.loss_bbox: 0.5636  s0.loss_iou: 1.0285  s1.loss_cls: 0.3360  s1.pos_acc: 68.7500  s1.loss_bbox: 0.6391  s1.loss_iou: 0.9961
2026/03/31 22:00:23 - mmengine - INFO - Epoch(train)  [4][ 7250/10002]  lr: 5.0000e-06  eta: 8:46:38  time: 0.3824  data_time: 0.0032  memory: 7329  grad_norm: 107.7184  loss: 7.9877  rpn_s.0.loss_cls: 0.6352  rpn_s.0.loss_bbox: 0.1008  rpn_s.0.loss_giou: 0.8329  rpn_s.1.loss_cls: 0.4268  rpn_s.1.loss_bbox: 0.0446  rpn_s.1.loss_giou: 0.4272  rpn_s.2.loss_cls: 0.3369  rpn_s.2.loss_bbox: 0.0387  rpn_s.2.loss_giou: 0.3748  rpn_s.3.loss_cls: 0.3013  rpn_s.3.loss_bbox: 0.0354  rpn_s.3.loss_giou: 0.3548  s0.loss_cls: 0.3212  s0.pos_acc: 64.7059  s0.loss_bbox: 0.5834  s0.loss_iou: 1.1312  s1.loss_cls: 0.3098  s1.pos_acc: 71.5686  s1.loss_bbox: 0.6358  s1.loss_iou: 1.0967
2026/03/31 22:00:42 - mmengine - INFO - Epoch(train)  [4][ 7300/10002]  lr: 5.0000e-06  eta: 8:46:19  time: 0.3781  data_time: 0.0031  memory: 7329  grad_norm: 104.0259  loss: 7.8648  rpn_s.0.loss_cls: 0.5995  rpn_s.0.loss_bbox: 0.0943  rpn_s.0.loss_giou: 0.7904  rpn_s.1.loss_cls: 0.4039  rpn_s.1.loss_bbox: 0.0421  rpn_s.1.loss_giou: 0.4119  rpn_s.2.loss_cls: 0.3335  rpn_s.2.loss_bbox: 0.0366  rpn_s.2.loss_giou: 0.3647  rpn_s.3.loss_cls: 0.2932  rpn_s.3.loss_bbox: 0.0336  rpn_s.3.loss_giou: 0.3412  s0.loss_cls: 0.3390  s0.pos_acc: 60.0000  s0.loss_bbox: 0.5697  s0.loss_iou: 1.1305  s1.loss_cls: 0.3495  s1.pos_acc: 60.0000  s1.loss_bbox: 0.6452  s1.loss_iou: 1.0860
2026/03/31 22:01:01 - mmengine - INFO - Epoch(train)  [4][ 7350/10002]  lr: 5.0000e-06  eta: 8:45:59  time: 0.3777  data_time: 0.0032  memory: 7329  grad_norm: 83.9140  loss: 7.6227  rpn_s.0.loss_cls: 0.6144  rpn_s.0.loss_bbox: 0.1004  rpn_s.0.loss_giou: 0.7339  rpn_s.1.loss_cls: 0.4234  rpn_s.1.loss_bbox: 0.0442  rpn_s.1.loss_giou: 0.3763  rpn_s.2.loss_cls: 0.3344  rpn_s.2.loss_bbox: 0.0361  rpn_s.2.loss_giou: 0.3260  rpn_s.3.loss_cls: 0.2968  rpn_s.3.loss_bbox: 0.0335  rpn_s.3.loss_giou: 0.3093  s0.loss_cls: 0.3257  s0.pos_acc: 77.8846  s0.loss_bbox: 0.6416  s0.loss_iou: 1.0306  s1.loss_cls: 0.3260  s1.pos_acc: 82.6923  s1.loss_bbox: 0.6759  s1.loss_iou: 0.9943
2026/03/31 22:01:20 - mmengine - INFO - Epoch(train)  [4][ 7400/10002]  lr: 5.0000e-06  eta: 8:45:40  time: 0.3799  data_time: 0.0032  memory: 7329  grad_norm: 82.8616  loss: 8.0100  rpn_s.0.loss_cls: 0.6198  rpn_s.0.loss_bbox: 0.0959  rpn_s.0.loss_giou: 0.7877  rpn_s.1.loss_cls: 0.4157  rpn_s.1.loss_bbox: 0.0424  rpn_s.1.loss_giou: 0.4141  rpn_s.2.loss_cls: 0.3345  rpn_s.2.loss_bbox: 0.0372  rpn_s.2.loss_giou: 0.3660  rpn_s.3.loss_cls: 0.2971  rpn_s.3.loss_bbox: 0.0351  rpn_s.3.loss_giou: 0.3487  s0.loss_cls: 0.3167  s0.pos_acc: 89.4737  s0.loss_bbox: 0.6504  s0.loss_iou: 1.1363  s1.loss_cls: 0.3161  s1.pos_acc: 92.1053  s1.loss_bbox: 0.7114  s1.loss_iou: 1.0848
2026/03/31 22:01:39 - mmengine - INFO - Epoch(train)  [4][ 7450/10002]  lr: 5.0000e-06  eta: 8:45:20  time: 0.3799  data_time: 0.0033  memory: 7329  grad_norm: 93.6274  loss: 8.0277  rpn_s.0.loss_cls: 0.6150  rpn_s.0.loss_bbox: 0.1025  rpn_s.0.loss_giou: 0.7744  rpn_s.1.loss_cls: 0.4198  rpn_s.1.loss_bbox: 0.0490  rpn_s.1.loss_giou: 0.4133  rpn_s.2.loss_cls: 0.3315  rpn_s.2.loss_bbox: 0.0425  rpn_s.2.loss_giou: 0.3672  rpn_s.3.loss_cls: 0.2991  rpn_s.3.loss_bbox: 0.0396  rpn_s.3.loss_giou: 0.3498  s0.loss_cls: 0.3464  s0.pos_acc: 85.7143  s0.loss_bbox: 0.6302  s0.loss_iou: 1.1574  s1.loss_cls: 0.3403  s1.pos_acc: 85.7143  s1.loss_bbox: 0.6516  s1.loss_iou: 1.0980
2026/03/31 22:01:59 - mmengine - INFO - Epoch(train)  [4][ 7500/10002]  lr: 5.0000e-06  eta: 8:45:02  time: 0.3851  data_time: 0.0032  memory: 7330  grad_norm: 88.9683  loss: 7.8677  rpn_s.0.loss_cls: 0.6081  rpn_s.0.loss_bbox: 0.0983  rpn_s.0.loss_giou: 0.7634  rpn_s.1.loss_cls: 0.4191  rpn_s.1.loss_bbox: 0.0472  rpn_s.1.loss_giou: 0.4159  rpn_s.2.loss_cls: 0.3473  rpn_s.2.loss_bbox: 0.0386  rpn_s.2.loss_giou: 0.3582  rpn_s.3.loss_cls: 0.3045  rpn_s.3.loss_bbox: 0.0359  rpn_s.3.loss_giou: 0.3369  s0.loss_cls: 0.3215  s0.pos_acc: 90.0000  s0.loss_bbox: 0.5995  s0.loss_iou: 1.1283  s1.loss_cls: 0.3330  s1.pos_acc: 90.0000  s1.loss_bbox: 0.6261  s1.loss_iou: 1.0857
2026/03/31 22:02:18 - mmengine - INFO - Epoch(train)  [4][ 7550/10002]  lr: 5.0000e-06  eta: 8:44:43  time: 0.3805  data_time: 0.0032  memory: 7329  grad_norm: 80.1382  loss: 7.7186  rpn_s.0.loss_cls: 0.6199  rpn_s.0.loss_bbox: 0.0904  rpn_s.0.loss_giou: 0.7734  rpn_s.1.loss_cls: 0.4130  rpn_s.1.loss_bbox: 0.0406  rpn_s.1.loss_giou: 0.3997  rpn_s.2.loss_cls: 0.3376  rpn_s.2.loss_bbox: 0.0343  rpn_s.2.loss_giou: 0.3504  rpn_s.3.loss_cls: 0.2969  rpn_s.3.loss_bbox: 0.0321  rpn_s.3.loss_giou: 0.3319  s0.loss_cls: 0.3168  s0.pos_acc: 65.1316  s0.loss_bbox: 0.5992  s0.loss_iou: 1.0943  s1.loss_cls: 0.3097  s1.pos_acc: 69.7368  s1.loss_bbox: 0.6271  s1.loss_iou: 1.0513
2026/03/31 22:02:37 - mmengine - INFO - Epoch(train)  [4][ 7600/10002]  lr: 5.0000e-06  eta: 8:44:24  time: 0.3832  data_time: 0.0032  memory: 7329  grad_norm: 89.9718  loss: 8.1668  rpn_s.0.loss_cls: 0.6276  rpn_s.0.loss_bbox: 0.1018  rpn_s.0.loss_giou: 0.8069  rpn_s.1.loss_cls: 0.4316  rpn_s.1.loss_bbox: 0.0476  rpn_s.1.loss_giou: 0.4338  rpn_s.2.loss_cls: 0.3640  rpn_s.2.loss_bbox: 0.0397  rpn_s.2.loss_giou: 0.3709  rpn_s.3.loss_cls: 0.3291  rpn_s.3.loss_bbox: 0.0363  rpn_s.3.loss_giou: 0.3492  s0.loss_cls: 0.3579  s0.pos_acc: 58.3333  s0.loss_bbox: 0.5604  s0.loss_iou: 1.1992  s1.loss_cls: 0.3484  s1.pos_acc: 66.6667  s1.loss_bbox: 0.6066  s1.loss_iou: 1.1559
2026/03/31 22:02:56 - mmengine - INFO - Epoch(train)  [4][ 7650/10002]  lr: 5.0000e-06  eta: 8:44:05  time: 0.3820  data_time: 0.0032  memory: 7329  grad_norm: 84.2618  loss: 7.7843  rpn_s.0.loss_cls: 0.6107  rpn_s.0.loss_bbox: 0.0912  rpn_s.0.loss_giou: 0.8047  rpn_s.1.loss_cls: 0.4050  rpn_s.1.loss_bbox: 0.0409  rpn_s.1.loss_giou: 0.4185  rpn_s.2.loss_cls: 0.3203  rpn_s.2.loss_bbox: 0.0352  rpn_s.2.loss_giou: 0.3696  rpn_s.3.loss_cls: 0.2848  rpn_s.3.loss_bbox: 0.0330  rpn_s.3.loss_giou: 0.3502  s0.loss_cls: 0.3182  s0.pos_acc: 73.5632  s0.loss_bbox: 0.5801  s0.loss_iou: 1.1168  s1.loss_cls: 0.3120  s1.pos_acc: 71.2644  s1.loss_bbox: 0.6201  s1.loss_iou: 1.0729
2026/03/31 22:03:15 - mmengine - INFO - Epoch(train)  [4][ 7700/10002]  lr: 5.0000e-06  eta: 8:43:45  time: 0.3791  data_time: 0.0033  memory: 7329  grad_norm: 89.7414  loss: 8.0165  rpn_s.0.loss_cls: 0.6077  rpn_s.0.loss_bbox: 0.0956  rpn_s.0.loss_giou: 0.8179  rpn_s.1.loss_cls: 0.4076  rpn_s.1.loss_bbox: 0.0410  rpn_s.1.loss_giou: 0.4114  rpn_s.2.loss_cls: 0.3278  rpn_s.2.loss_bbox: 0.0350  rpn_s.2.loss_giou: 0.3623  rpn_s.3.loss_cls: 0.2930  rpn_s.3.loss_bbox: 0.0324  rpn_s.3.loss_giou: 0.3401  s0.loss_cls: 0.3435  s0.pos_acc: 100.0000  s0.loss_bbox: 0.6395  s0.loss_iou: 1.1290  s1.loss_cls: 0.3245  s1.pos_acc: 100.0000  s1.loss_bbox: 0.7156  s1.loss_iou: 1.0924
2026/03/31 22:03:34 - mmengine - INFO - Epoch(train)  [4][ 7750/10002]  lr: 5.0000e-06  eta: 8:43:26  time: 0.3782  data_time: 0.0032  memory: 7329  grad_norm: 96.6328  loss: 8.2454  rpn_s.0.loss_cls: 0.6447  rpn_s.0.loss_bbox: 0.0936  rpn_s.0.loss_giou: 0.7648  rpn_s.1.loss_cls: 0.4403  rpn_s.1.loss_bbox: 0.0444  rpn_s.1.loss_giou: 0.4209  rpn_s.2.loss_cls: 0.3654  rpn_s.2.loss_bbox: 0.0385  rpn_s.2.loss_giou: 0.3820  rpn_s.3.loss_cls: 0.3324  rpn_s.3.loss_bbox: 0.0347  rpn_s.3.loss_giou: 0.3549  s0.loss_cls: 0.3752  s0.pos_acc: 75.7353  s0.loss_bbox: 0.6241  s0.loss_iou: 1.1544  s1.loss_cls: 0.3655  s1.pos_acc: 75.0000  s1.loss_bbox: 0.7005  s1.loss_iou: 1.1090
2026/03/31 22:03:53 - mmengine - INFO - Epoch(train)  [4][ 7800/10002]  lr: 5.0000e-06  eta: 8:43:06  time: 0.3804  data_time: 0.0032  memory: 7329  grad_norm: 97.1190  loss: 7.3267  rpn_s.0.loss_cls: 0.5863  rpn_s.0.loss_bbox: 0.0984  rpn_s.0.loss_giou: 0.6809  rpn_s.1.loss_cls: 0.3967  rpn_s.1.loss_bbox: 0.0467  rpn_s.1.loss_giou: 0.3676  rpn_s.2.loss_cls: 0.3117  rpn_s.2.loss_bbox: 0.0400  rpn_s.2.loss_giou: 0.3247  rpn_s.3.loss_cls: 0.2685  rpn_s.3.loss_bbox: 0.0360  rpn_s.3.loss_giou: 0.3000  s0.loss_cls: 0.2898  s0.pos_acc: 85.2830  s0.loss_bbox: 0.6710  s0.loss_iou: 0.9811  s1.loss_cls: 0.2877  s1.pos_acc: 85.4717  s1.loss_bbox: 0.6976  s1.loss_iou: 0.9420
2026/03/31 22:04:12 - mmengine - INFO - Epoch(train)  [4][ 7850/10002]  lr: 5.0000e-06  eta: 8:42:47  time: 0.3786  data_time: 0.0032  memory: 7329  grad_norm: 106.8577  loss: 7.5345  rpn_s.0.loss_cls: 0.5818  rpn_s.0.loss_bbox: 0.0913  rpn_s.0.loss_giou: 0.7152  rpn_s.1.loss_cls: 0.3953  rpn_s.1.loss_bbox: 0.0432  rpn_s.1.loss_giou: 0.3809  rpn_s.2.loss_cls: 0.3220  rpn_s.2.loss_bbox: 0.0374  rpn_s.2.loss_giou: 0.3312  rpn_s.3.loss_cls: 0.2868  rpn_s.3.loss_bbox: 0.0349  rpn_s.3.loss_giou: 0.3136  s0.loss_cls: 0.3219  s0.pos_acc: 100.0000  s0.loss_bbox: 0.6456  s0.loss_iou: 1.0426  s1.loss_cls: 0.3055  s1.pos_acc: 100.0000  s1.loss_bbox: 0.6851  s1.loss_iou: 1.0002
2026/03/31 22:04:31 - mmengine - INFO - Epoch(train)  [4][ 7900/10002]  lr: 5.0000e-06  eta: 8:42:28  time: 0.3791  data_time: 0.0032  memory: 7329  grad_norm: 95.4777  loss: 7.9830  rpn_s.0.loss_cls: 0.6157  rpn_s.0.loss_bbox: 0.0936  rpn_s.0.loss_giou: 0.7958  rpn_s.1.loss_cls: 0.4013  rpn_s.1.loss_bbox: 0.0428  rpn_s.1.loss_giou: 0.4180  rpn_s.2.loss_cls: 0.3232  rpn_s.2.loss_bbox: 0.0360  rpn_s.2.loss_giou: 0.3705  rpn_s.3.loss_cls: 0.2809  rpn_s.3.loss_bbox: 0.0341  rpn_s.3.loss_giou: 0.3523  s0.loss_cls: 0.3073  s0.pos_acc: 85.7143  s0.loss_bbox: 0.6231  s0.loss_iou: 1.1774  s1.loss_cls: 0.3027  s1.pos_acc: 71.4286  s1.loss_bbox: 0.6783  s1.loss_iou: 1.1300
2026/03/31 22:04:50 - mmengine - INFO - Epoch(train)  [4][ 7950/10002]  lr: 5.0000e-06  eta: 8:42:08  time: 0.3791  data_time: 0.0032  memory: 7329  grad_norm: 88.4719  loss: 8.2971  rpn_s.0.loss_cls: 0.6480  rpn_s.0.loss_bbox: 0.0963  rpn_s.0.loss_giou: 0.8458  rpn_s.1.loss_cls: 0.4523  rpn_s.1.loss_bbox: 0.0421  rpn_s.1.loss_giou: 0.4338  rpn_s.2.loss_cls: 0.3607  rpn_s.2.loss_bbox: 0.0356  rpn_s.2.loss_giou: 0.3769  rpn_s.3.loss_cls: 0.3213  rpn_s.3.loss_bbox: 0.0328  rpn_s.3.loss_giou: 0.3590  s0.loss_cls: 0.3679  s0.pos_acc: 75.0000  s0.loss_bbox: 0.6009  s0.loss_iou: 1.1720  s1.loss_cls: 0.3493  s1.pos_acc: 72.9167  s1.loss_bbox: 0.6681  s1.loss_iou: 1.1344
2026/03/31 22:05:07 - mmengine - INFO - Exp name: GSDet_r50_b900_h2h4_h2r1_r2r1_2x_fair1m1.0_20260331_165920
2026/03/31 22:05:09 - mmengine - INFO - Epoch(train)  [4][ 8000/10002]  lr: 5.0000e-06  eta: 8:41:50  time: 0.3871  data_time: 0.0032  memory: 7330  grad_norm: 114.6554  loss: 7.9499  rpn_s.0.loss_cls: 0.5827  rpn_s.0.loss_bbox: 0.1013  rpn_s.0.loss_giou: 0.7753  rpn_s.1.loss_cls: 0.3925  rpn_s.1.loss_bbox: 0.0488  rpn_s.1.loss_giou: 0.4100  rpn_s.2.loss_cls: 0.3210  rpn_s.2.loss_bbox: 0.0422  rpn_s.2.loss_giou: 0.3581  rpn_s.3.loss_cls: 0.2861  rpn_s.3.loss_bbox: 0.0384  rpn_s.3.loss_giou: 0.3369  s0.loss_cls: 0.3106  s0.pos_acc: 74.0000  s0.loss_bbox: 0.6930  s0.loss_iou: 1.1322  s1.loss_cls: 0.3126  s1.pos_acc: 78.0000  s1.loss_bbox: 0.7201  s1.loss_iou: 1.0880
2026/03/31 22:05:28 - mmengine - INFO - Epoch(train)  [4][ 8050/10002]  lr: 5.0000e-06  eta: 8:41:31  time: 0.3814  data_time: 0.0032  memory: 7329  grad_norm: 84.1882  loss: 7.4143  rpn_s.0.loss_cls: 0.5825  rpn_s.0.loss_bbox: 0.0990  rpn_s.0.loss_giou: 0.7460  rpn_s.1.loss_cls: 0.3810  rpn_s.1.loss_bbox: 0.0468  rpn_s.1.loss_giou: 0.3769  rpn_s.2.loss_cls: 0.3041  rpn_s.2.loss_bbox: 0.0414  rpn_s.2.loss_giou: 0.3345  rpn_s.3.loss_cls: 0.2666  rpn_s.3.loss_bbox: 0.0382  rpn_s.3.loss_giou: 0.3135  s0.loss_cls: 0.2847  s0.pos_acc: 75.0000  s0.loss_bbox: 0.6169  s0.loss_iou: 1.0489  s1.loss_cls: 0.2897  s1.pos_acc: 79.5455  s1.loss_bbox: 0.6305  s1.loss_iou: 1.0130
2026/03/31 22:05:47 - mmengine - INFO - Epoch(train)  [4][ 8100/10002]  lr: 5.0000e-06  eta: 8:41:11  time: 0.3806  data_time: 0.0032  memory: 7329  grad_norm: 109.8394  loss: 8.2432  rpn_s.0.loss_cls: 0.5887  rpn_s.0.loss_bbox: 0.1144  rpn_s.0.loss_giou: 0.7351  rpn_s.1.loss_cls: 0.4195  rpn_s.1.loss_bbox: 0.0591  rpn_s.1.loss_giou: 0.4181  rpn_s.2.loss_cls: 0.3409  rpn_s.2.loss_bbox: 0.0501  rpn_s.2.loss_giou: 0.3716  rpn_s.3.loss_cls: 0.3060  rpn_s.3.loss_bbox: 0.0467  rpn_s.3.loss_giou: 0.3509  s0.loss_cls: 0.3562  s0.pos_acc: 75.0000  s0.loss_bbox: 0.7187  s0.loss_iou: 1.1547  s1.loss_cls: 0.3412  s1.pos_acc: 77.5000  s1.loss_bbox: 0.7696  s1.loss_iou: 1.1016
2026/03/31 22:06:06 - mmengine - INFO - Epoch(train)  [4][ 8150/10002]  lr: 5.0000e-06  eta: 8:40:52  time: 0.3785  data_time: 0.0032  memory: 7329  grad_norm: 97.2046  loss: 7.7237  rpn_s.0.loss_cls: 0.5715  rpn_s.0.loss_bbox: 0.1024  rpn_s.0.loss_giou: 0.7431  rpn_s.1.loss_cls: 0.4032  rpn_s.1.loss_bbox: 0.0476  rpn_s.1.loss_giou: 0.3914  rpn_s.2.loss_cls: 0.3116  rpn_s.2.loss_bbox: 0.0418  rpn_s.2.loss_giou: 0.3543  rpn_s.3.loss_cls: 0.2841  rpn_s.3.loss_bbox: 0.0386  rpn_s.3.loss_giou: 0.3330  s0.loss_cls: 0.3258  s0.pos_acc: 67.5000  s0.loss_bbox: 0.6442  s0.loss_iou: 1.0855  s1.loss_cls: 0.3228  s1.pos_acc: 70.0000  s1.loss_bbox: 0.6830  s1.loss_iou: 1.0400
2026/03/31 22:06:25 - mmengine - INFO - Epoch(train)  [4][ 8200/10002]  lr: 5.0000e-06  eta: 8:40:33  time: 0.3789  data_time: 0.0032  memory: 7329  grad_norm: 108.5819  loss: 7.8641  rpn_s.0.loss_cls: 0.6100  rpn_s.0.loss_bbox: 0.0981  rpn_s.0.loss_giou: 0.7937  rpn_s.1.loss_cls: 0.4217  rpn_s.1.loss_bbox: 0.0444  rpn_s.1.loss_giou: 0.4098  rpn_s.2.loss_cls: 0.3427  rpn_s.2.loss_bbox: 0.0403  rpn_s.2.loss_giou: 0.3612  rpn_s.3.loss_cls: 0.3149  rpn_s.3.loss_bbox: 0.0350  rpn_s.3.loss_giou: 0.3349  s0.loss_cls: 0.3467  s0.pos_acc: 77.5862  s0.loss_bbox: 0.5749  s0.loss_iou: 1.1022  s1.loss_cls: 0.3473  s1.pos_acc: 82.7586  s1.loss_bbox: 0.6356  s1.loss_iou: 1.0505
2026/03/31 22:06:44 - mmengine - INFO - Epoch(train)  [4][ 8250/10002]  lr: 5.0000e-06  eta: 8:40:13  time: 0.3807  data_time: 0.0032  memory: 7329  grad_norm: 96.7623  loss: 7.7589  rpn_s.0.loss_cls: 0.6051  rpn_s.0.loss_bbox: 0.0959  rpn_s.0.loss_giou: 0.7348  rpn_s.1.loss_cls: 0.4012  rpn_s.1.loss_bbox: 0.0475  rpn_s.1.loss_giou: 0.4060  rpn_s.2.loss_cls: 0.3298  rpn_s.2.loss_bbox: 0.0410  rpn_s.2.loss_giou: 0.3632  rpn_s.3.loss_cls: 0.2933  rpn_s.3.loss_bbox: 0.0376  rpn_s.3.loss_giou: 0.3447  s0.loss_cls: 0.3226  s0.pos_acc: 100.0000  s0.loss_bbox: 0.5937  s0.loss_iou: 1.1235  s1.loss_cls: 0.3033  s1.pos_acc: 100.0000  s1.loss_bbox: 0.6371  s1.loss_iou: 1.0784
2026/03/31 22:07:03 - mmengine - INFO - Epoch(train)  [4][ 8300/10002]  lr: 5.0000e-06  eta: 8:39:54  time: 0.3787  data_time: 0.0032  memory: 7329  grad_norm: 96.9552  loss: 7.7332  rpn_s.0.loss_cls: 0.5851  rpn_s.0.loss_bbox: 0.0947  rpn_s.0.loss_giou: 0.7824  rpn_s.1.loss_cls: 0.4062  rpn_s.1.loss_bbox: 0.0421  rpn_s.1.loss_giou: 0.4020  rpn_s.2.loss_cls: 0.3196  rpn_s.2.loss_bbox: 0.0351  rpn_s.2.loss_giou: 0.3413  rpn_s.3.loss_cls: 0.2877  rpn_s.3.loss_bbox: 0.0314  rpn_s.3.loss_giou: 0.3160  s0.loss_cls: 0.3292  s0.pos_acc: 63.0952  s0.loss_bbox: 0.6040  s0.loss_iou: 1.1101  s1.loss_cls: 0.3266  s1.pos_acc: 69.0476  s1.loss_bbox: 0.6578  s1.loss_iou: 1.0618
2026/03/31 22:07:22 - mmengine - INFO - Epoch(train)  [4][ 8350/10002]  lr: 5.0000e-06  eta: 8:39:34  time: 0.3745  data_time: 0.0032  memory: 7329  grad_norm: 97.8551  loss: 7.1079  rpn_s.0.loss_cls: 0.5766  rpn_s.0.loss_bbox: 0.0894  rpn_s.0.loss_giou: 0.6530  rpn_s.1.loss_cls: 0.3914  rpn_s.1.loss_bbox: 0.0443  rpn_s.1.loss_giou: 0.3519  rpn_s.2.loss_cls: 0.3114  rpn_s.2.loss_bbox: 0.0392  rpn_s.2.loss_giou: 0.3116  rpn_s.3.loss_cls: 0.2862  rpn_s.3.loss_bbox: 0.0354  rpn_s.3.loss_giou: 0.2963  s0.loss_cls: 0.3098  s0.pos_acc: 87.5000  s0.loss_bbox: 0.6293  s0.loss_iou: 0.9268  s1.loss_cls: 0.3050  s1.pos_acc: 87.5000  s1.loss_bbox: 0.6588  s1.loss_iou: 0.8914
2026/03/31 22:07:40 - mmengine - INFO - Epoch(train)  [4][ 8400/10002]  lr: 5.0000e-06  eta: 8:39:14  time: 0.3752  data_time: 0.0032  memory: 7329  grad_norm: 92.2790  loss: 7.2474  rpn_s.0.loss_cls: 0.5800  rpn_s.0.loss_bbox: 0.0937  rpn_s.0.loss_giou: 0.6536  rpn_s.1.loss_cls: 0.3993  rpn_s.1.loss_bbox: 0.0460  rpn_s.1.loss_giou: 0.3562  rpn_s.2.loss_cls: 0.3106  rpn_s.2.loss_bbox: 0.0407  rpn_s.2.loss_giou: 0.3216  rpn_s.3.loss_cls: 0.2802  rpn_s.3.loss_bbox: 0.0370  rpn_s.3.loss_giou: 0.3038  s0.loss_cls: 0.3074  s0.pos_acc: 59.0909  s0.loss_bbox: 0.6339  s0.loss_iou: 0.9695  s1.loss_cls: 0.3233  s1.pos_acc: 59.0909  s1.loss_bbox: 0.6743  s1.loss_iou: 0.9162
2026/03/31 22:07:59 - mmengine - INFO - Epoch(train)  [4][ 8450/10002]  lr: 5.0000e-06  eta: 8:38:55  time: 0.3784  data_time: 0.0033  memory: 7329  grad_norm: 98.1450  loss: 7.3859  rpn_s.0.loss_cls: 0.5718  rpn_s.0.loss_bbox: 0.0955  rpn_s.0.loss_giou: 0.7053  rpn_s.1.loss_cls: 0.3838  rpn_s.1.loss_bbox: 0.0454  rpn_s.1.loss_giou: 0.3732  rpn_s.2.loss_cls: 0.3235  rpn_s.2.loss_bbox: 0.0389  rpn_s.2.loss_giou: 0.3280  rpn_s.3.loss_cls: 0.2838  rpn_s.3.loss_bbox: 0.0374  rpn_s.3.loss_giou: 0.3135  s0.loss_cls: 0.3103  s0.pos_acc: 90.0000  s0.loss_bbox: 0.5989  s0.loss_iou: 1.0260  s1.loss_cls: 0.3164  s1.pos_acc: 94.0000  s1.loss_bbox: 0.6474  s1.loss_iou: 0.9867
2026/03/31 22:08:19 - mmengine - INFO - Epoch(train)  [4][ 8500/10002]  lr: 5.0000e-06  eta: 8:38:36  time: 0.3869  data_time: 0.0032  memory: 7330  grad_norm: 88.1266  loss: 7.7708  rpn_s.0.loss_cls: 0.5770  rpn_s.0.loss_bbox: 0.1094  rpn_s.0.loss_giou: 0.7469  rpn_s.1.loss_cls: 0.3873  rpn_s.1.loss_bbox: 0.0500  rpn_s.1.loss_giou: 0.4037  rpn_s.2.loss_cls: 0.3101  rpn_s.2.loss_bbox: 0.0420  rpn_s.2.loss_giou: 0.3500  rpn_s.3.loss_cls: 0.2673  rpn_s.3.loss_bbox: 0.0391  rpn_s.3.loss_giou: 0.3295  s0.loss_cls: 0.3044  s0.pos_acc: 44.9324  s0.loss_bbox: 0.6813  s0.loss_iou: 1.1053  s1.loss_cls: 0.2916  s1.pos_acc: 48.3108  s1.loss_bbox: 0.7248  s1.loss_iou: 1.0511
2026/03/31 22:08:38 - mmengine - INFO - Epoch(train)  [4][ 8550/10002]  lr: 5.0000e-06  eta: 8:38:18  time: 0.3878  data_time: 0.0032  memory: 7330  grad_norm: 97.1193  loss: 8.3443  rpn_s.0.loss_cls: 0.6492  rpn_s.0.loss_bbox: 0.0984  rpn_s.0.loss_giou: 0.8359  rpn_s.1.loss_cls: 0.4381  rpn_s.1.loss_bbox: 0.0431  rpn_s.1.loss_giou: 0.4340  rpn_s.2.loss_cls: 0.3597  rpn_s.2.loss_bbox: 0.0374  rpn_s.2.loss_giou: 0.3818  rpn_s.3.loss_cls: 0.3188  rpn_s.3.loss_bbox: 0.0348  rpn_s.3.loss_giou: 0.3606  s0.loss_cls: 0.3521  s0.pos_acc: 83.3333  s0.loss_bbox: 0.6110  s0.loss_iou: 1.1889  s1.loss_cls: 0.3531  s1.pos_acc: 88.0000  s1.loss_bbox: 0.7084  s1.loss_iou: 1.1389
2026/03/31 22:08:57 - mmengine - INFO - Epoch(train)  [4][ 8600/10002]  lr: 5.0000e-06  eta: 8:37:58  time: 0.3776  data_time: 0.0032  memory: 7329  grad_norm: 84.6383  loss: 7.8675  rpn_s.0.loss_cls: 0.6195  rpn_s.0.loss_bbox: 0.0921  rpn_s.0.loss_giou: 0.7855  rpn_s.1.loss_cls: 0.4154  rpn_s.1.loss_bbox: 0.0406  rpn_s.1.loss_giou: 0.4041  rpn_s.2.loss_cls: 0.3324  rpn_s.2.loss_bbox: 0.0345  rpn_s.2.loss_giou: 0.3533  rpn_s.3.loss_cls: 0.2917  rpn_s.3.loss_bbox: 0.0318  rpn_s.3.loss_giou: 0.3314  s0.loss_cls: 0.3308  s0.pos_acc: 98.8235  s0.loss_bbox: 0.6223  s0.loss_iou: 1.1065  s1.loss_cls: 0.3130  s1.pos_acc: 97.9412  s1.loss_bbox: 0.6878  s1.loss_iou: 1.0749
2026/03/31 22:09:16 - mmengine - INFO - Epoch(train)  [4][ 8650/10002]  lr: 5.0000e-06  eta: 8:37:39  time: 0.3818  data_time: 0.0032  memory: 7329  grad_norm: 90.2222  loss: 7.9484  rpn_s.0.loss_cls: 0.6251  rpn_s.0.loss_bbox: 0.1020  rpn_s.0.loss_giou: 0.8092  rpn_s.1.loss_cls: 0.4328  rpn_s.1.loss_bbox: 0.0448  rpn_s.1.loss_giou: 0.4057  rpn_s.2.loss_cls: 0.3674  rpn_s.2.loss_bbox: 0.0381  rpn_s.2.loss_giou: 0.3526  rpn_s.3.loss_cls: 0.3272  rpn_s.3.loss_bbox: 0.0354  rpn_s.3.loss_giou: 0.3336  s0.loss_cls: 0.3612  s0.pos_acc: 62.0000  s0.loss_bbox: 0.5687  s0.loss_iou: 1.1205  s1.loss_cls: 0.3427  s1.pos_acc: 70.0000  s1.loss_bbox: 0.6102  s1.loss_iou: 1.0714
2026/03/31 22:09:35 - mmengine - INFO - Epoch(train)  [4][ 8700/10002]  lr: 5.0000e-06  eta: 8:37:20  time: 0.3801  data_time: 0.0033  memory: 7329  grad_norm: 91.0649  loss: 7.6564  rpn_s.0.loss_cls: 0.6197  rpn_s.0.loss_bbox: 0.0912  rpn_s.0.loss_giou: 0.7303  rpn_s.1.loss_cls: 0.4192  rpn_s.1.loss_bbox: 0.0428  rpn_s.1.loss_giou: 0.3945  rpn_s.2.loss_cls: 0.3438  rpn_s.2.loss_bbox: 0.0379  rpn_s.2.loss_giou: 0.3578  rpn_s.3.loss_cls: 0.2997  rpn_s.3.loss_bbox: 0.0354  rpn_s.3.loss_giou: 0.3367  s0.loss_cls: 0.3314  s0.pos_acc: 78.5714  s0.loss_bbox: 0.5659  s0.loss_iou: 1.0759  s1.loss_cls: 0.3233  s1.pos_acc: 71.4286  s1.loss_bbox: 0.6012  s1.loss_iou: 1.0495
2026/03/31 22:09:54 - mmengine - INFO - Epoch(train)  [4][ 8750/10002]  lr: 5.0000e-06  eta: 8:37:01  time: 0.3817  data_time: 0.0033  memory: 7329  grad_norm: 89.9870  loss: 8.1335  rpn_s.0.loss_cls: 0.6169  rpn_s.0.loss_bbox: 0.0959  rpn_s.0.loss_giou: 0.7838  rpn_s.1.loss_cls: 0.4362  rpn_s.1.loss_bbox: 0.0452  rpn_s.1.loss_giou: 0.4128  rpn_s.2.loss_cls: 0.3522  rpn_s.2.loss_bbox: 0.0395  rpn_s.2.loss_giou: 0.3601  rpn_s.3.loss_cls: 0.3141  rpn_s.3.loss_bbox: 0.0356  rpn_s.3.loss_giou: 0.3364  s0.loss_cls: 0.3573  s0.pos_acc: 80.0000  s0.loss_bbox: 0.6690  s0.loss_iou: 1.1481  s1.loss_cls: 0.3456  s1.pos_acc: 80.0000  s1.loss_bbox: 0.6887  s1.loss_iou: 1.0961
2026/03/31 22:10:13 - mmengine - INFO - Epoch(train)  [4][ 8800/10002]  lr: 5.0000e-06  eta: 8:36:42  time: 0.3786  data_time: 0.0032  memory: 7329  grad_norm: 89.0477  loss: 7.7975  rpn_s.0.loss_cls: 0.6088  rpn_s.0.loss_bbox: 0.0940  rpn_s.0.loss_giou: 0.7692  rpn_s.1.loss_cls: 0.4036  rpn_s.1.loss_bbox: 0.0430  rpn_s.1.loss_giou: 0.4000  rpn_s.2.loss_cls: 0.3174  rpn_s.2.loss_bbox: 0.0379  rpn_s.2.loss_giou: 0.3630  rpn_s.3.loss_cls: 0.2812  rpn_s.3.loss_bbox: 0.0358  rpn_s.3.loss_giou: 0.3442  s0.loss_cls: 0.3201  s0.pos_acc: 100.0000  s0.loss_bbox: 0.6041  s0.loss_iou: 1.1122  s1.loss_cls: 0.3224  s1.pos_acc: 100.0000  s1.loss_bbox: 0.6702  s1.loss_iou: 1.0705
2026/03/31 22:10:32 - mmengine - INFO - Epoch(train)  [4][ 8850/10002]  lr: 5.0000e-06  eta: 8:36:22  time: 0.3764  data_time: 0.0032  memory: 7329  grad_norm: 101.9463  loss: 6.9444  rpn_s.0.loss_cls: 0.5530  rpn_s.0.loss_bbox: 0.0857  rpn_s.0.loss_giou: 0.6127  rpn_s.1.loss_cls: 0.3759  rpn_s.1.loss_bbox: 0.0438  rpn_s.1.loss_giou: 0.3413  rpn_s.2.loss_cls: 0.2909  rpn_s.2.loss_bbox: 0.0368  rpn_s.2.loss_giou: 0.3035  rpn_s.3.loss_cls: 0.2576  rpn_s.3.loss_bbox: 0.0344  rpn_s.3.loss_giou: 0.2901  s0.loss_cls: 0.2873  s0.pos_acc: 100.0000  s0.loss_bbox: 0.6551  s0.loss_iou: 0.9327  s1.loss_cls: 0.2759  s1.pos_acc: 100.0000  s1.loss_bbox: 0.6864  s1.loss_iou: 0.8813
2026/03/31 22:10:51 - mmengine - INFO - Epoch(train)  [4][ 8900/10002]  lr: 5.0000e-06  eta: 8:36:03  time: 0.3808  data_time: 0.0033  memory: 7329  grad_norm: 83.5856  loss: 8.0536  rpn_s.0.loss_cls: 0.6338  rpn_s.0.loss_bbox: 0.0925  rpn_s.0.loss_giou: 0.8021  rpn_s.1.loss_cls: 0.4170  rpn_s.1.loss_bbox: 0.0420  rpn_s.1.loss_giou: 0.4119  rpn_s.2.loss_cls: 0.3286  rpn_s.2.loss_bbox: 0.0376  rpn_s.2.loss_giou: 0.3623  rpn_s.3.loss_cls: 0.2897  rpn_s.3.loss_bbox: 0.0346  rpn_s.3.loss_giou: 0.3445  s0.loss_cls: 0.3328  s0.pos_acc: 69.3878  s0.loss_bbox: 0.6599  s0.loss_iou: 1.1480  s1.loss_cls: 0.3219  s1.pos_acc: 69.3878  s1.loss_bbox: 0.6902  s1.loss_iou: 1.1043
2026/03/31 22:11:10 - mmengine - INFO - Epoch(train)  [4][ 8950/10002]  lr: 5.0000e-06  eta: 8:35:43  time: 0.3782  data_time: 0.0032  memory: 7329  grad_norm: 125.2356  loss: 7.5929  rpn_s.0.loss_cls: 0.5937  rpn_s.0.loss_bbox: 0.0946  rpn_s.0.loss_giou: 0.6827  rpn_s.1.loss_cls: 0.4101  rpn_s.1.loss_bbox: 0.0463  rpn_s.1.loss_giou: 0.3682  rpn_s.2.loss_cls: 0.3270  rpn_s.2.loss_bbox: 0.0417  rpn_s.2.loss_giou: 0.3289  rpn_s.3.loss_cls: 0.2974  rpn_s.3.loss_bbox: 0.0389  rpn_s.3.loss_giou: 0.3082  s0.loss_cls: 0.3191  s0.pos_acc: 100.0000  s0.loss_bbox: 0.6706  s0.loss_iou: 1.0462  s1.loss_cls: 0.3274  s1.pos_acc: 100.0000  s1.loss_bbox: 0.6970  s1.loss_iou: 0.9949
2026/03/31 22:11:27 - mmengine - INFO - Exp name: GSDet_r50_b900_h2h4_h2r1_r2r1_2x_fair1m1.0_20260331_165920
2026/03/31 22:11:29 - mmengine - INFO - Epoch(train)  [4][ 9000/10002]  lr: 5.0000e-06  eta: 8:35:25  time: 0.3850  data_time: 0.0032  memory: 7329  grad_norm: 80.1356  loss: 8.0805  rpn_s.0.loss_cls: 0.6112  rpn_s.0.loss_bbox: 0.0945  rpn_s.0.loss_giou: 0.8346  rpn_s.1.loss_cls: 0.4120  rpn_s.1.loss_bbox: 0.0409  rpn_s.1.loss_giou: 0.4254  rpn_s.2.loss_cls: 0.3405  rpn_s.2.loss_bbox: 0.0349  rpn_s.2.loss_giou: 0.3738  rpn_s.3.loss_cls: 0.3012  rpn_s.3.loss_bbox: 0.0325  rpn_s.3.loss_giou: 0.3552  s0.loss_cls: 0.3341  s0.pos_acc: 76.1905  s0.loss_bbox: 0.6297  s0.loss_iou: 1.1580  s1.loss_cls: 0.3188  s1.pos_acc: 83.3333  s1.loss_bbox: 0.6597  s1.loss_iou: 1.1236
2026/03/31 22:11:48 - mmengine - INFO - Epoch(train)  [4][ 9050/10002]  lr: 5.0000e-06  eta: 8:35:05  time: 0.3766  data_time: 0.0032  memory: 7329  grad_norm: 98.6876  loss: 7.5393  rpn_s.0.loss_cls: 0.5707  rpn_s.0.loss_bbox: 0.0927  rpn_s.0.loss_giou: 0.7152  rpn_s.1.loss_cls: 0.4069  rpn_s.1.loss_bbox: 0.0437  rpn_s.1.loss_giou: 0.3801  rpn_s.2.loss_cls: 0.3250  rpn_s.2.loss_bbox: 0.0378  rpn_s.2.loss_giou: 0.3396  rpn_s.3.loss_cls: 0.2930  rpn_s.3.loss_bbox: 0.0343  rpn_s.3.loss_giou: 0.3176  s0.loss_cls: 0.3317  s0.pos_acc: 86.6667  s0.loss_bbox: 0.6251  s0.loss_iou: 1.0503  s1.loss_cls: 0.3264  s1.pos_acc: 93.3333  s1.loss_bbox: 0.6402  s1.loss_iou: 1.0090
2026/03/31 22:12:07 - mmengine - INFO - Epoch(train)  [4][ 9100/10002]  lr: 5.0000e-06  eta: 8:34:46  time: 0.3806  data_time: 0.0032  memory: 7329  grad_norm: 95.0432  loss: 7.7319  rpn_s.0.loss_cls: 0.5916  rpn_s.0.loss_bbox: 0.0970  rpn_s.0.loss_giou: 0.7612  rpn_s.1.loss_cls: 0.3980  rpn_s.1.loss_bbox: 0.0446  rpn_s.1.loss_giou: 0.3906  rpn_s.2.loss_cls: 0.3189  rpn_s.2.loss_bbox: 0.0382  rpn_s.2.loss_giou: 0.3428  rpn_s.3.loss_cls: 0.2825  rpn_s.3.loss_bbox: 0.0354  rpn_s.3.loss_giou: 0.3261  s0.loss_cls: 0.3271  s0.pos_acc: 76.5537  s0.loss_bbox: 0.6536  s0.loss_iou: 1.0641  s1.loss_cls: 0.3319  s1.pos_acc: 76.2712  s1.loss_bbox: 0.7145  s1.loss_iou: 1.0135
2026/03/31 22:12:26 - mmengine - INFO - Epoch(train)  [4][ 9150/10002]  lr: 5.0000e-06  eta: 8:34:26  time: 0.3794  data_time: 0.0032  memory: 7329  grad_norm: 102.2031  loss: 7.9064  rpn_s.0.loss_cls: 0.5974  rpn_s.0.loss_bbox: 0.1014  rpn_s.0.loss_giou: 0.7334  rpn_s.1.loss_cls: 0.4114  rpn_s.1.loss_bbox: 0.0497  rpn_s.1.loss_giou: 0.3994  rpn_s.2.loss_cls: 0.3349  rpn_s.2.loss_bbox: 0.0446  rpn_s.2.loss_giou: 0.3590  rpn_s.3.loss_cls: 0.3006  rpn_s.3.loss_bbox: 0.0419  rpn_s.3.loss_giou: 0.3409  s0.loss_cls: 0.3295  s0.pos_acc: 78.4211  s0.loss_bbox: 0.6803  s0.loss_iou: 1.1054  s1.loss_cls: 0.3324  s1.pos_acc: 78.4211  s1.loss_bbox: 0.6920  s1.loss_iou: 1.0523
2026/03/31 22:12:45 - mmengine - INFO - Epoch(train)  [4][ 9200/10002]  lr: 5.0000e-06  eta: 8:34:07  time: 0.3806  data_time: 0.0032  memory: 7330  grad_norm: 99.8789  loss: 7.6377  rpn_s.0.loss_cls: 0.6171  rpn_s.0.loss_bbox: 0.0946  rpn_s.0.loss_giou: 0.7310  rpn_s.1.loss_cls: 0.4219  rpn_s.1.loss_bbox: 0.0423  rpn_s.1.loss_giou: 0.3795  rpn_s.2.loss_cls: 0.3482  rpn_s.2.loss_bbox: 0.0376  rpn_s.2.loss_giou: 0.3396  rpn_s.3.loss_cls: 0.3051  rpn_s.3.loss_bbox: 0.0352  rpn_s.3.loss_giou: 0.3183  s0.loss_cls: 0.3570  s0.pos_acc: 82.7586  s0.loss_bbox: 0.6158  s0.loss_iou: 1.0358  s1.loss_cls: 0.3355  s1.pos_acc: 83.3333  s1.loss_bbox: 0.6199  s1.loss_iou: 1.0034
2026/03/31 22:13:04 - mmengine - INFO - Epoch(train)  [4][ 9250/10002]  lr: 5.0000e-06  eta: 8:33:47  time: 0.3750  data_time: 0.0032  memory: 7329  grad_norm: 93.0687  loss: 7.9330  rpn_s.0.loss_cls: 0.6119  rpn_s.0.loss_bbox: 0.0906  rpn_s.0.loss_giou: 0.7582  rpn_s.1.loss_cls: 0.4260  rpn_s.1.loss_bbox: 0.0430  rpn_s.1.loss_giou: 0.4070  rpn_s.2.loss_cls: 0.3556  rpn_s.2.loss_bbox: 0.0353  rpn_s.2.loss_giou: 0.3540  rpn_s.3.loss_cls: 0.3174  rpn_s.3.loss_bbox: 0.0315  rpn_s.3.loss_giou: 0.3314  s0.loss_cls: 0.3479  s0.pos_acc: 68.3673  s0.loss_bbox: 0.6730  s0.loss_iou: 1.0639  s1.loss_cls: 0.3429  s1.pos_acc: 78.5714  s1.loss_bbox: 0.7304  s1.loss_iou: 1.0129
2026/03/31 22:13:23 - mmengine - INFO - Epoch(train)  [4][ 9300/10002]  lr: 5.0000e-06  eta: 8:33:28  time: 0.3774  data_time: 0.0032  memory: 7329  grad_norm: 93.9835  loss: 7.6485  rpn_s.0.loss_cls: 0.6024  rpn_s.0.loss_bbox: 0.0926  rpn_s.0.loss_giou: 0.7372  rpn_s.1.loss_cls: 0.4025  rpn_s.1.loss_bbox: 0.0427  rpn_s.1.loss_giou: 0.3757  rpn_s.2.loss_cls: 0.3294  rpn_s.2.loss_bbox: 0.0378  rpn_s.2.loss_giou: 0.3319  rpn_s.3.loss_cls: 0.3007  rpn_s.3.loss_bbox: 0.0356  rpn_s.3.loss_giou: 0.3145  s0.loss_cls: 0.3248  s0.pos_acc: 82.0988  s0.loss_bbox: 0.6609  s0.loss_iou: 1.0362  s1.loss_cls: 0.3179  s1.pos_acc: 80.2469  s1.loss_bbox: 0.7025  s1.loss_iou: 1.0032
2026/03/31 22:13:41 - mmengine - INFO - Epoch(train)  [4][ 9350/10002]  lr: 5.0000e-06  eta: 8:33:08  time: 0.3784  data_time: 0.0032  memory: 7329  grad_norm: 82.5252  loss: 7.8236  rpn_s.0.loss_cls: 0.6192  rpn_s.0.loss_bbox: 0.0965  rpn_s.0.loss_giou: 0.7652  rpn_s.1.loss_cls: 0.4249  rpn_s.1.loss_bbox: 0.0451  rpn_s.1.loss_giou: 0.4005  rpn_s.2.loss_cls: 0.3452  rpn_s.2.loss_bbox: 0.0390  rpn_s.2.loss_giou: 0.3553  rpn_s.3.loss_cls: 0.3066  rpn_s.3.loss_bbox: 0.0357  rpn_s.3.loss_giou: 0.3306  s0.loss_cls: 0.3353  s0.pos_acc: 85.0000  s0.loss_bbox: 0.6053  s0.loss_iou: 1.1069  s1.loss_cls: 0.3327  s1.pos_acc: 90.0000  s1.loss_bbox: 0.6170  s1.loss_iou: 1.0625
2026/03/31 22:14:00 - mmengine - INFO - Epoch(train)  [4][ 9400/10002]  lr: 5.0000e-06  eta: 8:32:49  time: 0.3736  data_time: 0.0032  memory: 7329  grad_norm: 95.1396  loss: 7.4931  rpn_s.0.loss_cls: 0.6364  rpn_s.0.loss_bbox: 0.0961  rpn_s.0.loss_giou: 0.7566  rpn_s.1.loss_cls: 0.4410  rpn_s.1.loss_bbox: 0.0426  rpn_s.1.loss_giou: 0.3855  rpn_s.2.loss_cls: 0.3583  rpn_s.2.loss_bbox: 0.0355  rpn_s.2.loss_giou: 0.3317  rpn_s.3.loss_cls: 0.3116  rpn_s.3.loss_bbox: 0.0327  rpn_s.3.loss_giou: 0.3088  s0.loss_cls: 0.3558  s0.pos_acc: 94.4444  s0.loss_bbox: 0.5356  s0.loss_iou: 0.9834  s1.loss_cls: 0.3467  s1.pos_acc: 94.4444  s1.loss_bbox: 0.5844  s1.loss_iou: 0.9504
2026/03/31 22:14:19 - mmengine - INFO - Epoch(train)  [4][ 9450/10002]  lr: 5.0000e-06  eta: 8:32:29  time: 0.3815  data_time: 0.0032  memory: 7329  grad_norm: 86.3958  loss: 8.0361  rpn_s.0.loss_cls: 0.6128  rpn_s.0.loss_bbox: 0.1024  rpn_s.0.loss_giou: 0.7790  rpn_s.1.loss_cls: 0.4284  rpn_s.1.loss_bbox: 0.0467  rpn_s.1.loss_giou: 0.4142  rpn_s.2.loss_cls: 0.3529  rpn_s.2.loss_bbox: 0.0402  rpn_s.2.loss_giou: 0.3646  rpn_s.3.loss_cls: 0.3186  rpn_s.3.loss_bbox: 0.0359  rpn_s.3.loss_giou: 0.3410  s0.loss_cls: 0.3439  s0.pos_acc: 100.0000  s0.loss_bbox: 0.5811  s0.loss_iou: 1.1714  s1.loss_cls: 0.3482  s1.pos_acc: 100.0000  s1.loss_bbox: 0.6249  s1.loss_iou: 1.1299
2026/03/31 22:14:38 - mmengine - INFO - Epoch(train)  [4][ 9500/10002]  lr: 5.0000e-06  eta: 8:32:11  time: 0.3829  data_time: 0.0032  memory: 7329  grad_norm: 85.1614  loss: 7.5832  rpn_s.0.loss_cls: 0.5832  rpn_s.0.loss_bbox: 0.0923  rpn_s.0.loss_giou: 0.7385  rpn_s.1.loss_cls: 0.3830  rpn_s.1.loss_bbox: 0.0430  rpn_s.1.loss_giou: 0.3881  rpn_s.2.loss_cls: 0.3026  rpn_s.2.loss_bbox: 0.0366  rpn_s.2.loss_giou: 0.3375  rpn_s.3.loss_cls: 0.2698  rpn_s.3.loss_bbox: 0.0347  rpn_s.3.loss_giou: 0.3226  s0.loss_cls: 0.3133  s0.pos_acc: 67.7419  s0.loss_bbox: 0.6563  s0.loss_iou: 1.0486  s1.loss_cls: 0.2966  s1.pos_acc: 67.7419  s1.loss_bbox: 0.7315  s1.loss_iou: 1.0049
2026/03/31 22:14:57 - mmengine - INFO - Epoch(train)  [4][ 9550/10002]  lr: 5.0000e-06  eta: 8:31:51  time: 0.3821  data_time: 0.0032  memory: 7330  grad_norm: 99.2438  loss: 7.5527  rpn_s.0.loss_cls: 0.5947  rpn_s.0.loss_bbox: 0.0961  rpn_s.0.loss_giou: 0.7568  rpn_s.1.loss_cls: 0.3992  rpn_s.1.loss_bbox: 0.0451  rpn_s.1.loss_giou: 0.3996  rpn_s.2.loss_cls: 0.3206  rpn_s.2.loss_bbox: 0.0381  rpn_s.2.loss_giou: 0.3465  rpn_s.3.loss_cls: 0.2866  rpn_s.3.loss_bbox: 0.0340  rpn_s.3.loss_giou: 0.3199  s0.loss_cls: 0.3015  s0.pos_acc: 88.8889  s0.loss_bbox: 0.6015  s0.loss_iou: 1.0579  s1.loss_cls: 0.2939  s1.pos_acc: 92.5926  s1.loss_bbox: 0.6492  s1.loss_iou: 1.0115
2026/03/31 22:15:16 - mmengine - INFO - Epoch(train)  [4][ 9600/10002]  lr: 5.0000e-06  eta: 8:31:32  time: 0.3794  data_time: 0.0032  memory: 7329  grad_norm: 93.5751  loss: 7.1703  rpn_s.0.loss_cls: 0.5533  rpn_s.0.loss_bbox: 0.0908  rpn_s.0.loss_giou: 0.7096  rpn_s.1.loss_cls: 0.3700  rpn_s.1.loss_bbox: 0.0413  rpn_s.1.loss_giou: 0.3704  rpn_s.2.loss_cls: 0.2976  rpn_s.2.loss_bbox: 0.0359  rpn_s.2.loss_giou: 0.3224  rpn_s.3.loss_cls: 0.2595  rpn_s.3.loss_bbox: 0.0328  rpn_s.3.loss_giou: 0.3044  s0.loss_cls: 0.2666  s0.pos_acc: 75.0000  s0.loss_bbox: 0.6140  s0.loss_iou: 1.0232  s1.loss_cls: 0.2589  s1.pos_acc: 87.5000  s1.loss_bbox: 0.6462  s1.loss_iou: 0.9734
2026/03/31 22:15:35 - mmengine - INFO - Epoch(train)  [4][ 9650/10002]  lr: 5.0000e-06  eta: 8:31:12  time: 0.3745  data_time: 0.0032  memory: 7329  grad_norm: 84.7789  loss: 7.9653  rpn_s.0.loss_cls: 0.5950  rpn_s.0.loss_bbox: 0.0896  rpn_s.0.loss_giou: 0.7346  rpn_s.1.loss_cls: 0.4053  rpn_s.1.loss_bbox: 0.0429  rpn_s.1.loss_giou: 0.3967  rpn_s.2.loss_cls: 0.3296  rpn_s.2.loss_bbox: 0.0390  rpn_s.2.loss_giou: 0.3602  rpn_s.3.loss_cls: 0.2977  rpn_s.3.loss_bbox: 0.0362  rpn_s.3.loss_giou: 0.3479  s0.loss_cls: 0.3402  s0.pos_acc: 74.1379  s0.loss_bbox: 0.6734  s0.loss_iou: 1.1186  s1.loss_cls: 0.3310  s1.pos_acc: 75.8621  s1.loss_bbox: 0.7408  s1.loss_iou: 1.0864
2026/03/31 22:15:54 - mmengine - INFO - Epoch(train)  [4][ 9700/10002]  lr: 5.0000e-06  eta: 8:30:53  time: 0.3747  data_time: 0.0032  memory: 7329  grad_norm: 97.7919  loss: 7.8817  rpn_s.0.loss_cls: 0.6333  rpn_s.0.loss_bbox: 0.0940  rpn_s.0.loss_giou: 0.7619  rpn_s.1.loss_cls: 0.4379  rpn_s.1.loss_bbox: 0.0472  rpn_s.1.loss_giou: 0.4008  rpn_s.2.loss_cls: 0.3464  rpn_s.2.loss_bbox: 0.0380  rpn_s.2.loss_giou: 0.3513  rpn_s.3.loss_cls: 0.3028  rpn_s.3.loss_bbox: 0.0353  rpn_s.3.loss_giou: 0.3286  s0.loss_cls: 0.3424  s0.pos_acc: 100.0000  s0.loss_bbox: 0.6504  s0.loss_iou: 1.0579  s1.loss_cls: 0.3322  s1.pos_acc: 100.0000  s1.loss_bbox: 0.6933  s1.loss_iou: 1.0280
2026/03/31 22:16:13 - mmengine - INFO - Epoch(train)  [4][ 9750/10002]  lr: 5.0000e-06  eta: 8:30:34  time: 0.3894  data_time: 0.0032  memory: 7330  grad_norm: 88.1836  loss: 8.0005  rpn_s.0.loss_cls: 0.5812  rpn_s.0.loss_bbox: 0.0964  rpn_s.0.loss_giou: 0.8527  rpn_s.1.loss_cls: 0.3989  rpn_s.1.loss_bbox: 0.0404  rpn_s.1.loss_giou: 0.4352  rpn_s.2.loss_cls: 0.3250  rpn_s.2.loss_bbox: 0.0349  rpn_s.2.loss_giou: 0.3775  rpn_s.3.loss_cls: 0.2832  rpn_s.3.loss_bbox: 0.0318  rpn_s.3.loss_giou: 0.3525  s0.loss_cls: 0.3067  s0.pos_acc: 72.8723  s0.loss_bbox: 0.5831  s0.loss_iou: 1.2042  s1.loss_cls: 0.3002  s1.pos_acc: 81.3830  s1.loss_bbox: 0.6377  s1.loss_iou: 1.1590
2026/03/31 22:16:32 - mmengine - INFO - Epoch(train)  [4][ 9800/10002]  lr: 5.0000e-06  eta: 8:30:15  time: 0.3762  data_time: 0.0031  memory: 7329  grad_norm: 97.4614  loss: 7.5842  rpn_s.0.loss_cls: 0.6023  rpn_s.0.loss_bbox: 0.0978  rpn_s.0.loss_giou: 0.7324  rpn_s.1.loss_cls: 0.4279  rpn_s.1.loss_bbox: 0.0474  rpn_s.1.loss_giou: 0.3946  rpn_s.2.loss_cls: 0.3382  rpn_s.2.loss_bbox: 0.0410  rpn_s.2.loss_giou: 0.3454  rpn_s.3.loss_cls: 0.2989  rpn_s.3.loss_bbox: 0.0389  rpn_s.3.loss_giou: 0.3301  s0.loss_cls: 0.3323  s0.pos_acc: 99.2701  s0.loss_bbox: 0.5624  s0.loss_iou: 1.0573  s1.loss_cls: 0.3371  s1.pos_acc: 97.0803  s1.loss_bbox: 0.5929  s1.loss_iou: 1.0073
2026/03/31 22:16:51 - mmengine - INFO - Epoch(train)  [4][ 9850/10002]  lr: 5.0000e-06  eta: 8:29:55  time: 0.3759  data_time: 0.0032  memory: 7329  grad_norm: 93.1800  loss: 7.1554  rpn_s.0.loss_cls: 0.5760  rpn_s.0.loss_bbox: 0.0904  rpn_s.0.loss_giou: 0.6710  rpn_s.1.loss_cls: 0.3896  rpn_s.1.loss_bbox: 0.0409  rpn_s.1.loss_giou: 0.3478  rpn_s.2.loss_cls: 0.3213  rpn_s.2.loss_bbox: 0.0344  rpn_s.2.loss_giou: 0.2998  rpn_s.3.loss_cls: 0.2819  rpn_s.3.loss_bbox: 0.0312  rpn_s.3.loss_giou: 0.2821  s0.loss_cls: 0.2996  s0.pos_acc: 63.8211  s0.loss_bbox: 0.6515  s0.loss_iou: 0.9582  s1.loss_cls: 0.2994  s1.pos_acc: 62.1951  s1.loss_bbox: 0.6745  s1.loss_iou: 0.9059
2026/03/31 22:17:10 - mmengine - INFO - Epoch(train)  [4][ 9900/10002]  lr: 5.0000e-06  eta: 8:29:35  time: 0.3740  data_time: 0.0031  memory: 7329  grad_norm: 98.2945  loss: 7.6508  rpn_s.0.loss_cls: 0.6072  rpn_s.0.loss_bbox: 0.0995  rpn_s.0.loss_giou: 0.7308  rpn_s.1.loss_cls: 0.3896  rpn_s.1.loss_bbox: 0.0451  rpn_s.1.loss_giou: 0.3953  rpn_s.2.loss_cls: 0.3045  rpn_s.2.loss_bbox: 0.0387  rpn_s.2.loss_giou: 0.3468  rpn_s.3.loss_cls: 0.2683  rpn_s.3.loss_bbox: 0.0351  rpn_s.3.loss_giou: 0.3239  s0.loss_cls: 0.3138  s0.pos_acc: 66.6667  s0.loss_bbox: 0.6184  s0.loss_iou: 1.1014  s1.loss_cls: 0.3154  s1.pos_acc: 66.6667  s1.loss_bbox: 0.6639  s1.loss_iou: 1.0529
2026/03/31 22:17:29 - mmengine - INFO - Epoch(train)  [4][ 9950/10002]  lr: 5.0000e-06  eta: 8:29:16  time: 0.3773  data_time: 0.0031  memory: 7329  grad_norm: 106.9100  loss: 7.8864  rpn_s.0.loss_cls: 0.5572  rpn_s.0.loss_bbox: 0.1110  rpn_s.0.loss_giou: 0.7038  rpn_s.1.loss_cls: 0.4020  rpn_s.1.loss_bbox: 0.0562  rpn_s.1.loss_giou: 0.3894  rpn_s.2.loss_cls: 0.3345  rpn_s.2.loss_bbox: 0.0495  rpn_s.2.loss_giou: 0.3468  rpn_s.3.loss_cls: 0.3102  rpn_s.3.loss_bbox: 0.0432  rpn_s.3.loss_giou: 0.3277  s0.loss_cls: 0.3224  s0.pos_acc: 81.8182  s0.loss_bbox: 0.7186  s0.loss_iou: 1.1101  s1.loss_cls: 0.3109  s1.pos_acc: 77.2727  s1.loss_bbox: 0.7166  s1.loss_iou: 1.0763
2026/03/31 22:17:45 - mmengine - INFO - Exp name: GSDet_r50_b900_h2h4_h2r1_r2r1_2x_fair1m1.0_20260331_165920
2026/03/31 22:17:48 - mmengine - INFO - Epoch(train)  [4][10000/10002]  lr: 5.0000e-06  eta: 8:28:56  time: 0.3797  data_time: 0.0031  memory: 7329  grad_norm: 110.7918  loss: 8.6802  rpn_s.0.loss_cls: 0.6447  rpn_s.0.loss_bbox: 0.1038  rpn_s.0.loss_giou: 0.8919  rpn_s.1.loss_cls: 0.4429  rpn_s.1.loss_bbox: 0.0447  rpn_s.1.loss_giou: 0.4545  rpn_s.2.loss_cls: 0.3553  rpn_s.2.loss_bbox: 0.0389  rpn_s.2.loss_giou: 0.4045  rpn_s.3.loss_cls: 0.3128  rpn_s.3.loss_bbox: 0.0356  rpn_s.3.loss_giou: 0.3821  s0.loss_cls: 0.3669  s0.pos_acc: 70.5000  s0.loss_bbox: 0.6360  s0.loss_iou: 1.2909  s1.loss_cls: 0.3599  s1.pos_acc: 70.0000  s1.loss_bbox: 0.6656  s1.loss_iou: 1.2491
2026/03/31 22:17:49 - mmengine - INFO - Exp name: GSDet_r50_b900_h2h4_h2r1_r2r1_2x_fair1m1.0_20260331_165920
2026/03/31 22:17:49 - mmengine - INFO - Saving checkpoint at 4 epochs
2026/03/31 22:18:02 - mmengine - INFO - Epoch(val)  [4][  50/5717]    eta: 0:18:46  time: 0.1988  data_time: 0.0080  memory: 7329  
2026/03/31 22:18:11 - mmengine - INFO - Epoch(val)  [4][ 100/5717]    eta: 0:18:22  time: 0.1937  data_time: 0.0030  memory: 2612  
2026/03/31 22:18:21 - mmengine - INFO - Epoch(val)  [4][ 150/5717]    eta: 0:18:08  time: 0.1942  data_time: 0.0030  memory: 2612  
2026/03/31 22:18:35 - mmengine - INFO - Epoch(val)  [4][ 200/5717]    eta: 0:20:00  time: 0.2837  data_time: 0.0937  memory: 2612  
2026/03/31 22:18:51 - mmengine - INFO - Epoch(val)  [4][ 250/5717]    eta: 0:21:45  time: 0.3232  data_time: 0.1338  memory: 2612  
2026/03/31 22:19:07 - mmengine - INFO - Epoch(val)  [4][ 300/5717]    eta: 0:22:46  time: 0.3198  data_time: 0.1304  memory: 2612  
2026/03/31 22:19:18 - mmengine - INFO - Epoch(val)  [4][ 350/5717]    eta: 0:22:09  time: 0.2203  data_time: 0.0308  memory: 2612  
2026/03/31 22:19:28 - mmengine - INFO - Epoch(val)  [4][ 400/5717]    eta: 0:21:20  time: 0.1928  data_time: 0.0030  memory: 2612  
2026/03/31 22:19:38 - mmengine - INFO - Epoch(val)  [4][ 450/5717]    eta: 0:20:40  time: 0.1933  data_time: 0.0030  memory: 2612  
2026/03/31 22:19:47 - mmengine - INFO - Epoch(val)  [4][ 500/5717]    eta: 0:20:06  time: 0.1936  data_time: 0.0030  memory: 2612  
2026/03/31 22:19:57 - mmengine - INFO - Epoch(val)  [4][ 550/5717]    eta: 0:19:37  time: 0.1940  data_time: 0.0031  memory: 2612  
2026/03/31 22:20:07 - mmengine - INFO - Epoch(val)  [4][ 600/5717]    eta: 0:19:11  time: 0.1940  data_time: 0.0031  memory: 2612  
2026/03/31 22:20:17 - mmengine - INFO - Epoch(val)  [4][ 650/5717]    eta: 0:18:48  time: 0.1943  data_time: 0.0032  memory: 2612  
2026/03/31 22:20:26 - mmengine - INFO - Epoch(val)  [4][ 700/5717]    eta: 0:18:27  time: 0.1944  data_time: 0.0032  memory: 2612  
2026/03/31 22:20:36 - mmengine - INFO - Epoch(val)  [4][ 750/5717]    eta: 0:18:07  time: 0.1944  data_time: 0.0031  memory: 2612  
2026/03/31 22:20:46 - mmengine - INFO - Epoch(val)  [4][ 800/5717]    eta: 0:17:49  time: 0.1945  data_time: 0.0032  memory: 2612  
2026/03/31 22:20:55 - mmengine - INFO - Epoch(val)  [4][ 850/5717]    eta: 0:17:31  time: 0.1949  data_time: 0.0032  memory: 2612  
2026/03/31 22:21:05 - mmengine - INFO - Epoch(val)  [4][ 900/5717]    eta: 0:17:15  time: 0.1947  data_time: 0.0032  memory: 2612  
2026/03/31 22:21:15 - mmengine - INFO - Epoch(val)  [4][ 950/5717]    eta: 0:17:00  time: 0.1972  data_time: 0.0032  memory: 2612  
2026/03/31 22:21:25 - mmengine - INFO - Epoch(val)  [4][1000/5717]    eta: 0:16:44  time: 0.1951  data_time: 0.0032  memory: 2612  
2026/03/31 22:21:35 - mmengine - INFO - Epoch(val)  [4][1050/5717]    eta: 0:16:30  time: 0.1953  data_time: 0.0032  memory: 2612  
2026/03/31 22:21:44 - mmengine - INFO - Epoch(val)  [4][1100/5717]    eta: 0:16:16  time: 0.1956  data_time: 0.0032  memory: 2612  
2026/03/31 22:21:54 - mmengine - INFO - Epoch(val)  [4][1150/5717]    eta: 0:16:02  time: 0.1957  data_time: 0.0032  memory: 2612  
2026/03/31 22:22:04 - mmengine - INFO - Epoch(val)  [4][1200/5717]    eta: 0:15:49  time: 0.1952  data_time: 0.0032  memory: 2612  
2026/03/31 22:22:14 - mmengine - INFO - Epoch(val)  [4][1250/5717]    eta: 0:15:36  time: 0.1958  data_time: 0.0033  memory: 2612  
2026/03/31 22:22:24 - mmengine - INFO - Epoch(val)  [4][1300/5717]    eta: 0:15:23  time: 0.1958  data_time: 0.0032  memory: 2612  
2026/03/31 22:22:33 - mmengine - INFO - Epoch(val)  [4][1350/5717]    eta: 0:15:10  time: 0.1959  data_time: 0.0032  memory: 2612  
2026/03/31 22:22:43 - mmengine - INFO - Epoch(val)  [4][1400/5717]    eta: 0:14:58  time: 0.1959  data_time: 0.0032  memory: 2612  
2026/03/31 22:22:53 - mmengine - INFO - Epoch(val)  [4][1450/5717]    eta: 0:14:46  time: 0.1958  data_time: 0.0032  memory: 2612  
2026/03/31 22:23:03 - mmengine - INFO - Epoch(val)  [4][1500/5717]    eta: 0:14:34  time: 0.1960  data_time: 0.0032  memory: 2612  
2026/03/31 22:23:13 - mmengine - INFO - Epoch(val)  [4][1550/5717]    eta: 0:14:22  time: 0.1961  data_time: 0.0033  memory: 2612  
2026/03/31 22:23:22 - mmengine - INFO - Epoch(val)  [4][1600/5717]    eta: 0:14:10  time: 0.1960  data_time: 0.0032  memory: 2612  
2026/03/31 22:23:32 - mmengine - INFO - Epoch(val)  [4][1650/5717]    eta: 0:13:58  time: 0.1961  data_time: 0.0032  memory: 2612  
2026/03/31 22:23:42 - mmengine - INFO - Epoch(val)  [4][1700/5717]    eta: 0:13:47  time: 0.1959  data_time: 0.0032  memory: 2612  
2026/03/31 22:23:52 - mmengine - INFO - Epoch(val)  [4][1750/5717]    eta: 0:13:35  time: 0.1961  data_time: 0.0031  memory: 2612  
2026/03/31 22:24:02 - mmengine - INFO - Epoch(val)  [4][1800/5717]    eta: 0:13:24  time: 0.1962  data_time: 0.0032  memory: 2612  
2026/03/31 22:24:11 - mmengine - INFO - Epoch(val)  [4][1850/5717]    eta: 0:13:13  time: 0.1961  data_time: 0.0031  memory: 2612  
2026/03/31 22:24:21 - mmengine - INFO - Epoch(val)  [4][1900/5717]    eta: 0:13:02  time: 0.1963  data_time: 0.0032  memory: 2612  
2026/03/31 22:24:31 - mmengine - INFO - Epoch(val)  [4][1950/5717]    eta: 0:12:51  time: 0.1963  data_time: 0.0031  memory: 2612  
2026/03/31 22:24:41 - mmengine - INFO - Epoch(val)  [4][2000/5717]    eta: 0:12:40  time: 0.1962  data_time: 0.0032  memory: 2612  
2026/03/31 22:24:51 - mmengine - INFO - Epoch(val)  [4][2050/5717]    eta: 0:12:29  time: 0.1962  data_time: 0.0032  memory: 2612  
2026/03/31 22:25:00 - mmengine - INFO - Epoch(val)  [4][2100/5717]    eta: 0:12:18  time: 0.1961  data_time: 0.0032  memory: 2612  
2026/03/31 22:25:10 - mmengine - INFO - Epoch(val)  [4][2150/5717]    eta: 0:12:07  time: 0.1959  data_time: 0.0031  memory: 2612  
2026/03/31 22:25:20 - mmengine - INFO - Epoch(val)  [4][2200/5717]    eta: 0:11:56  time: 0.1959  data_time: 0.0030  memory: 2612  
2026/03/31 22:25:30 - mmengine - INFO - Epoch(val)  [4][2250/5717]    eta: 0:11:45  time: 0.1957  data_time: 0.0030  memory: 2612  
2026/03/31 22:25:40 - mmengine - INFO - Epoch(val)  [4][2300/5717]    eta: 0:11:34  time: 0.1958  data_time: 0.0030  memory: 2612  
2026/03/31 22:25:49 - mmengine - INFO - Epoch(val)  [4][2350/5717]    eta: 0:11:24  time: 0.1962  data_time: 0.0029  memory: 2612  
2026/03/31 22:25:59 - mmengine - INFO - Epoch(val)  [4][2400/5717]    eta: 0:11:13  time: 0.1959  data_time: 0.0030  memory: 2612  
2026/03/31 22:26:09 - mmengine - INFO - Epoch(val)  [4][2450/5717]    eta: 0:11:02  time: 0.1957  data_time: 0.0030  memory: 2612  
2026/03/31 22:26:19 - mmengine - INFO - Epoch(val)  [4][2500/5717]    eta: 0:10:52  time: 0.1955  data_time: 0.0031  memory: 2612  
2026/03/31 22:26:29 - mmengine - INFO - Epoch(val)  [4][2550/5717]    eta: 0:10:41  time: 0.1959  data_time: 0.0031  memory: 2612  
2026/03/31 22:26:38 - mmengine - INFO - Epoch(val)  [4][2600/5717]    eta: 0:10:31  time: 0.1958  data_time: 0.0032  memory: 2612  
2026/03/31 22:26:48 - mmengine - INFO - Epoch(val)  [4][2650/5717]    eta: 0:10:20  time: 0.1960  data_time: 0.0032  memory: 2612  
2026/03/31 22:26:58 - mmengine - INFO - Epoch(val)  [4][2700/5717]    eta: 0:10:10  time: 0.1955  data_time: 0.0031  memory: 2612  
2026/03/31 22:27:08 - mmengine - INFO - Epoch(val)  [4][2750/5717]    eta: 0:09:59  time: 0.1960  data_time: 0.0031  memory: 2612  
2026/03/31 22:27:18 - mmengine - INFO - Epoch(val)  [4][2800/5717]    eta: 0:09:49  time: 0.1958  data_time: 0.0032  memory: 2612  
2026/03/31 22:27:27 - mmengine - INFO - Epoch(val)  [4][2850/5717]    eta: 0:09:38  time: 0.1958  data_time: 0.0033  memory: 2612  
2026/03/31 22:27:37 - mmengine - INFO - Epoch(val)  [4][2900/5717]    eta: 0:09:28  time: 0.1960  data_time: 0.0032  memory: 2612  
2026/03/31 22:27:47 - mmengine - INFO - Epoch(val)  [4][2950/5717]    eta: 0:09:18  time: 0.1957  data_time: 0.0032  memory: 2612  
2026/03/31 22:27:57 - mmengine - INFO - Epoch(val)  [4][3000/5717]    eta: 0:09:07  time: 0.1959  data_time: 0.0032  memory: 2612  
2026/03/31 22:28:06 - mmengine - INFO - Epoch(val)  [4][3050/5717]    eta: 0:08:57  time: 0.1958  data_time: 0.0032  memory: 2612  
2026/03/31 22:28:16 - mmengine - INFO - Epoch(val)  [4][3100/5717]    eta: 0:08:47  time: 0.1961  data_time: 0.0033  memory: 2612  
2026/03/31 22:28:26 - mmengine - INFO - Epoch(val)  [4][3150/5717]    eta: 0:08:36  time: 0.1960  data_time: 0.0032  memory: 2612  
2026/03/31 22:28:36 - mmengine - INFO - Epoch(val)  [4][3200/5717]    eta: 0:08:26  time: 0.1959  data_time: 0.0032  memory: 2612  
2026/03/31 22:28:46 - mmengine - INFO - Epoch(val)  [4][3250/5717]    eta: 0:08:16  time: 0.1960  data_time: 0.0032  memory: 2612  
2026/03/31 22:28:55 - mmengine - INFO - Epoch(val)  [4][3300/5717]    eta: 0:08:06  time: 0.1956  data_time: 0.0032  memory: 2612  
2026/03/31 22:29:05 - mmengine - INFO - Epoch(val)  [4][3350/5717]    eta: 0:07:55  time: 0.1956  data_time: 0.0033  memory: 2612  
2026/03/31 22:29:15 - mmengine - INFO - Epoch(val)  [4][3400/5717]    eta: 0:07:45  time: 0.1958  data_time: 0.0033  memory: 2612  
2026/03/31 22:29:25 - mmengine - INFO - Epoch(val)  [4][3450/5717]    eta: 0:07:35  time: 0.1956  data_time: 0.0032  memory: 2612  
2026/03/31 22:29:35 - mmengine - INFO - Epoch(val)  [4][3500/5717]    eta: 0:07:25  time: 0.1956  data_time: 0.0033  memory: 2612  
2026/03/31 22:29:44 - mmengine - INFO - Epoch(val)  [4][3550/5717]    eta: 0:07:14  time: 0.1958  data_time: 0.0032  memory: 2612  
2026/03/31 22:29:54 - mmengine - INFO - Epoch(val)  [4][3600/5717]    eta: 0:07:04  time: 0.1953  data_time: 0.0032  memory: 2612  
2026/03/31 22:30:04 - mmengine - INFO - Epoch(val)  [4][3650/5717]    eta: 0:06:54  time: 0.1958  data_time: 0.0032  memory: 2612  
2026/03/31 22:30:14 - mmengine - INFO - Epoch(val)  [4][3700/5717]    eta: 0:06:44  time: 0.1956  data_time: 0.0032  memory: 2612  
2026/03/31 22:30:24 - mmengine - INFO - Epoch(val)  [4][3750/5717]    eta: 0:06:34  time: 0.1957  data_time: 0.0032  memory: 2612  
2026/03/31 22:30:33 - mmengine - INFO - Epoch(val)  [4][3800/5717]    eta: 0:06:24  time: 0.1955  data_time: 0.0032  memory: 2612  
2026/03/31 22:30:43 - mmengine - INFO - Epoch(val)  [4][3850/5717]    eta: 0:06:13  time: 0.1951  data_time: 0.0031  memory: 2612  
2026/03/31 22:30:53 - mmengine - INFO - Epoch(val)  [4][3900/5717]    eta: 0:06:03  time: 0.1957  data_time: 0.0032  memory: 2612  
2026/03/31 22:31:03 - mmengine - INFO - Epoch(val)  [4][3950/5717]    eta: 0:05:53  time: 0.1955  data_time: 0.0032  memory: 2612  
2026/03/31 22:31:12 - mmengine - INFO - Epoch(val)  [4][4000/5717]    eta: 0:05:43  time: 0.1953  data_time: 0.0031  memory: 2612  
2026/03/31 22:31:22 - mmengine - INFO - Epoch(val)  [4][4050/5717]    eta: 0:05:33  time: 0.1954  data_time: 0.0032  memory: 2612  
2026/03/31 22:31:32 - mmengine - INFO - Epoch(val)  [4][4100/5717]    eta: 0:05:23  time: 0.1955  data_time: 0.0031  memory: 2612  
2026/03/31 22:31:42 - mmengine - INFO - Epoch(val)  [4][4150/5717]    eta: 0:05:13  time: 0.1951  data_time: 0.0032  memory: 2612  
2026/03/31 22:31:52 - mmengine - INFO - Epoch(val)  [4][4200/5717]    eta: 0:05:03  time: 0.1962  data_time: 0.0037  memory: 2612  
2026/03/31 22:32:01 - mmengine - INFO - Epoch(val)  [4][4250/5717]    eta: 0:04:53  time: 0.1956  data_time: 0.0031  memory: 2612  
2026/03/31 22:32:11 - mmengine - INFO - Epoch(val)  [4][4300/5717]    eta: 0:04:43  time: 0.1951  data_time: 0.0031  memory: 2612  
2026/03/31 22:32:21 - mmengine - INFO - Epoch(val)  [4][4350/5717]    eta: 0:04:33  time: 0.1950  data_time: 0.0030  memory: 2612  
2026/03/31 22:32:31 - mmengine - INFO - Epoch(val)  [4][4400/5717]    eta: 0:04:23  time: 0.1984  data_time: 0.0032  memory: 2612  
2026/03/31 22:32:40 - mmengine - INFO - Epoch(val)  [4][4450/5717]    eta: 0:04:12  time: 0.1953  data_time: 0.0030  memory: 2612  
2026/03/31 22:32:50 - mmengine - INFO - Epoch(val)  [4][4500/5717]    eta: 0:04:02  time: 0.1952  data_time: 0.0030  memory: 2612  
2026/03/31 22:33:00 - mmengine - INFO - Epoch(val)  [4][4550/5717]    eta: 0:03:52  time: 0.1954  data_time: 0.0030  memory: 2612  
2026/03/31 22:33:10 - mmengine - INFO - Epoch(val)  [4][4600/5717]    eta: 0:03:42  time: 0.1949  data_time: 0.0031  memory: 2612  
2026/03/31 22:33:20 - mmengine - INFO - Epoch(val)  [4][4650/5717]    eta: 0:03:32  time: 0.1956  data_time: 0.0031  memory: 2612  
2026/03/31 22:33:29 - mmengine - INFO - Epoch(val)  [4][4700/5717]    eta: 0:03:22  time: 0.1953  data_time: 0.0031  memory: 2612  
2026/03/31 22:33:39 - mmengine - INFO - Epoch(val)  [4][4750/5717]    eta: 0:03:12  time: 0.1954  data_time: 0.0032  memory: 2612  
2026/03/31 22:33:49 - mmengine - INFO - Epoch(val)  [4][4800/5717]    eta: 0:03:02  time: 0.1950  data_time: 0.0032  memory: 2612  
2026/03/31 22:33:59 - mmengine - INFO - Epoch(val)  [4][4850/5717]    eta: 0:02:52  time: 0.1955  data_time: 0.0032  memory: 2612  
2026/03/31 22:34:08 - mmengine - INFO - Epoch(val)  [4][4900/5717]    eta: 0:02:42  time: 0.1950  data_time: 0.0032  memory: 2612  
2026/03/31 22:34:18 - mmengine - INFO - Epoch(val)  [4][4950/5717]    eta: 0:02:32  time: 0.1953  data_time: 0.0032  memory: 2612  
2026/03/31 22:34:28 - mmengine - INFO - Epoch(val)  [4][5000/5717]    eta: 0:02:22  time: 0.1952  data_time: 0.0032  memory: 2612  
2026/03/31 22:34:38 - mmengine - INFO - Epoch(val)  [4][5050/5717]    eta: 0:02:12  time: 0.1954  data_time: 0.0031  memory: 2612  
2026/03/31 22:34:47 - mmengine - INFO - Epoch(val)  [4][5100/5717]    eta: 0:02:02  time: 0.1952  data_time: 0.0032  memory: 2612  
2026/03/31 22:34:57 - mmengine - INFO - Epoch(val)  [4][5150/5717]    eta: 0:01:52  time: 0.1951  data_time: 0.0032  memory: 2612  
2026/03/31 22:35:07 - mmengine - INFO - Epoch(val)  [4][5200/5717]    eta: 0:01:42  time: 0.1950  data_time: 0.0032  memory: 2612  
2026/03/31 22:35:17 - mmengine - INFO - Epoch(val)  [4][5250/5717]    eta: 0:01:32  time: 0.1953  data_time: 0.0033  memory: 2612  
2026/03/31 22:35:26 - mmengine - INFO - Epoch(val)  [4][5300/5717]    eta: 0:01:22  time: 0.1953  data_time: 0.0032  memory: 2612  
2026/03/31 22:35:36 - mmengine - INFO - Epoch(val)  [4][5350/5717]    eta: 0:01:13  time: 0.1952  data_time: 0.0032  memory: 2612  
2026/03/31 22:35:46 - mmengine - INFO - Epoch(val)  [4][5400/5717]    eta: 0:01:03  time: 0.1948  data_time: 0.0032  memory: 2612  
2026/03/31 22:35:56 - mmengine - INFO - Epoch(val)  [4][5450/5717]    eta: 0:00:53  time: 0.1968  data_time: 0.0049  memory: 2612  
2026/03/31 22:36:06 - mmengine - INFO - Epoch(val)  [4][5500/5717]    eta: 0:00:43  time: 0.1956  data_time: 0.0032  memory: 2612  
2026/03/31 22:36:15 - mmengine - INFO - Epoch(val)  [4][5550/5717]    eta: 0:00:33  time: 0.1952  data_time: 0.0032  memory: 2612  
2026/03/31 22:36:25 - mmengine - INFO - Epoch(val)  [4][5600/5717]    eta: 0:00:23  time: 0.1954  data_time: 0.0032  memory: 2612  
2026/03/31 22:36:35 - mmengine - INFO - Epoch(val)  [4][5650/5717]    eta: 0:00:13  time: 0.1951  data_time: 0.0033  memory: 2612  
2026/03/31 22:36:45 - mmengine - INFO - Epoch(val)  [4][5700/5717]    eta: 0:00:03  time: 0.1952  data_time: 0.0032  memory: 2612  
2026/03/31 22:37:54 - mmengine - INFO - 
---------------iou_thr: 0.5---------------
2026/03/31 22:39:34 - mmengine - INFO - 
+-------------------+--------+--------+---------+---------+
| class             | gts    | dets   | recall  | ap      |
+-------------------+--------+--------+---------+---------+
| Passenger Ship    | 840    | 58987  | 0.93452 | 0.64445 |
| Liquid Cargo Ship | 3431   | 120617 | 0.98426 | 0.88264 |
| Dry Cargo Ship    | 12017  | 298094 | 0.95873 | 0.85034 |
| Motorboat         | 9265   | 634010 | 0.76892 | 0.59479 |
| Fishing Boat      | 8393   | 264848 | 0.83188 | 0.54730 |
| Warship           | 782    | 46123  | 0.97954 | 0.81899 |
| Engineering Ship  | 1955   | 135332 | 0.93657 | 0.77011 |
| other-ship        | 2848   | 269062 | 0.84410 | 0.40567 |
| Tugboat           | 2338   | 169090 | 0.95723 | 0.80784 |
| Small Car         | 143249 | 691543 | 0.87758 | 0.67888 |
| Cargo Truck       | 9254   | 456086 | 0.74249 | 0.50178 |
| Van               | 132288 | 755407 | 0.87483 | 0.66535 |
| Trailer           | 587    | 40146  | 0.20613 | 0.09793 |
| other-vehicle     | 3062   | 209457 | 0.36479 | 0.07168 |
| Dump Truck        | 25769  | 292857 | 0.79669 | 0.55316 |
| Bus               | 1019   | 48788  | 0.66830 | 0.32044 |
| Tractor           | 262    | 25938  | 0.26718 | 0.11929 |
| Excavator         | 890    | 72430  | 0.41910 | 0.06803 |
| Truck Tractor     | 923    | 26673  | 0.12784 | 0.04225 |
| Boeing737         | 4208   | 75764  | 0.98954 | 0.84241 |
| Boeing747         | 1717   | 31676  | 0.99884 | 0.90778 |
| Boeing777         | 1660   | 29281  | 1.00000 | 0.82333 |
| Boeing787         | 1757   | 29234  | 1.00000 | 0.89623 |
| other-airplane    | 10413  | 248325 | 0.99539 | 0.89988 |
| C919              | 138    | 21748  | 1.00000 | 0.76333 |
| A220              | 6485   | 137010 | 0.99969 | 0.86300 |
| A321              | 2702   | 66157  | 0.99889 | 0.90325 |
| A330              | 1693   | 33282  | 0.99941 | 0.87573 |
| A350              | 1122   | 20311  | 1.00000 | 0.90716 |
| ARJ21             | 186    | 22835  | 1.00000 | 0.89059 |
| Tennis Court      | 2941   | 181125 | 0.97212 | 0.90560 |
| Football Field    | 880    | 132997 | 0.95341 | 0.87114 |
| Basketball Court  | 1322   | 393577 | 0.89788 | 0.78434 |
| Baseball Field    | 1062   | 35316  | 0.96610 | 0.90362 |
| Intersection      | 6958   | 906655 | 0.76157 | 0.53203 |
| Bridge            | 1212   | 652226 | 0.83746 | 0.62277 |
| Roundabout        | 584    | 215175 | 0.96233 | 0.87777 |
+-------------------+--------+--------+---------+---------+
| mAP               |        |        |         | 0.66246 |
+-------------------+--------+--------+---------+---------+
2026/03/31 22:39:34 - mmengine - INFO - Epoch(val) [4][5717/5717]    fair/mAP: 0.6625  fair/AP50: 0.6625  data_time: 0.0065  time: 0.1987
2026/03/31 22:39:53 - mmengine - INFO - Epoch(train)  [5][   50/10002]  lr: 5.0000e-06  eta: 8:28:36  time: 0.3760  data_time: 0.0072  memory: 7329  grad_norm: 93.9353  loss: 7.6697  rpn_s.0.loss_cls: 0.6000  rpn_s.0.loss_bbox: 0.0948  rpn_s.0.loss_giou: 0.7717  rpn_s.1.loss_cls: 0.4143  rpn_s.1.loss_bbox: 0.0439  rpn_s.1.loss_giou: 0.3943  rpn_s.2.loss_cls: 0.3365  rpn_s.2.loss_bbox: 0.0374  rpn_s.2.loss_giou: 0.3396  rpn_s.3.loss_cls: 0.2847  rpn_s.3.loss_bbox: 0.0352  rpn_s.3.loss_giou: 0.3188  s0.loss_cls: 0.3219  s0.pos_acc: 79.4118  s0.loss_bbox: 0.6321  s0.loss_iou: 1.0561  s1.loss_cls: 0.3116  s1.pos_acc: 82.3529  s1.loss_bbox: 0.6664  s1.loss_iou: 1.0104
2026/03/31 22:40:12 - mmengine - INFO - Epoch(train)  [5][  100/10002]  lr: 5.0000e-06  eta: 8:28:17  time: 0.3760  data_time: 0.0032  memory: 7330  grad_norm: 94.8562  loss: 8.2429  rpn_s.0.loss_cls: 0.6172  rpn_s.0.loss_bbox: 0.1012  rpn_s.0.loss_giou: 0.7753  rpn_s.1.loss_cls: 0.4273  rpn_s.1.loss_bbox: 0.0491  rpn_s.1.loss_giou: 0.4075  rpn_s.2.loss_cls: 0.3506  rpn_s.2.loss_bbox: 0.0419  rpn_s.2.loss_giou: 0.3566  rpn_s.3.loss_cls: 0.3088  rpn_s.3.loss_bbox: 0.0394  rpn_s.3.loss_giou: 0.3372  s0.loss_cls: 0.3559  s0.pos_acc: 77.7228  s0.loss_bbox: 0.7450  s0.loss_iou: 1.1329  s1.loss_cls: 0.3571  s1.pos_acc: 80.1980  s1.loss_bbox: 0.7650  s1.loss_iou: 1.0748
2026/03/31 22:40:30 - mmengine - INFO - Epoch(train)  [5][  150/10002]  lr: 5.0000e-06  eta: 8:27:56  time: 0.3683  data_time: 0.0033  memory: 7329  grad_norm: 111.6212  loss: 7.1625  rpn_s.0.loss_cls: 0.5655  rpn_s.0.loss_bbox: 0.0965  rpn_s.0.loss_giou: 0.6408  rpn_s.1.loss_cls: 0.3860  rpn_s.1.loss_bbox: 0.0503  rpn_s.1.loss_giou: 0.3628  rpn_s.2.loss_cls: 0.2990  rpn_s.2.loss_bbox: 0.0417  rpn_s.2.loss_giou: 0.3167  rpn_s.3.loss_cls: 0.2650  rpn_s.3.loss_bbox: 0.0376  rpn_s.3.loss_giou: 0.2908  s0.loss_cls: 0.3127  s0.pos_acc: 88.8889  s0.loss_bbox: 0.6377  s0.loss_iou: 0.9827  s1.loss_cls: 0.3109  s1.pos_acc: 100.0000  s1.loss_bbox: 0.6241  s1.loss_iou: 0.9415
2026/03/31 22:40:49 - mmengine - INFO - Epoch(train)  [5][  200/10002]  lr: 5.0000e-06  eta: 8:27:37  time: 0.3769  data_time: 0.0033  memory: 7329  grad_norm: 94.6707  loss: 7.7355  rpn_s.0.loss_cls: 0.5646  rpn_s.0.loss_bbox: 0.0935  rpn_s.0.loss_giou: 0.7511  rpn_s.1.loss_cls: 0.3974  rpn_s.1.loss_bbox: 0.0427  rpn_s.1.loss_giou: 0.3923  rpn_s.2.loss_cls: 0.3431  rpn_s.2.loss_bbox: 0.0366  rpn_s.2.loss_giou: 0.3409  rpn_s.3.loss_cls: 0.3178  rpn_s.3.loss_bbox: 0.0338  rpn_s.3.loss_giou: 0.3208  s0.loss_cls: 0.3472  s0.pos_acc: 64.2857  s0.loss_bbox: 0.6309  s0.loss_iou: 1.0781  s1.loss_cls: 0.3445  s1.pos_acc: 57.1429  s1.loss_bbox: 0.6604  s1.loss_iou: 1.0398
2026/03/31 22:41:08 - mmengine - INFO - Epoch(train)  [5][  250/10002]  lr: 5.0000e-06  eta: 8:27:17  time: 0.3755  data_time: 0.0032  memory: 7329  grad_norm: 95.3802  loss: 7.1337  rpn_s.0.loss_cls: 0.5582  rpn_s.0.loss_bbox: 0.0930  rpn_s.0.loss_giou: 0.7325  rpn_s.1.loss_cls: 0.3616  rpn_s.1.loss_bbox: 0.0415  rpn_s.1.loss_giou: 0.3650  rpn_s.2.loss_cls: 0.2763  rpn_s.2.loss_bbox: 0.0356  rpn_s.2.loss_giou: 0.3133  rpn_s.3.loss_cls: 0.2397  rpn_s.3.loss_bbox: 0.0335  rpn_s.3.loss_giou: 0.2948  s0.loss_cls: 0.2556  s0.pos_acc: 100.0000  s0.loss_bbox: 0.6519  s0.loss_iou: 1.0006  s1.loss_cls: 0.2500  s1.pos_acc: 100.0000  s1.loss_bbox: 0.6733  s1.loss_iou: 0.9574
2026/03/31 22:41:27 - mmengine - INFO - Epoch(train)  [5][  300/10002]  lr: 5.0000e-06  eta: 8:26:58  time: 0.3784  data_time: 0.0033  memory: 7329  grad_norm: 84.4892  loss: 7.7070  rpn_s.0.loss_cls: 0.5725  rpn_s.0.loss_bbox: 0.0989  rpn_s.0.loss_giou: 0.7867  rpn_s.1.loss_cls: 0.3865  rpn_s.1.loss_bbox: 0.0458  rpn_s.1.loss_giou: 0.4028  rpn_s.2.loss_cls: 0.3120  rpn_s.2.loss_bbox: 0.0393  rpn_s.2.loss_giou: 0.3448  rpn_s.3.loss_cls: 0.2753  rpn_s.3.loss_bbox: 0.0359  rpn_s.3.loss_giou: 0.3225  s0.loss_cls: 0.2953  s0.pos_acc: 100.0000  s0.loss_bbox: 0.6469  s0.loss_iou: 1.0957  s1.loss_cls: 0.2831  s1.pos_acc: 94.7368  s1.loss_bbox: 0.7145  s1.loss_iou: 1.0486
2026/03/31 22:41:46 - mmengine - INFO - Epoch(train)  [5][  350/10002]  lr: 5.0000e-06  eta: 8:26:38  time: 0.3756  data_time: 0.0032  memory: 7329  grad_norm: 98.7277  loss: 7.6111  rpn_s.0.loss_cls: 0.5838  rpn_s.0.loss_bbox: 0.0908  rpn_s.0.loss_giou: 0.7301  rpn_s.1.loss_cls: 0.3990  rpn_s.1.loss_bbox: 0.0447  rpn_s.1.loss_giou: 0.3911  rpn_s.2.loss_cls: 0.3093  rpn_s.2.loss_bbox: 0.0387  rpn_s.2.loss_giou: 0.3454  rpn_s.3.loss_cls: 0.2771  rpn_s.3.loss_bbox: 0.0360  rpn_s.3.loss_giou: 0.3230  s0.loss_cls: 0.2871  s0.pos_acc: 88.8350  s0.loss_bbox: 0.6224  s0.loss_iou: 1.0982  s1.loss_cls: 0.2832  s1.pos_acc: 89.8058  s1.loss_bbox: 0.6935  s1.loss_iou: 1.0579
2026/03/31 22:42:04 - mmengine - INFO - Epoch(train)  [5][  400/10002]  lr: 5.0000e-06  eta: 8:26:18  time: 0.3731  data_time: 0.0033  memory: 7329  grad_norm: 120.4413  loss: 7.4406  rpn_s.0.loss_cls: 0.6088  rpn_s.0.loss_bbox: 0.0932  rpn_s.0.loss_giou: 0.6628  rpn_s.1.loss_cls: 0.4237  rpn_s.1.loss_bbox: 0.0439  rpn_s.1.loss_giou: 0.3587  rpn_s.2.loss_cls: 0.3469  rpn_s.2.loss_bbox: 0.0391  rpn_s.2.loss_giou: 0.3175  rpn_s.3.loss_cls: 0.3092  rpn_s.3.loss_bbox: 0.0365  rpn_s.3.loss_giou: 0.2990  s0.loss_cls: 0.3389  s0.pos_acc: 75.0000  s0.loss_bbox: 0.6077  s0.loss_iou: 1.0151  s1.loss_cls: 0.3281  s1.pos_acc: 75.0000  s1.loss_bbox: 0.6391  s1.loss_iou: 0.9726
2026/03/31 22:42:23 - mmengine - INFO - Epoch(train)  [5][  450/10002]  lr: 5.0000e-06  eta: 8:25:59  time: 0.3785  data_time: 0.0034  memory: 7329  grad_norm: 88.2046  loss: 7.5298  rpn_s.0.loss_cls: 0.5663  rpn_s.0.loss_bbox: 0.0978  rpn_s.0.loss_giou: 0.7124  rpn_s.1.loss_cls: 0.3810  rpn_s.1.loss_bbox: 0.0485  rpn_s.1.loss_giou: 0.3801  rpn_s.2.loss_cls: 0.3007  rpn_s.2.loss_bbox: 0.0418  rpn_s.2.loss_giou: 0.3352  rpn_s.3.loss_cls: 0.2610  rpn_s.3.loss_bbox: 0.0395  rpn_s.3.loss_giou: 0.3165  s0.loss_cls: 0.2805  s0.pos_acc: 87.5000  s0.loss_bbox: 0.6888  s0.loss_iou: 1.0603  s1.loss_cls: 0.2807  s1.pos_acc: 81.2500  s1.loss_bbox: 0.7235  s1.loss_iou: 1.0152
2026/03/31 22:42:42 - mmengine - INFO - Epoch(train)  [5][  500/10002]  lr: 5.0000e-06  eta: 8:25:39  time: 0.3746  data_time: 0.0032  memory: 7329  grad_norm: 92.9050  loss: 7.0130  rpn_s.0.loss_cls: 0.5657  rpn_s.0.loss_bbox: 0.0881  rpn_s.0.loss_giou: 0.6800  rpn_s.1.loss_cls: 0.3662  rpn_s.1.loss_bbox: 0.0434  rpn_s.1.loss_giou: 0.3600  rpn_s.2.loss_cls: 0.2869  rpn_s.2.loss_bbox: 0.0379  rpn_s.2.loss_giou: 0.3128  rpn_s.3.loss_cls: 0.2534  rpn_s.3.loss_bbox: 0.0345  rpn_s.3.loss_giou: 0.2924  s0.loss_cls: 0.2583  s0.pos_acc: 75.0000  s0.loss_bbox: 0.6096  s0.loss_iou: 0.9857  s1.loss_cls: 0.2496  s1.pos_acc: 75.0000  s1.loss_bbox: 0.6391  s1.loss_iou: 0.9495
2026/03/31 22:43:01 - mmengine - INFO - Epoch(train)  [5][  550/10002]  lr: 5.0000e-06  eta: 8:25:19  time: 0.3753  data_time: 0.0032  memory: 7329  grad_norm: 109.2475  loss: 7.6576  rpn_s.0.loss_cls: 0.6209  rpn_s.0.loss_bbox: 0.0936  rpn_s.0.loss_giou: 0.7371  rpn_s.1.loss_cls: 0.4167  rpn_s.1.loss_bbox: 0.0412  rpn_s.1.loss_giou: 0.3829  rpn_s.2.loss_cls: 0.3329  rpn_s.2.loss_bbox: 0.0347  rpn_s.2.loss_giou: 0.3317  rpn_s.3.loss_cls: 0.2953  rpn_s.3.loss_bbox: 0.0314  rpn_s.3.loss_giou: 0.3095  s0.loss_cls: 0.3292  s0.pos_acc: 100.0000  s0.loss_bbox: 0.6816  s0.loss_iou: 1.0040  s1.loss_cls: 0.3152  s1.pos_acc: 100.0000  s1.loss_bbox: 0.7400  s1.loss_iou: 0.9599
2026/03/31 22:43:19 - mmengine - INFO - Epoch(train)  [5][  600/10002]  lr: 5.0000e-06  eta: 8:24:59  time: 0.3716  data_time: 0.0033  memory: 7329  grad_norm: 102.6713  loss: 7.8699  rpn_s.0.loss_cls: 0.6251  rpn_s.0.loss_bbox: 0.0937  rpn_s.0.loss_giou: 0.7625  rpn_s.1.loss_cls: 0.4183  rpn_s.1.loss_bbox: 0.0438  rpn_s.1.loss_giou: 0.4002  rpn_s.2.loss_cls: 0.3243  rpn_s.2.loss_bbox: 0.0395  rpn_s.2.loss_giou: 0.3583  rpn_s.3.loss_cls: 0.2859  rpn_s.3.loss_bbox: 0.0358  rpn_s.3.loss_giou: 0.3331  s0.loss_cls: 0.3264  s0.pos_acc: 68.1818  s0.loss_bbox: 0.6727  s0.loss_iou: 1.0870  s1.loss_cls: 0.3261  s1.pos_acc: 68.1818  s1.loss_bbox: 0.7100  s1.loss_iou: 1.0272
2026/03/31 22:43:38 - mmengine - INFO - Epoch(train)  [5][  650/10002]  lr: 5.0000e-06  eta: 8:24:40  time: 0.3804  data_time: 0.0033  memory: 7329  grad_norm: 99.0504  loss: 7.5306  rpn_s.0.loss_cls: 0.5669  rpn_s.0.loss_bbox: 0.0934  rpn_s.0.loss_giou: 0.7264  rpn_s.1.loss_cls: 0.3860  rpn_s.1.loss_bbox: 0.0461  rpn_s.1.loss_giou: 0.3962  rpn_s.2.loss_cls: 0.3000  rpn_s.2.loss_bbox: 0.0381  rpn_s.2.loss_giou: 0.3407  rpn_s.3.loss_cls: 0.2682  rpn_s.3.loss_bbox: 0.0352  rpn_s.3.loss_giou: 0.3177  s0.loss_cls: 0.2963  s0.pos_acc: 87.5000  s0.loss_bbox: 0.6375  s0.loss_iou: 1.0825  s1.loss_cls: 0.2927  s1.pos_acc: 87.5000  s1.loss_bbox: 0.6611  s1.loss_iou: 1.0457
2026/03/31 22:43:57 - mmengine - INFO - Epoch(train)  [5][  700/10002]  lr: 5.0000e-06  eta: 8:24:21  time: 0.3787  data_time: 0.0033  memory: 7329  grad_norm: 91.9593  loss: 7.6509  rpn_s.0.loss_cls: 0.5919  rpn_s.0.loss_bbox: 0.0980  rpn_s.0.loss_giou: 0.7207  rpn_s.1.loss_cls: 0.4058  rpn_s.1.loss_bbox: 0.0449  rpn_s.1.loss_giou: 0.3787  rpn_s.2.loss_cls: 0.3242  rpn_s.2.loss_bbox: 0.0394  rpn_s.2.loss_giou: 0.3361  rpn_s.3.loss_cls: 0.2799  rpn_s.3.loss_bbox: 0.0363  rpn_s.3.loss_giou: 0.3167  s0.loss_cls: 0.3131  s0.pos_acc: 100.0000  s0.loss_bbox: 0.6824  s0.loss_iou: 1.0571  s1.loss_cls: 0.3091  s1.pos_acc: 100.0000  s1.loss_bbox: 0.7132  s1.loss_iou: 1.0035
2026/03/31 22:44:16 - mmengine - INFO - Epoch(train)  [5][  750/10002]  lr: 5.0000e-06  eta: 8:24:02  time: 0.3816  data_time: 0.0032  memory: 7329  grad_norm: 91.3221  loss: 7.6457  rpn_s.0.loss_cls: 0.5794  rpn_s.0.loss_bbox: 0.0914  rpn_s.0.loss_giou: 0.7416  rpn_s.1.loss_cls: 0.3921  rpn_s.1.loss_bbox: 0.0414  rpn_s.1.loss_giou: 0.3890  rpn_s.2.loss_cls: 0.3167  rpn_s.2.loss_bbox: 0.0371  rpn_s.2.loss_giou: 0.3461  rpn_s.3.loss_cls: 0.2797  rpn_s.3.loss_bbox: 0.0337  rpn_s.3.loss_giou: 0.3239  s0.loss_cls: 0.3138  s0.pos_acc: 69.4444  s0.loss_bbox: 0.6140  s0.loss_iou: 1.1075  s1.loss_cls: 0.3075  s1.pos_acc: 66.6667  s1.loss_bbox: 0.6655  s1.loss_iou: 1.0654
2026/03/31 22:44:35 - mmengine - INFO - Epoch(train)  [5][  800/10002]  lr: 5.0000e-06  eta: 8:23:42  time: 0.3787  data_time: 0.0033  memory: 7329  grad_norm: 101.7771  loss: 7.9936  rpn_s.0.loss_cls: 0.6263  rpn_s.0.loss_bbox: 0.0884  rpn_s.0.loss_giou: 0.7817  rpn_s.1.loss_cls: 0.4287  rpn_s.1.loss_bbox: 0.0397  rpn_s.1.loss_giou: 0.4056  rpn_s.2.loss_cls: 0.3579  rpn_s.2.loss_bbox: 0.0340  rpn_s.2.loss_giou: 0.3546  rpn_s.3.loss_cls: 0.3212  rpn_s.3.loss_bbox: 0.0318  rpn_s.3.loss_giou: 0.3375  s0.loss_cls: 0.3396  s0.pos_acc: 100.0000  s0.loss_bbox: 0.6405  s0.loss_iou: 1.1079  s1.loss_cls: 0.3291  s1.pos_acc: 92.8571  s1.loss_bbox: 0.6991  s1.loss_iou: 1.0701
2026/03/31 22:44:54 - mmengine - INFO - Epoch(train)  [5][  850/10002]  lr: 5.0000e-06  eta: 8:23:23  time: 0.3747  data_time: 0.0033  memory: 7329  grad_norm: 98.2738  loss: 7.3964  rpn_s.0.loss_cls: 0.6195  rpn_s.0.loss_bbox: 0.0867  rpn_s.0.loss_giou: 0.7208  rpn_s.1.loss_cls: 0.4271  rpn_s.1.loss_bbox: 0.0404  rpn_s.1.loss_giou: 0.3871  rpn_s.2.loss_cls: 0.3287  rpn_s.2.loss_bbox: 0.0342  rpn_s.2.loss_giou: 0.3435  rpn_s.3.loss_cls: 0.2873  rpn_s.3.loss_bbox: 0.0324  rpn_s.3.loss_giou: 0.3275  s0.loss_cls: 0.3299  s0.pos_acc: 73.7500  s0.loss_bbox: 0.5135  s0.loss_iou: 1.0456  s1.loss_cls: 0.3311  s1.pos_acc: 78.7500  s1.loss_bbox: 0.5377  s1.loss_iou: 1.0032
2026/03/31 22:45:13 - mmengine - INFO - Epoch(train)  [5][  900/10002]  lr: 5.0000e-06  eta: 8:23:03  time: 0.3794  data_time: 0.0032  memory: 7329  grad_norm: 93.0694  loss: 8.0754  rpn_s.0.loss_cls: 0.6290  rpn_s.0.loss_bbox: 0.1030  rpn_s.0.loss_giou: 0.8093  rpn_s.1.loss_cls: 0.4280  rpn_s.1.loss_bbox: 0.0468  rpn_s.1.loss_giou: 0.4026  rpn_s.2.loss_cls: 0.3437  rpn_s.2.loss_bbox: 0.0410  rpn_s.2.loss_giou: 0.3568  rpn_s.3.loss_cls: 0.3088  rpn_s.3.loss_bbox: 0.0377  rpn_s.3.loss_giou: 0.3342  s0.loss_cls: 0.3296  s0.pos_acc: 75.0000  s0.loss_bbox: 0.6546  s0.loss_iou: 1.1272  s1.loss_cls: 0.3272  s1.pos_acc: 73.6111  s1.loss_bbox: 0.7183  s1.loss_iou: 1.0774
2026/03/31 22:45:32 - mmengine - INFO - Epoch(train)  [5][  950/10002]  lr: 5.0000e-06  eta: 8:22:44  time: 0.3757  data_time: 0.0033  memory: 7329  grad_norm: 102.0303  loss: 8.1075  rpn_s.0.loss_cls: 0.6359  rpn_s.0.loss_bbox: 0.1030  rpn_s.0.loss_giou: 0.7709  rpn_s.1.loss_cls: 0.4260  rpn_s.1.loss_bbox: 0.0505  rpn_s.1.loss_giou: 0.4045  rpn_s.2.loss_cls: 0.3459  rpn_s.2.loss_bbox: 0.0441  rpn_s.2.loss_giou: 0.3605  rpn_s.3.loss_cls: 0.3130  rpn_s.3.loss_bbox: 0.0419  rpn_s.3.loss_giou: 0.3421  s0.loss_cls: 0.3446  s0.pos_acc: 60.8696  s0.loss_bbox: 0.6453  s0.loss_iou: 1.1233  s1.loss_cls: 0.3459  s1.pos_acc: 67.3913  s1.loss_bbox: 0.7322  s1.loss_iou: 1.0779
2026/03/31 22:45:48 - mmengine - INFO - Exp name: GSDet_r50_b900_h2h4_h2r1_r2r1_2x_fair1m1.0_20260331_165920
2026/03/31 22:45:51 - mmengine - INFO - Epoch(train)  [5][ 1000/10002]  lr: 5.0000e-06  eta: 8:22:25  time: 0.3828  data_time: 0.0033  memory: 7329  grad_norm: 94.1151  loss: 8.1920  rpn_s.0.loss_cls: 0.6075  rpn_s.0.loss_bbox: 0.1050  rpn_s.0.loss_giou: 0.8008  rpn_s.1.loss_cls: 0.4224  rpn_s.1.loss_bbox: 0.0492  rpn_s.1.loss_giou: 0.4153  rpn_s.2.loss_cls: 0.3409  rpn_s.2.loss_bbox: 0.0435  rpn_s.2.loss_giou: 0.3650  rpn_s.3.loss_cls: 0.2992  rpn_s.3.loss_bbox: 0.0396  rpn_s.3.loss_giou: 0.3469  s0.loss_cls: 0.3522  s0.pos_acc: 71.5000  s0.loss_bbox: 0.6099  s0.loss_iou: 1.2055  s1.loss_cls: 0.3348  s1.pos_acc: 73.5000  s1.loss_bbox: 0.6863  s1.loss_iou: 1.1679
2026/03/31 22:46:10 - mmengine - INFO - Epoch(train)  [5][ 1050/10002]  lr: 5.0000e-06  eta: 8:22:05  time: 0.3793  data_time: 0.0032  memory: 7330  grad_norm: 102.8775  loss: 8.0358  rpn_s.0.loss_cls: 0.6287  rpn_s.0.loss_bbox: 0.1113  rpn_s.0.loss_giou: 0.7161  rpn_s.1.loss_cls: 0.4389  rpn_s.1.loss_bbox: 0.0625  rpn_s.1.loss_giou: 0.4035  rpn_s.2.loss_cls: 0.3608  rpn_s.2.loss_bbox: 0.0567  rpn_s.2.loss_giou: 0.3606  rpn_s.3.loss_cls: 0.3242  rpn_s.3.loss_bbox: 0.0548  rpn_s.3.loss_giou: 0.3399  s0.loss_cls: 0.3726  s0.pos_acc: 83.3333  s0.loss_bbox: 0.6032  s0.loss_iou: 1.1344  s1.loss_cls: 0.3499  s1.pos_acc: 83.3333  s1.loss_bbox: 0.6190  s1.loss_iou: 1.0988
2026/03/31 22:46:29 - mmengine - INFO - Epoch(train)  [5][ 1100/10002]  lr: 5.0000e-06  eta: 8:21:46  time: 0.3782  data_time: 0.0032  memory: 7329  grad_norm: 98.1517  loss: 7.9787  rpn_s.0.loss_cls: 0.6527  rpn_s.0.loss_bbox: 0.0917  rpn_s.0.loss_giou: 0.7607  rpn_s.1.loss_cls: 0.4441  rpn_s.1.loss_bbox: 0.0395  rpn_s.1.loss_giou: 0.3926  rpn_s.2.loss_cls: 0.3716  rpn_s.2.loss_bbox: 0.0342  rpn_s.2.loss_giou: 0.3510  rpn_s.3.loss_cls: 0.3398  rpn_s.3.loss_bbox: 0.0322  rpn_s.3.loss_giou: 0.3332  s0.loss_cls: 0.3619  s0.pos_acc: 100.0000  s0.loss_bbox: 0.5991  s0.loss_iou: 1.0916  s1.loss_cls: 0.3582  s1.pos_acc: 100.0000  s1.loss_bbox: 0.6747  s1.loss_iou: 1.0498
2026/03/31 22:46:48 - mmengine - INFO - Epoch(train)  [5][ 1150/10002]  lr: 5.0000e-06  eta: 8:21:27  time: 0.3785  data_time: 0.0033  memory: 7329  grad_norm: 103.4060  loss: 7.5588  rpn_s.0.loss_cls: 0.6114  rpn_s.0.loss_bbox: 0.0965  rpn_s.0.loss_giou: 0.7525  rpn_s.1.loss_cls: 0.4005  rpn_s.1.loss_bbox: 0.0435  rpn_s.1.loss_giou: 0.3936  rpn_s.2.loss_cls: 0.3102  rpn_s.2.loss_bbox: 0.0355  rpn_s.2.loss_giou: 0.3384  rpn_s.3.loss_cls: 0.2718  rpn_s.3.loss_bbox: 0.0331  rpn_s.3.loss_giou: 0.3161  s0.loss_cls: 0.3031  s0.pos_acc: 100.0000  s0.loss_bbox: 0.6363  s0.loss_iou: 1.0483  s1.loss_cls: 0.2922  s1.pos_acc: 100.0000  s1.loss_bbox: 0.6837  s1.loss_iou: 0.9922
2026/03/31 22:47:07 - mmengine - INFO - Epoch(train)  [5][ 1200/10002]  lr: 5.0000e-06  eta: 8:21:08  time: 0.3820  data_time: 0.0032  memory: 7329  grad_norm: 97.4406  loss: 7.8741  rpn_s.0.loss_cls: 0.5849  rpn_s.0.loss_bbox: 0.0932  rpn_s.0.loss_giou: 0.7727  rpn_s.1.loss_cls: 0.4003  rpn_s.1.loss_bbox: 0.0438  rpn_s.1.loss_giou: 0.4089  rpn_s.2.loss_cls: 0.3179  rpn_s.2.loss_bbox: 0.0382  rpn_s.2.loss_giou: 0.3598  rpn_s.3.loss_cls: 0.2774  rpn_s.3.loss_bbox: 0.0350  rpn_s.3.loss_giou: 0.3440  s0.loss_cls: 0.2991  s0.pos_acc: 85.7143  s0.loss_bbox: 0.6517  s0.loss_iou: 1.1530  s1.loss_cls: 0.3026  s1.pos_acc: 92.8571  s1.loss_bbox: 0.6886  s1.loss_iou: 1.1029
2026/03/31 22:47:26 - mmengine - INFO - Epoch(train)  [5][ 1250/10002]  lr: 5.0000e-06  eta: 8:20:48  time: 0.3747  data_time: 0.0032  memory: 7329  grad_norm: 103.9733  loss: 7.7132  rpn_s.0.loss_cls: 0.6066  rpn_s.0.loss_bbox: 0.0854  rpn_s.0.loss_giou: 0.7216  rpn_s.1.loss_cls: 0.4123  rpn_s.1.loss_bbox: 0.0398  rpn_s.1.loss_giou: 0.3878  rpn_s.2.loss_cls: 0.3158  rpn_s.2.loss_bbox: 0.0347  rpn_s.2.loss_giou: 0.3435  rpn_s.3.loss_cls: 0.2751  rpn_s.3.loss_bbox: 0.0325  rpn_s.3.loss_giou: 0.3275  s0.loss_cls: 0.3293  s0.pos_acc: 83.3333  s0.loss_bbox: 0.6674  s0.loss_iou: 1.0615  s1.loss_cls: 0.3188  s1.pos_acc: 83.3333  s1.loss_bbox: 0.7272  s1.loss_iou: 1.0265
2026/03/31 22:47:44 - mmengine - INFO - Epoch(train)  [5][ 1300/10002]  lr: 5.0000e-06  eta: 8:20:29  time: 0.3779  data_time: 0.0032  memory: 7329  grad_norm: 89.4365  loss: 7.9473  rpn_s.0.loss_cls: 0.6262  rpn_s.0.loss_bbox: 0.0967  rpn_s.0.loss_giou: 0.7569  rpn_s.1.loss_cls: 0.4148  rpn_s.1.loss_bbox: 0.0463  rpn_s.1.loss_giou: 0.4060  rpn_s.2.loss_cls: 0.3442  rpn_s.2.loss_bbox: 0.0395  rpn_s.2.loss_giou: 0.3586  rpn_s.3.loss_cls: 0.3021  rpn_s.3.loss_bbox: 0.0350  rpn_s.3.loss_giou: 0.3363  s0.loss_cls: 0.3349  s0.pos_acc: 100.0000  s0.loss_bbox: 0.6539  s0.loss_iou: 1.1063  s1.loss_cls: 0.3214  s1.pos_acc: 100.0000  s1.loss_bbox: 0.6989  s1.loss_iou: 1.0693
2026/03/31 22:48:03 - mmengine - INFO - Epoch(train)  [5][ 1350/10002]  lr: 5.0000e-06  eta: 8:20:09  time: 0.3808  data_time: 0.0032  memory: 7329  grad_norm: 101.9819  loss: 7.7730  rpn_s.0.loss_cls: 0.6083  rpn_s.0.loss_bbox: 0.0941  rpn_s.0.loss_giou: 0.7697  rpn_s.1.loss_cls: 0.4073  rpn_s.1.loss_bbox: 0.0431  rpn_s.1.loss_giou: 0.4024  rpn_s.2.loss_cls: 0.3213  rpn_s.2.loss_bbox: 0.0374  rpn_s.2.loss_giou: 0.3507  rpn_s.3.loss_cls: 0.2858  rpn_s.3.loss_bbox: 0.0350  rpn_s.3.loss_giou: 0.3344  s0.loss_cls: 0.3272  s0.pos_acc: 100.0000  s0.loss_bbox: 0.6423  s0.loss_iou: 1.0783  s1.loss_cls: 0.3183  s1.pos_acc: 100.0000  s1.loss_bbox: 0.6729  s1.loss_iou: 1.0445
2026/03/31 22:48:22 - mmengine - INFO - Epoch(train)  [5][ 1400/10002]  lr: 5.0000e-06  eta: 8:19:50  time: 0.3798  data_time: 0.0032  memory: 7329  grad_norm: 105.0651  loss: 8.1039  rpn_s.0.loss_cls: 0.6354  rpn_s.0.loss_bbox: 0.1011  rpn_s.0.loss_giou: 0.8120  rpn_s.1.loss_cls: 0.4414  rpn_s.1.loss_bbox: 0.0445  rpn_s.1.loss_giou: 0.4221  rpn_s.2.loss_cls: 0.3635  rpn_s.2.loss_bbox: 0.0383  rpn_s.2.loss_giou: 0.3689  rpn_s.3.loss_cls: 0.3257  rpn_s.3.loss_bbox: 0.0349  rpn_s.3.loss_giou: 0.3408  s0.loss_cls: 0.3472  s0.pos_acc: 75.0000  s0.loss_bbox: 0.5959  s0.loss_iou: 1.1463  s1.loss_cls: 0.3502  s1.pos_acc: 75.0000  s1.loss_bbox: 0.6312  s1.loss_iou: 1.1047
2026/03/31 22:48:41 - mmengine - INFO - Epoch(train)  [5][ 1450/10002]  lr: 5.0000e-06  eta: 8:19:30  time: 0.3751  data_time: 0.0032  memory: 7329  grad_norm: 103.4456  loss: 7.3225  rpn_s.0.loss_cls: 0.5714  rpn_s.0.loss_bbox: 0.0988  rpn_s.0.loss_giou: 0.6730  rpn_s.1.loss_cls: 0.3848  rpn_s.1.loss_bbox: 0.0467  rpn_s.1.loss_giou: 0.3513  rpn_s.2.loss_cls: 0.2923  rpn_s.2.loss_bbox: 0.0409  rpn_s.2.loss_giou: 0.3101  rpn_s.3.loss_cls: 0.2545  rpn_s.3.loss_bbox: 0.0385  rpn_s.3.loss_giou: 0.2943  s0.loss_cls: 0.2930  s0.pos_acc: 81.0811  s0.loss_bbox: 0.6865  s0.loss_iou: 0.9921  s1.loss_cls: 0.2955  s1.pos_acc: 81.8919  s1.loss_bbox: 0.7508  s1.loss_iou: 0.9479
2026/03/31 22:49:00 - mmengine - INFO - Epoch(train)  [5][ 1500/10002]  lr: 5.0000e-06  eta: 8:19:11  time: 0.3749  data_time: 0.0032  memory: 7329  grad_norm: 94.6117  loss: 7.5412  rpn_s.0.loss_cls: 0.5905  rpn_s.0.loss_bbox: 0.0990  rpn_s.0.loss_giou: 0.7375  rpn_s.1.loss_cls: 0.4107  rpn_s.1.loss_bbox: 0.0482  rpn_s.1.loss_giou: 0.3850  rpn_s.2.loss_cls: 0.3362  rpn_s.2.loss_bbox: 0.0406  rpn_s.2.loss_giou: 0.3367  rpn_s.3.loss_cls: 0.2946  rpn_s.3.loss_bbox: 0.0389  rpn_s.3.loss_giou: 0.3160  s0.loss_cls: 0.3323  s0.pos_acc: 58.6957  s0.loss_bbox: 0.6193  s0.loss_iou: 1.0177  s1.loss_cls: 0.3258  s1.pos_acc: 50.0000  s1.loss_bbox: 0.6381  s1.loss_iou: 0.9743
2026/03/31 22:49:19 - mmengine - INFO - Epoch(train)  [5][ 1550/10002]  lr: 5.0000e-06  eta: 8:18:51  time: 0.3758  data_time: 0.0032  memory: 7329  grad_norm: 98.9650  loss: 7.2286  rpn_s.0.loss_cls: 0.5825  rpn_s.0.loss_bbox: 0.0947  rpn_s.0.loss_giou: 0.6980  rpn_s.1.loss_cls: 0.3969  rpn_s.1.loss_bbox: 0.0457  rpn_s.1.loss_giou: 0.3720  rpn_s.2.loss_cls: 0.3071  rpn_s.2.loss_bbox: 0.0387  rpn_s.2.loss_giou: 0.3207  rpn_s.3.loss_cls: 0.2707  rpn_s.3.loss_bbox: 0.0355  rpn_s.3.loss_giou: 0.2999  s0.loss_cls: 0.3049  s0.pos_acc: 66.0194  s0.loss_bbox: 0.5819  s0.loss_iou: 1.0059  s1.loss_cls: 0.2968  s1.pos_acc: 65.5340  s1.loss_bbox: 0.6126  s1.loss_iou: 0.9640
2026/03/31 22:49:38 - mmengine - INFO - Epoch(train)  [5][ 1600/10002]  lr: 5.0000e-06  eta: 8:18:32  time: 0.3785  data_time: 0.0032  memory: 7329  grad_norm: 108.4986  loss: 7.6086  rpn_s.0.loss_cls: 0.5931  rpn_s.0.loss_bbox: 0.0948  rpn_s.0.loss_giou: 0.7617  rpn_s.1.loss_cls: 0.3975  rpn_s.1.loss_bbox: 0.0417  rpn_s.1.loss_giou: 0.3891  rpn_s.2.loss_cls: 0.3124  rpn_s.2.loss_bbox: 0.0367  rpn_s.2.loss_giou: 0.3397  rpn_s.3.loss_cls: 0.2732  rpn_s.3.loss_bbox: 0.0346  rpn_s.3.loss_giou: 0.3234  s0.loss_cls: 0.3084  s0.pos_acc: 69.6970  s0.loss_bbox: 0.6272  s0.loss_iou: 1.0679  s1.loss_cls: 0.3005  s1.pos_acc: 74.2424  s1.loss_bbox: 0.6779  s1.loss_iou: 1.0288
2026/03/31 22:49:57 - mmengine - INFO - Epoch(train)  [5][ 1650/10002]  lr: 5.0000e-06  eta: 8:18:13  time: 0.3802  data_time: 0.0032  memory: 7329  grad_norm: 95.5173  loss: 7.0679  rpn_s.0.loss_cls: 0.5472  rpn_s.0.loss_bbox: 0.0915  rpn_s.0.loss_giou: 0.6857  rpn_s.1.loss_cls: 0.3790  rpn_s.1.loss_bbox: 0.0395  rpn_s.1.loss_giou: 0.3464  rpn_s.2.loss_cls: 0.3000  rpn_s.2.loss_bbox: 0.0331  rpn_s.2.loss_giou: 0.3027  rpn_s.3.loss_cls: 0.2638  rpn_s.3.loss_bbox: 0.0309  rpn_s.3.loss_giou: 0.2877  s0.loss_cls: 0.2735  s0.pos_acc: 100.0000  s0.loss_bbox: 0.6585  s0.loss_iou: 0.9395  s1.loss_cls: 0.2719  s1.pos_acc: 100.0000  s1.loss_bbox: 0.7119  s1.loss_iou: 0.9049
2026/03/31 22:50:16 - mmengine - INFO - Epoch(train)  [5][ 1700/10002]  lr: 5.0000e-06  eta: 8:17:53  time: 0.3765  data_time: 0.0032  memory: 7329  grad_norm: 88.2806  loss: 8.0745  rpn_s.0.loss_cls: 0.6035  rpn_s.0.loss_bbox: 0.0948  rpn_s.0.loss_giou: 0.8136  rpn_s.1.loss_cls: 0.4083  rpn_s.1.loss_bbox: 0.0423  rpn_s.1.loss_giou: 0.4245  rpn_s.2.loss_cls: 0.3310  rpn_s.2.loss_bbox: 0.0364  rpn_s.2.loss_giou: 0.3738  rpn_s.3.loss_cls: 0.2857  rpn_s.3.loss_bbox: 0.0338  rpn_s.3.loss_giou: 0.3513  s0.loss_cls: 0.3091  s0.pos_acc: 74.6429  s0.loss_bbox: 0.6771  s0.loss_iou: 1.1375  s1.loss_cls: 0.3172  s1.pos_acc: 74.2857  s1.loss_bbox: 0.7292  s1.loss_iou: 1.1054
2026/03/31 22:50:34 - mmengine - INFO - Epoch(train)  [5][ 1750/10002]  lr: 5.0000e-06  eta: 8:17:33  time: 0.3718  data_time: 0.0032  memory: 7329  grad_norm: 99.5987  loss: 7.0156  rpn_s.0.loss_cls: 0.5646  rpn_s.0.loss_bbox: 0.0894  rpn_s.0.loss_giou: 0.6606  rpn_s.1.loss_cls: 0.3773  rpn_s.1.loss_bbox: 0.0395  rpn_s.1.loss_giou: 0.3464  rpn_s.2.loss_cls: 0.3011  rpn_s.2.loss_bbox: 0.0348  rpn_s.2.loss_giou: 0.3049  rpn_s.3.loss_cls: 0.2546  rpn_s.3.loss_bbox: 0.0326  rpn_s.3.loss_giou: 0.2864  s0.loss_cls: 0.2924  s0.pos_acc: 70.0000  s0.loss_bbox: 0.6305  s0.loss_iou: 0.9393  s1.loss_cls: 0.2852  s1.pos_acc: 80.0000  s1.loss_bbox: 0.6782  s1.loss_iou: 0.8977
2026/03/31 22:50:53 - mmengine - INFO - Epoch(train)  [5][ 1800/10002]  lr: 5.0000e-06  eta: 8:17:13  time: 0.3742  data_time: 0.0032  memory: 7329  grad_norm: 96.2443  loss: 7.0027  rpn_s.0.loss_cls: 0.5739  rpn_s.0.loss_bbox: 0.0931  rpn_s.0.loss_giou: 0.6813  rpn_s.1.loss_cls: 0.3914  rpn_s.1.loss_bbox: 0.0450  rpn_s.1.loss_giou: 0.3651  rpn_s.2.loss_cls: 0.3087  rpn_s.2.loss_bbox: 0.0382  rpn_s.2.loss_giou: 0.3184  rpn_s.3.loss_cls: 0.2752  rpn_s.3.loss_bbox: 0.0353  rpn_s.3.loss_giou: 0.2996  s0.loss_cls: 0.3061  s0.pos_acc: 100.0000  s0.loss_bbox: 0.5364  s0.loss_iou: 0.9560  s1.loss_cls: 0.2936  s1.pos_acc: 100.0000  s1.loss_bbox: 0.5623  s1.loss_iou: 0.9231
2026/03/31 22:51:12 - mmengine - INFO - Epoch(train)  [5][ 1850/10002]  lr: 5.0000e-06  eta: 8:16:54  time: 0.3768  data_time: 0.0032  memory: 7329  grad_norm: 84.9495  loss: 7.8789  rpn_s.0.loss_cls: 0.6281  rpn_s.0.loss_bbox: 0.0983  rpn_s.0.loss_giou: 0.8218  rpn_s.1.loss_cls: 0.4328  rpn_s.1.loss_bbox: 0.0407  rpn_s.1.loss_giou: 0.4086  rpn_s.2.loss_cls: 0.3536  rpn_s.2.loss_bbox: 0.0345  rpn_s.2.loss_giou: 0.3511  rpn_s.3.loss_cls: 0.3173  rpn_s.3.loss_bbox: 0.0323  rpn_s.3.loss_giou: 0.3329  s0.loss_cls: 0.3460  s0.pos_acc: 94.7368  s0.loss_bbox: 0.5960  s0.loss_iou: 1.0730  s1.loss_cls: 0.3357  s1.pos_acc: 86.8421  s1.loss_bbox: 0.6456  s1.loss_iou: 1.0308
2026/03/31 22:51:31 - mmengine - INFO - Epoch(train)  [5][ 1900/10002]  lr: 5.0000e-06  eta: 8:16:34  time: 0.3764  data_time: 0.0032  memory: 7329  grad_norm: 107.4198  loss: 7.1214  rpn_s.0.loss_cls: 0.5631  rpn_s.0.loss_bbox: 0.0884  rpn_s.0.loss_giou: 0.6693  rpn_s.1.loss_cls: 0.3788  rpn_s.1.loss_bbox: 0.0419  rpn_s.1.loss_giou: 0.3559  rpn_s.2.loss_cls: 0.3020  rpn_s.2.loss_bbox: 0.0362  rpn_s.2.loss_giou: 0.3151  rpn_s.3.loss_cls: 0.2677  rpn_s.3.loss_bbox: 0.0334  rpn_s.3.loss_giou: 0.2953  s0.loss_cls: 0.3028  s0.pos_acc: 65.0794  s0.loss_bbox: 0.6122  s0.loss_iou: 0.9826  s1.loss_cls: 0.3043  s1.pos_acc: 66.6667  s1.loss_bbox: 0.6321  s1.loss_iou: 0.9402
2026/03/31 22:51:49 - mmengine - INFO - Epoch(train)  [5][ 1950/10002]  lr: 5.0000e-06  eta: 8:16:15  time: 0.3746  data_time: 0.0031  memory: 7329  grad_norm: 89.4943  loss: 7.1481  rpn_s.0.loss_cls: 0.5838  rpn_s.0.loss_bbox: 0.0958  rpn_s.0.loss_giou: 0.6803  rpn_s.1.loss_cls: 0.4134  rpn_s.1.loss_bbox: 0.0442  rpn_s.1.loss_giou: 0.3647  rpn_s.2.loss_cls: 0.3213  rpn_s.2.loss_bbox: 0.0382  rpn_s.2.loss_giou: 0.3205  rpn_s.3.loss_cls: 0.2780  rpn_s.3.loss_bbox: 0.0346  rpn_s.3.loss_giou: 0.2979  s0.loss_cls: 0.2957  s0.pos_acc: 80.0000  s0.loss_bbox: 0.5798  s0.loss_iou: 0.9817  s1.loss_cls: 0.2853  s1.pos_acc: 90.0000  s1.loss_bbox: 0.5922  s1.loss_iou: 0.9408
2026/03/31 22:52:05 - mmengine - INFO - Exp name: GSDet_r50_b900_h2h4_h2r1_r2r1_2x_fair1m1.0_20260331_165920
2026/03/31 22:52:08 - mmengine - INFO - Epoch(train)  [5][ 2000/10002]  lr: 5.0000e-06  eta: 8:15:56  time: 0.3842  data_time: 0.0032  memory: 7329  grad_norm: 91.8818  loss: 8.3643  rpn_s.0.loss_cls: 0.6216  rpn_s.0.loss_bbox: 0.1469  rpn_s.0.loss_giou: 0.8110  rpn_s.1.loss_cls: 0.4246  rpn_s.1.loss_bbox: 0.0588  rpn_s.1.loss_giou: 0.4303  rpn_s.2.loss_cls: 0.3397  rpn_s.2.loss_bbox: 0.0496  rpn_s.2.loss_giou: 0.3765  rpn_s.3.loss_cls: 0.2964  rpn_s.3.loss_bbox: 0.0464  rpn_s.3.loss_giou: 0.3551  s0.loss_cls: 0.3287  s0.pos_acc: 62.5000  s0.loss_bbox: 0.6618  s0.loss_iou: 1.2257  s1.loss_cls: 0.3270  s1.pos_acc: 87.5000  s1.loss_bbox: 0.6780  s1.loss_iou: 1.1863
2026/03/31 22:52:28 - mmengine - INFO - Epoch(train)  [5][ 2050/10002]  lr: 5.0000e-06  eta: 8:15:38  time: 0.3966  data_time: 0.0032  memory: 7330  grad_norm: 79.5175  loss: 8.3326  rpn_s.0.loss_cls: 0.5926  rpn_s.0.loss_bbox: 0.1127  rpn_s.0.loss_giou: 0.9160  rpn_s.1.loss_cls: 0.3923  rpn_s.1.loss_bbox: 0.0481  rpn_s.1.loss_giou: 0.4624  rpn_s.2.loss_cls: 0.3190  rpn_s.2.loss_bbox: 0.0398  rpn_s.2.loss_giou: 0.3914  rpn_s.3.loss_cls: 0.2785  rpn_s.3.loss_bbox: 0.0361  rpn_s.3.loss_giou: 0.3644  s0.loss_cls: 0.3018  s0.pos_acc: 60.1852  s0.loss_bbox: 0.6449  s0.loss_iou: 1.2338  s1.loss_cls: 0.2907  s1.pos_acc: 59.2593  s1.loss_bbox: 0.7227  s1.loss_iou: 1.1852
2026/03/31 22:52:48 - mmengine - INFO - Epoch(train)  [5][ 2100/10002]  lr: 5.0000e-06  eta: 8:15:20  time: 0.3928  data_time: 0.0031  memory: 7330  grad_norm: 85.5870  loss: 7.5069  rpn_s.0.loss_cls: 0.5872  rpn_s.0.loss_bbox: 0.0962  rpn_s.0.loss_giou: 0.7560  rpn_s.1.loss_cls: 0.4133  rpn_s.1.loss_bbox: 0.0449  rpn_s.1.loss_giou: 0.4007  rpn_s.2.loss_cls: 0.3127  rpn_s.2.loss_bbox: 0.0379  rpn_s.2.loss_giou: 0.3496  rpn_s.3.loss_cls: 0.2704  rpn_s.3.loss_bbox: 0.0360  rpn_s.3.loss_giou: 0.3324  s0.loss_cls: 0.3088  s0.pos_acc: 78.9474  s0.loss_bbox: 0.5517  s0.loss_iou: 1.0775  s1.loss_cls: 0.3029  s1.pos_acc: 78.9474  s1.loss_bbox: 0.5934  s1.loss_iou: 1.0355
2026/03/31 22:53:07 - mmengine - INFO - Epoch(train)  [5][ 2150/10002]  lr: 5.0000e-06  eta: 8:15:01  time: 0.3766  data_time: 0.0031  memory: 7329  grad_norm: 93.7606  loss: 7.3788  rpn_s.0.loss_cls: 0.6039  rpn_s.0.loss_bbox: 0.0877  rpn_s.0.loss_giou: 0.7288  rpn_s.1.loss_cls: 0.4030  rpn_s.1.loss_bbox: 0.0396  rpn_s.1.loss_giou: 0.3740  rpn_s.2.loss_cls: 0.3183  rpn_s.2.loss_bbox: 0.0333  rpn_s.2.loss_giou: 0.3291  rpn_s.3.loss_cls: 0.2740  rpn_s.3.loss_bbox: 0.0313  rpn_s.3.loss_giou: 0.3099  s0.loss_cls: 0.3021  s0.pos_acc: 81.6667  s0.loss_bbox: 0.6154  s0.loss_iou: 1.0115  s1.loss_cls: 0.3045  s1.pos_acc: 80.0000  s1.loss_bbox: 0.6472  s1.loss_iou: 0.9650
2026/03/31 22:53:26 - mmengine - INFO - Epoch(train)  [5][ 2200/10002]  lr: 5.0000e-06  eta: 8:14:41  time: 0.3796  data_time: 0.0031  memory: 7329  grad_norm: 82.0860  loss: 8.3244  rpn_s.0.loss_cls: 0.6421  rpn_s.0.loss_bbox: 0.0994  rpn_s.0.loss_giou: 0.8450  rpn_s.1.loss_cls: 0.4360  rpn_s.1.loss_bbox: 0.0444  rpn_s.1.loss_giou: 0.4346  rpn_s.2.loss_cls: 0.3529  rpn_s.2.loss_bbox: 0.0377  rpn_s.2.loss_giou: 0.3780  rpn_s.3.loss_cls: 0.3136  rpn_s.3.loss_bbox: 0.0349  rpn_s.3.loss_giou: 0.3589  s0.loss_cls: 0.3506  s0.pos_acc: 71.7172  s0.loss_bbox: 0.6075  s0.loss_iou: 1.2260  s1.loss_cls: 0.3425  s1.pos_acc: 73.2323  s1.loss_bbox: 0.6477  s1.loss_iou: 1.1726
2026/03/31 22:53:45 - mmengine - INFO - Epoch(train)  [5][ 2250/10002]  lr: 5.0000e-06  eta: 8:14:22  time: 0.3813  data_time: 0.0031  memory: 7329  grad_norm: 107.8061  loss: 7.5391  rpn_s.0.loss_cls: 0.5854  rpn_s.0.loss_bbox: 0.0986  rpn_s.0.loss_giou: 0.7357  rpn_s.1.loss_cls: 0.3992  rpn_s.1.loss_bbox: 0.0463  rpn_s.1.loss_giou: 0.3886  rpn_s.2.loss_cls: 0.3160  rpn_s.2.loss_bbox: 0.0424  rpn_s.2.loss_giou: 0.3435  rpn_s.3.loss_cls: 0.2746  rpn_s.3.loss_bbox: 0.0391  rpn_s.3.loss_giou: 0.3251  s0.loss_cls: 0.3103  s0.pos_acc: 60.0000  s0.loss_bbox: 0.6242  s0.loss_iou: 1.0586  s1.loss_cls: 0.3046  s1.pos_acc: 100.0000  s1.loss_bbox: 0.6452  s1.loss_iou: 1.0016
2026/03/31 22:54:04 - mmengine - INFO - Epoch(train)  [5][ 2300/10002]  lr: 5.0000e-06  eta: 8:14:03  time: 0.3800  data_time: 0.0031  memory: 7329  grad_norm: 98.5072  loss: 7.3391  rpn_s.0.loss_cls: 0.5580  rpn_s.0.loss_bbox: 0.0913  rpn_s.0.loss_giou: 0.7100  rpn_s.1.loss_cls: 0.3753  rpn_s.1.loss_bbox: 0.0440  rpn_s.1.loss_giou: 0.3741  rpn_s.2.loss_cls: 0.3038  rpn_s.2.loss_bbox: 0.0386  rpn_s.2.loss_giou: 0.3286  rpn_s.3.loss_cls: 0.2659  rpn_s.3.loss_bbox: 0.0354  rpn_s.3.loss_giou: 0.3072  s0.loss_cls: 0.2998  s0.pos_acc: 66.6667  s0.loss_bbox: 0.6243  s0.loss_iou: 1.0345  s1.loss_cls: 0.2936  s1.pos_acc: 70.8333  s1.loss_bbox: 0.6635  s1.loss_iou: 0.9912
2026/03/31 22:54:23 - mmengine - INFO - Epoch(train)  [5][ 2350/10002]  lr: 5.0000e-06  eta: 8:13:44  time: 0.3770  data_time: 0.0031  memory: 7329  grad_norm: 92.8212  loss: 7.2891  rpn_s.0.loss_cls: 0.5800  rpn_s.0.loss_bbox: 0.0966  rpn_s.0.loss_giou: 0.6967  rpn_s.1.loss_cls: 0.3878  rpn_s.1.loss_bbox: 0.0445  rpn_s.1.loss_giou: 0.3695  rpn_s.2.loss_cls: 0.3081  rpn_s.2.loss_bbox: 0.0380  rpn_s.2.loss_giou: 0.3200  rpn_s.3.loss_cls: 0.2745  rpn_s.3.loss_bbox: 0.0358  rpn_s.3.loss_giou: 0.3021  s0.loss_cls: 0.2858  s0.pos_acc: 100.0000  s0.loss_bbox: 0.6326  s0.loss_iou: 1.0144  s1.loss_cls: 0.2809  s1.pos_acc: 100.0000  s1.loss_bbox: 0.6499  s1.loss_iou: 0.9719
2026/03/31 22:54:41 - mmengine - INFO - Epoch(train)  [5][ 2400/10002]  lr: 5.0000e-06  eta: 8:13:24  time: 0.3748  data_time: 0.0031  memory: 7329  grad_norm: 101.5371  loss: 7.3895  rpn_s.0.loss_cls: 0.5663  rpn_s.0.loss_bbox: 0.0939  rpn_s.0.loss_giou: 0.7375  rpn_s.1.loss_cls: 0.3707  rpn_s.1.loss_bbox: 0.0438  rpn_s.1.loss_giou: 0.3930  rpn_s.2.loss_cls: 0.2916  rpn_s.2.loss_bbox: 0.0380  rpn_s.2.loss_giou: 0.3467  rpn_s.3.loss_cls: 0.2564  rpn_s.3.loss_bbox: 0.0355  rpn_s.3.loss_giou: 0.3232  s0.loss_cls: 0.2938  s0.pos_acc: 71.4286  s0.loss_bbox: 0.6004  s0.loss_iou: 1.0492  s1.loss_cls: 0.2909  s1.pos_acc: 71.4286  s1.loss_bbox: 0.6545  s1.loss_iou: 1.0042
2026/03/31 22:55:01 - mmengine - INFO - Epoch(train)  [5][ 2450/10002]  lr: 5.0000e-06  eta: 8:13:05  time: 0.3840  data_time: 0.0031  memory: 7329  grad_norm: 90.4455  loss: 8.0262  rpn_s.0.loss_cls: 0.6105  rpn_s.0.loss_bbox: 0.0937  rpn_s.0.loss_giou: 0.7922  rpn_s.1.loss_cls: 0.4223  rpn_s.1.loss_bbox: 0.0413  rpn_s.1.loss_giou: 0.4097  rpn_s.2.loss_cls: 0.3453  rpn_s.2.loss_bbox: 0.0361  rpn_s.2.loss_giou: 0.3604  rpn_s.3.loss_cls: 0.3102  rpn_s.3.loss_bbox: 0.0332  rpn_s.3.loss_giou: 0.3364  s0.loss_cls: 0.3369  s0.pos_acc: 60.0000  s0.loss_bbox: 0.6299  s0.loss_iou: 1.1419  s1.loss_cls: 0.3324  s1.pos_acc: 68.3333  s1.loss_bbox: 0.6997  s1.loss_iou: 1.0941
2026/03/31 22:55:20 - mmengine - INFO - Epoch(train)  [5][ 2500/10002]  lr: 5.0000e-06  eta: 8:12:46  time: 0.3811  data_time: 0.0031  memory: 7329  grad_norm: 83.9001  loss: 7.7636  rpn_s.0.loss_cls: 0.5997  rpn_s.0.loss_bbox: 0.0899  rpn_s.0.loss_giou: 0.7673  rpn_s.1.loss_cls: 0.4036  rpn_s.1.loss_bbox: 0.0422  rpn_s.1.loss_giou: 0.4003  rpn_s.2.loss_cls: 0.3290  rpn_s.2.loss_bbox: 0.0369  rpn_s.2.loss_giou: 0.3534  rpn_s.3.loss_cls: 0.2879  rpn_s.3.loss_bbox: 0.0345  rpn_s.3.loss_giou: 0.3329  s0.loss_cls: 0.3077  s0.pos_acc: 70.5521  s0.loss_bbox: 0.5922  s0.loss_iou: 1.1373  s1.loss_cls: 0.2893  s1.pos_acc: 75.4601  s1.loss_bbox: 0.6571  s1.loss_iou: 1.1023
2026/03/31 22:55:39 - mmengine - INFO - Epoch(train)  [5][ 2550/10002]  lr: 5.0000e-06  eta: 8:12:27  time: 0.3811  data_time: 0.0031  memory: 7329  grad_norm: 107.1540  loss: 7.7059  rpn_s.0.loss_cls: 0.5990  rpn_s.0.loss_bbox: 0.0974  rpn_s.0.loss_giou: 0.7699  rpn_s.1.loss_cls: 0.4017  rpn_s.1.loss_bbox: 0.0441  rpn_s.1.loss_giou: 0.3983  rpn_s.2.loss_cls: 0.3275  rpn_s.2.loss_bbox: 0.0380  rpn_s.2.loss_giou: 0.3465  rpn_s.3.loss_cls: 0.2889  rpn_s.3.loss_bbox: 0.0364  rpn_s.3.loss_giou: 0.3326  s0.loss_cls: 0.3136  s0.pos_acc: 92.3077  s0.loss_bbox: 0.5572  s0.loss_iou: 1.1620  s1.loss_cls: 0.3087  s1.pos_acc: 92.3077  s1.loss_bbox: 0.5754  s1.loss_iou: 1.1089
2026/03/31 22:55:57 - mmengine - INFO - Epoch(train)  [5][ 2600/10002]  lr: 5.0000e-06  eta: 8:12:07  time: 0.3748  data_time: 0.0031  memory: 7329  grad_norm: 102.7456  loss: 7.5557  rpn_s.0.loss_cls: 0.6261  rpn_s.0.loss_bbox: 0.0913  rpn_s.0.loss_giou: 0.7038  rpn_s.1.loss_cls: 0.4175  rpn_s.1.loss_bbox: 0.0450  rpn_s.1.loss_giou: 0.3839  rpn_s.2.loss_cls: 0.3324  rpn_s.2.loss_bbox: 0.0384  rpn_s.2.loss_giou: 0.3324  rpn_s.3.loss_cls: 0.2919  rpn_s.3.loss_bbox: 0.0362  rpn_s.3.loss_giou: 0.3132  s0.loss_cls: 0.3207  s0.pos_acc: 85.7143  s0.loss_bbox: 0.6394  s0.loss_iou: 1.0243  s1.loss_cls: 0.3114  s1.pos_acc: 64.2857  s1.loss_bbox: 0.6786  s1.loss_iou: 0.9692
2026/03/31 22:56:16 - mmengine - INFO - Epoch(train)  [5][ 2650/10002]  lr: 5.0000e-06  eta: 8:11:48  time: 0.3775  data_time: 0.0031  memory: 7329  grad_norm: 113.9432  loss: 7.7265  rpn_s.0.loss_cls: 0.5777  rpn_s.0.loss_bbox: 0.0919  rpn_s.0.loss_giou: 0.7580  rpn_s.1.loss_cls: 0.3962  rpn_s.1.loss_bbox: 0.0419  rpn_s.1.loss_giou: 0.4048  rpn_s.2.loss_cls: 0.3134  rpn_s.2.loss_bbox: 0.0362  rpn_s.2.loss_giou: 0.3512  rpn_s.3.loss_cls: 0.2759  rpn_s.3.loss_bbox: 0.0329  rpn_s.3.loss_giou: 0.3297  s0.loss_cls: 0.3060  s0.pos_acc: 67.3228  s0.loss_bbox: 0.6146  s0.loss_iou: 1.1398  s1.loss_cls: 0.3065  s1.pos_acc: 70.0787  s1.loss_bbox: 0.6544  s1.loss_iou: 1.0954
2026/03/31 22:56:35 - mmengine - INFO - Epoch(train)  [5][ 2700/10002]  lr: 5.0000e-06  eta: 8:11:28  time: 0.3753  data_time: 0.0031  memory: 7329  grad_norm: 95.4064  loss: 7.7382  rpn_s.0.loss_cls: 0.6079  rpn_s.0.loss_bbox: 0.0937  rpn_s.0.loss_giou: 0.7122  rpn_s.1.loss_cls: 0.4063  rpn_s.1.loss_bbox: 0.0459  rpn_s.1.loss_giou: 0.3968  rpn_s.2.loss_cls: 0.3288  rpn_s.2.loss_bbox: 0.0401  rpn_s.2.loss_giou: 0.3490  rpn_s.3.loss_cls: 0.2865  rpn_s.3.loss_bbox: 0.0370  rpn_s.3.loss_giou: 0.3286  s0.loss_cls: 0.3200  s0.pos_acc: 85.7143  s0.loss_bbox: 0.6192  s0.loss_iou: 1.1322  s1.loss_cls: 0.3071  s1.pos_acc: 92.8571  s1.loss_bbox: 0.6428  s1.loss_iou: 1.0840
2026/03/31 22:56:54 - mmengine - INFO - Epoch(train)  [5][ 2750/10002]  lr: 5.0000e-06  eta: 8:11:09  time: 0.3762  data_time: 0.0032  memory: 7329  grad_norm: 98.1212  loss: 7.4122  rpn_s.0.loss_cls: 0.6035  rpn_s.0.loss_bbox: 0.0892  rpn_s.0.loss_giou: 0.7170  rpn_s.1.loss_cls: 0.3985  rpn_s.1.loss_bbox: 0.0429  rpn_s.1.loss_giou: 0.3786  rpn_s.2.loss_cls: 0.3136  rpn_s.2.loss_bbox: 0.0364  rpn_s.2.loss_giou: 0.3308  rpn_s.3.loss_cls: 0.2722  rpn_s.3.loss_bbox: 0.0339  rpn_s.3.loss_giou: 0.3124  s0.loss_cls: 0.2999  s0.pos_acc: 71.4286  s0.loss_bbox: 0.5925  s0.loss_iou: 1.0070  s1.loss_cls: 0.3107  s1.pos_acc: 92.8571  s1.loss_bbox: 0.6982  s1.loss_iou: 0.9749
2026/03/31 22:57:13 - mmengine - INFO - Epoch(train)  [5][ 2800/10002]  lr: 5.0000e-06  eta: 8:10:49  time: 0.3799  data_time: 0.0031  memory: 7329  grad_norm: 101.7927  loss: 8.2009  rpn_s.0.loss_cls: 0.6466  rpn_s.0.loss_bbox: 0.0972  rpn_s.0.loss_giou: 0.8298  rpn_s.1.loss_cls: 0.4305  rpn_s.1.loss_bbox: 0.0424  rpn_s.1.loss_giou: 0.4166  rpn_s.2.loss_cls: 0.3615  rpn_s.2.loss_bbox: 0.0375  rpn_s.2.loss_giou: 0.3644  rpn_s.3.loss_cls: 0.3181  rpn_s.3.loss_bbox: 0.0346  rpn_s.3.loss_giou: 0.3463  s0.loss_cls: 0.3510  s0.pos_acc: 75.0000  s0.loss_bbox: 0.6206  s0.loss_iou: 1.1481  s1.loss_cls: 0.3458  s1.pos_acc: 85.9375  s1.loss_bbox: 0.7018  s1.loss_iou: 1.1080
2026/03/31 22:57:32 - mmengine - INFO - Epoch(train)  [5][ 2850/10002]  lr: 5.0000e-06  eta: 8:10:30  time: 0.3816  data_time: 0.0031  memory: 7329  grad_norm: 115.3775  loss: 7.9314  rpn_s.0.loss_cls: 0.6139  rpn_s.0.loss_bbox: 0.0942  rpn_s.0.loss_giou: 0.7642  rpn_s.1.loss_cls: 0.4158  rpn_s.1.loss_bbox: 0.0425  rpn_s.1.loss_giou: 0.4044  rpn_s.2.loss_cls: 0.3358  rpn_s.2.loss_bbox: 0.0366  rpn_s.2.loss_giou: 0.3506  rpn_s.3.loss_cls: 0.2971  rpn_s.3.loss_bbox: 0.0339  rpn_s.3.loss_giou: 0.3309  s0.loss_cls: 0.3232  s0.pos_acc: 80.0000  s0.loss_bbox: 0.6425  s0.loss_iou: 1.1339  s1.loss_cls: 0.3097  s1.pos_acc: 80.7143  s1.loss_bbox: 0.7138  s1.loss_iou: 1.0886
2026/03/31 22:57:51 - mmengine - INFO - Epoch(train)  [5][ 2900/10002]  lr: 5.0000e-06  eta: 8:10:11  time: 0.3764  data_time: 0.0030  memory: 7329  grad_norm: 93.4095  loss: 7.3449  rpn_s.0.loss_cls: 0.5832  rpn_s.0.loss_bbox: 0.0901  rpn_s.0.loss_giou: 0.7065  rpn_s.1.loss_cls: 0.3958  rpn_s.1.loss_bbox: 0.0430  rpn_s.1.loss_giou: 0.3805  rpn_s.2.loss_cls: 0.3222  rpn_s.2.loss_bbox: 0.0358  rpn_s.2.loss_giou: 0.3293  rpn_s.3.loss_cls: 0.2792  rpn_s.3.loss_bbox: 0.0329  rpn_s.3.loss_giou: 0.3108  s0.loss_cls: 0.3123  s0.pos_acc: 70.0000  s0.loss_bbox: 0.5911  s0.loss_iou: 1.0407  s1.loss_cls: 0.2946  s1.pos_acc: 75.0000  s1.loss_bbox: 0.5930  s1.loss_iou: 1.0040
2026/03/31 22:58:10 - mmengine - INFO - Epoch(train)  [5][ 2950/10002]  lr: 5.0000e-06  eta: 8:09:51  time: 0.3739  data_time: 0.0031  memory: 7329  grad_norm: 102.5060  loss: 7.1764  rpn_s.0.loss_cls: 0.5934  rpn_s.0.loss_bbox: 0.0817  rpn_s.0.loss_giou: 0.6741  rpn_s.1.loss_cls: 0.3974  rpn_s.1.loss_bbox: 0.0390  rpn_s.1.loss_giou: 0.3571  rpn_s.2.loss_cls: 0.3001  rpn_s.2.loss_bbox: 0.0339  rpn_s.2.loss_giou: 0.3117  rpn_s.3.loss_cls: 0.2587  rpn_s.3.loss_bbox: 0.0318  rpn_s.3.loss_giou: 0.2966  s0.loss_cls: 0.2821  s0.pos_acc: 72.3404  s0.loss_bbox: 0.7124  s0.loss_iou: 0.9258  s1.loss_cls: 0.2705  s1.pos_acc: 81.9149  s1.loss_bbox: 0.7258  s1.loss_iou: 0.8842
2026/03/31 22:58:26 - mmengine - INFO - Exp name: GSDet_r50_b900_h2h4_h2r1_r2r1_2x_fair1m1.0_20260331_165920
2026/03/31 22:58:29 - mmengine - INFO - Epoch(train)  [5][ 3000/10002]  lr: 5.0000e-06  eta: 8:09:32  time: 0.3821  data_time: 0.0032  memory: 7329  grad_norm: 92.5543  loss: 8.0169  rpn_s.0.loss_cls: 0.6194  rpn_s.0.loss_bbox: 0.1010  rpn_s.0.loss_giou: 0.8105  rpn_s.1.loss_cls: 0.4274  rpn_s.1.loss_bbox: 0.0428  rpn_s.1.loss_giou: 0.4025  rpn_s.2.loss_cls: 0.3407  rpn_s.2.loss_bbox: 0.0373  rpn_s.2.loss_giou: 0.3536  rpn_s.3.loss_cls: 0.2931  rpn_s.3.loss_bbox: 0.0350  rpn_s.3.loss_giou: 0.3349  s0.loss_cls: 0.3227  s0.pos_acc: 87.5000  s0.loss_bbox: 0.6710  s0.loss_iou: 1.1088  s1.loss_cls: 0.3082  s1.pos_acc: 100.0000  s1.loss_bbox: 0.7393  s1.loss_iou: 1.0688
2026/03/31 22:58:48 - mmengine - INFO - Epoch(train)  [5][ 3050/10002]  lr: 5.0000e-06  eta: 8:09:13  time: 0.3792  data_time: 0.0031  memory: 7329  grad_norm: 89.1974  loss: 8.1503  rpn_s.0.loss_cls: 0.6220  rpn_s.0.loss_bbox: 0.0953  rpn_s.0.loss_giou: 0.8087  rpn_s.1.loss_cls: 0.4031  rpn_s.1.loss_bbox: 0.0444  rpn_s.1.loss_giou: 0.4252  rpn_s.2.loss_cls: 0.3306  rpn_s.2.loss_bbox: 0.0400  rpn_s.2.loss_giou: 0.3709  rpn_s.3.loss_cls: 0.2895  rpn_s.3.loss_bbox: 0.0382  rpn_s.3.loss_giou: 0.3488  s0.loss_cls: 0.3424  s0.pos_acc: 64.9484  s0.loss_bbox: 0.6716  s0.loss_iou: 1.1496  s1.loss_cls: 0.3396  s1.pos_acc: 67.0103  s1.loss_bbox: 0.7188  s1.loss_iou: 1.1114
2026/03/31 22:59:07 - mmengine - INFO - Epoch(train)  [5][ 3100/10002]  lr: 5.0000e-06  eta: 8:08:54  time: 0.3794  data_time: 0.0031  memory: 7329  grad_norm: 91.5637  loss: 7.8082  rpn_s.0.loss_cls: 0.6091  rpn_s.0.loss_bbox: 0.0979  rpn_s.0.loss_giou: 0.7879  rpn_s.1.loss_cls: 0.4286  rpn_s.1.loss_bbox: 0.0431  rpn_s.1.loss_giou: 0.3944  rpn_s.2.loss_cls: 0.3464  rpn_s.2.loss_bbox: 0.0362  rpn_s.2.loss_giou: 0.3342  rpn_s.3.loss_cls: 0.2971  rpn_s.3.loss_bbox: 0.0333  rpn_s.3.loss_giou: 0.3159  s0.loss_cls: 0.3247  s0.pos_acc: 93.7500  s0.loss_bbox: 0.6474  s0.loss_iou: 1.0561  s1.loss_cls: 0.3146  s1.pos_acc: 100.0000  s1.loss_bbox: 0.7381  s1.loss_iou: 1.0031
2026/03/31 22:59:26 - mmengine - INFO - Epoch(train)  [5][ 3150/10002]  lr: 5.0000e-06  eta: 8:08:34  time: 0.3802  data_time: 0.0031  memory: 7329  grad_norm: 120.9703  loss: 7.7774  rpn_s.0.loss_cls: 0.6017  rpn_s.0.loss_bbox: 0.0943  rpn_s.0.loss_giou: 0.7861  rpn_s.1.loss_cls: 0.4083  rpn_s.1.loss_bbox: 0.0433  rpn_s.1.loss_giou: 0.4123  rpn_s.2.loss_cls: 0.3217  rpn_s.2.loss_bbox: 0.0377  rpn_s.2.loss_giou: 0.3678  rpn_s.3.loss_cls: 0.2814  rpn_s.3.loss_bbox: 0.0351  rpn_s.3.loss_giou: 0.3426  s0.loss_cls: 0.3201  s0.pos_acc: 100.0000  s0.loss_bbox: 0.5950  s0.loss_iou: 1.1231  s1.loss_cls: 0.3128  s1.pos_acc: 100.0000  s1.loss_bbox: 0.6068  s1.loss_iou: 1.0873
2026/03/31 22:59:45 - mmengine - INFO - Epoch(train)  [5][ 3200/10002]  lr: 5.0000e-06  eta: 8:08:15  time: 0.3810  data_time: 0.0031  memory: 7329  grad_norm: 94.5018  loss: 7.3174  rpn_s.0.loss_cls: 0.5912  rpn_s.0.loss_bbox: 0.0934  rpn_s.0.loss_giou: 0.7096  rpn_s.1.loss_cls: 0.3848  rpn_s.1.loss_bbox: 0.0436  rpn_s.1.loss_giou: 0.3805  rpn_s.2.loss_cls: 0.2946  rpn_s.2.loss_bbox: 0.0384  rpn_s.2.loss_giou: 0.3363  rpn_s.3.loss_cls: 0.2565  rpn_s.3.loss_bbox: 0.0347  rpn_s.3.loss_giou: 0.3148  s0.loss_cls: 0.2842  s0.pos_acc: 75.5515  s0.loss_bbox: 0.6332  s0.loss_iou: 1.0092  s1.loss_cls: 0.2737  s1.pos_acc: 75.7353  s1.loss_bbox: 0.6795  s1.loss_iou: 0.9593
2026/03/31 23:00:04 - mmengine - INFO - Epoch(train)  [5][ 3250/10002]  lr: 5.0000e-06  eta: 8:07:56  time: 0.3778  data_time: 0.0030  memory: 7329  grad_norm: 94.4895  loss: 7.4289  rpn_s.0.loss_cls: 0.6156  rpn_s.0.loss_bbox: 0.0874  rpn_s.0.loss_giou: 0.7476  rpn_s.1.loss_cls: 0.4192  rpn_s.1.loss_bbox: 0.0380  rpn_s.1.loss_giou: 0.3772  rpn_s.2.loss_cls: 0.3422  rpn_s.2.loss_bbox: 0.0310  rpn_s.2.loss_giou: 0.3231  rpn_s.3.loss_cls: 0.3008  rpn_s.3.loss_bbox: 0.0293  rpn_s.3.loss_giou: 0.3059  s0.loss_cls: 0.3281  s0.pos_acc: 86.1111  s0.loss_bbox: 0.5616  s0.loss_iou: 1.0058  s1.loss_cls: 0.3252  s1.pos_acc: 88.8889  s1.loss_bbox: 0.6320  s1.loss_iou: 0.9588
2026/03/31 23:00:23 - mmengine - INFO - Epoch(train)  [5][ 3300/10002]  lr: 5.0000e-06  eta: 8:07:37  time: 0.3802  data_time: 0.0031  memory: 7329  grad_norm: 114.2567  loss: 8.0087  rpn_s.0.loss_cls: 0.6008  rpn_s.0.loss_bbox: 0.0968  rpn_s.0.loss_giou: 0.7953  rpn_s.1.loss_cls: 0.4119  rpn_s.1.loss_bbox: 0.0443  rpn_s.1.loss_giou: 0.4167  rpn_s.2.loss_cls: 0.3263  rpn_s.2.loss_bbox: 0.0387  rpn_s.2.loss_giou: 0.3659  rpn_s.3.loss_cls: 0.2940  rpn_s.3.loss_bbox: 0.0357  rpn_s.3.loss_giou: 0.3465  s0.loss_cls: 0.3200  s0.pos_acc: 100.0000  s0.loss_bbox: 0.6684  s0.loss_iou: 1.1458  s1.loss_cls: 0.3082  s1.pos_acc: 100.0000  s1.loss_bbox: 0.6918  s1.loss_iou: 1.1015
2026/03/31 23:00:42 - mmengine - INFO - Epoch(train)  [5][ 3350/10002]  lr: 5.0000e-06  eta: 8:07:18  time: 0.3899  data_time: 0.0031  memory: 7330  grad_norm: 83.5680  loss: 8.2437  rpn_s.0.loss_cls: 0.6122  rpn_s.0.loss_bbox: 0.0999  rpn_s.0.loss_giou: 0.8249  rpn_s.1.loss_cls: 0.4139  rpn_s.1.loss_bbox: 0.0473  rpn_s.1.loss_giou: 0.4433  rpn_s.2.loss_cls: 0.3436  rpn_s.2.loss_bbox: 0.0410  rpn_s.2.loss_giou: 0.3871  rpn_s.3.loss_cls: 0.3017  rpn_s.3.loss_bbox: 0.0372  rpn_s.3.loss_giou: 0.3640  s0.loss_cls: 0.3227  s0.pos_acc: 77.7778  s0.loss_bbox: 0.6008  s0.loss_iou: 1.2396  s1.loss_cls: 0.3218  s1.pos_acc: 77.7778  s1.loss_bbox: 0.6402  s1.loss_iou: 1.2025
2026/03/31 23:01:01 - mmengine - INFO - Epoch(train)  [5][ 3400/10002]  lr: 5.0000e-06  eta: 8:06:59  time: 0.3766  data_time: 0.0031  memory: 7329  grad_norm: 114.1530  loss: 7.5753  rpn_s.0.loss_cls: 0.6020  rpn_s.0.loss_bbox: 0.0892  rpn_s.0.loss_giou: 0.7162  rpn_s.1.loss_cls: 0.4079  rpn_s.1.loss_bbox: 0.0435  rpn_s.1.loss_giou: 0.3841  rpn_s.2.loss_cls: 0.3402  rpn_s.2.loss_bbox: 0.0373  rpn_s.2.loss_giou: 0.3335  rpn_s.3.loss_cls: 0.2970  rpn_s.3.loss_bbox: 0.0336  rpn_s.3.loss_giou: 0.3099  s0.loss_cls: 0.3372  s0.pos_acc: 88.8889  s0.loss_bbox: 0.6194  s0.loss_iou: 1.0181  s1.loss_cls: 0.3358  s1.pos_acc: 88.8889  s1.loss_bbox: 0.6968  s1.loss_iou: 0.9734
2026/03/31 23:01:20 - mmengine - INFO - Epoch(train)  [5][ 3450/10002]  lr: 5.0000e-06  eta: 8:06:39  time: 0.3766  data_time: 0.0032  memory: 7329  grad_norm: 110.2135  loss: 7.4633  rpn_s.0.loss_cls: 0.5705  rpn_s.0.loss_bbox: 0.0869  rpn_s.0.loss_giou: 0.7157  rpn_s.1.loss_cls: 0.3941  rpn_s.1.loss_bbox: 0.0424  rpn_s.1.loss_giou: 0.3845  rpn_s.2.loss_cls: 0.3167  rpn_s.2.loss_bbox: 0.0362  rpn_s.2.loss_giou: 0.3346  rpn_s.3.loss_cls: 0.2761  rpn_s.3.loss_bbox: 0.0342  rpn_s.3.loss_giou: 0.3142  s0.loss_cls: 0.3173  s0.pos_acc: 95.4545  s0.loss_bbox: 0.6289  s0.loss_iou: 1.0381  s1.loss_cls: 0.3095  s1.pos_acc: 100.0000  s1.loss_bbox: 0.6769  s1.loss_iou: 0.9866
2026/03/31 23:01:39 - mmengine - INFO - Epoch(train)  [5][ 3500/10002]  lr: 5.0000e-06  eta: 8:06:20  time: 0.3776  data_time: 0.0031  memory: 7329  grad_norm: 93.7426  loss: 7.5572  rpn_s.0.loss_cls: 0.5963  rpn_s.0.loss_bbox: 0.0912  rpn_s.0.loss_giou: 0.7192  rpn_s.1.loss_cls: 0.3991  rpn_s.1.loss_bbox: 0.0429  rpn_s.1.loss_giou: 0.3973  rpn_s.2.loss_cls: 0.3112  rpn_s.2.loss_bbox: 0.0368  rpn_s.2.loss_giou: 0.3483  rpn_s.3.loss_cls: 0.2747  rpn_s.3.loss_bbox: 0.0344  rpn_s.3.loss_giou: 0.3280  s0.loss_cls: 0.3160  s0.pos_acc: 90.0000  s0.loss_bbox: 0.5729  s0.loss_iou: 1.1000  s1.loss_cls: 0.3133  s1.pos_acc: 95.0000  s1.loss_bbox: 0.6237  s1.loss_iou: 1.0517
2026/03/31 23:01:58 - mmengine - INFO - Epoch(train)  [5][ 3550/10002]  lr: 5.0000e-06  eta: 8:06:01  time: 0.3781  data_time: 0.0032  memory: 7329  grad_norm: 101.2091  loss: 7.7004  rpn_s.0.loss_cls: 0.6193  rpn_s.0.loss_bbox: 0.0994  rpn_s.0.loss_giou: 0.7732  rpn_s.1.loss_cls: 0.4380  rpn_s.1.loss_bbox: 0.0414  rpn_s.1.loss_giou: 0.3850  rpn_s.2.loss_cls: 0.3534  rpn_s.2.loss_bbox: 0.0349  rpn_s.2.loss_giou: 0.3345  rpn_s.3.loss_cls: 0.3101  rpn_s.3.loss_bbox: 0.0322  rpn_s.3.loss_giou: 0.3123  s0.loss_cls: 0.3463  s0.pos_acc: 63.3333  s0.loss_bbox: 0.6230  s0.loss_iou: 1.0174  s1.loss_cls: 0.3294  s1.pos_acc: 62.2222  s1.loss_bbox: 0.6802  s1.loss_iou: 0.9704
2026/03/31 23:02:16 - mmengine - INFO - Epoch(train)  [5][ 3600/10002]  lr: 5.0000e-06  eta: 8:05:41  time: 0.3766  data_time: 0.0032  memory: 7329  grad_norm: 128.3507  loss: 7.3015  rpn_s.0.loss_cls: 0.5733  rpn_s.0.loss_bbox: 0.0954  rpn_s.0.loss_giou: 0.7334  rpn_s.1.loss_cls: 0.3886  rpn_s.1.loss_bbox: 0.0436  rpn_s.1.loss_giou: 0.3781  rpn_s.2.loss_cls: 0.2980  rpn_s.2.loss_bbox: 0.0381  rpn_s.2.loss_giou: 0.3305  rpn_s.3.loss_cls: 0.2630  rpn_s.3.loss_bbox: 0.0349  rpn_s.3.loss_giou: 0.3096  s0.loss_cls: 0.2838  s0.pos_acc: 100.0000  s0.loss_bbox: 0.6026  s0.loss_iou: 1.0286  s1.loss_cls: 0.2855  s1.pos_acc: 100.0000  s1.loss_bbox: 0.6353  s1.loss_iou: 0.9792
2026/03/31 23:02:35 - mmengine - INFO - Epoch(train)  [5][ 3650/10002]  lr: 5.0000e-06  eta: 8:05:22  time: 0.3807  data_time: 0.0032  memory: 7329  grad_norm: 81.4319  loss: 7.9161  rpn_s.0.loss_cls: 0.6381  rpn_s.0.loss_bbox: 0.0949  rpn_s.0.loss_giou: 0.8382  rpn_s.1.loss_cls: 0.4193  rpn_s.1.loss_bbox: 0.0383  rpn_s.1.loss_giou: 0.4111  rpn_s.2.loss_cls: 0.3371  rpn_s.2.loss_bbox: 0.0323  rpn_s.2.loss_giou: 0.3542  rpn_s.3.loss_cls: 0.3006  rpn_s.3.loss_bbox: 0.0295  rpn_s.3.loss_giou: 0.3315  s0.loss_cls: 0.3215  s0.pos_acc: 64.7059  s0.loss_bbox: 0.6174  s0.loss_iou: 1.0799  s1.loss_cls: 0.3234  s1.pos_acc: 67.2794  s1.loss_bbox: 0.7151  s1.loss_iou: 1.0337
2026/03/31 23:02:54 - mmengine - INFO - Epoch(train)  [5][ 3700/10002]  lr: 5.0000e-06  eta: 8:05:02  time: 0.3745  data_time: 0.0032  memory: 7329  grad_norm: 103.5867  loss: 7.7896  rpn_s.0.loss_cls: 0.6091  rpn_s.0.loss_bbox: 0.0951  rpn_s.0.loss_giou: 0.7144  rpn_s.1.loss_cls: 0.4360  rpn_s.1.loss_bbox: 0.0471  rpn_s.1.loss_giou: 0.3902  rpn_s.2.loss_cls: 0.3513  rpn_s.2.loss_bbox: 0.0403  rpn_s.2.loss_giou: 0.3376  rpn_s.3.loss_cls: 0.3133  rpn_s.3.loss_bbox: 0.0370  rpn_s.3.loss_giou: 0.3170  s0.loss_cls: 0.3374  s0.pos_acc: 90.0000  s0.loss_bbox: 0.6633  s0.loss_iou: 1.0873  s1.loss_cls: 0.3272  s1.pos_acc: 100.0000  s1.loss_bbox: 0.6492  s1.loss_iou: 1.0368
2026/03/31 23:03:13 - mmengine - INFO - Epoch(train)  [5][ 3750/10002]  lr: 5.0000e-06  eta: 8:04:43  time: 0.3781  data_time: 0.0032  memory: 7329  grad_norm: 104.8929  loss: 7.1963  rpn_s.0.loss_cls: 0.5812  rpn_s.0.loss_bbox: 0.0915  rpn_s.0.loss_giou: 0.6642  rpn_s.1.loss_cls: 0.3762  rpn_s.1.loss_bbox: 0.0425  rpn_s.1.loss_giou: 0.3574  rpn_s.2.loss_cls: 0.2865  rpn_s.2.loss_bbox: 0.0370  rpn_s.2.loss_giou: 0.3219  rpn_s.3.loss_cls: 0.2505  rpn_s.3.loss_bbox: 0.0348  rpn_s.3.loss_giou: 0.3055  s0.loss_cls: 0.2761  s0.pos_acc: 100.0000  s0.loss_bbox: 0.6837  s0.loss_iou: 0.9600  s1.loss_cls: 0.2778  s1.pos_acc: 100.0000  s1.loss_bbox: 0.7233  s1.loss_iou: 0.9262
2026/03/31 23:03:32 - mmengine - INFO - Epoch(train)  [5][ 3800/10002]  lr: 5.0000e-06  eta: 8:04:24  time: 0.3791  data_time: 0.0032  memory: 7329  grad_norm: 92.2298  loss: 7.8255  rpn_s.0.loss_cls: 0.6280  rpn_s.0.loss_bbox: 0.1036  rpn_s.0.loss_giou: 0.7920  rpn_s.1.loss_cls: 0.4256  rpn_s.1.loss_bbox: 0.0493  rpn_s.1.loss_giou: 0.4083  rpn_s.2.loss_cls: 0.3558  rpn_s.2.loss_bbox: 0.0409  rpn_s.2.loss_giou: 0.3495  rpn_s.3.loss_cls: 0.3062  rpn_s.3.loss_bbox: 0.0360  rpn_s.3.loss_giou: 0.3236  s0.loss_cls: 0.3354  s0.pos_acc: 57.8125  s0.loss_bbox: 0.5854  s0.loss_iou: 1.0804  s1.loss_cls: 0.3122  s1.pos_acc: 60.9375  s1.loss_bbox: 0.6494  s1.loss_iou: 1.0440
2026/03/31 23:03:51 - mmengine - INFO - Epoch(train)  [5][ 3850/10002]  lr: 5.0000e-06  eta: 8:04:04  time: 0.3745  data_time: 0.0032  memory: 7329  grad_norm: 115.9026  loss: 7.1627  rpn_s.0.loss_cls: 0.5551  rpn_s.0.loss_bbox: 0.0918  rpn_s.0.loss_giou: 0.6822  rpn_s.1.loss_cls: 0.3720  rpn_s.1.loss_bbox: 0.0447  rpn_s.1.loss_giou: 0.3733  rpn_s.2.loss_cls: 0.3077  rpn_s.2.loss_bbox: 0.0380  rpn_s.2.loss_giou: 0.3238  rpn_s.3.loss_cls: 0.2620  rpn_s.3.loss_bbox: 0.0358  rpn_s.3.loss_giou: 0.3057  s0.loss_cls: 0.2933  s0.pos_acc: 100.0000  s0.loss_bbox: 0.6006  s0.loss_iou: 0.9958  s1.loss_cls: 0.2764  s1.pos_acc: 100.0000  s1.loss_bbox: 0.6412  s1.loss_iou: 0.9633
2026/03/31 23:04:10 - mmengine - INFO - Epoch(train)  [5][ 3900/10002]  lr: 5.0000e-06  eta: 8:03:45  time: 0.3791  data_time: 0.0032  memory: 7330  grad_norm: 108.1853  loss: 7.8917  rpn_s.0.loss_cls: 0.6092  rpn_s.0.loss_bbox: 0.0969  rpn_s.0.loss_giou: 0.7535  rpn_s.1.loss_cls: 0.4173  rpn_s.1.loss_bbox: 0.0497  rpn_s.1.loss_giou: 0.4095  rpn_s.2.loss_cls: 0.3316  rpn_s.2.loss_bbox: 0.0427  rpn_s.2.loss_giou: 0.3596  rpn_s.3.loss_cls: 0.2945  rpn_s.3.loss_bbox: 0.0387  rpn_s.3.loss_giou: 0.3365  s0.loss_cls: 0.3192  s0.pos_acc: 85.5556  s0.loss_bbox: 0.6494  s0.loss_iou: 1.1103  s1.loss_cls: 0.3085  s1.pos_acc: 85.5556  s1.loss_bbox: 0.6954  s1.loss_iou: 1.0692
2026/03/31 23:04:29 - mmengine - INFO - Epoch(train)  [5][ 3950/10002]  lr: 5.0000e-06  eta: 8:03:26  time: 0.3812  data_time: 0.0033  memory: 7330  grad_norm: 98.2323  loss: 8.5180  rpn_s.0.loss_cls: 0.6411  rpn_s.0.loss_bbox: 0.1027  rpn_s.0.loss_giou: 0.8430  rpn_s.1.loss_cls: 0.4332  rpn_s.1.loss_bbox: 0.0471  rpn_s.1.loss_giou: 0.4536  rpn_s.2.loss_cls: 0.3608  rpn_s.2.loss_bbox: 0.0405  rpn_s.2.loss_giou: 0.3930  rpn_s.3.loss_cls: 0.3320  rpn_s.3.loss_bbox: 0.0373  rpn_s.3.loss_giou: 0.3697  s0.loss_cls: 0.3530  s0.pos_acc: 83.3333  s0.loss_bbox: 0.6716  s0.loss_iou: 1.2064  s1.loss_cls: 0.3491  s1.pos_acc: 100.0000  s1.loss_bbox: 0.7092  s1.loss_iou: 1.1747
2026/03/31 23:04:45 - mmengine - INFO - Exp name: GSDet_r50_b900_h2h4_h2r1_r2r1_2x_fair1m1.0_20260331_165920
2026/03/31 23:04:48 - mmengine - INFO - Epoch(train)  [5][ 4000/10002]  lr: 5.0000e-06  eta: 8:03:07  time: 0.3808  data_time: 0.0033  memory: 7329  grad_norm: 115.3786  loss: 8.1841  rpn_s.0.loss_cls: 0.6364  rpn_s.0.loss_bbox: 0.1091  rpn_s.0.loss_giou: 0.8028  rpn_s.1.loss_cls: 0.4231  rpn_s.1.loss_bbox: 0.0518  rpn_s.1.loss_giou: 0.4120  rpn_s.2.loss_cls: 0.3585  rpn_s.2.loss_bbox: 0.0452  rpn_s.2.loss_giou: 0.3573  rpn_s.3.loss_cls: 0.3174  rpn_s.3.loss_bbox: 0.0422  rpn_s.3.loss_giou: 0.3376  s0.loss_cls: 0.3417  s0.pos_acc: 66.9421  s0.loss_bbox: 0.6444  s0.loss_iou: 1.1403  s1.loss_cls: 0.3561  s1.pos_acc: 67.7686  s1.loss_bbox: 0.7209  s1.loss_iou: 1.0873
2026/03/31 23:05:07 - mmengine - INFO - Epoch(train)  [5][ 4050/10002]  lr: 5.0000e-06  eta: 8:02:48  time: 0.3806  data_time: 0.0032  memory: 7329  grad_norm: 84.0722  loss: 8.1025  rpn_s.0.loss_cls: 0.6005  rpn_s.0.loss_bbox: 0.1007  rpn_s.0.loss_giou: 0.8348  rpn_s.1.loss_cls: 0.4114  rpn_s.1.loss_bbox: 0.0469  rpn_s.1.loss_giou: 0.4311  rpn_s.2.loss_cls: 0.3349  rpn_s.2.loss_bbox: 0.0391  rpn_s.2.loss_giou: 0.3678  rpn_s.3.loss_cls: 0.3005  rpn_s.3.loss_bbox: 0.0356  rpn_s.3.loss_giou: 0.3446  s0.loss_cls: 0.3176  s0.pos_acc: 83.3333  s0.loss_bbox: 0.6387  s0.loss_iou: 1.1778  s1.loss_cls: 0.3118  s1.pos_acc: 86.6667  s1.loss_bbox: 0.6808  s1.loss_iou: 1.1278
2026/03/31 23:05:26 - mmengine - INFO - Epoch(train)  [5][ 4100/10002]  lr: 5.0000e-06  eta: 8:02:28  time: 0.3745  data_time: 0.0032  memory: 7329  grad_norm: 94.5501  loss: 7.4529  rpn_s.0.loss_cls: 0.5805  rpn_s.0.loss_bbox: 0.0933  rpn_s.0.loss_giou: 0.6950  rpn_s.1.loss_cls: 0.3908  rpn_s.1.loss_bbox: 0.0452  rpn_s.1.loss_giou: 0.3811  rpn_s.2.loss_cls: 0.3105  rpn_s.2.loss_bbox: 0.0386  rpn_s.2.loss_giou: 0.3359  rpn_s.3.loss_cls: 0.2741  rpn_s.3.loss_bbox: 0.0360  rpn_s.3.loss_giou: 0.3173  s0.loss_cls: 0.3061  s0.pos_acc: 61.5385  s0.loss_bbox: 0.6336  s0.loss_iou: 1.0382  s1.loss_cls: 0.3048  s1.pos_acc: 61.5385  s1.loss_bbox: 0.6792  s1.loss_iou: 0.9928
2026/03/31 23:05:44 - mmengine - INFO - Epoch(train)  [5][ 4150/10002]  lr: 5.0000e-06  eta: 8:02:08  time: 0.3752  data_time: 0.0033  memory: 7329  grad_norm: 93.2546  loss: 7.7507  rpn_s.0.loss_cls: 0.6118  rpn_s.0.loss_bbox: 0.0972  rpn_s.0.loss_giou: 0.7598  rpn_s.1.loss_cls: 0.4165  rpn_s.1.loss_bbox: 0.0472  rpn_s.1.loss_giou: 0.4041  rpn_s.2.loss_cls: 0.3306  rpn_s.2.loss_bbox: 0.0399  rpn_s.2.loss_giou: 0.3485  rpn_s.3.loss_cls: 0.2849  rpn_s.3.loss_bbox: 0.0376  rpn_s.3.loss_giou: 0.3305  s0.loss_cls: 0.3134  s0.pos_acc: 100.0000  s0.loss_bbox: 0.6252  s0.loss_iou: 1.0711  s1.loss_cls: 0.3055  s1.pos_acc: 100.0000  s1.loss_bbox: 0.6889  s1.loss_iou: 1.0379
2026/03/31 23:06:03 - mmengine - INFO - Epoch(train)  [5][ 4200/10002]  lr: 5.0000e-06  eta: 8:01:49  time: 0.3751  data_time: 0.0032  memory: 7329  grad_norm: 93.4904  loss: 7.7200  rpn_s.0.loss_cls: 0.6111  rpn_s.0.loss_bbox: 0.0925  rpn_s.0.loss_giou: 0.7227  rpn_s.1.loss_cls: 0.4083  rpn_s.1.loss_bbox: 0.0474  rpn_s.1.loss_giou: 0.4028  rpn_s.2.loss_cls: 0.3318  rpn_s.2.loss_bbox: 0.0418  rpn_s.2.loss_giou: 0.3609  rpn_s.3.loss_cls: 0.2976  rpn_s.3.loss_bbox: 0.0383  rpn_s.3.loss_giou: 0.3405  s0.loss_cls: 0.3191  s0.pos_acc: 76.1364  s0.loss_bbox: 0.6041  s0.loss_iou: 1.0807  s1.loss_cls: 0.3260  s1.pos_acc: 77.6515  s1.loss_bbox: 0.6520  s1.loss_iou: 1.0423
2026/03/31 23:06:22 - mmengine - INFO - Epoch(train)  [5][ 4250/10002]  lr: 5.0000e-06  eta: 8:01:29  time: 0.3785  data_time: 0.0032  memory: 7329  grad_norm: 105.9126  loss: 7.4531  rpn_s.0.loss_cls: 0.5934  rpn_s.0.loss_bbox: 0.0907  rpn_s.0.loss_giou: 0.7199  rpn_s.1.loss_cls: 0.3956  rpn_s.1.loss_bbox: 0.0411  rpn_s.1.loss_giou: 0.3773  rpn_s.2.loss_cls: 0.3078  rpn_s.2.loss_bbox: 0.0358  rpn_s.2.loss_giou: 0.3334  rpn_s.3.loss_cls: 0.2656  rpn_s.3.loss_bbox: 0.0332  rpn_s.3.loss_giou: 0.3146  s0.loss_cls: 0.2822  s0.pos_acc: 100.0000  s0.loss_bbox: 0.6576  s0.loss_iou: 1.0514  s1.loss_cls: 0.2702  s1.pos_acc: 100.0000  s1.loss_bbox: 0.6788  s1.loss_iou: 1.0045
2026/03/31 23:06:41 - mmengine - INFO - Epoch(train)  [5][ 4300/10002]  lr: 5.0000e-06  eta: 8:01:10  time: 0.3800  data_time: 0.0032  memory: 7330  grad_norm: 104.0423  loss: 7.7783  rpn_s.0.loss_cls: 0.6147  rpn_s.0.loss_bbox: 0.0941  rpn_s.0.loss_giou: 0.7656  rpn_s.1.loss_cls: 0.4164  rpn_s.1.loss_bbox: 0.0423  rpn_s.1.loss_giou: 0.4016  rpn_s.2.loss_cls: 0.3357  rpn_s.2.loss_bbox: 0.0368  rpn_s.2.loss_giou: 0.3518  rpn_s.3.loss_cls: 0.2926  rpn_s.3.loss_bbox: 0.0339  rpn_s.3.loss_giou: 0.3306  s0.loss_cls: 0.3175  s0.pos_acc: 84.3750  s0.loss_bbox: 0.6166  s0.loss_iou: 1.0890  s1.loss_cls: 0.3037  s1.pos_acc: 87.5000  s1.loss_bbox: 0.6813  s1.loss_iou: 1.0542
2026/03/31 23:07:00 - mmengine - INFO - Epoch(train)  [5][ 4350/10002]  lr: 5.0000e-06  eta: 8:00:50  time: 0.3729  data_time: 0.0032  memory: 7329  grad_norm: 98.9420  loss: 7.3403  rpn_s.0.loss_cls: 0.5805  rpn_s.0.loss_bbox: 0.0916  rpn_s.0.loss_giou: 0.6623  rpn_s.1.loss_cls: 0.4034  rpn_s.1.loss_bbox: 0.0483  rpn_s.1.loss_giou: 0.3699  rpn_s.2.loss_cls: 0.3190  rpn_s.2.loss_bbox: 0.0414  rpn_s.2.loss_giou: 0.3272  rpn_s.3.loss_cls: 0.2795  rpn_s.3.loss_bbox: 0.0375  rpn_s.3.loss_giou: 0.3033  s0.loss_cls: 0.3073  s0.pos_acc: 80.0000  s0.loss_bbox: 0.6516  s0.loss_iou: 0.9847  s1.loss_cls: 0.3083  s1.pos_acc: 80.0000  s1.loss_bbox: 0.6900  s1.loss_iou: 0.9343
2026/03/31 23:07:19 - mmengine - INFO - Epoch(train)  [5][ 4400/10002]  lr: 5.0000e-06  eta: 8:00:31  time: 0.3795  data_time: 0.0032  memory: 7329  grad_norm: 99.9110  loss: 7.5217  rpn_s.0.loss_cls: 0.5557  rpn_s.0.loss_bbox: 0.0960  rpn_s.0.loss_giou: 0.7251  rpn_s.1.loss_cls: 0.3690  rpn_s.1.loss_bbox: 0.0460  rpn_s.1.loss_giou: 0.3800  rpn_s.2.loss_cls: 0.2878  rpn_s.2.loss_bbox: 0.0406  rpn_s.2.loss_giou: 0.3384  rpn_s.3.loss_cls: 0.2448  rpn_s.3.loss_bbox: 0.0380  rpn_s.3.loss_giou: 0.3153  s0.loss_cls: 0.2741  s0.pos_acc: 80.4688  s0.loss_bbox: 0.7065  s0.loss_iou: 1.0780  s1.loss_cls: 0.2738  s1.pos_acc: 80.4688  s1.loss_bbox: 0.7254  s1.loss_iou: 1.0273
2026/03/31 23:07:38 - mmengine - INFO - Epoch(train)  [5][ 4450/10002]  lr: 5.0000e-06  eta: 8:00:12  time: 0.3816  data_time: 0.0032  memory: 7329  grad_norm: 90.9805  loss: 8.4985  rpn_s.0.loss_cls: 0.6485  rpn_s.0.loss_bbox: 0.1002  rpn_s.0.loss_giou: 0.8348  rpn_s.1.loss_cls: 0.4276  rpn_s.1.loss_bbox: 0.0462  rpn_s.1.loss_giou: 0.4335  rpn_s.2.loss_cls: 0.3412  rpn_s.2.loss_bbox: 0.0399  rpn_s.2.loss_giou: 0.3798  rpn_s.3.loss_cls: 0.3091  rpn_s.3.loss_bbox: 0.0386  rpn_s.3.loss_giou: 0.3579  s0.loss_cls: 0.3456  s0.pos_acc: 100.0000  s0.loss_bbox: 0.6835  s0.loss_iou: 1.2376  s1.loss_cls: 0.3596  s1.pos_acc: 87.5000  s1.loss_bbox: 0.7265  s1.loss_iou: 1.1884
2026/03/31 23:07:56 - mmengine - INFO - Epoch(train)  [5][ 4500/10002]  lr: 5.0000e-06  eta: 7:59:53  time: 0.3754  data_time: 0.0032  memory: 7329  grad_norm: 102.8911  loss: 7.5712  rpn_s.0.loss_cls: 0.6258  rpn_s.0.loss_bbox: 0.1009  rpn_s.0.loss_giou: 0.7276  rpn_s.1.loss_cls: 0.4165  rpn_s.1.loss_bbox: 0.0469  rpn_s.1.loss_giou: 0.3806  rpn_s.2.loss_cls: 0.3290  rpn_s.2.loss_bbox: 0.0413  rpn_s.2.loss_giou: 0.3351  rpn_s.3.loss_cls: 0.2892  rpn_s.3.loss_bbox: 0.0396  rpn_s.3.loss_giou: 0.3136  s0.loss_cls: 0.3294  s0.pos_acc: 63.5294  s0.loss_bbox: 0.6158  s0.loss_iou: 1.0256  s1.loss_cls: 0.3164  s1.pos_acc: 61.1765  s1.loss_bbox: 0.6546  s1.loss_iou: 0.9833
2026/03/31 23:08:16 - mmengine - INFO - Epoch(train)  [5][ 4550/10002]  lr: 5.0000e-06  eta: 7:59:34  time: 0.3820  data_time: 0.0032  memory: 7329  grad_norm: 100.8141  loss: 7.5602  rpn_s.0.loss_cls: 0.6007  rpn_s.0.loss_bbox: 0.0948  rpn_s.0.loss_giou: 0.7609  rpn_s.1.loss_cls: 0.3911  rpn_s.1.loss_bbox: 0.0423  rpn_s.1.loss_giou: 0.3911  rpn_s.2.loss_cls: 0.3089  rpn_s.2.loss_bbox: 0.0364  rpn_s.2.loss_giou: 0.3405  rpn_s.3.loss_cls: 0.2763  rpn_s.3.loss_bbox: 0.0335  rpn_s.3.loss_giou: 0.3192  s0.loss_cls: 0.3088  s0.pos_acc: 84.3284  s0.loss_bbox: 0.6197  s0.loss_iou: 1.0430  s1.loss_cls: 0.3096  s1.pos_acc: 82.8358  s1.loss_bbox: 0.6879  s1.loss_iou: 0.9955
2026/03/31 23:08:35 - mmengine - INFO - Epoch(train)  [5][ 4600/10002]  lr: 5.0000e-06  eta: 7:59:14  time: 0.3798  data_time: 0.0032  memory: 7329  grad_norm: 89.3996  loss: 7.7431  rpn_s.0.loss_cls: 0.6077  rpn_s.0.loss_bbox: 0.0980  rpn_s.0.loss_giou: 0.7811  rpn_s.1.loss_cls: 0.4058  rpn_s.1.loss_bbox: 0.0416  rpn_s.1.loss_giou: 0.3941  rpn_s.2.loss_cls: 0.3171  rpn_s.2.loss_bbox: 0.0360  rpn_s.2.loss_giou: 0.3444  rpn_s.3.loss_cls: 0.2780  rpn_s.3.loss_bbox: 0.0332  rpn_s.3.loss_giou: 0.3265  s0.loss_cls: 0.3099  s0.pos_acc: 83.3333  s0.loss_bbox: 0.6566  s0.loss_iou: 1.0670  s1.loss_cls: 0.3053  s1.pos_acc: 87.5000  s1.loss_bbox: 0.7019  s1.loss_iou: 1.0390
2026/03/31 23:08:54 - mmengine - INFO - Epoch(train)  [5][ 4650/10002]  lr: 5.0000e-06  eta: 7:58:55  time: 0.3810  data_time: 0.0032  memory: 7329  grad_norm: 97.0595  loss: 7.8032  rpn_s.0.loss_cls: 0.5780  rpn_s.0.loss_bbox: 0.1016  rpn_s.0.loss_giou: 0.7169  rpn_s.1.loss_cls: 0.4133  rpn_s.1.loss_bbox: 0.0492  rpn_s.1.loss_giou: 0.3905  rpn_s.2.loss_cls: 0.3299  rpn_s.2.loss_bbox: 0.0437  rpn_s.2.loss_giou: 0.3516  rpn_s.3.loss_cls: 0.2982  rpn_s.3.loss_bbox: 0.0400  rpn_s.3.loss_giou: 0.3251  s0.loss_cls: 0.3248  s0.pos_acc: 69.4444  s0.loss_bbox: 0.6961  s0.loss_iou: 1.0572  s1.loss_cls: 0.3324  s1.pos_acc: 77.7778  s1.loss_bbox: 0.7279  s1.loss_iou: 1.0268
2026/03/31 23:09:13 - mmengine - INFO - Epoch(train)  [5][ 4700/10002]  lr: 5.0000e-06  eta: 7:58:36  time: 0.3785  data_time: 0.0032  memory: 7329  grad_norm: 80.8455  loss: 7.9983  rpn_s.0.loss_cls: 0.6393  rpn_s.0.loss_bbox: 0.0909  rpn_s.0.loss_giou: 0.7939  rpn_s.1.loss_cls: 0.4287  rpn_s.1.loss_bbox: 0.0396  rpn_s.1.loss_giou: 0.4116  rpn_s.2.loss_cls: 0.3484  rpn_s.2.loss_bbox: 0.0347  rpn_s.2.loss_giou: 0.3645  rpn_s.3.loss_cls: 0.3034  rpn_s.3.loss_bbox: 0.0319  rpn_s.3.loss_giou: 0.3408  s0.loss_cls: 0.3438  s0.pos_acc: 92.8571  s0.loss_bbox: 0.6346  s0.loss_iou: 1.1162  s1.loss_cls: 0.3318  s1.pos_acc: 92.8571  s1.loss_bbox: 0.6822  s1.loss_iou: 1.0620
2026/03/31 23:09:32 - mmengine - INFO - Epoch(train)  [5][ 4750/10002]  lr: 5.0000e-06  eta: 7:58:17  time: 0.3788  data_time: 0.0033  memory: 7330  grad_norm: 97.4946  loss: 7.7125  rpn_s.0.loss_cls: 0.6186  rpn_s.0.loss_bbox: 0.0949  rpn_s.0.loss_giou: 0.7322  rpn_s.1.loss_cls: 0.4189  rpn_s.1.loss_bbox: 0.0428  rpn_s.1.loss_giou: 0.3830  rpn_s.2.loss_cls: 0.3352  rpn_s.2.loss_bbox: 0.0379  rpn_s.2.loss_giou: 0.3414  rpn_s.3.loss_cls: 0.2961  rpn_s.3.loss_bbox: 0.0352  rpn_s.3.loss_giou: 0.3229  s0.loss_cls: 0.3301  s0.pos_acc: 72.2222  s0.loss_bbox: 0.6627  s0.loss_iou: 1.0295  s1.loss_cls: 0.3201  s1.pos_acc: 79.1667  s1.loss_bbox: 0.7225  s1.loss_iou: 0.9882
2026/03/31 23:09:51 - mmengine - INFO - Epoch(train)  [5][ 4800/10002]  lr: 5.0000e-06  eta: 7:57:58  time: 0.3808  data_time: 0.0033  memory: 7329  grad_norm: 100.4620  loss: 7.7683  rpn_s.0.loss_cls: 0.6021  rpn_s.0.loss_bbox: 0.0909  rpn_s.0.loss_giou: 0.7637  rpn_s.1.loss_cls: 0.4018  rpn_s.1.loss_bbox: 0.0412  rpn_s.1.loss_giou: 0.4037  rpn_s.2.loss_cls: 0.3267  rpn_s.2.loss_bbox: 0.0364  rpn_s.2.loss_giou: 0.3610  rpn_s.3.loss_cls: 0.2921  rpn_s.3.loss_bbox: 0.0338  rpn_s.3.loss_giou: 0.3413  s0.loss_cls: 0.3225  s0.pos_acc: 69.0476  s0.loss_bbox: 0.5825  s0.loss_iou: 1.1290  s1.loss_cls: 0.3039  s1.pos_acc: 80.9524  s1.loss_bbox: 0.6445  s1.loss_iou: 1.0912
2026/03/31 23:10:09 - mmengine - INFO - Epoch(train)  [5][ 4850/10002]  lr: 5.0000e-06  eta: 7:57:38  time: 0.3776  data_time: 0.0032  memory: 7329  grad_norm: 86.5341  loss: 8.3662  rpn_s.0.loss_cls: 0.6280  rpn_s.0.loss_bbox: 0.0895  rpn_s.0.loss_giou: 0.8296  rpn_s.1.loss_cls: 0.4313  rpn_s.1.loss_bbox: 0.0396  rpn_s.1.loss_giou: 0.4407  rpn_s.2.loss_cls: 0.3470  rpn_s.2.loss_bbox: 0.0330  rpn_s.2.loss_giou: 0.3844  rpn_s.3.loss_cls: 0.3084  rpn_s.3.loss_bbox: 0.0306  rpn_s.3.loss_giou: 0.3664  s0.loss_cls: 0.3513  s0.pos_acc: 75.0000  s0.loss_bbox: 0.6605  s0.loss_iou: 1.1777  s1.loss_cls: 0.3474  s1.pos_acc: 75.0000  s1.loss_bbox: 0.7583  s1.loss_iou: 1.1426
2026/03/31 23:10:28 - mmengine - INFO - Epoch(train)  [5][ 4900/10002]  lr: 5.0000e-06  eta: 7:57:19  time: 0.3757  data_time: 0.0033  memory: 7329  grad_norm: 111.2370  loss: 7.5752  rpn_s.0.loss_cls: 0.6271  rpn_s.0.loss_bbox: 0.0924  rpn_s.0.loss_giou: 0.7215  rpn_s.1.loss_cls: 0.4306  rpn_s.1.loss_bbox: 0.0434  rpn_s.1.loss_giou: 0.3768  rpn_s.2.loss_cls: 0.3443  rpn_s.2.loss_bbox: 0.0373  rpn_s.2.loss_giou: 0.3355  rpn_s.3.loss_cls: 0.3000  rpn_s.3.loss_bbox: 0.0340  rpn_s.3.loss_giou: 0.3132  s0.loss_cls: 0.3342  s0.pos_acc: 68.1818  s0.loss_bbox: 0.6139  s0.loss_iou: 1.0113  s1.loss_cls: 0.3114  s1.pos_acc: 75.0000  s1.loss_bbox: 0.6747  s1.loss_iou: 0.9735
2026/03/31 23:10:47 - mmengine - INFO - Epoch(train)  [5][ 4950/10002]  lr: 5.0000e-06  eta: 7:57:00  time: 0.3843  data_time: 0.0032  memory: 7330  grad_norm: 88.2105  loss: 8.2009  rpn_s.0.loss_cls: 0.6377  rpn_s.0.loss_bbox: 0.1034  rpn_s.0.loss_giou: 0.7808  rpn_s.1.loss_cls: 0.4525  rpn_s.1.loss_bbox: 0.0500  rpn_s.1.loss_giou: 0.4165  rpn_s.2.loss_cls: 0.3678  rpn_s.2.loss_bbox: 0.0421  rpn_s.2.loss_giou: 0.3614  rpn_s.3.loss_cls: 0.3359  rpn_s.3.loss_bbox: 0.0392  rpn_s.3.loss_giou: 0.3389  s0.loss_cls: 0.3614  s0.pos_acc: 81.5789  s0.loss_bbox: 0.6585  s0.loss_iou: 1.1297  s1.loss_cls: 0.3650  s1.pos_acc: 86.8421  s1.loss_bbox: 0.7005  s1.loss_iou: 1.0596
2026/03/31 23:11:04 - mmengine - INFO - Exp name: GSDet_r50_b900_h2h4_h2r1_r2r1_2x_fair1m1.0_20260331_165920
2026/03/31 23:11:07 - mmengine - INFO - Epoch(train)  [5][ 5000/10002]  lr: 5.0000e-06  eta: 7:56:41  time: 0.3842  data_time: 0.0032  memory: 7329  grad_norm: 91.8571  loss: 7.7079  rpn_s.0.loss_cls: 0.6006  rpn_s.0.loss_bbox: 0.1018  rpn_s.0.loss_giou: 0.7498  rpn_s.1.loss_cls: 0.4011  rpn_s.1.loss_bbox: 0.0462  rpn_s.1.loss_giou: 0.3932  rpn_s.2.loss_cls: 0.3306  rpn_s.2.loss_bbox: 0.0390  rpn_s.2.loss_giou: 0.3384  rpn_s.3.loss_cls: 0.2903  rpn_s.3.loss_bbox: 0.0363  rpn_s.3.loss_giou: 0.3228  s0.loss_cls: 0.3124  s0.pos_acc: 100.0000  s0.loss_bbox: 0.5994  s0.loss_iou: 1.1004  s1.loss_cls: 0.3069  s1.pos_acc: 100.0000  s1.loss_bbox: 0.6792  s1.loss_iou: 1.0594
2026/03/31 23:11:26 - mmengine - INFO - Epoch(train)  [5][ 5050/10002]  lr: 5.0000e-06  eta: 7:56:22  time: 0.3785  data_time: 0.0033  memory: 7329  grad_norm: 91.7515  loss: 7.8339  rpn_s.0.loss_cls: 0.6279  rpn_s.0.loss_bbox: 0.0947  rpn_s.0.loss_giou: 0.7574  rpn_s.1.loss_cls: 0.4201  rpn_s.1.loss_bbox: 0.0419  rpn_s.1.loss_giou: 0.3999  rpn_s.2.loss_cls: 0.3368  rpn_s.2.loss_bbox: 0.0364  rpn_s.2.loss_giou: 0.3529  rpn_s.3.loss_cls: 0.2985  rpn_s.3.loss_bbox: 0.0332  rpn_s.3.loss_giou: 0.3342  s0.loss_cls: 0.3394  s0.pos_acc: 100.0000  s0.loss_bbox: 0.6047  s0.loss_iou: 1.1103  s1.loss_cls: 0.3382  s1.pos_acc: 100.0000  s1.loss_bbox: 0.6528  s1.loss_iou: 1.0547
2026/03/31 23:11:45 - mmengine - INFO - Epoch(train)  [5][ 5100/10002]  lr: 5.0000e-06  eta: 7:56:03  time: 0.3793  data_time: 0.0033  memory: 7329  grad_norm: 90.1125  loss: 7.6680  rpn_s.0.loss_cls: 0.5946  rpn_s.0.loss_bbox: 0.0954  rpn_s.0.loss_giou: 0.7625  rpn_s.1.loss_cls: 0.3943  rpn_s.1.loss_bbox: 0.0443  rpn_s.1.loss_giou: 0.3911  rpn_s.2.loss_cls: 0.3147  rpn_s.2.loss_bbox: 0.0387  rpn_s.2.loss_giou: 0.3461  rpn_s.3.loss_cls: 0.2732  rpn_s.3.loss_bbox: 0.0364  rpn_s.3.loss_giou: 0.3307  s0.loss_cls: 0.3169  s0.pos_acc: 79.7357  s0.loss_bbox: 0.6242  s0.loss_iou: 1.0816  s1.loss_cls: 0.3184  s1.pos_acc: 77.9736  s1.loss_bbox: 0.6629  s1.loss_iou: 1.0420
2026/03/31 23:12:04 - mmengine - INFO - Epoch(train)  [5][ 5150/10002]  lr: 5.0000e-06  eta: 7:55:43  time: 0.3791  data_time: 0.0033  memory: 7329  grad_norm: 109.1499  loss: 7.5415  rpn_s.0.loss_cls: 0.6058  rpn_s.0.loss_bbox: 0.0914  rpn_s.0.loss_giou: 0.6922  rpn_s.1.loss_cls: 0.4126  rpn_s.1.loss_bbox: 0.0458  rpn_s.1.loss_giou: 0.3863  rpn_s.2.loss_cls: 0.3277  rpn_s.2.loss_bbox: 0.0402  rpn_s.2.loss_giou: 0.3467  rpn_s.3.loss_cls: 0.2770  rpn_s.3.loss_bbox: 0.0370  rpn_s.3.loss_giou: 0.3290  s0.loss_cls: 0.3257  s0.pos_acc: 82.5000  s0.loss_bbox: 0.5626  s0.loss_iou: 1.0908  s1.loss_cls: 0.3191  s1.pos_acc: 85.0000  s1.loss_bbox: 0.6021  s1.loss_iou: 1.0496
2026/03/31 23:12:23 - mmengine - INFO - Epoch(train)  [5][ 5200/10002]  lr: 5.0000e-06  eta: 7:55:24  time: 0.3818  data_time: 0.0032  memory: 7329  grad_norm: 89.9574  loss: 7.7858  rpn_s.0.loss_cls: 0.5929  rpn_s.0.loss_bbox: 0.1020  rpn_s.0.loss_giou: 0.7782  rpn_s.1.loss_cls: 0.4058  rpn_s.1.loss_bbox: 0.0467  rpn_s.1.loss_giou: 0.4107  rpn_s.2.loss_cls: 0.3278  rpn_s.2.loss_bbox: 0.0400  rpn_s.2.loss_giou: 0.3591  rpn_s.3.loss_cls: 0.2856  rpn_s.3.loss_bbox: 0.0375  rpn_s.3.loss_giou: 0.3405  s0.loss_cls: 0.3201  s0.pos_acc: 74.3902  s0.loss_bbox: 0.5895  s0.loss_iou: 1.1298  s1.loss_cls: 0.3097  s1.pos_acc: 78.0488  s1.loss_bbox: 0.6384  s1.loss_iou: 1.0716
2026/03/31 23:12:42 - mmengine - INFO - Epoch(train)  [5][ 5250/10002]  lr: 5.0000e-06  eta: 7:55:06  time: 0.3865  data_time: 0.0033  memory: 7330  grad_norm: 103.7905  loss: 8.0527  rpn_s.0.loss_cls: 0.5941  rpn_s.0.loss_bbox: 0.0976  rpn_s.0.loss_giou: 0.7972  rpn_s.1.loss_cls: 0.3955  rpn_s.1.loss_bbox: 0.0458  rpn_s.1.loss_giou: 0.4132  rpn_s.2.loss_cls: 0.3164  rpn_s.2.loss_bbox: 0.0402  rpn_s.2.loss_giou: 0.3666  rpn_s.3.loss_cls: 0.2827  rpn_s.3.loss_bbox: 0.0381  rpn_s.3.loss_giou: 0.3449  s0.loss_cls: 0.2981  s0.pos_acc: 63.4615  s0.loss_bbox: 0.7224  s0.loss_iou: 1.1374  s1.loss_cls: 0.3091  s1.pos_acc: 59.6154  s1.loss_bbox: 0.7651  s1.loss_iou: 1.0884
2026/03/31 23:13:01 - mmengine - INFO - Epoch(train)  [5][ 5300/10002]  lr: 5.0000e-06  eta: 7:54:47  time: 0.3827  data_time: 0.0032  memory: 7329  grad_norm: 107.2238  loss: 8.3024  rpn_s.0.loss_cls: 0.6481  rpn_s.0.loss_bbox: 0.1090  rpn_s.0.loss_giou: 0.8389  rpn_s.1.loss_cls: 0.4457  rpn_s.1.loss_bbox: 0.0485  rpn_s.1.loss_giou: 0.4295  rpn_s.2.loss_cls: 0.3595  rpn_s.2.loss_bbox: 0.0415  rpn_s.2.loss_giou: 0.3784  rpn_s.3.loss_cls: 0.3161  rpn_s.3.loss_bbox: 0.0381  rpn_s.3.loss_giou: 0.3586  s0.loss_cls: 0.3479  s0.pos_acc: 82.5000  s0.loss_bbox: 0.6070  s0.loss_iou: 1.1840  s1.loss_cls: 0.3389  s1.pos_acc: 92.5000  s1.loss_bbox: 0.6662  s1.loss_iou: 1.1464
2026/03/31 23:13:20 - mmengine - INFO - Epoch(train)  [5][ 5350/10002]  lr: 5.0000e-06  eta: 7:54:27  time: 0.3768  data_time: 0.0033  memory: 7329  grad_norm: 95.1174  loss: 7.8345  rpn_s.0.loss_cls: 0.6283  rpn_s.0.loss_bbox: 0.0952  rpn_s.0.loss_giou: 0.7573  rpn_s.1.loss_cls: 0.4234  rpn_s.1.loss_bbox: 0.0437  rpn_s.1.loss_giou: 0.4089  rpn_s.2.loss_cls: 0.3354  rpn_s.2.loss_bbox: 0.0379  rpn_s.2.loss_giou: 0.3600  rpn_s.3.loss_cls: 0.2906  rpn_s.3.loss_bbox: 0.0353  rpn_s.3.loss_giou: 0.3372  s0.loss_cls: 0.3239  s0.pos_acc: 82.3529  s0.loss_bbox: 0.5985  s0.loss_iou: 1.0873  s1.loss_cls: 0.3195  s1.pos_acc: 82.3529  s1.loss_bbox: 0.7007  s1.loss_iou: 1.0512
2026/03/31 23:13:39 - mmengine - INFO - Epoch(train)  [5][ 5400/10002]  lr: 5.0000e-06  eta: 7:54:08  time: 0.3820  data_time: 0.0032  memory: 7329  grad_norm: 94.3278  loss: 7.5355  rpn_s.0.loss_cls: 0.5903  rpn_s.0.loss_bbox: 0.0987  rpn_s.0.loss_giou: 0.7453  rpn_s.1.loss_cls: 0.3899  rpn_s.1.loss_bbox: 0.0462  rpn_s.1.loss_giou: 0.3878  rpn_s.2.loss_cls: 0.3066  rpn_s.2.loss_bbox: 0.0399  rpn_s.2.loss_giou: 0.3393  rpn_s.3.loss_cls: 0.2631  rpn_s.3.loss_bbox: 0.0371  rpn_s.3.loss_giou: 0.3200  s0.loss_cls: 0.2972  s0.pos_acc: 100.0000  s0.loss_bbox: 0.6072  s0.loss_iou: 1.0831  s1.loss_cls: 0.2918  s1.pos_acc: 100.0000  s1.loss_bbox: 0.6466  s1.loss_iou: 1.0454
2026/03/31 23:13:58 - mmengine - INFO - Epoch(train)  [5][ 5450/10002]  lr: 5.0000e-06  eta: 7:53:49  time: 0.3800  data_time: 0.0031  memory: 7329  grad_norm: 80.1615  loss: 7.9399  rpn_s.0.loss_cls: 0.6184  rpn_s.0.loss_bbox: 0.0995  rpn_s.0.loss_giou: 0.7585  rpn_s.1.loss_cls: 0.4162  rpn_s.1.loss_bbox: 0.0475  rpn_s.1.loss_giou: 0.4043  rpn_s.2.loss_cls: 0.3291  rpn_s.2.loss_bbox: 0.0410  rpn_s.2.loss_giou: 0.3616  rpn_s.3.loss_cls: 0.2842  rpn_s.3.loss_bbox: 0.0372  rpn_s.3.loss_giou: 0.3380  s0.loss_cls: 0.3090  s0.pos_acc: 75.0000  s0.loss_bbox: 0.6469  s0.loss_iou: 1.1441  s1.loss_cls: 0.2964  s1.pos_acc: 80.0000  s1.loss_bbox: 0.7046  s1.loss_iou: 1.1033
2026/03/31 23:14:17 - mmengine - INFO - Epoch(train)  [5][ 5500/10002]  lr: 5.0000e-06  eta: 7:53:30  time: 0.3747  data_time: 0.0032  memory: 7329  grad_norm: 106.6241  loss: 7.6652  rpn_s.0.loss_cls: 0.5992  rpn_s.0.loss_bbox: 0.0913  rpn_s.0.loss_giou: 0.7057  rpn_s.1.loss_cls: 0.4241  rpn_s.1.loss_bbox: 0.0441  rpn_s.1.loss_giou: 0.3837  rpn_s.2.loss_cls: 0.3412  rpn_s.2.loss_bbox: 0.0385  rpn_s.2.loss_giou: 0.3378  rpn_s.3.loss_cls: 0.3046  rpn_s.3.loss_bbox: 0.0358  rpn_s.3.loss_giou: 0.3204  s0.loss_cls: 0.3232  s0.pos_acc: 88.8889  s0.loss_bbox: 0.6191  s0.loss_iou: 1.0616  s1.loss_cls: 0.3350  s1.pos_acc: 83.3333  s1.loss_bbox: 0.6710  s1.loss_iou: 1.0287
2026/03/31 23:14:36 - mmengine - INFO - Epoch(train)  [5][ 5550/10002]  lr: 5.0000e-06  eta: 7:53:11  time: 0.3880  data_time: 0.0032  memory: 7330  grad_norm: 106.4843  loss: 7.5207  rpn_s.0.loss_cls: 0.5594  rpn_s.0.loss_bbox: 0.0991  rpn_s.0.loss_giou: 0.7386  rpn_s.1.loss_cls: 0.3840  rpn_s.1.loss_bbox: 0.0466  rpn_s.1.loss_giou: 0.4003  rpn_s.2.loss_cls: 0.2996  rpn_s.2.loss_bbox: 0.0399  rpn_s.2.loss_giou: 0.3499  rpn_s.3.loss_cls: 0.2573  rpn_s.3.loss_bbox: 0.0365  rpn_s.3.loss_giou: 0.3282  s0.loss_cls: 0.2827  s0.pos_acc: 100.0000  s0.loss_bbox: 0.6445  s0.loss_iou: 1.0487  s1.loss_cls: 0.2646  s1.pos_acc: 83.3333  s1.loss_bbox: 0.7259  s1.loss_iou: 1.0149
2026/03/31 23:14:55 - mmengine - INFO - Epoch(train)  [5][ 5600/10002]  lr: 5.0000e-06  eta: 7:52:52  time: 0.3758  data_time: 0.0032  memory: 7329  grad_norm: 94.7292  loss: 7.5657  rpn_s.0.loss_cls: 0.6050  rpn_s.0.loss_bbox: 0.0941  rpn_s.0.loss_giou: 0.7301  rpn_s.1.loss_cls: 0.4047  rpn_s.1.loss_bbox: 0.0431  rpn_s.1.loss_giou: 0.3891  rpn_s.2.loss_cls: 0.3247  rpn_s.2.loss_bbox: 0.0365  rpn_s.2.loss_giou: 0.3387  rpn_s.3.loss_cls: 0.2873  rpn_s.3.loss_bbox: 0.0347  rpn_s.3.loss_giou: 0.3233  s0.loss_cls: 0.3279  s0.pos_acc: 93.7500  s0.loss_bbox: 0.6262  s0.loss_iou: 1.0316  s1.loss_cls: 0.3345  s1.pos_acc: 87.5000  s1.loss_bbox: 0.6493  s1.loss_iou: 0.9849
2026/03/31 23:15:14 - mmengine - INFO - Epoch(train)  [5][ 5650/10002]  lr: 5.0000e-06  eta: 7:52:33  time: 0.3820  data_time: 0.0032  memory: 7329  grad_norm: 89.6555  loss: 7.4554  rpn_s.0.loss_cls: 0.5770  rpn_s.0.loss_bbox: 0.1007  rpn_s.0.loss_giou: 0.7308  rpn_s.1.loss_cls: 0.3776  rpn_s.1.loss_bbox: 0.0482  rpn_s.1.loss_giou: 0.3846  rpn_s.2.loss_cls: 0.2931  rpn_s.2.loss_bbox: 0.0416  rpn_s.2.loss_giou: 0.3383  rpn_s.3.loss_cls: 0.2556  rpn_s.3.loss_bbox: 0.0380  rpn_s.3.loss_giou: 0.3166  s0.loss_cls: 0.2765  s0.pos_acc: 70.3125  s0.loss_bbox: 0.6567  s0.loss_iou: 1.0413  s1.loss_cls: 0.2733  s1.pos_acc: 79.6875  s1.loss_bbox: 0.7155  s1.loss_iou: 0.9899
2026/03/31 23:15:33 - mmengine - INFO - Epoch(train)  [5][ 5700/10002]  lr: 5.0000e-06  eta: 7:52:14  time: 0.3868  data_time: 0.0032  memory: 7330  grad_norm: 94.1351  loss: 7.4843  rpn_s.0.loss_cls: 0.6040  rpn_s.0.loss_bbox: 0.0953  rpn_s.0.loss_giou: 0.7366  rpn_s.1.loss_cls: 0.4101  rpn_s.1.loss_bbox: 0.0424  rpn_s.1.loss_giou: 0.3762  rpn_s.2.loss_cls: 0.3219  rpn_s.2.loss_bbox: 0.0368  rpn_s.2.loss_giou: 0.3301  rpn_s.3.loss_cls: 0.2718  rpn_s.3.loss_bbox: 0.0337  rpn_s.3.loss_giou: 0.3081  s0.loss_cls: 0.3052  s0.pos_acc: 76.1905  s0.loss_bbox: 0.5809  s0.loss_iou: 1.0600  s1.loss_cls: 0.2947  s1.pos_acc: 76.1905  s1.loss_bbox: 0.6614  s1.loss_iou: 1.0152
2026/03/31 23:15:52 - mmengine - INFO - Epoch(train)  [5][ 5750/10002]  lr: 5.0000e-06  eta: 7:51:55  time: 0.3793  data_time: 0.0032  memory: 7329  grad_norm: 111.9769  loss: 7.4490  rpn_s.0.loss_cls: 0.6002  rpn_s.0.loss_bbox: 0.0911  rpn_s.0.loss_giou: 0.6946  rpn_s.1.loss_cls: 0.4086  rpn_s.1.loss_bbox: 0.0433  rpn_s.1.loss_giou: 0.3727  rpn_s.2.loss_cls: 0.3233  rpn_s.2.loss_bbox: 0.0384  rpn_s.2.loss_giou: 0.3288  rpn_s.3.loss_cls: 0.2834  rpn_s.3.loss_bbox: 0.0353  rpn_s.3.loss_giou: 0.3072  s0.loss_cls: 0.3174  s0.pos_acc: 72.2222  s0.loss_bbox: 0.6439  s0.loss_iou: 1.0099  s1.loss_cls: 0.3158  s1.pos_acc: 75.0000  s1.loss_bbox: 0.6672  s1.loss_iou: 0.9677
2026/03/31 23:16:12 - mmengine - INFO - Epoch(train)  [5][ 5800/10002]  lr: 5.0000e-06  eta: 7:51:36  time: 0.3889  data_time: 0.0032  memory: 7329  grad_norm: 105.7753  loss: 7.8297  rpn_s.0.loss_cls: 0.5915  rpn_s.0.loss_bbox: 0.1027  rpn_s.0.loss_giou: 0.7519  rpn_s.1.loss_cls: 0.4002  rpn_s.1.loss_bbox: 0.0502  rpn_s.1.loss_giou: 0.4067  rpn_s.2.loss_cls: 0.3114  rpn_s.2.loss_bbox: 0.0441  rpn_s.2.loss_giou: 0.3599  rpn_s.3.loss_cls: 0.2823  rpn_s.3.loss_bbox: 0.0406  rpn_s.3.loss_giou: 0.3399  s0.loss_cls: 0.3165  s0.pos_acc: 100.0000  s0.loss_bbox: 0.6178  s0.loss_iou: 1.1574  s1.loss_cls: 0.3024  s1.pos_acc: 100.0000  s1.loss_bbox: 0.6252  s1.loss_iou: 1.1289
2026/03/31 23:16:31 - mmengine - INFO - Epoch(train)  [5][ 5850/10002]  lr: 5.0000e-06  eta: 7:51:17  time: 0.3788  data_time: 0.0032  memory: 7329  grad_norm: 95.6022  loss: 8.4857  rpn_s.0.loss_cls: 0.6470  rpn_s.0.loss_bbox: 0.0990  rpn_s.0.loss_giou: 0.8607  rpn_s.1.loss_cls: 0.4284  rpn_s.1.loss_bbox: 0.0422  rpn_s.1.loss_giou: 0.4395  rpn_s.2.loss_cls: 0.3532  rpn_s.2.loss_bbox: 0.0362  rpn_s.2.loss_giou: 0.3829  rpn_s.3.loss_cls: 0.3169  rpn_s.3.loss_bbox: 0.0335  rpn_s.3.loss_giou: 0.3619  s0.loss_cls: 0.3532  s0.pos_acc: 100.0000  s0.loss_bbox: 0.6652  s0.loss_iou: 1.2101  s1.loss_cls: 0.3540  s1.pos_acc: 100.0000  s1.loss_bbox: 0.7374  s1.loss_iou: 1.1646
2026/03/31 23:16:50 - mmengine - INFO - Epoch(train)  [5][ 5900/10002]  lr: 5.0000e-06  eta: 7:50:58  time: 0.3815  data_time: 0.0032  memory: 7329  grad_norm: 93.7702  loss: 8.0560  rpn_s.0.loss_cls: 0.6013  rpn_s.0.loss_bbox: 0.1008  rpn_s.0.loss_giou: 0.7988  rpn_s.1.loss_cls: 0.4063  rpn_s.1.loss_bbox: 0.0478  rpn_s.1.loss_giou: 0.4199  rpn_s.2.loss_cls: 0.3272  rpn_s.2.loss_bbox: 0.0432  rpn_s.2.loss_giou: 0.3717  rpn_s.3.loss_cls: 0.2906  rpn_s.3.loss_bbox: 0.0397  rpn_s.3.loss_giou: 0.3470  s0.loss_cls: 0.3255  s0.pos_acc: 100.0000  s0.loss_bbox: 0.6542  s0.loss_iou: 1.1480  s1.loss_cls: 0.3134  s1.pos_acc: 100.0000  s1.loss_bbox: 0.7127  s1.loss_iou: 1.1078
2026/03/31 23:17:09 - mmengine - INFO - Epoch(train)  [5][ 5950/10002]  lr: 5.0000e-06  eta: 7:50:40  time: 0.3889  data_time: 0.0032  memory: 7330  grad_norm: 127.1820  loss: 6.9942  rpn_s.0.loss_cls: 0.5536  rpn_s.0.loss_bbox: 0.0834  rpn_s.0.loss_giou: 0.6339  rpn_s.1.loss_cls: 0.3838  rpn_s.1.loss_bbox: 0.0443  rpn_s.1.loss_giou: 0.3512  rpn_s.2.loss_cls: 0.2936  rpn_s.2.loss_bbox: 0.0399  rpn_s.2.loss_giou: 0.3154  rpn_s.3.loss_cls: 0.2631  rpn_s.3.loss_bbox: 0.0373  rpn_s.3.loss_giou: 0.2992  s0.loss_cls: 0.2725  s0.pos_acc: 92.8571  s0.loss_bbox: 0.5868  s0.loss_iou: 0.9780  s1.loss_cls: 0.2804  s1.pos_acc: 100.0000  s1.loss_bbox: 0.6330  s1.loss_iou: 0.9448
2026/03/31 23:17:25 - mmengine - INFO - Exp name: GSDet_r50_b900_h2h4_h2r1_r2r1_2x_fair1m1.0_20260331_165920
2026/03/31 23:17:28 - mmengine - INFO - Epoch(train)  [5][ 6000/10002]  lr: 5.0000e-06  eta: 7:50:20  time: 0.3800  data_time: 0.0032  memory: 7329  grad_norm: 90.6261  loss: 7.4928  rpn_s.0.loss_cls: 0.5589  rpn_s.0.loss_bbox: 0.0920  rpn_s.0.loss_giou: 0.7292  rpn_s.1.loss_cls: 0.3966  rpn_s.1.loss_bbox: 0.0422  rpn_s.1.loss_giou: 0.3797  rpn_s.2.loss_cls: 0.3149  rpn_s.2.loss_bbox: 0.0374  rpn_s.2.loss_giou: 0.3389  rpn_s.3.loss_cls: 0.2737  rpn_s.3.loss_bbox: 0.0335  rpn_s.3.loss_giou: 0.3187  s0.loss_cls: 0.3030  s0.pos_acc: 100.0000  s0.loss_bbox: 0.5956  s0.loss_iou: 1.0889  s1.loss_cls: 0.2862  s1.pos_acc: 100.0000  s1.loss_bbox: 0.6527  s1.loss_iou: 1.0508
2026/03/31 23:17:48 - mmengine - INFO - Epoch(train)  [5][ 6050/10002]  lr: 5.0000e-06  eta: 7:50:02  time: 0.3844  data_time: 0.0032  memory: 7330  grad_norm: 94.0911  loss: 7.8561  rpn_s.0.loss_cls: 0.6303  rpn_s.0.loss_bbox: 0.0992  rpn_s.0.loss_giou: 0.7883  rpn_s.1.loss_cls: 0.4206  rpn_s.1.loss_bbox: 0.0424  rpn_s.1.loss_giou: 0.3925  rpn_s.2.loss_cls: 0.3529  rpn_s.2.loss_bbox: 0.0356  rpn_s.2.loss_giou: 0.3435  rpn_s.3.loss_cls: 0.3112  rpn_s.3.loss_bbox: 0.0337  rpn_s.3.loss_giou: 0.3238  s0.loss_cls: 0.3474  s0.pos_acc: 58.3333  s0.loss_bbox: 0.6174  s0.loss_iou: 1.0659  s1.loss_cls: 0.3280  s1.pos_acc: 61.4583  s1.loss_bbox: 0.7024  s1.loss_iou: 1.0211
2026/03/31 23:18:07 - mmengine - INFO - Epoch(train)  [5][ 6100/10002]  lr: 5.0000e-06  eta: 7:49:42  time: 0.3798  data_time: 0.0032  memory: 7329  grad_norm: 89.0059  loss: 7.6138  rpn_s.0.loss_cls: 0.5844  rpn_s.0.loss_bbox: 0.1013  rpn_s.0.loss_giou: 0.7398  rpn_s.1.loss_cls: 0.3923  rpn_s.1.loss_bbox: 0.0516  rpn_s.1.loss_giou: 0.3966  rpn_s.2.loss_cls: 0.3115  rpn_s.2.loss_bbox: 0.0438  rpn_s.2.loss_giou: 0.3485  rpn_s.3.loss_cls: 0.2788  rpn_s.3.loss_bbox: 0.0414  rpn_s.3.loss_giou: 0.3284  s0.loss_cls: 0.3009  s0.pos_acc: 71.6216  s0.loss_bbox: 0.6253  s0.loss_iou: 1.0805  s1.loss_cls: 0.2977  s1.pos_acc: 77.7027  s1.loss_bbox: 0.6587  s1.loss_iou: 1.0322
2026/03/31 23:18:26 - mmengine - INFO - Epoch(train)  [5][ 6150/10002]  lr: 5.0000e-06  eta: 7:49:23  time: 0.3824  data_time: 0.0032  memory: 7329  grad_norm: 93.8663  loss: 7.6921  rpn_s.0.loss_cls: 0.5756  rpn_s.0.loss_bbox: 0.0983  rpn_s.0.loss_giou: 0.7607  rpn_s.1.loss_cls: 0.3777  rpn_s.1.loss_bbox: 0.0460  rpn_s.1.loss_giou: 0.4007  rpn_s.2.loss_cls: 0.2991  rpn_s.2.loss_bbox: 0.0402  rpn_s.2.loss_giou: 0.3492  rpn_s.3.loss_cls: 0.2621  rpn_s.3.loss_bbox: 0.0368  rpn_s.3.loss_giou: 0.3277  s0.loss_cls: 0.2932  s0.pos_acc: 79.1667  s0.loss_bbox: 0.6392  s0.loss_iou: 1.1316  s1.loss_cls: 0.2925  s1.pos_acc: 85.4167  s1.loss_bbox: 0.6821  s1.loss_iou: 1.0794
2026/03/31 23:18:45 - mmengine - INFO - Epoch(train)  [5][ 6200/10002]  lr: 5.0000e-06  eta: 7:49:04  time: 0.3830  data_time: 0.0032  memory: 7329  grad_norm: 82.3647  loss: 8.0004  rpn_s.0.loss_cls: 0.6061  rpn_s.0.loss_bbox: 0.0968  rpn_s.0.loss_giou: 0.8265  rpn_s.1.loss_cls: 0.4064  rpn_s.1.loss_bbox: 0.0424  rpn_s.1.loss_giou: 0.4163  rpn_s.2.loss_cls: 0.3241  rpn_s.2.loss_bbox: 0.0356  rpn_s.2.loss_giou: 0.3551  rpn_s.3.loss_cls: 0.2858  rpn_s.3.loss_bbox: 0.0327  rpn_s.3.loss_giou: 0.3346  s0.loss_cls: 0.3149  s0.pos_acc: 75.2809  s0.loss_bbox: 0.6584  s0.loss_iou: 1.1363  s1.loss_cls: 0.3048  s1.pos_acc: 75.8427  s1.loss_bbox: 0.7262  s1.loss_iou: 1.0972
2026/03/31 23:19:04 - mmengine - INFO - Epoch(train)  [5][ 6250/10002]  lr: 5.0000e-06  eta: 7:48:46  time: 0.3831  data_time: 0.0032  memory: 7329  grad_norm: 94.1559  loss: 7.6266  rpn_s.0.loss_cls: 0.6135  rpn_s.0.loss_bbox: 0.0861  rpn_s.0.loss_giou: 0.7502  rpn_s.1.loss_cls: 0.4207  rpn_s.1.loss_bbox: 0.0398  rpn_s.1.loss_giou: 0.3968  rpn_s.2.loss_cls: 0.3428  rpn_s.2.loss_bbox: 0.0344  rpn_s.2.loss_giou: 0.3467  rpn_s.3.loss_cls: 0.2999  rpn_s.3.loss_bbox: 0.0315  rpn_s.3.loss_giou: 0.3243  s0.loss_cls: 0.3269  s0.pos_acc: 100.0000  s0.loss_bbox: 0.5671  s0.loss_iou: 1.0873  s1.loss_cls: 0.3295  s1.pos_acc: 100.0000  s1.loss_bbox: 0.5819  s1.loss_iou: 1.0472
2026/03/31 23:19:23 - mmengine - INFO - Epoch(train)  [5][ 6300/10002]  lr: 5.0000e-06  eta: 7:48:26  time: 0.3804  data_time: 0.0032  memory: 7329  grad_norm: 88.3179  loss: 7.1010  rpn_s.0.loss_cls: 0.5677  rpn_s.0.loss_bbox: 0.0979  rpn_s.0.loss_giou: 0.6797  rpn_s.1.loss_cls: 0.3723  rpn_s.1.loss_bbox: 0.0470  rpn_s.1.loss_giou: 0.3538  rpn_s.2.loss_cls: 0.2888  rpn_s.2.loss_bbox: 0.0409  rpn_s.2.loss_giou: 0.3103  rpn_s.3.loss_cls: 0.2523  rpn_s.3.loss_bbox: 0.0377  rpn_s.3.loss_giou: 0.2899  s0.loss_cls: 0.2728  s0.pos_acc: 76.2040  s0.loss_bbox: 0.6676  s0.loss_iou: 0.9536  s1.loss_cls: 0.2616  s1.pos_acc: 77.1955  s1.loss_bbox: 0.6953  s1.loss_iou: 0.9118
2026/03/31 23:19:42 - mmengine - INFO - Epoch(train)  [5][ 6350/10002]  lr: 5.0000e-06  eta: 7:48:07  time: 0.3797  data_time: 0.0031  memory: 7329  grad_norm: 98.1770  loss: 7.1629  rpn_s.0.loss_cls: 0.5688  rpn_s.0.loss_bbox: 0.0919  rpn_s.0.loss_giou: 0.6528  rpn_s.1.loss_cls: 0.3862  rpn_s.1.loss_bbox: 0.0458  rpn_s.1.loss_giou: 0.3557  rpn_s.2.loss_cls: 0.3074  rpn_s.2.loss_bbox: 0.0404  rpn_s.2.loss_giou: 0.3159  rpn_s.3.loss_cls: 0.2648  rpn_s.3.loss_bbox: 0.0381  rpn_s.3.loss_giou: 0.2990  s0.loss_cls: 0.2832  s0.pos_acc: 91.6667  s0.loss_bbox: 0.6307  s0.loss_iou: 0.9798  s1.loss_cls: 0.2777  s1.pos_acc: 91.6667  s1.loss_bbox: 0.6863  s1.loss_iou: 0.9387
2026/03/31 23:20:01 - mmengine - INFO - Epoch(train)  [5][ 6400/10002]  lr: 5.0000e-06  eta: 7:47:48  time: 0.3781  data_time: 0.0031  memory: 7329  grad_norm: 103.7277  loss: 7.4101  rpn_s.0.loss_cls: 0.5828  rpn_s.0.loss_bbox: 0.0922  rpn_s.0.loss_giou: 0.7421  rpn_s.1.loss_cls: 0.4058  rpn_s.1.loss_bbox: 0.0414  rpn_s.1.loss_giou: 0.3811  rpn_s.2.loss_cls: 0.3164  rpn_s.2.loss_bbox: 0.0363  rpn_s.2.loss_giou: 0.3354  rpn_s.3.loss_cls: 0.2815  rpn_s.3.loss_bbox: 0.0330  rpn_s.3.loss_giou: 0.3127  s0.loss_cls: 0.2948  s0.pos_acc: 78.1250  s0.loss_bbox: 0.5731  s0.loss_iou: 1.0592  s1.loss_cls: 0.2858  s1.pos_acc: 75.0000  s1.loss_bbox: 0.6181  s1.loss_iou: 1.0184
2026/03/31 23:20:20 - mmengine - INFO - Epoch(train)  [5][ 6450/10002]  lr: 5.0000e-06  eta: 7:47:29  time: 0.3791  data_time: 0.0031  memory: 7329  grad_norm: 102.0756  loss: 7.9633  rpn_s.0.loss_cls: 0.5871  rpn_s.0.loss_bbox: 0.1042  rpn_s.0.loss_giou: 0.7833  rpn_s.1.loss_cls: 0.4072  rpn_s.1.loss_bbox: 0.0499  rpn_s.1.loss_giou: 0.4161  rpn_s.2.loss_cls: 0.3359  rpn_s.2.loss_bbox: 0.0433  rpn_s.2.loss_giou: 0.3667  rpn_s.3.loss_cls: 0.2966  rpn_s.3.loss_bbox: 0.0401  rpn_s.3.loss_giou: 0.3449  s0.loss_cls: 0.3374  s0.pos_acc: 75.2941  s0.loss_bbox: 0.6367  s0.loss_iou: 1.1186  s1.loss_cls: 0.3275  s1.pos_acc: 73.5294  s1.loss_bbox: 0.6931  s1.loss_iou: 1.0748
2026/03/31 23:20:39 - mmengine - INFO - Epoch(train)  [5][ 6500/10002]  lr: 5.0000e-06  eta: 7:47:09  time: 0.3794  data_time: 0.0031  memory: 7329  grad_norm: 103.9154  loss: 7.3452  rpn_s.0.loss_cls: 0.5938  rpn_s.0.loss_bbox: 0.0944  rpn_s.0.loss_giou: 0.7140  rpn_s.1.loss_cls: 0.4116  rpn_s.1.loss_bbox: 0.0454  rpn_s.1.loss_giou: 0.3704  rpn_s.2.loss_cls: 0.3290  rpn_s.2.loss_bbox: 0.0387  rpn_s.2.loss_giou: 0.3272  rpn_s.3.loss_cls: 0.2962  rpn_s.3.loss_bbox: 0.0338  rpn_s.3.loss_giou: 0.3084  s0.loss_cls: 0.3152  s0.pos_acc: 93.3333  s0.loss_bbox: 0.5749  s0.loss_iou: 1.0046  s1.loss_cls: 0.3183  s1.pos_acc: 93.3333  s1.loss_bbox: 0.6246  s1.loss_iou: 0.9447
2026/03/31 23:20:58 - mmengine - INFO - Epoch(train)  [5][ 6550/10002]  lr: 5.0000e-06  eta: 7:46:50  time: 0.3794  data_time: 0.0031  memory: 7329  grad_norm: 95.2470  loss: 7.7329  rpn_s.0.loss_cls: 0.6204  rpn_s.0.loss_bbox: 0.0899  rpn_s.0.loss_giou: 0.7767  rpn_s.1.loss_cls: 0.4313  rpn_s.1.loss_bbox: 0.0403  rpn_s.1.loss_giou: 0.3953  rpn_s.2.loss_cls: 0.3378  rpn_s.2.loss_bbox: 0.0352  rpn_s.2.loss_giou: 0.3518  rpn_s.3.loss_cls: 0.3046  rpn_s.3.loss_bbox: 0.0323  rpn_s.3.loss_giou: 0.3293  s0.loss_cls: 0.3194  s0.pos_acc: 68.7500  s0.loss_bbox: 0.5945  s0.loss_iou: 1.0684  s1.loss_cls: 0.3087  s1.pos_acc: 75.0000  s1.loss_bbox: 0.6522  s1.loss_iou: 1.0448
2026/03/31 23:21:17 - mmengine - INFO - Epoch(train)  [5][ 6600/10002]  lr: 5.0000e-06  eta: 7:46:31  time: 0.3837  data_time: 0.0031  memory: 7330  grad_norm: 132.4422  loss: 7.7142  rpn_s.0.loss_cls: 0.5829  rpn_s.0.loss_bbox: 0.0954  rpn_s.0.loss_giou: 0.7587  rpn_s.1.loss_cls: 0.4019  rpn_s.1.loss_bbox: 0.0446  rpn_s.1.loss_giou: 0.3863  rpn_s.2.loss_cls: 0.3163  rpn_s.2.loss_bbox: 0.0386  rpn_s.2.loss_giou: 0.3412  rpn_s.3.loss_cls: 0.2751  rpn_s.3.loss_bbox: 0.0357  rpn_s.3.loss_giou: 0.3204  s0.loss_cls: 0.3027  s0.pos_acc: 76.2376  s0.loss_bbox: 0.6596  s0.loss_iou: 1.0812  s1.loss_cls: 0.2960  s1.pos_acc: 76.2376  s1.loss_bbox: 0.7339  s1.loss_iou: 1.0437
2026/03/31 23:21:37 - mmengine - INFO - Epoch(train)  [5][ 6650/10002]  lr: 5.0000e-06  eta: 7:46:13  time: 0.3913  data_time: 0.0031  memory: 7330  grad_norm: 93.2371  loss: 7.8992  rpn_s.0.loss_cls: 0.6260  rpn_s.0.loss_bbox: 0.1029  rpn_s.0.loss_giou: 0.8085  rpn_s.1.loss_cls: 0.4156  rpn_s.1.loss_bbox: 0.0469  rpn_s.1.loss_giou: 0.4138  rpn_s.2.loss_cls: 0.3260  rpn_s.2.loss_bbox: 0.0399  rpn_s.2.loss_giou: 0.3642  rpn_s.3.loss_cls: 0.2842  rpn_s.3.loss_bbox: 0.0369  rpn_s.3.loss_giou: 0.3447  s0.loss_cls: 0.3182  s0.pos_acc: 66.6667  s0.loss_bbox: 0.5985  s0.loss_iou: 1.1339  s1.loss_cls: 0.3089  s1.pos_acc: 73.1884  s1.loss_bbox: 0.6577  s1.loss_iou: 1.0724
2026/03/31 23:21:55 - mmengine - INFO - Epoch(train)  [5][ 6700/10002]  lr: 5.0000e-06  eta: 7:45:54  time: 0.3791  data_time: 0.0031  memory: 7329  grad_norm: 82.3621  loss: 7.6924  rpn_s.0.loss_cls: 0.6241  rpn_s.0.loss_bbox: 0.0906  rpn_s.0.loss_giou: 0.8169  rpn_s.1.loss_cls: 0.4180  rpn_s.1.loss_bbox: 0.0373  rpn_s.1.loss_giou: 0.3924  rpn_s.2.loss_cls: 0.3349  rpn_s.2.loss_bbox: 0.0321  rpn_s.2.loss_giou: 0.3393  rpn_s.3.loss_cls: 0.2963  rpn_s.3.loss_bbox: 0.0289  rpn_s.3.loss_giou: 0.3202  s0.loss_cls: 0.3148  s0.pos_acc: 61.1842  s0.loss_bbox: 0.5701  s0.loss_iou: 1.0741  s1.loss_cls: 0.3039  s1.pos_acc: 65.1316  s1.loss_bbox: 0.6675  s1.loss_iou: 1.0311
2026/03/31 23:22:15 - mmengine - INFO - Epoch(train)  [5][ 6750/10002]  lr: 5.0000e-06  eta: 7:45:35  time: 0.3823  data_time: 0.0031  memory: 7329  grad_norm: 99.7972  loss: 7.8768  rpn_s.0.loss_cls: 0.6026  rpn_s.0.loss_bbox: 0.0968  rpn_s.0.loss_giou: 0.8014  rpn_s.1.loss_cls: 0.4121  rpn_s.1.loss_bbox: 0.0435  rpn_s.1.loss_giou: 0.4029  rpn_s.2.loss_cls: 0.3340  rpn_s.2.loss_bbox: 0.0367  rpn_s.2.loss_giou: 0.3483  rpn_s.3.loss_cls: 0.2916  rpn_s.3.loss_bbox: 0.0340  rpn_s.3.loss_giou: 0.3291  s0.loss_cls: 0.3088  s0.pos_acc: 75.0000  s0.loss_bbox: 0.6854  s0.loss_iou: 1.0813  s1.loss_cls: 0.3042  s1.pos_acc: 79.3478  s1.loss_bbox: 0.7214  s1.loss_iou: 1.0427
2026/03/31 23:22:34 - mmengine - INFO - Epoch(train)  [5][ 6800/10002]  lr: 5.0000e-06  eta: 7:45:16  time: 0.3826  data_time: 0.0031  memory: 7329  grad_norm: 97.5084  loss: 7.9902  rpn_s.0.loss_cls: 0.6192  rpn_s.0.loss_bbox: 0.0930  rpn_s.0.loss_giou: 0.7787  rpn_s.1.loss_cls: 0.4085  rpn_s.1.loss_bbox: 0.0416  rpn_s.1.loss_giou: 0.4014  rpn_s.2.loss_cls: 0.3235  rpn_s.2.loss_bbox: 0.0359  rpn_s.2.loss_giou: 0.3536  rpn_s.3.loss_cls: 0.2896  rpn_s.3.loss_bbox: 0.0333  rpn_s.3.loss_giou: 0.3351  s0.loss_cls: 0.3230  s0.pos_acc: 75.4098  s0.loss_bbox: 0.6608  s0.loss_iou: 1.1324  s1.loss_cls: 0.3156  s1.pos_acc: 72.9508  s1.loss_bbox: 0.7537  s1.loss_iou: 1.0915
2026/03/31 23:22:53 - mmengine - INFO - Epoch(train)  [5][ 6850/10002]  lr: 5.0000e-06  eta: 7:44:57  time: 0.3876  data_time: 0.0031  memory: 7329  grad_norm: 88.0424  loss: 8.0611  rpn_s.0.loss_cls: 0.6327  rpn_s.0.loss_bbox: 0.0932  rpn_s.0.loss_giou: 0.7870  rpn_s.1.loss_cls: 0.4287  rpn_s.1.loss_bbox: 0.0419  rpn_s.1.loss_giou: 0.4158  rpn_s.2.loss_cls: 0.3387  rpn_s.2.loss_bbox: 0.0353  rpn_s.2.loss_giou: 0.3664  rpn_s.3.loss_cls: 0.2992  rpn_s.3.loss_bbox: 0.0322  rpn_s.3.loss_giou: 0.3420  s0.loss_cls: 0.3269  s0.pos_acc: 50.0000  s0.loss_bbox: 0.6725  s0.loss_iou: 1.1217  s1.loss_cls: 0.3228  s1.pos_acc: 54.1667  s1.loss_bbox: 0.7237  s1.loss_iou: 1.0803
2026/03/31 23:23:12 - mmengine - INFO - Epoch(train)  [5][ 6900/10002]  lr: 5.0000e-06  eta: 7:44:39  time: 0.3846  data_time: 0.0031  memory: 7329  grad_norm: 81.0275  loss: 8.1395  rpn_s.0.loss_cls: 0.6212  rpn_s.0.loss_bbox: 0.0941  rpn_s.0.loss_giou: 0.8531  rpn_s.1.loss_cls: 0.4216  rpn_s.1.loss_bbox: 0.0408  rpn_s.1.loss_giou: 0.4357  rpn_s.2.loss_cls: 0.3380  rpn_s.2.loss_bbox: 0.0345  rpn_s.2.loss_giou: 0.3808  rpn_s.3.loss_cls: 0.2969  rpn_s.3.loss_bbox: 0.0321  rpn_s.3.loss_giou: 0.3599  s0.loss_cls: 0.3444  s0.pos_acc: 71.2121  s0.loss_bbox: 0.5801  s0.loss_iou: 1.1678  s1.loss_cls: 0.3487  s1.pos_acc: 71.2121  s1.loss_bbox: 0.6621  s1.loss_iou: 1.1276
2026/03/31 23:23:31 - mmengine - INFO - Epoch(train)  [5][ 6950/10002]  lr: 5.0000e-06  eta: 7:44:19  time: 0.3783  data_time: 0.0031  memory: 7329  grad_norm: 107.2815  loss: 7.7525  rpn_s.0.loss_cls: 0.6129  rpn_s.0.loss_bbox: 0.0903  rpn_s.0.loss_giou: 0.7366  rpn_s.1.loss_cls: 0.4279  rpn_s.1.loss_bbox: 0.0433  rpn_s.1.loss_giou: 0.3933  rpn_s.2.loss_cls: 0.3443  rpn_s.2.loss_bbox: 0.0380  rpn_s.2.loss_giou: 0.3452  rpn_s.3.loss_cls: 0.3178  rpn_s.3.loss_bbox: 0.0351  rpn_s.3.loss_giou: 0.3208  s0.loss_cls: 0.3435  s0.pos_acc: 76.7442  s0.loss_bbox: 0.5978  s0.loss_iou: 1.0901  s1.loss_cls: 0.3431  s1.pos_acc: 84.8837  s1.loss_bbox: 0.6310  s1.loss_iou: 1.0415
2026/03/31 23:23:47 - mmengine - INFO - Exp name: GSDet_r50_b900_h2h4_h2r1_r2r1_2x_fair1m1.0_20260331_165920
2026/03/31 23:23:50 - mmengine - INFO - Epoch(train)  [5][ 7000/10002]  lr: 5.0000e-06  eta: 7:44:00  time: 0.3825  data_time: 0.0031  memory: 7329  grad_norm: 92.4276  loss: 8.1752  rpn_s.0.loss_cls: 0.6568  rpn_s.0.loss_bbox: 0.1032  rpn_s.0.loss_giou: 0.8673  rpn_s.1.loss_cls: 0.4342  rpn_s.1.loss_bbox: 0.0436  rpn_s.1.loss_giou: 0.4220  rpn_s.2.loss_cls: 0.3445  rpn_s.2.loss_bbox: 0.0376  rpn_s.2.loss_giou: 0.3666  rpn_s.3.loss_cls: 0.3097  rpn_s.3.loss_bbox: 0.0347  rpn_s.3.loss_giou: 0.3487  s0.loss_cls: 0.3401  s0.pos_acc: 74.0132  s0.loss_bbox: 0.5849  s0.loss_iou: 1.1456  s1.loss_cls: 0.3396  s1.pos_acc: 72.0395  s1.loss_bbox: 0.6885  s1.loss_iou: 1.1076
2026/03/31 23:24:10 - mmengine - INFO - Epoch(train)  [5][ 7050/10002]  lr: 5.0000e-06  eta: 7:43:42  time: 0.3873  data_time: 0.0031  memory: 7330  grad_norm: 92.1691  loss: 7.8449  rpn_s.0.loss_cls: 0.6144  rpn_s.0.loss_bbox: 0.0950  rpn_s.0.loss_giou: 0.7584  rpn_s.1.loss_cls: 0.4121  rpn_s.1.loss_bbox: 0.0442  rpn_s.1.loss_giou: 0.3962  rpn_s.2.loss_cls: 0.3352  rpn_s.2.loss_bbox: 0.0387  rpn_s.2.loss_giou: 0.3493  rpn_s.3.loss_cls: 0.3033  rpn_s.3.loss_bbox: 0.0340  rpn_s.3.loss_giou: 0.3247  s0.loss_cls: 0.3400  s0.pos_acc: 67.1429  s0.loss_bbox: 0.6372  s0.loss_iou: 1.0807  s1.loss_cls: 0.3305  s1.pos_acc: 71.4286  s1.loss_bbox: 0.7170  s1.loss_iou: 1.0341
2026/03/31 23:24:29 - mmengine - INFO - Epoch(train)  [5][ 7100/10002]  lr: 5.0000e-06  eta: 7:43:23  time: 0.3832  data_time: 0.0031  memory: 7329  grad_norm: 82.2601  loss: 8.0906  rpn_s.0.loss_cls: 0.6176  rpn_s.0.loss_bbox: 0.1084  rpn_s.0.loss_giou: 0.8425  rpn_s.1.loss_cls: 0.4069  rpn_s.1.loss_bbox: 0.0462  rpn_s.1.loss_giou: 0.4318  rpn_s.2.loss_cls: 0.3268  rpn_s.2.loss_bbox: 0.0390  rpn_s.2.loss_giou: 0.3744  rpn_s.3.loss_cls: 0.2890  rpn_s.3.loss_bbox: 0.0356  rpn_s.3.loss_giou: 0.3530  s0.loss_cls: 0.3191  s0.pos_acc: 94.4444  s0.loss_bbox: 0.6348  s0.loss_iou: 1.1593  s1.loss_cls: 0.3108  s1.pos_acc: 88.8889  s1.loss_bbox: 0.6869  s1.loss_iou: 1.1083
2026/03/31 23:24:48 - mmengine - INFO - Epoch(train)  [5][ 7150/10002]  lr: 5.0000e-06  eta: 7:43:04  time: 0.3838  data_time: 0.0031  memory: 7329  grad_norm: 104.3770  loss: 7.9337  rpn_s.0.loss_cls: 0.6103  rpn_s.0.loss_bbox: 0.1007  rpn_s.0.loss_giou: 0.7222  rpn_s.1.loss_cls: 0.4070  rpn_s.1.loss_bbox: 0.0498  rpn_s.1.loss_giou: 0.3887  rpn_s.2.loss_cls: 0.3285  rpn_s.2.loss_bbox: 0.0440  rpn_s.2.loss_giou: 0.3456  rpn_s.3.loss_cls: 0.2986  rpn_s.3.loss_bbox: 0.0411  rpn_s.3.loss_giou: 0.3238  s0.loss_cls: 0.3175  s0.pos_acc: 76.1364  s0.loss_bbox: 0.7315  s0.loss_iou: 1.0916  s1.loss_cls: 0.2947  s1.pos_acc: 79.5455  s1.loss_bbox: 0.7843  s1.loss_iou: 1.0537
2026/03/31 23:25:07 - mmengine - INFO - Epoch(train)  [5][ 7200/10002]  lr: 5.0000e-06  eta: 7:42:45  time: 0.3808  data_time: 0.0031  memory: 7330  grad_norm: 87.8788  loss: 7.3430  rpn_s.0.loss_cls: 0.5841  rpn_s.0.loss_bbox: 0.0890  rpn_s.0.loss_giou: 0.7352  rpn_s.1.loss_cls: 0.3993  rpn_s.1.loss_bbox: 0.0412  rpn_s.1.loss_giou: 0.3737  rpn_s.2.loss_cls: 0.3192  rpn_s.2.loss_bbox: 0.0352  rpn_s.2.loss_giou: 0.3226  rpn_s.3.loss_cls: 0.2859  rpn_s.3.loss_bbox: 0.0323  rpn_s.3.loss_giou: 0.3062  s0.loss_cls: 0.2998  s0.pos_acc: 100.0000  s0.loss_bbox: 0.6198  s0.loss_iou: 0.9890  s1.loss_cls: 0.2890  s1.pos_acc: 100.0000  s1.loss_bbox: 0.6675  s1.loss_iou: 0.9540
2026/03/31 23:25:26 - mmengine - INFO - Epoch(train)  [5][ 7250/10002]  lr: 5.0000e-06  eta: 7:42:26  time: 0.3815  data_time: 0.0031  memory: 7329  grad_norm: 99.4566  loss: 8.0299  rpn_s.0.loss_cls: 0.6037  rpn_s.0.loss_bbox: 0.0965  rpn_s.0.loss_giou: 0.8092  rpn_s.1.loss_cls: 0.4011  rpn_s.1.loss_bbox: 0.0442  rpn_s.1.loss_giou: 0.4222  rpn_s.2.loss_cls: 0.3177  rpn_s.2.loss_bbox: 0.0372  rpn_s.2.loss_giou: 0.3695  rpn_s.3.loss_cls: 0.2763  rpn_s.3.loss_bbox: 0.0341  rpn_s.3.loss_giou: 0.3466  s0.loss_cls: 0.3193  s0.pos_acc: 75.1761  s0.loss_bbox: 0.6441  s0.loss_iou: 1.1859  s1.loss_cls: 0.2956  s1.pos_acc: 76.9366  s1.loss_bbox: 0.6954  s1.loss_iou: 1.1311
2026/03/31 23:25:45 - mmengine - INFO - Epoch(train)  [5][ 7300/10002]  lr: 5.0000e-06  eta: 7:42:07  time: 0.3851  data_time: 0.0031  memory: 7329  grad_norm: 89.7359  loss: 8.0109  rpn_s.0.loss_cls: 0.5843  rpn_s.0.loss_bbox: 0.1019  rpn_s.0.loss_giou: 0.8078  rpn_s.1.loss_cls: 0.3975  rpn_s.1.loss_bbox: 0.0467  rpn_s.1.loss_giou: 0.4204  rpn_s.2.loss_cls: 0.3119  rpn_s.2.loss_bbox: 0.0413  rpn_s.2.loss_giou: 0.3674  rpn_s.3.loss_cls: 0.2818  rpn_s.3.loss_bbox: 0.0370  rpn_s.3.loss_giou: 0.3457  s0.loss_cls: 0.3166  s0.pos_acc: 67.8571  s0.loss_bbox: 0.6352  s0.loss_iou: 1.1838  s1.loss_cls: 0.3036  s1.pos_acc: 78.5714  s1.loss_bbox: 0.6849  s1.loss_iou: 1.1429
2026/03/31 23:26:05 - mmengine - INFO - Epoch(train)  [5][ 7350/10002]  lr: 5.0000e-06  eta: 7:41:48  time: 0.3831  data_time: 0.0031  memory: 7329  grad_norm: 136.0018  loss: 7.7338  rpn_s.0.loss_cls: 0.5823  rpn_s.0.loss_bbox: 0.0979  rpn_s.0.loss_giou: 0.7458  rpn_s.1.loss_cls: 0.3951  rpn_s.1.loss_bbox: 0.0448  rpn_s.1.loss_giou: 0.4009  rpn_s.2.loss_cls: 0.3050  rpn_s.2.loss_bbox: 0.0392  rpn_s.2.loss_giou: 0.3542  rpn_s.3.loss_cls: 0.2681  rpn_s.3.loss_bbox: 0.0366  rpn_s.3.loss_giou: 0.3336  s0.loss_cls: 0.3081  s0.pos_acc: 100.0000  s0.loss_bbox: 0.6534  s0.loss_iou: 1.0921  s1.loss_cls: 0.3040  s1.pos_acc: 100.0000  s1.loss_bbox: 0.7199  s1.loss_iou: 1.0528
2026/03/31 23:26:24 - mmengine - INFO - Epoch(train)  [5][ 7400/10002]  lr: 5.0000e-06  eta: 7:41:29  time: 0.3811  data_time: 0.0031  memory: 7329  grad_norm: 115.8394  loss: 7.9338  rpn_s.0.loss_cls: 0.5876  rpn_s.0.loss_bbox: 0.1004  rpn_s.0.loss_giou: 0.7271  rpn_s.1.loss_cls: 0.4210  rpn_s.1.loss_bbox: 0.0522  rpn_s.1.loss_giou: 0.4002  rpn_s.2.loss_cls: 0.3600  rpn_s.2.loss_bbox: 0.0451  rpn_s.2.loss_giou: 0.3508  rpn_s.3.loss_cls: 0.3210  rpn_s.3.loss_bbox: 0.0423  rpn_s.3.loss_giou: 0.3336  s0.loss_cls: 0.3467  s0.pos_acc: 100.0000  s0.loss_bbox: 0.6433  s0.loss_iou: 1.1219  s1.loss_cls: 0.3433  s1.pos_acc: 100.0000  s1.loss_bbox: 0.6729  s1.loss_iou: 1.0643
2026/03/31 23:26:43 - mmengine - INFO - Epoch(train)  [5][ 7450/10002]  lr: 5.0000e-06  eta: 7:41:10  time: 0.3809  data_time: 0.0031  memory: 7329  grad_norm: 87.6884  loss: 8.0894  rpn_s.0.loss_cls: 0.6228  rpn_s.0.loss_bbox: 0.0918  rpn_s.0.loss_giou: 0.8242  rpn_s.1.loss_cls: 0.4057  rpn_s.1.loss_bbox: 0.0392  rpn_s.1.loss_giou: 0.4164  rpn_s.2.loss_cls: 0.3266  rpn_s.2.loss_bbox: 0.0339  rpn_s.2.loss_giou: 0.3631  rpn_s.3.loss_cls: 0.2912  rpn_s.3.loss_bbox: 0.0314  rpn_s.3.loss_giou: 0.3431  s0.loss_cls: 0.3175  s0.pos_acc: 86.5385  s0.loss_bbox: 0.6612  s0.loss_iou: 1.1606  s1.loss_cls: 0.3188  s1.pos_acc: 82.6923  s1.loss_bbox: 0.7398  s1.loss_iou: 1.1021
2026/03/31 23:27:02 - mmengine - INFO - Epoch(train)  [5][ 7500/10002]  lr: 5.0000e-06  eta: 7:40:51  time: 0.3804  data_time: 0.0030  memory: 7329  grad_norm: 93.1881  loss: 7.7780  rpn_s.0.loss_cls: 0.5991  rpn_s.0.loss_bbox: 0.0952  rpn_s.0.loss_giou: 0.7210  rpn_s.1.loss_cls: 0.4218  rpn_s.1.loss_bbox: 0.0428  rpn_s.1.loss_giou: 0.3896  rpn_s.2.loss_cls: 0.3407  rpn_s.2.loss_bbox: 0.0370  rpn_s.2.loss_giou: 0.3422  rpn_s.3.loss_cls: 0.3081  rpn_s.3.loss_bbox: 0.0331  rpn_s.3.loss_giou: 0.3177  s0.loss_cls: 0.3283  s0.pos_acc: 75.8621  s0.loss_bbox: 0.6606  s0.loss_iou: 1.0497  s1.loss_cls: 0.3273  s1.pos_acc: 84.4828  s1.loss_bbox: 0.7352  s1.loss_iou: 1.0284
2026/03/31 23:27:21 - mmengine - INFO - Epoch(train)  [5][ 7550/10002]  lr: 5.0000e-06  eta: 7:40:32  time: 0.3860  data_time: 0.0032  memory: 7329  grad_norm: 91.5783  loss: 7.6527  rpn_s.0.loss_cls: 0.5761  rpn_s.0.loss_bbox: 0.0969  rpn_s.0.loss_giou: 0.7817  rpn_s.1.loss_cls: 0.3897  rpn_s.1.loss_bbox: 0.0433  rpn_s.1.loss_giou: 0.4040  rpn_s.2.loss_cls: 0.3194  rpn_s.2.loss_bbox: 0.0375  rpn_s.2.loss_giou: 0.3527  rpn_s.3.loss_cls: 0.2759  rpn_s.3.loss_bbox: 0.0344  rpn_s.3.loss_giou: 0.3316  s0.loss_cls: 0.2899  s0.pos_acc: 72.9730  s0.loss_bbox: 0.5846  s0.loss_iou: 1.1304  s1.loss_cls: 0.2835  s1.pos_acc: 75.6757  s1.loss_bbox: 0.6383  s1.loss_iou: 1.0829
2026/03/31 23:27:40 - mmengine - INFO - Epoch(train)  [5][ 7600/10002]  lr: 5.0000e-06  eta: 7:40:13  time: 0.3823  data_time: 0.0032  memory: 7329  grad_norm: 82.5589  loss: 8.1798  rpn_s.0.loss_cls: 0.6327  rpn_s.0.loss_bbox: 0.1002  rpn_s.0.loss_giou: 0.8024  rpn_s.1.loss_cls: 0.4248  rpn_s.1.loss_bbox: 0.0468  rpn_s.1.loss_giou: 0.4270  rpn_s.2.loss_cls: 0.3498  rpn_s.2.loss_bbox: 0.0406  rpn_s.2.loss_giou: 0.3753  rpn_s.3.loss_cls: 0.3084  rpn_s.3.loss_bbox: 0.0368  rpn_s.3.loss_giou: 0.3559  s0.loss_cls: 0.3593  s0.pos_acc: 83.7079  s0.loss_bbox: 0.5893  s0.loss_iou: 1.2011  s1.loss_cls: 0.3378  s1.pos_acc: 73.5955  s1.loss_bbox: 0.6303  s1.loss_iou: 1.1613
2026/03/31 23:27:59 - mmengine - INFO - Epoch(train)  [5][ 7650/10002]  lr: 5.0000e-06  eta: 7:39:54  time: 0.3828  data_time: 0.0032  memory: 7329  grad_norm: 97.2559  loss: 8.1132  rpn_s.0.loss_cls: 0.6192  rpn_s.0.loss_bbox: 0.0995  rpn_s.0.loss_giou: 0.7918  rpn_s.1.loss_cls: 0.4143  rpn_s.1.loss_bbox: 0.0456  rpn_s.1.loss_giou: 0.4167  rpn_s.2.loss_cls: 0.3343  rpn_s.2.loss_bbox: 0.0396  rpn_s.2.loss_giou: 0.3657  rpn_s.3.loss_cls: 0.3016  rpn_s.3.loss_bbox: 0.0366  rpn_s.3.loss_giou: 0.3464  s0.loss_cls: 0.3298  s0.pos_acc: 88.8889  s0.loss_bbox: 0.6513  s0.loss_iou: 1.1520  s1.loss_cls: 0.3202  s1.pos_acc: 88.8889  s1.loss_bbox: 0.7344  s1.loss_iou: 1.1142
2026/03/31 23:28:19 - mmengine - INFO - Epoch(train)  [5][ 7700/10002]  lr: 5.0000e-06  eta: 7:39:36  time: 0.3896  data_time: 0.0032  memory: 7330  grad_norm: 93.5016  loss: 8.0304  rpn_s.0.loss_cls: 0.6009  rpn_s.0.loss_bbox: 0.1065  rpn_s.0.loss_giou: 0.8066  rpn_s.1.loss_cls: 0.4204  rpn_s.1.loss_bbox: 0.0506  rpn_s.1.loss_giou: 0.4252  rpn_s.2.loss_cls: 0.3457  rpn_s.2.loss_bbox: 0.0453  rpn_s.2.loss_giou: 0.3778  rpn_s.3.loss_cls: 0.3005  rpn_s.3.loss_bbox: 0.0413  rpn_s.3.loss_giou: 0.3562  s0.loss_cls: 0.3427  s0.pos_acc: 100.0000  s0.loss_bbox: 0.5659  s0.loss_iou: 1.1635  s1.loss_cls: 0.3350  s1.pos_acc: 100.0000  s1.loss_bbox: 0.6273  s1.loss_iou: 1.1190
2026/03/31 23:28:38 - mmengine - INFO - Epoch(train)  [5][ 7750/10002]  lr: 5.0000e-06  eta: 7:39:17  time: 0.3859  data_time: 0.0032  memory: 7330  grad_norm: 95.6016  loss: 7.7436  rpn_s.0.loss_cls: 0.6040  rpn_s.0.loss_bbox: 0.0930  rpn_s.0.loss_giou: 0.7683  rpn_s.1.loss_cls: 0.4085  rpn_s.1.loss_bbox: 0.0472  rpn_s.1.loss_giou: 0.4108  rpn_s.2.loss_cls: 0.3232  rpn_s.2.loss_bbox: 0.0409  rpn_s.2.loss_giou: 0.3564  rpn_s.3.loss_cls: 0.2817  rpn_s.3.loss_bbox: 0.0379  rpn_s.3.loss_giou: 0.3373  s0.loss_cls: 0.3002  s0.pos_acc: 79.4118  s0.loss_bbox: 0.6100  s0.loss_iou: 1.0807  s1.loss_cls: 0.3082  s1.pos_acc: 85.2941  s1.loss_bbox: 0.6975  s1.loss_iou: 1.0375
2026/03/31 23:28:57 - mmengine - INFO - Epoch(train)  [5][ 7800/10002]  lr: 5.0000e-06  eta: 7:38:58  time: 0.3834  data_time: 0.0032  memory: 7329  grad_norm: 102.0012  loss: 8.1261  rpn_s.0.loss_cls: 0.6346  rpn_s.0.loss_bbox: 0.0937  rpn_s.0.loss_giou: 0.8445  rpn_s.1.loss_cls: 0.4244  rpn_s.1.loss_bbox: 0.0398  rpn_s.1.loss_giou: 0.4253  rpn_s.2.loss_cls: 0.3477  rpn_s.2.loss_bbox: 0.0346  rpn_s.2.loss_giou: 0.3744  rpn_s.3.loss_cls: 0.3087  rpn_s.3.loss_bbox: 0.0321  rpn_s.3.loss_giou: 0.3554  s0.loss_cls: 0.3244  s0.pos_acc: 63.6905  s0.loss_bbox: 0.5782  s0.loss_iou: 1.1824  s1.loss_cls: 0.3218  s1.pos_acc: 67.2619  s1.loss_bbox: 0.6607  s1.loss_iou: 1.1435
2026/03/31 23:29:17 - mmengine - INFO - Epoch(train)  [5][ 7850/10002]  lr: 5.0000e-06  eta: 7:38:39  time: 0.3859  data_time: 0.0032  memory: 7330  grad_norm: 100.1650  loss: 7.7523  rpn_s.0.loss_cls: 0.5789  rpn_s.0.loss_bbox: 0.0960  rpn_s.0.loss_giou: 0.7575  rpn_s.1.loss_cls: 0.3900  rpn_s.1.loss_bbox: 0.0453  rpn_s.1.loss_giou: 0.4073  rpn_s.2.loss_cls: 0.3152  rpn_s.2.loss_bbox: 0.0398  rpn_s.2.loss_giou: 0.3597  rpn_s.3.loss_cls: 0.2839  rpn_s.3.loss_bbox: 0.0368  rpn_s.3.loss_giou: 0.3391  s0.loss_cls: 0.3139  s0.pos_acc: 85.7143  s0.loss_bbox: 0.5747  s0.loss_iou: 1.1531  s1.loss_cls: 0.3072  s1.pos_acc: 83.3333  s1.loss_bbox: 0.6538  s1.loss_iou: 1.1000
2026/03/31 23:29:36 - mmengine - INFO - Epoch(train)  [5][ 7900/10002]  lr: 5.0000e-06  eta: 7:38:20  time: 0.3805  data_time: 0.0032  memory: 7329  grad_norm: 97.1905  loss: 7.8541  rpn_s.0.loss_cls: 0.6485  rpn_s.0.loss_bbox: 0.0982  rpn_s.0.loss_giou: 0.7768  rpn_s.1.loss_cls: 0.4479  rpn_s.1.loss_bbox: 0.0427  rpn_s.1.loss_giou: 0.4033  rpn_s.2.loss_cls: 0.3650  rpn_s.2.loss_bbox: 0.0367  rpn_s.2.loss_giou: 0.3533  rpn_s.3.loss_cls: 0.3299  rpn_s.3.loss_bbox: 0.0341  rpn_s.3.loss_giou: 0.3337  s0.loss_cls: 0.3629  s0.pos_acc: 62.1359  s0.loss_bbox: 0.5302  s0.loss_iou: 1.0750  s1.loss_cls: 0.3514  s1.pos_acc: 63.1068  s1.loss_bbox: 0.6171  s1.loss_iou: 1.0474
2026/03/31 23:29:55 - mmengine - INFO - Epoch(train)  [5][ 7950/10002]  lr: 5.0000e-06  eta: 7:38:01  time: 0.3839  data_time: 0.0033  memory: 7329  grad_norm: 91.0238  loss: 6.9724  rpn_s.0.loss_cls: 0.5507  rpn_s.0.loss_bbox: 0.0955  rpn_s.0.loss_giou: 0.6669  rpn_s.1.loss_cls: 0.3703  rpn_s.1.loss_bbox: 0.0440  rpn_s.1.loss_giou: 0.3503  rpn_s.2.loss_cls: 0.2971  rpn_s.2.loss_bbox: 0.0381  rpn_s.2.loss_giou: 0.3064  rpn_s.3.loss_cls: 0.2590  rpn_s.3.loss_bbox: 0.0347  rpn_s.3.loss_giou: 0.2877  s0.loss_cls: 0.2644  s0.pos_acc: 100.0000  s0.loss_bbox: 0.6347  s0.loss_iou: 0.9363  s1.loss_cls: 0.2725  s1.pos_acc: 100.0000  s1.loss_bbox: 0.6773  s1.loss_iou: 0.8866
2026/03/31 23:30:11 - mmengine - INFO - Exp name: GSDet_r50_b900_h2h4_h2r1_r2r1_2x_fair1m1.0_20260331_165920
2026/03/31 23:30:14 - mmengine - INFO - Epoch(train)  [5][ 8000/10002]  lr: 5.0000e-06  eta: 7:37:42  time: 0.3776  data_time: 0.0032  memory: 7329  grad_norm: 105.6217  loss: 7.4450  rpn_s.0.loss_cls: 0.5977  rpn_s.0.loss_bbox: 0.0879  rpn_s.0.loss_giou: 0.7340  rpn_s.1.loss_cls: 0.3896  rpn_s.1.loss_bbox: 0.0406  rpn_s.1.loss_giou: 0.3867  rpn_s.2.loss_cls: 0.3027  rpn_s.2.loss_bbox: 0.0354  rpn_s.2.loss_giou: 0.3435  rpn_s.3.loss_cls: 0.2678  rpn_s.3.loss_bbox: 0.0331  rpn_s.3.loss_giou: 0.3277  s0.loss_cls: 0.2980  s0.pos_acc: 73.3945  s0.loss_bbox: 0.5884  s0.loss_iou: 1.0492  s1.loss_cls: 0.2968  s1.pos_acc: 77.9817  s1.loss_bbox: 0.6644  s1.loss_iou: 1.0012
2026/03/31 23:30:33 - mmengine - INFO - Epoch(train)  [5][ 8050/10002]  lr: 5.0000e-06  eta: 7:37:23  time: 0.3834  data_time: 0.0032  memory: 7329  grad_norm: 91.5027  loss: 8.0383  rpn_s.0.loss_cls: 0.6154  rpn_s.0.loss_bbox: 0.0914  rpn_s.0.loss_giou: 0.8002  rpn_s.1.loss_cls: 0.4167  rpn_s.1.loss_bbox: 0.0416  rpn_s.1.loss_giou: 0.4279  rpn_s.2.loss_cls: 0.3331  rpn_s.2.loss_bbox: 0.0357  rpn_s.2.loss_giou: 0.3745  rpn_s.3.loss_cls: 0.2912  rpn_s.3.loss_bbox: 0.0324  rpn_s.3.loss_giou: 0.3505  s0.loss_cls: 0.3232  s0.pos_acc: 85.7143  s0.loss_bbox: 0.6140  s0.loss_iou: 1.1836  s1.loss_cls: 0.3080  s1.pos_acc: 85.7143  s1.loss_bbox: 0.6643  s1.loss_iou: 1.1347
2026/03/31 23:30:52 - mmengine - INFO - Epoch(train)  [5][ 8100/10002]  lr: 5.0000e-06  eta: 7:37:04  time: 0.3818  data_time: 0.0032  memory: 7329  grad_norm: 103.4178  loss: 7.7458  rpn_s.0.loss_cls: 0.6110  rpn_s.0.loss_bbox: 0.0917  rpn_s.0.loss_giou: 0.7090  rpn_s.1.loss_cls: 0.4209  rpn_s.1.loss_bbox: 0.0444  rpn_s.1.loss_giou: 0.3831  rpn_s.2.loss_cls: 0.3446  rpn_s.2.loss_bbox: 0.0386  rpn_s.2.loss_giou: 0.3413  rpn_s.3.loss_cls: 0.3068  rpn_s.3.loss_bbox: 0.0350  rpn_s.3.loss_giou: 0.3213  s0.loss_cls: 0.3293  s0.pos_acc: 58.1395  s0.loss_bbox: 0.6281  s0.loss_iou: 1.0996  s1.loss_cls: 0.3111  s1.pos_acc: 66.2791  s1.loss_bbox: 0.6691  s1.loss_iou: 1.0610
2026/03/31 23:31:11 - mmengine - INFO - Epoch(train)  [5][ 8150/10002]  lr: 5.0000e-06  eta: 7:36:45  time: 0.3829  data_time: 0.0032  memory: 7329  grad_norm: 97.3840  loss: 7.7082  rpn_s.0.loss_cls: 0.5863  rpn_s.0.loss_bbox: 0.0972  rpn_s.0.loss_giou: 0.7279  rpn_s.1.loss_cls: 0.3880  rpn_s.1.loss_bbox: 0.0471  rpn_s.1.loss_giou: 0.3839  rpn_s.2.loss_cls: 0.3216  rpn_s.2.loss_bbox: 0.0418  rpn_s.2.loss_giou: 0.3441  rpn_s.3.loss_cls: 0.2897  rpn_s.3.loss_bbox: 0.0393  rpn_s.3.loss_giou: 0.3289  s0.loss_cls: 0.3118  s0.pos_acc: 86.7347  s0.loss_bbox: 0.6773  s0.loss_iou: 1.0742  s1.loss_cls: 0.2946  s1.pos_acc: 90.8163  s1.loss_bbox: 0.7239  s1.loss_iou: 1.0308
2026/03/31 23:31:30 - mmengine - INFO - Epoch(train)  [5][ 8200/10002]  lr: 5.0000e-06  eta: 7:36:26  time: 0.3777  data_time: 0.0032  memory: 7329  grad_norm: 99.5354  loss: 7.2433  rpn_s.0.loss_cls: 0.5808  rpn_s.0.loss_bbox: 0.0891  rpn_s.0.loss_giou: 0.6938  rpn_s.1.loss_cls: 0.3821  rpn_s.1.loss_bbox: 0.0428  rpn_s.1.loss_giou: 0.3745  rpn_s.2.loss_cls: 0.2972  rpn_s.2.loss_bbox: 0.0379  rpn_s.2.loss_giou: 0.3370  rpn_s.3.loss_cls: 0.2642  rpn_s.3.loss_bbox: 0.0351  rpn_s.3.loss_giou: 0.3195  s0.loss_cls: 0.2902  s0.pos_acc: 60.7143  s0.loss_bbox: 0.6163  s0.loss_iou: 0.9976  s1.loss_cls: 0.2853  s1.pos_acc: 66.9643  s1.loss_bbox: 0.6282  s1.loss_iou: 0.9717
2026/03/31 23:31:49 - mmengine - INFO - Epoch(train)  [5][ 8250/10002]  lr: 5.0000e-06  eta: 7:36:07  time: 0.3798  data_time: 0.0032  memory: 7329  grad_norm: 87.1275  loss: 7.6560  rpn_s.0.loss_cls: 0.6010  rpn_s.0.loss_bbox: 0.0914  rpn_s.0.loss_giou: 0.7428  rpn_s.1.loss_cls: 0.4164  rpn_s.1.loss_bbox: 0.0415  rpn_s.1.loss_giou: 0.3901  rpn_s.2.loss_cls: 0.3362  rpn_s.2.loss_bbox: 0.0358  rpn_s.2.loss_giou: 0.3412  rpn_s.3.loss_cls: 0.2934  rpn_s.3.loss_bbox: 0.0326  rpn_s.3.loss_giou: 0.3199  s0.loss_cls: 0.3224  s0.pos_acc: 97.3684  s0.loss_bbox: 0.6156  s0.loss_iou: 1.0850  s1.loss_cls: 0.3027  s1.pos_acc: 93.4211  s1.loss_bbox: 0.6443  s1.loss_iou: 1.0437
2026/03/31 23:32:08 - mmengine - INFO - Epoch(train)  [5][ 8300/10002]  lr: 5.0000e-06  eta: 7:35:48  time: 0.3855  data_time: 0.0032  memory: 7329  grad_norm: 96.5216  loss: 7.8361  rpn_s.0.loss_cls: 0.6039  rpn_s.0.loss_bbox: 0.1052  rpn_s.0.loss_giou: 0.7889  rpn_s.1.loss_cls: 0.4080  rpn_s.1.loss_bbox: 0.0540  rpn_s.1.loss_giou: 0.4226  rpn_s.2.loss_cls: 0.3267  rpn_s.2.loss_bbox: 0.0476  rpn_s.2.loss_giou: 0.3743  rpn_s.3.loss_cls: 0.2897  rpn_s.3.loss_bbox: 0.0441  rpn_s.3.loss_giou: 0.3482  s0.loss_cls: 0.3165  s0.pos_acc: 68.6147  s0.loss_bbox: 0.5348  s0.loss_iou: 1.1716  s1.loss_cls: 0.3042  s1.pos_acc: 70.9957  s1.loss_bbox: 0.5629  s1.loss_iou: 1.1329
2026/03/31 23:32:27 - mmengine - INFO - Epoch(train)  [5][ 8350/10002]  lr: 5.0000e-06  eta: 7:35:29  time: 0.3820  data_time: 0.0033  memory: 7329  grad_norm: 92.6228  loss: 7.5376  rpn_s.0.loss_cls: 0.6014  rpn_s.0.loss_bbox: 0.0927  rpn_s.0.loss_giou: 0.7654  rpn_s.1.loss_cls: 0.4004  rpn_s.1.loss_bbox: 0.0433  rpn_s.1.loss_giou: 0.4038  rpn_s.2.loss_cls: 0.3288  rpn_s.2.loss_bbox: 0.0376  rpn_s.2.loss_giou: 0.3548  rpn_s.3.loss_cls: 0.2865  rpn_s.3.loss_bbox: 0.0345  rpn_s.3.loss_giou: 0.3317  s0.loss_cls: 0.3078  s0.pos_acc: 94.1176  s0.loss_bbox: 0.5337  s0.loss_iou: 1.0853  s1.loss_cls: 0.3029  s1.pos_acc: 91.1765  s1.loss_bbox: 0.5832  s1.loss_iou: 1.0439
2026/03/31 23:32:47 - mmengine - INFO - Epoch(train)  [5][ 8400/10002]  lr: 5.0000e-06  eta: 7:35:10  time: 0.3908  data_time: 0.0032  memory: 7329  grad_norm: 93.1163  loss: 7.8033  rpn_s.0.loss_cls: 0.5521  rpn_s.0.loss_bbox: 0.0921  rpn_s.0.loss_giou: 0.7406  rpn_s.1.loss_cls: 0.3909  rpn_s.1.loss_bbox: 0.0442  rpn_s.1.loss_giou: 0.3894  rpn_s.2.loss_cls: 0.3257  rpn_s.2.loss_bbox: 0.0398  rpn_s.2.loss_giou: 0.3438  rpn_s.3.loss_cls: 0.2907  rpn_s.3.loss_bbox: 0.0363  rpn_s.3.loss_giou: 0.3209  s0.loss_cls: 0.3042  s0.pos_acc: 100.0000  s0.loss_bbox: 0.6933  s0.loss_iou: 1.1091  s1.loss_cls: 0.3015  s1.pos_acc: 100.0000  s1.loss_bbox: 0.7442  s1.loss_iou: 1.0846
2026/03/31 23:33:06 - mmengine - INFO - Epoch(train)  [5][ 8450/10002]  lr: 5.0000e-06  eta: 7:34:52  time: 0.3863  data_time: 0.0032  memory: 7329  grad_norm: 119.4973  loss: 7.9110  rpn_s.0.loss_cls: 0.6064  rpn_s.0.loss_bbox: 0.1005  rpn_s.0.loss_giou: 0.7551  rpn_s.1.loss_cls: 0.4184  rpn_s.1.loss_bbox: 0.0480  rpn_s.1.loss_giou: 0.3938  rpn_s.2.loss_cls: 0.3560  rpn_s.2.loss_bbox: 0.0417  rpn_s.2.loss_giou: 0.3477  rpn_s.3.loss_cls: 0.3240  rpn_s.3.loss_bbox: 0.0392  rpn_s.3.loss_giou: 0.3301  s0.loss_cls: 0.3499  s0.pos_acc: 84.6154  s0.loss_bbox: 0.6358  s0.loss_iou: 1.0939  s1.loss_cls: 0.3443  s1.pos_acc: 84.6154  s1.loss_bbox: 0.6746  s1.loss_iou: 1.0514
2026/03/31 23:33:26 - mmengine - INFO - Epoch(train)  [5][ 8500/10002]  lr: 5.0000e-06  eta: 7:34:33  time: 0.3868  data_time: 0.0032  memory: 7329  grad_norm: 88.4535  loss: 7.9721  rpn_s.0.loss_cls: 0.5783  rpn_s.0.loss_bbox: 0.1008  rpn_s.0.loss_giou: 0.8133  rpn_s.1.loss_cls: 0.4076  rpn_s.1.loss_bbox: 0.0476  rpn_s.1.loss_giou: 0.4282  rpn_s.2.loss_cls: 0.3182  rpn_s.2.loss_bbox: 0.0396  rpn_s.2.loss_giou: 0.3660  rpn_s.3.loss_cls: 0.2876  rpn_s.3.loss_bbox: 0.0371  rpn_s.3.loss_giou: 0.3436  s0.loss_cls: 0.3207  s0.pos_acc: 74.0088  s0.loss_bbox: 0.6190  s0.loss_iou: 1.1711  s1.loss_cls: 0.3075  s1.pos_acc: 76.8722  s1.loss_bbox: 0.6590  s1.loss_iou: 1.1267
2026/03/31 23:33:44 - mmengine - INFO - Epoch(train)  [5][ 8550/10002]  lr: 5.0000e-06  eta: 7:34:14  time: 0.3762  data_time: 0.0033  memory: 7329  grad_norm: 116.0589  loss: 7.2976  rpn_s.0.loss_cls: 0.5742  rpn_s.0.loss_bbox: 0.0902  rpn_s.0.loss_giou: 0.6549  rpn_s.1.loss_cls: 0.3942  rpn_s.1.loss_bbox: 0.0463  rpn_s.1.loss_giou: 0.3711  rpn_s.2.loss_cls: 0.3069  rpn_s.2.loss_bbox: 0.0404  rpn_s.2.loss_giou: 0.3333  rpn_s.3.loss_cls: 0.2739  rpn_s.3.loss_bbox: 0.0372  rpn_s.3.loss_giou: 0.3092  s0.loss_cls: 0.3140  s0.pos_acc: 85.1064  s0.loss_bbox: 0.6138  s0.loss_iou: 0.9979  s1.loss_cls: 0.3111  s1.pos_acc: 79.7872  s1.loss_bbox: 0.6693  s1.loss_iou: 0.9594
2026/03/31 23:34:03 - mmengine - INFO - Epoch(train)  [5][ 8600/10002]  lr: 5.0000e-06  eta: 7:33:54  time: 0.3812  data_time: 0.0032  memory: 7329  grad_norm: 92.1227  loss: 7.5713  rpn_s.0.loss_cls: 0.5661  rpn_s.0.loss_bbox: 0.0928  rpn_s.0.loss_giou: 0.7336  rpn_s.1.loss_cls: 0.4096  rpn_s.1.loss_bbox: 0.0391  rpn_s.1.loss_giou: 0.3756  rpn_s.2.loss_cls: 0.3220  rpn_s.2.loss_bbox: 0.0344  rpn_s.2.loss_giou: 0.3279  rpn_s.3.loss_cls: 0.2846  rpn_s.3.loss_bbox: 0.0321  rpn_s.3.loss_giou: 0.3090  s0.loss_cls: 0.3193  s0.pos_acc: 85.7143  s0.loss_bbox: 0.6557  s0.loss_iou: 1.0353  s1.loss_cls: 0.3112  s1.pos_acc: 85.7143  s1.loss_bbox: 0.7330  s1.loss_iou: 0.9897
2026/03/31 23:34:22 - mmengine - INFO - Epoch(train)  [5][ 8650/10002]  lr: 5.0000e-06  eta: 7:33:35  time: 0.3773  data_time: 0.0032  memory: 7329  grad_norm: 112.6913  loss: 7.3158  rpn_s.0.loss_cls: 0.5811  rpn_s.0.loss_bbox: 0.0987  rpn_s.0.loss_giou: 0.6808  rpn_s.1.loss_cls: 0.3759  rpn_s.1.loss_bbox: 0.0453  rpn_s.1.loss_giou: 0.3620  rpn_s.2.loss_cls: 0.2973  rpn_s.2.loss_bbox: 0.0402  rpn_s.2.loss_giou: 0.3222  rpn_s.3.loss_cls: 0.2624  rpn_s.3.loss_bbox: 0.0375  rpn_s.3.loss_giou: 0.3060  s0.loss_cls: 0.2909  s0.pos_acc: 86.0000  s0.loss_bbox: 0.6913  s0.loss_iou: 0.9630  s1.loss_cls: 0.2905  s1.pos_acc: 90.0000  s1.loss_bbox: 0.7538  s1.loss_iou: 0.9170
2026/03/31 23:34:42 - mmengine - INFO - Epoch(train)  [5][ 8700/10002]  lr: 5.0000e-06  eta: 7:33:17  time: 0.3941  data_time: 0.0032  memory: 7330  grad_norm: 98.5772  loss: 7.7156  rpn_s.0.loss_cls: 0.5791  rpn_s.0.loss_bbox: 0.1062  rpn_s.0.loss_giou: 0.7452  rpn_s.1.loss_cls: 0.3958  rpn_s.1.loss_bbox: 0.0487  rpn_s.1.loss_giou: 0.4046  rpn_s.2.loss_cls: 0.3256  rpn_s.2.loss_bbox: 0.0414  rpn_s.2.loss_giou: 0.3502  rpn_s.3.loss_cls: 0.2849  rpn_s.3.loss_bbox: 0.0373  rpn_s.3.loss_giou: 0.3292  s0.loss_cls: 0.3034  s0.pos_acc: 33.3333  s0.loss_bbox: 0.6005  s0.loss_iou: 1.1281  s1.loss_cls: 0.3236  s1.pos_acc: 44.4444  s1.loss_bbox: 0.6314  s1.loss_iou: 1.0804
2026/03/31 23:35:01 - mmengine - INFO - Epoch(train)  [5][ 8750/10002]  lr: 5.0000e-06  eta: 7:32:58  time: 0.3804  data_time: 0.0032  memory: 7329  grad_norm: 93.0139  loss: 7.4319  rpn_s.0.loss_cls: 0.5708  rpn_s.0.loss_bbox: 0.0867  rpn_s.0.loss_giou: 0.7330  rpn_s.1.loss_cls: 0.3802  rpn_s.1.loss_bbox: 0.0389  rpn_s.1.loss_giou: 0.3789  rpn_s.2.loss_cls: 0.2935  rpn_s.2.loss_bbox: 0.0334  rpn_s.2.loss_giou: 0.3372  rpn_s.3.loss_cls: 0.2495  rpn_s.3.loss_bbox: 0.0311  rpn_s.3.loss_giou: 0.3189  s0.loss_cls: 0.2788  s0.pos_acc: 100.0000  s0.loss_bbox: 0.6363  s0.loss_iou: 1.0718  s1.loss_cls: 0.2692  s1.pos_acc: 100.0000  s1.loss_bbox: 0.6929  s1.loss_iou: 1.0308
2026/03/31 23:35:20 - mmengine - INFO - Epoch(train)  [5][ 8800/10002]  lr: 5.0000e-06  eta: 7:32:39  time: 0.3828  data_time: 0.0032  memory: 7329  grad_norm: 111.7200  loss: 7.5179  rpn_s.0.loss_cls: 0.6137  rpn_s.0.loss_bbox: 0.0938  rpn_s.0.loss_giou: 0.7136  rpn_s.1.loss_cls: 0.4238  rpn_s.1.loss_bbox: 0.0443  rpn_s.1.loss_giou: 0.3809  rpn_s.2.loss_cls: 0.3383  rpn_s.2.loss_bbox: 0.0375  rpn_s.2.loss_giou: 0.3292  rpn_s.3.loss_cls: 0.3044  rpn_s.3.loss_bbox: 0.0351  rpn_s.3.loss_giou: 0.3127  s0.loss_cls: 0.3273  s0.pos_acc: 63.8889  s0.loss_bbox: 0.5826  s0.loss_iou: 1.0421  s1.loss_cls: 0.3236  s1.pos_acc: 61.1111  s1.loss_bbox: 0.6109  s1.loss_iou: 1.0040
2026/03/31 23:35:40 - mmengine - INFO - Epoch(train)  [5][ 8850/10002]  lr: 5.0000e-06  eta: 7:32:20  time: 0.3875  data_time: 0.0032  memory: 7329  grad_norm: 93.9182  loss: 8.3161  rpn_s.0.loss_cls: 0.6153  rpn_s.0.loss_bbox: 0.1022  rpn_s.0.loss_giou: 0.8617  rpn_s.1.loss_cls: 0.4160  rpn_s.1.loss_bbox: 0.0470  rpn_s.1.loss_giou: 0.4475  rpn_s.2.loss_cls: 0.3320  rpn_s.2.loss_bbox: 0.0405  rpn_s.2.loss_giou: 0.3887  rpn_s.3.loss_cls: 0.2933  rpn_s.3.loss_bbox: 0.0374  rpn_s.3.loss_giou: 0.3668  s0.loss_cls: 0.3320  s0.pos_acc: 74.0000  s0.loss_bbox: 0.6122  s0.loss_iou: 1.2352  s1.loss_cls: 0.3213  s1.pos_acc: 86.0000  s1.loss_bbox: 0.6584  s1.loss_iou: 1.2086
2026/03/31 23:35:59 - mmengine - INFO - Epoch(train)  [5][ 8900/10002]  lr: 5.0000e-06  eta: 7:32:01  time: 0.3788  data_time: 0.0032  memory: 7329  grad_norm: 99.4381  loss: 7.7538  rpn_s.0.loss_cls: 0.6154  rpn_s.0.loss_bbox: 0.0959  rpn_s.0.loss_giou: 0.7558  rpn_s.1.loss_cls: 0.4075  rpn_s.1.loss_bbox: 0.0432  rpn_s.1.loss_giou: 0.3897  rpn_s.2.loss_cls: 0.3232  rpn_s.2.loss_bbox: 0.0374  rpn_s.2.loss_giou: 0.3397  rpn_s.3.loss_cls: 0.2896  rpn_s.3.loss_bbox: 0.0353  rpn_s.3.loss_giou: 0.3227  s0.loss_cls: 0.3262  s0.pos_acc: 91.6667  s0.loss_bbox: 0.6573  s0.loss_iou: 1.0563  s1.loss_cls: 0.3225  s1.pos_acc: 100.0000  s1.loss_bbox: 0.7214  s1.loss_iou: 1.0146
2026/03/31 23:36:18 - mmengine - INFO - Epoch(train)  [5][ 8950/10002]  lr: 5.0000e-06  eta: 7:31:42  time: 0.3795  data_time: 0.0032  memory: 7329  grad_norm: 88.6821  loss: 7.6460  rpn_s.0.loss_cls: 0.6116  rpn_s.0.loss_bbox: 0.0973  rpn_s.0.loss_giou: 0.7617  rpn_s.1.loss_cls: 0.4143  rpn_s.1.loss_bbox: 0.0463  rpn_s.1.loss_giou: 0.3877  rpn_s.2.loss_cls: 0.3406  rpn_s.2.loss_bbox: 0.0392  rpn_s.2.loss_giou: 0.3398  rpn_s.3.loss_cls: 0.2970  rpn_s.3.loss_bbox: 0.0360  rpn_s.3.loss_giou: 0.3216  s0.loss_cls: 0.3279  s0.pos_acc: 76.7123  s0.loss_bbox: 0.5997  s0.loss_iou: 1.0516  s1.loss_cls: 0.3252  s1.pos_acc: 76.7123  s1.loss_bbox: 0.6415  s1.loss_iou: 1.0070
2026/03/31 23:36:33 - mmengine - INFO - Exp name: GSDet_r50_b900_h2h4_h2r1_r2r1_2x_fair1m1.0_20260331_165920
2026/03/31 23:36:36 - mmengine - INFO - Epoch(train)  [5][ 9000/10002]  lr: 5.0000e-06  eta: 7:31:23  time: 0.3789  data_time: 0.0033  memory: 7329  grad_norm: 101.7486  loss: 7.7965  rpn_s.0.loss_cls: 0.5998  rpn_s.0.loss_bbox: 0.0938  rpn_s.0.loss_giou: 0.7293  rpn_s.1.loss_cls: 0.4311  rpn_s.1.loss_bbox: 0.0454  rpn_s.1.loss_giou: 0.4059  rpn_s.2.loss_cls: 0.3452  rpn_s.2.loss_bbox: 0.0397  rpn_s.2.loss_giou: 0.3619  rpn_s.3.loss_cls: 0.3010  rpn_s.3.loss_bbox: 0.0358  rpn_s.3.loss_giou: 0.3375  s0.loss_cls: 0.3389  s0.pos_acc: 84.8837  s0.loss_bbox: 0.5937  s0.loss_iou: 1.1185  s1.loss_cls: 0.3254  s1.pos_acc: 81.3953  s1.loss_bbox: 0.6112  s1.loss_iou: 1.0824
2026/03/31 23:36:55 - mmengine - INFO - Epoch(train)  [5][ 9050/10002]  lr: 5.0000e-06  eta: 7:31:03  time: 0.3803  data_time: 0.0033  memory: 7329  grad_norm: 92.5798  loss: 7.6353  rpn_s.0.loss_cls: 0.5906  rpn_s.0.loss_bbox: 0.0957  rpn_s.0.loss_giou: 0.7570  rpn_s.1.loss_cls: 0.4056  rpn_s.1.loss_bbox: 0.0448  rpn_s.1.loss_giou: 0.3955  rpn_s.2.loss_cls: 0.3178  rpn_s.2.loss_bbox: 0.0389  rpn_s.2.loss_giou: 0.3484  rpn_s.3.loss_cls: 0.2794  rpn_s.3.loss_bbox: 0.0357  rpn_s.3.loss_giou: 0.3263  s0.loss_cls: 0.3007  s0.pos_acc: 79.4118  s0.loss_bbox: 0.6232  s0.loss_iou: 1.0635  s1.loss_cls: 0.2866  s1.pos_acc: 85.2941  s1.loss_bbox: 0.7113  s1.loss_iou: 1.0143
2026/03/31 23:37:14 - mmengine - INFO - Epoch(train)  [5][ 9100/10002]  lr: 5.0000e-06  eta: 7:30:44  time: 0.3794  data_time: 0.0032  memory: 7329  grad_norm: 99.2631  loss: 6.8887  rpn_s.0.loss_cls: 0.5580  rpn_s.0.loss_bbox: 0.0918  rpn_s.0.loss_giou: 0.6997  rpn_s.1.loss_cls: 0.3740  rpn_s.1.loss_bbox: 0.0438  rpn_s.1.loss_giou: 0.3675  rpn_s.2.loss_cls: 0.2924  rpn_s.2.loss_bbox: 0.0374  rpn_s.2.loss_giou: 0.3164  rpn_s.3.loss_cls: 0.2543  rpn_s.3.loss_bbox: 0.0350  rpn_s.3.loss_giou: 0.3000  s0.loss_cls: 0.2622  s0.pos_acc: 100.0000  s0.loss_bbox: 0.5510  s0.loss_iou: 0.9614  s1.loss_cls: 0.2527  s1.pos_acc: 100.0000  s1.loss_bbox: 0.5801  s1.loss_iou: 0.9110
2026/03/31 23:37:34 - mmengine - INFO - Epoch(train)  [5][ 9150/10002]  lr: 5.0000e-06  eta: 7:30:25  time: 0.3825  data_time: 0.0033  memory: 7329  grad_norm: 84.7919  loss: 7.6959  rpn_s.0.loss_cls: 0.6052  rpn_s.0.loss_bbox: 0.0957  rpn_s.0.loss_giou: 0.7920  rpn_s.1.loss_cls: 0.4102  rpn_s.1.loss_bbox: 0.0421  rpn_s.1.loss_giou: 0.3941  rpn_s.2.loss_cls: 0.3269  rpn_s.2.loss_bbox: 0.0360  rpn_s.2.loss_giou: 0.3458  rpn_s.3.loss_cls: 0.2888  rpn_s.3.loss_bbox: 0.0333  rpn_s.3.loss_giou: 0.3280  s0.loss_cls: 0.3182  s0.pos_acc: 86.3636  s0.loss_bbox: 0.5972  s0.loss_iou: 1.0888  s1.loss_cls: 0.3111  s1.pos_acc: 100.0000  s1.loss_bbox: 0.6289  s1.loss_iou: 1.0537
2026/03/31 23:37:53 - mmengine - INFO - Epoch(train)  [5][ 9200/10002]  lr: 5.0000e-06  eta: 7:30:07  time: 0.3873  data_time: 0.0032  memory: 7330  grad_norm: 118.3301  loss: 7.2817  rpn_s.0.loss_cls: 0.5633  rpn_s.0.loss_bbox: 0.0925  rpn_s.0.loss_giou: 0.7159  rpn_s.1.loss_cls: 0.3879  rpn_s.1.loss_bbox: 0.0406  rpn_s.1.loss_giou: 0.3643  rpn_s.2.loss_cls: 0.3184  rpn_s.2.loss_bbox: 0.0355  rpn_s.2.loss_giou: 0.3200  rpn_s.3.loss_cls: 0.2824  rpn_s.3.loss_bbox: 0.0338  rpn_s.3.loss_giou: 0.3044  s0.loss_cls: 0.3170  s0.pos_acc: 84.0425  s0.loss_bbox: 0.5910  s0.loss_iou: 1.0234  s1.loss_cls: 0.3012  s1.pos_acc: 84.0425  s1.loss_bbox: 0.6046  s1.loss_iou: 0.9855
2026/03/31 23:38:13 - mmengine - INFO - Epoch(train)  [5][ 9250/10002]  lr: 5.0000e-06  eta: 7:29:48  time: 0.3925  data_time: 0.0033  memory: 7330  grad_norm: 87.7936  loss: 8.2635  rpn_s.0.loss_cls: 0.6268  rpn_s.0.loss_bbox: 0.1002  rpn_s.0.loss_giou: 0.8264  rpn_s.1.loss_cls: 0.4301  rpn_s.1.loss_bbox: 0.0453  rpn_s.1.loss_giou: 0.4348  rpn_s.2.loss_cls: 0.3424  rpn_s.2.loss_bbox: 0.0393  rpn_s.2.loss_giou: 0.3801  rpn_s.3.loss_cls: 0.3036  rpn_s.3.loss_bbox: 0.0364  rpn_s.3.loss_giou: 0.3582  s0.loss_cls: 0.3340  s0.pos_acc: 85.2459  s0.loss_bbox: 0.6140  s0.loss_iou: 1.2106  s1.loss_cls: 0.3205  s1.pos_acc: 86.8852  s1.loss_bbox: 0.6881  s1.loss_iou: 1.1728
2026/03/31 23:38:32 - mmengine - INFO - Epoch(train)  [5][ 9300/10002]  lr: 5.0000e-06  eta: 7:29:29  time: 0.3837  data_time: 0.0033  memory: 7329  grad_norm: 89.7532  loss: 8.0742  rpn_s.0.loss_cls: 0.6302  rpn_s.0.loss_bbox: 0.0953  rpn_s.0.loss_giou: 0.8374  rpn_s.1.loss_cls: 0.4308  rpn_s.1.loss_bbox: 0.0415  rpn_s.1.loss_giou: 0.4234  rpn_s.2.loss_cls: 0.3543  rpn_s.2.loss_bbox: 0.0357  rpn_s.2.loss_giou: 0.3695  rpn_s.3.loss_cls: 0.3109  rpn_s.3.loss_bbox: 0.0328  rpn_s.3.loss_giou: 0.3474  s0.loss_cls: 0.3307  s0.pos_acc: 56.2500  s0.loss_bbox: 0.6067  s0.loss_iou: 1.1665  s1.loss_cls: 0.3153  s1.pos_acc: 50.0000  s1.loss_bbox: 0.6314  s1.loss_iou: 1.1145
2026/03/31 23:38:51 - mmengine - INFO - Epoch(train)  [5][ 9350/10002]  lr: 5.0000e-06  eta: 7:29:10  time: 0.3769  data_time: 0.0033  memory: 7329  grad_norm: 92.0104  loss: 7.0509  rpn_s.0.loss_cls: 0.5710  rpn_s.0.loss_bbox: 0.0881  rpn_s.0.loss_giou: 0.6715  rpn_s.1.loss_cls: 0.3861  rpn_s.1.loss_bbox: 0.0392  rpn_s.1.loss_giou: 0.3446  rpn_s.2.loss_cls: 0.3096  rpn_s.2.loss_bbox: 0.0340  rpn_s.2.loss_giou: 0.3087  rpn_s.3.loss_cls: 0.2726  rpn_s.3.loss_bbox: 0.0320  rpn_s.3.loss_giou: 0.2952  s0.loss_cls: 0.2929  s0.pos_acc: 77.7778  s0.loss_bbox: 0.6128  s0.loss_iou: 0.9200  s1.loss_cls: 0.2906  s1.pos_acc: 77.7778  s1.loss_bbox: 0.6839  s1.loss_iou: 0.8980
2026/03/31 23:39:10 - mmengine - INFO - Epoch(train)  [5][ 9400/10002]  lr: 5.0000e-06  eta: 7:28:51  time: 0.3792  data_time: 0.0033  memory: 7329  grad_norm: 100.1916  loss: 7.7962  rpn_s.0.loss_cls: 0.6137  rpn_s.0.loss_bbox: 0.0967  rpn_s.0.loss_giou: 0.7510  rpn_s.1.loss_cls: 0.4133  rpn_s.1.loss_bbox: 0.0435  rpn_s.1.loss_giou: 0.3928  rpn_s.2.loss_cls: 0.3423  rpn_s.2.loss_bbox: 0.0365  rpn_s.2.loss_giou: 0.3438  rpn_s.3.loss_cls: 0.3035  rpn_s.3.loss_bbox: 0.0331  rpn_s.3.loss_giou: 0.3168  s0.loss_cls: 0.3403  s0.pos_acc: 82.9268  s0.loss_bbox: 0.6557  s0.loss_iou: 1.0592  s1.loss_cls: 0.3282  s1.pos_acc: 85.3659  s1.loss_bbox: 0.7102  s1.loss_iou: 1.0156
2026/03/31 23:39:28 - mmengine - INFO - Epoch(train)  [5][ 9450/10002]  lr: 5.0000e-06  eta: 7:28:31  time: 0.3762  data_time: 0.0033  memory: 7329  grad_norm: 97.3515  loss: 7.6124  rpn_s.0.loss_cls: 0.5995  rpn_s.0.loss_bbox: 0.0925  rpn_s.0.loss_giou: 0.7185  rpn_s.1.loss_cls: 0.4192  rpn_s.1.loss_bbox: 0.0445  rpn_s.1.loss_giou: 0.3878  rpn_s.2.loss_cls: 0.3300  rpn_s.2.loss_bbox: 0.0388  rpn_s.2.loss_giou: 0.3442  rpn_s.3.loss_cls: 0.2992  rpn_s.3.loss_bbox: 0.0367  rpn_s.3.loss_giou: 0.3277  s0.loss_cls: 0.3231  s0.pos_acc: 78.8462  s0.loss_bbox: 0.6060  s0.loss_iou: 1.0659  s1.loss_cls: 0.3195  s1.pos_acc: 71.1538  s1.loss_bbox: 0.6337  s1.loss_iou: 1.0256
2026/03/31 23:39:48 - mmengine - INFO - Epoch(train)  [5][ 9500/10002]  lr: 5.0000e-06  eta: 7:28:13  time: 0.3886  data_time: 0.0032  memory: 7330  grad_norm: nan  loss: 7.2276  rpn_s.0.loss_cls: 0.5599  rpn_s.0.loss_bbox: 0.0973  rpn_s.0.loss_giou: 0.7243  rpn_s.1.loss_cls: 0.3646  rpn_s.1.loss_bbox: 0.0423  rpn_s.1.loss_giou: 0.3652  rpn_s.2.loss_cls: 0.2876  rpn_s.2.loss_bbox: 0.0364  rpn_s.2.loss_giou: 0.3158  rpn_s.3.loss_cls: 0.2559  rpn_s.3.loss_bbox: 0.0345  rpn_s.3.loss_giou: 0.3021  s0.loss_cls: 0.2851  s0.pos_acc: 81.5502  s0.loss_bbox: 0.6089  s0.loss_iou: 1.0073  s1.loss_cls: 0.2901  s1.pos_acc: 81.8777  s1.loss_bbox: 0.6841  s1.loss_iou: 0.9661
2026/03/31 23:52:20 - mmengine - INFO - Epoch(train)  [5][ 9550/10002]  lr: 5.0000e-06  eta: 7:45:16  time: 15.0464  data_time: 0.0033  memory: 7329  grad_norm: nan  loss: nan  rpn_s.0.loss_cls: nan  rpn_s.0.loss_bbox: nan  rpn_s.0.loss_giou: nan  rpn_s.1.loss_cls: nan  rpn_s.1.loss_bbox: nan  rpn_s.1.loss_giou: nan  rpn_s.2.loss_cls: nan  rpn_s.2.loss_bbox: nan  rpn_s.2.loss_giou: nan  rpn_s.3.loss_cls: nan  rpn_s.3.loss_bbox: nan  rpn_s.3.loss_giou: nan  s0.loss_cls: nan  s0.pos_acc: 0.0000  s0.loss_bbox: nan  s0.loss_iou: nan  s1.loss_cls: nan  s1.pos_acc: 0.0000  s1.loss_bbox: nan  s1.loss_iou: nan
2026/04/01 00:00:51 - mmengine - INFO - Epoch(train)  [5][ 9600/10002]  lr: 5.0000e-06  eta: 7:56:33  time: 10.2109  data_time: 0.0031  memory: 7329  grad_norm: nan  loss: nan  rpn_s.0.loss_cls: nan  rpn_s.0.loss_bbox: nan  rpn_s.0.loss_giou: nan  rpn_s.1.loss_cls: nan  rpn_s.1.loss_bbox: nan  rpn_s.1.loss_giou: nan  rpn_s.2.loss_cls: nan  rpn_s.2.loss_bbox: nan  rpn_s.2.loss_giou: nan  rpn_s.3.loss_cls: nan  rpn_s.3.loss_bbox: nan  rpn_s.3.loss_giou: nan  s0.loss_cls: nan  s0.pos_acc: 0.0000  s0.loss_bbox: nan  s0.loss_iou: nan  s1.loss_cls: nan  s1.pos_acc: 0.0000  s1.loss_bbox: nan  s1.loss_iou: nan
2026/04/01 00:13:38 - mmengine - INFO - Epoch(train)  [5][ 9650/10002]  lr: 5.0000e-06  eta: 8:13:51  time: 15.3386  data_time: 0.0031  memory: 7329  grad_norm: nan  loss: nan  rpn_s.0.loss_cls: nan  rpn_s.0.loss_bbox: nan  rpn_s.0.loss_giou: nan  rpn_s.1.loss_cls: nan  rpn_s.1.loss_bbox: nan  rpn_s.1.loss_giou: nan  rpn_s.2.loss_cls: nan  rpn_s.2.loss_bbox: nan  rpn_s.2.loss_giou: nan  rpn_s.3.loss_cls: nan  rpn_s.3.loss_bbox: nan  rpn_s.3.loss_giou: nan  s0.loss_cls: nan  s0.pos_acc: 0.0000  s0.loss_bbox: nan  s0.loss_iou: nan  s1.loss_cls: nan  s1.pos_acc: 0.0000  s1.loss_bbox: nan  s1.loss_iou: nan
2026/04/01 00:24:06 - mmengine - INFO - Epoch(train)  [5][ 9700/10002]  lr: 5.0000e-06  eta: 8:27:49  time: 12.5749  data_time: 0.0033  memory: 7329  grad_norm: nan  loss: nan  rpn_s.0.loss_cls: nan  rpn_s.0.loss_bbox: nan  rpn_s.0.loss_giou: nan  rpn_s.1.loss_cls: nan  rpn_s.1.loss_bbox: nan  rpn_s.1.loss_giou: nan  rpn_s.2.loss_cls: nan  rpn_s.2.loss_bbox: nan  rpn_s.2.loss_giou: nan  rpn_s.3.loss_cls: nan  rpn_s.3.loss_bbox: nan  rpn_s.3.loss_giou: nan  s0.loss_cls: nan  s0.pos_acc: 0.0000  s0.loss_bbox: nan  s0.loss_iou: nan  s1.loss_cls: nan  s1.pos_acc: 0.0000  s1.loss_bbox: nan  s1.loss_iou: nan
2026/04/01 00:39:20 - mmengine - INFO - Epoch(train)  [5][ 9750/10002]  lr: 5.0000e-06  eta: 8:48:27  time: 18.2708  data_time: 0.0033  memory: 7329  grad_norm: nan  loss: nan  rpn_s.0.loss_cls: nan  rpn_s.0.loss_bbox: nan  rpn_s.0.loss_giou: nan  rpn_s.1.loss_cls: nan  rpn_s.1.loss_bbox: nan  rpn_s.1.loss_giou: nan  rpn_s.2.loss_cls: nan  rpn_s.2.loss_bbox: nan  rpn_s.2.loss_giou: nan  rpn_s.3.loss_cls: nan  rpn_s.3.loss_bbox: nan  rpn_s.3.loss_giou: nan  s0.loss_cls: nan  s0.pos_acc: 0.0000  s0.loss_bbox: nan  s0.loss_iou: nan  s1.loss_cls: nan  s1.pos_acc: 0.0000  s1.loss_bbox: nan  s1.loss_iou: nan
2026/04/01 00:50:06 - mmengine - INFO - Epoch(train)  [5][ 9800/10002]  lr: 5.0000e-06  eta: 9:02:44  time: 12.9292  data_time: 0.0033  memory: 7329  grad_norm: nan  loss: nan  rpn_s.0.loss_cls: nan  rpn_s.0.loss_bbox: nan  rpn_s.0.loss_giou: nan  rpn_s.1.loss_cls: nan  rpn_s.1.loss_bbox: nan  rpn_s.1.loss_giou: nan  rpn_s.2.loss_cls: nan  rpn_s.2.loss_bbox: nan  rpn_s.2.loss_giou: nan  rpn_s.3.loss_cls: nan  rpn_s.3.loss_bbox: nan  rpn_s.3.loss_giou: nan  s0.loss_cls: nan  s0.pos_acc: 0.0000  s0.loss_bbox: nan  s0.loss_iou: nan  s1.loss_cls: nan  s1.pos_acc: 0.0000  s1.loss_bbox: nan  s1.loss_iou: nan
2026/04/01 01:01:58 - mmengine - INFO - Epoch(train)  [5][ 9850/10002]  lr: 5.0000e-06  eta: 9:18:30  time: 14.2292  data_time: 0.0033  memory: 7329  grad_norm: nan  loss: nan  rpn_s.0.loss_cls: nan  rpn_s.0.loss_bbox: nan  rpn_s.0.loss_giou: nan  rpn_s.1.loss_cls: nan  rpn_s.1.loss_bbox: nan  rpn_s.1.loss_giou: nan  rpn_s.2.loss_cls: nan  rpn_s.2.loss_bbox: nan  rpn_s.2.loss_giou: nan  rpn_s.3.loss_cls: nan  rpn_s.3.loss_bbox: nan  rpn_s.3.loss_giou: nan  s0.loss_cls: nan  s0.pos_acc: 0.0000  s0.loss_bbox: nan  s0.loss_iou: nan  s1.loss_cls: nan  s1.pos_acc: 0.0000  s1.loss_bbox: nan  s1.loss_iou: nan
2026/04/01 01:14:30 - mmengine - INFO - Epoch(train)  [5][ 9900/10002]  lr: 5.0000e-06  eta: 9:35:09  time: 15.0529  data_time: 0.0033  memory: 7329  grad_norm: nan  loss: nan  rpn_s.0.loss_cls: nan  rpn_s.0.loss_bbox: nan  rpn_s.0.loss_giou: nan  rpn_s.1.loss_cls: nan  rpn_s.1.loss_bbox: nan  rpn_s.1.loss_giou: nan  rpn_s.2.loss_cls: nan  rpn_s.2.loss_bbox: nan  rpn_s.2.loss_giou: nan  rpn_s.3.loss_cls: nan  rpn_s.3.loss_bbox: nan  rpn_s.3.loss_giou: nan  s0.loss_cls: nan  s0.pos_acc: 0.0000  s0.loss_bbox: nan  s0.loss_iou: nan  s1.loss_cls: nan  s1.pos_acc: 0.0000  s1.loss_bbox: nan  s1.loss_iou: nan
2026/04/01 01:23:28 - mmengine - INFO - Epoch(train)  [5][ 9950/10002]  lr: 5.0000e-06  eta: 9:46:44  time: 10.7490  data_time: 0.0032  memory: 7329  grad_norm: nan  loss: nan  rpn_s.0.loss_cls: nan  rpn_s.0.loss_bbox: nan  rpn_s.0.loss_giou: nan  rpn_s.1.loss_cls: nan  rpn_s.1.loss_bbox: nan  rpn_s.1.loss_giou: nan  rpn_s.2.loss_cls: nan  rpn_s.2.loss_bbox: nan  rpn_s.2.loss_giou: nan  rpn_s.3.loss_cls: nan  rpn_s.3.loss_bbox: nan  rpn_s.3.loss_giou: nan  s0.loss_cls: nan  s0.pos_acc: 0.0000  s0.loss_bbox: nan  s0.loss_iou: nan  s1.loss_cls: nan  s1.pos_acc: 0.0000  s1.loss_bbox: nan  s1.loss_iou: nan
2026/04/01 01:31:56 - mmengine - INFO - Exp name: GSDet_r50_b900_h2h4_h2r1_r2r1_2x_fair1m1.0_20260331_165920
2026/04/01 01:32:53 - mmengine - INFO - Epoch(train)  [5][10000/10002]  lr: 5.0000e-06  eta: 9:58:56  time: 11.3087  data_time: 0.0032  memory: 7329  grad_norm: nan  loss: nan  rpn_s.0.loss_cls: nan  rpn_s.0.loss_bbox: nan  rpn_s.0.loss_giou: nan  rpn_s.1.loss_cls: nan  rpn_s.1.loss_bbox: nan  rpn_s.1.loss_giou: nan  rpn_s.2.loss_cls: nan  rpn_s.2.loss_bbox: nan  rpn_s.2.loss_giou: nan  rpn_s.3.loss_cls: nan  rpn_s.3.loss_bbox: nan  rpn_s.3.loss_giou: nan  s0.loss_cls: nan  s0.pos_acc: 0.0000  s0.loss_bbox: nan  s0.loss_iou: nan  s1.loss_cls: nan  s1.pos_acc: 0.0000  s1.loss_bbox: nan  s1.loss_iou: nan
2026/04/01 01:33:15 - mmengine - INFO - Exp name: GSDet_r50_b900_h2h4_h2r1_r2r1_2x_fair1m1.0_20260331_165920
2026/04/01 01:33:15 - mmengine - INFO - Saving checkpoint at 5 epochs
2026/04/01 01:33:27 - mmengine - INFO - Epoch(val)  [5][  50/5717]    eta: 0:17:35  time: 0.1862  data_time: 0.0089  memory: 7328  
2026/04/01 01:33:43 - mmengine - INFO - Epoch(val)  [5][ 100/5717]    eta: 0:23:16  time: 0.3110  data_time: 0.1346  memory: 2612  
2026/04/01 01:34:00 - mmengine - INFO - Epoch(val)  [5][ 150/5717]    eta: 0:26:25  time: 0.3574  data_time: 0.1809  memory: 2612  
2026/04/01 01:34:14 - mmengine - INFO - Epoch(val)  [5][ 200/5717]    eta: 0:26:01  time: 0.2776  data_time: 0.1010  memory: 2612  
2026/04/01 01:34:23 - mmengine - INFO - Epoch(val)  [5][ 250/5717]    eta: 0:23:57  time: 0.1825  data_time: 0.0031  memory: 2612  
2026/04/01 01:34:32 - mmengine - INFO - Epoch(val)  [5][ 300/5717]    eta: 0:22:29  time: 0.1804  data_time: 0.0028  memory: 2612  
2026/04/01 01:34:41 - mmengine - INFO - Epoch(val)  [5][ 350/5717]    eta: 0:21:24  time: 0.1805  data_time: 0.0029  memory: 2612  
2026/04/01 01:34:50 - mmengine - INFO - Epoch(val)  [5][ 400/5717]    eta: 0:20:33  time: 0.1807  data_time: 0.0029  memory: 2612  
2026/04/01 01:35:00 - mmengine - INFO - Epoch(val)  [5][ 450/5717]    eta: 0:19:52  time: 0.1811  data_time: 0.0030  memory: 2612  
2026/04/01 01:35:09 - mmengine - INFO - Epoch(val)  [5][ 500/5717]    eta: 0:19:17  time: 0.1809  data_time: 0.0031  memory: 2612  
2026/04/01 01:35:18 - mmengine - INFO - Epoch(val)  [5][ 550/5717]    eta: 0:18:46  time: 0.1810  data_time: 0.0031  memory: 2612  
2026/04/01 01:35:27 - mmengine - INFO - Epoch(val)  [5][ 600/5717]    eta: 0:18:20  time: 0.1811  data_time: 0.0031  memory: 2612  
2026/04/01 01:35:36 - mmengine - INFO - Epoch(val)  [5][ 650/5717]    eta: 0:17:56  time: 0.1811  data_time: 0.0031  memory: 2612  
2026/04/01 01:35:45 - mmengine - INFO - Epoch(val)  [5][ 700/5717]    eta: 0:17:34  time: 0.1811  data_time: 0.0030  memory: 2612  
2026/04/01 01:35:54 - mmengine - INFO - Epoch(val)  [5][ 750/5717]    eta: 0:17:14  time: 0.1812  data_time: 0.0030  memory: 2612  
2026/04/01 01:36:03 - mmengine - INFO - Epoch(val)  [5][ 800/5717]    eta: 0:16:55  time: 0.1816  data_time: 0.0031  memory: 2612  
2026/04/01 01:36:12 - mmengine - INFO - Epoch(val)  [5][ 850/5717]    eta: 0:16:38  time: 0.1818  data_time: 0.0031  memory: 2612  
2026/04/01 01:36:21 - mmengine - INFO - Epoch(val)  [5][ 900/5717]    eta: 0:16:21  time: 0.1817  data_time: 0.0031  memory: 2612  
2026/04/01 01:36:30 - mmengine - INFO - Epoch(val)  [5][ 950/5717]    eta: 0:16:06  time: 0.1818  data_time: 0.0031  memory: 2612  
2026/04/01 01:36:39 - mmengine - INFO - Epoch(val)  [5][1000/5717]    eta: 0:15:51  time: 0.1818  data_time: 0.0031  memory: 2612  
2026/04/01 01:36:48 - mmengine - INFO - Epoch(val)  [5][1050/5717]    eta: 0:15:36  time: 0.1820  data_time: 0.0032  memory: 2612  
2026/04/01 01:36:58 - mmengine - INFO - Epoch(val)  [5][1100/5717]    eta: 0:15:22  time: 0.1822  data_time: 0.0032  memory: 2612  
2026/04/01 01:37:07 - mmengine - INFO - Epoch(val)  [5][1150/5717]    eta: 0:15:09  time: 0.1821  data_time: 0.0031  memory: 2612  
2026/04/01 01:37:16 - mmengine - INFO - Epoch(val)  [5][1200/5717]    eta: 0:14:56  time: 0.1821  data_time: 0.0032  memory: 2612  
2026/04/01 01:37:25 - mmengine - INFO - Epoch(val)  [5][1250/5717]    eta: 0:14:43  time: 0.1823  data_time: 0.0032  memory: 2612  
2026/04/01 01:37:34 - mmengine - INFO - Epoch(val)  [5][1300/5717]    eta: 0:14:30  time: 0.1822  data_time: 0.0032  memory: 2612  
2026/04/01 01:37:43 - mmengine - INFO - Epoch(val)  [5][1350/5717]    eta: 0:14:18  time: 0.1821  data_time: 0.0031  memory: 2612  
2026/04/01 01:37:52 - mmengine - INFO - Epoch(val)  [5][1400/5717]    eta: 0:14:06  time: 0.1821  data_time: 0.0032  memory: 2612  
2026/04/01 01:38:01 - mmengine - INFO - Epoch(val)  [5][1450/5717]    eta: 0:13:54  time: 0.1821  data_time: 0.0031  memory: 2612  
2026/04/01 01:38:10 - mmengine - INFO - Epoch(val)  [5][1500/5717]    eta: 0:13:42  time: 0.1823  data_time: 0.0030  memory: 2612  
2026/04/01 01:38:20 - mmengine - INFO - Epoch(val)  [5][1550/5717]    eta: 0:13:31  time: 0.1822  data_time: 0.0031  memory: 2612  
2026/04/01 01:38:29 - mmengine - INFO - Epoch(val)  [5][1600/5717]    eta: 0:13:20  time: 0.1824  data_time: 0.0032  memory: 2612  
2026/04/01 01:38:38 - mmengine - INFO - Epoch(val)  [5][1650/5717]    eta: 0:13:08  time: 0.1823  data_time: 0.0031  memory: 2612  
2026/04/01 01:38:47 - mmengine - INFO - Epoch(val)  [5][1700/5717]    eta: 0:12:57  time: 0.1819  data_time: 0.0030  memory: 2612  
2026/04/01 01:38:56 - mmengine - INFO - Epoch(val)  [5][1750/5717]    eta: 0:12:46  time: 0.1820  data_time: 0.0031  memory: 2612  
2026/04/01 01:39:05 - mmengine - INFO - Epoch(val)  [5][1800/5717]    eta: 0:12:35  time: 0.1821  data_time: 0.0031  memory: 2612  
2026/04/01 01:39:14 - mmengine - INFO - Epoch(val)  [5][1850/5717]    eta: 0:12:25  time: 0.1820  data_time: 0.0031  memory: 2612  
2026/04/01 01:39:23 - mmengine - INFO - Epoch(val)  [5][1900/5717]    eta: 0:12:14  time: 0.1822  data_time: 0.0031  memory: 2612  
2026/04/01 01:39:32 - mmengine - INFO - Epoch(val)  [5][1950/5717]    eta: 0:12:03  time: 0.1822  data_time: 0.0031  memory: 2612  
2026/04/01 01:39:42 - mmengine - INFO - Epoch(val)  [5][2000/5717]    eta: 0:11:53  time: 0.1821  data_time: 0.0031  memory: 2612  
2026/04/01 01:39:51 - mmengine - INFO - Epoch(val)  [5][2050/5717]    eta: 0:11:42  time: 0.1822  data_time: 0.0030  memory: 2612  
2026/04/01 01:40:00 - mmengine - INFO - Epoch(val)  [5][2100/5717]    eta: 0:11:32  time: 0.1823  data_time: 0.0031  memory: 2612  
2026/04/01 01:40:09 - mmengine - INFO - Epoch(val)  [5][2150/5717]    eta: 0:11:22  time: 0.1824  data_time: 0.0032  memory: 2612  
2026/04/01 01:40:18 - mmengine - INFO - Epoch(val)  [5][2200/5717]    eta: 0:11:11  time: 0.1822  data_time: 0.0031  memory: 2612  
2026/04/01 01:40:27 - mmengine - INFO - Epoch(val)  [5][2250/5717]    eta: 0:11:01  time: 0.1825  data_time: 0.0030  memory: 2612  
2026/04/01 01:40:36 - mmengine - INFO - Epoch(val)  [5][2300/5717]    eta: 0:10:51  time: 0.1822  data_time: 0.0029  memory: 2612  
2026/04/01 01:40:45 - mmengine - INFO - Epoch(val)  [5][2350/5717]    eta: 0:10:41  time: 0.1822  data_time: 0.0030  memory: 2612  
2026/04/01 01:40:54 - mmengine - INFO - Epoch(val)  [5][2400/5717]    eta: 0:10:31  time: 0.1826  data_time: 0.0031  memory: 2612  
2026/04/01 01:41:04 - mmengine - INFO - Epoch(val)  [5][2450/5717]    eta: 0:10:21  time: 0.1825  data_time: 0.0031  memory: 2612  
2026/04/01 01:41:13 - mmengine - INFO - Epoch(val)  [5][2500/5717]    eta: 0:10:11  time: 0.1828  data_time: 0.0032  memory: 2612  
2026/04/01 01:41:22 - mmengine - INFO - Epoch(val)  [5][2550/5717]    eta: 0:10:01  time: 0.1825  data_time: 0.0031  memory: 2612  
2026/04/01 01:41:31 - mmengine - INFO - Epoch(val)  [5][2600/5717]    eta: 0:09:51  time: 0.1828  data_time: 0.0031  memory: 2612  
2026/04/01 01:41:40 - mmengine - INFO - Epoch(val)  [5][2650/5717]    eta: 0:09:41  time: 0.1827  data_time: 0.0030  memory: 2612  
2026/04/01 01:41:49 - mmengine - INFO - Epoch(val)  [5][2700/5717]    eta: 0:09:31  time: 0.1825  data_time: 0.0030  memory: 2612  
2026/04/01 01:41:58 - mmengine - INFO - Epoch(val)  [5][2750/5717]    eta: 0:09:21  time: 0.1827  data_time: 0.0031  memory: 2612  
2026/04/01 01:42:08 - mmengine - INFO - Epoch(val)  [5][2800/5717]    eta: 0:09:11  time: 0.1824  data_time: 0.0030  memory: 2612  
2026/04/01 01:42:17 - mmengine - INFO - Epoch(val)  [5][2850/5717]    eta: 0:09:02  time: 0.1827  data_time: 0.0031  memory: 2612  
2026/04/01 01:42:26 - mmengine - INFO - Epoch(val)  [5][2900/5717]    eta: 0:08:52  time: 0.1827  data_time: 0.0031  memory: 2612  
2026/04/01 01:42:35 - mmengine - INFO - Epoch(val)  [5][2950/5717]    eta: 0:08:42  time: 0.1826  data_time: 0.0031  memory: 2612  
2026/04/01 01:42:44 - mmengine - INFO - Epoch(val)  [5][3000/5717]    eta: 0:08:32  time: 0.1827  data_time: 0.0031  memory: 2612  
2026/04/01 01:42:53 - mmengine - INFO - Epoch(val)  [5][3050/5717]    eta: 0:08:23  time: 0.1828  data_time: 0.0031  memory: 2612  
2026/04/01 01:43:02 - mmengine - INFO - Epoch(val)  [5][3100/5717]    eta: 0:08:13  time: 0.1829  data_time: 0.0031  memory: 2612  
2026/04/01 01:43:11 - mmengine - INFO - Epoch(val)  [5][3150/5717]    eta: 0:08:03  time: 0.1828  data_time: 0.0031  memory: 2612  
2026/04/01 01:43:21 - mmengine - INFO - Epoch(val)  [5][3200/5717]    eta: 0:07:54  time: 0.1828  data_time: 0.0031  memory: 2612  
2026/04/01 01:43:30 - mmengine - INFO - Epoch(val)  [5][3250/5717]    eta: 0:07:44  time: 0.1829  data_time: 0.0032  memory: 2612  
2026/04/01 01:43:39 - mmengine - INFO - Epoch(val)  [5][3300/5717]    eta: 0:07:34  time: 0.1830  data_time: 0.0031  memory: 2612  
2026/04/01 01:43:48 - mmengine - INFO - Epoch(val)  [5][3350/5717]    eta: 0:07:25  time: 0.1828  data_time: 0.0032  memory: 2612  
2026/04/01 01:43:57 - mmengine - INFO - Epoch(val)  [5][3400/5717]    eta: 0:07:15  time: 0.1827  data_time: 0.0031  memory: 2612  
2026/04/01 01:44:06 - mmengine - INFO - Epoch(val)  [5][3450/5717]    eta: 0:07:06  time: 0.1827  data_time: 0.0031  memory: 2612  
2026/04/01 01:44:15 - mmengine - INFO - Epoch(val)  [5][3500/5717]    eta: 0:06:56  time: 0.1828  data_time: 0.0031  memory: 2612  
2026/04/01 01:44:25 - mmengine - INFO - Epoch(val)  [5][3550/5717]    eta: 0:06:47  time: 0.1857  data_time: 0.0032  memory: 2612  
2026/04/01 01:44:34 - mmengine - INFO - Epoch(val)  [5][3600/5717]    eta: 0:06:37  time: 0.1827  data_time: 0.0032  memory: 2612  
2026/04/01 01:44:43 - mmengine - INFO - Epoch(val)  [5][3650/5717]    eta: 0:06:28  time: 0.1829  data_time: 0.0032  memory: 2612  
2026/04/01 01:44:52 - mmengine - INFO - Epoch(val)  [5][3700/5717]    eta: 0:06:18  time: 0.1827  data_time: 0.0030  memory: 2612  
2026/04/01 01:45:01 - mmengine - INFO - Epoch(val)  [5][3750/5717]    eta: 0:06:09  time: 0.1827  data_time: 0.0030  memory: 2612  
2026/04/01 01:45:10 - mmengine - INFO - Epoch(val)  [5][3800/5717]    eta: 0:05:59  time: 0.1829  data_time: 0.0031  memory: 2612  
2026/04/01 01:45:20 - mmengine - INFO - Epoch(val)  [5][3850/5717]    eta: 0:05:50  time: 0.1826  data_time: 0.0030  memory: 2612  
2026/04/01 01:45:29 - mmengine - INFO - Epoch(val)  [5][3900/5717]    eta: 0:05:40  time: 0.1829  data_time: 0.0032  memory: 2612  
2026/04/01 01:45:38 - mmengine - INFO - Epoch(val)  [5][3950/5717]    eta: 0:05:31  time: 0.1828  data_time: 0.0031  memory: 2612  
2026/04/01 01:45:47 - mmengine - INFO - Epoch(val)  [5][4000/5717]    eta: 0:05:21  time: 0.1827  data_time: 0.0031  memory: 2612  
2026/04/01 01:45:56 - mmengine - INFO - Epoch(val)  [5][4050/5717]    eta: 0:05:12  time: 0.1826  data_time: 0.0031  memory: 2612  
2026/04/01 01:46:05 - mmengine - INFO - Epoch(val)  [5][4100/5717]    eta: 0:05:02  time: 0.1826  data_time: 0.0031  memory: 2612  
2026/04/01 01:46:14 - mmengine - INFO - Epoch(val)  [5][4150/5717]    eta: 0:04:53  time: 0.1830  data_time: 0.0031  memory: 2612  
2026/04/01 01:46:24 - mmengine - INFO - Epoch(val)  [5][4200/5717]    eta: 0:04:43  time: 0.1828  data_time: 0.0032  memory: 2612  
2026/04/01 01:46:33 - mmengine - INFO - Epoch(val)  [5][4250/5717]    eta: 0:04:34  time: 0.1829  data_time: 0.0032  memory: 2612  
2026/04/01 01:46:42 - mmengine - INFO - Epoch(val)  [5][4300/5717]    eta: 0:04:24  time: 0.1829  data_time: 0.0032  memory: 2612  
2026/04/01 01:46:51 - mmengine - INFO - Epoch(val)  [5][4350/5717]    eta: 0:04:15  time: 0.1830  data_time: 0.0031  memory: 2612  
2026/04/01 01:47:00 - mmengine - INFO - Epoch(val)  [5][4400/5717]    eta: 0:04:06  time: 0.1831  data_time: 0.0031  memory: 2612  
2026/04/01 01:47:09 - mmengine - INFO - Epoch(val)  [5][4450/5717]    eta: 0:03:56  time: 0.1827  data_time: 0.0031  memory: 2612  
2026/04/01 01:47:19 - mmengine - INFO - Epoch(val)  [5][4500/5717]    eta: 0:03:47  time: 0.1829  data_time: 0.0031  memory: 2612  
2026/04/01 01:47:28 - mmengine - INFO - Epoch(val)  [5][4550/5717]    eta: 0:03:37  time: 0.1828  data_time: 0.0031  memory: 2612  
2026/04/01 01:47:37 - mmengine - INFO - Epoch(val)  [5][4600/5717]    eta: 0:03:28  time: 0.1827  data_time: 0.0030  memory: 2612  
2026/04/01 01:47:46 - mmengine - INFO - Epoch(val)  [5][4650/5717]    eta: 0:03:19  time: 0.1826  data_time: 0.0030  memory: 2612  
2026/04/01 01:47:55 - mmengine - INFO - Epoch(val)  [5][4700/5717]    eta: 0:03:09  time: 0.1825  data_time: 0.0030  memory: 2612  
2026/04/01 01:48:04 - mmengine - INFO - Epoch(val)  [5][4750/5717]    eta: 0:03:00  time: 0.1828  data_time: 0.0030  memory: 2612  
2026/04/01 01:48:13 - mmengine - INFO - Epoch(val)  [5][4800/5717]    eta: 0:02:51  time: 0.1827  data_time: 0.0032  memory: 2612  
2026/04/01 01:48:22 - mmengine - INFO - Epoch(val)  [5][4850/5717]    eta: 0:02:41  time: 0.1828  data_time: 0.0032  memory: 2612  
2026/04/01 01:48:32 - mmengine - INFO - Epoch(val)  [5][4900/5717]    eta: 0:02:32  time: 0.1829  data_time: 0.0032  memory: 2612  
2026/04/01 01:48:41 - mmengine - INFO - Epoch(val)  [5][4950/5717]    eta: 0:02:22  time: 0.1826  data_time: 0.0031  memory: 2612  
2026/04/01 01:48:50 - mmengine - INFO - Epoch(val)  [5][5000/5717]    eta: 0:02:13  time: 0.1826  data_time: 0.0031  memory: 2612  
2026/04/01 01:48:59 - mmengine - INFO - Epoch(val)  [5][5050/5717]    eta: 0:02:04  time: 0.1826  data_time: 0.0031  memory: 2612  
2026/04/01 01:49:08 - mmengine - INFO - Epoch(val)  [5][5100/5717]    eta: 0:01:54  time: 0.1828  data_time: 0.0031  memory: 2612  
2026/04/01 01:49:17 - mmengine - INFO - Epoch(val)  [5][5150/5717]    eta: 0:01:45  time: 0.1827  data_time: 0.0031  memory: 2612  
2026/04/01 01:49:26 - mmengine - INFO - Epoch(val)  [5][5200/5717]    eta: 0:01:36  time: 0.1826  data_time: 0.0031  memory: 2612  
2026/04/01 01:49:36 - mmengine - INFO - Epoch(val)  [5][5250/5717]    eta: 0:01:26  time: 0.1827  data_time: 0.0031  memory: 2612  
2026/04/01 01:49:45 - mmengine - INFO - Epoch(val)  [5][5300/5717]    eta: 0:01:17  time: 0.1830  data_time: 0.0032  memory: 2612  
2026/04/01 01:49:54 - mmengine - INFO - Epoch(val)  [5][5350/5717]    eta: 0:01:08  time: 0.1829  data_time: 0.0031  memory: 2612  
2026/04/01 01:50:03 - mmengine - INFO - Epoch(val)  [5][5400/5717]    eta: 0:00:59  time: 0.1828  data_time: 0.0031  memory: 2612  
2026/04/01 01:50:12 - mmengine - INFO - Epoch(val)  [5][5450/5717]    eta: 0:00:49  time: 0.1830  data_time: 0.0032  memory: 2612  
2026/04/01 01:50:21 - mmengine - INFO - Epoch(val)  [5][5500/5717]    eta: 0:00:40  time: 0.1828  data_time: 0.0031  memory: 2612  
2026/04/01 01:50:30 - mmengine - INFO - Epoch(val)  [5][5550/5717]    eta: 0:00:31  time: 0.1827  data_time: 0.0031  memory: 2612  
2026/04/01 01:50:40 - mmengine - INFO - Epoch(val)  [5][5600/5717]    eta: 0:00:21  time: 0.1829  data_time: 0.0032  memory: 2612  
2026/04/01 01:50:49 - mmengine - INFO - Epoch(val)  [5][5650/5717]    eta: 0:00:12  time: 0.1828  data_time: 0.0032  memory: 2612  
2026/04/01 01:50:58 - mmengine - INFO - Epoch(val)  [5][5700/5717]    eta: 0:00:03  time: 0.1827  data_time: 0.0031  memory: 2612  
2026/04/01 01:53:04 - mmengine - INFO - 
---------------iou_thr: 0.5---------------
2026/04/01 01:54:32 - mmengine - INFO - 
+-------------------+--------+--------+---------+---------+
| class             | gts    | dets   | recall  | ap      |
+-------------------+--------+--------+---------+---------+
| Passenger Ship    | 840    | 571675 | 0.00000 | 0.00000 |
| Liquid Cargo Ship | 3431   | 571675 | 0.00000 | 0.00000 |
| Dry Cargo Ship    | 12017  | 571675 | 0.00000 | 0.00000 |
| Motorboat         | 9265   | 571675 | 0.00000 | 0.00000 |
| Fishing Boat      | 8393   | 571675 | 0.00000 | 0.00000 |
| Warship           | 782    | 571675 | 0.00000 | 0.00000 |
| Engineering Ship  | 1955   | 571675 | 0.00000 | 0.00000 |
| other-ship        | 2848   | 571675 | 0.00000 | 0.00000 |
| Tugboat           | 2338   | 571675 | 0.00000 | 0.00000 |
| Small Car         | 143249 | 571675 | 0.00000 | 0.00000 |
| Cargo Truck       | 9254   | 571675 | 0.00000 | 0.00000 |
| Van               | 132288 | 571675 | 0.00000 | 0.00000 |
| Trailer           | 587    | 548808 | 0.00000 | 0.00000 |
| other-vehicle     | 3062   | 548808 | 0.00000 | 0.00000 |
| Dump Truck        | 25769  | 548808 | 0.00000 | 0.00000 |
| Bus               | 1019   | 548808 | 0.00000 | 0.00000 |
| Tractor           | 262    | 548808 | 0.00000 | 0.00000 |
| Excavator         | 890    | 548808 | 0.00000 | 0.00000 |
| Truck Tractor     | 923    | 548808 | 0.00000 | 0.00000 |
| Boeing737         | 4208   | 548808 | 0.00000 | 0.00000 |
| Boeing747         | 1717   | 548808 | 0.00000 | 0.00000 |
| Boeing777         | 1660   | 548808 | 0.00000 | 0.00000 |
| Boeing787         | 1757   | 548808 | 0.00000 | 0.00000 |
| other-airplane    | 10413  | 548808 | 0.00000 | 0.00000 |
| C919              | 138    | 548808 | 0.00000 | 0.00000 |
| A220              | 6485   | 548808 | 0.00000 | 0.00000 |
| A321              | 2702   | 548808 | 0.00000 | 0.00000 |
| A330              | 1693   | 548808 | 0.00000 | 0.00000 |
| A350              | 1122   | 548808 | 0.00000 | 0.00000 |
| ARJ21             | 186    | 548808 | 0.00000 | 0.00000 |
| Tennis Court      | 2941   | 548808 | 0.00000 | 0.00000 |
| Football Field    | 880    | 548808 | 0.00000 | 0.00000 |
| Basketball Court  | 1322   | 548808 | 0.00000 | 0.00000 |
| Baseball Field    | 1062   | 548808 | 0.00000 | 0.00000 |
| Intersection      | 6958   | 548808 | 0.00000 | 0.00000 |
| Bridge            | 1212   | 548808 | 0.00000 | 0.00000 |
| Roundabout        | 584    | 548808 | 0.00000 | 0.00000 |
+-------------------+--------+--------+---------+---------+
| mAP               |        |        |         | 0.00000 |
+-------------------+--------+--------+---------+---------+
2026/04/01 01:54:33 - mmengine - INFO - Epoch(val) [5][5717/5717]    fair/mAP: 0.0000  fair/AP50: 0.0000  data_time: 0.0067  time: 0.1859
2026/04/01 02:03:13 - mmengine - INFO - Epoch(train)  [6][   50/10002]  lr: 5.0000e-06  eta: 10:10:29  time: 10.4031  data_time: 0.0177  memory: 7329  grad_norm: nan  loss: nan  rpn_s.0.loss_cls: nan  rpn_s.0.loss_bbox: nan  rpn_s.0.loss_giou: nan  rpn_s.1.loss_cls: nan  rpn_s.1.loss_bbox: nan  rpn_s.1.loss_giou: nan  rpn_s.2.loss_cls: nan  rpn_s.2.loss_bbox: nan  rpn_s.2.loss_giou: nan  rpn_s.3.loss_cls: nan  rpn_s.3.loss_bbox: nan  rpn_s.3.loss_giou: nan  s0.loss_cls: nan  s0.pos_acc: 0.0000  s0.loss_bbox: nan  s0.loss_iou: nan  s1.loss_cls: nan  s1.pos_acc: 0.0000  s1.loss_bbox: nan  s1.loss_iou: nan
2026/04/01 02:14:48 - mmengine - INFO - Epoch(train)  [6][  100/10002]  lr: 5.0000e-06  eta: 10:25:36  time: 13.8967  data_time: 0.0033  memory: 7329  grad_norm: nan  loss: nan  rpn_s.0.loss_cls: nan  rpn_s.0.loss_bbox: nan  rpn_s.0.loss_giou: nan  rpn_s.1.loss_cls: nan  rpn_s.1.loss_bbox: nan  rpn_s.1.loss_giou: nan  rpn_s.2.loss_cls: nan  rpn_s.2.loss_bbox: nan  rpn_s.2.loss_giou: nan  rpn_s.3.loss_cls: nan  rpn_s.3.loss_bbox: nan  rpn_s.3.loss_giou: nan  s0.loss_cls: nan  s0.pos_acc: 0.0000  s0.loss_bbox: nan  s0.loss_iou: nan  s1.loss_cls: nan  s1.pos_acc: 0.0000  s1.loss_bbox: nan  s1.loss_iou: nan
2026/04/01 02:27:41 - mmengine - INFO - Epoch(train)  [6][  150/10002]  lr: 5.0000e-06  eta: 10:42:28  time: 15.4565  data_time: 0.0033  memory: 7329  grad_norm: nan  loss: nan  rpn_s.0.loss_cls: nan  rpn_s.0.loss_bbox: nan  rpn_s.0.loss_giou: nan  rpn_s.1.loss_cls: nan  rpn_s.1.loss_bbox: nan  rpn_s.1.loss_giou: nan  rpn_s.2.loss_cls: nan  rpn_s.2.loss_bbox: nan  rpn_s.2.loss_giou: nan  rpn_s.3.loss_cls: nan  rpn_s.3.loss_bbox: nan  rpn_s.3.loss_giou: nan  s0.loss_cls: nan  s0.pos_acc: 0.0000  s0.loss_bbox: nan  s0.loss_iou: nan  s1.loss_cls: nan  s1.pos_acc: 0.0000  s1.loss_bbox: nan  s1.loss_iou: nan
2026/04/01 02:39:16 - mmengine - INFO - Epoch(train)  [6][  200/10002]  lr: 5.0000e-06  eta: 10:57:28  time: 13.8994  data_time: 0.0034  memory: 7329  grad_norm: nan  loss: nan  rpn_s.0.loss_cls: nan  rpn_s.0.loss_bbox: nan  rpn_s.0.loss_giou: nan  rpn_s.1.loss_cls: nan  rpn_s.1.loss_bbox: nan  rpn_s.1.loss_giou: nan  rpn_s.2.loss_cls: nan  rpn_s.2.loss_bbox: nan  rpn_s.2.loss_giou: nan  rpn_s.3.loss_cls: nan  rpn_s.3.loss_bbox: nan  rpn_s.3.loss_giou: nan  s0.loss_cls: nan  s0.pos_acc: 0.0000  s0.loss_bbox: nan  s0.loss_iou: nan  s1.loss_cls: nan  s1.pos_acc: 0.0000  s1.loss_bbox: nan  s1.loss_iou: nan
2026/04/01 02:51:06 - mmengine - INFO - Epoch(train)  [6][  250/10002]  lr: 5.0000e-06  eta: 11:12:46  time: 14.1965  data_time: 0.0034  memory: 7329  grad_norm: nan  loss: nan  rpn_s.0.loss_cls: nan  rpn_s.0.loss_bbox: nan  rpn_s.0.loss_giou: nan  rpn_s.1.loss_cls: nan  rpn_s.1.loss_bbox: nan  rpn_s.1.loss_giou: nan  rpn_s.2.loss_cls: nan  rpn_s.2.loss_bbox: nan  rpn_s.2.loss_giou: nan  rpn_s.3.loss_cls: nan  rpn_s.3.loss_bbox: nan  rpn_s.3.loss_giou: nan  s0.loss_cls: nan  s0.pos_acc: 0.0000  s0.loss_bbox: nan  s0.loss_iou: nan  s1.loss_cls: nan  s1.pos_acc: 0.0000  s1.loss_bbox: nan  s1.loss_iou: nan
2026/04/01 03:04:31 - mmengine - INFO - Epoch(train)  [6][  300/10002]  lr: 5.0000e-06  eta: 11:30:13  time: 16.1097  data_time: 0.0034  memory: 7329  grad_norm: nan  loss: nan  rpn_s.0.loss_cls: nan  rpn_s.0.loss_bbox: nan  rpn_s.0.loss_giou: nan  rpn_s.1.loss_cls: nan  rpn_s.1.loss_bbox: nan  rpn_s.1.loss_giou: nan  rpn_s.2.loss_cls: nan  rpn_s.2.loss_bbox: nan  rpn_s.2.loss_giou: nan  rpn_s.3.loss_cls: nan  rpn_s.3.loss_bbox: nan  rpn_s.3.loss_giou: nan  s0.loss_cls: nan  s0.pos_acc: 0.0000  s0.loss_bbox: nan  s0.loss_iou: nan  s1.loss_cls: nan  s1.pos_acc: 0.0000  s1.loss_bbox: nan  s1.loss_iou: nan
2026/04/01 03:13:51 - mmengine - INFO - Epoch(train)  [6][  350/10002]  lr: 5.0000e-06  eta: 11:41:56  time: 11.1872  data_time: 0.0034  memory: 7329  grad_norm: nan  loss: nan  rpn_s.0.loss_cls: nan  rpn_s.0.loss_bbox: nan  rpn_s.0.loss_giou: nan  rpn_s.1.loss_cls: nan  rpn_s.1.loss_bbox: nan  rpn_s.1.loss_giou: nan  rpn_s.2.loss_cls: nan  rpn_s.2.loss_bbox: nan  rpn_s.2.loss_giou: nan  rpn_s.3.loss_cls: nan  rpn_s.3.loss_bbox: nan  rpn_s.3.loss_giou: nan  s0.loss_cls: nan  s0.pos_acc: 0.0000  s0.loss_bbox: nan  s0.loss_iou: nan  s1.loss_cls: nan  s1.pos_acc: 0.0000  s1.loss_bbox: nan  s1.loss_iou: nan
2026/04/01 03:23:29 - mmengine - INFO - Epoch(train)  [6][  400/10002]  lr: 5.0000e-06  eta: 11:54:03  time: 11.5626  data_time: 0.0034  memory: 7329  grad_norm: nan  loss: nan  rpn_s.0.loss_cls: nan  rpn_s.0.loss_bbox: nan  rpn_s.0.loss_giou: nan  rpn_s.1.loss_cls: nan  rpn_s.1.loss_bbox: nan  rpn_s.1.loss_giou: nan  rpn_s.2.loss_cls: nan  rpn_s.2.loss_bbox: nan  rpn_s.2.loss_giou: nan  rpn_s.3.loss_cls: nan  rpn_s.3.loss_bbox: nan  rpn_s.3.loss_giou: nan  s0.loss_cls: nan  s0.pos_acc: 0.0000  s0.loss_bbox: nan  s0.loss_iou: nan  s1.loss_cls: nan  s1.pos_acc: 0.0000  s1.loss_bbox: nan  s1.loss_iou: nan
2026/04/01 03:33:43 - mmengine - INFO - Epoch(train)  [6][  450/10002]  lr: 5.0000e-06  eta: 12:06:56  time: 12.2772  data_time: 0.0034  memory: 7329  grad_norm: nan  loss: nan  rpn_s.0.loss_cls: nan  rpn_s.0.loss_bbox: nan  rpn_s.0.loss_giou: nan  rpn_s.1.loss_cls: nan  rpn_s.1.loss_bbox: nan  rpn_s.1.loss_giou: nan  rpn_s.2.loss_cls: nan  rpn_s.2.loss_bbox: nan  rpn_s.2.loss_giou: nan  rpn_s.3.loss_cls: nan  rpn_s.3.loss_bbox: nan  rpn_s.3.loss_giou: nan  s0.loss_cls: nan  s0.pos_acc: 0.0000  s0.loss_bbox: nan  s0.loss_iou: nan  s1.loss_cls: nan  s1.pos_acc: 0.0000  s1.loss_bbox: nan  s1.loss_iou: nan
2026/04/01 03:43:39 - mmengine - INFO - Epoch(train)  [6][  500/10002]  lr: 5.0000e-06  eta: 12:19:22  time: 11.9249  data_time: 0.0033  memory: 7329  grad_norm: nan  loss: nan  rpn_s.0.loss_cls: nan  rpn_s.0.loss_bbox: nan  rpn_s.0.loss_giou: nan  rpn_s.1.loss_cls: nan  rpn_s.1.loss_bbox: nan  rpn_s.1.loss_giou: nan  rpn_s.2.loss_cls: nan  rpn_s.2.loss_bbox: nan  rpn_s.2.loss_giou: nan  rpn_s.3.loss_cls: nan  rpn_s.3.loss_bbox: nan  rpn_s.3.loss_giou: nan  s0.loss_cls: nan  s0.pos_acc: 0.0000  s0.loss_bbox: nan  s0.loss_iou: nan  s1.loss_cls: nan  s1.pos_acc: 0.0000  s1.loss_bbox: nan  s1.loss_iou: nan
2026/04/01 03:58:43 - mmengine - INFO - Epoch(train)  [6][  550/10002]  lr: 5.0000e-06  eta: 12:38:48  time: 18.0737  data_time: 0.0034  memory: 7329  grad_norm: nan  loss: nan  rpn_s.0.loss_cls: nan  rpn_s.0.loss_bbox: nan  rpn_s.0.loss_giou: nan  rpn_s.1.loss_cls: nan  rpn_s.1.loss_bbox: nan  rpn_s.1.loss_giou: nan  rpn_s.2.loss_cls: nan  rpn_s.2.loss_bbox: nan  rpn_s.2.loss_giou: nan  rpn_s.3.loss_cls: nan  rpn_s.3.loss_bbox: nan  rpn_s.3.loss_giou: nan  s0.loss_cls: nan  s0.pos_acc: 18.1818  s0.loss_bbox: nan  s0.loss_iou: nan  s1.loss_cls: nan  s1.pos_acc: 18.1818  s1.loss_bbox: nan  s1.loss_iou: nan
2026/04/01 04:09:47 - mmengine - INFO - Epoch(train)  [6][  600/10002]  lr: 5.0000e-06  eta: 12:52:40  time: 13.2766  data_time: 0.0033  memory: 7329  grad_norm: nan  loss: nan  rpn_s.0.loss_cls: nan  rpn_s.0.loss_bbox: nan  rpn_s.0.loss_giou: nan  rpn_s.1.loss_cls: nan  rpn_s.1.loss_bbox: nan  rpn_s.1.loss_giou: nan  rpn_s.2.loss_cls: nan  rpn_s.2.loss_bbox: nan  rpn_s.2.loss_giou: nan  rpn_s.3.loss_cls: nan  rpn_s.3.loss_bbox: nan  rpn_s.3.loss_giou: nan  s0.loss_cls: nan  s0.pos_acc: 0.0000  s0.loss_bbox: nan  s0.loss_iou: nan  s1.loss_cls: nan  s1.pos_acc: 0.0000  s1.loss_bbox: nan  s1.loss_iou: nan
2026/04/01 04:22:13 - mmengine - INFO - Epoch(train)  [6][  650/10002]  lr: 5.0000e-06  eta: 13:08:23  time: 14.9287  data_time: 0.0034  memory: 7329  grad_norm: nan  loss: nan  rpn_s.0.loss_cls: nan  rpn_s.0.loss_bbox: nan  rpn_s.0.loss_giou: nan  rpn_s.1.loss_cls: nan  rpn_s.1.loss_bbox: nan  rpn_s.1.loss_giou: nan  rpn_s.2.loss_cls: nan  rpn_s.2.loss_bbox: nan  rpn_s.2.loss_giou: nan  rpn_s.3.loss_cls: nan  rpn_s.3.loss_bbox: nan  rpn_s.3.loss_giou: nan  s0.loss_cls: nan  s0.pos_acc: 0.0000  s0.loss_bbox: nan  s0.loss_iou: nan  s1.loss_cls: nan  s1.pos_acc: 0.0000  s1.loss_bbox: nan  s1.loss_iou: nan
2026/04/01 04:36:14 - mmengine - INFO - Epoch(train)  [6][  700/10002]  lr: 5.0000e-06  eta: 13:26:12  time: 16.8234  data_time: 0.0034  memory: 7329  grad_norm: nan  loss: nan  rpn_s.0.loss_cls: nan  rpn_s.0.loss_bbox: nan  rpn_s.0.loss_giou: nan  rpn_s.1.loss_cls: nan  rpn_s.1.loss_bbox: nan  rpn_s.1.loss_giou: nan  rpn_s.2.loss_cls: nan  rpn_s.2.loss_bbox: nan  rpn_s.2.loss_giou: nan  rpn_s.3.loss_cls: nan  rpn_s.3.loss_bbox: nan  rpn_s.3.loss_giou: nan  s0.loss_cls: nan  s0.pos_acc: 0.0000  s0.loss_bbox: nan  s0.loss_iou: nan  s1.loss_cls: nan  s1.pos_acc: 0.0000  s1.loss_bbox: nan  s1.loss_iou: nan
2026/04/01 04:48:28 - mmengine - INFO - Epoch(train)  [6][  750/10002]  lr: 5.0000e-06  eta: 13:41:31  time: 14.6746  data_time: 0.0034  memory: 7329  grad_norm: nan  loss: nan  rpn_s.0.loss_cls: nan  rpn_s.0.loss_bbox: nan  rpn_s.0.loss_giou: nan  rpn_s.1.loss_cls: nan  rpn_s.1.loss_bbox: nan  rpn_s.1.loss_giou: nan  rpn_s.2.loss_cls: nan  rpn_s.2.loss_bbox: nan  rpn_s.2.loss_giou: nan  rpn_s.3.loss_cls: nan  rpn_s.3.loss_bbox: nan  rpn_s.3.loss_giou: nan  s0.loss_cls: nan  s0.pos_acc: 0.0000  s0.loss_bbox: nan  s0.loss_iou: nan  s1.loss_cls: nan  s1.pos_acc: 0.0000  s1.loss_bbox: nan  s1.loss_iou: nan
2026/04/01 05:03:35 - mmengine - INFO - Epoch(train)  [6][  800/10002]  lr: 5.0000e-06  eta: 14:00:42  time: 18.1355  data_time: 0.0034  memory: 7329  grad_norm: nan  loss: nan  rpn_s.0.loss_cls: nan  rpn_s.0.loss_bbox: nan  rpn_s.0.loss_giou: nan  rpn_s.1.loss_cls: nan  rpn_s.1.loss_bbox: nan  rpn_s.1.loss_giou: nan  rpn_s.2.loss_cls: nan  rpn_s.2.loss_bbox: nan  rpn_s.2.loss_giou: nan  rpn_s.3.loss_cls: nan  rpn_s.3.loss_bbox: nan  rpn_s.3.loss_giou: nan  s0.loss_cls: nan  s0.pos_acc: 0.0000  s0.loss_bbox: nan  s0.loss_iou: nan  s1.loss_cls: nan  s1.pos_acc: 0.0000  s1.loss_bbox: nan  s1.loss_iou: nan
2026/04/01 05:14:37 - mmengine - INFO - Epoch(train)  [6][  850/10002]  lr: 5.0000e-06  eta: 14:14:17  time: 13.2543  data_time: 0.0034  memory: 7329  grad_norm: nan  loss: nan  rpn_s.0.loss_cls: nan  rpn_s.0.loss_bbox: nan  rpn_s.0.loss_giou: nan  rpn_s.1.loss_cls: nan  rpn_s.1.loss_bbox: nan  rpn_s.1.loss_giou: nan  rpn_s.2.loss_cls: nan  rpn_s.2.loss_bbox: nan  rpn_s.2.loss_giou: nan  rpn_s.3.loss_cls: nan  rpn_s.3.loss_bbox: nan  rpn_s.3.loss_giou: nan  s0.loss_cls: nan  s0.pos_acc: 0.0000  s0.loss_bbox: nan  s0.loss_iou: nan  s1.loss_cls: nan  s1.pos_acc: 0.0000  s1.loss_bbox: nan  s1.loss_iou: nan
2026/04/01 05:30:46 - mmengine - INFO - Epoch(train)  [6][  900/10002]  lr: 5.0000e-06  eta: 14:34:45  time: 19.3655  data_time: 0.0034  memory: 7329  grad_norm: nan  loss: nan  rpn_s.0.loss_cls: nan  rpn_s.0.loss_bbox: nan  rpn_s.0.loss_giou: nan  rpn_s.1.loss_cls: nan  rpn_s.1.loss_bbox: nan  rpn_s.1.loss_giou: nan  rpn_s.2.loss_cls: nan  rpn_s.2.loss_bbox: nan  rpn_s.2.loss_giou: nan  rpn_s.3.loss_cls: nan  rpn_s.3.loss_bbox: nan  rpn_s.3.loss_giou: nan  s0.loss_cls: nan  s0.pos_acc: 0.0000  s0.loss_bbox: nan  s0.loss_iou: nan  s1.loss_cls: nan  s1.pos_acc: 0.0000  s1.loss_bbox: nan  s1.loss_iou: nan
2026/04/01 05:43:06 - mmengine - INFO - Epoch(train)  [6][  950/10002]  lr: 5.0000e-06  eta: 14:49:58  time: 14.7991  data_time: 0.0034  memory: 7329  grad_norm: nan  loss: nan  rpn_s.0.loss_cls: nan  rpn_s.0.loss_bbox: nan  rpn_s.0.loss_giou: nan  rpn_s.1.loss_cls: nan  rpn_s.1.loss_bbox: nan  rpn_s.1.loss_giou: nan  rpn_s.2.loss_cls: nan  rpn_s.2.loss_bbox: nan  rpn_s.2.loss_giou: nan  rpn_s.3.loss_cls: nan  rpn_s.3.loss_bbox: nan  rpn_s.3.loss_giou: nan  s0.loss_cls: nan  s0.pos_acc: 0.0000  s0.loss_bbox: nan  s0.loss_iou: nan  s1.loss_cls: nan  s1.pos_acc: 0.0000  s1.loss_bbox: nan  s1.loss_iou: nan
2026/04/01 05:51:59 - mmengine - INFO - Exp name: GSDet_r50_b900_h2h4_h2r1_r2r1_2x_fair1m1.0_20260331_165920
2026/04/01 05:53:54 - mmengine - INFO - Epoch(train)  [6][ 1000/10002]  lr: 5.0000e-06  eta: 15:03:04  time: 12.9668  data_time: 0.0034  memory: 7329  grad_norm: nan  loss: nan  rpn_s.0.loss_cls: nan  rpn_s.0.loss_bbox: nan  rpn_s.0.loss_giou: nan  rpn_s.1.loss_cls: nan  rpn_s.1.loss_bbox: nan  rpn_s.1.loss_giou: nan  rpn_s.2.loss_cls: nan  rpn_s.2.loss_bbox: nan  rpn_s.2.loss_giou: nan  rpn_s.3.loss_cls: nan  rpn_s.3.loss_bbox: nan  rpn_s.3.loss_giou: nan  s0.loss_cls: nan  s0.pos_acc: 0.0000  s0.loss_bbox: nan  s0.loss_iou: nan  s1.loss_cls: nan  s1.pos_acc: 0.0000  s1.loss_bbox: nan  s1.loss_iou: nan
2026/04/01 06:06:09 - mmengine - INFO - Epoch(train)  [6][ 1050/10002]  lr: 5.0000e-06  eta: 15:18:04  time: 14.6918  data_time: 0.0034  memory: 7329  grad_norm: nan  loss: nan  rpn_s.0.loss_cls: nan  rpn_s.0.loss_bbox: nan  rpn_s.0.loss_giou: nan  rpn_s.1.loss_cls: nan  rpn_s.1.loss_bbox: nan  rpn_s.1.loss_giou: nan  rpn_s.2.loss_cls: nan  rpn_s.2.loss_bbox: nan  rpn_s.2.loss_giou: nan  rpn_s.3.loss_cls: nan  rpn_s.3.loss_bbox: nan  rpn_s.3.loss_giou: nan  s0.loss_cls: nan  s0.pos_acc: 0.0000  s0.loss_bbox: nan  s0.loss_iou: nan  s1.loss_cls: nan  s1.pos_acc: 0.0000  s1.loss_bbox: nan  s1.loss_iou: nan
2026/04/01 06:17:26 - mmengine - INFO - Epoch(train)  [6][ 1100/10002]  lr: 5.0000e-06  eta: 15:31:43  time: 13.5441  data_time: 0.0034  memory: 7329  grad_norm: nan  loss: nan  rpn_s.0.loss_cls: nan  rpn_s.0.loss_bbox: nan  rpn_s.0.loss_giou: nan  rpn_s.1.loss_cls: nan  rpn_s.1.loss_bbox: nan  rpn_s.1.loss_giou: nan  rpn_s.2.loss_cls: nan  rpn_s.2.loss_bbox: nan  rpn_s.2.loss_giou: nan  rpn_s.3.loss_cls: nan  rpn_s.3.loss_bbox: nan  rpn_s.3.loss_giou: nan  s0.loss_cls: nan  s0.pos_acc: 0.0000  s0.loss_bbox: nan  s0.loss_iou: nan  s1.loss_cls: nan  s1.pos_acc: 0.0000  s1.loss_bbox: nan  s1.loss_iou: nan
2026/04/01 06:27:23 - mmengine - INFO - Epoch(train)  [6][ 1150/10002]  lr: 5.0000e-06  eta: 15:43:32  time: 11.9452  data_time: 0.0034  memory: 7329  grad_norm: nan  loss: nan  rpn_s.0.loss_cls: nan  rpn_s.0.loss_bbox: nan  rpn_s.0.loss_giou: nan  rpn_s.1.loss_cls: nan  rpn_s.1.loss_bbox: nan  rpn_s.1.loss_giou: nan  rpn_s.2.loss_cls: nan  rpn_s.2.loss_bbox: nan  rpn_s.2.loss_giou: nan  rpn_s.3.loss_cls: nan  rpn_s.3.loss_bbox: nan  rpn_s.3.loss_giou: nan  s0.loss_cls: nan  s0.pos_acc: 0.0000  s0.loss_bbox: nan  s0.loss_iou: nan  s1.loss_cls: nan  s1.pos_acc: 0.0000  s1.loss_bbox: nan  s1.loss_iou: nan
2026/04/01 06:38:32 - mmengine - INFO - Epoch(train)  [6][ 1200/10002]  lr: 5.0000e-06  eta: 15:56:54  time: 13.3742  data_time: 0.0034  memory: 7329  grad_norm: nan  loss: nan  rpn_s.0.loss_cls: nan  rpn_s.0.loss_bbox: nan  rpn_s.0.loss_giou: nan  rpn_s.1.loss_cls: nan  rpn_s.1.loss_bbox: nan  rpn_s.1.loss_giou: nan  rpn_s.2.loss_cls: nan  rpn_s.2.loss_bbox: nan  rpn_s.2.loss_giou: nan  rpn_s.3.loss_cls: nan  rpn_s.3.loss_bbox: nan  rpn_s.3.loss_giou: nan  s0.loss_cls: nan  s0.pos_acc: 0.0000  s0.loss_bbox: nan  s0.loss_iou: nan  s1.loss_cls: nan  s1.pos_acc: 0.0000  s1.loss_bbox: nan  s1.loss_iou: nan
2026/04/01 06:51:58 - mmengine - INFO - Epoch(train)  [6][ 1250/10002]  lr: 5.0000e-06  eta: 16:13:18  time: 16.1178  data_time: 0.0033  memory: 7329  grad_norm: nan  loss: nan  rpn_s.0.loss_cls: nan  rpn_s.0.loss_bbox: nan  rpn_s.0.loss_giou: nan  rpn_s.1.loss_cls: nan  rpn_s.1.loss_bbox: nan  rpn_s.1.loss_giou: nan  rpn_s.2.loss_cls: nan  rpn_s.2.loss_bbox: nan  rpn_s.2.loss_giou: nan  rpn_s.3.loss_cls: nan  rpn_s.3.loss_bbox: nan  rpn_s.3.loss_giou: nan  s0.loss_cls: nan  s0.pos_acc: 0.0000  s0.loss_bbox: nan  s0.loss_iou: nan  s1.loss_cls: nan  s1.pos_acc: 0.0000  s1.loss_bbox: nan  s1.loss_iou: nan
2026/04/01 07:02:42 - mmengine - INFO - Epoch(train)  [6][ 1300/10002]  lr: 5.0000e-06  eta: 16:26:01  time: 12.8783  data_time: 0.0033  memory: 7329  grad_norm: nan  loss: nan  rpn_s.0.loss_cls: nan  rpn_s.0.loss_bbox: nan  rpn_s.0.loss_giou: nan  rpn_s.1.loss_cls: nan  rpn_s.1.loss_bbox: nan  rpn_s.1.loss_giou: nan  rpn_s.2.loss_cls: nan  rpn_s.2.loss_bbox: nan  rpn_s.2.loss_giou: nan  rpn_s.3.loss_cls: nan  rpn_s.3.loss_bbox: nan  rpn_s.3.loss_giou: nan  s0.loss_cls: nan  s0.pos_acc: 0.0000  s0.loss_bbox: nan  s0.loss_iou: nan  s1.loss_cls: nan  s1.pos_acc: 0.0000  s1.loss_bbox: nan  s1.loss_iou: nan
2026/04/01 07:13:18 - mmengine - INFO - Epoch(train)  [6][ 1350/10002]  lr: 5.0000e-06  eta: 16:38:31  time: 12.7335  data_time: 0.0033  memory: 7329  grad_norm: nan  loss: nan  rpn_s.0.loss_cls: nan  rpn_s.0.loss_bbox: nan  rpn_s.0.loss_giou: nan  rpn_s.1.loss_cls: nan  rpn_s.1.loss_bbox: nan  rpn_s.1.loss_giou: nan  rpn_s.2.loss_cls: nan  rpn_s.2.loss_bbox: nan  rpn_s.2.loss_giou: nan  rpn_s.3.loss_cls: nan  rpn_s.3.loss_bbox: nan  rpn_s.3.loss_giou: nan  s0.loss_cls: nan  s0.pos_acc: 0.0000  s0.loss_bbox: nan  s0.loss_iou: nan  s1.loss_cls: nan  s1.pos_acc: 0.0000  s1.loss_bbox: nan  s1.loss_iou: nan
2026/04/01 07:26:59 - mmengine - INFO - Epoch(train)  [6][ 1400/10002]  lr: 5.0000e-06  eta: 16:55:05  time: 16.4107  data_time: 0.0033  memory: 7329  grad_norm: nan  loss: nan  rpn_s.0.loss_cls: nan  rpn_s.0.loss_bbox: nan  rpn_s.0.loss_giou: nan  rpn_s.1.loss_cls: nan  rpn_s.1.loss_bbox: nan  rpn_s.1.loss_giou: nan  rpn_s.2.loss_cls: nan  rpn_s.2.loss_bbox: nan  rpn_s.2.loss_giou: nan  rpn_s.3.loss_cls: nan  rpn_s.3.loss_bbox: nan  rpn_s.3.loss_giou: nan  s0.loss_cls: nan  s0.pos_acc: 0.0000  s0.loss_bbox: nan  s0.loss_iou: nan  s1.loss_cls: nan  s1.pos_acc: 0.0000  s1.loss_bbox: nan  s1.loss_iou: nan
2026/04/01 07:36:00 - mmengine - INFO - Epoch(train)  [6][ 1450/10002]  lr: 5.0000e-06  eta: 17:05:22  time: 10.8166  data_time: 0.0034  memory: 7329  grad_norm: nan  loss: nan  rpn_s.0.loss_cls: nan  rpn_s.0.loss_bbox: nan  rpn_s.0.loss_giou: nan  rpn_s.1.loss_cls: nan  rpn_s.1.loss_bbox: nan  rpn_s.1.loss_giou: nan  rpn_s.2.loss_cls: nan  rpn_s.2.loss_bbox: nan  rpn_s.2.loss_giou: nan  rpn_s.3.loss_cls: nan  rpn_s.3.loss_bbox: nan  rpn_s.3.loss_giou: nan  s0.loss_cls: nan  s0.pos_acc: 0.0000  s0.loss_bbox: nan  s0.loss_iou: nan  s1.loss_cls: nan  s1.pos_acc: 0.0000  s1.loss_bbox: nan  s1.loss_iou: nan
2026/04/01 07:44:48 - mmengine - INFO - Epoch(train)  [6][ 1500/10002]  lr: 5.0000e-06  eta: 17:15:20  time: 10.5731  data_time: 0.0033  memory: 7329  grad_norm: nan  loss: nan  rpn_s.0.loss_cls: nan  rpn_s.0.loss_bbox: nan  rpn_s.0.loss_giou: nan  rpn_s.1.loss_cls: nan  rpn_s.1.loss_bbox: nan  rpn_s.1.loss_giou: nan  rpn_s.2.loss_cls: nan  rpn_s.2.loss_bbox: nan  rpn_s.2.loss_giou: nan  rpn_s.3.loss_cls: nan  rpn_s.3.loss_bbox: nan  rpn_s.3.loss_giou: nan  s0.loss_cls: nan  s0.pos_acc: 0.0000  s0.loss_bbox: nan  s0.loss_iou: nan  s1.loss_cls: nan  s1.pos_acc: 0.0000  s1.loss_bbox: nan  s1.loss_iou: nan
2026/04/01 07:57:07 - mmengine - INFO - Epoch(train)  [6][ 1550/10002]  lr: 5.0000e-06  eta: 17:29:56  time: 14.7709  data_time: 0.0033  memory: 7329  grad_norm: nan  loss: nan  rpn_s.0.loss_cls: nan  rpn_s.0.loss_bbox: nan  rpn_s.0.loss_giou: nan  rpn_s.1.loss_cls: nan  rpn_s.1.loss_bbox: nan  rpn_s.1.loss_giou: nan  rpn_s.2.loss_cls: nan  rpn_s.2.loss_bbox: nan  rpn_s.2.loss_giou: nan  rpn_s.3.loss_cls: nan  rpn_s.3.loss_bbox: nan  rpn_s.3.loss_giou: nan  s0.loss_cls: nan  s0.pos_acc: 0.0000  s0.loss_bbox: nan  s0.loss_iou: nan  s1.loss_cls: nan  s1.pos_acc: 0.0000  s1.loss_bbox: nan  s1.loss_iou: nan
2026/04/01 08:08:34 - mmengine - INFO - Epoch(train)  [6][ 1600/10002]  lr: 5.0000e-06  eta: 17:43:19  time: 13.7428  data_time: 0.0033  memory: 7329  grad_norm: nan  loss: nan  rpn_s.0.loss_cls: nan  rpn_s.0.loss_bbox: nan  rpn_s.0.loss_giou: nan  rpn_s.1.loss_cls: nan  rpn_s.1.loss_bbox: nan  rpn_s.1.loss_giou: nan  rpn_s.2.loss_cls: nan  rpn_s.2.loss_bbox: nan  rpn_s.2.loss_giou: nan  rpn_s.3.loss_cls: nan  rpn_s.3.loss_bbox: nan  rpn_s.3.loss_giou: nan  s0.loss_cls: nan  s0.pos_acc: 0.0000  s0.loss_bbox: nan  s0.loss_iou: nan  s1.loss_cls: nan  s1.pos_acc: 0.0000  s1.loss_bbox: nan  s1.loss_iou: nan
2026/04/01 08:20:39 - mmengine - INFO - Epoch(train)  [6][ 1650/10002]  lr: 5.0000e-06  eta: 17:57:30  time: 14.4997  data_time: 0.0033  memory: 7329  grad_norm: nan  loss: nan  rpn_s.0.loss_cls: nan  rpn_s.0.loss_bbox: nan  rpn_s.0.loss_giou: nan  rpn_s.1.loss_cls: nan  rpn_s.1.loss_bbox: nan  rpn_s.1.loss_giou: nan  rpn_s.2.loss_cls: nan  rpn_s.2.loss_bbox: nan  rpn_s.2.loss_giou: nan  rpn_s.3.loss_cls: nan  rpn_s.3.loss_bbox: nan  rpn_s.3.loss_giou: nan  s0.loss_cls: nan  s0.pos_acc: 0.0000  s0.loss_bbox: nan  s0.loss_iou: nan  s1.loss_cls: nan  s1.pos_acc: 0.0000  s1.loss_bbox: nan  s1.loss_iou: nan
2026/04/01 08:34:56 - mmengine - INFO - Epoch(train)  [6][ 1700/10002]  lr: 5.0000e-06  eta: 18:14:33  time: 17.1343  data_time: 0.0033  memory: 7329  grad_norm: nan  loss: nan  rpn_s.0.loss_cls: nan  rpn_s.0.loss_bbox: nan  rpn_s.0.loss_giou: nan  rpn_s.1.loss_cls: nan  rpn_s.1.loss_bbox: nan  rpn_s.1.loss_giou: nan  rpn_s.2.loss_cls: nan  rpn_s.2.loss_bbox: nan  rpn_s.2.loss_giou: nan  rpn_s.3.loss_cls: nan  rpn_s.3.loss_bbox: nan  rpn_s.3.loss_giou: nan  s0.loss_cls: nan  s0.pos_acc: 0.0000  s0.loss_bbox: nan  s0.loss_iou: nan  s1.loss_cls: nan  s1.pos_acc: 0.0000  s1.loss_bbox: nan  s1.loss_iou: nan
2026/04/01 08:44:14 - mmengine - INFO - Epoch(train)  [6][ 1750/10002]  lr: 5.0000e-06  eta: 18:24:57  time: 11.1670  data_time: 0.0033  memory: 7329  grad_norm: nan  loss: nan  rpn_s.0.loss_cls: nan  rpn_s.0.loss_bbox: nan  rpn_s.0.loss_giou: nan  rpn_s.1.loss_cls: nan  rpn_s.1.loss_bbox: nan  rpn_s.1.loss_giou: nan  rpn_s.2.loss_cls: nan  rpn_s.2.loss_bbox: nan  rpn_s.2.loss_giou: nan  rpn_s.3.loss_cls: nan  rpn_s.3.loss_bbox: nan  rpn_s.3.loss_giou: nan  s0.loss_cls: nan  s0.pos_acc: 0.0000  s0.loss_bbox: nan  s0.loss_iou: nan  s1.loss_cls: nan  s1.pos_acc: 0.0000  s1.loss_bbox: nan  s1.loss_iou: nan
2026/04/01 08:55:26 - mmengine - INFO - Epoch(train)  [6][ 1800/10002]  lr: 5.0000e-06  eta: 18:37:49  time: 13.4362  data_time: 0.0033  memory: 7329  grad_norm: nan  loss: nan  rpn_s.0.loss_cls: nan  rpn_s.0.loss_bbox: nan  rpn_s.0.loss_giou: nan  rpn_s.1.loss_cls: nan  rpn_s.1.loss_bbox: nan  rpn_s.1.loss_giou: nan  rpn_s.2.loss_cls: nan  rpn_s.2.loss_bbox: nan  rpn_s.2.loss_giou: nan  rpn_s.3.loss_cls: nan  rpn_s.3.loss_bbox: nan  rpn_s.3.loss_giou: nan  s0.loss_cls: nan  s0.pos_acc: 0.0000  s0.loss_bbox: nan  s0.loss_iou: nan  s1.loss_cls: nan  s1.pos_acc: 0.0000  s1.loss_bbox: nan  s1.loss_iou: nan
2026/04/01 09:07:34 - mmengine - INFO - Epoch(train)  [6][ 1850/10002]  lr: 5.0000e-06  eta: 18:51:53  time: 14.5736  data_time: 0.0033  memory: 7329  grad_norm: nan  loss: nan  rpn_s.0.loss_cls: nan  rpn_s.0.loss_bbox: nan  rpn_s.0.loss_giou: nan  rpn_s.1.loss_cls: nan  rpn_s.1.loss_bbox: nan  rpn_s.1.loss_giou: nan  rpn_s.2.loss_cls: nan  rpn_s.2.loss_bbox: nan  rpn_s.2.loss_giou: nan  rpn_s.3.loss_cls: nan  rpn_s.3.loss_bbox: nan  rpn_s.3.loss_giou: nan  s0.loss_cls: nan  s0.pos_acc: 0.0000  s0.loss_bbox: nan  s0.loss_iou: nan  s1.loss_cls: nan  s1.pos_acc: 0.0000  s1.loss_bbox: nan  s1.loss_iou: nan
2026/04/01 09:18:53 - mmengine - INFO - Epoch(train)  [6][ 1900/10002]  lr: 5.0000e-06  eta: 19:04:49  time: 13.5704  data_time: 0.0033  memory: 7329  grad_norm: nan  loss: nan  rpn_s.0.loss_cls: nan  rpn_s.0.loss_bbox: nan  rpn_s.0.loss_giou: nan  rpn_s.1.loss_cls: nan  rpn_s.1.loss_bbox: nan  rpn_s.1.loss_giou: nan  rpn_s.2.loss_cls: nan  rpn_s.2.loss_bbox: nan  rpn_s.2.loss_giou: nan  rpn_s.3.loss_cls: nan  rpn_s.3.loss_bbox: nan  rpn_s.3.loss_giou: nan  s0.loss_cls: nan  s0.pos_acc: 0.0000  s0.loss_bbox: nan  s0.loss_iou: nan  s1.loss_cls: nan  s1.pos_acc: 0.0000  s1.loss_bbox: nan  s1.loss_iou: nan
2026/04/01 09:33:35 - mmengine - INFO - Epoch(train)  [6][ 1950/10002]  lr: 5.0000e-06  eta: 19:22:07  time: 17.6386  data_time: 0.0033  memory: 7329  grad_norm: nan  loss: nan  rpn_s.0.loss_cls: nan  rpn_s.0.loss_bbox: nan  rpn_s.0.loss_giou: nan  rpn_s.1.loss_cls: nan  rpn_s.1.loss_bbox: nan  rpn_s.1.loss_giou: nan  rpn_s.2.loss_cls: nan  rpn_s.2.loss_bbox: nan  rpn_s.2.loss_giou: nan  rpn_s.3.loss_cls: nan  rpn_s.3.loss_bbox: nan  rpn_s.3.loss_giou: nan  s0.loss_cls: nan  s0.pos_acc: 0.0000  s0.loss_bbox: nan  s0.loss_iou: nan  s1.loss_cls: nan  s1.pos_acc: 0.0000  s1.loss_bbox: nan  s1.loss_iou: nan
2026/04/01 09:43:47 - mmengine - INFO - Exp name: GSDet_r50_b900_h2h4_h2r1_r2r1_2x_fair1m1.0_20260331_165920
2026/04/01 09:45:43 - mmengine - INFO - Epoch(train)  [6][ 2000/10002]  lr: 5.0000e-06  eta: 19:36:01  time: 14.5544  data_time: 0.0033  memory: 7329  grad_norm: nan  loss: nan  rpn_s.0.loss_cls: nan  rpn_s.0.loss_bbox: nan  rpn_s.0.loss_giou: nan  rpn_s.1.loss_cls: nan  rpn_s.1.loss_bbox: nan  rpn_s.1.loss_giou: nan  rpn_s.2.loss_cls: nan  rpn_s.2.loss_bbox: nan  rpn_s.2.loss_giou: nan  rpn_s.3.loss_cls: nan  rpn_s.3.loss_bbox: nan  rpn_s.3.loss_giou: nan  s0.loss_cls: nan  s0.pos_acc: 0.0000  s0.loss_bbox: nan  s0.loss_iou: nan  s1.loss_cls: nan  s1.pos_acc: 0.0000  s1.loss_bbox: nan  s1.loss_iou: nan
2026/04/01 09:58:30 - mmengine - INFO - Epoch(train)  [6][ 2050/10002]  lr: 5.0000e-06  eta: 19:50:43  time: 15.3442  data_time: 0.0033  memory: 7329  grad_norm: nan  loss: nan  rpn_s.0.loss_cls: nan  rpn_s.0.loss_bbox: nan  rpn_s.0.loss_giou: nan  rpn_s.1.loss_cls: nan  rpn_s.1.loss_bbox: nan  rpn_s.1.loss_giou: nan  rpn_s.2.loss_cls: nan  rpn_s.2.loss_bbox: nan  rpn_s.2.loss_giou: nan  rpn_s.3.loss_cls: nan  rpn_s.3.loss_bbox: nan  rpn_s.3.loss_giou: nan  s0.loss_cls: nan  s0.pos_acc: 0.0000  s0.loss_bbox: nan  s0.loss_iou: nan  s1.loss_cls: nan  s1.pos_acc: 0.0000  s1.loss_bbox: nan  s1.loss_iou: nan
2026/04/01 10:08:48 - mmengine - INFO - Epoch(train)  [6][ 2100/10002]  lr: 5.0000e-06  eta: 20:02:08  time: 12.3672  data_time: 0.0033  memory: 7329  grad_norm: nan  loss: nan  rpn_s.0.loss_cls: nan  rpn_s.0.loss_bbox: nan  rpn_s.0.loss_giou: nan  rpn_s.1.loss_cls: nan  rpn_s.1.loss_bbox: nan  rpn_s.1.loss_giou: nan  rpn_s.2.loss_cls: nan  rpn_s.2.loss_bbox: nan  rpn_s.2.loss_giou: nan  rpn_s.3.loss_cls: nan  rpn_s.3.loss_bbox: nan  rpn_s.3.loss_giou: nan  s0.loss_cls: nan  s0.pos_acc: 0.0000  s0.loss_bbox: nan  s0.loss_iou: nan  s1.loss_cls: nan  s1.pos_acc: 0.0000  s1.loss_bbox: nan  s1.loss_iou: nan
2026/04/01 10:23:26 - mmengine - INFO - Epoch(train)  [6][ 2150/10002]  lr: 5.0000e-06  eta: 20:19:08  time: 17.5557  data_time: 0.0033  memory: 7329  grad_norm: nan  loss: nan  rpn_s.0.loss_cls: nan  rpn_s.0.loss_bbox: nan  rpn_s.0.loss_giou: nan  rpn_s.1.loss_cls: nan  rpn_s.1.loss_bbox: nan  rpn_s.1.loss_giou: nan  rpn_s.2.loss_cls: nan  rpn_s.2.loss_bbox: nan  rpn_s.2.loss_giou: nan  rpn_s.3.loss_cls: nan  rpn_s.3.loss_bbox: nan  rpn_s.3.loss_giou: nan  s0.loss_cls: nan  s0.pos_acc: 0.0000  s0.loss_bbox: nan  s0.loss_iou: nan  s1.loss_cls: nan  s1.pos_acc: 0.0000  s1.loss_bbox: nan  s1.loss_iou: nan
2026/04/01 10:31:35 - mmengine - INFO - Epoch(train)  [6][ 2200/10002]  lr: 5.0000e-06  eta: 20:27:38  time: 9.7731  data_time: 0.0033  memory: 7329  grad_norm: nan  loss: nan  rpn_s.0.loss_cls: nan  rpn_s.0.loss_bbox: nan  rpn_s.0.loss_giou: nan  rpn_s.1.loss_cls: nan  rpn_s.1.loss_bbox: nan  rpn_s.1.loss_giou: nan  rpn_s.2.loss_cls: nan  rpn_s.2.loss_bbox: nan  rpn_s.2.loss_giou: nan  rpn_s.3.loss_cls: nan  rpn_s.3.loss_bbox: nan  rpn_s.3.loss_giou: nan  s0.loss_cls: nan  s0.pos_acc: 0.0000  s0.loss_bbox: nan  s0.loss_iou: nan  s1.loss_cls: nan  s1.pos_acc: 0.0000  s1.loss_bbox: nan  s1.loss_iou: nan
2026/04/01 10:45:21 - mmengine - INFO - Epoch(train)  [6][ 2250/10002]  lr: 5.0000e-06  eta: 20:43:25  time: 16.5321  data_time: 0.0033  memory: 7329  grad_norm: nan  loss: nan  rpn_s.0.loss_cls: nan  rpn_s.0.loss_bbox: nan  rpn_s.0.loss_giou: nan  rpn_s.1.loss_cls: nan  rpn_s.1.loss_bbox: nan  rpn_s.1.loss_giou: nan  rpn_s.2.loss_cls: nan  rpn_s.2.loss_bbox: nan  rpn_s.2.loss_giou: nan  rpn_s.3.loss_cls: nan  rpn_s.3.loss_bbox: nan  rpn_s.3.loss_giou: nan  s0.loss_cls: nan  s0.pos_acc: 0.0000  s0.loss_bbox: nan  s0.loss_iou: nan  s1.loss_cls: nan  s1.pos_acc: 0.0000  s1.loss_bbox: nan  s1.loss_iou: nan
2026/04/01 10:55:29 - mmengine - INFO - Epoch(train)  [6][ 2300/10002]  lr: 5.0000e-06  eta: 20:54:26  time: 12.1602  data_time: 0.0033  memory: 7329  grad_norm: nan  loss: nan  rpn_s.0.loss_cls: nan  rpn_s.0.loss_bbox: nan  rpn_s.0.loss_giou: nan  rpn_s.1.loss_cls: nan  rpn_s.1.loss_bbox: nan  rpn_s.1.loss_giou: nan  rpn_s.2.loss_cls: nan  rpn_s.2.loss_bbox: nan  rpn_s.2.loss_giou: nan  rpn_s.3.loss_cls: nan  rpn_s.3.loss_bbox: nan  rpn_s.3.loss_giou: nan  s0.loss_cls: nan  s0.pos_acc: 0.0000  s0.loss_bbox: nan  s0.loss_iou: nan  s1.loss_cls: nan  s1.pos_acc: 0.0000  s1.loss_bbox: nan  s1.loss_iou: nan
2026/04/01 11:08:02 - mmengine - INFO - Epoch(train)  [6][ 2350/10002]  lr: 5.0000e-06  eta: 21:08:32  time: 15.0631  data_time: 0.0033  memory: 7329  grad_norm: nan  loss: nan  rpn_s.0.loss_cls: nan  rpn_s.0.loss_bbox: nan  rpn_s.0.loss_giou: nan  rpn_s.1.loss_cls: nan  rpn_s.1.loss_bbox: nan  rpn_s.1.loss_giou: nan  rpn_s.2.loss_cls: nan  rpn_s.2.loss_bbox: nan  rpn_s.2.loss_giou: nan  rpn_s.3.loss_cls: nan  rpn_s.3.loss_bbox: nan  rpn_s.3.loss_giou: nan  s0.loss_cls: nan  s0.pos_acc: 0.0000  s0.loss_bbox: nan  s0.loss_iou: nan  s1.loss_cls: nan  s1.pos_acc: 0.0000  s1.loss_bbox: nan  s1.loss_iou: nan
2026/04/01 11:16:31 - mmengine - INFO - Epoch(train)  [6][ 2400/10002]  lr: 5.0000e-06  eta: 21:17:19  time: 10.1620  data_time: 0.0033  memory: 7329  grad_norm: nan  loss: nan  rpn_s.0.loss_cls: nan  rpn_s.0.loss_bbox: nan  rpn_s.0.loss_giou: nan  rpn_s.1.loss_cls: nan  rpn_s.1.loss_bbox: nan  rpn_s.1.loss_giou: nan  rpn_s.2.loss_cls: nan  rpn_s.2.loss_bbox: nan  rpn_s.2.loss_giou: nan  rpn_s.3.loss_cls: nan  rpn_s.3.loss_bbox: nan  rpn_s.3.loss_giou: nan  s0.loss_cls: nan  s0.pos_acc: 0.0000  s0.loss_bbox: nan  s0.loss_iou: nan  s1.loss_cls: nan  s1.pos_acc: 0.0000  s1.loss_bbox: nan  s1.loss_iou: nan
2026/04/01 11:29:15 - mmengine - INFO - Epoch(train)  [6][ 2450/10002]  lr: 5.0000e-06  eta: 21:31:33  time: 15.2828  data_time: 0.0033  memory: 7329  grad_norm: nan  loss: nan  rpn_s.0.loss_cls: nan  rpn_s.0.loss_bbox: nan  rpn_s.0.loss_giou: nan  rpn_s.1.loss_cls: nan  rpn_s.1.loss_bbox: nan  rpn_s.1.loss_giou: nan  rpn_s.2.loss_cls: nan  rpn_s.2.loss_bbox: nan  rpn_s.2.loss_giou: nan  rpn_s.3.loss_cls: nan  rpn_s.3.loss_bbox: nan  rpn_s.3.loss_giou: nan  s0.loss_cls: nan  s0.pos_acc: 0.0000  s0.loss_bbox: nan  s0.loss_iou: nan  s1.loss_cls: nan  s1.pos_acc: 0.0000  s1.loss_bbox: nan  s1.loss_iou: nan
