2026/03/27 17:41:02 - mmengine - INFO - 
------------------------------------------------------------
System environment:
    sys.platform: linux
    Python: 3.10.20 (main, Mar 11 2026, 17:46:40) [GCC 14.3.0]
    CUDA available: True
    MUSA available: False
    numpy_random_seed: 1986537054
    GPU 0: NVIDIA GeForce RTX 3080 Ti
    CUDA_HOME: /usr/local/cuda
    NVCC: Cuda compilation tools, release 11.4, V11.4.48
    GCC: gcc (Ubuntu 9.4.0-1ubuntu1~20.04.2) 9.4.0
    PyTorch: 2.4.0+cu121
    PyTorch compiling details: PyTorch built with:
  - GCC 9.3
  - C++ Version: 201703
  - Intel(R) oneAPI Math Kernel Library Version 2022.2-Product Build 20220804 for Intel(R) 64 architecture applications
  - Intel(R) MKL-DNN v3.4.2 (Git Hash 1137e04ec0b5251ca2b4400a4fd3c667ce843d67)
  - OpenMP 201511 (a.k.a. OpenMP 4.5)
  - LAPACK is enabled (usually provided by MKL)
  - NNPACK is enabled
  - CPU capability usage: AVX512
  - CUDA Runtime 12.1
  - NVCC architecture flags: -gencode;arch=compute_50,code=sm_50;-gencode;arch=compute_60,code=sm_60;-gencode;arch=compute_70,code=sm_70;-gencode;arch=compute_75,code=sm_75;-gencode;arch=compute_80,code=sm_80;-gencode;arch=compute_86,code=sm_86;-gencode;arch=compute_90,code=sm_90
  - CuDNN 90.1  (built against CUDA 12.4)
  - Magma 2.6.1
  - Build settings: BLAS_INFO=mkl, BUILD_TYPE=Release, CUDA_VERSION=12.1, CUDNN_VERSION=9.1.0, CXX_COMPILER=/opt/rh/devtoolset-9/root/usr/bin/c++, CXX_FLAGS= -D_GLIBCXX_USE_CXX11_ABI=0 -fabi-version=11 -fvisibility-inlines-hidden -DUSE_PTHREADPOOL -DNDEBUG -DUSE_KINETO -DLIBKINETO_NOROCTRACER -DUSE_FBGEMM -DUSE_PYTORCH_QNNPACK -DUSE_XNNPACK -DSYMBOLICATE_MOBILE_DEBUG_HANDLE -O2 -fPIC -Wall -Wextra -Werror=return-type -Werror=non-virtual-dtor -Werror=bool-operation -Wnarrowing -Wno-missing-field-initializers -Wno-type-limits -Wno-array-bounds -Wno-unknown-pragmas -Wno-unused-parameter -Wno-unused-function -Wno-unused-result -Wno-strict-overflow -Wno-strict-aliasing -Wno-stringop-overflow -Wsuggest-override -Wno-psabi -Wno-error=pedantic -Wno-error=old-style-cast -Wno-missing-braces -fdiagnostics-color=always -faligned-new -Wno-unused-but-set-variable -Wno-maybe-uninitialized -fno-math-errno -fno-trapping-math -Werror=format -Wno-stringop-overflow, LAPACK_INFO=mkl, PERF_WITH_AVX=1, PERF_WITH_AVX2=1, PERF_WITH_AVX512=1, TORCH_VERSION=2.4.0, USE_CUDA=ON, USE_CUDNN=ON, USE_CUSPARSELT=1, USE_EXCEPTION_PTR=1, USE_GFLAGS=OFF, USE_GLOG=OFF, USE_GLOO=ON, USE_MKL=ON, USE_MKLDNN=ON, USE_MPI=OFF, USE_NCCL=1, USE_NNPACK=ON, USE_OPENMP=ON, USE_ROCM=OFF, USE_ROCM_KERNEL_ASSERT=OFF, 

    TorchVision: 0.19.0+cu121
    OpenCV: 4.13.0
    MMEngine: 0.10.7

Runtime environment:
    cudnn_benchmark: False
    mp_cfg: {'mp_start_method': 'fork', 'opencv_num_threads': 0}
    dist_cfg: {'backend': 'nccl'}
    seed: 1986537054
    Distributed launcher: none
    Distributed training: False
    GPU number: 1
------------------------------------------------------------

2026/03/27 17:41:02 - mmengine - INFO - Config:
angle_version = 'le90'
auto_scale_lr = dict(base_batch_size=4, enable=False)
backend_args = None
custom_imports = dict(
    allow_failed_imports=False, imports=[
        'projects.GSDet_baseline.gsdet',
    ])
data_root = 'data/split_ss_fair1m1.0/'
dataset_type = 'FAIRDataset'
default_hooks = dict(
    checkpoint=dict(interval=1, type='CheckpointHook'),
    logger=dict(interval=50, type='LoggerHook'),
    param_scheduler=dict(type='ParamSchedulerHook'),
    sampler_seed=dict(type='DistSamplerSeedHook'),
    timer=dict(type='IterTimerHook'),
    visualization=dict(type='mmdet.DetVisualizationHook'))
default_scope = 'mmrotate'
env_cfg = dict(
    cudnn_benchmark=False,
    dist_cfg=dict(backend='nccl'),
    mp_cfg=dict(mp_start_method='fork', opencv_num_threads=0))
hbox2hbox = 4
hbox2rbox = 1
launcher = 'none'
load_from = None
log_level = 'INFO'
log_processor = dict(by_epoch=True, type='LogProcessor', window_size=50)
model = dict(
    backbone=dict(
        depth=50,
        frozen_stages=1,
        norm_cfg=dict(requires_grad=True, type='BN'),
        norm_eval=True,
        num_stages=4,
        out_indices=(
            0,
            1,
            2,
            3,
        ),
        style='pytorch',
        type='mmdet.ResNet'),
    data_preprocessor=dict(
        bgr_to_rgb=True,
        boxtype2tensor=False,
        mean=[
            123.675,
            116.28,
            103.53,
        ],
        pad_size_divisor=32,
        std=[
            58.395,
            57.12,
            57.375,
        ],
        type='mmdet.DetDataPreprocessor'),
    init_cfg=dict(
        checkpoint=
        'https://www.modelscope.cn/models/wokaikaixinxin/ai4rs/resolve/master/GSDet_baseline/pretrain/diffusiondet_r50_fpn_500-proposals_1-step_crop-ms-480-800-450k_coco_new2.pth',
        type='Pretrained'),
    neck=dict(
        in_channels=[
            256,
            512,
            1024,
            2048,
        ],
        num_outs=5,
        out_channels=256,
        type='mmdet.FPN'),
    roi_head=dict(
        angle_version='le90',
        bbox_head=[
            dict(
                act_cfg=dict(inplace=True, type='ReLU'),
                angle_version='le90',
                bbox_coder=dict(
                    angle_version='le90',
                    target_means=[
                        0.0,
                        0.0,
                        0.0,
                        0.0,
                        0.0,
                        0.0,
                    ],
                    target_stds=[
                        0.1,
                        0.1,
                        0.1,
                        0.1,
                        0.1,
                        0.1,
                    ],
                    type='MidpointOffsetCoderv2',
                    use_box_type=False),
                cls_predictor_cfg=dict(type='mmdet.Linear'),
                dim_feedforward=2048,
                dropout=0.0,
                dynamic_conv=dict(dynamic_dim=64, dynamic_num=2),
                feat_channels=256,
                loss_bbox=dict(loss_weight=2.0, type='mmdet.L1Loss'),
                loss_cls=dict(
                    alpha=0.25,
                    gamma=2.0,
                    loss_weight=2.0,
                    type='mmdet.FocalLoss',
                    use_sigmoid=True),
                loss_iou=dict(
                    loss_weight=5.0, mode='linear', type='RotatedIoULoss'),
                num_classes=37,
                num_cls_convs=1,
                num_heads=8,
                num_reg_convs=3,
                pooler_resolution=7,
                reg_predictor_cfg=dict(type='mmdet.Linear'),
                type='Hbox2RboxLayer'),
            dict(
                act_cfg=dict(inplace=True, type='ReLU'),
                angle_version='le90',
                bbox_coder=dict(
                    angle_version='le90',
                    edge_swap=True,
                    norm_factor=None,
                    proj_xy=True,
                    target_means=(
                        0.0,
                        0.0,
                        0.0,
                        0.0,
                        0.0,
                    ),
                    target_stds=(
                        1.0,
                        1.0,
                        1.0,
                        1.0,
                        1.0,
                    ),
                    type='DeltaXYWHTRBBoxCoder',
                    use_box_type=False),
                cls_predictor_cfg=dict(type='mmdet.Linear'),
                dim_feedforward=2048,
                dropout=0.0,
                dynamic_conv=dict(dynamic_dim=64, dynamic_num=2),
                feat_channels=256,
                loss_bbox=dict(loss_weight=2.0, type='mmdet.L1Loss'),
                loss_cls=dict(
                    alpha=0.25,
                    gamma=2.0,
                    loss_weight=2.0,
                    type='mmdet.FocalLoss',
                    use_sigmoid=True),
                loss_iou=dict(
                    loss_weight=5.0, mode='linear', type='RotatedIoULoss'),
                num_classes=37,
                num_cls_convs=1,
                num_heads=8,
                num_reg_convs=3,
                pooler_resolution=7,
                reg_predictor_cfg=dict(type='mmdet.Linear'),
                type='Rbox2RboxLayer'),
        ],
        bbox_roi_extractor=[
            dict(
                featmap_strides=[
                    4,
                    8,
                    16,
                    32,
                ],
                out_channels=256,
                roi_layer=dict(
                    output_size=7, sampling_ratio=0, type='RoIAlign'),
                type='mmdet.SingleRoIExtractor'),
            dict(
                featmap_strides=[
                    4,
                    8,
                    16,
                    32,
                ],
                out_channels=256,
                roi_layer=dict(
                    clockwise=True,
                    out_size=7,
                    sample_num=2,
                    type='RoIAlignRotated'),
                type='RotatedSingleRoIExtractor'),
        ],
        num_proposals=900,
        num_stages=2,
        stage_loss_weights=[
            1,
            1,
        ],
        type='Decoder'),
    rpn_head=dict(
        criterion=dict(
            assigner=dict(
                candidate_topk=5,
                center_radius=2.5,
                match_costs=[
                    dict(
                        alpha=0.25,
                        eps=1e-08,
                        gamma=2.0,
                        type='mmdet.FocalLossCost',
                        weight=2.0),
                    dict(
                        box_format='xyxy', type='mmdet.BBoxL1Cost',
                        weight=5.0),
                    dict(iou_mode='giou', type='mmdet.IoUCost', weight=2.0),
                ],
                type='Hbox2HboxLayerMatcher'),
            loss_bbox=dict(
                loss_weight=5.0, reduction='sum', type='mmdet.L1Loss'),
            loss_cls=dict(
                alpha=0.25,
                gamma=2.0,
                loss_weight=2.0,
                reduction='sum',
                type='mmdet.FocalLoss',
                use_sigmoid=True),
            loss_giou=dict(
                loss_weight=2.0, reduction='sum', type='mmdet.GIoULoss'),
            num_classes=37,
            type='Hbox2HboxLayerCriterion'),
        deep_supervision=True,
        feat_channels=256,
        num_classes=37,
        num_heads=4,
        num_proposals=900,
        prior_prob=0.01,
        roi_extractor=dict(
            featmap_strides=[
                4,
                8,
                16,
                32,
                64,
            ],
            out_channels=256,
            roi_layer=dict(output_size=7, sampling_ratio=2, type='RoIAlign'),
            type='mmdet.SingleRoIExtractor'),
        single_head=dict(
            act_cfg=dict(inplace=True, type='ReLU'),
            dim_feedforward=2048,
            dropout=0.0,
            dynamic_conv=dict(dynamic_dim=64, dynamic_num=2),
            num_cls_convs=1,
            num_heads=8,
            num_reg_convs=3,
            type='SingleHbox2HboxHead'),
        type='Hbox2HboxLayer'),
    test_cfg=dict(
        rcnn=dict(
            max_per_img=900,
            nms=dict(iou_threshold=0.6, type='nms_rotated'),
            use_nms=True),
        rpn=None),
    train_cfg=dict(
        rcnn=[
            dict(
                assigner=dict(
                    cls_cost=dict(type='mmdet.FocalLossCost', weight=2.0),
                    iou_cost=dict(
                        iou_mode='iou', type='RotatedIoUCost', weight=5.0),
                    reg_cost=dict(
                        angle_version='le90',
                        box_format='xywht',
                        type='RBBoxL1Cost',
                        weight=2.0),
                    topk=2,
                    type='TopkHungarianAssigner'),
                pos_weight=1,
                sampler=dict(type='mmdet.PseudoSampler')),
            dict(
                assigner=dict(
                    cls_cost=dict(type='mmdet.FocalLossCost', weight=2.0),
                    iou_cost=dict(
                        iou_mode='iou', type='RotatedIoUCost', weight=5.0),
                    reg_cost=dict(
                        angle_version='le90',
                        box_format='xywht',
                        type='RBBoxL1Cost',
                        weight=2.0),
                    topk=2,
                    type='TopkHungarianAssigner'),
                pos_weight=1,
                sampler=dict(type='mmdet.PseudoSampler')),
        ],
        rpn=None),
    type='GSDet')
num_classes = 37
num_proposals = 900
optim_wrapper = dict(
    clip_grad=dict(max_norm=1.0, norm_type=2),
    optimizer=dict(lr=2.5e-05, type='AdamW', weight_decay=0.0001),
    type='OptimWrapper')
param_scheduler = [
    dict(
        begin=0,
        by_epoch=False,
        end=500,
        start_factor=0.3333333333333333,
        type='LinearLR'),
    dict(
        begin=0,
        by_epoch=True,
        end=24,
        gamma=0.1,
        milestones=[
            16,
            22,
        ],
        type='MultiStepLR'),
]
pretrain = 'https://www.modelscope.cn/models/wokaikaixinxin/ai4rs/resolve/master/GSDet_baseline/pretrain/diffusiondet_r50_fpn_500-proposals_1-step_crop-ms-480-800-450k_coco_new2.pth'
rbox2rbox = 1
resume = True
test_cfg = dict(type='TestLoop')
test_dataloader = dict(
    batch_size=4,
    dataset=dict(
        data_prefix=dict(img_path='test/images/'),
        data_root='data/split_ss_fair1m1.0/',
        pipeline=[
            dict(backend_args=None, type='mmdet.LoadImageFromFile'),
            dict(keep_ratio=True, scale=(
                1024,
                1024,
            ), type='mmdet.Resize'),
            dict(
                meta_keys=(
                    'img_id',
                    'img_path',
                    'ori_shape',
                    'img_shape',
                    'scale_factor',
                ),
                type='mmdet.PackDetInputs'),
        ],
        test_mode=True,
        type='FAIRDataset'),
    drop_last=False,
    num_workers=2,
    persistent_workers=True,
    sampler=dict(shuffle=False, type='DefaultSampler'))
test_evaluator = dict(
    format_only=True,
    merge_patches=True,
    outfile_prefix='./work_dirs/fair1m1.0/Task1',
    type='FAIRMetric')
test_pipeline = [
    dict(backend_args=None, type='mmdet.LoadImageFromFile'),
    dict(keep_ratio=True, scale=(
        1024,
        1024,
    ), type='mmdet.Resize'),
    dict(
        meta_keys=(
            'img_id',
            'img_path',
            'ori_shape',
            'img_shape',
            'scale_factor',
        ),
        type='mmdet.PackDetInputs'),
]
train_cfg = dict(max_epochs=24, type='EpochBasedTrainLoop', val_interval=6)
train_dataloader = dict(
    batch_sampler=None,
    batch_size=2,
    dataset=dict(
        ann_file='train/annfiles/',
        data_prefix=dict(img_path='train/images/'),
        data_root='data/split_ss_fair1m1.0/',
        filter_cfg=dict(filter_empty_gt=True),
        pipeline=[
            dict(backend_args=None, type='mmdet.LoadImageFromFile'),
            dict(
                box_type='qbox', type='mmdet.LoadAnnotations', with_bbox=True),
            dict(
                box_type_mapping=dict(gt_bboxes='rbox'),
                type='ConvertBoxType'),
            dict(keep_ratio=True, scale=(
                1024,
                1024,
            ), type='mmdet.Resize'),
            dict(
                direction=[
                    'horizontal',
                    'vertical',
                    'diagonal',
                ],
                prob=0.75,
                type='mmdet.RandomFlip'),
            dict(type='mmdet.PackDetInputs'),
        ],
        type='FAIRDataset'),
    num_workers=2,
    persistent_workers=True,
    sampler=dict(shuffle=True, type='DefaultSampler'))
train_pipeline = [
    dict(backend_args=None, type='mmdet.LoadImageFromFile'),
    dict(box_type='qbox', type='mmdet.LoadAnnotations', with_bbox=True),
    dict(box_type_mapping=dict(gt_bboxes='rbox'), type='ConvertBoxType'),
    dict(keep_ratio=True, scale=(
        1024,
        1024,
    ), type='mmdet.Resize'),
    dict(
        direction=[
            'horizontal',
            'vertical',
            'diagonal',
        ],
        prob=0.75,
        type='mmdet.RandomFlip'),
    dict(type='mmdet.PackDetInputs'),
]
val_cfg = dict(type='ValLoop')
val_dataloader = dict(
    batch_size=4,
    dataset=dict(
        ann_file='train/annfiles/',
        data_prefix=dict(img_path='train/images/'),
        data_root='data/split_ss_fair1m1.0/',
        pipeline=[
            dict(backend_args=None, type='mmdet.LoadImageFromFile'),
            dict(keep_ratio=True, scale=(
                1024,
                1024,
            ), type='mmdet.Resize'),
            dict(
                box_type='qbox', type='mmdet.LoadAnnotations', with_bbox=True),
            dict(
                box_type_mapping=dict(gt_bboxes='rbox'),
                type='ConvertBoxType'),
            dict(
                meta_keys=(
                    'img_id',
                    'img_path',
                    'ori_shape',
                    'img_shape',
                    'scale_factor',
                ),
                type='mmdet.PackDetInputs'),
        ],
        test_mode=True,
        type='FAIRDataset'),
    drop_last=False,
    num_workers=2,
    persistent_workers=True,
    sampler=dict(shuffle=False, type='DefaultSampler'))
val_evaluator = dict(metric='mAP', type='FAIRMetric')
val_pipeline = [
    dict(backend_args=None, type='mmdet.LoadImageFromFile'),
    dict(keep_ratio=True, scale=(
        1024,
        1024,
    ), type='mmdet.Resize'),
    dict(box_type='qbox', type='mmdet.LoadAnnotations', with_bbox=True),
    dict(box_type_mapping=dict(gt_bboxes='rbox'), type='ConvertBoxType'),
    dict(
        meta_keys=(
            'img_id',
            'img_path',
            'ori_shape',
            'img_shape',
            'scale_factor',
        ),
        type='mmdet.PackDetInputs'),
]
vis_backends = [
    dict(type='LocalVisBackend'),
]
visualizer = dict(
    name='visualizer',
    type='RotLocalVisualizer',
    vis_backends=[
        dict(type='LocalVisBackend'),
    ])
work_dir = 'work_dirs/gsdet_fair1m_2gpu'

2026/03/27 17:41:04 - mmengine - INFO - Distributed training is not used, all SyncBatchNorm (SyncBN) layers in the model will be automatically reverted to BatchNormXd layers if they are used.
2026/03/27 17:41:04 - mmengine - INFO - Hooks will be executed in the following order:
before_run:
(VERY_HIGH   ) RuntimeInfoHook                    
(BELOW_NORMAL) LoggerHook                         
 -------------------- 
before_train:
(VERY_HIGH   ) RuntimeInfoHook                    
(NORMAL      ) IterTimerHook                      
(VERY_LOW    ) CheckpointHook                     
 -------------------- 
before_train_epoch:
(VERY_HIGH   ) RuntimeInfoHook                    
(NORMAL      ) IterTimerHook                      
(NORMAL      ) DistSamplerSeedHook                
 -------------------- 
before_train_iter:
(VERY_HIGH   ) RuntimeInfoHook                    
(NORMAL      ) IterTimerHook                      
 -------------------- 
after_train_iter:
(VERY_HIGH   ) RuntimeInfoHook                    
(NORMAL      ) IterTimerHook                      
(BELOW_NORMAL) LoggerHook                         
(LOW         ) ParamSchedulerHook                 
(VERY_LOW    ) CheckpointHook                     
 -------------------- 
after_train_epoch:
(NORMAL      ) IterTimerHook                      
(LOW         ) ParamSchedulerHook                 
(VERY_LOW    ) CheckpointHook                     
 -------------------- 
before_val:
(VERY_HIGH   ) RuntimeInfoHook                    
 -------------------- 
before_val_epoch:
(NORMAL      ) IterTimerHook                      
 -------------------- 
before_val_iter:
(NORMAL      ) IterTimerHook                      
 -------------------- 
after_val_iter:
(NORMAL      ) IterTimerHook                      
(NORMAL      ) DetVisualizationHook               
(BELOW_NORMAL) LoggerHook                         
 -------------------- 
after_val_epoch:
(VERY_HIGH   ) RuntimeInfoHook                    
(NORMAL      ) IterTimerHook                      
(BELOW_NORMAL) LoggerHook                         
(LOW         ) ParamSchedulerHook                 
(VERY_LOW    ) CheckpointHook                     
 -------------------- 
after_val:
(VERY_HIGH   ) RuntimeInfoHook                    
 -------------------- 
after_train:
(VERY_HIGH   ) RuntimeInfoHook                    
(VERY_LOW    ) CheckpointHook                     
 -------------------- 
before_test:
(VERY_HIGH   ) RuntimeInfoHook                    
 -------------------- 
before_test_epoch:
(NORMAL      ) IterTimerHook                      
 -------------------- 
before_test_iter:
(NORMAL      ) IterTimerHook                      
 -------------------- 
after_test_iter:
(NORMAL      ) IterTimerHook                      
(NORMAL      ) DetVisualizationHook               
(BELOW_NORMAL) LoggerHook                         
 -------------------- 
after_test_epoch:
(VERY_HIGH   ) RuntimeInfoHook                    
(NORMAL      ) IterTimerHook                      
(BELOW_NORMAL) LoggerHook                         
 -------------------- 
after_test:
(VERY_HIGH   ) RuntimeInfoHook                    
 -------------------- 
after_run:
(BELOW_NORMAL) LoggerHook                         
 -------------------- 
2026/03/27 17:41:50 - mmengine - WARNING - Failed to search registry with scope "mmrotate" in the "optim_wrapper" registry tree. As a workaround, the current "optim_wrapper" registry in "mmengine" is used to build instance. This may cause unexpected failure when running the built modules. Please check whether "mmrotate" is a correct scope, or whether the registry is initialized.
2026/03/27 17:41:55 - mmengine - INFO - load model from: https://www.modelscope.cn/models/wokaikaixinxin/ai4rs/resolve/master/GSDet_baseline/pretrain/diffusiondet_r50_fpn_500-proposals_1-step_crop-ms-480-800-450k_coco_new2.pth
2026/03/27 17:41:55 - mmengine - INFO - Loads checkpoint by http backend from path: https://www.modelscope.cn/models/wokaikaixinxin/ai4rs/resolve/master/GSDet_baseline/pretrain/diffusiondet_r50_fpn_500-proposals_1-step_crop-ms-480-800-450k_coco_new2.pth
2026/03/27 17:41:57 - mmengine - WARNING - The model and loaded state dict do not match exactly

size mismatch for rpn_head.head_series.0.class_logits.weight: copying a param with shape torch.Size([80, 256]) from checkpoint, the shape in current model is torch.Size([37, 256]).
size mismatch for rpn_head.head_series.0.class_logits.bias: copying a param with shape torch.Size([80]) from checkpoint, the shape in current model is torch.Size([37]).
size mismatch for rpn_head.head_series.1.class_logits.weight: copying a param with shape torch.Size([80, 256]) from checkpoint, the shape in current model is torch.Size([37, 256]).
size mismatch for rpn_head.head_series.1.class_logits.bias: copying a param with shape torch.Size([80]) from checkpoint, the shape in current model is torch.Size([37]).
size mismatch for rpn_head.head_series.2.class_logits.weight: copying a param with shape torch.Size([80, 256]) from checkpoint, the shape in current model is torch.Size([37, 256]).
size mismatch for rpn_head.head_series.2.class_logits.bias: copying a param with shape torch.Size([80]) from checkpoint, the shape in current model is torch.Size([37]).
size mismatch for rpn_head.head_series.3.class_logits.weight: copying a param with shape torch.Size([80, 256]) from checkpoint, the shape in current model is torch.Size([37, 256]).
size mismatch for rpn_head.head_series.3.class_logits.bias: copying a param with shape torch.Size([80]) from checkpoint, the shape in current model is torch.Size([37]).
unexpected key in source state_dict: bbox_head.betas, bbox_head.alphas_cumprod, bbox_head.alphas_cumprod_prev, bbox_head.sqrt_alphas_cumprod, bbox_head.sqrt_one_minus_alphas_cumprod, bbox_head.log_one_minus_alphas_cumprod, bbox_head.sqrt_recip_alphas_cumprod, bbox_head.sqrt_recipm1_alphas_cumprod, bbox_head.posterior_variance, bbox_head.posterior_log_variance_clipped, bbox_head.posterior_mean_coef1, bbox_head.posterior_mean_coef2, bbox_head.head_series.4.self_attn.in_proj_weight, bbox_head.head_series.4.self_attn.in_proj_bias, bbox_head.head_series.4.self_attn.out_proj.weight, bbox_head.head_series.4.self_attn.out_proj.bias, bbox_head.head_series.4.inst_interact.dynamic_layer.weight, bbox_head.head_series.4.inst_interact.dynamic_layer.bias, bbox_head.head_series.4.inst_interact.norm1.weight, bbox_head.head_series.4.inst_interact.norm1.bias, bbox_head.head_series.4.inst_interact.norm2.weight, bbox_head.head_series.4.inst_interact.norm2.bias, bbox_head.head_series.4.inst_interact.out_layer.weight, bbox_head.head_series.4.inst_interact.out_layer.bias, bbox_head.head_series.4.inst_interact.norm3.weight, bbox_head.head_series.4.inst_interact.norm3.bias, bbox_head.head_series.4.linear1.weight, bbox_head.head_series.4.linear1.bias, bbox_head.head_series.4.linear2.weight, bbox_head.head_series.4.linear2.bias, bbox_head.head_series.4.norm1.weight, bbox_head.head_series.4.norm1.bias, bbox_head.head_series.4.norm2.weight, bbox_head.head_series.4.norm2.bias, bbox_head.head_series.4.norm3.weight, bbox_head.head_series.4.norm3.bias, bbox_head.head_series.4.block_time_mlp.1.weight, bbox_head.head_series.4.block_time_mlp.1.bias, bbox_head.head_series.4.cls_module.0.weight, bbox_head.head_series.4.cls_module.1.weight, bbox_head.head_series.4.cls_module.1.bias, bbox_head.head_series.4.reg_module.0.weight, bbox_head.head_series.4.reg_module.1.weight, bbox_head.head_series.4.reg_module.1.bias, bbox_head.head_series.4.reg_module.3.weight, bbox_head.head_series.4.reg_module.4.weight, bbox_head.head_series.4.reg_module.4.bias, bbox_head.head_series.4.reg_module.6.weight, bbox_head.head_series.4.reg_module.7.weight, bbox_head.head_series.4.reg_module.7.bias, bbox_head.head_series.4.class_logits.weight, bbox_head.head_series.4.class_logits.bias, bbox_head.head_series.4.bboxes_delta.weight, bbox_head.head_series.4.bboxes_delta.bias, bbox_head.head_series.5.self_attn.in_proj_weight, bbox_head.head_series.5.self_attn.in_proj_bias, bbox_head.head_series.5.self_attn.out_proj.weight, bbox_head.head_series.5.self_attn.out_proj.bias, bbox_head.head_series.5.inst_interact.dynamic_layer.weight, bbox_head.head_series.5.inst_interact.dynamic_layer.bias, bbox_head.head_series.5.inst_interact.norm1.weight, bbox_head.head_series.5.inst_interact.norm1.bias, bbox_head.head_series.5.inst_interact.norm2.weight, bbox_head.head_series.5.inst_interact.norm2.bias, bbox_head.head_series.5.inst_interact.out_layer.weight, bbox_head.head_series.5.inst_interact.out_layer.bias, bbox_head.head_series.5.inst_interact.norm3.weight, bbox_head.head_series.5.inst_interact.norm3.bias, bbox_head.head_series.5.linear1.weight, bbox_head.head_series.5.linear1.bias, bbox_head.head_series.5.linear2.weight, bbox_head.head_series.5.linear2.bias, bbox_head.head_series.5.norm1.weight, bbox_head.head_series.5.norm1.bias, bbox_head.head_series.5.norm2.weight, bbox_head.head_series.5.norm2.bias, bbox_head.head_series.5.norm3.weight, bbox_head.head_series.5.norm3.bias, bbox_head.head_series.5.block_time_mlp.1.weight, bbox_head.head_series.5.block_time_mlp.1.bias, bbox_head.head_series.5.cls_module.0.weight, bbox_head.head_series.5.cls_module.1.weight, bbox_head.head_series.5.cls_module.1.bias, bbox_head.head_series.5.reg_module.0.weight, bbox_head.head_series.5.reg_module.1.weight, bbox_head.head_series.5.reg_module.1.bias, bbox_head.head_series.5.reg_module.3.weight, bbox_head.head_series.5.reg_module.4.weight, bbox_head.head_series.5.reg_module.4.bias, bbox_head.head_series.5.reg_module.6.weight, bbox_head.head_series.5.reg_module.7.weight, bbox_head.head_series.5.reg_module.7.bias, bbox_head.head_series.5.class_logits.weight, bbox_head.head_series.5.class_logits.bias, bbox_head.head_series.5.bboxes_delta.weight, bbox_head.head_series.5.bboxes_delta.bias, bbox_head.time_mlp.1.weight, bbox_head.time_mlp.1.bias, bbox_head.time_mlp.3.weight, bbox_head.time_mlp.3.bias, rpn_head.head_series.0.block_time_mlp.1.weight, rpn_head.head_series.0.block_time_mlp.1.bias, rpn_head.head_series.1.block_time_mlp.1.weight, rpn_head.head_series.1.block_time_mlp.1.bias, rpn_head.head_series.2.block_time_mlp.1.weight, rpn_head.head_series.2.block_time_mlp.1.bias, rpn_head.head_series.3.block_time_mlp.1.weight, rpn_head.head_series.3.block_time_mlp.1.bias

missing keys in source state_dict: roi_head.bbox_head.0.fc_cls.weight, roi_head.bbox_head.0.fc_cls.bias, roi_head.bbox_head.0.fc_reg.weight, roi_head.bbox_head.0.fc_reg.bias, roi_head.bbox_head.0.self_attn.in_proj_weight, roi_head.bbox_head.0.self_attn.in_proj_bias, roi_head.bbox_head.0.self_attn.out_proj.weight, roi_head.bbox_head.0.self_attn.out_proj.bias, roi_head.bbox_head.0.inst_interact.dynamic_layer.weight, roi_head.bbox_head.0.inst_interact.dynamic_layer.bias, roi_head.bbox_head.0.inst_interact.norm1.weight, roi_head.bbox_head.0.inst_interact.norm1.bias, roi_head.bbox_head.0.inst_interact.norm2.weight, roi_head.bbox_head.0.inst_interact.norm2.bias, roi_head.bbox_head.0.inst_interact.out_layer.weight, roi_head.bbox_head.0.inst_interact.out_layer.bias, roi_head.bbox_head.0.inst_interact.norm3.weight, roi_head.bbox_head.0.inst_interact.norm3.bias, roi_head.bbox_head.0.linear1.weight, roi_head.bbox_head.0.linear1.bias, roi_head.bbox_head.0.linear2.weight, roi_head.bbox_head.0.linear2.bias, roi_head.bbox_head.0.norm1.weight, roi_head.bbox_head.0.norm1.bias, roi_head.bbox_head.0.norm2.weight, roi_head.bbox_head.0.norm2.bias, roi_head.bbox_head.0.norm3.weight, roi_head.bbox_head.0.norm3.bias, roi_head.bbox_head.0.cls_module.0.weight, roi_head.bbox_head.0.cls_module.1.weight, roi_head.bbox_head.0.cls_module.1.bias, roi_head.bbox_head.0.reg_module.0.weight, roi_head.bbox_head.0.reg_module.1.weight, roi_head.bbox_head.0.reg_module.1.bias, roi_head.bbox_head.0.reg_module.3.weight, roi_head.bbox_head.0.reg_module.4.weight, roi_head.bbox_head.0.reg_module.4.bias, roi_head.bbox_head.0.reg_module.6.weight, roi_head.bbox_head.0.reg_module.7.weight, roi_head.bbox_head.0.reg_module.7.bias, roi_head.bbox_head.1.fc_cls.weight, roi_head.bbox_head.1.fc_cls.bias, roi_head.bbox_head.1.fc_reg.weight, roi_head.bbox_head.1.fc_reg.bias, roi_head.bbox_head.1.self_attn.in_proj_weight, roi_head.bbox_head.1.self_attn.in_proj_bias, roi_head.bbox_head.1.self_attn.out_proj.weight, roi_head.bbox_head.1.self_attn.out_proj.bias, roi_head.bbox_head.1.inst_interact.dynamic_layer.weight, roi_head.bbox_head.1.inst_interact.dynamic_layer.bias, roi_head.bbox_head.1.inst_interact.norm1.weight, roi_head.bbox_head.1.inst_interact.norm1.bias, roi_head.bbox_head.1.inst_interact.norm2.weight, roi_head.bbox_head.1.inst_interact.norm2.bias, roi_head.bbox_head.1.inst_interact.out_layer.weight, roi_head.bbox_head.1.inst_interact.out_layer.bias, roi_head.bbox_head.1.inst_interact.norm3.weight, roi_head.bbox_head.1.inst_interact.norm3.bias, roi_head.bbox_head.1.linear1.weight, roi_head.bbox_head.1.linear1.bias, roi_head.bbox_head.1.linear2.weight, roi_head.bbox_head.1.linear2.bias, roi_head.bbox_head.1.norm1.weight, roi_head.bbox_head.1.norm1.bias, roi_head.bbox_head.1.norm2.weight, roi_head.bbox_head.1.norm2.bias, roi_head.bbox_head.1.norm3.weight, roi_head.bbox_head.1.norm3.bias, roi_head.bbox_head.1.cls_module.0.weight, roi_head.bbox_head.1.cls_module.1.weight, roi_head.bbox_head.1.cls_module.1.bias, roi_head.bbox_head.1.reg_module.0.weight, roi_head.bbox_head.1.reg_module.1.weight, roi_head.bbox_head.1.reg_module.1.bias, roi_head.bbox_head.1.reg_module.3.weight, roi_head.bbox_head.1.reg_module.4.weight, roi_head.bbox_head.1.reg_module.4.bias, roi_head.bbox_head.1.reg_module.6.weight, roi_head.bbox_head.1.reg_module.7.weight, roi_head.bbox_head.1.reg_module.7.bias

Name of parameter - Initialization information

backbone.conv1.weight - torch.Size([64, 3, 7, 7]): 
PretrainedInit: load from https://www.modelscope.cn/models/wokaikaixinxin/ai4rs/resolve/master/GSDet_baseline/pretrain/diffusiondet_r50_fpn_500-proposals_1-step_crop-ms-480-800-450k_coco_new2.pth 

backbone.bn1.weight - torch.Size([64]): 
PretrainedInit: load from https://www.modelscope.cn/models/wokaikaixinxin/ai4rs/resolve/master/GSDet_baseline/pretrain/diffusiondet_r50_fpn_500-proposals_1-step_crop-ms-480-800-450k_coco_new2.pth 

backbone.bn1.bias - torch.Size([64]): 
PretrainedInit: load from https://www.modelscope.cn/models/wokaikaixinxin/ai4rs/resolve/master/GSDet_baseline/pretrain/diffusiondet_r50_fpn_500-proposals_1-step_crop-ms-480-800-450k_coco_new2.pth 

backbone.layer1.0.conv1.weight - torch.Size([64, 64, 1, 1]): 
PretrainedInit: load from https://www.modelscope.cn/models/wokaikaixinxin/ai4rs/resolve/master/GSDet_baseline/pretrain/diffusiondet_r50_fpn_500-proposals_1-step_crop-ms-480-800-450k_coco_new2.pth 

backbone.layer1.0.bn1.weight - torch.Size([64]): 
PretrainedInit: load from https://www.modelscope.cn/models/wokaikaixinxin/ai4rs/resolve/master/GSDet_baseline/pretrain/diffusiondet_r50_fpn_500-proposals_1-step_crop-ms-480-800-450k_coco_new2.pth 

backbone.layer1.0.bn1.bias - torch.Size([64]): 
PretrainedInit: load from https://www.modelscope.cn/models/wokaikaixinxin/ai4rs/resolve/master/GSDet_baseline/pretrain/diffusiondet_r50_fpn_500-proposals_1-step_crop-ms-480-800-450k_coco_new2.pth 

backbone.layer1.0.conv2.weight - torch.Size([64, 64, 3, 3]): 
PretrainedInit: load from https://www.modelscope.cn/models/wokaikaixinxin/ai4rs/resolve/master/GSDet_baseline/pretrain/diffusiondet_r50_fpn_500-proposals_1-step_crop-ms-480-800-450k_coco_new2.pth 

backbone.layer1.0.bn2.weight - torch.Size([64]): 
PretrainedInit: load from https://www.modelscope.cn/models/wokaikaixinxin/ai4rs/resolve/master/GSDet_baseline/pretrain/diffusiondet_r50_fpn_500-proposals_1-step_crop-ms-480-800-450k_coco_new2.pth 

backbone.layer1.0.bn2.bias - torch.Size([64]): 
PretrainedInit: load from https://www.modelscope.cn/models/wokaikaixinxin/ai4rs/resolve/master/GSDet_baseline/pretrain/diffusiondet_r50_fpn_500-proposals_1-step_crop-ms-480-800-450k_coco_new2.pth 

backbone.layer1.0.conv3.weight - torch.Size([256, 64, 1, 1]): 
PretrainedInit: load from https://www.modelscope.cn/models/wokaikaixinxin/ai4rs/resolve/master/GSDet_baseline/pretrain/diffusiondet_r50_fpn_500-proposals_1-step_crop-ms-480-800-450k_coco_new2.pth 

backbone.layer1.0.bn3.weight - torch.Size([256]): 
PretrainedInit: load from https://www.modelscope.cn/models/wokaikaixinxin/ai4rs/resolve/master/GSDet_baseline/pretrain/diffusiondet_r50_fpn_500-proposals_1-step_crop-ms-480-800-450k_coco_new2.pth 

backbone.layer1.0.bn3.bias - torch.Size([256]): 
PretrainedInit: load from https://www.modelscope.cn/models/wokaikaixinxin/ai4rs/resolve/master/GSDet_baseline/pretrain/diffusiondet_r50_fpn_500-proposals_1-step_crop-ms-480-800-450k_coco_new2.pth 

backbone.layer1.0.downsample.0.weight - torch.Size([256, 64, 1, 1]): 
PretrainedInit: load from https://www.modelscope.cn/models/wokaikaixinxin/ai4rs/resolve/master/GSDet_baseline/pretrain/diffusiondet_r50_fpn_500-proposals_1-step_crop-ms-480-800-450k_coco_new2.pth 

backbone.layer1.0.downsample.1.weight - torch.Size([256]): 
PretrainedInit: load from https://www.modelscope.cn/models/wokaikaixinxin/ai4rs/resolve/master/GSDet_baseline/pretrain/diffusiondet_r50_fpn_500-proposals_1-step_crop-ms-480-800-450k_coco_new2.pth 

backbone.layer1.0.downsample.1.bias - torch.Size([256]): 
PretrainedInit: load from https://www.modelscope.cn/models/wokaikaixinxin/ai4rs/resolve/master/GSDet_baseline/pretrain/diffusiondet_r50_fpn_500-proposals_1-step_crop-ms-480-800-450k_coco_new2.pth 

backbone.layer1.1.conv1.weight - torch.Size([64, 256, 1, 1]): 
PretrainedInit: load from https://www.modelscope.cn/models/wokaikaixinxin/ai4rs/resolve/master/GSDet_baseline/pretrain/diffusiondet_r50_fpn_500-proposals_1-step_crop-ms-480-800-450k_coco_new2.pth 

backbone.layer1.1.bn1.weight - torch.Size([64]): 
PretrainedInit: load from https://www.modelscope.cn/models/wokaikaixinxin/ai4rs/resolve/master/GSDet_baseline/pretrain/diffusiondet_r50_fpn_500-proposals_1-step_crop-ms-480-800-450k_coco_new2.pth 

backbone.layer1.1.bn1.bias - torch.Size([64]): 
PretrainedInit: load from https://www.modelscope.cn/models/wokaikaixinxin/ai4rs/resolve/master/GSDet_baseline/pretrain/diffusiondet_r50_fpn_500-proposals_1-step_crop-ms-480-800-450k_coco_new2.pth 

backbone.layer1.1.conv2.weight - torch.Size([64, 64, 3, 3]): 
PretrainedInit: load from https://www.modelscope.cn/models/wokaikaixinxin/ai4rs/resolve/master/GSDet_baseline/pretrain/diffusiondet_r50_fpn_500-proposals_1-step_crop-ms-480-800-450k_coco_new2.pth 

backbone.layer1.1.bn2.weight - torch.Size([64]): 
PretrainedInit: load from https://www.modelscope.cn/models/wokaikaixinxin/ai4rs/resolve/master/GSDet_baseline/pretrain/diffusiondet_r50_fpn_500-proposals_1-step_crop-ms-480-800-450k_coco_new2.pth 

backbone.layer1.1.bn2.bias - torch.Size([64]): 
PretrainedInit: load from https://www.modelscope.cn/models/wokaikaixinxin/ai4rs/resolve/master/GSDet_baseline/pretrain/diffusiondet_r50_fpn_500-proposals_1-step_crop-ms-480-800-450k_coco_new2.pth 

backbone.layer1.1.conv3.weight - torch.Size([256, 64, 1, 1]): 
PretrainedInit: load from https://www.modelscope.cn/models/wokaikaixinxin/ai4rs/resolve/master/GSDet_baseline/pretrain/diffusiondet_r50_fpn_500-proposals_1-step_crop-ms-480-800-450k_coco_new2.pth 

backbone.layer1.1.bn3.weight - torch.Size([256]): 
PretrainedInit: load from https://www.modelscope.cn/models/wokaikaixinxin/ai4rs/resolve/master/GSDet_baseline/pretrain/diffusiondet_r50_fpn_500-proposals_1-step_crop-ms-480-800-450k_coco_new2.pth 

backbone.layer1.1.bn3.bias - torch.Size([256]): 
PretrainedInit: load from https://www.modelscope.cn/models/wokaikaixinxin/ai4rs/resolve/master/GSDet_baseline/pretrain/diffusiondet_r50_fpn_500-proposals_1-step_crop-ms-480-800-450k_coco_new2.pth 

backbone.layer1.2.conv1.weight - torch.Size([64, 256, 1, 1]): 
PretrainedInit: load from https://www.modelscope.cn/models/wokaikaixinxin/ai4rs/resolve/master/GSDet_baseline/pretrain/diffusiondet_r50_fpn_500-proposals_1-step_crop-ms-480-800-450k_coco_new2.pth 

backbone.layer1.2.bn1.weight - torch.Size([64]): 
PretrainedInit: load from https://www.modelscope.cn/models/wokaikaixinxin/ai4rs/resolve/master/GSDet_baseline/pretrain/diffusiondet_r50_fpn_500-proposals_1-step_crop-ms-480-800-450k_coco_new2.pth 

backbone.layer1.2.bn1.bias - torch.Size([64]): 
PretrainedInit: load from https://www.modelscope.cn/models/wokaikaixinxin/ai4rs/resolve/master/GSDet_baseline/pretrain/diffusiondet_r50_fpn_500-proposals_1-step_crop-ms-480-800-450k_coco_new2.pth 

backbone.layer1.2.conv2.weight - torch.Size([64, 64, 3, 3]): 
PretrainedInit: load from https://www.modelscope.cn/models/wokaikaixinxin/ai4rs/resolve/master/GSDet_baseline/pretrain/diffusiondet_r50_fpn_500-proposals_1-step_crop-ms-480-800-450k_coco_new2.pth 

backbone.layer1.2.bn2.weight - torch.Size([64]): 
PretrainedInit: load from https://www.modelscope.cn/models/wokaikaixinxin/ai4rs/resolve/master/GSDet_baseline/pretrain/diffusiondet_r50_fpn_500-proposals_1-step_crop-ms-480-800-450k_coco_new2.pth 

backbone.layer1.2.bn2.bias - torch.Size([64]): 
PretrainedInit: load from https://www.modelscope.cn/models/wokaikaixinxin/ai4rs/resolve/master/GSDet_baseline/pretrain/diffusiondet_r50_fpn_500-proposals_1-step_crop-ms-480-800-450k_coco_new2.pth 

backbone.layer1.2.conv3.weight - torch.Size([256, 64, 1, 1]): 
PretrainedInit: load from https://www.modelscope.cn/models/wokaikaixinxin/ai4rs/resolve/master/GSDet_baseline/pretrain/diffusiondet_r50_fpn_500-proposals_1-step_crop-ms-480-800-450k_coco_new2.pth 

backbone.layer1.2.bn3.weight - torch.Size([256]): 
PretrainedInit: load from https://www.modelscope.cn/models/wokaikaixinxin/ai4rs/resolve/master/GSDet_baseline/pretrain/diffusiondet_r50_fpn_500-proposals_1-step_crop-ms-480-800-450k_coco_new2.pth 

backbone.layer1.2.bn3.bias - torch.Size([256]): 
PretrainedInit: load from https://www.modelscope.cn/models/wokaikaixinxin/ai4rs/resolve/master/GSDet_baseline/pretrain/diffusiondet_r50_fpn_500-proposals_1-step_crop-ms-480-800-450k_coco_new2.pth 

backbone.layer2.0.conv1.weight - torch.Size([128, 256, 1, 1]): 
PretrainedInit: load from https://www.modelscope.cn/models/wokaikaixinxin/ai4rs/resolve/master/GSDet_baseline/pretrain/diffusiondet_r50_fpn_500-proposals_1-step_crop-ms-480-800-450k_coco_new2.pth 

backbone.layer2.0.bn1.weight - torch.Size([128]): 
PretrainedInit: load from https://www.modelscope.cn/models/wokaikaixinxin/ai4rs/resolve/master/GSDet_baseline/pretrain/diffusiondet_r50_fpn_500-proposals_1-step_crop-ms-480-800-450k_coco_new2.pth 

backbone.layer2.0.bn1.bias - torch.Size([128]): 
PretrainedInit: load from https://www.modelscope.cn/models/wokaikaixinxin/ai4rs/resolve/master/GSDet_baseline/pretrain/diffusiondet_r50_fpn_500-proposals_1-step_crop-ms-480-800-450k_coco_new2.pth 

backbone.layer2.0.conv2.weight - torch.Size([128, 128, 3, 3]): 
PretrainedInit: load from https://www.modelscope.cn/models/wokaikaixinxin/ai4rs/resolve/master/GSDet_baseline/pretrain/diffusiondet_r50_fpn_500-proposals_1-step_crop-ms-480-800-450k_coco_new2.pth 

backbone.layer2.0.bn2.weight - torch.Size([128]): 
PretrainedInit: load from https://www.modelscope.cn/models/wokaikaixinxin/ai4rs/resolve/master/GSDet_baseline/pretrain/diffusiondet_r50_fpn_500-proposals_1-step_crop-ms-480-800-450k_coco_new2.pth 

backbone.layer2.0.bn2.bias - torch.Size([128]): 
PretrainedInit: load from https://www.modelscope.cn/models/wokaikaixinxin/ai4rs/resolve/master/GSDet_baseline/pretrain/diffusiondet_r50_fpn_500-proposals_1-step_crop-ms-480-800-450k_coco_new2.pth 

backbone.layer2.0.conv3.weight - torch.Size([512, 128, 1, 1]): 
PretrainedInit: load from https://www.modelscope.cn/models/wokaikaixinxin/ai4rs/resolve/master/GSDet_baseline/pretrain/diffusiondet_r50_fpn_500-proposals_1-step_crop-ms-480-800-450k_coco_new2.pth 

backbone.layer2.0.bn3.weight - torch.Size([512]): 
PretrainedInit: load from https://www.modelscope.cn/models/wokaikaixinxin/ai4rs/resolve/master/GSDet_baseline/pretrain/diffusiondet_r50_fpn_500-proposals_1-step_crop-ms-480-800-450k_coco_new2.pth 

backbone.layer2.0.bn3.bias - torch.Size([512]): 
PretrainedInit: load from https://www.modelscope.cn/models/wokaikaixinxin/ai4rs/resolve/master/GSDet_baseline/pretrain/diffusiondet_r50_fpn_500-proposals_1-step_crop-ms-480-800-450k_coco_new2.pth 

backbone.layer2.0.downsample.0.weight - torch.Size([512, 256, 1, 1]): 
PretrainedInit: load from https://www.modelscope.cn/models/wokaikaixinxin/ai4rs/resolve/master/GSDet_baseline/pretrain/diffusiondet_r50_fpn_500-proposals_1-step_crop-ms-480-800-450k_coco_new2.pth 

backbone.layer2.0.downsample.1.weight - torch.Size([512]): 
PretrainedInit: load from https://www.modelscope.cn/models/wokaikaixinxin/ai4rs/resolve/master/GSDet_baseline/pretrain/diffusiondet_r50_fpn_500-proposals_1-step_crop-ms-480-800-450k_coco_new2.pth 

backbone.layer2.0.downsample.1.bias - torch.Size([512]): 
PretrainedInit: load from https://www.modelscope.cn/models/wokaikaixinxin/ai4rs/resolve/master/GSDet_baseline/pretrain/diffusiondet_r50_fpn_500-proposals_1-step_crop-ms-480-800-450k_coco_new2.pth 

backbone.layer2.1.conv1.weight - torch.Size([128, 512, 1, 1]): 
PretrainedInit: load from https://www.modelscope.cn/models/wokaikaixinxin/ai4rs/resolve/master/GSDet_baseline/pretrain/diffusiondet_r50_fpn_500-proposals_1-step_crop-ms-480-800-450k_coco_new2.pth 

backbone.layer2.1.bn1.weight - torch.Size([128]): 
PretrainedInit: load from https://www.modelscope.cn/models/wokaikaixinxin/ai4rs/resolve/master/GSDet_baseline/pretrain/diffusiondet_r50_fpn_500-proposals_1-step_crop-ms-480-800-450k_coco_new2.pth 

backbone.layer2.1.bn1.bias - torch.Size([128]): 
PretrainedInit: load from https://www.modelscope.cn/models/wokaikaixinxin/ai4rs/resolve/master/GSDet_baseline/pretrain/diffusiondet_r50_fpn_500-proposals_1-step_crop-ms-480-800-450k_coco_new2.pth 

backbone.layer2.1.conv2.weight - torch.Size([128, 128, 3, 3]): 
PretrainedInit: load from https://www.modelscope.cn/models/wokaikaixinxin/ai4rs/resolve/master/GSDet_baseline/pretrain/diffusiondet_r50_fpn_500-proposals_1-step_crop-ms-480-800-450k_coco_new2.pth 

backbone.layer2.1.bn2.weight - torch.Size([128]): 
PretrainedInit: load from https://www.modelscope.cn/models/wokaikaixinxin/ai4rs/resolve/master/GSDet_baseline/pretrain/diffusiondet_r50_fpn_500-proposals_1-step_crop-ms-480-800-450k_coco_new2.pth 

backbone.layer2.1.bn2.bias - torch.Size([128]): 
PretrainedInit: load from https://www.modelscope.cn/models/wokaikaixinxin/ai4rs/resolve/master/GSDet_baseline/pretrain/diffusiondet_r50_fpn_500-proposals_1-step_crop-ms-480-800-450k_coco_new2.pth 

backbone.layer2.1.conv3.weight - torch.Size([512, 128, 1, 1]): 
PretrainedInit: load from https://www.modelscope.cn/models/wokaikaixinxin/ai4rs/resolve/master/GSDet_baseline/pretrain/diffusiondet_r50_fpn_500-proposals_1-step_crop-ms-480-800-450k_coco_new2.pth 

backbone.layer2.1.bn3.weight - torch.Size([512]): 
PretrainedInit: load from https://www.modelscope.cn/models/wokaikaixinxin/ai4rs/resolve/master/GSDet_baseline/pretrain/diffusiondet_r50_fpn_500-proposals_1-step_crop-ms-480-800-450k_coco_new2.pth 

backbone.layer2.1.bn3.bias - torch.Size([512]): 
PretrainedInit: load from https://www.modelscope.cn/models/wokaikaixinxin/ai4rs/resolve/master/GSDet_baseline/pretrain/diffusiondet_r50_fpn_500-proposals_1-step_crop-ms-480-800-450k_coco_new2.pth 

backbone.layer2.2.conv1.weight - torch.Size([128, 512, 1, 1]): 
PretrainedInit: load from https://www.modelscope.cn/models/wokaikaixinxin/ai4rs/resolve/master/GSDet_baseline/pretrain/diffusiondet_r50_fpn_500-proposals_1-step_crop-ms-480-800-450k_coco_new2.pth 

backbone.layer2.2.bn1.weight - torch.Size([128]): 
PretrainedInit: load from https://www.modelscope.cn/models/wokaikaixinxin/ai4rs/resolve/master/GSDet_baseline/pretrain/diffusiondet_r50_fpn_500-proposals_1-step_crop-ms-480-800-450k_coco_new2.pth 

backbone.layer2.2.bn1.bias - torch.Size([128]): 
PretrainedInit: load from https://www.modelscope.cn/models/wokaikaixinxin/ai4rs/resolve/master/GSDet_baseline/pretrain/diffusiondet_r50_fpn_500-proposals_1-step_crop-ms-480-800-450k_coco_new2.pth 

backbone.layer2.2.conv2.weight - torch.Size([128, 128, 3, 3]): 
PretrainedInit: load from https://www.modelscope.cn/models/wokaikaixinxin/ai4rs/resolve/master/GSDet_baseline/pretrain/diffusiondet_r50_fpn_500-proposals_1-step_crop-ms-480-800-450k_coco_new2.pth 

backbone.layer2.2.bn2.weight - torch.Size([128]): 
PretrainedInit: load from https://www.modelscope.cn/models/wokaikaixinxin/ai4rs/resolve/master/GSDet_baseline/pretrain/diffusiondet_r50_fpn_500-proposals_1-step_crop-ms-480-800-450k_coco_new2.pth 

backbone.layer2.2.bn2.bias - torch.Size([128]): 
PretrainedInit: load from https://www.modelscope.cn/models/wokaikaixinxin/ai4rs/resolve/master/GSDet_baseline/pretrain/diffusiondet_r50_fpn_500-proposals_1-step_crop-ms-480-800-450k_coco_new2.pth 

backbone.layer2.2.conv3.weight - torch.Size([512, 128, 1, 1]): 
PretrainedInit: load from https://www.modelscope.cn/models/wokaikaixinxin/ai4rs/resolve/master/GSDet_baseline/pretrain/diffusiondet_r50_fpn_500-proposals_1-step_crop-ms-480-800-450k_coco_new2.pth 

backbone.layer2.2.bn3.weight - torch.Size([512]): 
PretrainedInit: load from https://www.modelscope.cn/models/wokaikaixinxin/ai4rs/resolve/master/GSDet_baseline/pretrain/diffusiondet_r50_fpn_500-proposals_1-step_crop-ms-480-800-450k_coco_new2.pth 

backbone.layer2.2.bn3.bias - torch.Size([512]): 
PretrainedInit: load from https://www.modelscope.cn/models/wokaikaixinxin/ai4rs/resolve/master/GSDet_baseline/pretrain/diffusiondet_r50_fpn_500-proposals_1-step_crop-ms-480-800-450k_coco_new2.pth 

backbone.layer2.3.conv1.weight - torch.Size([128, 512, 1, 1]): 
PretrainedInit: load from https://www.modelscope.cn/models/wokaikaixinxin/ai4rs/resolve/master/GSDet_baseline/pretrain/diffusiondet_r50_fpn_500-proposals_1-step_crop-ms-480-800-450k_coco_new2.pth 

backbone.layer2.3.bn1.weight - torch.Size([128]): 
PretrainedInit: load from https://www.modelscope.cn/models/wokaikaixinxin/ai4rs/resolve/master/GSDet_baseline/pretrain/diffusiondet_r50_fpn_500-proposals_1-step_crop-ms-480-800-450k_coco_new2.pth 

backbone.layer2.3.bn1.bias - torch.Size([128]): 
PretrainedInit: load from https://www.modelscope.cn/models/wokaikaixinxin/ai4rs/resolve/master/GSDet_baseline/pretrain/diffusiondet_r50_fpn_500-proposals_1-step_crop-ms-480-800-450k_coco_new2.pth 

backbone.layer2.3.conv2.weight - torch.Size([128, 128, 3, 3]): 
PretrainedInit: load from https://www.modelscope.cn/models/wokaikaixinxin/ai4rs/resolve/master/GSDet_baseline/pretrain/diffusiondet_r50_fpn_500-proposals_1-step_crop-ms-480-800-450k_coco_new2.pth 

backbone.layer2.3.bn2.weight - torch.Size([128]): 
PretrainedInit: load from https://www.modelscope.cn/models/wokaikaixinxin/ai4rs/resolve/master/GSDet_baseline/pretrain/diffusiondet_r50_fpn_500-proposals_1-step_crop-ms-480-800-450k_coco_new2.pth 

backbone.layer2.3.bn2.bias - torch.Size([128]): 
PretrainedInit: load from https://www.modelscope.cn/models/wokaikaixinxin/ai4rs/resolve/master/GSDet_baseline/pretrain/diffusiondet_r50_fpn_500-proposals_1-step_crop-ms-480-800-450k_coco_new2.pth 

backbone.layer2.3.conv3.weight - torch.Size([512, 128, 1, 1]): 
PretrainedInit: load from https://www.modelscope.cn/models/wokaikaixinxin/ai4rs/resolve/master/GSDet_baseline/pretrain/diffusiondet_r50_fpn_500-proposals_1-step_crop-ms-480-800-450k_coco_new2.pth 

backbone.layer2.3.bn3.weight - torch.Size([512]): 
PretrainedInit: load from https://www.modelscope.cn/models/wokaikaixinxin/ai4rs/resolve/master/GSDet_baseline/pretrain/diffusiondet_r50_fpn_500-proposals_1-step_crop-ms-480-800-450k_coco_new2.pth 

backbone.layer2.3.bn3.bias - torch.Size([512]): 
PretrainedInit: load from https://www.modelscope.cn/models/wokaikaixinxin/ai4rs/resolve/master/GSDet_baseline/pretrain/diffusiondet_r50_fpn_500-proposals_1-step_crop-ms-480-800-450k_coco_new2.pth 

backbone.layer3.0.conv1.weight - torch.Size([256, 512, 1, 1]): 
PretrainedInit: load from https://www.modelscope.cn/models/wokaikaixinxin/ai4rs/resolve/master/GSDet_baseline/pretrain/diffusiondet_r50_fpn_500-proposals_1-step_crop-ms-480-800-450k_coco_new2.pth 

backbone.layer3.0.bn1.weight - torch.Size([256]): 
PretrainedInit: load from https://www.modelscope.cn/models/wokaikaixinxin/ai4rs/resolve/master/GSDet_baseline/pretrain/diffusiondet_r50_fpn_500-proposals_1-step_crop-ms-480-800-450k_coco_new2.pth 

backbone.layer3.0.bn1.bias - torch.Size([256]): 
PretrainedInit: load from https://www.modelscope.cn/models/wokaikaixinxin/ai4rs/resolve/master/GSDet_baseline/pretrain/diffusiondet_r50_fpn_500-proposals_1-step_crop-ms-480-800-450k_coco_new2.pth 

backbone.layer3.0.conv2.weight - torch.Size([256, 256, 3, 3]): 
PretrainedInit: load from https://www.modelscope.cn/models/wokaikaixinxin/ai4rs/resolve/master/GSDet_baseline/pretrain/diffusiondet_r50_fpn_500-proposals_1-step_crop-ms-480-800-450k_coco_new2.pth 

backbone.layer3.0.bn2.weight - torch.Size([256]): 
PretrainedInit: load from https://www.modelscope.cn/models/wokaikaixinxin/ai4rs/resolve/master/GSDet_baseline/pretrain/diffusiondet_r50_fpn_500-proposals_1-step_crop-ms-480-800-450k_coco_new2.pth 

backbone.layer3.0.bn2.bias - torch.Size([256]): 
PretrainedInit: load from https://www.modelscope.cn/models/wokaikaixinxin/ai4rs/resolve/master/GSDet_baseline/pretrain/diffusiondet_r50_fpn_500-proposals_1-step_crop-ms-480-800-450k_coco_new2.pth 

backbone.layer3.0.conv3.weight - torch.Size([1024, 256, 1, 1]): 
PretrainedInit: load from https://www.modelscope.cn/models/wokaikaixinxin/ai4rs/resolve/master/GSDet_baseline/pretrain/diffusiondet_r50_fpn_500-proposals_1-step_crop-ms-480-800-450k_coco_new2.pth 

backbone.layer3.0.bn3.weight - torch.Size([1024]): 
PretrainedInit: load from https://www.modelscope.cn/models/wokaikaixinxin/ai4rs/resolve/master/GSDet_baseline/pretrain/diffusiondet_r50_fpn_500-proposals_1-step_crop-ms-480-800-450k_coco_new2.pth 

backbone.layer3.0.bn3.bias - torch.Size([1024]): 
PretrainedInit: load from https://www.modelscope.cn/models/wokaikaixinxin/ai4rs/resolve/master/GSDet_baseline/pretrain/diffusiondet_r50_fpn_500-proposals_1-step_crop-ms-480-800-450k_coco_new2.pth 

backbone.layer3.0.downsample.0.weight - torch.Size([1024, 512, 1, 1]): 
PretrainedInit: load from https://www.modelscope.cn/models/wokaikaixinxin/ai4rs/resolve/master/GSDet_baseline/pretrain/diffusiondet_r50_fpn_500-proposals_1-step_crop-ms-480-800-450k_coco_new2.pth 

backbone.layer3.0.downsample.1.weight - torch.Size([1024]): 
PretrainedInit: load from https://www.modelscope.cn/models/wokaikaixinxin/ai4rs/resolve/master/GSDet_baseline/pretrain/diffusiondet_r50_fpn_500-proposals_1-step_crop-ms-480-800-450k_coco_new2.pth 

backbone.layer3.0.downsample.1.bias - torch.Size([1024]): 
PretrainedInit: load from https://www.modelscope.cn/models/wokaikaixinxin/ai4rs/resolve/master/GSDet_baseline/pretrain/diffusiondet_r50_fpn_500-proposals_1-step_crop-ms-480-800-450k_coco_new2.pth 

backbone.layer3.1.conv1.weight - torch.Size([256, 1024, 1, 1]): 
PretrainedInit: load from https://www.modelscope.cn/models/wokaikaixinxin/ai4rs/resolve/master/GSDet_baseline/pretrain/diffusiondet_r50_fpn_500-proposals_1-step_crop-ms-480-800-450k_coco_new2.pth 

backbone.layer3.1.bn1.weight - torch.Size([256]): 
PretrainedInit: load from https://www.modelscope.cn/models/wokaikaixinxin/ai4rs/resolve/master/GSDet_baseline/pretrain/diffusiondet_r50_fpn_500-proposals_1-step_crop-ms-480-800-450k_coco_new2.pth 

backbone.layer3.1.bn1.bias - torch.Size([256]): 
PretrainedInit: load from https://www.modelscope.cn/models/wokaikaixinxin/ai4rs/resolve/master/GSDet_baseline/pretrain/diffusiondet_r50_fpn_500-proposals_1-step_crop-ms-480-800-450k_coco_new2.pth 

backbone.layer3.1.conv2.weight - torch.Size([256, 256, 3, 3]): 
PretrainedInit: load from https://www.modelscope.cn/models/wokaikaixinxin/ai4rs/resolve/master/GSDet_baseline/pretrain/diffusiondet_r50_fpn_500-proposals_1-step_crop-ms-480-800-450k_coco_new2.pth 

backbone.layer3.1.bn2.weight - torch.Size([256]): 
PretrainedInit: load from https://www.modelscope.cn/models/wokaikaixinxin/ai4rs/resolve/master/GSDet_baseline/pretrain/diffusiondet_r50_fpn_500-proposals_1-step_crop-ms-480-800-450k_coco_new2.pth 

backbone.layer3.1.bn2.bias - torch.Size([256]): 
PretrainedInit: load from https://www.modelscope.cn/models/wokaikaixinxin/ai4rs/resolve/master/GSDet_baseline/pretrain/diffusiondet_r50_fpn_500-proposals_1-step_crop-ms-480-800-450k_coco_new2.pth 

backbone.layer3.1.conv3.weight - torch.Size([1024, 256, 1, 1]): 
PretrainedInit: load from https://www.modelscope.cn/models/wokaikaixinxin/ai4rs/resolve/master/GSDet_baseline/pretrain/diffusiondet_r50_fpn_500-proposals_1-step_crop-ms-480-800-450k_coco_new2.pth 

backbone.layer3.1.bn3.weight - torch.Size([1024]): 
PretrainedInit: load from https://www.modelscope.cn/models/wokaikaixinxin/ai4rs/resolve/master/GSDet_baseline/pretrain/diffusiondet_r50_fpn_500-proposals_1-step_crop-ms-480-800-450k_coco_new2.pth 

backbone.layer3.1.bn3.bias - torch.Size([1024]): 
PretrainedInit: load from https://www.modelscope.cn/models/wokaikaixinxin/ai4rs/resolve/master/GSDet_baseline/pretrain/diffusiondet_r50_fpn_500-proposals_1-step_crop-ms-480-800-450k_coco_new2.pth 

backbone.layer3.2.conv1.weight - torch.Size([256, 1024, 1, 1]): 
PretrainedInit: load from https://www.modelscope.cn/models/wokaikaixinxin/ai4rs/resolve/master/GSDet_baseline/pretrain/diffusiondet_r50_fpn_500-proposals_1-step_crop-ms-480-800-450k_coco_new2.pth 

backbone.layer3.2.bn1.weight - torch.Size([256]): 
PretrainedInit: load from https://www.modelscope.cn/models/wokaikaixinxin/ai4rs/resolve/master/GSDet_baseline/pretrain/diffusiondet_r50_fpn_500-proposals_1-step_crop-ms-480-800-450k_coco_new2.pth 

backbone.layer3.2.bn1.bias - torch.Size([256]): 
PretrainedInit: load from https://www.modelscope.cn/models/wokaikaixinxin/ai4rs/resolve/master/GSDet_baseline/pretrain/diffusiondet_r50_fpn_500-proposals_1-step_crop-ms-480-800-450k_coco_new2.pth 

backbone.layer3.2.conv2.weight - torch.Size([256, 256, 3, 3]): 
PretrainedInit: load from https://www.modelscope.cn/models/wokaikaixinxin/ai4rs/resolve/master/GSDet_baseline/pretrain/diffusiondet_r50_fpn_500-proposals_1-step_crop-ms-480-800-450k_coco_new2.pth 

backbone.layer3.2.bn2.weight - torch.Size([256]): 
PretrainedInit: load from https://www.modelscope.cn/models/wokaikaixinxin/ai4rs/resolve/master/GSDet_baseline/pretrain/diffusiondet_r50_fpn_500-proposals_1-step_crop-ms-480-800-450k_coco_new2.pth 

backbone.layer3.2.bn2.bias - torch.Size([256]): 
PretrainedInit: load from https://www.modelscope.cn/models/wokaikaixinxin/ai4rs/resolve/master/GSDet_baseline/pretrain/diffusiondet_r50_fpn_500-proposals_1-step_crop-ms-480-800-450k_coco_new2.pth 

backbone.layer3.2.conv3.weight - torch.Size([1024, 256, 1, 1]): 
PretrainedInit: load from https://www.modelscope.cn/models/wokaikaixinxin/ai4rs/resolve/master/GSDet_baseline/pretrain/diffusiondet_r50_fpn_500-proposals_1-step_crop-ms-480-800-450k_coco_new2.pth 

backbone.layer3.2.bn3.weight - torch.Size([1024]): 
PretrainedInit: load from https://www.modelscope.cn/models/wokaikaixinxin/ai4rs/resolve/master/GSDet_baseline/pretrain/diffusiondet_r50_fpn_500-proposals_1-step_crop-ms-480-800-450k_coco_new2.pth 

backbone.layer3.2.bn3.bias - torch.Size([1024]): 
PretrainedInit: load from https://www.modelscope.cn/models/wokaikaixinxin/ai4rs/resolve/master/GSDet_baseline/pretrain/diffusiondet_r50_fpn_500-proposals_1-step_crop-ms-480-800-450k_coco_new2.pth 

backbone.layer3.3.conv1.weight - torch.Size([256, 1024, 1, 1]): 
PretrainedInit: load from https://www.modelscope.cn/models/wokaikaixinxin/ai4rs/resolve/master/GSDet_baseline/pretrain/diffusiondet_r50_fpn_500-proposals_1-step_crop-ms-480-800-450k_coco_new2.pth 

backbone.layer3.3.bn1.weight - torch.Size([256]): 
PretrainedInit: load from https://www.modelscope.cn/models/wokaikaixinxin/ai4rs/resolve/master/GSDet_baseline/pretrain/diffusiondet_r50_fpn_500-proposals_1-step_crop-ms-480-800-450k_coco_new2.pth 

backbone.layer3.3.bn1.bias - torch.Size([256]): 
PretrainedInit: load from https://www.modelscope.cn/models/wokaikaixinxin/ai4rs/resolve/master/GSDet_baseline/pretrain/diffusiondet_r50_fpn_500-proposals_1-step_crop-ms-480-800-450k_coco_new2.pth 

backbone.layer3.3.conv2.weight - torch.Size([256, 256, 3, 3]): 
PretrainedInit: load from https://www.modelscope.cn/models/wokaikaixinxin/ai4rs/resolve/master/GSDet_baseline/pretrain/diffusiondet_r50_fpn_500-proposals_1-step_crop-ms-480-800-450k_coco_new2.pth 

backbone.layer3.3.bn2.weight - torch.Size([256]): 
PretrainedInit: load from https://www.modelscope.cn/models/wokaikaixinxin/ai4rs/resolve/master/GSDet_baseline/pretrain/diffusiondet_r50_fpn_500-proposals_1-step_crop-ms-480-800-450k_coco_new2.pth 

backbone.layer3.3.bn2.bias - torch.Size([256]): 
PretrainedInit: load from https://www.modelscope.cn/models/wokaikaixinxin/ai4rs/resolve/master/GSDet_baseline/pretrain/diffusiondet_r50_fpn_500-proposals_1-step_crop-ms-480-800-450k_coco_new2.pth 

backbone.layer3.3.conv3.weight - torch.Size([1024, 256, 1, 1]): 
PretrainedInit: load from https://www.modelscope.cn/models/wokaikaixinxin/ai4rs/resolve/master/GSDet_baseline/pretrain/diffusiondet_r50_fpn_500-proposals_1-step_crop-ms-480-800-450k_coco_new2.pth 

backbone.layer3.3.bn3.weight - torch.Size([1024]): 
PretrainedInit: load from https://www.modelscope.cn/models/wokaikaixinxin/ai4rs/resolve/master/GSDet_baseline/pretrain/diffusiondet_r50_fpn_500-proposals_1-step_crop-ms-480-800-450k_coco_new2.pth 

backbone.layer3.3.bn3.bias - torch.Size([1024]): 
PretrainedInit: load from https://www.modelscope.cn/models/wokaikaixinxin/ai4rs/resolve/master/GSDet_baseline/pretrain/diffusiondet_r50_fpn_500-proposals_1-step_crop-ms-480-800-450k_coco_new2.pth 

backbone.layer3.4.conv1.weight - torch.Size([256, 1024, 1, 1]): 
PretrainedInit: load from https://www.modelscope.cn/models/wokaikaixinxin/ai4rs/resolve/master/GSDet_baseline/pretrain/diffusiondet_r50_fpn_500-proposals_1-step_crop-ms-480-800-450k_coco_new2.pth 

backbone.layer3.4.bn1.weight - torch.Size([256]): 
PretrainedInit: load from https://www.modelscope.cn/models/wokaikaixinxin/ai4rs/resolve/master/GSDet_baseline/pretrain/diffusiondet_r50_fpn_500-proposals_1-step_crop-ms-480-800-450k_coco_new2.pth 

backbone.layer3.4.bn1.bias - torch.Size([256]): 
PretrainedInit: load from https://www.modelscope.cn/models/wokaikaixinxin/ai4rs/resolve/master/GSDet_baseline/pretrain/diffusiondet_r50_fpn_500-proposals_1-step_crop-ms-480-800-450k_coco_new2.pth 

backbone.layer3.4.conv2.weight - torch.Size([256, 256, 3, 3]): 
PretrainedInit: load from https://www.modelscope.cn/models/wokaikaixinxin/ai4rs/resolve/master/GSDet_baseline/pretrain/diffusiondet_r50_fpn_500-proposals_1-step_crop-ms-480-800-450k_coco_new2.pth 

backbone.layer3.4.bn2.weight - torch.Size([256]): 
PretrainedInit: load from https://www.modelscope.cn/models/wokaikaixinxin/ai4rs/resolve/master/GSDet_baseline/pretrain/diffusiondet_r50_fpn_500-proposals_1-step_crop-ms-480-800-450k_coco_new2.pth 

backbone.layer3.4.bn2.bias - torch.Size([256]): 
PretrainedInit: load from https://www.modelscope.cn/models/wokaikaixinxin/ai4rs/resolve/master/GSDet_baseline/pretrain/diffusiondet_r50_fpn_500-proposals_1-step_crop-ms-480-800-450k_coco_new2.pth 

backbone.layer3.4.conv3.weight - torch.Size([1024, 256, 1, 1]): 
PretrainedInit: load from https://www.modelscope.cn/models/wokaikaixinxin/ai4rs/resolve/master/GSDet_baseline/pretrain/diffusiondet_r50_fpn_500-proposals_1-step_crop-ms-480-800-450k_coco_new2.pth 

backbone.layer3.4.bn3.weight - torch.Size([1024]): 
PretrainedInit: load from https://www.modelscope.cn/models/wokaikaixinxin/ai4rs/resolve/master/GSDet_baseline/pretrain/diffusiondet_r50_fpn_500-proposals_1-step_crop-ms-480-800-450k_coco_new2.pth 

backbone.layer3.4.bn3.bias - torch.Size([1024]): 
PretrainedInit: load from https://www.modelscope.cn/models/wokaikaixinxin/ai4rs/resolve/master/GSDet_baseline/pretrain/diffusiondet_r50_fpn_500-proposals_1-step_crop-ms-480-800-450k_coco_new2.pth 

backbone.layer3.5.conv1.weight - torch.Size([256, 1024, 1, 1]): 
PretrainedInit: load from https://www.modelscope.cn/models/wokaikaixinxin/ai4rs/resolve/master/GSDet_baseline/pretrain/diffusiondet_r50_fpn_500-proposals_1-step_crop-ms-480-800-450k_coco_new2.pth 

backbone.layer3.5.bn1.weight - torch.Size([256]): 
PretrainedInit: load from https://www.modelscope.cn/models/wokaikaixinxin/ai4rs/resolve/master/GSDet_baseline/pretrain/diffusiondet_r50_fpn_500-proposals_1-step_crop-ms-480-800-450k_coco_new2.pth 

backbone.layer3.5.bn1.bias - torch.Size([256]): 
PretrainedInit: load from https://www.modelscope.cn/models/wokaikaixinxin/ai4rs/resolve/master/GSDet_baseline/pretrain/diffusiondet_r50_fpn_500-proposals_1-step_crop-ms-480-800-450k_coco_new2.pth 

backbone.layer3.5.conv2.weight - torch.Size([256, 256, 3, 3]): 
PretrainedInit: load from https://www.modelscope.cn/models/wokaikaixinxin/ai4rs/resolve/master/GSDet_baseline/pretrain/diffusiondet_r50_fpn_500-proposals_1-step_crop-ms-480-800-450k_coco_new2.pth 

backbone.layer3.5.bn2.weight - torch.Size([256]): 
PretrainedInit: load from https://www.modelscope.cn/models/wokaikaixinxin/ai4rs/resolve/master/GSDet_baseline/pretrain/diffusiondet_r50_fpn_500-proposals_1-step_crop-ms-480-800-450k_coco_new2.pth 

backbone.layer3.5.bn2.bias - torch.Size([256]): 
PretrainedInit: load from https://www.modelscope.cn/models/wokaikaixinxin/ai4rs/resolve/master/GSDet_baseline/pretrain/diffusiondet_r50_fpn_500-proposals_1-step_crop-ms-480-800-450k_coco_new2.pth 

backbone.layer3.5.conv3.weight - torch.Size([1024, 256, 1, 1]): 
PretrainedInit: load from https://www.modelscope.cn/models/wokaikaixinxin/ai4rs/resolve/master/GSDet_baseline/pretrain/diffusiondet_r50_fpn_500-proposals_1-step_crop-ms-480-800-450k_coco_new2.pth 

backbone.layer3.5.bn3.weight - torch.Size([1024]): 
PretrainedInit: load from https://www.modelscope.cn/models/wokaikaixinxin/ai4rs/resolve/master/GSDet_baseline/pretrain/diffusiondet_r50_fpn_500-proposals_1-step_crop-ms-480-800-450k_coco_new2.pth 

backbone.layer3.5.bn3.bias - torch.Size([1024]): 
PretrainedInit: load from https://www.modelscope.cn/models/wokaikaixinxin/ai4rs/resolve/master/GSDet_baseline/pretrain/diffusiondet_r50_fpn_500-proposals_1-step_crop-ms-480-800-450k_coco_new2.pth 

backbone.layer4.0.conv1.weight - torch.Size([512, 1024, 1, 1]): 
PretrainedInit: load from https://www.modelscope.cn/models/wokaikaixinxin/ai4rs/resolve/master/GSDet_baseline/pretrain/diffusiondet_r50_fpn_500-proposals_1-step_crop-ms-480-800-450k_coco_new2.pth 

backbone.layer4.0.bn1.weight - torch.Size([512]): 
PretrainedInit: load from https://www.modelscope.cn/models/wokaikaixinxin/ai4rs/resolve/master/GSDet_baseline/pretrain/diffusiondet_r50_fpn_500-proposals_1-step_crop-ms-480-800-450k_coco_new2.pth 

backbone.layer4.0.bn1.bias - torch.Size([512]): 
PretrainedInit: load from https://www.modelscope.cn/models/wokaikaixinxin/ai4rs/resolve/master/GSDet_baseline/pretrain/diffusiondet_r50_fpn_500-proposals_1-step_crop-ms-480-800-450k_coco_new2.pth 

backbone.layer4.0.conv2.weight - torch.Size([512, 512, 3, 3]): 
PretrainedInit: load from https://www.modelscope.cn/models/wokaikaixinxin/ai4rs/resolve/master/GSDet_baseline/pretrain/diffusiondet_r50_fpn_500-proposals_1-step_crop-ms-480-800-450k_coco_new2.pth 

backbone.layer4.0.bn2.weight - torch.Size([512]): 
PretrainedInit: load from https://www.modelscope.cn/models/wokaikaixinxin/ai4rs/resolve/master/GSDet_baseline/pretrain/diffusiondet_r50_fpn_500-proposals_1-step_crop-ms-480-800-450k_coco_new2.pth 

backbone.layer4.0.bn2.bias - torch.Size([512]): 
PretrainedInit: load from https://www.modelscope.cn/models/wokaikaixinxin/ai4rs/resolve/master/GSDet_baseline/pretrain/diffusiondet_r50_fpn_500-proposals_1-step_crop-ms-480-800-450k_coco_new2.pth 

backbone.layer4.0.conv3.weight - torch.Size([2048, 512, 1, 1]): 
PretrainedInit: load from https://www.modelscope.cn/models/wokaikaixinxin/ai4rs/resolve/master/GSDet_baseline/pretrain/diffusiondet_r50_fpn_500-proposals_1-step_crop-ms-480-800-450k_coco_new2.pth 

backbone.layer4.0.bn3.weight - torch.Size([2048]): 
PretrainedInit: load from https://www.modelscope.cn/models/wokaikaixinxin/ai4rs/resolve/master/GSDet_baseline/pretrain/diffusiondet_r50_fpn_500-proposals_1-step_crop-ms-480-800-450k_coco_new2.pth 

backbone.layer4.0.bn3.bias - torch.Size([2048]): 
PretrainedInit: load from https://www.modelscope.cn/models/wokaikaixinxin/ai4rs/resolve/master/GSDet_baseline/pretrain/diffusiondet_r50_fpn_500-proposals_1-step_crop-ms-480-800-450k_coco_new2.pth 

backbone.layer4.0.downsample.0.weight - torch.Size([2048, 1024, 1, 1]): 
PretrainedInit: load from https://www.modelscope.cn/models/wokaikaixinxin/ai4rs/resolve/master/GSDet_baseline/pretrain/diffusiondet_r50_fpn_500-proposals_1-step_crop-ms-480-800-450k_coco_new2.pth 

backbone.layer4.0.downsample.1.weight - torch.Size([2048]): 
PretrainedInit: load from https://www.modelscope.cn/models/wokaikaixinxin/ai4rs/resolve/master/GSDet_baseline/pretrain/diffusiondet_r50_fpn_500-proposals_1-step_crop-ms-480-800-450k_coco_new2.pth 

backbone.layer4.0.downsample.1.bias - torch.Size([2048]): 
PretrainedInit: load from https://www.modelscope.cn/models/wokaikaixinxin/ai4rs/resolve/master/GSDet_baseline/pretrain/diffusiondet_r50_fpn_500-proposals_1-step_crop-ms-480-800-450k_coco_new2.pth 

backbone.layer4.1.conv1.weight - torch.Size([512, 2048, 1, 1]): 
PretrainedInit: load from https://www.modelscope.cn/models/wokaikaixinxin/ai4rs/resolve/master/GSDet_baseline/pretrain/diffusiondet_r50_fpn_500-proposals_1-step_crop-ms-480-800-450k_coco_new2.pth 

backbone.layer4.1.bn1.weight - torch.Size([512]): 
PretrainedInit: load from https://www.modelscope.cn/models/wokaikaixinxin/ai4rs/resolve/master/GSDet_baseline/pretrain/diffusiondet_r50_fpn_500-proposals_1-step_crop-ms-480-800-450k_coco_new2.pth 

backbone.layer4.1.bn1.bias - torch.Size([512]): 
PretrainedInit: load from https://www.modelscope.cn/models/wokaikaixinxin/ai4rs/resolve/master/GSDet_baseline/pretrain/diffusiondet_r50_fpn_500-proposals_1-step_crop-ms-480-800-450k_coco_new2.pth 

backbone.layer4.1.conv2.weight - torch.Size([512, 512, 3, 3]): 
PretrainedInit: load from https://www.modelscope.cn/models/wokaikaixinxin/ai4rs/resolve/master/GSDet_baseline/pretrain/diffusiondet_r50_fpn_500-proposals_1-step_crop-ms-480-800-450k_coco_new2.pth 

backbone.layer4.1.bn2.weight - torch.Size([512]): 
PretrainedInit: load from https://www.modelscope.cn/models/wokaikaixinxin/ai4rs/resolve/master/GSDet_baseline/pretrain/diffusiondet_r50_fpn_500-proposals_1-step_crop-ms-480-800-450k_coco_new2.pth 

backbone.layer4.1.bn2.bias - torch.Size([512]): 
PretrainedInit: load from https://www.modelscope.cn/models/wokaikaixinxin/ai4rs/resolve/master/GSDet_baseline/pretrain/diffusiondet_r50_fpn_500-proposals_1-step_crop-ms-480-800-450k_coco_new2.pth 

backbone.layer4.1.conv3.weight - torch.Size([2048, 512, 1, 1]): 
PretrainedInit: load from https://www.modelscope.cn/models/wokaikaixinxin/ai4rs/resolve/master/GSDet_baseline/pretrain/diffusiondet_r50_fpn_500-proposals_1-step_crop-ms-480-800-450k_coco_new2.pth 

backbone.layer4.1.bn3.weight - torch.Size([2048]): 
PretrainedInit: load from https://www.modelscope.cn/models/wokaikaixinxin/ai4rs/resolve/master/GSDet_baseline/pretrain/diffusiondet_r50_fpn_500-proposals_1-step_crop-ms-480-800-450k_coco_new2.pth 

backbone.layer4.1.bn3.bias - torch.Size([2048]): 
PretrainedInit: load from https://www.modelscope.cn/models/wokaikaixinxin/ai4rs/resolve/master/GSDet_baseline/pretrain/diffusiondet_r50_fpn_500-proposals_1-step_crop-ms-480-800-450k_coco_new2.pth 

backbone.layer4.2.conv1.weight - torch.Size([512, 2048, 1, 1]): 
PretrainedInit: load from https://www.modelscope.cn/models/wokaikaixinxin/ai4rs/resolve/master/GSDet_baseline/pretrain/diffusiondet_r50_fpn_500-proposals_1-step_crop-ms-480-800-450k_coco_new2.pth 

backbone.layer4.2.bn1.weight - torch.Size([512]): 
PretrainedInit: load from https://www.modelscope.cn/models/wokaikaixinxin/ai4rs/resolve/master/GSDet_baseline/pretrain/diffusiondet_r50_fpn_500-proposals_1-step_crop-ms-480-800-450k_coco_new2.pth 

backbone.layer4.2.bn1.bias - torch.Size([512]): 
PretrainedInit: load from https://www.modelscope.cn/models/wokaikaixinxin/ai4rs/resolve/master/GSDet_baseline/pretrain/diffusiondet_r50_fpn_500-proposals_1-step_crop-ms-480-800-450k_coco_new2.pth 

backbone.layer4.2.conv2.weight - torch.Size([512, 512, 3, 3]): 
PretrainedInit: load from https://www.modelscope.cn/models/wokaikaixinxin/ai4rs/resolve/master/GSDet_baseline/pretrain/diffusiondet_r50_fpn_500-proposals_1-step_crop-ms-480-800-450k_coco_new2.pth 

backbone.layer4.2.bn2.weight - torch.Size([512]): 
PretrainedInit: load from https://www.modelscope.cn/models/wokaikaixinxin/ai4rs/resolve/master/GSDet_baseline/pretrain/diffusiondet_r50_fpn_500-proposals_1-step_crop-ms-480-800-450k_coco_new2.pth 

backbone.layer4.2.bn2.bias - torch.Size([512]): 
PretrainedInit: load from https://www.modelscope.cn/models/wokaikaixinxin/ai4rs/resolve/master/GSDet_baseline/pretrain/diffusiondet_r50_fpn_500-proposals_1-step_crop-ms-480-800-450k_coco_new2.pth 

backbone.layer4.2.conv3.weight - torch.Size([2048, 512, 1, 1]): 
PretrainedInit: load from https://www.modelscope.cn/models/wokaikaixinxin/ai4rs/resolve/master/GSDet_baseline/pretrain/diffusiondet_r50_fpn_500-proposals_1-step_crop-ms-480-800-450k_coco_new2.pth 

backbone.layer4.2.bn3.weight - torch.Size([2048]): 
PretrainedInit: load from https://www.modelscope.cn/models/wokaikaixinxin/ai4rs/resolve/master/GSDet_baseline/pretrain/diffusiondet_r50_fpn_500-proposals_1-step_crop-ms-480-800-450k_coco_new2.pth 

backbone.layer4.2.bn3.bias - torch.Size([2048]): 
PretrainedInit: load from https://www.modelscope.cn/models/wokaikaixinxin/ai4rs/resolve/master/GSDet_baseline/pretrain/diffusiondet_r50_fpn_500-proposals_1-step_crop-ms-480-800-450k_coco_new2.pth 

neck.lateral_convs.0.conv.weight - torch.Size([256, 256, 1, 1]): 
PretrainedInit: load from https://www.modelscope.cn/models/wokaikaixinxin/ai4rs/resolve/master/GSDet_baseline/pretrain/diffusiondet_r50_fpn_500-proposals_1-step_crop-ms-480-800-450k_coco_new2.pth 

neck.lateral_convs.0.conv.bias - torch.Size([256]): 
PretrainedInit: load from https://www.modelscope.cn/models/wokaikaixinxin/ai4rs/resolve/master/GSDet_baseline/pretrain/diffusiondet_r50_fpn_500-proposals_1-step_crop-ms-480-800-450k_coco_new2.pth 

neck.lateral_convs.1.conv.weight - torch.Size([256, 512, 1, 1]): 
PretrainedInit: load from https://www.modelscope.cn/models/wokaikaixinxin/ai4rs/resolve/master/GSDet_baseline/pretrain/diffusiondet_r50_fpn_500-proposals_1-step_crop-ms-480-800-450k_coco_new2.pth 

neck.lateral_convs.1.conv.bias - torch.Size([256]): 
PretrainedInit: load from https://www.modelscope.cn/models/wokaikaixinxin/ai4rs/resolve/master/GSDet_baseline/pretrain/diffusiondet_r50_fpn_500-proposals_1-step_crop-ms-480-800-450k_coco_new2.pth 

neck.lateral_convs.2.conv.weight - torch.Size([256, 1024, 1, 1]): 
PretrainedInit: load from https://www.modelscope.cn/models/wokaikaixinxin/ai4rs/resolve/master/GSDet_baseline/pretrain/diffusiondet_r50_fpn_500-proposals_1-step_crop-ms-480-800-450k_coco_new2.pth 

neck.lateral_convs.2.conv.bias - torch.Size([256]): 
PretrainedInit: load from https://www.modelscope.cn/models/wokaikaixinxin/ai4rs/resolve/master/GSDet_baseline/pretrain/diffusiondet_r50_fpn_500-proposals_1-step_crop-ms-480-800-450k_coco_new2.pth 

neck.lateral_convs.3.conv.weight - torch.Size([256, 2048, 1, 1]): 
PretrainedInit: load from https://www.modelscope.cn/models/wokaikaixinxin/ai4rs/resolve/master/GSDet_baseline/pretrain/diffusiondet_r50_fpn_500-proposals_1-step_crop-ms-480-800-450k_coco_new2.pth 

neck.lateral_convs.3.conv.bias - torch.Size([256]): 
PretrainedInit: load from https://www.modelscope.cn/models/wokaikaixinxin/ai4rs/resolve/master/GSDet_baseline/pretrain/diffusiondet_r50_fpn_500-proposals_1-step_crop-ms-480-800-450k_coco_new2.pth 

neck.fpn_convs.0.conv.weight - torch.Size([256, 256, 3, 3]): 
PretrainedInit: load from https://www.modelscope.cn/models/wokaikaixinxin/ai4rs/resolve/master/GSDet_baseline/pretrain/diffusiondet_r50_fpn_500-proposals_1-step_crop-ms-480-800-450k_coco_new2.pth 

neck.fpn_convs.0.conv.bias - torch.Size([256]): 
PretrainedInit: load from https://www.modelscope.cn/models/wokaikaixinxin/ai4rs/resolve/master/GSDet_baseline/pretrain/diffusiondet_r50_fpn_500-proposals_1-step_crop-ms-480-800-450k_coco_new2.pth 

neck.fpn_convs.1.conv.weight - torch.Size([256, 256, 3, 3]): 
PretrainedInit: load from https://www.modelscope.cn/models/wokaikaixinxin/ai4rs/resolve/master/GSDet_baseline/pretrain/diffusiondet_r50_fpn_500-proposals_1-step_crop-ms-480-800-450k_coco_new2.pth 

neck.fpn_convs.1.conv.bias - torch.Size([256]): 
PretrainedInit: load from https://www.modelscope.cn/models/wokaikaixinxin/ai4rs/resolve/master/GSDet_baseline/pretrain/diffusiondet_r50_fpn_500-proposals_1-step_crop-ms-480-800-450k_coco_new2.pth 

neck.fpn_convs.2.conv.weight - torch.Size([256, 256, 3, 3]): 
PretrainedInit: load from https://www.modelscope.cn/models/wokaikaixinxin/ai4rs/resolve/master/GSDet_baseline/pretrain/diffusiondet_r50_fpn_500-proposals_1-step_crop-ms-480-800-450k_coco_new2.pth 

neck.fpn_convs.2.conv.bias - torch.Size([256]): 
PretrainedInit: load from https://www.modelscope.cn/models/wokaikaixinxin/ai4rs/resolve/master/GSDet_baseline/pretrain/diffusiondet_r50_fpn_500-proposals_1-step_crop-ms-480-800-450k_coco_new2.pth 

neck.fpn_convs.3.conv.weight - torch.Size([256, 256, 3, 3]): 
PretrainedInit: load from https://www.modelscope.cn/models/wokaikaixinxin/ai4rs/resolve/master/GSDet_baseline/pretrain/diffusiondet_r50_fpn_500-proposals_1-step_crop-ms-480-800-450k_coco_new2.pth 

neck.fpn_convs.3.conv.bias - torch.Size([256]): 
PretrainedInit: load from https://www.modelscope.cn/models/wokaikaixinxin/ai4rs/resolve/master/GSDet_baseline/pretrain/diffusiondet_r50_fpn_500-proposals_1-step_crop-ms-480-800-450k_coco_new2.pth 

rpn_head.head_series.0.self_attn.in_proj_weight - torch.Size([768, 256]): 
PretrainedInit: load from https://www.modelscope.cn/models/wokaikaixinxin/ai4rs/resolve/master/GSDet_baseline/pretrain/diffusiondet_r50_fpn_500-proposals_1-step_crop-ms-480-800-450k_coco_new2.pth 

rpn_head.head_series.0.self_attn.in_proj_bias - torch.Size([768]): 
PretrainedInit: load from https://www.modelscope.cn/models/wokaikaixinxin/ai4rs/resolve/master/GSDet_baseline/pretrain/diffusiondet_r50_fpn_500-proposals_1-step_crop-ms-480-800-450k_coco_new2.pth 

rpn_head.head_series.0.self_attn.out_proj.weight - torch.Size([256, 256]): 
PretrainedInit: load from https://www.modelscope.cn/models/wokaikaixinxin/ai4rs/resolve/master/GSDet_baseline/pretrain/diffusiondet_r50_fpn_500-proposals_1-step_crop-ms-480-800-450k_coco_new2.pth 

rpn_head.head_series.0.self_attn.out_proj.bias - torch.Size([256]): 
PretrainedInit: load from https://www.modelscope.cn/models/wokaikaixinxin/ai4rs/resolve/master/GSDet_baseline/pretrain/diffusiondet_r50_fpn_500-proposals_1-step_crop-ms-480-800-450k_coco_new2.pth 

rpn_head.head_series.0.inst_interact.dynamic_layer.weight - torch.Size([32768, 256]): 
PretrainedInit: load from https://www.modelscope.cn/models/wokaikaixinxin/ai4rs/resolve/master/GSDet_baseline/pretrain/diffusiondet_r50_fpn_500-proposals_1-step_crop-ms-480-800-450k_coco_new2.pth 

rpn_head.head_series.0.inst_interact.dynamic_layer.bias - torch.Size([32768]): 
PretrainedInit: load from https://www.modelscope.cn/models/wokaikaixinxin/ai4rs/resolve/master/GSDet_baseline/pretrain/diffusiondet_r50_fpn_500-proposals_1-step_crop-ms-480-800-450k_coco_new2.pth 

rpn_head.head_series.0.inst_interact.norm1.weight - torch.Size([64]): 
PretrainedInit: load from https://www.modelscope.cn/models/wokaikaixinxin/ai4rs/resolve/master/GSDet_baseline/pretrain/diffusiondet_r50_fpn_500-proposals_1-step_crop-ms-480-800-450k_coco_new2.pth 

rpn_head.head_series.0.inst_interact.norm1.bias - torch.Size([64]): 
PretrainedInit: load from https://www.modelscope.cn/models/wokaikaixinxin/ai4rs/resolve/master/GSDet_baseline/pretrain/diffusiondet_r50_fpn_500-proposals_1-step_crop-ms-480-800-450k_coco_new2.pth 

rpn_head.head_series.0.inst_interact.norm2.weight - torch.Size([256]): 
PretrainedInit: load from https://www.modelscope.cn/models/wokaikaixinxin/ai4rs/resolve/master/GSDet_baseline/pretrain/diffusiondet_r50_fpn_500-proposals_1-step_crop-ms-480-800-450k_coco_new2.pth 

rpn_head.head_series.0.inst_interact.norm2.bias - torch.Size([256]): 
PretrainedInit: load from https://www.modelscope.cn/models/wokaikaixinxin/ai4rs/resolve/master/GSDet_baseline/pretrain/diffusiondet_r50_fpn_500-proposals_1-step_crop-ms-480-800-450k_coco_new2.pth 

rpn_head.head_series.0.inst_interact.out_layer.weight - torch.Size([256, 12544]): 
PretrainedInit: load from https://www.modelscope.cn/models/wokaikaixinxin/ai4rs/resolve/master/GSDet_baseline/pretrain/diffusiondet_r50_fpn_500-proposals_1-step_crop-ms-480-800-450k_coco_new2.pth 

rpn_head.head_series.0.inst_interact.out_layer.bias - torch.Size([256]): 
PretrainedInit: load from https://www.modelscope.cn/models/wokaikaixinxin/ai4rs/resolve/master/GSDet_baseline/pretrain/diffusiondet_r50_fpn_500-proposals_1-step_crop-ms-480-800-450k_coco_new2.pth 

rpn_head.head_series.0.inst_interact.norm3.weight - torch.Size([256]): 
PretrainedInit: load from https://www.modelscope.cn/models/wokaikaixinxin/ai4rs/resolve/master/GSDet_baseline/pretrain/diffusiondet_r50_fpn_500-proposals_1-step_crop-ms-480-800-450k_coco_new2.pth 

rpn_head.head_series.0.inst_interact.norm3.bias - torch.Size([256]): 
PretrainedInit: load from https://www.modelscope.cn/models/wokaikaixinxin/ai4rs/resolve/master/GSDet_baseline/pretrain/diffusiondet_r50_fpn_500-proposals_1-step_crop-ms-480-800-450k_coco_new2.pth 

rpn_head.head_series.0.linear1.weight - torch.Size([2048, 256]): 
PretrainedInit: load from https://www.modelscope.cn/models/wokaikaixinxin/ai4rs/resolve/master/GSDet_baseline/pretrain/diffusiondet_r50_fpn_500-proposals_1-step_crop-ms-480-800-450k_coco_new2.pth 

rpn_head.head_series.0.linear1.bias - torch.Size([2048]): 
PretrainedInit: load from https://www.modelscope.cn/models/wokaikaixinxin/ai4rs/resolve/master/GSDet_baseline/pretrain/diffusiondet_r50_fpn_500-proposals_1-step_crop-ms-480-800-450k_coco_new2.pth 

rpn_head.head_series.0.linear2.weight - torch.Size([256, 2048]): 
PretrainedInit: load from https://www.modelscope.cn/models/wokaikaixinxin/ai4rs/resolve/master/GSDet_baseline/pretrain/diffusiondet_r50_fpn_500-proposals_1-step_crop-ms-480-800-450k_coco_new2.pth 

rpn_head.head_series.0.linear2.bias - torch.Size([256]): 
PretrainedInit: load from https://www.modelscope.cn/models/wokaikaixinxin/ai4rs/resolve/master/GSDet_baseline/pretrain/diffusiondet_r50_fpn_500-proposals_1-step_crop-ms-480-800-450k_coco_new2.pth 

rpn_head.head_series.0.norm1.weight - torch.Size([256]): 
PretrainedInit: load from https://www.modelscope.cn/models/wokaikaixinxin/ai4rs/resolve/master/GSDet_baseline/pretrain/diffusiondet_r50_fpn_500-proposals_1-step_crop-ms-480-800-450k_coco_new2.pth 

rpn_head.head_series.0.norm1.bias - torch.Size([256]): 
PretrainedInit: load from https://www.modelscope.cn/models/wokaikaixinxin/ai4rs/resolve/master/GSDet_baseline/pretrain/diffusiondet_r50_fpn_500-proposals_1-step_crop-ms-480-800-450k_coco_new2.pth 

rpn_head.head_series.0.norm2.weight - torch.Size([256]): 
PretrainedInit: load from https://www.modelscope.cn/models/wokaikaixinxin/ai4rs/resolve/master/GSDet_baseline/pretrain/diffusiondet_r50_fpn_500-proposals_1-step_crop-ms-480-800-450k_coco_new2.pth 

rpn_head.head_series.0.norm2.bias - torch.Size([256]): 
PretrainedInit: load from https://www.modelscope.cn/models/wokaikaixinxin/ai4rs/resolve/master/GSDet_baseline/pretrain/diffusiondet_r50_fpn_500-proposals_1-step_crop-ms-480-800-450k_coco_new2.pth 

rpn_head.head_series.0.norm3.weight - torch.Size([256]): 
PretrainedInit: load from https://www.modelscope.cn/models/wokaikaixinxin/ai4rs/resolve/master/GSDet_baseline/pretrain/diffusiondet_r50_fpn_500-proposals_1-step_crop-ms-480-800-450k_coco_new2.pth 

rpn_head.head_series.0.norm3.bias - torch.Size([256]): 
PretrainedInit: load from https://www.modelscope.cn/models/wokaikaixinxin/ai4rs/resolve/master/GSDet_baseline/pretrain/diffusiondet_r50_fpn_500-proposals_1-step_crop-ms-480-800-450k_coco_new2.pth 

rpn_head.head_series.0.cls_module.0.weight - torch.Size([256, 256]): 
PretrainedInit: load from https://www.modelscope.cn/models/wokaikaixinxin/ai4rs/resolve/master/GSDet_baseline/pretrain/diffusiondet_r50_fpn_500-proposals_1-step_crop-ms-480-800-450k_coco_new2.pth 

rpn_head.head_series.0.cls_module.1.weight - torch.Size([256]): 
PretrainedInit: load from https://www.modelscope.cn/models/wokaikaixinxin/ai4rs/resolve/master/GSDet_baseline/pretrain/diffusiondet_r50_fpn_500-proposals_1-step_crop-ms-480-800-450k_coco_new2.pth 

rpn_head.head_series.0.cls_module.1.bias - torch.Size([256]): 
PretrainedInit: load from https://www.modelscope.cn/models/wokaikaixinxin/ai4rs/resolve/master/GSDet_baseline/pretrain/diffusiondet_r50_fpn_500-proposals_1-step_crop-ms-480-800-450k_coco_new2.pth 

rpn_head.head_series.0.reg_module.0.weight - torch.Size([256, 256]): 
PretrainedInit: load from https://www.modelscope.cn/models/wokaikaixinxin/ai4rs/resolve/master/GSDet_baseline/pretrain/diffusiondet_r50_fpn_500-proposals_1-step_crop-ms-480-800-450k_coco_new2.pth 

rpn_head.head_series.0.reg_module.1.weight - torch.Size([256]): 
PretrainedInit: load from https://www.modelscope.cn/models/wokaikaixinxin/ai4rs/resolve/master/GSDet_baseline/pretrain/diffusiondet_r50_fpn_500-proposals_1-step_crop-ms-480-800-450k_coco_new2.pth 

rpn_head.head_series.0.reg_module.1.bias - torch.Size([256]): 
PretrainedInit: load from https://www.modelscope.cn/models/wokaikaixinxin/ai4rs/resolve/master/GSDet_baseline/pretrain/diffusiondet_r50_fpn_500-proposals_1-step_crop-ms-480-800-450k_coco_new2.pth 

rpn_head.head_series.0.reg_module.3.weight - torch.Size([256, 256]): 
PretrainedInit: load from https://www.modelscope.cn/models/wokaikaixinxin/ai4rs/resolve/master/GSDet_baseline/pretrain/diffusiondet_r50_fpn_500-proposals_1-step_crop-ms-480-800-450k_coco_new2.pth 

rpn_head.head_series.0.reg_module.4.weight - torch.Size([256]): 
PretrainedInit: load from https://www.modelscope.cn/models/wokaikaixinxin/ai4rs/resolve/master/GSDet_baseline/pretrain/diffusiondet_r50_fpn_500-proposals_1-step_crop-ms-480-800-450k_coco_new2.pth 

rpn_head.head_series.0.reg_module.4.bias - torch.Size([256]): 
PretrainedInit: load from https://www.modelscope.cn/models/wokaikaixinxin/ai4rs/resolve/master/GSDet_baseline/pretrain/diffusiondet_r50_fpn_500-proposals_1-step_crop-ms-480-800-450k_coco_new2.pth 

rpn_head.head_series.0.reg_module.6.weight - torch.Size([256, 256]): 
PretrainedInit: load from https://www.modelscope.cn/models/wokaikaixinxin/ai4rs/resolve/master/GSDet_baseline/pretrain/diffusiondet_r50_fpn_500-proposals_1-step_crop-ms-480-800-450k_coco_new2.pth 

rpn_head.head_series.0.reg_module.7.weight - torch.Size([256]): 
PretrainedInit: load from https://www.modelscope.cn/models/wokaikaixinxin/ai4rs/resolve/master/GSDet_baseline/pretrain/diffusiondet_r50_fpn_500-proposals_1-step_crop-ms-480-800-450k_coco_new2.pth 

rpn_head.head_series.0.reg_module.7.bias - torch.Size([256]): 
PretrainedInit: load from https://www.modelscope.cn/models/wokaikaixinxin/ai4rs/resolve/master/GSDet_baseline/pretrain/diffusiondet_r50_fpn_500-proposals_1-step_crop-ms-480-800-450k_coco_new2.pth 

rpn_head.head_series.0.class_logits.weight - torch.Size([37, 256]): 
The value is the same before and after calling `init_weights` of GSDet  

rpn_head.head_series.0.class_logits.bias - torch.Size([37]): 
The value is the same before and after calling `init_weights` of GSDet  

rpn_head.head_series.0.bboxes_delta.weight - torch.Size([4, 256]): 
PretrainedInit: load from https://www.modelscope.cn/models/wokaikaixinxin/ai4rs/resolve/master/GSDet_baseline/pretrain/diffusiondet_r50_fpn_500-proposals_1-step_crop-ms-480-800-450k_coco_new2.pth 

rpn_head.head_series.0.bboxes_delta.bias - torch.Size([4]): 
PretrainedInit: load from https://www.modelscope.cn/models/wokaikaixinxin/ai4rs/resolve/master/GSDet_baseline/pretrain/diffusiondet_r50_fpn_500-proposals_1-step_crop-ms-480-800-450k_coco_new2.pth 

rpn_head.head_series.1.self_attn.in_proj_weight - torch.Size([768, 256]): 
PretrainedInit: load from https://www.modelscope.cn/models/wokaikaixinxin/ai4rs/resolve/master/GSDet_baseline/pretrain/diffusiondet_r50_fpn_500-proposals_1-step_crop-ms-480-800-450k_coco_new2.pth 

rpn_head.head_series.1.self_attn.in_proj_bias - torch.Size([768]): 
PretrainedInit: load from https://www.modelscope.cn/models/wokaikaixinxin/ai4rs/resolve/master/GSDet_baseline/pretrain/diffusiondet_r50_fpn_500-proposals_1-step_crop-ms-480-800-450k_coco_new2.pth 

rpn_head.head_series.1.self_attn.out_proj.weight - torch.Size([256, 256]): 
PretrainedInit: load from https://www.modelscope.cn/models/wokaikaixinxin/ai4rs/resolve/master/GSDet_baseline/pretrain/diffusiondet_r50_fpn_500-proposals_1-step_crop-ms-480-800-450k_coco_new2.pth 

rpn_head.head_series.1.self_attn.out_proj.bias - torch.Size([256]): 
PretrainedInit: load from https://www.modelscope.cn/models/wokaikaixinxin/ai4rs/resolve/master/GSDet_baseline/pretrain/diffusiondet_r50_fpn_500-proposals_1-step_crop-ms-480-800-450k_coco_new2.pth 

rpn_head.head_series.1.inst_interact.dynamic_layer.weight - torch.Size([32768, 256]): 
PretrainedInit: load from https://www.modelscope.cn/models/wokaikaixinxin/ai4rs/resolve/master/GSDet_baseline/pretrain/diffusiondet_r50_fpn_500-proposals_1-step_crop-ms-480-800-450k_coco_new2.pth 

rpn_head.head_series.1.inst_interact.dynamic_layer.bias - torch.Size([32768]): 
PretrainedInit: load from https://www.modelscope.cn/models/wokaikaixinxin/ai4rs/resolve/master/GSDet_baseline/pretrain/diffusiondet_r50_fpn_500-proposals_1-step_crop-ms-480-800-450k_coco_new2.pth 

rpn_head.head_series.1.inst_interact.norm1.weight - torch.Size([64]): 
PretrainedInit: load from https://www.modelscope.cn/models/wokaikaixinxin/ai4rs/resolve/master/GSDet_baseline/pretrain/diffusiondet_r50_fpn_500-proposals_1-step_crop-ms-480-800-450k_coco_new2.pth 

rpn_head.head_series.1.inst_interact.norm1.bias - torch.Size([64]): 
PretrainedInit: load from https://www.modelscope.cn/models/wokaikaixinxin/ai4rs/resolve/master/GSDet_baseline/pretrain/diffusiondet_r50_fpn_500-proposals_1-step_crop-ms-480-800-450k_coco_new2.pth 

rpn_head.head_series.1.inst_interact.norm2.weight - torch.Size([256]): 
PretrainedInit: load from https://www.modelscope.cn/models/wokaikaixinxin/ai4rs/resolve/master/GSDet_baseline/pretrain/diffusiondet_r50_fpn_500-proposals_1-step_crop-ms-480-800-450k_coco_new2.pth 

rpn_head.head_series.1.inst_interact.norm2.bias - torch.Size([256]): 
PretrainedInit: load from https://www.modelscope.cn/models/wokaikaixinxin/ai4rs/resolve/master/GSDet_baseline/pretrain/diffusiondet_r50_fpn_500-proposals_1-step_crop-ms-480-800-450k_coco_new2.pth 

rpn_head.head_series.1.inst_interact.out_layer.weight - torch.Size([256, 12544]): 
PretrainedInit: load from https://www.modelscope.cn/models/wokaikaixinxin/ai4rs/resolve/master/GSDet_baseline/pretrain/diffusiondet_r50_fpn_500-proposals_1-step_crop-ms-480-800-450k_coco_new2.pth 

rpn_head.head_series.1.inst_interact.out_layer.bias - torch.Size([256]): 
PretrainedInit: load from https://www.modelscope.cn/models/wokaikaixinxin/ai4rs/resolve/master/GSDet_baseline/pretrain/diffusiondet_r50_fpn_500-proposals_1-step_crop-ms-480-800-450k_coco_new2.pth 

rpn_head.head_series.1.inst_interact.norm3.weight - torch.Size([256]): 
PretrainedInit: load from https://www.modelscope.cn/models/wokaikaixinxin/ai4rs/resolve/master/GSDet_baseline/pretrain/diffusiondet_r50_fpn_500-proposals_1-step_crop-ms-480-800-450k_coco_new2.pth 

rpn_head.head_series.1.inst_interact.norm3.bias - torch.Size([256]): 
PretrainedInit: load from https://www.modelscope.cn/models/wokaikaixinxin/ai4rs/resolve/master/GSDet_baseline/pretrain/diffusiondet_r50_fpn_500-proposals_1-step_crop-ms-480-800-450k_coco_new2.pth 

rpn_head.head_series.1.linear1.weight - torch.Size([2048, 256]): 
PretrainedInit: load from https://www.modelscope.cn/models/wokaikaixinxin/ai4rs/resolve/master/GSDet_baseline/pretrain/diffusiondet_r50_fpn_500-proposals_1-step_crop-ms-480-800-450k_coco_new2.pth 

rpn_head.head_series.1.linear1.bias - torch.Size([2048]): 
PretrainedInit: load from https://www.modelscope.cn/models/wokaikaixinxin/ai4rs/resolve/master/GSDet_baseline/pretrain/diffusiondet_r50_fpn_500-proposals_1-step_crop-ms-480-800-450k_coco_new2.pth 

rpn_head.head_series.1.linear2.weight - torch.Size([256, 2048]): 
PretrainedInit: load from https://www.modelscope.cn/models/wokaikaixinxin/ai4rs/resolve/master/GSDet_baseline/pretrain/diffusiondet_r50_fpn_500-proposals_1-step_crop-ms-480-800-450k_coco_new2.pth 

rpn_head.head_series.1.linear2.bias - torch.Size([256]): 
PretrainedInit: load from https://www.modelscope.cn/models/wokaikaixinxin/ai4rs/resolve/master/GSDet_baseline/pretrain/diffusiondet_r50_fpn_500-proposals_1-step_crop-ms-480-800-450k_coco_new2.pth 

rpn_head.head_series.1.norm1.weight - torch.Size([256]): 
PretrainedInit: load from https://www.modelscope.cn/models/wokaikaixinxin/ai4rs/resolve/master/GSDet_baseline/pretrain/diffusiondet_r50_fpn_500-proposals_1-step_crop-ms-480-800-450k_coco_new2.pth 

rpn_head.head_series.1.norm1.bias - torch.Size([256]): 
PretrainedInit: load from https://www.modelscope.cn/models/wokaikaixinxin/ai4rs/resolve/master/GSDet_baseline/pretrain/diffusiondet_r50_fpn_500-proposals_1-step_crop-ms-480-800-450k_coco_new2.pth 

rpn_head.head_series.1.norm2.weight - torch.Size([256]): 
PretrainedInit: load from https://www.modelscope.cn/models/wokaikaixinxin/ai4rs/resolve/master/GSDet_baseline/pretrain/diffusiondet_r50_fpn_500-proposals_1-step_crop-ms-480-800-450k_coco_new2.pth 

rpn_head.head_series.1.norm2.bias - torch.Size([256]): 
PretrainedInit: load from https://www.modelscope.cn/models/wokaikaixinxin/ai4rs/resolve/master/GSDet_baseline/pretrain/diffusiondet_r50_fpn_500-proposals_1-step_crop-ms-480-800-450k_coco_new2.pth 

rpn_head.head_series.1.norm3.weight - torch.Size([256]): 
PretrainedInit: load from https://www.modelscope.cn/models/wokaikaixinxin/ai4rs/resolve/master/GSDet_baseline/pretrain/diffusiondet_r50_fpn_500-proposals_1-step_crop-ms-480-800-450k_coco_new2.pth 

rpn_head.head_series.1.norm3.bias - torch.Size([256]): 
PretrainedInit: load from https://www.modelscope.cn/models/wokaikaixinxin/ai4rs/resolve/master/GSDet_baseline/pretrain/diffusiondet_r50_fpn_500-proposals_1-step_crop-ms-480-800-450k_coco_new2.pth 

rpn_head.head_series.1.cls_module.0.weight - torch.Size([256, 256]): 
PretrainedInit: load from https://www.modelscope.cn/models/wokaikaixinxin/ai4rs/resolve/master/GSDet_baseline/pretrain/diffusiondet_r50_fpn_500-proposals_1-step_crop-ms-480-800-450k_coco_new2.pth 

rpn_head.head_series.1.cls_module.1.weight - torch.Size([256]): 
PretrainedInit: load from https://www.modelscope.cn/models/wokaikaixinxin/ai4rs/resolve/master/GSDet_baseline/pretrain/diffusiondet_r50_fpn_500-proposals_1-step_crop-ms-480-800-450k_coco_new2.pth 

rpn_head.head_series.1.cls_module.1.bias - torch.Size([256]): 
PretrainedInit: load from https://www.modelscope.cn/models/wokaikaixinxin/ai4rs/resolve/master/GSDet_baseline/pretrain/diffusiondet_r50_fpn_500-proposals_1-step_crop-ms-480-800-450k_coco_new2.pth 

rpn_head.head_series.1.reg_module.0.weight - torch.Size([256, 256]): 
PretrainedInit: load from https://www.modelscope.cn/models/wokaikaixinxin/ai4rs/resolve/master/GSDet_baseline/pretrain/diffusiondet_r50_fpn_500-proposals_1-step_crop-ms-480-800-450k_coco_new2.pth 

rpn_head.head_series.1.reg_module.1.weight - torch.Size([256]): 
PretrainedInit: load from https://www.modelscope.cn/models/wokaikaixinxin/ai4rs/resolve/master/GSDet_baseline/pretrain/diffusiondet_r50_fpn_500-proposals_1-step_crop-ms-480-800-450k_coco_new2.pth 

rpn_head.head_series.1.reg_module.1.bias - torch.Size([256]): 
PretrainedInit: load from https://www.modelscope.cn/models/wokaikaixinxin/ai4rs/resolve/master/GSDet_baseline/pretrain/diffusiondet_r50_fpn_500-proposals_1-step_crop-ms-480-800-450k_coco_new2.pth 

rpn_head.head_series.1.reg_module.3.weight - torch.Size([256, 256]): 
PretrainedInit: load from https://www.modelscope.cn/models/wokaikaixinxin/ai4rs/resolve/master/GSDet_baseline/pretrain/diffusiondet_r50_fpn_500-proposals_1-step_crop-ms-480-800-450k_coco_new2.pth 

rpn_head.head_series.1.reg_module.4.weight - torch.Size([256]): 
PretrainedInit: load from https://www.modelscope.cn/models/wokaikaixinxin/ai4rs/resolve/master/GSDet_baseline/pretrain/diffusiondet_r50_fpn_500-proposals_1-step_crop-ms-480-800-450k_coco_new2.pth 

rpn_head.head_series.1.reg_module.4.bias - torch.Size([256]): 
PretrainedInit: load from https://www.modelscope.cn/models/wokaikaixinxin/ai4rs/resolve/master/GSDet_baseline/pretrain/diffusiondet_r50_fpn_500-proposals_1-step_crop-ms-480-800-450k_coco_new2.pth 

rpn_head.head_series.1.reg_module.6.weight - torch.Size([256, 256]): 
PretrainedInit: load from https://www.modelscope.cn/models/wokaikaixinxin/ai4rs/resolve/master/GSDet_baseline/pretrain/diffusiondet_r50_fpn_500-proposals_1-step_crop-ms-480-800-450k_coco_new2.pth 

rpn_head.head_series.1.reg_module.7.weight - torch.Size([256]): 
PretrainedInit: load from https://www.modelscope.cn/models/wokaikaixinxin/ai4rs/resolve/master/GSDet_baseline/pretrain/diffusiondet_r50_fpn_500-proposals_1-step_crop-ms-480-800-450k_coco_new2.pth 

rpn_head.head_series.1.reg_module.7.bias - torch.Size([256]): 
PretrainedInit: load from https://www.modelscope.cn/models/wokaikaixinxin/ai4rs/resolve/master/GSDet_baseline/pretrain/diffusiondet_r50_fpn_500-proposals_1-step_crop-ms-480-800-450k_coco_new2.pth 

rpn_head.head_series.1.class_logits.weight - torch.Size([37, 256]): 
The value is the same before and after calling `init_weights` of GSDet  

rpn_head.head_series.1.class_logits.bias - torch.Size([37]): 
The value is the same before and after calling `init_weights` of GSDet  

rpn_head.head_series.1.bboxes_delta.weight - torch.Size([4, 256]): 
PretrainedInit: load from https://www.modelscope.cn/models/wokaikaixinxin/ai4rs/resolve/master/GSDet_baseline/pretrain/diffusiondet_r50_fpn_500-proposals_1-step_crop-ms-480-800-450k_coco_new2.pth 

rpn_head.head_series.1.bboxes_delta.bias - torch.Size([4]): 
PretrainedInit: load from https://www.modelscope.cn/models/wokaikaixinxin/ai4rs/resolve/master/GSDet_baseline/pretrain/diffusiondet_r50_fpn_500-proposals_1-step_crop-ms-480-800-450k_coco_new2.pth 

rpn_head.head_series.2.self_attn.in_proj_weight - torch.Size([768, 256]): 
PretrainedInit: load from https://www.modelscope.cn/models/wokaikaixinxin/ai4rs/resolve/master/GSDet_baseline/pretrain/diffusiondet_r50_fpn_500-proposals_1-step_crop-ms-480-800-450k_coco_new2.pth 

rpn_head.head_series.2.self_attn.in_proj_bias - torch.Size([768]): 
PretrainedInit: load from https://www.modelscope.cn/models/wokaikaixinxin/ai4rs/resolve/master/GSDet_baseline/pretrain/diffusiondet_r50_fpn_500-proposals_1-step_crop-ms-480-800-450k_coco_new2.pth 

rpn_head.head_series.2.self_attn.out_proj.weight - torch.Size([256, 256]): 
PretrainedInit: load from https://www.modelscope.cn/models/wokaikaixinxin/ai4rs/resolve/master/GSDet_baseline/pretrain/diffusiondet_r50_fpn_500-proposals_1-step_crop-ms-480-800-450k_coco_new2.pth 

rpn_head.head_series.2.self_attn.out_proj.bias - torch.Size([256]): 
PretrainedInit: load from https://www.modelscope.cn/models/wokaikaixinxin/ai4rs/resolve/master/GSDet_baseline/pretrain/diffusiondet_r50_fpn_500-proposals_1-step_crop-ms-480-800-450k_coco_new2.pth 

rpn_head.head_series.2.inst_interact.dynamic_layer.weight - torch.Size([32768, 256]): 
PretrainedInit: load from https://www.modelscope.cn/models/wokaikaixinxin/ai4rs/resolve/master/GSDet_baseline/pretrain/diffusiondet_r50_fpn_500-proposals_1-step_crop-ms-480-800-450k_coco_new2.pth 

rpn_head.head_series.2.inst_interact.dynamic_layer.bias - torch.Size([32768]): 
PretrainedInit: load from https://www.modelscope.cn/models/wokaikaixinxin/ai4rs/resolve/master/GSDet_baseline/pretrain/diffusiondet_r50_fpn_500-proposals_1-step_crop-ms-480-800-450k_coco_new2.pth 

rpn_head.head_series.2.inst_interact.norm1.weight - torch.Size([64]): 
PretrainedInit: load from https://www.modelscope.cn/models/wokaikaixinxin/ai4rs/resolve/master/GSDet_baseline/pretrain/diffusiondet_r50_fpn_500-proposals_1-step_crop-ms-480-800-450k_coco_new2.pth 

rpn_head.head_series.2.inst_interact.norm1.bias - torch.Size([64]): 
PretrainedInit: load from https://www.modelscope.cn/models/wokaikaixinxin/ai4rs/resolve/master/GSDet_baseline/pretrain/diffusiondet_r50_fpn_500-proposals_1-step_crop-ms-480-800-450k_coco_new2.pth 

rpn_head.head_series.2.inst_interact.norm2.weight - torch.Size([256]): 
PretrainedInit: load from https://www.modelscope.cn/models/wokaikaixinxin/ai4rs/resolve/master/GSDet_baseline/pretrain/diffusiondet_r50_fpn_500-proposals_1-step_crop-ms-480-800-450k_coco_new2.pth 

rpn_head.head_series.2.inst_interact.norm2.bias - torch.Size([256]): 
PretrainedInit: load from https://www.modelscope.cn/models/wokaikaixinxin/ai4rs/resolve/master/GSDet_baseline/pretrain/diffusiondet_r50_fpn_500-proposals_1-step_crop-ms-480-800-450k_coco_new2.pth 

rpn_head.head_series.2.inst_interact.out_layer.weight - torch.Size([256, 12544]): 
PretrainedInit: load from https://www.modelscope.cn/models/wokaikaixinxin/ai4rs/resolve/master/GSDet_baseline/pretrain/diffusiondet_r50_fpn_500-proposals_1-step_crop-ms-480-800-450k_coco_new2.pth 

rpn_head.head_series.2.inst_interact.out_layer.bias - torch.Size([256]): 
PretrainedInit: load from https://www.modelscope.cn/models/wokaikaixinxin/ai4rs/resolve/master/GSDet_baseline/pretrain/diffusiondet_r50_fpn_500-proposals_1-step_crop-ms-480-800-450k_coco_new2.pth 

rpn_head.head_series.2.inst_interact.norm3.weight - torch.Size([256]): 
PretrainedInit: load from https://www.modelscope.cn/models/wokaikaixinxin/ai4rs/resolve/master/GSDet_baseline/pretrain/diffusiondet_r50_fpn_500-proposals_1-step_crop-ms-480-800-450k_coco_new2.pth 

rpn_head.head_series.2.inst_interact.norm3.bias - torch.Size([256]): 
PretrainedInit: load from https://www.modelscope.cn/models/wokaikaixinxin/ai4rs/resolve/master/GSDet_baseline/pretrain/diffusiondet_r50_fpn_500-proposals_1-step_crop-ms-480-800-450k_coco_new2.pth 

rpn_head.head_series.2.linear1.weight - torch.Size([2048, 256]): 
PretrainedInit: load from https://www.modelscope.cn/models/wokaikaixinxin/ai4rs/resolve/master/GSDet_baseline/pretrain/diffusiondet_r50_fpn_500-proposals_1-step_crop-ms-480-800-450k_coco_new2.pth 

rpn_head.head_series.2.linear1.bias - torch.Size([2048]): 
PretrainedInit: load from https://www.modelscope.cn/models/wokaikaixinxin/ai4rs/resolve/master/GSDet_baseline/pretrain/diffusiondet_r50_fpn_500-proposals_1-step_crop-ms-480-800-450k_coco_new2.pth 

rpn_head.head_series.2.linear2.weight - torch.Size([256, 2048]): 
PretrainedInit: load from https://www.modelscope.cn/models/wokaikaixinxin/ai4rs/resolve/master/GSDet_baseline/pretrain/diffusiondet_r50_fpn_500-proposals_1-step_crop-ms-480-800-450k_coco_new2.pth 

rpn_head.head_series.2.linear2.bias - torch.Size([256]): 
PretrainedInit: load from https://www.modelscope.cn/models/wokaikaixinxin/ai4rs/resolve/master/GSDet_baseline/pretrain/diffusiondet_r50_fpn_500-proposals_1-step_crop-ms-480-800-450k_coco_new2.pth 

rpn_head.head_series.2.norm1.weight - torch.Size([256]): 
PretrainedInit: load from https://www.modelscope.cn/models/wokaikaixinxin/ai4rs/resolve/master/GSDet_baseline/pretrain/diffusiondet_r50_fpn_500-proposals_1-step_crop-ms-480-800-450k_coco_new2.pth 

rpn_head.head_series.2.norm1.bias - torch.Size([256]): 
PretrainedInit: load from https://www.modelscope.cn/models/wokaikaixinxin/ai4rs/resolve/master/GSDet_baseline/pretrain/diffusiondet_r50_fpn_500-proposals_1-step_crop-ms-480-800-450k_coco_new2.pth 

rpn_head.head_series.2.norm2.weight - torch.Size([256]): 
PretrainedInit: load from https://www.modelscope.cn/models/wokaikaixinxin/ai4rs/resolve/master/GSDet_baseline/pretrain/diffusiondet_r50_fpn_500-proposals_1-step_crop-ms-480-800-450k_coco_new2.pth 

rpn_head.head_series.2.norm2.bias - torch.Size([256]): 
PretrainedInit: load from https://www.modelscope.cn/models/wokaikaixinxin/ai4rs/resolve/master/GSDet_baseline/pretrain/diffusiondet_r50_fpn_500-proposals_1-step_crop-ms-480-800-450k_coco_new2.pth 

rpn_head.head_series.2.norm3.weight - torch.Size([256]): 
PretrainedInit: load from https://www.modelscope.cn/models/wokaikaixinxin/ai4rs/resolve/master/GSDet_baseline/pretrain/diffusiondet_r50_fpn_500-proposals_1-step_crop-ms-480-800-450k_coco_new2.pth 

rpn_head.head_series.2.norm3.bias - torch.Size([256]): 
PretrainedInit: load from https://www.modelscope.cn/models/wokaikaixinxin/ai4rs/resolve/master/GSDet_baseline/pretrain/diffusiondet_r50_fpn_500-proposals_1-step_crop-ms-480-800-450k_coco_new2.pth 

rpn_head.head_series.2.cls_module.0.weight - torch.Size([256, 256]): 
PretrainedInit: load from https://www.modelscope.cn/models/wokaikaixinxin/ai4rs/resolve/master/GSDet_baseline/pretrain/diffusiondet_r50_fpn_500-proposals_1-step_crop-ms-480-800-450k_coco_new2.pth 

rpn_head.head_series.2.cls_module.1.weight - torch.Size([256]): 
PretrainedInit: load from https://www.modelscope.cn/models/wokaikaixinxin/ai4rs/resolve/master/GSDet_baseline/pretrain/diffusiondet_r50_fpn_500-proposals_1-step_crop-ms-480-800-450k_coco_new2.pth 

rpn_head.head_series.2.cls_module.1.bias - torch.Size([256]): 
PretrainedInit: load from https://www.modelscope.cn/models/wokaikaixinxin/ai4rs/resolve/master/GSDet_baseline/pretrain/diffusiondet_r50_fpn_500-proposals_1-step_crop-ms-480-800-450k_coco_new2.pth 

rpn_head.head_series.2.reg_module.0.weight - torch.Size([256, 256]): 
PretrainedInit: load from https://www.modelscope.cn/models/wokaikaixinxin/ai4rs/resolve/master/GSDet_baseline/pretrain/diffusiondet_r50_fpn_500-proposals_1-step_crop-ms-480-800-450k_coco_new2.pth 

rpn_head.head_series.2.reg_module.1.weight - torch.Size([256]): 
PretrainedInit: load from https://www.modelscope.cn/models/wokaikaixinxin/ai4rs/resolve/master/GSDet_baseline/pretrain/diffusiondet_r50_fpn_500-proposals_1-step_crop-ms-480-800-450k_coco_new2.pth 

rpn_head.head_series.2.reg_module.1.bias - torch.Size([256]): 
PretrainedInit: load from https://www.modelscope.cn/models/wokaikaixinxin/ai4rs/resolve/master/GSDet_baseline/pretrain/diffusiondet_r50_fpn_500-proposals_1-step_crop-ms-480-800-450k_coco_new2.pth 

rpn_head.head_series.2.reg_module.3.weight - torch.Size([256, 256]): 
PretrainedInit: load from https://www.modelscope.cn/models/wokaikaixinxin/ai4rs/resolve/master/GSDet_baseline/pretrain/diffusiondet_r50_fpn_500-proposals_1-step_crop-ms-480-800-450k_coco_new2.pth 

rpn_head.head_series.2.reg_module.4.weight - torch.Size([256]): 
PretrainedInit: load from https://www.modelscope.cn/models/wokaikaixinxin/ai4rs/resolve/master/GSDet_baseline/pretrain/diffusiondet_r50_fpn_500-proposals_1-step_crop-ms-480-800-450k_coco_new2.pth 

rpn_head.head_series.2.reg_module.4.bias - torch.Size([256]): 
PretrainedInit: load from https://www.modelscope.cn/models/wokaikaixinxin/ai4rs/resolve/master/GSDet_baseline/pretrain/diffusiondet_r50_fpn_500-proposals_1-step_crop-ms-480-800-450k_coco_new2.pth 

rpn_head.head_series.2.reg_module.6.weight - torch.Size([256, 256]): 
PretrainedInit: load from https://www.modelscope.cn/models/wokaikaixinxin/ai4rs/resolve/master/GSDet_baseline/pretrain/diffusiondet_r50_fpn_500-proposals_1-step_crop-ms-480-800-450k_coco_new2.pth 

rpn_head.head_series.2.reg_module.7.weight - torch.Size([256]): 
PretrainedInit: load from https://www.modelscope.cn/models/wokaikaixinxin/ai4rs/resolve/master/GSDet_baseline/pretrain/diffusiondet_r50_fpn_500-proposals_1-step_crop-ms-480-800-450k_coco_new2.pth 

rpn_head.head_series.2.reg_module.7.bias - torch.Size([256]): 
PretrainedInit: load from https://www.modelscope.cn/models/wokaikaixinxin/ai4rs/resolve/master/GSDet_baseline/pretrain/diffusiondet_r50_fpn_500-proposals_1-step_crop-ms-480-800-450k_coco_new2.pth 

rpn_head.head_series.2.class_logits.weight - torch.Size([37, 256]): 
The value is the same before and after calling `init_weights` of GSDet  

rpn_head.head_series.2.class_logits.bias - torch.Size([37]): 
The value is the same before and after calling `init_weights` of GSDet  

rpn_head.head_series.2.bboxes_delta.weight - torch.Size([4, 256]): 
PretrainedInit: load from https://www.modelscope.cn/models/wokaikaixinxin/ai4rs/resolve/master/GSDet_baseline/pretrain/diffusiondet_r50_fpn_500-proposals_1-step_crop-ms-480-800-450k_coco_new2.pth 

rpn_head.head_series.2.bboxes_delta.bias - torch.Size([4]): 
PretrainedInit: load from https://www.modelscope.cn/models/wokaikaixinxin/ai4rs/resolve/master/GSDet_baseline/pretrain/diffusiondet_r50_fpn_500-proposals_1-step_crop-ms-480-800-450k_coco_new2.pth 

rpn_head.head_series.3.self_attn.in_proj_weight - torch.Size([768, 256]): 
PretrainedInit: load from https://www.modelscope.cn/models/wokaikaixinxin/ai4rs/resolve/master/GSDet_baseline/pretrain/diffusiondet_r50_fpn_500-proposals_1-step_crop-ms-480-800-450k_coco_new2.pth 

rpn_head.head_series.3.self_attn.in_proj_bias - torch.Size([768]): 
PretrainedInit: load from https://www.modelscope.cn/models/wokaikaixinxin/ai4rs/resolve/master/GSDet_baseline/pretrain/diffusiondet_r50_fpn_500-proposals_1-step_crop-ms-480-800-450k_coco_new2.pth 

rpn_head.head_series.3.self_attn.out_proj.weight - torch.Size([256, 256]): 
PretrainedInit: load from https://www.modelscope.cn/models/wokaikaixinxin/ai4rs/resolve/master/GSDet_baseline/pretrain/diffusiondet_r50_fpn_500-proposals_1-step_crop-ms-480-800-450k_coco_new2.pth 

rpn_head.head_series.3.self_attn.out_proj.bias - torch.Size([256]): 
PretrainedInit: load from https://www.modelscope.cn/models/wokaikaixinxin/ai4rs/resolve/master/GSDet_baseline/pretrain/diffusiondet_r50_fpn_500-proposals_1-step_crop-ms-480-800-450k_coco_new2.pth 

rpn_head.head_series.3.inst_interact.dynamic_layer.weight - torch.Size([32768, 256]): 
PretrainedInit: load from https://www.modelscope.cn/models/wokaikaixinxin/ai4rs/resolve/master/GSDet_baseline/pretrain/diffusiondet_r50_fpn_500-proposals_1-step_crop-ms-480-800-450k_coco_new2.pth 

rpn_head.head_series.3.inst_interact.dynamic_layer.bias - torch.Size([32768]): 
PretrainedInit: load from https://www.modelscope.cn/models/wokaikaixinxin/ai4rs/resolve/master/GSDet_baseline/pretrain/diffusiondet_r50_fpn_500-proposals_1-step_crop-ms-480-800-450k_coco_new2.pth 

rpn_head.head_series.3.inst_interact.norm1.weight - torch.Size([64]): 
PretrainedInit: load from https://www.modelscope.cn/models/wokaikaixinxin/ai4rs/resolve/master/GSDet_baseline/pretrain/diffusiondet_r50_fpn_500-proposals_1-step_crop-ms-480-800-450k_coco_new2.pth 

rpn_head.head_series.3.inst_interact.norm1.bias - torch.Size([64]): 
PretrainedInit: load from https://www.modelscope.cn/models/wokaikaixinxin/ai4rs/resolve/master/GSDet_baseline/pretrain/diffusiondet_r50_fpn_500-proposals_1-step_crop-ms-480-800-450k_coco_new2.pth 

rpn_head.head_series.3.inst_interact.norm2.weight - torch.Size([256]): 
PretrainedInit: load from https://www.modelscope.cn/models/wokaikaixinxin/ai4rs/resolve/master/GSDet_baseline/pretrain/diffusiondet_r50_fpn_500-proposals_1-step_crop-ms-480-800-450k_coco_new2.pth 

rpn_head.head_series.3.inst_interact.norm2.bias - torch.Size([256]): 
PretrainedInit: load from https://www.modelscope.cn/models/wokaikaixinxin/ai4rs/resolve/master/GSDet_baseline/pretrain/diffusiondet_r50_fpn_500-proposals_1-step_crop-ms-480-800-450k_coco_new2.pth 

rpn_head.head_series.3.inst_interact.out_layer.weight - torch.Size([256, 12544]): 
PretrainedInit: load from https://www.modelscope.cn/models/wokaikaixinxin/ai4rs/resolve/master/GSDet_baseline/pretrain/diffusiondet_r50_fpn_500-proposals_1-step_crop-ms-480-800-450k_coco_new2.pth 

rpn_head.head_series.3.inst_interact.out_layer.bias - torch.Size([256]): 
PretrainedInit: load from https://www.modelscope.cn/models/wokaikaixinxin/ai4rs/resolve/master/GSDet_baseline/pretrain/diffusiondet_r50_fpn_500-proposals_1-step_crop-ms-480-800-450k_coco_new2.pth 

rpn_head.head_series.3.inst_interact.norm3.weight - torch.Size([256]): 
PretrainedInit: load from https://www.modelscope.cn/models/wokaikaixinxin/ai4rs/resolve/master/GSDet_baseline/pretrain/diffusiondet_r50_fpn_500-proposals_1-step_crop-ms-480-800-450k_coco_new2.pth 

rpn_head.head_series.3.inst_interact.norm3.bias - torch.Size([256]): 
PretrainedInit: load from https://www.modelscope.cn/models/wokaikaixinxin/ai4rs/resolve/master/GSDet_baseline/pretrain/diffusiondet_r50_fpn_500-proposals_1-step_crop-ms-480-800-450k_coco_new2.pth 

rpn_head.head_series.3.linear1.weight - torch.Size([2048, 256]): 
PretrainedInit: load from https://www.modelscope.cn/models/wokaikaixinxin/ai4rs/resolve/master/GSDet_baseline/pretrain/diffusiondet_r50_fpn_500-proposals_1-step_crop-ms-480-800-450k_coco_new2.pth 

rpn_head.head_series.3.linear1.bias - torch.Size([2048]): 
PretrainedInit: load from https://www.modelscope.cn/models/wokaikaixinxin/ai4rs/resolve/master/GSDet_baseline/pretrain/diffusiondet_r50_fpn_500-proposals_1-step_crop-ms-480-800-450k_coco_new2.pth 

rpn_head.head_series.3.linear2.weight - torch.Size([256, 2048]): 
PretrainedInit: load from https://www.modelscope.cn/models/wokaikaixinxin/ai4rs/resolve/master/GSDet_baseline/pretrain/diffusiondet_r50_fpn_500-proposals_1-step_crop-ms-480-800-450k_coco_new2.pth 

rpn_head.head_series.3.linear2.bias - torch.Size([256]): 
PretrainedInit: load from https://www.modelscope.cn/models/wokaikaixinxin/ai4rs/resolve/master/GSDet_baseline/pretrain/diffusiondet_r50_fpn_500-proposals_1-step_crop-ms-480-800-450k_coco_new2.pth 

rpn_head.head_series.3.norm1.weight - torch.Size([256]): 
PretrainedInit: load from https://www.modelscope.cn/models/wokaikaixinxin/ai4rs/resolve/master/GSDet_baseline/pretrain/diffusiondet_r50_fpn_500-proposals_1-step_crop-ms-480-800-450k_coco_new2.pth 

rpn_head.head_series.3.norm1.bias - torch.Size([256]): 
PretrainedInit: load from https://www.modelscope.cn/models/wokaikaixinxin/ai4rs/resolve/master/GSDet_baseline/pretrain/diffusiondet_r50_fpn_500-proposals_1-step_crop-ms-480-800-450k_coco_new2.pth 

rpn_head.head_series.3.norm2.weight - torch.Size([256]): 
PretrainedInit: load from https://www.modelscope.cn/models/wokaikaixinxin/ai4rs/resolve/master/GSDet_baseline/pretrain/diffusiondet_r50_fpn_500-proposals_1-step_crop-ms-480-800-450k_coco_new2.pth 

rpn_head.head_series.3.norm2.bias - torch.Size([256]): 
PretrainedInit: load from https://www.modelscope.cn/models/wokaikaixinxin/ai4rs/resolve/master/GSDet_baseline/pretrain/diffusiondet_r50_fpn_500-proposals_1-step_crop-ms-480-800-450k_coco_new2.pth 

rpn_head.head_series.3.norm3.weight - torch.Size([256]): 
PretrainedInit: load from https://www.modelscope.cn/models/wokaikaixinxin/ai4rs/resolve/master/GSDet_baseline/pretrain/diffusiondet_r50_fpn_500-proposals_1-step_crop-ms-480-800-450k_coco_new2.pth 

rpn_head.head_series.3.norm3.bias - torch.Size([256]): 
PretrainedInit: load from https://www.modelscope.cn/models/wokaikaixinxin/ai4rs/resolve/master/GSDet_baseline/pretrain/diffusiondet_r50_fpn_500-proposals_1-step_crop-ms-480-800-450k_coco_new2.pth 

rpn_head.head_series.3.cls_module.0.weight - torch.Size([256, 256]): 
PretrainedInit: load from https://www.modelscope.cn/models/wokaikaixinxin/ai4rs/resolve/master/GSDet_baseline/pretrain/diffusiondet_r50_fpn_500-proposals_1-step_crop-ms-480-800-450k_coco_new2.pth 

rpn_head.head_series.3.cls_module.1.weight - torch.Size([256]): 
PretrainedInit: load from https://www.modelscope.cn/models/wokaikaixinxin/ai4rs/resolve/master/GSDet_baseline/pretrain/diffusiondet_r50_fpn_500-proposals_1-step_crop-ms-480-800-450k_coco_new2.pth 

rpn_head.head_series.3.cls_module.1.bias - torch.Size([256]): 
PretrainedInit: load from https://www.modelscope.cn/models/wokaikaixinxin/ai4rs/resolve/master/GSDet_baseline/pretrain/diffusiondet_r50_fpn_500-proposals_1-step_crop-ms-480-800-450k_coco_new2.pth 

rpn_head.head_series.3.reg_module.0.weight - torch.Size([256, 256]): 
PretrainedInit: load from https://www.modelscope.cn/models/wokaikaixinxin/ai4rs/resolve/master/GSDet_baseline/pretrain/diffusiondet_r50_fpn_500-proposals_1-step_crop-ms-480-800-450k_coco_new2.pth 

rpn_head.head_series.3.reg_module.1.weight - torch.Size([256]): 
PretrainedInit: load from https://www.modelscope.cn/models/wokaikaixinxin/ai4rs/resolve/master/GSDet_baseline/pretrain/diffusiondet_r50_fpn_500-proposals_1-step_crop-ms-480-800-450k_coco_new2.pth 

rpn_head.head_series.3.reg_module.1.bias - torch.Size([256]): 
PretrainedInit: load from https://www.modelscope.cn/models/wokaikaixinxin/ai4rs/resolve/master/GSDet_baseline/pretrain/diffusiondet_r50_fpn_500-proposals_1-step_crop-ms-480-800-450k_coco_new2.pth 

rpn_head.head_series.3.reg_module.3.weight - torch.Size([256, 256]): 
PretrainedInit: load from https://www.modelscope.cn/models/wokaikaixinxin/ai4rs/resolve/master/GSDet_baseline/pretrain/diffusiondet_r50_fpn_500-proposals_1-step_crop-ms-480-800-450k_coco_new2.pth 

rpn_head.head_series.3.reg_module.4.weight - torch.Size([256]): 
PretrainedInit: load from https://www.modelscope.cn/models/wokaikaixinxin/ai4rs/resolve/master/GSDet_baseline/pretrain/diffusiondet_r50_fpn_500-proposals_1-step_crop-ms-480-800-450k_coco_new2.pth 

rpn_head.head_series.3.reg_module.4.bias - torch.Size([256]): 
PretrainedInit: load from https://www.modelscope.cn/models/wokaikaixinxin/ai4rs/resolve/master/GSDet_baseline/pretrain/diffusiondet_r50_fpn_500-proposals_1-step_crop-ms-480-800-450k_coco_new2.pth 

rpn_head.head_series.3.reg_module.6.weight - torch.Size([256, 256]): 
PretrainedInit: load from https://www.modelscope.cn/models/wokaikaixinxin/ai4rs/resolve/master/GSDet_baseline/pretrain/diffusiondet_r50_fpn_500-proposals_1-step_crop-ms-480-800-450k_coco_new2.pth 

rpn_head.head_series.3.reg_module.7.weight - torch.Size([256]): 
PretrainedInit: load from https://www.modelscope.cn/models/wokaikaixinxin/ai4rs/resolve/master/GSDet_baseline/pretrain/diffusiondet_r50_fpn_500-proposals_1-step_crop-ms-480-800-450k_coco_new2.pth 

rpn_head.head_series.3.reg_module.7.bias - torch.Size([256]): 
PretrainedInit: load from https://www.modelscope.cn/models/wokaikaixinxin/ai4rs/resolve/master/GSDet_baseline/pretrain/diffusiondet_r50_fpn_500-proposals_1-step_crop-ms-480-800-450k_coco_new2.pth 

rpn_head.head_series.3.class_logits.weight - torch.Size([37, 256]): 
The value is the same before and after calling `init_weights` of GSDet  

rpn_head.head_series.3.class_logits.bias - torch.Size([37]): 
The value is the same before and after calling `init_weights` of GSDet  

rpn_head.head_series.3.bboxes_delta.weight - torch.Size([4, 256]): 
PretrainedInit: load from https://www.modelscope.cn/models/wokaikaixinxin/ai4rs/resolve/master/GSDet_baseline/pretrain/diffusiondet_r50_fpn_500-proposals_1-step_crop-ms-480-800-450k_coco_new2.pth 

rpn_head.head_series.3.bboxes_delta.bias - torch.Size([4]): 
PretrainedInit: load from https://www.modelscope.cn/models/wokaikaixinxin/ai4rs/resolve/master/GSDet_baseline/pretrain/diffusiondet_r50_fpn_500-proposals_1-step_crop-ms-480-800-450k_coco_new2.pth 

roi_head.bbox_head.0.fc_cls.weight - torch.Size([37, 256]): 
Initialized by user-defined `init_weights` in Hbox2RboxLayer  

roi_head.bbox_head.0.fc_cls.bias - torch.Size([37]): 
Initialized by user-defined `init_weights` in Hbox2RboxLayer  

roi_head.bbox_head.0.fc_reg.weight - torch.Size([6, 256]): 
Initialized by user-defined `init_weights` in Hbox2RboxLayer  

roi_head.bbox_head.0.fc_reg.bias - torch.Size([6]): 
NormalInit: mean=0, std=0.001, bias=0 

roi_head.bbox_head.0.self_attn.in_proj_weight - torch.Size([768, 256]): 
Initialized by user-defined `init_weights` in Hbox2RboxLayer  

roi_head.bbox_head.0.self_attn.in_proj_bias - torch.Size([768]): 
The value is the same before and after calling `init_weights` of GSDet  

roi_head.bbox_head.0.self_attn.out_proj.weight - torch.Size([256, 256]): 
Initialized by user-defined `init_weights` in Hbox2RboxLayer  

roi_head.bbox_head.0.self_attn.out_proj.bias - torch.Size([256]): 
The value is the same before and after calling `init_weights` of GSDet  

roi_head.bbox_head.0.inst_interact.dynamic_layer.weight - torch.Size([32768, 256]): 
Initialized by user-defined `init_weights` in Hbox2RboxLayer  

roi_head.bbox_head.0.inst_interact.dynamic_layer.bias - torch.Size([32768]): 
The value is the same before and after calling `init_weights` of GSDet  

roi_head.bbox_head.0.inst_interact.norm1.weight - torch.Size([64]): 
The value is the same before and after calling `init_weights` of GSDet  

roi_head.bbox_head.0.inst_interact.norm1.bias - torch.Size([64]): 
The value is the same before and after calling `init_weights` of GSDet  

roi_head.bbox_head.0.inst_interact.norm2.weight - torch.Size([256]): 
The value is the same before and after calling `init_weights` of GSDet  

roi_head.bbox_head.0.inst_interact.norm2.bias - torch.Size([256]): 
The value is the same before and after calling `init_weights` of GSDet  

roi_head.bbox_head.0.inst_interact.out_layer.weight - torch.Size([256, 12544]): 
Initialized by user-defined `init_weights` in Hbox2RboxLayer  

roi_head.bbox_head.0.inst_interact.out_layer.bias - torch.Size([256]): 
The value is the same before and after calling `init_weights` of GSDet  

roi_head.bbox_head.0.inst_interact.norm3.weight - torch.Size([256]): 
The value is the same before and after calling `init_weights` of GSDet  

roi_head.bbox_head.0.inst_interact.norm3.bias - torch.Size([256]): 
The value is the same before and after calling `init_weights` of GSDet  

roi_head.bbox_head.0.linear1.weight - torch.Size([2048, 256]): 
Initialized by user-defined `init_weights` in Hbox2RboxLayer  

roi_head.bbox_head.0.linear1.bias - torch.Size([2048]): 
The value is the same before and after calling `init_weights` of GSDet  

roi_head.bbox_head.0.linear2.weight - torch.Size([256, 2048]): 
Initialized by user-defined `init_weights` in Hbox2RboxLayer  

roi_head.bbox_head.0.linear2.bias - torch.Size([256]): 
The value is the same before and after calling `init_weights` of GSDet  

roi_head.bbox_head.0.norm1.weight - torch.Size([256]): 
The value is the same before and after calling `init_weights` of GSDet  

roi_head.bbox_head.0.norm1.bias - torch.Size([256]): 
The value is the same before and after calling `init_weights` of GSDet  

roi_head.bbox_head.0.norm2.weight - torch.Size([256]): 
The value is the same before and after calling `init_weights` of GSDet  

roi_head.bbox_head.0.norm2.bias - torch.Size([256]): 
The value is the same before and after calling `init_weights` of GSDet  

roi_head.bbox_head.0.norm3.weight - torch.Size([256]): 
The value is the same before and after calling `init_weights` of GSDet  

roi_head.bbox_head.0.norm3.bias - torch.Size([256]): 
The value is the same before and after calling `init_weights` of GSDet  

roi_head.bbox_head.0.cls_module.0.weight - torch.Size([256, 256]): 
Initialized by user-defined `init_weights` in Hbox2RboxLayer  

roi_head.bbox_head.0.cls_module.1.weight - torch.Size([256]): 
The value is the same before and after calling `init_weights` of GSDet  

roi_head.bbox_head.0.cls_module.1.bias - torch.Size([256]): 
The value is the same before and after calling `init_weights` of GSDet  

roi_head.bbox_head.0.reg_module.0.weight - torch.Size([256, 256]): 
Initialized by user-defined `init_weights` in Hbox2RboxLayer  

roi_head.bbox_head.0.reg_module.1.weight - torch.Size([256]): 
The value is the same before and after calling `init_weights` of GSDet  

roi_head.bbox_head.0.reg_module.1.bias - torch.Size([256]): 
The value is the same before and after calling `init_weights` of GSDet  

roi_head.bbox_head.0.reg_module.3.weight - torch.Size([256, 256]): 
Initialized by user-defined `init_weights` in Hbox2RboxLayer  

roi_head.bbox_head.0.reg_module.4.weight - torch.Size([256]): 
The value is the same before and after calling `init_weights` of GSDet  

roi_head.bbox_head.0.reg_module.4.bias - torch.Size([256]): 
The value is the same before and after calling `init_weights` of GSDet  

roi_head.bbox_head.0.reg_module.6.weight - torch.Size([256, 256]): 
Initialized by user-defined `init_weights` in Hbox2RboxLayer  

roi_head.bbox_head.0.reg_module.7.weight - torch.Size([256]): 
The value is the same before and after calling `init_weights` of GSDet  

roi_head.bbox_head.0.reg_module.7.bias - torch.Size([256]): 
The value is the same before and after calling `init_weights` of GSDet  

roi_head.bbox_head.1.fc_cls.weight - torch.Size([37, 256]): 
Initialized by user-defined `init_weights` in Rbox2RboxLayer  

roi_head.bbox_head.1.fc_cls.bias - torch.Size([37]): 
Initialized by user-defined `init_weights` in Rbox2RboxLayer  

roi_head.bbox_head.1.fc_reg.weight - torch.Size([5, 256]): 
Initialized by user-defined `init_weights` in Rbox2RboxLayer  

roi_head.bbox_head.1.fc_reg.bias - torch.Size([5]): 
NormalInit: mean=0, std=0.001, bias=0 

roi_head.bbox_head.1.self_attn.in_proj_weight - torch.Size([768, 256]): 
Initialized by user-defined `init_weights` in Rbox2RboxLayer  

roi_head.bbox_head.1.self_attn.in_proj_bias - torch.Size([768]): 
The value is the same before and after calling `init_weights` of GSDet  

roi_head.bbox_head.1.self_attn.out_proj.weight - torch.Size([256, 256]): 
Initialized by user-defined `init_weights` in Rbox2RboxLayer  

roi_head.bbox_head.1.self_attn.out_proj.bias - torch.Size([256]): 
The value is the same before and after calling `init_weights` of GSDet  

roi_head.bbox_head.1.inst_interact.dynamic_layer.weight - torch.Size([32768, 256]): 
Initialized by user-defined `init_weights` in Rbox2RboxLayer  

roi_head.bbox_head.1.inst_interact.dynamic_layer.bias - torch.Size([32768]): 
The value is the same before and after calling `init_weights` of GSDet  

roi_head.bbox_head.1.inst_interact.norm1.weight - torch.Size([64]): 
The value is the same before and after calling `init_weights` of GSDet  

roi_head.bbox_head.1.inst_interact.norm1.bias - torch.Size([64]): 
The value is the same before and after calling `init_weights` of GSDet  

roi_head.bbox_head.1.inst_interact.norm2.weight - torch.Size([256]): 
The value is the same before and after calling `init_weights` of GSDet  

roi_head.bbox_head.1.inst_interact.norm2.bias - torch.Size([256]): 
The value is the same before and after calling `init_weights` of GSDet  

roi_head.bbox_head.1.inst_interact.out_layer.weight - torch.Size([256, 12544]): 
Initialized by user-defined `init_weights` in Rbox2RboxLayer  

roi_head.bbox_head.1.inst_interact.out_layer.bias - torch.Size([256]): 
The value is the same before and after calling `init_weights` of GSDet  

roi_head.bbox_head.1.inst_interact.norm3.weight - torch.Size([256]): 
The value is the same before and after calling `init_weights` of GSDet  

roi_head.bbox_head.1.inst_interact.norm3.bias - torch.Size([256]): 
The value is the same before and after calling `init_weights` of GSDet  

roi_head.bbox_head.1.linear1.weight - torch.Size([2048, 256]): 
Initialized by user-defined `init_weights` in Rbox2RboxLayer  

roi_head.bbox_head.1.linear1.bias - torch.Size([2048]): 
The value is the same before and after calling `init_weights` of GSDet  

roi_head.bbox_head.1.linear2.weight - torch.Size([256, 2048]): 
Initialized by user-defined `init_weights` in Rbox2RboxLayer  

roi_head.bbox_head.1.linear2.bias - torch.Size([256]): 
The value is the same before and after calling `init_weights` of GSDet  

roi_head.bbox_head.1.norm1.weight - torch.Size([256]): 
The value is the same before and after calling `init_weights` of GSDet  

roi_head.bbox_head.1.norm1.bias - torch.Size([256]): 
The value is the same before and after calling `init_weights` of GSDet  

roi_head.bbox_head.1.norm2.weight - torch.Size([256]): 
The value is the same before and after calling `init_weights` of GSDet  

roi_head.bbox_head.1.norm2.bias - torch.Size([256]): 
The value is the same before and after calling `init_weights` of GSDet  

roi_head.bbox_head.1.norm3.weight - torch.Size([256]): 
The value is the same before and after calling `init_weights` of GSDet  

roi_head.bbox_head.1.norm3.bias - torch.Size([256]): 
The value is the same before and after calling `init_weights` of GSDet  

roi_head.bbox_head.1.cls_module.0.weight - torch.Size([256, 256]): 
Initialized by user-defined `init_weights` in Rbox2RboxLayer  

roi_head.bbox_head.1.cls_module.1.weight - torch.Size([256]): 
The value is the same before and after calling `init_weights` of GSDet  

roi_head.bbox_head.1.cls_module.1.bias - torch.Size([256]): 
The value is the same before and after calling `init_weights` of GSDet  

roi_head.bbox_head.1.reg_module.0.weight - torch.Size([256, 256]): 
Initialized by user-defined `init_weights` in Rbox2RboxLayer  

roi_head.bbox_head.1.reg_module.1.weight - torch.Size([256]): 
The value is the same before and after calling `init_weights` of GSDet  

roi_head.bbox_head.1.reg_module.1.bias - torch.Size([256]): 
The value is the same before and after calling `init_weights` of GSDet  

roi_head.bbox_head.1.reg_module.3.weight - torch.Size([256, 256]): 
Initialized by user-defined `init_weights` in Rbox2RboxLayer  

roi_head.bbox_head.1.reg_module.4.weight - torch.Size([256]): 
The value is the same before and after calling `init_weights` of GSDet  

roi_head.bbox_head.1.reg_module.4.bias - torch.Size([256]): 
The value is the same before and after calling `init_weights` of GSDet  

roi_head.bbox_head.1.reg_module.6.weight - torch.Size([256, 256]): 
Initialized by user-defined `init_weights` in Rbox2RboxLayer  

roi_head.bbox_head.1.reg_module.7.weight - torch.Size([256]): 
The value is the same before and after calling `init_weights` of GSDet  

roi_head.bbox_head.1.reg_module.7.bias - torch.Size([256]): 
The value is the same before and after calling `init_weights` of GSDet  
2026/03/27 17:41:57 - mmengine - INFO - Auto resumed from the latest checkpoint /media/Harddisk_A/Workers/wsy/ai4rs/work_dirs/gsdet_fair1m_2gpu/epoch_11.pth.
2026/03/27 17:42:06 - mmengine - INFO - Load checkpoint from /media/Harddisk_A/Workers/wsy/ai4rs/work_dirs/gsdet_fair1m_2gpu/epoch_11.pth
2026/03/27 17:42:06 - mmengine - INFO - resumed epoch: 11, iter: 80016
2026/03/27 17:42:06 - mmengine - WARNING - "FileClient" will be deprecated in future. Please use io functions in https://mmengine.readthedocs.io/en/latest/api/fileio.html#file-io
2026/03/27 17:42:06 - mmengine - WARNING - "HardDiskBackend" is the alias of "LocalBackend" and the former will be deprecated in future.
2026/03/27 17:42:06 - mmengine - INFO - Checkpoints will be saved to /media/Harddisk_A/Workers/wsy/ai4rs/work_dirs/gsdet_fair1m_2gpu.
2026/03/27 17:42:31 - mmengine - INFO - Epoch(train) [12][   50/10002]  lr: 2.5000e-05  eta: 22:30:29  time: 0.5065  data_time: 0.0178  memory: 7330  grad_norm: 83.1075  loss: 7.9437  rpn_s.0.loss_cls: 0.5784  rpn_s.0.loss_bbox: 0.1134  rpn_s.0.loss_giou: 0.7909  rpn_s.1.loss_cls: 0.4146  rpn_s.1.loss_bbox: 0.0471  rpn_s.1.loss_giou: 0.3762  rpn_s.2.loss_cls: 0.3364  rpn_s.2.loss_bbox: 0.0405  rpn_s.2.loss_giou: 0.3313  rpn_s.3.loss_cls: 0.2879  rpn_s.3.loss_bbox: 0.0382  rpn_s.3.loss_giou: 0.3140  s0.loss_cls: 0.3212  s0.pos_acc: 100.0000  s0.loss_bbox: 0.6622  s0.loss_iou: 1.0783  s1.loss_cls: 0.3341  s1.pos_acc: 100.0000  s1.loss_bbox: 0.7232  s1.loss_iou: 1.1559
2026/03/27 17:42:50 - mmengine - INFO - Epoch(train) [12][  100/10002]  lr: 2.5000e-05  eta: 19:32:57  time: 0.3736  data_time: 0.0033  memory: 7329  grad_norm: 80.7216  loss: 8.4589  rpn_s.0.loss_cls: 0.6553  rpn_s.0.loss_bbox: 0.1071  rpn_s.0.loss_giou: 0.8611  rpn_s.1.loss_cls: 0.4710  rpn_s.1.loss_bbox: 0.0421  rpn_s.1.loss_giou: 0.4082  rpn_s.2.loss_cls: 0.3939  rpn_s.2.loss_bbox: 0.0353  rpn_s.2.loss_giou: 0.3573  rpn_s.3.loss_cls: 0.3456  rpn_s.3.loss_bbox: 0.0336  rpn_s.3.loss_giou: 0.3441  s0.loss_cls: 0.3838  s0.pos_acc: 69.8276  s0.loss_bbox: 0.5909  s0.loss_iou: 1.1278  s1.loss_cls: 0.3992  s1.pos_acc: 65.5172  s1.loss_bbox: 0.7132  s1.loss_iou: 1.1893
2026/03/27 17:43:09 - mmengine - INFO - Epoch(train) [12][  150/10002]  lr: 2.5000e-05  eta: 18:35:17  time: 0.3755  data_time: 0.0033  memory: 7330  grad_norm: 81.6253  loss: 7.8503  rpn_s.0.loss_cls: 0.5825  rpn_s.0.loss_bbox: 0.1172  rpn_s.0.loss_giou: 0.8355  rpn_s.1.loss_cls: 0.4190  rpn_s.1.loss_bbox: 0.0478  rpn_s.1.loss_giou: 0.4010  rpn_s.2.loss_cls: 0.3329  rpn_s.2.loss_bbox: 0.0400  rpn_s.2.loss_giou: 0.3408  rpn_s.3.loss_cls: 0.2986  rpn_s.3.loss_bbox: 0.0369  rpn_s.3.loss_giou: 0.3193  s0.loss_cls: 0.3419  s0.pos_acc: 100.0000  s0.loss_bbox: 0.5410  s0.loss_iou: 1.1232  s1.loss_cls: 0.3614  s1.pos_acc: 100.0000  s1.loss_bbox: 0.5644  s1.loss_iou: 1.1468
2026/03/27 17:43:28 - mmengine - INFO - Epoch(train) [12][  200/10002]  lr: 2.5000e-05  eta: 18:08:21  time: 0.3786  data_time: 0.0032  memory: 7329  grad_norm: 76.5631  loss: 8.7474  rpn_s.0.loss_cls: 0.6215  rpn_s.0.loss_bbox: 0.1177  rpn_s.0.loss_giou: 0.9076  rpn_s.1.loss_cls: 0.4180  rpn_s.1.loss_bbox: 0.0536  rpn_s.1.loss_giou: 0.4373  rpn_s.2.loss_cls: 0.3425  rpn_s.2.loss_bbox: 0.0471  rpn_s.2.loss_giou: 0.3791  rpn_s.3.loss_cls: 0.3025  rpn_s.3.loss_bbox: 0.0424  rpn_s.3.loss_giou: 0.3573  s0.loss_cls: 0.3351  s0.pos_acc: 73.0769  s0.loss_bbox: 0.6618  s0.loss_iou: 1.3118  s1.loss_cls: 0.3521  s1.pos_acc: 73.0769  s1.loss_bbox: 0.6879  s1.loss_iou: 1.3722
2026/03/27 17:43:47 - mmengine - INFO - Epoch(train) [12][  250/10002]  lr: 2.5000e-05  eta: 17:51:30  time: 0.3776  data_time: 0.0032  memory: 7329  grad_norm: 73.8084  loss: 8.0799  rpn_s.0.loss_cls: 0.6271  rpn_s.0.loss_bbox: 0.1104  rpn_s.0.loss_giou: 0.7995  rpn_s.1.loss_cls: 0.4279  rpn_s.1.loss_bbox: 0.0474  rpn_s.1.loss_giou: 0.3949  rpn_s.2.loss_cls: 0.3376  rpn_s.2.loss_bbox: 0.0403  rpn_s.2.loss_giou: 0.3484  rpn_s.3.loss_cls: 0.3006  rpn_s.3.loss_bbox: 0.0376  rpn_s.3.loss_giou: 0.3293  s0.loss_cls: 0.3269  s0.pos_acc: 100.0000  s0.loss_bbox: 0.6261  s0.loss_iou: 1.1134  s1.loss_cls: 0.3653  s1.pos_acc: 100.0000  s1.loss_bbox: 0.6840  s1.loss_iou: 1.1631
2026/03/27 17:44:05 - mmengine - INFO - Epoch(train) [12][  300/10002]  lr: 2.5000e-05  eta: 17:39:22  time: 0.3758  data_time: 0.0032  memory: 7329  grad_norm: 75.1734  loss: 8.1786  rpn_s.0.loss_cls: 0.6044  rpn_s.0.loss_bbox: 0.1094  rpn_s.0.loss_giou: 0.8276  rpn_s.1.loss_cls: 0.4217  rpn_s.1.loss_bbox: 0.0490  rpn_s.1.loss_giou: 0.4142  rpn_s.2.loss_cls: 0.3381  rpn_s.2.loss_bbox: 0.0424  rpn_s.2.loss_giou: 0.3584  rpn_s.3.loss_cls: 0.2937  rpn_s.3.loss_bbox: 0.0393  rpn_s.3.loss_giou: 0.3409  s0.loss_cls: 0.3278  s0.pos_acc: 50.0000  s0.loss_bbox: 0.5798  s0.loss_iou: 1.1677  s1.loss_cls: 0.3507  s1.pos_acc: 42.8571  s1.loss_bbox: 0.6931  s1.loss_iou: 1.2205
2026/03/27 17:44:24 - mmengine - INFO - Epoch(train) [12][  350/10002]  lr: 2.5000e-05  eta: 17:31:01  time: 0.3768  data_time: 0.0032  memory: 7330  grad_norm: 77.0342  loss: 8.0758  rpn_s.0.loss_cls: 0.6103  rpn_s.0.loss_bbox: 0.0998  rpn_s.0.loss_giou: 0.7752  rpn_s.1.loss_cls: 0.4424  rpn_s.1.loss_bbox: 0.0428  rpn_s.1.loss_giou: 0.3978  rpn_s.2.loss_cls: 0.3498  rpn_s.2.loss_bbox: 0.0364  rpn_s.2.loss_giou: 0.3529  rpn_s.3.loss_cls: 0.2986  rpn_s.3.loss_bbox: 0.0344  rpn_s.3.loss_giou: 0.3359  s0.loss_cls: 0.3275  s0.pos_acc: 74.6269  s0.loss_bbox: 0.6152  s0.loss_iou: 1.1572  s1.loss_cls: 0.3521  s1.pos_acc: 67.1642  s1.loss_bbox: 0.6490  s1.loss_iou: 1.1985
2026/03/27 17:44:43 - mmengine - INFO - Epoch(train) [12][  400/10002]  lr: 2.5000e-05  eta: 17:24:28  time: 0.3762  data_time: 0.0032  memory: 7330  grad_norm: 75.5664  loss: 8.2532  rpn_s.0.loss_cls: 0.6052  rpn_s.0.loss_bbox: 0.1102  rpn_s.0.loss_giou: 0.8535  rpn_s.1.loss_cls: 0.4453  rpn_s.1.loss_bbox: 0.0478  rpn_s.1.loss_giou: 0.4278  rpn_s.2.loss_cls: 0.3540  rpn_s.2.loss_bbox: 0.0391  rpn_s.2.loss_giou: 0.3635  rpn_s.3.loss_cls: 0.3054  rpn_s.3.loss_bbox: 0.0360  rpn_s.3.loss_giou: 0.3417  s0.loss_cls: 0.3318  s0.pos_acc: 75.7732  s0.loss_bbox: 0.6293  s0.loss_iou: 1.1654  s1.loss_cls: 0.3426  s1.pos_acc: 75.7732  s1.loss_bbox: 0.6593  s1.loss_iou: 1.1954
2026/03/27 17:45:02 - mmengine - INFO - Epoch(train) [12][  450/10002]  lr: 2.5000e-05  eta: 17:18:42  time: 0.3741  data_time: 0.0032  memory: 7329  grad_norm: 79.6989  loss: 7.7912  rpn_s.0.loss_cls: 0.5753  rpn_s.0.loss_bbox: 0.1106  rpn_s.0.loss_giou: 0.7160  rpn_s.1.loss_cls: 0.4190  rpn_s.1.loss_bbox: 0.0500  rpn_s.1.loss_giou: 0.3689  rpn_s.2.loss_cls: 0.3364  rpn_s.2.loss_bbox: 0.0418  rpn_s.2.loss_giou: 0.3188  rpn_s.3.loss_cls: 0.2970  rpn_s.3.loss_bbox: 0.0385  rpn_s.3.loss_giou: 0.2998  s0.loss_cls: 0.3256  s0.pos_acc: 70.0855  s0.loss_bbox: 0.6632  s0.loss_iou: 1.0419  s1.loss_cls: 0.3430  s1.pos_acc: 64.5299  s1.loss_bbox: 0.7323  s1.loss_iou: 1.1132
2026/03/27 17:45:21 - mmengine - INFO - Epoch(train) [12][  500/10002]  lr: 2.5000e-05  eta: 17:15:19  time: 0.3791  data_time: 0.0032  memory: 7330  grad_norm: 83.2881  loss: 7.9037  rpn_s.0.loss_cls: 0.5935  rpn_s.0.loss_bbox: 0.1101  rpn_s.0.loss_giou: 0.7841  rpn_s.1.loss_cls: 0.4148  rpn_s.1.loss_bbox: 0.0488  rpn_s.1.loss_giou: 0.3949  rpn_s.2.loss_cls: 0.3310  rpn_s.2.loss_bbox: 0.0427  rpn_s.2.loss_giou: 0.3450  rpn_s.3.loss_cls: 0.2975  rpn_s.3.loss_bbox: 0.0395  rpn_s.3.loss_giou: 0.3269  s0.loss_cls: 0.3098  s0.pos_acc: 94.4444  s0.loss_bbox: 0.6124  s0.loss_iou: 1.1009  s1.loss_cls: 0.3216  s1.pos_acc: 88.8889  s1.loss_bbox: 0.6829  s1.loss_iou: 1.1471
2026/03/27 17:45:40 - mmengine - INFO - Epoch(train) [12][  550/10002]  lr: 2.5000e-05  eta: 17:11:48  time: 0.3762  data_time: 0.0032  memory: 7329  grad_norm: 84.4433  loss: 7.7733  rpn_s.0.loss_cls: 0.5998  rpn_s.0.loss_bbox: 0.1042  rpn_s.0.loss_giou: 0.6995  rpn_s.1.loss_cls: 0.4396  rpn_s.1.loss_bbox: 0.0465  rpn_s.1.loss_giou: 0.3627  rpn_s.2.loss_cls: 0.3629  rpn_s.2.loss_bbox: 0.0406  rpn_s.2.loss_giou: 0.3197  rpn_s.3.loss_cls: 0.3270  rpn_s.3.loss_bbox: 0.0377  rpn_s.3.loss_giou: 0.3025  s0.loss_cls: 0.3472  s0.pos_acc: 67.5000  s0.loss_bbox: 0.6124  s0.loss_iou: 1.0539  s1.loss_cls: 0.3711  s1.pos_acc: 62.5000  s1.loss_bbox: 0.6724  s1.loss_iou: 1.0735
2026/03/27 17:45:59 - mmengine - INFO - Epoch(train) [12][  600/10002]  lr: 2.5000e-05  eta: 17:10:32  time: 0.3839  data_time: 0.0032  memory: 7330  grad_norm: 72.7640  loss: 8.6825  rpn_s.0.loss_cls: 0.6086  rpn_s.0.loss_bbox: 0.1090  rpn_s.0.loss_giou: 0.8236  rpn_s.1.loss_cls: 0.4543  rpn_s.1.loss_bbox: 0.0532  rpn_s.1.loss_giou: 0.4288  rpn_s.2.loss_cls: 0.3810  rpn_s.2.loss_bbox: 0.0472  rpn_s.2.loss_giou: 0.3756  rpn_s.3.loss_cls: 0.3412  rpn_s.3.loss_bbox: 0.0442  rpn_s.3.loss_giou: 0.3575  s0.loss_cls: 0.3774  s0.pos_acc: 100.0000  s0.loss_bbox: 0.6582  s0.loss_iou: 1.2354  s1.loss_cls: 0.3929  s1.pos_acc: 100.0000  s1.loss_bbox: 0.7045  s1.loss_iou: 1.2899
2026/03/27 17:46:17 - mmengine - INFO - Epoch(train) [12][  650/10002]  lr: 2.5000e-05  eta: 17:07:32  time: 0.3747  data_time: 0.0032  memory: 7329  grad_norm: 80.3084  loss: 7.6656  rpn_s.0.loss_cls: 0.6239  rpn_s.0.loss_bbox: 0.1005  rpn_s.0.loss_giou: 0.7050  rpn_s.1.loss_cls: 0.4473  rpn_s.1.loss_bbox: 0.0463  rpn_s.1.loss_giou: 0.3668  rpn_s.2.loss_cls: 0.3615  rpn_s.2.loss_bbox: 0.0388  rpn_s.2.loss_giou: 0.3251  rpn_s.3.loss_cls: 0.3274  rpn_s.3.loss_bbox: 0.0361  rpn_s.3.loss_giou: 0.3065  s0.loss_cls: 0.3592  s0.pos_acc: 75.0000  s0.loss_bbox: 0.5176  s0.loss_iou: 1.0392  s1.loss_cls: 0.3795  s1.pos_acc: 76.3889  s1.loss_bbox: 0.6093  s1.loss_iou: 1.0757
2026/03/27 17:46:36 - mmengine - INFO - Epoch(train) [12][  700/10002]  lr: 2.5000e-05  eta: 17:05:23  time: 0.3771  data_time: 0.0032  memory: 7329  grad_norm: 74.4273  loss: 7.5333  rpn_s.0.loss_cls: 0.5775  rpn_s.0.loss_bbox: 0.1071  rpn_s.0.loss_giou: 0.7256  rpn_s.1.loss_cls: 0.4073  rpn_s.1.loss_bbox: 0.0495  rpn_s.1.loss_giou: 0.3635  rpn_s.2.loss_cls: 0.3142  rpn_s.2.loss_bbox: 0.0417  rpn_s.2.loss_giou: 0.3155  rpn_s.3.loss_cls: 0.2723  rpn_s.3.loss_bbox: 0.0379  rpn_s.3.loss_giou: 0.2989  s0.loss_cls: 0.2992  s0.pos_acc: 100.0000  s0.loss_bbox: 0.6226  s0.loss_iou: 1.0373  s1.loss_cls: 0.3115  s1.pos_acc: 75.0000  s1.loss_bbox: 0.6701  s1.loss_iou: 1.0817
2026/03/27 17:46:56 - mmengine - INFO - Epoch(train) [12][  750/10002]  lr: 2.5000e-05  eta: 17:04:56  time: 0.3855  data_time: 0.0032  memory: 7330  grad_norm: 82.1744  loss: 8.2715  rpn_s.0.loss_cls: 0.5847  rpn_s.0.loss_bbox: 0.1056  rpn_s.0.loss_giou: 0.8453  rpn_s.1.loss_cls: 0.4127  rpn_s.1.loss_bbox: 0.0435  rpn_s.1.loss_giou: 0.4060  rpn_s.2.loss_cls: 0.3336  rpn_s.2.loss_bbox: 0.0364  rpn_s.2.loss_giou: 0.3483  rpn_s.3.loss_cls: 0.2864  rpn_s.3.loss_bbox: 0.0329  rpn_s.3.loss_giou: 0.3312  s0.loss_cls: 0.3156  s0.pos_acc: 73.6607  s0.loss_bbox: 0.6947  s0.loss_iou: 1.1850  s1.loss_cls: 0.3272  s1.pos_acc: 66.5179  s1.loss_bbox: 0.7369  s1.loss_iou: 1.2455
2026/03/27 17:47:15 - mmengine - INFO - Epoch(train) [12][  800/10002]  lr: 2.5000e-05  eta: 17:04:09  time: 0.3833  data_time: 0.0032  memory: 7330  grad_norm: 84.2411  loss: 8.0594  rpn_s.0.loss_cls: 0.6138  rpn_s.0.loss_bbox: 0.1114  rpn_s.0.loss_giou: 0.8351  rpn_s.1.loss_cls: 0.4216  rpn_s.1.loss_bbox: 0.0447  rpn_s.1.loss_giou: 0.3998  rpn_s.2.loss_cls: 0.3455  rpn_s.2.loss_bbox: 0.0361  rpn_s.2.loss_giou: 0.3391  rpn_s.3.loss_cls: 0.2950  rpn_s.3.loss_bbox: 0.0337  rpn_s.3.loss_giou: 0.3223  s0.loss_cls: 0.3318  s0.pos_acc: 100.0000  s0.loss_bbox: 0.6042  s0.loss_iou: 1.1382  s1.loss_cls: 0.3377  s1.pos_acc: 100.0000  s1.loss_bbox: 0.6585  s1.loss_iou: 1.1907
2026/03/27 17:47:34 - mmengine - INFO - Epoch(train) [12][  850/10002]  lr: 2.5000e-05  eta: 17:02:19  time: 0.3762  data_time: 0.0032  memory: 7329  grad_norm: 92.7840  loss: 8.4755  rpn_s.0.loss_cls: 0.6305  rpn_s.0.loss_bbox: 0.1114  rpn_s.0.loss_giou: 0.8251  rpn_s.1.loss_cls: 0.4376  rpn_s.1.loss_bbox: 0.0504  rpn_s.1.loss_giou: 0.4089  rpn_s.2.loss_cls: 0.3629  rpn_s.2.loss_bbox: 0.0416  rpn_s.2.loss_giou: 0.3514  rpn_s.3.loss_cls: 0.3250  rpn_s.3.loss_bbox: 0.0392  rpn_s.3.loss_giou: 0.3324  s0.loss_cls: 0.3617  s0.pos_acc: 70.0000  s0.loss_bbox: 0.7457  s0.loss_iou: 1.1182  s1.loss_cls: 0.3738  s1.pos_acc: 70.0000  s1.loss_bbox: 0.7716  s1.loss_iou: 1.1880
2026/03/27 17:47:52 - mmengine - INFO - Epoch(train) [12][  900/10002]  lr: 2.5000e-05  eta: 17:00:27  time: 0.3748  data_time: 0.0032  memory: 7329  grad_norm: 78.7752  loss: 7.9479  rpn_s.0.loss_cls: 0.5970  rpn_s.0.loss_bbox: 0.1096  rpn_s.0.loss_giou: 0.7784  rpn_s.1.loss_cls: 0.4394  rpn_s.1.loss_bbox: 0.0494  rpn_s.1.loss_giou: 0.3927  rpn_s.2.loss_cls: 0.3472  rpn_s.2.loss_bbox: 0.0427  rpn_s.2.loss_giou: 0.3436  rpn_s.3.loss_cls: 0.3000  rpn_s.3.loss_bbox: 0.0388  rpn_s.3.loss_giou: 0.3225  s0.loss_cls: 0.3402  s0.pos_acc: 90.0000  s0.loss_bbox: 0.6087  s0.loss_iou: 1.0939  s1.loss_cls: 0.3529  s1.pos_acc: 90.0000  s1.loss_bbox: 0.6461  s1.loss_iou: 1.1447
2026/03/27 17:48:11 - mmengine - INFO - Epoch(train) [12][  950/10002]  lr: 2.5000e-05  eta: 16:58:51  time: 0.3756  data_time: 0.0032  memory: 7329  grad_norm: 86.5616  loss: 7.6555  rpn_s.0.loss_cls: 0.5999  rpn_s.0.loss_bbox: 0.1003  rpn_s.0.loss_giou: 0.7493  rpn_s.1.loss_cls: 0.4206  rpn_s.1.loss_bbox: 0.0423  rpn_s.1.loss_giou: 0.3789  rpn_s.2.loss_cls: 0.3355  rpn_s.2.loss_bbox: 0.0349  rpn_s.2.loss_giou: 0.3254  rpn_s.3.loss_cls: 0.2918  rpn_s.3.loss_bbox: 0.0329  rpn_s.3.loss_giou: 0.3073  s0.loss_cls: 0.3316  s0.pos_acc: 100.0000  s0.loss_bbox: 0.5985  s0.loss_iou: 1.0356  s1.loss_cls: 0.3532  s1.pos_acc: 100.0000  s1.loss_bbox: 0.6433  s1.loss_iou: 1.0743
2026/03/27 17:48:24 - mmengine - INFO - Exp name: GSDet_r50_b900_h2h4_h2r1_r2r1_2x_fair1m1.0_20260327_174101
2026/03/27 17:48:30 - mmengine - INFO - Epoch(train) [12][ 1000/10002]  lr: 2.5000e-05  eta: 16:58:38  time: 0.3851  data_time: 0.0032  memory: 7330  grad_norm: 80.2835  loss: 7.5547  rpn_s.0.loss_cls: 0.5660  rpn_s.0.loss_bbox: 0.1026  rpn_s.0.loss_giou: 0.7631  rpn_s.1.loss_cls: 0.3911  rpn_s.1.loss_bbox: 0.0446  rpn_s.1.loss_giou: 0.3757  rpn_s.2.loss_cls: 0.3106  rpn_s.2.loss_bbox: 0.0363  rpn_s.2.loss_giou: 0.3180  rpn_s.3.loss_cls: 0.2750  rpn_s.3.loss_bbox: 0.0339  rpn_s.3.loss_giou: 0.3012  s0.loss_cls: 0.3113  s0.pos_acc: 79.8611  s0.loss_bbox: 0.5962  s0.loss_iou: 1.0450  s1.loss_cls: 0.3248  s1.pos_acc: 79.1667  s1.loss_bbox: 0.6620  s1.loss_iou: 1.0974
2026/03/27 17:48:50 - mmengine - INFO - Epoch(train) [12][ 1050/10002]  lr: 2.5000e-05  eta: 16:58:10  time: 0.3832  data_time: 0.0033  memory: 7329  grad_norm: 75.0964  loss: 8.3870  rpn_s.0.loss_cls: 0.6290  rpn_s.0.loss_bbox: 0.1075  rpn_s.0.loss_giou: 0.8067  rpn_s.1.loss_cls: 0.4503  rpn_s.1.loss_bbox: 0.0467  rpn_s.1.loss_giou: 0.3915  rpn_s.2.loss_cls: 0.3673  rpn_s.2.loss_bbox: 0.0392  rpn_s.2.loss_giou: 0.3382  rpn_s.3.loss_cls: 0.3264  rpn_s.3.loss_bbox: 0.0362  rpn_s.3.loss_giou: 0.3205  s0.loss_cls: 0.3767  s0.pos_acc: 81.8182  s0.loss_bbox: 0.7096  s0.loss_iou: 1.1296  s1.loss_cls: 0.3845  s1.pos_acc: 90.9091  s1.loss_bbox: 0.7147  s1.loss_iou: 1.2123
2026/03/27 17:49:09 - mmengine - INFO - Epoch(train) [12][ 1100/10002]  lr: 2.5000e-05  eta: 16:57:44  time: 0.3833  data_time: 0.0032  memory: 7329  grad_norm: 74.5455  loss: 8.1137  rpn_s.0.loss_cls: 0.5987  rpn_s.0.loss_bbox: 0.1017  rpn_s.0.loss_giou: 0.8300  rpn_s.1.loss_cls: 0.4061  rpn_s.1.loss_bbox: 0.0433  rpn_s.1.loss_giou: 0.4063  rpn_s.2.loss_cls: 0.3234  rpn_s.2.loss_bbox: 0.0366  rpn_s.2.loss_giou: 0.3504  rpn_s.3.loss_cls: 0.2847  rpn_s.3.loss_bbox: 0.0342  rpn_s.3.loss_giou: 0.3314  s0.loss_cls: 0.3154  s0.pos_acc: 67.1429  s0.loss_bbox: 0.6932  s0.loss_iou: 1.1139  s1.loss_cls: 0.3286  s1.pos_acc: 68.5714  s1.loss_bbox: 0.7456  s1.loss_iou: 1.1702
2026/03/27 17:49:28 - mmengine - INFO - Epoch(train) [12][ 1150/10002]  lr: 2.5000e-05  eta: 16:57:36  time: 0.3858  data_time: 0.0033  memory: 7329  grad_norm: 79.8405  loss: 7.9563  rpn_s.0.loss_cls: 0.6320  rpn_s.0.loss_bbox: 0.1050  rpn_s.0.loss_giou: 0.8329  rpn_s.1.loss_cls: 0.4355  rpn_s.1.loss_bbox: 0.0441  rpn_s.1.loss_giou: 0.3958  rpn_s.2.loss_cls: 0.3524  rpn_s.2.loss_bbox: 0.0354  rpn_s.2.loss_giou: 0.3344  rpn_s.3.loss_cls: 0.3084  rpn_s.3.loss_bbox: 0.0324  rpn_s.3.loss_giou: 0.3154  s0.loss_cls: 0.3407  s0.pos_acc: 79.0323  s0.loss_bbox: 0.5570  s0.loss_iou: 1.1127  s1.loss_cls: 0.3663  s1.pos_acc: 80.0000  s1.loss_bbox: 0.5903  s1.loss_iou: 1.1654
2026/03/27 17:49:47 - mmengine - INFO - Epoch(train) [12][ 1200/10002]  lr: 2.5000e-05  eta: 16:57:41  time: 0.3881  data_time: 0.0033  memory: 7330  grad_norm: 79.1253  loss: 8.3731  rpn_s.0.loss_cls: 0.6036  rpn_s.0.loss_bbox: 0.1122  rpn_s.0.loss_giou: 0.8192  rpn_s.1.loss_cls: 0.4362  rpn_s.1.loss_bbox: 0.0470  rpn_s.1.loss_giou: 0.4077  rpn_s.2.loss_cls: 0.3677  rpn_s.2.loss_bbox: 0.0392  rpn_s.2.loss_giou: 0.3532  rpn_s.3.loss_cls: 0.3307  rpn_s.3.loss_bbox: 0.0374  rpn_s.3.loss_giou: 0.3395  s0.loss_cls: 0.3618  s0.pos_acc: 76.4706  s0.loss_bbox: 0.6848  s0.loss_iou: 1.1496  s1.loss_cls: 0.3691  s1.pos_acc: 76.4706  s1.loss_bbox: 0.7262  s1.loss_iou: 1.1880
2026/03/27 17:50:07 - mmengine - INFO - Epoch(train) [12][ 1250/10002]  lr: 2.5000e-05  eta: 16:57:31  time: 0.3859  data_time: 0.0033  memory: 7330  grad_norm: 74.9521  loss: 8.5985  rpn_s.0.loss_cls: 0.6326  rpn_s.0.loss_bbox: 0.1067  rpn_s.0.loss_giou: 0.8178  rpn_s.1.loss_cls: 0.4561  rpn_s.1.loss_bbox: 0.0499  rpn_s.1.loss_giou: 0.4208  rpn_s.2.loss_cls: 0.3889  rpn_s.2.loss_bbox: 0.0411  rpn_s.2.loss_giou: 0.3652  rpn_s.3.loss_cls: 0.3463  rpn_s.3.loss_bbox: 0.0390  rpn_s.3.loss_giou: 0.3486  s0.loss_cls: 0.3913  s0.pos_acc: 100.0000  s0.loss_bbox: 0.6736  s0.loss_iou: 1.1857  s1.loss_cls: 0.4000  s1.pos_acc: 100.0000  s1.loss_bbox: 0.7169  s1.loss_iou: 1.2179
2026/03/27 17:50:26 - mmengine - INFO - Epoch(train) [12][ 1300/10002]  lr: 2.5000e-05  eta: 16:57:58  time: 0.3920  data_time: 0.0032  memory: 7330  grad_norm: 99.6813  loss: 8.3349  rpn_s.0.loss_cls: 0.6147  rpn_s.0.loss_bbox: 0.1087  rpn_s.0.loss_giou: 0.8399  rpn_s.1.loss_cls: 0.4374  rpn_s.1.loss_bbox: 0.0457  rpn_s.1.loss_giou: 0.4137  rpn_s.2.loss_cls: 0.3700  rpn_s.2.loss_bbox: 0.0369  rpn_s.2.loss_giou: 0.3470  rpn_s.3.loss_cls: 0.3389  rpn_s.3.loss_bbox: 0.0341  rpn_s.3.loss_giou: 0.3253  s0.loss_cls: 0.3729  s0.pos_acc: 70.5882  s0.loss_bbox: 0.6104  s0.loss_iou: 1.1682  s1.loss_cls: 0.3950  s1.pos_acc: 70.5882  s1.loss_bbox: 0.6384  s1.loss_iou: 1.2376
2026/03/27 17:50:46 - mmengine - INFO - Epoch(train) [12][ 1350/10002]  lr: 2.5000e-05  eta: 16:57:35  time: 0.3842  data_time: 0.0032  memory: 7329  grad_norm: 91.5322  loss: 7.7735  rpn_s.0.loss_cls: 0.5856  rpn_s.0.loss_bbox: 0.1028  rpn_s.0.loss_giou: 0.7037  rpn_s.1.loss_cls: 0.4178  rpn_s.1.loss_bbox: 0.0474  rpn_s.1.loss_giou: 0.3621  rpn_s.2.loss_cls: 0.3448  rpn_s.2.loss_bbox: 0.0391  rpn_s.2.loss_giou: 0.3013  rpn_s.3.loss_cls: 0.3027  rpn_s.3.loss_bbox: 0.0361  rpn_s.3.loss_giou: 0.2820  s0.loss_cls: 0.3434  s0.pos_acc: 100.0000  s0.loss_bbox: 0.7246  s0.loss_iou: 1.0198  s1.loss_cls: 0.3746  s1.pos_acc: 83.3333  s1.loss_bbox: 0.7310  s1.loss_iou: 1.0545
2026/03/27 17:51:05 - mmengine - INFO - Epoch(train) [12][ 1400/10002]  lr: 2.5000e-05  eta: 16:57:28  time: 0.3869  data_time: 0.0032  memory: 7329  grad_norm: 82.2719  loss: 8.4790  rpn_s.0.loss_cls: 0.6257  rpn_s.0.loss_bbox: 0.1136  rpn_s.0.loss_giou: 0.8441  rpn_s.1.loss_cls: 0.4384  rpn_s.1.loss_bbox: 0.0525  rpn_s.1.loss_giou: 0.4350  rpn_s.2.loss_cls: 0.3529  rpn_s.2.loss_bbox: 0.0455  rpn_s.2.loss_giou: 0.3758  rpn_s.3.loss_cls: 0.3058  rpn_s.3.loss_bbox: 0.0416  rpn_s.3.loss_giou: 0.3558  s0.loss_cls: 0.3382  s0.pos_acc: 56.7568  s0.loss_bbox: 0.6161  s0.loss_iou: 1.2443  s1.loss_cls: 0.3467  s1.pos_acc: 60.3604  s1.loss_bbox: 0.6569  s1.loss_iou: 1.2900
2026/03/27 17:51:24 - mmengine - INFO - Epoch(train) [12][ 1450/10002]  lr: 2.5000e-05  eta: 16:56:58  time: 0.3828  data_time: 0.0033  memory: 7329  grad_norm: 84.8678  loss: 8.5552  rpn_s.0.loss_cls: 0.6132  rpn_s.0.loss_bbox: 0.1139  rpn_s.0.loss_giou: 0.8671  rpn_s.1.loss_cls: 0.4403  rpn_s.1.loss_bbox: 0.0499  rpn_s.1.loss_giou: 0.4468  rpn_s.2.loss_cls: 0.3695  rpn_s.2.loss_bbox: 0.0401  rpn_s.2.loss_giou: 0.3820  rpn_s.3.loss_cls: 0.3328  rpn_s.3.loss_bbox: 0.0371  rpn_s.3.loss_giou: 0.3641  s0.loss_cls: 0.3702  s0.pos_acc: 90.0000  s0.loss_bbox: 0.6068  s0.loss_iou: 1.2032  s1.loss_cls: 0.3862  s1.pos_acc: 90.0000  s1.loss_bbox: 0.6593  s1.loss_iou: 1.2725
2026/03/27 17:51:43 - mmengine - INFO - Epoch(train) [12][ 1500/10002]  lr: 2.5000e-05  eta: 16:56:57  time: 0.3882  data_time: 0.0032  memory: 7329  grad_norm: 75.5643  loss: 8.5335  rpn_s.0.loss_cls: 0.6108  rpn_s.0.loss_bbox: 0.1097  rpn_s.0.loss_giou: 0.8739  rpn_s.1.loss_cls: 0.4247  rpn_s.1.loss_bbox: 0.0486  rpn_s.1.loss_giou: 0.4296  rpn_s.2.loss_cls: 0.3585  rpn_s.2.loss_bbox: 0.0405  rpn_s.2.loss_giou: 0.3659  rpn_s.3.loss_cls: 0.3095  rpn_s.3.loss_bbox: 0.0373  rpn_s.3.loss_giou: 0.3458  s0.loss_cls: 0.3600  s0.pos_acc: 77.7778  s0.loss_bbox: 0.6743  s0.loss_iou: 1.1873  s1.loss_cls: 0.3962  s1.pos_acc: 72.2222  s1.loss_bbox: 0.7299  s1.loss_iou: 1.2310
2026/03/27 17:52:03 - mmengine - INFO - Epoch(train) [12][ 1550/10002]  lr: 2.5000e-05  eta: 16:56:58  time: 0.3890  data_time: 0.0033  memory: 7330  grad_norm: 82.1303  loss: 8.1097  rpn_s.0.loss_cls: 0.5953  rpn_s.0.loss_bbox: 0.1144  rpn_s.0.loss_giou: 0.8142  rpn_s.1.loss_cls: 0.4149  rpn_s.1.loss_bbox: 0.0503  rpn_s.1.loss_giou: 0.4037  rpn_s.2.loss_cls: 0.3452  rpn_s.2.loss_bbox: 0.0422  rpn_s.2.loss_giou: 0.3444  rpn_s.3.loss_cls: 0.3061  rpn_s.3.loss_bbox: 0.0394  rpn_s.3.loss_giou: 0.3219  s0.loss_cls: 0.3472  s0.pos_acc: 65.3846  s0.loss_bbox: 0.6050  s0.loss_iou: 1.1488  s1.loss_cls: 0.3746  s1.pos_acc: 61.5385  s1.loss_bbox: 0.6540  s1.loss_iou: 1.1880
2026/03/27 17:52:22 - mmengine - INFO - Epoch(train) [12][ 1600/10002]  lr: 2.5000e-05  eta: 16:56:52  time: 0.3875  data_time: 0.0033  memory: 7329  grad_norm: 159.2398  loss: 7.9336  rpn_s.0.loss_cls: 0.6005  rpn_s.0.loss_bbox: 0.1112  rpn_s.0.loss_giou: 0.7685  rpn_s.1.loss_cls: 0.4216  rpn_s.1.loss_bbox: 0.0517  rpn_s.1.loss_giou: 0.3849  rpn_s.2.loss_cls: 0.3426  rpn_s.2.loss_bbox: 0.0433  rpn_s.2.loss_giou: 0.3317  rpn_s.3.loss_cls: 0.3018  rpn_s.3.loss_bbox: 0.0405  rpn_s.3.loss_giou: 0.3076  s0.loss_cls: 0.3412  s0.pos_acc: 77.7778  s0.loss_bbox: 0.6196  s0.loss_iou: 1.0709  s1.loss_cls: 0.3680  s1.pos_acc: 77.7778  s1.loss_bbox: 0.6950  s1.loss_iou: 1.1331
2026/03/27 17:52:42 - mmengine - INFO - Epoch(train) [12][ 1650/10002]  lr: 2.5000e-05  eta: 16:56:53  time: 0.3895  data_time: 0.0032  memory: 7329  grad_norm: 89.0362  loss: 8.2157  rpn_s.0.loss_cls: 0.6188  rpn_s.0.loss_bbox: 0.1031  rpn_s.0.loss_giou: 0.7634  rpn_s.1.loss_cls: 0.4687  rpn_s.1.loss_bbox: 0.0475  rpn_s.1.loss_giou: 0.3862  rpn_s.2.loss_cls: 0.3855  rpn_s.2.loss_bbox: 0.0389  rpn_s.2.loss_giou: 0.3378  rpn_s.3.loss_cls: 0.3552  rpn_s.3.loss_bbox: 0.0359  rpn_s.3.loss_giou: 0.3167  s0.loss_cls: 0.4030  s0.pos_acc: 88.8889  s0.loss_bbox: 0.5960  s0.loss_iou: 1.1098  s1.loss_cls: 0.4352  s1.pos_acc: 88.8889  s1.loss_bbox: 0.6434  s1.loss_iou: 1.1706
2026/03/27 17:53:01 - mmengine - INFO - Epoch(train) [12][ 1700/10002]  lr: 2.5000e-05  eta: 16:57:07  time: 0.3923  data_time: 0.0033  memory: 7330  grad_norm: 102.2220  loss: 8.5640  rpn_s.0.loss_cls: 0.6349  rpn_s.0.loss_bbox: 0.1124  rpn_s.0.loss_giou: 0.8626  rpn_s.1.loss_cls: 0.4495  rpn_s.1.loss_bbox: 0.0497  rpn_s.1.loss_giou: 0.4204  rpn_s.2.loss_cls: 0.3705  rpn_s.2.loss_bbox: 0.0410  rpn_s.2.loss_giou: 0.3652  rpn_s.3.loss_cls: 0.3258  rpn_s.3.loss_bbox: 0.0384  rpn_s.3.loss_giou: 0.3482  s0.loss_cls: 0.3989  s0.pos_acc: 64.3939  s0.loss_bbox: 0.6280  s0.loss_iou: 1.1659  s1.loss_cls: 0.3995  s1.pos_acc: 64.3939  s1.loss_bbox: 0.7117  s1.loss_iou: 1.2414
2026/03/27 17:53:21 - mmengine - INFO - Epoch(train) [12][ 1750/10002]  lr: 2.5000e-05  eta: 16:56:49  time: 0.3856  data_time: 0.0033  memory: 7329  grad_norm: 90.9398  loss: 8.0187  rpn_s.0.loss_cls: 0.6094  rpn_s.0.loss_bbox: 0.1090  rpn_s.0.loss_giou: 0.7769  rpn_s.1.loss_cls: 0.4241  rpn_s.1.loss_bbox: 0.0477  rpn_s.1.loss_giou: 0.3894  rpn_s.2.loss_cls: 0.3493  rpn_s.2.loss_bbox: 0.0389  rpn_s.2.loss_giou: 0.3341  rpn_s.3.loss_cls: 0.3113  rpn_s.3.loss_bbox: 0.0348  rpn_s.3.loss_giou: 0.3124  s0.loss_cls: 0.3624  s0.pos_acc: 100.0000  s0.loss_bbox: 0.6400  s0.loss_iou: 1.1035  s1.loss_cls: 0.3690  s1.pos_acc: 100.0000  s1.loss_bbox: 0.6514  s1.loss_iou: 1.1549
2026/03/27 17:53:40 - mmengine - INFO - Epoch(train) [12][ 1800/10002]  lr: 2.5000e-05  eta: 16:56:46  time: 0.3891  data_time: 0.0033  memory: 7330  grad_norm: 80.1480  loss: 8.0805  rpn_s.0.loss_cls: 0.6048  rpn_s.0.loss_bbox: 0.1045  rpn_s.0.loss_giou: 0.8207  rpn_s.1.loss_cls: 0.4178  rpn_s.1.loss_bbox: 0.0437  rpn_s.1.loss_giou: 0.4078  rpn_s.2.loss_cls: 0.3422  rpn_s.2.loss_bbox: 0.0367  rpn_s.2.loss_giou: 0.3597  rpn_s.3.loss_cls: 0.2940  rpn_s.3.loss_bbox: 0.0340  rpn_s.3.loss_giou: 0.3439  s0.loss_cls: 0.3555  s0.pos_acc: 90.6250  s0.loss_bbox: 0.6069  s0.loss_iou: 1.1315  s1.loss_cls: 0.3571  s1.pos_acc: 90.6250  s1.loss_bbox: 0.6311  s1.loss_iou: 1.1886
2026/03/27 17:53:59 - mmengine - INFO - Epoch(train) [12][ 1850/10002]  lr: 2.5000e-05  eta: 16:56:24  time: 0.3849  data_time: 0.0032  memory: 7330  grad_norm: 107.9802  loss: 8.4810  rpn_s.0.loss_cls: 0.6313  rpn_s.0.loss_bbox: 0.1442  rpn_s.0.loss_giou: 0.8124  rpn_s.1.loss_cls: 0.4393  rpn_s.1.loss_bbox: 0.0727  rpn_s.1.loss_giou: 0.4083  rpn_s.2.loss_cls: 0.3733  rpn_s.2.loss_bbox: 0.0601  rpn_s.2.loss_giou: 0.3536  rpn_s.3.loss_cls: 0.3375  rpn_s.3.loss_bbox: 0.0538  rpn_s.3.loss_giou: 0.3328  s0.loss_cls: 0.3685  s0.pos_acc: 80.5555  s0.loss_bbox: 0.6519  s0.loss_iou: 1.1277  s1.loss_cls: 0.4093  s1.pos_acc: 77.7778  s1.loss_bbox: 0.6913  s1.loss_iou: 1.2131
2026/03/27 17:54:19 - mmengine - INFO - Epoch(train) [12][ 1900/10002]  lr: 2.5000e-05  eta: 16:55:58  time: 0.3840  data_time: 0.0033  memory: 7330  grad_norm: 74.9226  loss: 8.5755  rpn_s.0.loss_cls: 0.6370  rpn_s.0.loss_bbox: 0.1064  rpn_s.0.loss_giou: 0.8522  rpn_s.1.loss_cls: 0.4428  rpn_s.1.loss_bbox: 0.0471  rpn_s.1.loss_giou: 0.4293  rpn_s.2.loss_cls: 0.3651  rpn_s.2.loss_bbox: 0.0400  rpn_s.2.loss_giou: 0.3778  rpn_s.3.loss_cls: 0.3273  rpn_s.3.loss_bbox: 0.0362  rpn_s.3.loss_giou: 0.3546  s0.loss_cls: 0.3764  s0.pos_acc: 100.0000  s0.loss_bbox: 0.6687  s0.loss_iou: 1.1948  s1.loss_cls: 0.3876  s1.pos_acc: 85.7143  s1.loss_bbox: 0.6887  s1.loss_iou: 1.2434
2026/03/27 17:54:38 - mmengine - INFO - Epoch(train) [12][ 1950/10002]  lr: 2.5000e-05  eta: 16:55:46  time: 0.3873  data_time: 0.0032  memory: 7329  grad_norm: 99.7246  loss: 8.2187  rpn_s.0.loss_cls: 0.5779  rpn_s.0.loss_bbox: 0.1088  rpn_s.0.loss_giou: 0.8008  rpn_s.1.loss_cls: 0.4051  rpn_s.1.loss_bbox: 0.0486  rpn_s.1.loss_giou: 0.3846  rpn_s.2.loss_cls: 0.3398  rpn_s.2.loss_bbox: 0.0409  rpn_s.2.loss_giou: 0.3337  rpn_s.3.loss_cls: 0.3021  rpn_s.3.loss_bbox: 0.0389  rpn_s.3.loss_giou: 0.3234  s0.loss_cls: 0.3475  s0.pos_acc: 50.0000  s0.loss_bbox: 0.7679  s0.loss_iou: 1.0972  s1.loss_cls: 0.3658  s1.pos_acc: 50.0000  s1.loss_bbox: 0.7875  s1.loss_iou: 1.1484
2026/03/27 17:54:51 - mmengine - INFO - Exp name: GSDet_r50_b900_h2h4_h2r1_r2r1_2x_fair1m1.0_20260327_174101
2026/03/27 17:54:57 - mmengine - INFO - Epoch(train) [12][ 2000/10002]  lr: 2.5000e-05  eta: 16:55:21  time: 0.3840  data_time: 0.0032  memory: 7329  grad_norm: 71.4559  loss: 7.9392  rpn_s.0.loss_cls: 0.6170  rpn_s.0.loss_bbox: 0.0980  rpn_s.0.loss_giou: 0.7988  rpn_s.1.loss_cls: 0.4215  rpn_s.1.loss_bbox: 0.0394  rpn_s.1.loss_giou: 0.3831  rpn_s.2.loss_cls: 0.3516  rpn_s.2.loss_bbox: 0.0332  rpn_s.2.loss_giou: 0.3327  rpn_s.3.loss_cls: 0.3118  rpn_s.3.loss_bbox: 0.0320  rpn_s.3.loss_giou: 0.3215  s0.loss_cls: 0.3439  s0.pos_acc: 78.4615  s0.loss_bbox: 0.6133  s0.loss_iou: 1.0941  s1.loss_cls: 0.3734  s1.pos_acc: 73.8462  s1.loss_bbox: 0.6448  s1.loss_iou: 1.1291
2026/03/27 17:55:16 - mmengine - INFO - Epoch(train) [12][ 2050/10002]  lr: 2.5000e-05  eta: 16:55:00  time: 0.3852  data_time: 0.0033  memory: 7329  grad_norm: 89.1255  loss: 8.3050  rpn_s.0.loss_cls: 0.6449  rpn_s.0.loss_bbox: 0.1082  rpn_s.0.loss_giou: 0.8526  rpn_s.1.loss_cls: 0.4520  rpn_s.1.loss_bbox: 0.0443  rpn_s.1.loss_giou: 0.4093  rpn_s.2.loss_cls: 0.3750  rpn_s.2.loss_bbox: 0.0386  rpn_s.2.loss_giou: 0.3544  rpn_s.3.loss_cls: 0.3244  rpn_s.3.loss_bbox: 0.0361  rpn_s.3.loss_giou: 0.3333  s0.loss_cls: 0.3718  s0.pos_acc: 81.8182  s0.loss_bbox: 0.6579  s0.loss_iou: 1.0826  s1.loss_cls: 0.3846  s1.pos_acc: 75.0000  s1.loss_bbox: 0.6773  s1.loss_iou: 1.1576
2026/03/27 17:55:36 - mmengine - INFO - Epoch(train) [12][ 2100/10002]  lr: 2.5000e-05  eta: 16:54:46  time: 0.3868  data_time: 0.0032  memory: 7329  grad_norm: 70.5348  loss: 8.2535  rpn_s.0.loss_cls: 0.6000  rpn_s.0.loss_bbox: 0.1075  rpn_s.0.loss_giou: 0.8591  rpn_s.1.loss_cls: 0.4161  rpn_s.1.loss_bbox: 0.0440  rpn_s.1.loss_giou: 0.4191  rpn_s.2.loss_cls: 0.3369  rpn_s.2.loss_bbox: 0.0381  rpn_s.2.loss_giou: 0.3652  rpn_s.3.loss_cls: 0.2964  rpn_s.3.loss_bbox: 0.0362  rpn_s.3.loss_giou: 0.3474  s0.loss_cls: 0.3388  s0.pos_acc: 85.7143  s0.loss_bbox: 0.6569  s0.loss_iou: 1.1552  s1.loss_cls: 0.3530  s1.pos_acc: 85.7143  s1.loss_bbox: 0.6902  s1.loss_iou: 1.1933
2026/03/27 17:55:55 - mmengine - INFO - Epoch(train) [12][ 2150/10002]  lr: 2.5000e-05  eta: 16:54:15  time: 0.3823  data_time: 0.0032  memory: 7329  grad_norm: 93.7492  loss: 7.6544  rpn_s.0.loss_cls: 0.6013  rpn_s.0.loss_bbox: 0.0962  rpn_s.0.loss_giou: 0.6795  rpn_s.1.loss_cls: 0.4327  rpn_s.1.loss_bbox: 0.0454  rpn_s.1.loss_giou: 0.3621  rpn_s.2.loss_cls: 0.3581  rpn_s.2.loss_bbox: 0.0386  rpn_s.2.loss_giou: 0.3194  rpn_s.3.loss_cls: 0.3232  rpn_s.3.loss_bbox: 0.0364  rpn_s.3.loss_giou: 0.2994  s0.loss_cls: 0.3748  s0.pos_acc: 91.6667  s0.loss_bbox: 0.5942  s0.loss_iou: 1.0104  s1.loss_cls: 0.4224  s1.pos_acc: 91.6667  s1.loss_bbox: 0.6001  s1.loss_iou: 1.0601
2026/03/27 17:56:14 - mmengine - INFO - Epoch(train) [12][ 2200/10002]  lr: 2.5000e-05  eta: 16:54:14  time: 0.3906  data_time: 0.0032  memory: 7330  grad_norm: 70.0497  loss: 7.6659  rpn_s.0.loss_cls: 0.5860  rpn_s.0.loss_bbox: 0.1042  rpn_s.0.loss_giou: 0.7756  rpn_s.1.loss_cls: 0.3885  rpn_s.1.loss_bbox: 0.0458  rpn_s.1.loss_giou: 0.3775  rpn_s.2.loss_cls: 0.3128  rpn_s.2.loss_bbox: 0.0387  rpn_s.2.loss_giou: 0.3217  rpn_s.3.loss_cls: 0.2770  rpn_s.3.loss_bbox: 0.0359  rpn_s.3.loss_giou: 0.3055  s0.loss_cls: 0.3020  s0.pos_acc: 100.0000  s0.loss_bbox: 0.6581  s0.loss_iou: 1.0360  s1.loss_cls: 0.3272  s1.pos_acc: 100.0000  s1.loss_bbox: 0.7018  s1.loss_iou: 1.0715
2026/03/27 17:56:34 - mmengine - INFO - Epoch(train) [12][ 2250/10002]  lr: 2.5000e-05  eta: 16:53:52  time: 0.3848  data_time: 0.0033  memory: 7330  grad_norm: 88.0336  loss: 8.0524  rpn_s.0.loss_cls: 0.6316  rpn_s.0.loss_bbox: 0.1016  rpn_s.0.loss_giou: 0.7859  rpn_s.1.loss_cls: 0.4395  rpn_s.1.loss_bbox: 0.0459  rpn_s.1.loss_giou: 0.3998  rpn_s.2.loss_cls: 0.3545  rpn_s.2.loss_bbox: 0.0395  rpn_s.2.loss_giou: 0.3462  rpn_s.3.loss_cls: 0.3097  rpn_s.3.loss_bbox: 0.0364  rpn_s.3.loss_giou: 0.3292  s0.loss_cls: 0.3405  s0.pos_acc: 100.0000  s0.loss_bbox: 0.6036  s0.loss_iou: 1.0752  s1.loss_cls: 0.3587  s1.pos_acc: 100.0000  s1.loss_bbox: 0.7272  s1.loss_iou: 1.1273
2026/03/27 17:56:53 - mmengine - INFO - Epoch(train) [12][ 2300/10002]  lr: 2.5000e-05  eta: 16:53:30  time: 0.3849  data_time: 0.0032  memory: 7329  grad_norm: 98.2619  loss: 8.1633  rpn_s.0.loss_cls: 0.6026  rpn_s.0.loss_bbox: 0.1085  rpn_s.0.loss_giou: 0.7804  rpn_s.1.loss_cls: 0.4268  rpn_s.1.loss_bbox: 0.0470  rpn_s.1.loss_giou: 0.4091  rpn_s.2.loss_cls: 0.3538  rpn_s.2.loss_bbox: 0.0403  rpn_s.2.loss_giou: 0.3606  rpn_s.3.loss_cls: 0.3169  rpn_s.3.loss_bbox: 0.0373  rpn_s.3.loss_giou: 0.3427  s0.loss_cls: 0.3669  s0.pos_acc: 71.5789  s0.loss_bbox: 0.5970  s0.loss_iou: 1.1498  s1.loss_cls: 0.3733  s1.pos_acc: 67.8947  s1.loss_bbox: 0.6444  s1.loss_iou: 1.2059
2026/03/27 17:57:12 - mmengine - INFO - Epoch(train) [12][ 2350/10002]  lr: 2.5000e-05  eta: 16:53:00  time: 0.3825  data_time: 0.0032  memory: 7329  grad_norm: 71.4700  loss: 8.4063  rpn_s.0.loss_cls: 0.6260  rpn_s.0.loss_bbox: 0.1111  rpn_s.0.loss_giou: 0.7885  rpn_s.1.loss_cls: 0.4432  rpn_s.1.loss_bbox: 0.0493  rpn_s.1.loss_giou: 0.4155  rpn_s.2.loss_cls: 0.3650  rpn_s.2.loss_bbox: 0.0405  rpn_s.2.loss_giou: 0.3590  rpn_s.3.loss_cls: 0.3316  rpn_s.3.loss_bbox: 0.0360  rpn_s.3.loss_giou: 0.3331  s0.loss_cls: 0.3745  s0.pos_acc: 78.0000  s0.loss_bbox: 0.6954  s0.loss_iou: 1.1429  s1.loss_cls: 0.3865  s1.pos_acc: 80.0000  s1.loss_bbox: 0.7310  s1.loss_iou: 1.1772
2026/03/27 17:57:32 - mmengine - INFO - Epoch(train) [12][ 2400/10002]  lr: 2.5000e-05  eta: 16:53:11  time: 0.3945  data_time: 0.0032  memory: 7330  grad_norm: 78.2233  loss: 8.3740  rpn_s.0.loss_cls: 0.6160  rpn_s.0.loss_bbox: 0.1094  rpn_s.0.loss_giou: 0.8177  rpn_s.1.loss_cls: 0.4266  rpn_s.1.loss_bbox: 0.0458  rpn_s.1.loss_giou: 0.4021  rpn_s.2.loss_cls: 0.3443  rpn_s.2.loss_bbox: 0.0387  rpn_s.2.loss_giou: 0.3455  rpn_s.3.loss_cls: 0.3034  rpn_s.3.loss_bbox: 0.0355  rpn_s.3.loss_giou: 0.3283  s0.loss_cls: 0.3402  s0.pos_acc: 84.3750  s0.loss_bbox: 0.7104  s0.loss_iou: 1.1651  s1.loss_cls: 0.3640  s1.pos_acc: 84.3750  s1.loss_bbox: 0.7717  s1.loss_iou: 1.2094
2026/03/27 17:57:51 - mmengine - INFO - Epoch(train) [12][ 2450/10002]  lr: 2.5000e-05  eta: 16:52:51  time: 0.3854  data_time: 0.0032  memory: 7329  grad_norm: 85.5601  loss: 7.9785  rpn_s.0.loss_cls: 0.5920  rpn_s.0.loss_bbox: 0.1055  rpn_s.0.loss_giou: 0.7957  rpn_s.1.loss_cls: 0.4119  rpn_s.1.loss_bbox: 0.0433  rpn_s.1.loss_giou: 0.3959  rpn_s.2.loss_cls: 0.3450  rpn_s.2.loss_bbox: 0.0358  rpn_s.2.loss_giou: 0.3398  rpn_s.3.loss_cls: 0.3096  rpn_s.3.loss_bbox: 0.0333  rpn_s.3.loss_giou: 0.3231  s0.loss_cls: 0.3461  s0.pos_acc: 75.0000  s0.loss_bbox: 0.5927  s0.loss_iou: 1.1059  s1.loss_cls: 0.3750  s1.pos_acc: 72.0588  s1.loss_bbox: 0.6827  s1.loss_iou: 1.1449
2026/03/27 17:58:10 - mmengine - INFO - Epoch(train) [12][ 2500/10002]  lr: 2.5000e-05  eta: 16:52:33  time: 0.3862  data_time: 0.0032  memory: 7330  grad_norm: 80.6234  loss: 8.1920  rpn_s.0.loss_cls: 0.6002  rpn_s.0.loss_bbox: 0.1084  rpn_s.0.loss_giou: 0.7894  rpn_s.1.loss_cls: 0.4383  rpn_s.1.loss_bbox: 0.0463  rpn_s.1.loss_giou: 0.4010  rpn_s.2.loss_cls: 0.3625  rpn_s.2.loss_bbox: 0.0406  rpn_s.2.loss_giou: 0.3558  rpn_s.3.loss_cls: 0.3212  rpn_s.3.loss_bbox: 0.0372  rpn_s.3.loss_giou: 0.3327  s0.loss_cls: 0.3386  s0.pos_acc: 76.1682  s0.loss_bbox: 0.6389  s0.loss_iou: 1.1577  s1.loss_cls: 0.3502  s1.pos_acc: 72.8972  s1.loss_bbox: 0.6753  s1.loss_iou: 1.1976
2026/03/27 17:58:30 - mmengine - INFO - Epoch(train) [12][ 2550/10002]  lr: 2.5000e-05  eta: 16:52:11  time: 0.3847  data_time: 0.0032  memory: 7330  grad_norm: 76.2741  loss: 8.1754  rpn_s.0.loss_cls: 0.6159  rpn_s.0.loss_bbox: 0.1093  rpn_s.0.loss_giou: 0.8136  rpn_s.1.loss_cls: 0.4300  rpn_s.1.loss_bbox: 0.0455  rpn_s.1.loss_giou: 0.3878  rpn_s.2.loss_cls: 0.3599  rpn_s.2.loss_bbox: 0.0378  rpn_s.2.loss_giou: 0.3404  rpn_s.3.loss_cls: 0.3130  rpn_s.3.loss_bbox: 0.0354  rpn_s.3.loss_giou: 0.3247  s0.loss_cls: 0.3342  s0.pos_acc: 87.5000  s0.loss_bbox: 0.6510  s0.loss_iou: 1.1224  s1.loss_cls: 0.3607  s1.pos_acc: 80.0000  s1.loss_bbox: 0.7133  s1.loss_iou: 1.1808
2026/03/27 17:58:49 - mmengine - INFO - Epoch(train) [12][ 2600/10002]  lr: 2.5000e-05  eta: 16:51:40  time: 0.3818  data_time: 0.0032  memory: 7329  grad_norm: 85.2994  loss: 8.1836  rpn_s.0.loss_cls: 0.6126  rpn_s.0.loss_bbox: 0.1078  rpn_s.0.loss_giou: 0.7929  rpn_s.1.loss_cls: 0.4361  rpn_s.1.loss_bbox: 0.0443  rpn_s.1.loss_giou: 0.3932  rpn_s.2.loss_cls: 0.3606  rpn_s.2.loss_bbox: 0.0371  rpn_s.2.loss_giou: 0.3361  rpn_s.3.loss_cls: 0.3196  rpn_s.3.loss_bbox: 0.0344  rpn_s.3.loss_giou: 0.3171  s0.loss_cls: 0.3582  s0.pos_acc: 100.0000  s0.loss_bbox: 0.6401  s0.loss_iou: 1.1352  s1.loss_cls: 0.3810  s1.pos_acc: 100.0000  s1.loss_bbox: 0.6945  s1.loss_iou: 1.1828
2026/03/27 17:59:08 - mmengine - INFO - Epoch(train) [12][ 2650/10002]  lr: 2.5000e-05  eta: 16:51:06  time: 0.3805  data_time: 0.0033  memory: 7329  grad_norm: 82.0487  loss: 7.7141  rpn_s.0.loss_cls: 0.6082  rpn_s.0.loss_bbox: 0.1170  rpn_s.0.loss_giou: 0.7118  rpn_s.1.loss_cls: 0.4270  rpn_s.1.loss_bbox: 0.0509  rpn_s.1.loss_giou: 0.3400  rpn_s.2.loss_cls: 0.3496  rpn_s.2.loss_bbox: 0.0437  rpn_s.2.loss_giou: 0.3017  rpn_s.3.loss_cls: 0.3028  rpn_s.3.loss_bbox: 0.0411  rpn_s.3.loss_giou: 0.2867  s0.loss_cls: 0.3478  s0.pos_acc: 92.8571  s0.loss_bbox: 0.6944  s0.loss_iou: 0.9734  s1.loss_cls: 0.3647  s1.pos_acc: 85.7143  s1.loss_bbox: 0.7288  s1.loss_iou: 1.0246
2026/03/27 17:59:27 - mmengine - INFO - Epoch(train) [12][ 2700/10002]  lr: 2.5000e-05  eta: 16:51:00  time: 0.3901  data_time: 0.0033  memory: 7329  grad_norm: 87.1765  loss: 8.5277  rpn_s.0.loss_cls: 0.6271  rpn_s.0.loss_bbox: 0.1198  rpn_s.0.loss_giou: 0.8931  rpn_s.1.loss_cls: 0.4195  rpn_s.1.loss_bbox: 0.0535  rpn_s.1.loss_giou: 0.4425  rpn_s.2.loss_cls: 0.3423  rpn_s.2.loss_bbox: 0.0456  rpn_s.2.loss_giou: 0.3794  rpn_s.3.loss_cls: 0.2946  rpn_s.3.loss_bbox: 0.0412  rpn_s.3.loss_giou: 0.3586  s0.loss_cls: 0.3328  s0.pos_acc: 82.4324  s0.loss_bbox: 0.6496  s0.loss_iou: 1.2098  s1.loss_cls: 0.3455  s1.pos_acc: 84.4595  s1.loss_bbox: 0.7280  s1.loss_iou: 1.2449
2026/03/27 17:59:47 - mmengine - INFO - Epoch(train) [12][ 2750/10002]  lr: 2.5000e-05  eta: 16:50:54  time: 0.3903  data_time: 0.0032  memory: 7330  grad_norm: 67.4948  loss: 8.3566  rpn_s.0.loss_cls: 0.6301  rpn_s.0.loss_bbox: 0.1088  rpn_s.0.loss_giou: 0.8863  rpn_s.1.loss_cls: 0.4244  rpn_s.1.loss_bbox: 0.0433  rpn_s.1.loss_giou: 0.4305  rpn_s.2.loss_cls: 0.3545  rpn_s.2.loss_bbox: 0.0357  rpn_s.2.loss_giou: 0.3717  rpn_s.3.loss_cls: 0.3102  rpn_s.3.loss_bbox: 0.0336  rpn_s.3.loss_giou: 0.3515  s0.loss_cls: 0.3459  s0.pos_acc: 71.4286  s0.loss_bbox: 0.5984  s0.loss_iou: 1.1929  s1.loss_cls: 0.3627  s1.pos_acc: 85.7143  s1.loss_bbox: 0.6458  s1.loss_iou: 1.2303
2026/03/27 18:00:06 - mmengine - INFO - Epoch(train) [12][ 2800/10002]  lr: 2.5000e-05  eta: 16:50:47  time: 0.3900  data_time: 0.0032  memory: 7330  grad_norm: 86.5488  loss: 8.1728  rpn_s.0.loss_cls: 0.6099  rpn_s.0.loss_bbox: 0.1155  rpn_s.0.loss_giou: 0.7993  rpn_s.1.loss_cls: 0.4257  rpn_s.1.loss_bbox: 0.0498  rpn_s.1.loss_giou: 0.3900  rpn_s.2.loss_cls: 0.3535  rpn_s.2.loss_bbox: 0.0423  rpn_s.2.loss_giou: 0.3364  rpn_s.3.loss_cls: 0.3235  rpn_s.3.loss_bbox: 0.0395  rpn_s.3.loss_giou: 0.3212  s0.loss_cls: 0.3630  s0.pos_acc: 76.1147  s0.loss_bbox: 0.6361  s0.loss_iou: 1.1129  s1.loss_cls: 0.3906  s1.pos_acc: 74.5223  s1.loss_bbox: 0.7129  s1.loss_iou: 1.1506
2026/03/27 18:00:26 - mmengine - INFO - Epoch(train) [12][ 2850/10002]  lr: 2.5000e-05  eta: 16:50:37  time: 0.3890  data_time: 0.0033  memory: 7330  grad_norm: 81.6586  loss: 8.0305  rpn_s.0.loss_cls: 0.6347  rpn_s.0.loss_bbox: 0.1001  rpn_s.0.loss_giou: 0.8012  rpn_s.1.loss_cls: 0.4233  rpn_s.1.loss_bbox: 0.0436  rpn_s.1.loss_giou: 0.3983  rpn_s.2.loss_cls: 0.3450  rpn_s.2.loss_bbox: 0.0360  rpn_s.2.loss_giou: 0.3386  rpn_s.3.loss_cls: 0.3040  rpn_s.3.loss_bbox: 0.0344  rpn_s.3.loss_giou: 0.3238  s0.loss_cls: 0.3366  s0.pos_acc: 54.5455  s0.loss_bbox: 0.6032  s0.loss_iou: 1.1204  s1.loss_cls: 0.3527  s1.pos_acc: 59.0909  s1.loss_bbox: 0.6747  s1.loss_iou: 1.1599
2026/03/27 18:00:45 - mmengine - INFO - Epoch(train) [12][ 2900/10002]  lr: 2.5000e-05  eta: 16:50:24  time: 0.3882  data_time: 0.0032  memory: 7330  grad_norm: 80.7881  loss: 8.2009  rpn_s.0.loss_cls: 0.6098  rpn_s.0.loss_bbox: 0.1066  rpn_s.0.loss_giou: 0.7345  rpn_s.1.loss_cls: 0.4484  rpn_s.1.loss_bbox: 0.0489  rpn_s.1.loss_giou: 0.3797  rpn_s.2.loss_cls: 0.3684  rpn_s.2.loss_bbox: 0.0418  rpn_s.2.loss_giou: 0.3376  rpn_s.3.loss_cls: 0.3469  rpn_s.3.loss_bbox: 0.0400  rpn_s.3.loss_giou: 0.3203  s0.loss_cls: 0.3900  s0.pos_acc: 70.9677  s0.loss_bbox: 0.6709  s0.loss_iou: 1.0888  s1.loss_cls: 0.4115  s1.pos_acc: 75.8064  s1.loss_bbox: 0.7361  s1.loss_iou: 1.1205
2026/03/27 18:01:04 - mmengine - INFO - Epoch(train) [12][ 2950/10002]  lr: 2.5000e-05  eta: 16:50:02  time: 0.3847  data_time: 0.0033  memory: 7329  grad_norm: 76.3079  loss: 8.5861  rpn_s.0.loss_cls: 0.6315  rpn_s.0.loss_bbox: 0.1241  rpn_s.0.loss_giou: 0.9138  rpn_s.1.loss_cls: 0.4246  rpn_s.1.loss_bbox: 0.0498  rpn_s.1.loss_giou: 0.4309  rpn_s.2.loss_cls: 0.3400  rpn_s.2.loss_bbox: 0.0423  rpn_s.2.loss_giou: 0.3739  rpn_s.3.loss_cls: 0.3054  rpn_s.3.loss_bbox: 0.0387  rpn_s.3.loss_giou: 0.3487  s0.loss_cls: 0.3503  s0.pos_acc: 100.0000  s0.loss_bbox: 0.6428  s0.loss_iou: 1.2170  s1.loss_cls: 0.3608  s1.pos_acc: 100.0000  s1.loss_bbox: 0.6955  s1.loss_iou: 1.2960
2026/03/27 18:01:18 - mmengine - INFO - Exp name: GSDet_r50_b900_h2h4_h2r1_r2r1_2x_fair1m1.0_20260327_174101
2026/03/27 18:01:24 - mmengine - INFO - Epoch(train) [12][ 3000/10002]  lr: 2.5000e-05  eta: 16:49:43  time: 0.3860  data_time: 0.0032  memory: 7329  grad_norm: 90.0992  loss: 8.3375  rpn_s.0.loss_cls: 0.6070  rpn_s.0.loss_bbox: 0.1208  rpn_s.0.loss_giou: 0.8323  rpn_s.1.loss_cls: 0.4338  rpn_s.1.loss_bbox: 0.0512  rpn_s.1.loss_giou: 0.4220  rpn_s.2.loss_cls: 0.3532  rpn_s.2.loss_bbox: 0.0420  rpn_s.2.loss_giou: 0.3618  rpn_s.3.loss_cls: 0.3128  rpn_s.3.loss_bbox: 0.0386  rpn_s.3.loss_giou: 0.3394  s0.loss_cls: 0.3501  s0.pos_acc: 87.2727  s0.loss_bbox: 0.6515  s0.loss_iou: 1.1623  s1.loss_cls: 0.3774  s1.pos_acc: 85.4546  s1.loss_bbox: 0.6714  s1.loss_iou: 1.2100
2026/03/27 18:01:43 - mmengine - INFO - Epoch(train) [12][ 3050/10002]  lr: 2.5000e-05  eta: 16:49:40  time: 0.3920  data_time: 0.0033  memory: 7330  grad_norm: 73.0862  loss: 8.5367  rpn_s.0.loss_cls: 0.5953  rpn_s.0.loss_bbox: 0.1090  rpn_s.0.loss_giou: 0.8379  rpn_s.1.loss_cls: 0.4289  rpn_s.1.loss_bbox: 0.0503  rpn_s.1.loss_giou: 0.4323  rpn_s.2.loss_cls: 0.3510  rpn_s.2.loss_bbox: 0.0426  rpn_s.2.loss_giou: 0.3789  rpn_s.3.loss_cls: 0.3108  rpn_s.3.loss_bbox: 0.0395  rpn_s.3.loss_giou: 0.3583  s0.loss_cls: 0.3477  s0.pos_acc: 91.4286  s0.loss_bbox: 0.6411  s0.loss_iou: 1.2380  s1.loss_cls: 0.3800  s1.pos_acc: 88.5714  s1.loss_bbox: 0.6910  s1.loss_iou: 1.3040
2026/03/27 18:02:02 - mmengine - INFO - Epoch(train) [12][ 3100/10002]  lr: 2.5000e-05  eta: 16:49:10  time: 0.3816  data_time: 0.0033  memory: 7329  grad_norm: 89.3245  loss: 7.6246  rpn_s.0.loss_cls: 0.5832  rpn_s.0.loss_bbox: 0.1022  rpn_s.0.loss_giou: 0.7285  rpn_s.1.loss_cls: 0.4205  rpn_s.1.loss_bbox: 0.0478  rpn_s.1.loss_giou: 0.3821  rpn_s.2.loss_cls: 0.3372  rpn_s.2.loss_bbox: 0.0399  rpn_s.2.loss_giou: 0.3256  rpn_s.3.loss_cls: 0.2868  rpn_s.3.loss_bbox: 0.0373  rpn_s.3.loss_giou: 0.3038  s0.loss_cls: 0.3307  s0.pos_acc: 77.0408  s0.loss_bbox: 0.6222  s0.loss_iou: 1.0089  s1.loss_cls: 0.3516  s1.pos_acc: 79.0816  s1.loss_bbox: 0.6296  s1.loss_iou: 1.0866
2026/03/27 18:02:22 - mmengine - INFO - Epoch(train) [12][ 3150/10002]  lr: 2.5000e-05  eta: 16:49:07  time: 0.3927  data_time: 0.0033  memory: 7330  grad_norm: 75.6920  loss: 7.9836  rpn_s.0.loss_cls: 0.6180  rpn_s.0.loss_bbox: 0.1075  rpn_s.0.loss_giou: 0.7758  rpn_s.1.loss_cls: 0.4199  rpn_s.1.loss_bbox: 0.0480  rpn_s.1.loss_giou: 0.3851  rpn_s.2.loss_cls: 0.3468  rpn_s.2.loss_bbox: 0.0409  rpn_s.2.loss_giou: 0.3303  rpn_s.3.loss_cls: 0.3087  rpn_s.3.loss_bbox: 0.0384  rpn_s.3.loss_giou: 0.3078  s0.loss_cls: 0.3510  s0.pos_acc: 84.2105  s0.loss_bbox: 0.6576  s0.loss_iou: 1.0731  s1.loss_cls: 0.3584  s1.pos_acc: 84.2105  s1.loss_bbox: 0.7059  s1.loss_iou: 1.1104
2026/03/27 18:02:41 - mmengine - INFO - Epoch(train) [12][ 3200/10002]  lr: 2.5000e-05  eta: 16:48:45  time: 0.3847  data_time: 0.0033  memory: 7329  grad_norm: 92.9194  loss: 7.3434  rpn_s.0.loss_cls: 0.5889  rpn_s.0.loss_bbox: 0.0990  rpn_s.0.loss_giou: 0.6854  rpn_s.1.loss_cls: 0.4180  rpn_s.1.loss_bbox: 0.0424  rpn_s.1.loss_giou: 0.3384  rpn_s.2.loss_cls: 0.3415  rpn_s.2.loss_bbox: 0.0377  rpn_s.2.loss_giou: 0.3008  rpn_s.3.loss_cls: 0.3052  rpn_s.3.loss_bbox: 0.0341  rpn_s.3.loss_giou: 0.2825  s0.loss_cls: 0.3271  s0.pos_acc: 87.5000  s0.loss_bbox: 0.6303  s0.loss_iou: 0.9150  s1.loss_cls: 0.3508  s1.pos_acc: 87.5000  s1.loss_bbox: 0.6807  s1.loss_iou: 0.9655
2026/03/27 18:03:00 - mmengine - INFO - Epoch(train) [12][ 3250/10002]  lr: 2.5000e-05  eta: 16:48:18  time: 0.3826  data_time: 0.0033  memory: 7329  grad_norm: 88.8515  loss: 7.5972  rpn_s.0.loss_cls: 0.5866  rpn_s.0.loss_bbox: 0.1071  rpn_s.0.loss_giou: 0.7452  rpn_s.1.loss_cls: 0.4112  rpn_s.1.loss_bbox: 0.0469  rpn_s.1.loss_giou: 0.3662  rpn_s.2.loss_cls: 0.3372  rpn_s.2.loss_bbox: 0.0388  rpn_s.2.loss_giou: 0.3152  rpn_s.3.loss_cls: 0.3008  rpn_s.3.loss_bbox: 0.0361  rpn_s.3.loss_giou: 0.3011  s0.loss_cls: 0.3290  s0.pos_acc: 87.5000  s0.loss_bbox: 0.5627  s0.loss_iou: 1.0619  s1.loss_cls: 0.3513  s1.pos_acc: 87.5000  s1.loss_bbox: 0.6007  s1.loss_iou: 1.0993
2026/03/27 18:03:20 - mmengine - INFO - Epoch(train) [12][ 3300/10002]  lr: 2.5000e-05  eta: 16:47:52  time: 0.3833  data_time: 0.0033  memory: 7330  grad_norm: 75.1653  loss: 8.0151  rpn_s.0.loss_cls: 0.6072  rpn_s.0.loss_bbox: 0.1026  rpn_s.0.loss_giou: 0.7443  rpn_s.1.loss_cls: 0.4305  rpn_s.1.loss_bbox: 0.0490  rpn_s.1.loss_giou: 0.3858  rpn_s.2.loss_cls: 0.3460  rpn_s.2.loss_bbox: 0.0420  rpn_s.2.loss_giou: 0.3365  rpn_s.3.loss_cls: 0.3161  rpn_s.3.loss_bbox: 0.0392  rpn_s.3.loss_giou: 0.3183  s0.loss_cls: 0.3532  s0.pos_acc: 75.0000  s0.loss_bbox: 0.6665  s0.loss_iou: 1.0719  s1.loss_cls: 0.3762  s1.pos_acc: 75.0000  s1.loss_bbox: 0.6931  s1.loss_iou: 1.1367
2026/03/27 18:03:39 - mmengine - INFO - Epoch(train) [12][ 3350/10002]  lr: 2.5000e-05  eta: 16:47:26  time: 0.3827  data_time: 0.0033  memory: 7330  grad_norm: 85.2151  loss: 7.6100  rpn_s.0.loss_cls: 0.5705  rpn_s.0.loss_bbox: 0.0965  rpn_s.0.loss_giou: 0.6779  rpn_s.1.loss_cls: 0.4166  rpn_s.1.loss_bbox: 0.0444  rpn_s.1.loss_giou: 0.3562  rpn_s.2.loss_cls: 0.3425  rpn_s.2.loss_bbox: 0.0408  rpn_s.2.loss_giou: 0.3204  rpn_s.3.loss_cls: 0.3146  rpn_s.3.loss_bbox: 0.0389  rpn_s.3.loss_giou: 0.3053  s0.loss_cls: 0.3517  s0.pos_acc: 70.0000  s0.loss_bbox: 0.6325  s0.loss_iou: 1.0103  s1.loss_cls: 0.3661  s1.pos_acc: 67.8571  s1.loss_bbox: 0.6689  s1.loss_iou: 1.0562
2026/03/27 18:03:58 - mmengine - INFO - Epoch(train) [12][ 3400/10002]  lr: 2.5000e-05  eta: 16:47:01  time: 0.3835  data_time: 0.0032  memory: 7329  grad_norm: 72.2568  loss: 8.4042  rpn_s.0.loss_cls: 0.6384  rpn_s.0.loss_bbox: 0.1112  rpn_s.0.loss_giou: 0.8772  rpn_s.1.loss_cls: 0.4156  rpn_s.1.loss_bbox: 0.0459  rpn_s.1.loss_giou: 0.4298  rpn_s.2.loss_cls: 0.3411  rpn_s.2.loss_bbox: 0.0384  rpn_s.2.loss_giou: 0.3665  rpn_s.3.loss_cls: 0.2978  rpn_s.3.loss_bbox: 0.0368  rpn_s.3.loss_giou: 0.3499  s0.loss_cls: 0.3313  s0.pos_acc: 75.7426  s0.loss_bbox: 0.6582  s0.loss_iou: 1.1789  s1.loss_cls: 0.3387  s1.pos_acc: 74.7525  s1.loss_bbox: 0.7213  s1.loss_iou: 1.2271
2026/03/27 18:04:18 - mmengine - INFO - Epoch(train) [12][ 3450/10002]  lr: 2.5000e-05  eta: 16:47:07  time: 0.3970  data_time: 0.0033  memory: 7330  grad_norm: 70.3769  loss: 8.1755  rpn_s.0.loss_cls: 0.5919  rpn_s.0.loss_bbox: 0.1163  rpn_s.0.loss_giou: 0.8385  rpn_s.1.loss_cls: 0.4121  rpn_s.1.loss_bbox: 0.0543  rpn_s.1.loss_giou: 0.4207  rpn_s.2.loss_cls: 0.3389  rpn_s.2.loss_bbox: 0.0456  rpn_s.2.loss_giou: 0.3619  rpn_s.3.loss_cls: 0.2963  rpn_s.3.loss_bbox: 0.0417  rpn_s.3.loss_giou: 0.3385  s0.loss_cls: 0.3292  s0.pos_acc: 88.8889  s0.loss_bbox: 0.5792  s0.loss_iou: 1.1607  s1.loss_cls: 0.3555  s1.pos_acc: 100.0000  s1.loss_bbox: 0.6794  s1.loss_iou: 1.2148
2026/03/27 18:04:37 - mmengine - INFO - Epoch(train) [12][ 3500/10002]  lr: 2.5000e-05  eta: 16:46:48  time: 0.3859  data_time: 0.0032  memory: 7329  grad_norm: 73.6073  loss: 7.8719  rpn_s.0.loss_cls: 0.5863  rpn_s.0.loss_bbox: 0.1028  rpn_s.0.loss_giou: 0.7843  rpn_s.1.loss_cls: 0.4236  rpn_s.1.loss_bbox: 0.0435  rpn_s.1.loss_giou: 0.3839  rpn_s.2.loss_cls: 0.3481  rpn_s.2.loss_bbox: 0.0360  rpn_s.2.loss_giou: 0.3272  rpn_s.3.loss_cls: 0.3014  rpn_s.3.loss_bbox: 0.0335  rpn_s.3.loss_giou: 0.3084  s0.loss_cls: 0.3292  s0.pos_acc: 79.5652  s0.loss_bbox: 0.6364  s0.loss_iou: 1.0698  s1.loss_cls: 0.3353  s1.pos_acc: 80.2174  s1.loss_bbox: 0.7117  s1.loss_iou: 1.1105
2026/03/27 18:04:56 - mmengine - INFO - Epoch(train) [12][ 3550/10002]  lr: 2.5000e-05  eta: 16:46:20  time: 0.3818  data_time: 0.0033  memory: 7329  grad_norm: 90.7599  loss: 7.8392  rpn_s.0.loss_cls: 0.6089  rpn_s.0.loss_bbox: 0.0989  rpn_s.0.loss_giou: 0.7557  rpn_s.1.loss_cls: 0.4236  rpn_s.1.loss_bbox: 0.0457  rpn_s.1.loss_giou: 0.3890  rpn_s.2.loss_cls: 0.3589  rpn_s.2.loss_bbox: 0.0383  rpn_s.2.loss_giou: 0.3399  rpn_s.3.loss_cls: 0.3101  rpn_s.3.loss_bbox: 0.0349  rpn_s.3.loss_giou: 0.3207  s0.loss_cls: 0.3556  s0.pos_acc: 66.3043  s0.loss_bbox: 0.5696  s0.loss_iou: 1.0591  s1.loss_cls: 0.3720  s1.pos_acc: 70.6522  s1.loss_bbox: 0.6337  s1.loss_iou: 1.1244
2026/03/27 18:05:15 - mmengine - INFO - Epoch(train) [12][ 3600/10002]  lr: 2.5000e-05  eta: 16:45:59  time: 0.3852  data_time: 0.0032  memory: 7329  grad_norm: 75.7938  loss: 8.7655  rpn_s.0.loss_cls: 0.6560  rpn_s.0.loss_bbox: 0.1103  rpn_s.0.loss_giou: 0.8810  rpn_s.1.loss_cls: 0.4669  rpn_s.1.loss_bbox: 0.0443  rpn_s.1.loss_giou: 0.4264  rpn_s.2.loss_cls: 0.3836  rpn_s.2.loss_bbox: 0.0377  rpn_s.2.loss_giou: 0.3732  rpn_s.3.loss_cls: 0.3384  rpn_s.3.loss_bbox: 0.0362  rpn_s.3.loss_giou: 0.3572  s0.loss_cls: 0.4040  s0.pos_acc: 71.6216  s0.loss_bbox: 0.6617  s0.loss_iou: 1.2051  s1.loss_cls: 0.4116  s1.pos_acc: 70.2703  s1.loss_bbox: 0.6943  s1.loss_iou: 1.2773
2026/03/27 18:05:35 - mmengine - INFO - Epoch(train) [12][ 3650/10002]  lr: 2.5000e-05  eta: 16:45:40  time: 0.3860  data_time: 0.0033  memory: 7330  grad_norm: 85.9394  loss: 8.4771  rpn_s.0.loss_cls: 0.6324  rpn_s.0.loss_bbox: 0.1071  rpn_s.0.loss_giou: 0.8500  rpn_s.1.loss_cls: 0.4422  rpn_s.1.loss_bbox: 0.0432  rpn_s.1.loss_giou: 0.4143  rpn_s.2.loss_cls: 0.3591  rpn_s.2.loss_bbox: 0.0361  rpn_s.2.loss_giou: 0.3537  rpn_s.3.loss_cls: 0.3148  rpn_s.3.loss_bbox: 0.0333  rpn_s.3.loss_giou: 0.3362  s0.loss_cls: 0.3613  s0.pos_acc: 64.0625  s0.loss_bbox: 0.6694  s0.loss_iou: 1.1613  s1.loss_cls: 0.3740  s1.pos_acc: 63.5417  s1.loss_bbox: 0.7611  s1.loss_iou: 1.2278
2026/03/27 18:05:54 - mmengine - INFO - Epoch(train) [12][ 3700/10002]  lr: 2.5000e-05  eta: 16:45:23  time: 0.3867  data_time: 0.0032  memory: 7330  grad_norm: 82.5571  loss: 7.7574  rpn_s.0.loss_cls: 0.5816  rpn_s.0.loss_bbox: 0.1079  rpn_s.0.loss_giou: 0.7706  rpn_s.1.loss_cls: 0.3892  rpn_s.1.loss_bbox: 0.0475  rpn_s.1.loss_giou: 0.3830  rpn_s.2.loss_cls: 0.3182  rpn_s.2.loss_bbox: 0.0412  rpn_s.2.loss_giou: 0.3312  rpn_s.3.loss_cls: 0.2804  rpn_s.3.loss_bbox: 0.0388  rpn_s.3.loss_giou: 0.3165  s0.loss_cls: 0.3016  s0.pos_acc: 74.0506  s0.loss_bbox: 0.6382  s0.loss_iou: 1.0866  s1.loss_cls: 0.3148  s1.pos_acc: 75.9494  s1.loss_bbox: 0.6648  s1.loss_iou: 1.1455
2026/03/27 18:06:13 - mmengine - INFO - Epoch(train) [12][ 3750/10002]  lr: 2.5000e-05  eta: 16:44:47  time: 0.3780  data_time: 0.0032  memory: 7329  grad_norm: 88.6654  loss: 7.6295  rpn_s.0.loss_cls: 0.5782  rpn_s.0.loss_bbox: 0.1048  rpn_s.0.loss_giou: 0.7349  rpn_s.1.loss_cls: 0.4314  rpn_s.1.loss_bbox: 0.0457  rpn_s.1.loss_giou: 0.3731  rpn_s.2.loss_cls: 0.3473  rpn_s.2.loss_bbox: 0.0410  rpn_s.2.loss_giou: 0.3327  rpn_s.3.loss_cls: 0.3088  rpn_s.3.loss_bbox: 0.0382  rpn_s.3.loss_giou: 0.3158  s0.loss_cls: 0.3392  s0.pos_acc: 91.6667  s0.loss_bbox: 0.6101  s0.loss_iou: 1.0005  s1.loss_cls: 0.3584  s1.pos_acc: 91.6667  s1.loss_bbox: 0.5949  s1.loss_iou: 1.0745
2026/03/27 18:06:32 - mmengine - INFO - Epoch(train) [12][ 3800/10002]  lr: 2.5000e-05  eta: 16:44:25  time: 0.3843  data_time: 0.0032  memory: 7330  grad_norm: 83.4621  loss: 8.3659  rpn_s.0.loss_cls: 0.6206  rpn_s.0.loss_bbox: 0.1207  rpn_s.0.loss_giou: 0.8232  rpn_s.1.loss_cls: 0.4220  rpn_s.1.loss_bbox: 0.0543  rpn_s.1.loss_giou: 0.4162  rpn_s.2.loss_cls: 0.3465  rpn_s.2.loss_bbox: 0.0461  rpn_s.2.loss_giou: 0.3583  rpn_s.3.loss_cls: 0.3078  rpn_s.3.loss_bbox: 0.0429  rpn_s.3.loss_giou: 0.3378  s0.loss_cls: 0.3536  s0.pos_acc: 91.9355  s0.loss_bbox: 0.7062  s0.loss_iou: 1.1499  s1.loss_cls: 0.3644  s1.pos_acc: 93.5484  s1.loss_bbox: 0.7000  s1.loss_iou: 1.1953
2026/03/27 18:06:51 - mmengine - INFO - Epoch(train) [12][ 3850/10002]  lr: 2.5000e-05  eta: 16:44:02  time: 0.3842  data_time: 0.0033  memory: 7329  grad_norm: 79.4789  loss: 8.1752  rpn_s.0.loss_cls: 0.6257  rpn_s.0.loss_bbox: 0.1043  rpn_s.0.loss_giou: 0.7982  rpn_s.1.loss_cls: 0.4350  rpn_s.1.loss_bbox: 0.0472  rpn_s.1.loss_giou: 0.4038  rpn_s.2.loss_cls: 0.3594  rpn_s.2.loss_bbox: 0.0411  rpn_s.2.loss_giou: 0.3560  rpn_s.3.loss_cls: 0.3132  rpn_s.3.loss_bbox: 0.0373  rpn_s.3.loss_giou: 0.3351  s0.loss_cls: 0.3563  s0.pos_acc: 100.0000  s0.loss_bbox: 0.6020  s0.loss_iou: 1.1664  s1.loss_cls: 0.3643  s1.pos_acc: 100.0000  s1.loss_bbox: 0.6150  s1.loss_iou: 1.2149
2026/03/27 18:07:10 - mmengine - INFO - Epoch(train) [12][ 3900/10002]  lr: 2.5000e-05  eta: 16:43:34  time: 0.3815  data_time: 0.0033  memory: 7329  grad_norm: 87.4427  loss: 7.9653  rpn_s.0.loss_cls: 0.6114  rpn_s.0.loss_bbox: 0.1100  rpn_s.0.loss_giou: 0.7534  rpn_s.1.loss_cls: 0.4305  rpn_s.1.loss_bbox: 0.0507  rpn_s.1.loss_giou: 0.3832  rpn_s.2.loss_cls: 0.3572  rpn_s.2.loss_bbox: 0.0438  rpn_s.2.loss_giou: 0.3301  rpn_s.3.loss_cls: 0.3214  rpn_s.3.loss_bbox: 0.0407  rpn_s.3.loss_giou: 0.3136  s0.loss_cls: 0.3617  s0.pos_acc: 100.0000  s0.loss_bbox: 0.6107  s0.loss_iou: 1.0850  s1.loss_cls: 0.3886  s1.pos_acc: 80.0000  s1.loss_bbox: 0.6273  s1.loss_iou: 1.1461
2026/03/27 18:07:31 - mmengine - INFO - Epoch(train) [12][ 3950/10002]  lr: 2.5000e-05  eta: 16:43:47  time: 0.4018  data_time: 0.0033  memory: 7330  grad_norm: 67.9799  loss: 8.6287  rpn_s.0.loss_cls: 0.6222  rpn_s.0.loss_bbox: 0.1130  rpn_s.0.loss_giou: 0.8808  rpn_s.1.loss_cls: 0.4377  rpn_s.1.loss_bbox: 0.0493  rpn_s.1.loss_giou: 0.4450  rpn_s.2.loss_cls: 0.3697  rpn_s.2.loss_bbox: 0.0417  rpn_s.2.loss_giou: 0.3846  rpn_s.3.loss_cls: 0.3262  rpn_s.3.loss_bbox: 0.0379  rpn_s.3.loss_giou: 0.3632  s0.loss_cls: 0.3545  s0.pos_acc: 78.2374  s0.loss_bbox: 0.6495  s0.loss_iou: 1.2095  s1.loss_cls: 0.3727  s1.pos_acc: 76.9784  s1.loss_bbox: 0.6955  s1.loss_iou: 1.2759
2026/03/27 18:07:44 - mmengine - INFO - Exp name: GSDet_r50_b900_h2h4_h2r1_r2r1_2x_fair1m1.0_20260327_174101
2026/03/27 18:07:50 - mmengine - INFO - Epoch(train) [12][ 4000/10002]  lr: 2.5000e-05  eta: 16:43:30  time: 0.3871  data_time: 0.0033  memory: 7329  grad_norm: 78.7459  loss: 8.6068  rpn_s.0.loss_cls: 0.6096  rpn_s.0.loss_bbox: 0.1098  rpn_s.0.loss_giou: 0.8973  rpn_s.1.loss_cls: 0.4249  rpn_s.1.loss_bbox: 0.0448  rpn_s.1.loss_giou: 0.4367  rpn_s.2.loss_cls: 0.3521  rpn_s.2.loss_bbox: 0.0369  rpn_s.2.loss_giou: 0.3731  rpn_s.3.loss_cls: 0.3137  rpn_s.3.loss_bbox: 0.0339  rpn_s.3.loss_giou: 0.3543  s0.loss_cls: 0.3430  s0.pos_acc: 90.9091  s0.loss_bbox: 0.6705  s0.loss_iou: 1.2370  s1.loss_cls: 0.3590  s1.pos_acc: 90.9091  s1.loss_bbox: 0.7185  s1.loss_iou: 1.2917
2026/03/27 18:08:09 - mmengine - INFO - Epoch(train) [12][ 4050/10002]  lr: 2.5000e-05  eta: 16:42:58  time: 0.3794  data_time: 0.0033  memory: 7329  grad_norm: 87.5910  loss: 8.0980  rpn_s.0.loss_cls: 0.6426  rpn_s.0.loss_bbox: 0.1103  rpn_s.0.loss_giou: 0.7792  rpn_s.1.loss_cls: 0.4484  rpn_s.1.loss_bbox: 0.0511  rpn_s.1.loss_giou: 0.3923  rpn_s.2.loss_cls: 0.3694  rpn_s.2.loss_bbox: 0.0436  rpn_s.2.loss_giou: 0.3365  rpn_s.3.loss_cls: 0.3254  rpn_s.3.loss_bbox: 0.0404  rpn_s.3.loss_giou: 0.3154  s0.loss_cls: 0.3646  s0.pos_acc: 100.0000  s0.loss_bbox: 0.6579  s0.loss_iou: 1.0461  s1.loss_cls: 0.3728  s1.pos_acc: 100.0000  s1.loss_bbox: 0.7026  s1.loss_iou: 1.0995
2026/03/27 18:08:28 - mmengine - INFO - Epoch(train) [12][ 4100/10002]  lr: 2.5000e-05  eta: 16:42:23  time: 0.3772  data_time: 0.0032  memory: 7329  grad_norm: 89.9924  loss: 8.0517  rpn_s.0.loss_cls: 0.6401  rpn_s.0.loss_bbox: 0.1009  rpn_s.0.loss_giou: 0.7619  rpn_s.1.loss_cls: 0.4592  rpn_s.1.loss_bbox: 0.0450  rpn_s.1.loss_giou: 0.3981  rpn_s.2.loss_cls: 0.3742  rpn_s.2.loss_bbox: 0.0383  rpn_s.2.loss_giou: 0.3445  rpn_s.3.loss_cls: 0.3383  rpn_s.3.loss_bbox: 0.0362  rpn_s.3.loss_giou: 0.3301  s0.loss_cls: 0.3790  s0.pos_acc: 69.5122  s0.loss_bbox: 0.5635  s0.loss_iou: 1.0805  s1.loss_cls: 0.3883  s1.pos_acc: 68.9024  s1.loss_bbox: 0.6452  s1.loss_iou: 1.1284
2026/03/27 18:08:47 - mmengine - INFO - Epoch(train) [12][ 4150/10002]  lr: 2.5000e-05  eta: 16:41:54  time: 0.3808  data_time: 0.0032  memory: 7329  grad_norm: 75.7287  loss: 8.3102  rpn_s.0.loss_cls: 0.6537  rpn_s.0.loss_bbox: 0.1015  rpn_s.0.loss_giou: 0.8276  rpn_s.1.loss_cls: 0.4557  rpn_s.1.loss_bbox: 0.0435  rpn_s.1.loss_giou: 0.4085  rpn_s.2.loss_cls: 0.3818  rpn_s.2.loss_bbox: 0.0362  rpn_s.2.loss_giou: 0.3561  rpn_s.3.loss_cls: 0.3272  rpn_s.3.loss_bbox: 0.0333  rpn_s.3.loss_giou: 0.3363  s0.loss_cls: 0.3475  s0.pos_acc: 86.6667  s0.loss_bbox: 0.6195  s0.loss_iou: 1.1487  s1.loss_cls: 0.3614  s1.pos_acc: 86.6667  s1.loss_bbox: 0.6700  s1.loss_iou: 1.2015
2026/03/27 18:09:06 - mmengine - INFO - Epoch(train) [12][ 4200/10002]  lr: 2.5000e-05  eta: 16:41:31  time: 0.3834  data_time: 0.0032  memory: 7329  grad_norm: 78.9987  loss: 7.9758  rpn_s.0.loss_cls: 0.6230  rpn_s.0.loss_bbox: 0.1057  rpn_s.0.loss_giou: 0.8396  rpn_s.1.loss_cls: 0.4238  rpn_s.1.loss_bbox: 0.0419  rpn_s.1.loss_giou: 0.3937  rpn_s.2.loss_cls: 0.3398  rpn_s.2.loss_bbox: 0.0357  rpn_s.2.loss_giou: 0.3389  rpn_s.3.loss_cls: 0.3038  rpn_s.3.loss_bbox: 0.0337  rpn_s.3.loss_giou: 0.3174  s0.loss_cls: 0.3293  s0.pos_acc: 93.4659  s0.loss_bbox: 0.6161  s0.loss_iou: 1.0957  s1.loss_cls: 0.3556  s1.pos_acc: 94.0341  s1.loss_bbox: 0.6458  s1.loss_iou: 1.1364
2026/03/27 18:09:25 - mmengine - INFO - Epoch(train) [12][ 4250/10002]  lr: 2.5000e-05  eta: 16:41:04  time: 0.3815  data_time: 0.0032  memory: 7329  grad_norm: 76.6959  loss: 7.9627  rpn_s.0.loss_cls: 0.5924  rpn_s.0.loss_bbox: 0.1040  rpn_s.0.loss_giou: 0.7974  rpn_s.1.loss_cls: 0.4077  rpn_s.1.loss_bbox: 0.0449  rpn_s.1.loss_giou: 0.4013  rpn_s.2.loss_cls: 0.3331  rpn_s.2.loss_bbox: 0.0379  rpn_s.2.loss_giou: 0.3482  rpn_s.3.loss_cls: 0.2930  rpn_s.3.loss_bbox: 0.0347  rpn_s.3.loss_giou: 0.3317  s0.loss_cls: 0.3156  s0.pos_acc: 77.5862  s0.loss_bbox: 0.5994  s0.loss_iou: 1.1473  s1.loss_cls: 0.3314  s1.pos_acc: 68.2759  s1.loss_bbox: 0.6505  s1.loss_iou: 1.1921
2026/03/27 18:09:44 - mmengine - INFO - Epoch(train) [12][ 4300/10002]  lr: 2.5000e-05  eta: 16:40:35  time: 0.3804  data_time: 0.0033  memory: 7329  grad_norm: 72.2032  loss: 8.5529  rpn_s.0.loss_cls: 0.6366  rpn_s.0.loss_bbox: 0.1131  rpn_s.0.loss_giou: 0.9290  rpn_s.1.loss_cls: 0.4287  rpn_s.1.loss_bbox: 0.0432  rpn_s.1.loss_giou: 0.4390  rpn_s.2.loss_cls: 0.3503  rpn_s.2.loss_bbox: 0.0361  rpn_s.2.loss_giou: 0.3780  rpn_s.3.loss_cls: 0.3036  rpn_s.3.loss_bbox: 0.0336  rpn_s.3.loss_giou: 0.3558  s0.loss_cls: 0.3294  s0.pos_acc: 100.0000  s0.loss_bbox: 0.6515  s0.loss_iou: 1.1983  s1.loss_cls: 0.3435  s1.pos_acc: 100.0000  s1.loss_bbox: 0.7395  s1.loss_iou: 1.2438
2026/03/27 18:10:03 - mmengine - INFO - Epoch(train) [12][ 4350/10002]  lr: 2.5000e-05  eta: 16:39:58  time: 0.3754  data_time: 0.0032  memory: 7329  grad_norm: 84.7263  loss: 7.8735  rpn_s.0.loss_cls: 0.5838  rpn_s.0.loss_bbox: 0.1083  rpn_s.0.loss_giou: 0.7320  rpn_s.1.loss_cls: 0.4058  rpn_s.1.loss_bbox: 0.0548  rpn_s.1.loss_giou: 0.3989  rpn_s.2.loss_cls: 0.3378  rpn_s.2.loss_bbox: 0.0478  rpn_s.2.loss_giou: 0.3502  rpn_s.3.loss_cls: 0.2895  rpn_s.3.loss_bbox: 0.0443  rpn_s.3.loss_giou: 0.3318  s0.loss_cls: 0.3239  s0.pos_acc: 80.0000  s0.loss_bbox: 0.6750  s0.loss_iou: 1.0663  s1.loss_cls: 0.3374  s1.pos_acc: 80.0000  s1.loss_bbox: 0.6893  s1.loss_iou: 1.0966
2026/03/27 18:10:22 - mmengine - INFO - Epoch(train) [12][ 4400/10002]  lr: 2.5000e-05  eta: 16:39:49  time: 0.3912  data_time: 0.0032  memory: 7330  grad_norm: 153.4661  loss: 8.3160  rpn_s.0.loss_cls: 0.6221  rpn_s.0.loss_bbox: 0.1008  rpn_s.0.loss_giou: 0.8472  rpn_s.1.loss_cls: 0.4352  rpn_s.1.loss_bbox: 0.0420  rpn_s.1.loss_giou: 0.4270  rpn_s.2.loss_cls: 0.3540  rpn_s.2.loss_bbox: 0.0352  rpn_s.2.loss_giou: 0.3719  rpn_s.3.loss_cls: 0.3165  rpn_s.3.loss_bbox: 0.0319  rpn_s.3.loss_giou: 0.3494  s0.loss_cls: 0.3607  s0.pos_acc: 80.0000  s0.loss_bbox: 0.6053  s0.loss_iou: 1.1658  s1.loss_cls: 0.3722  s1.pos_acc: 80.0000  s1.loss_bbox: 0.6473  s1.loss_iou: 1.2314
2026/03/27 18:10:42 - mmengine - INFO - Epoch(train) [12][ 4450/10002]  lr: 2.5000e-05  eta: 16:39:41  time: 0.3920  data_time: 0.0032  memory: 7330  grad_norm: 69.8921  loss: 8.3930  rpn_s.0.loss_cls: 0.6295  rpn_s.0.loss_bbox: 0.1100  rpn_s.0.loss_giou: 0.8621  rpn_s.1.loss_cls: 0.4388  rpn_s.1.loss_bbox: 0.0470  rpn_s.1.loss_giou: 0.4243  rpn_s.2.loss_cls: 0.3667  rpn_s.2.loss_bbox: 0.0385  rpn_s.2.loss_giou: 0.3690  rpn_s.3.loss_cls: 0.3231  rpn_s.3.loss_bbox: 0.0355  rpn_s.3.loss_giou: 0.3431  s0.loss_cls: 0.3514  s0.pos_acc: 81.8182  s0.loss_bbox: 0.6141  s0.loss_iou: 1.1931  s1.loss_cls: 0.3562  s1.pos_acc: 81.8182  s1.loss_bbox: 0.6648  s1.loss_iou: 1.2259
2026/03/27 18:11:01 - mmengine - INFO - Epoch(train) [12][ 4500/10002]  lr: 2.5000e-05  eta: 16:39:16  time: 0.3824  data_time: 0.0033  memory: 7330  grad_norm: 107.6278  loss: 8.0774  rpn_s.0.loss_cls: 0.6132  rpn_s.0.loss_bbox: 0.0987  rpn_s.0.loss_giou: 0.8272  rpn_s.1.loss_cls: 0.4182  rpn_s.1.loss_bbox: 0.0422  rpn_s.1.loss_giou: 0.4098  rpn_s.2.loss_cls: 0.3353  rpn_s.2.loss_bbox: 0.0365  rpn_s.2.loss_giou: 0.3585  rpn_s.3.loss_cls: 0.2852  rpn_s.3.loss_bbox: 0.0333  rpn_s.3.loss_giou: 0.3398  s0.loss_cls: 0.3108  s0.pos_acc: 74.4792  s0.loss_bbox: 0.6365  s0.loss_iou: 1.1191  s1.loss_cls: 0.3380  s1.pos_acc: 78.6458  s1.loss_bbox: 0.7108  s1.loss_iou: 1.1642
2026/03/27 18:11:20 - mmengine - INFO - Epoch(train) [12][ 4550/10002]  lr: 2.5000e-05  eta: 16:38:48  time: 0.3806  data_time: 0.0033  memory: 7329  grad_norm: 77.9010  loss: 8.2686  rpn_s.0.loss_cls: 0.6340  rpn_s.0.loss_bbox: 0.1086  rpn_s.0.loss_giou: 0.8173  rpn_s.1.loss_cls: 0.4480  rpn_s.1.loss_bbox: 0.0472  rpn_s.1.loss_giou: 0.4081  rpn_s.2.loss_cls: 0.3787  rpn_s.2.loss_bbox: 0.0380  rpn_s.2.loss_giou: 0.3469  rpn_s.3.loss_cls: 0.3474  rpn_s.3.loss_bbox: 0.0344  rpn_s.3.loss_giou: 0.3241  s0.loss_cls: 0.3983  s0.pos_acc: 64.2857  s0.loss_bbox: 0.5869  s0.loss_iou: 1.1407  s1.loss_cls: 0.4096  s1.pos_acc: 64.2857  s1.loss_bbox: 0.6159  s1.loss_iou: 1.1845
2026/03/27 18:11:39 - mmengine - INFO - Epoch(train) [12][ 4600/10002]  lr: 2.5000e-05  eta: 16:38:19  time: 0.3796  data_time: 0.0032  memory: 7329  grad_norm: 103.9348  loss: 7.8849  rpn_s.0.loss_cls: 0.5966  rpn_s.0.loss_bbox: 0.1092  rpn_s.0.loss_giou: 0.7587  rpn_s.1.loss_cls: 0.4241  rpn_s.1.loss_bbox: 0.0469  rpn_s.1.loss_giou: 0.3800  rpn_s.2.loss_cls: 0.3551  rpn_s.2.loss_bbox: 0.0392  rpn_s.2.loss_giou: 0.3289  rpn_s.3.loss_cls: 0.3126  rpn_s.3.loss_bbox: 0.0370  rpn_s.3.loss_giou: 0.3144  s0.loss_cls: 0.3484  s0.pos_acc: 88.8889  s0.loss_bbox: 0.6500  s0.loss_iou: 1.0562  s1.loss_cls: 0.3622  s1.pos_acc: 100.0000  s1.loss_bbox: 0.6581  s1.loss_iou: 1.1074
2026/03/27 18:11:58 - mmengine - INFO - Epoch(train) [12][ 4650/10002]  lr: 2.5000e-05  eta: 16:37:57  time: 0.3835  data_time: 0.0033  memory: 7329  grad_norm: 78.6790  loss: 8.4146  rpn_s.0.loss_cls: 0.6365  rpn_s.0.loss_bbox: 0.1073  rpn_s.0.loss_giou: 0.7880  rpn_s.1.loss_cls: 0.4608  rpn_s.1.loss_bbox: 0.0515  rpn_s.1.loss_giou: 0.3938  rpn_s.2.loss_cls: 0.3752  rpn_s.2.loss_bbox: 0.0460  rpn_s.2.loss_giou: 0.3429  rpn_s.3.loss_cls: 0.3456  rpn_s.3.loss_bbox: 0.0414  rpn_s.3.loss_giou: 0.3213  s0.loss_cls: 0.3848  s0.pos_acc: 83.3333  s0.loss_bbox: 0.6765  s0.loss_iou: 1.1102  s1.loss_cls: 0.4144  s1.pos_acc: 79.1667  s1.loss_bbox: 0.7432  s1.loss_iou: 1.1753
2026/03/27 18:12:17 - mmengine - INFO - Epoch(train) [12][ 4700/10002]  lr: 2.5000e-05  eta: 16:37:31  time: 0.3810  data_time: 0.0033  memory: 7329  grad_norm: 76.2143  loss: 7.8595  rpn_s.0.loss_cls: 0.5913  rpn_s.0.loss_bbox: 0.1043  rpn_s.0.loss_giou: 0.7620  rpn_s.1.loss_cls: 0.4149  rpn_s.1.loss_bbox: 0.0462  rpn_s.1.loss_giou: 0.3797  rpn_s.2.loss_cls: 0.3265  rpn_s.2.loss_bbox: 0.0393  rpn_s.2.loss_giou: 0.3348  rpn_s.3.loss_cls: 0.2925  rpn_s.3.loss_bbox: 0.0366  rpn_s.3.loss_giou: 0.3162  s0.loss_cls: 0.3292  s0.pos_acc: 81.0127  s0.loss_bbox: 0.6345  s0.loss_iou: 1.0784  s1.loss_cls: 0.3404  s1.pos_acc: 80.3797  s1.loss_bbox: 0.7061  s1.loss_iou: 1.1266
2026/03/27 18:12:37 - mmengine - INFO - Epoch(train) [12][ 4750/10002]  lr: 2.5000e-05  eta: 16:37:10  time: 0.3845  data_time: 0.0033  memory: 7329  grad_norm: 113.2166  loss: 8.0509  rpn_s.0.loss_cls: 0.5750  rpn_s.0.loss_bbox: 0.1016  rpn_s.0.loss_giou: 0.8215  rpn_s.1.loss_cls: 0.4081  rpn_s.1.loss_bbox: 0.0410  rpn_s.1.loss_giou: 0.4078  rpn_s.2.loss_cls: 0.3287  rpn_s.2.loss_bbox: 0.0330  rpn_s.2.loss_giou: 0.3486  rpn_s.3.loss_cls: 0.2835  rpn_s.3.loss_bbox: 0.0306  rpn_s.3.loss_giou: 0.3254  s0.loss_cls: 0.3152  s0.pos_acc: 100.0000  s0.loss_bbox: 0.6505  s0.loss_iou: 1.1447  s1.loss_cls: 0.3288  s1.pos_acc: 100.0000  s1.loss_bbox: 0.7185  s1.loss_iou: 1.1884
2026/03/27 18:12:56 - mmengine - INFO - Epoch(train) [12][ 4800/10002]  lr: 2.5000e-05  eta: 16:36:44  time: 0.3809  data_time: 0.0032  memory: 7330  grad_norm: 83.4091  loss: 8.1577  rpn_s.0.loss_cls: 0.6180  rpn_s.0.loss_bbox: 0.0999  rpn_s.0.loss_giou: 0.7917  rpn_s.1.loss_cls: 0.4384  rpn_s.1.loss_bbox: 0.0447  rpn_s.1.loss_giou: 0.4183  rpn_s.2.loss_cls: 0.3728  rpn_s.2.loss_bbox: 0.0377  rpn_s.2.loss_giou: 0.3638  rpn_s.3.loss_cls: 0.3241  rpn_s.3.loss_bbox: 0.0354  rpn_s.3.loss_giou: 0.3455  s0.loss_cls: 0.3885  s0.pos_acc: 100.0000  s0.loss_bbox: 0.5675  s0.loss_iou: 1.1395  s1.loss_cls: 0.3963  s1.pos_acc: 100.0000  s1.loss_bbox: 0.5842  s1.loss_iou: 1.1915
2026/03/27 18:13:15 - mmengine - INFO - Epoch(train) [12][ 4850/10002]  lr: 2.5000e-05  eta: 16:36:29  time: 0.3883  data_time: 0.0032  memory: 7329  grad_norm: 79.3565  loss: 8.0281  rpn_s.0.loss_cls: 0.5975  rpn_s.0.loss_bbox: 0.1080  rpn_s.0.loss_giou: 0.7948  rpn_s.1.loss_cls: 0.4168  rpn_s.1.loss_bbox: 0.0490  rpn_s.1.loss_giou: 0.4066  rpn_s.2.loss_cls: 0.3498  rpn_s.2.loss_bbox: 0.0415  rpn_s.2.loss_giou: 0.3499  rpn_s.3.loss_cls: 0.3080  rpn_s.3.loss_bbox: 0.0386  rpn_s.3.loss_giou: 0.3301  s0.loss_cls: 0.3579  s0.pos_acc: 85.7143  s0.loss_bbox: 0.5979  s0.loss_iou: 1.1175  s1.loss_cls: 0.3682  s1.pos_acc: 100.0000  s1.loss_bbox: 0.6257  s1.loss_iou: 1.1703
2026/03/27 18:13:34 - mmengine - INFO - Epoch(train) [12][ 4900/10002]  lr: 2.5000e-05  eta: 16:36:10  time: 0.3851  data_time: 0.0033  memory: 7329  grad_norm: 107.8890  loss: 7.9021  rpn_s.0.loss_cls: 0.5859  rpn_s.0.loss_bbox: 0.1038  rpn_s.0.loss_giou: 0.7424  rpn_s.1.loss_cls: 0.4243  rpn_s.1.loss_bbox: 0.0470  rpn_s.1.loss_giou: 0.3814  rpn_s.2.loss_cls: 0.3371  rpn_s.2.loss_bbox: 0.0408  rpn_s.2.loss_giou: 0.3310  rpn_s.3.loss_cls: 0.3012  rpn_s.3.loss_bbox: 0.0379  rpn_s.3.loss_giou: 0.3142  s0.loss_cls: 0.3363  s0.pos_acc: 69.5652  s0.loss_bbox: 0.6940  s0.loss_iou: 1.0334  s1.loss_cls: 0.3590  s1.pos_acc: 56.5217  s1.loss_bbox: 0.7435  s1.loss_iou: 1.0888
2026/03/27 18:13:54 - mmengine - INFO - Epoch(train) [12][ 4950/10002]  lr: 2.5000e-05  eta: 16:36:00  time: 0.3914  data_time: 0.0033  memory: 7330  grad_norm: 75.1994  loss: 8.2580  rpn_s.0.loss_cls: 0.5928  rpn_s.0.loss_bbox: 0.1025  rpn_s.0.loss_giou: 0.8103  rpn_s.1.loss_cls: 0.4264  rpn_s.1.loss_bbox: 0.0451  rpn_s.1.loss_giou: 0.4081  rpn_s.2.loss_cls: 0.3514  rpn_s.2.loss_bbox: 0.0383  rpn_s.2.loss_giou: 0.3560  rpn_s.3.loss_cls: 0.3140  rpn_s.3.loss_bbox: 0.0352  rpn_s.3.loss_giou: 0.3369  s0.loss_cls: 0.3627  s0.pos_acc: 75.8242  s0.loss_bbox: 0.6479  s0.loss_iou: 1.1553  s1.loss_cls: 0.3781  s1.pos_acc: 74.7253  s1.loss_bbox: 0.7001  s1.loss_iou: 1.1967
2026/03/27 18:14:07 - mmengine - INFO - Exp name: GSDet_r50_b900_h2h4_h2r1_r2r1_2x_fair1m1.0_20260327_174101
2026/03/27 18:14:13 - mmengine - INFO - Epoch(train) [12][ 5000/10002]  lr: 2.5000e-05  eta: 16:35:41  time: 0.3854  data_time: 0.0033  memory: 7329  grad_norm: 158.0227  loss: 8.2295  rpn_s.0.loss_cls: 0.6210  rpn_s.0.loss_bbox: 0.0983  rpn_s.0.loss_giou: 0.8344  rpn_s.1.loss_cls: 0.4226  rpn_s.1.loss_bbox: 0.0432  rpn_s.1.loss_giou: 0.4224  rpn_s.2.loss_cls: 0.3489  rpn_s.2.loss_bbox: 0.0349  rpn_s.2.loss_giou: 0.3642  rpn_s.3.loss_cls: 0.3057  rpn_s.3.loss_bbox: 0.0338  rpn_s.3.loss_giou: 0.3473  s0.loss_cls: 0.3498  s0.pos_acc: 100.0000  s0.loss_bbox: 0.6178  s0.loss_iou: 1.1302  s1.loss_cls: 0.3765  s1.pos_acc: 100.0000  s1.loss_bbox: 0.6790  s1.loss_iou: 1.1995
2026/03/27 18:14:33 - mmengine - INFO - Epoch(train) [12][ 5050/10002]  lr: 2.5000e-05  eta: 16:35:28  time: 0.3897  data_time: 0.0033  memory: 7329  grad_norm: 90.1352  loss: 7.9125  rpn_s.0.loss_cls: 0.6037  rpn_s.0.loss_bbox: 0.1107  rpn_s.0.loss_giou: 0.7671  rpn_s.1.loss_cls: 0.4372  rpn_s.1.loss_bbox: 0.0463  rpn_s.1.loss_giou: 0.3705  rpn_s.2.loss_cls: 0.3684  rpn_s.2.loss_bbox: 0.0378  rpn_s.2.loss_giou: 0.3195  rpn_s.3.loss_cls: 0.3252  rpn_s.3.loss_bbox: 0.0359  rpn_s.3.loss_giou: 0.3033  s0.loss_cls: 0.3667  s0.pos_acc: 68.9189  s0.loss_bbox: 0.6246  s0.loss_iou: 1.0519  s1.loss_cls: 0.3749  s1.pos_acc: 71.6216  s1.loss_bbox: 0.6708  s1.loss_iou: 1.0981
2026/03/27 18:14:52 - mmengine - INFO - Epoch(train) [12][ 5100/10002]  lr: 2.5000e-05  eta: 16:35:02  time: 0.3809  data_time: 0.0033  memory: 7329  grad_norm: 82.9873  loss: 8.0724  rpn_s.0.loss_cls: 0.6168  rpn_s.0.loss_bbox: 0.1122  rpn_s.0.loss_giou: 0.7686  rpn_s.1.loss_cls: 0.4395  rpn_s.1.loss_bbox: 0.0499  rpn_s.1.loss_giou: 0.3989  rpn_s.2.loss_cls: 0.3565  rpn_s.2.loss_bbox: 0.0417  rpn_s.2.loss_giou: 0.3456  rpn_s.3.loss_cls: 0.3060  rpn_s.3.loss_bbox: 0.0396  rpn_s.3.loss_giou: 0.3297  s0.loss_cls: 0.3465  s0.pos_acc: 79.1667  s0.loss_bbox: 0.6397  s0.loss_iou: 1.1072  s1.loss_cls: 0.3560  s1.pos_acc: 72.9167  s1.loss_bbox: 0.6605  s1.loss_iou: 1.1575
2026/03/27 18:15:11 - mmengine - INFO - Epoch(train) [12][ 5150/10002]  lr: 2.5000e-05  eta: 16:34:36  time: 0.3810  data_time: 0.0033  memory: 7329  grad_norm: 105.3105  loss: 8.2472  rpn_s.0.loss_cls: 0.6222  rpn_s.0.loss_bbox: 0.1099  rpn_s.0.loss_giou: 0.8632  rpn_s.1.loss_cls: 0.4263  rpn_s.1.loss_bbox: 0.0457  rpn_s.1.loss_giou: 0.4250  rpn_s.2.loss_cls: 0.3469  rpn_s.2.loss_bbox: 0.0357  rpn_s.2.loss_giou: 0.3606  rpn_s.3.loss_cls: 0.3122  rpn_s.3.loss_bbox: 0.0330  rpn_s.3.loss_giou: 0.3424  s0.loss_cls: 0.3527  s0.pos_acc: 90.0000  s0.loss_bbox: 0.5679  s0.loss_iou: 1.1692  s1.loss_cls: 0.3601  s1.pos_acc: 95.0000  s1.loss_bbox: 0.6599  s1.loss_iou: 1.2146
2026/03/27 18:15:30 - mmengine - INFO - Epoch(train) [12][ 5200/10002]  lr: 2.5000e-05  eta: 16:34:04  time: 0.3766  data_time: 0.0032  memory: 7329  grad_norm: 84.7570  loss: 7.6479  rpn_s.0.loss_cls: 0.5785  rpn_s.0.loss_bbox: 0.1009  rpn_s.0.loss_giou: 0.7037  rpn_s.1.loss_cls: 0.4139  rpn_s.1.loss_bbox: 0.0478  rpn_s.1.loss_giou: 0.3698  rpn_s.2.loss_cls: 0.3324  rpn_s.2.loss_bbox: 0.0391  rpn_s.2.loss_giou: 0.3147  rpn_s.3.loss_cls: 0.2879  rpn_s.3.loss_bbox: 0.0366  rpn_s.3.loss_giou: 0.2961  s0.loss_cls: 0.3242  s0.pos_acc: 75.5639  s0.loss_bbox: 0.6683  s0.loss_iou: 1.0166  s1.loss_cls: 0.3338  s1.pos_acc: 69.9248  s1.loss_bbox: 0.6980  s1.loss_iou: 1.0856
2026/03/27 18:15:49 - mmengine - INFO - Epoch(train) [12][ 5250/10002]  lr: 2.5000e-05  eta: 16:33:39  time: 0.3815  data_time: 0.0033  memory: 7329  grad_norm: 136.2809  loss: 8.0741  rpn_s.0.loss_cls: 0.5933  rpn_s.0.loss_bbox: 0.1113  rpn_s.0.loss_giou: 0.8048  rpn_s.1.loss_cls: 0.4209  rpn_s.1.loss_bbox: 0.0512  rpn_s.1.loss_giou: 0.4063  rpn_s.2.loss_cls: 0.3469  rpn_s.2.loss_bbox: 0.0446  rpn_s.2.loss_giou: 0.3563  rpn_s.3.loss_cls: 0.3063  rpn_s.3.loss_bbox: 0.0413  rpn_s.3.loss_giou: 0.3331  s0.loss_cls: 0.3514  s0.pos_acc: 76.0870  s0.loss_bbox: 0.6104  s0.loss_iou: 1.1368  s1.loss_cls: 0.3649  s1.pos_acc: 76.0870  s1.loss_bbox: 0.6154  s1.loss_iou: 1.1788
2026/03/27 18:16:08 - mmengine - INFO - Epoch(train) [12][ 5300/10002]  lr: 2.5000e-05  eta: 16:33:23  time: 0.3869  data_time: 0.0033  memory: 7330  grad_norm: 81.3737  loss: 7.7751  rpn_s.0.loss_cls: 0.5641  rpn_s.0.loss_bbox: 0.1033  rpn_s.0.loss_giou: 0.7727  rpn_s.1.loss_cls: 0.4038  rpn_s.1.loss_bbox: 0.0458  rpn_s.1.loss_giou: 0.3924  rpn_s.2.loss_cls: 0.3278  rpn_s.2.loss_bbox: 0.0379  rpn_s.2.loss_giou: 0.3345  rpn_s.3.loss_cls: 0.2850  rpn_s.3.loss_bbox: 0.0347  rpn_s.3.loss_giou: 0.3141  s0.loss_cls: 0.3065  s0.pos_acc: 100.0000  s0.loss_bbox: 0.6442  s0.loss_iou: 1.0866  s1.loss_cls: 0.3189  s1.pos_acc: 100.0000  s1.loss_bbox: 0.6753  s1.loss_iou: 1.1276
2026/03/27 18:16:28 - mmengine - INFO - Epoch(train) [12][ 5350/10002]  lr: 2.5000e-05  eta: 16:33:09  time: 0.3889  data_time: 0.0033  memory: 7330  grad_norm: 94.4775  loss: 7.9400  rpn_s.0.loss_cls: 0.6064  rpn_s.0.loss_bbox: 0.1038  rpn_s.0.loss_giou: 0.7814  rpn_s.1.loss_cls: 0.4256  rpn_s.1.loss_bbox: 0.0463  rpn_s.1.loss_giou: 0.3974  rpn_s.2.loss_cls: 0.3464  rpn_s.2.loss_bbox: 0.0375  rpn_s.2.loss_giou: 0.3427  rpn_s.3.loss_cls: 0.2945  rpn_s.3.loss_bbox: 0.0363  rpn_s.3.loss_giou: 0.3240  s0.loss_cls: 0.3251  s0.pos_acc: 68.2927  s0.loss_bbox: 0.6642  s0.loss_iou: 1.0692  s1.loss_cls: 0.3297  s1.pos_acc: 73.1707  s1.loss_bbox: 0.6783  s1.loss_iou: 1.1313
2026/03/27 18:16:47 - mmengine - INFO - Epoch(train) [12][ 5400/10002]  lr: 2.5000e-05  eta: 16:32:47  time: 0.3834  data_time: 0.0033  memory: 7329  grad_norm: 83.3777  loss: 7.9784  rpn_s.0.loss_cls: 0.5922  rpn_s.0.loss_bbox: 0.1049  rpn_s.0.loss_giou: 0.7544  rpn_s.1.loss_cls: 0.4178  rpn_s.1.loss_bbox: 0.0478  rpn_s.1.loss_giou: 0.3831  rpn_s.2.loss_cls: 0.3540  rpn_s.2.loss_bbox: 0.0421  rpn_s.2.loss_giou: 0.3407  rpn_s.3.loss_cls: 0.3187  rpn_s.3.loss_bbox: 0.0377  rpn_s.3.loss_giou: 0.3219  s0.loss_cls: 0.3723  s0.pos_acc: 76.0000  s0.loss_bbox: 0.6296  s0.loss_iou: 1.0866  s1.loss_cls: 0.3696  s1.pos_acc: 72.0000  s1.loss_bbox: 0.6586  s1.loss_iou: 1.1465
2026/03/27 18:17:06 - mmengine - INFO - Epoch(train) [12][ 5450/10002]  lr: 2.5000e-05  eta: 16:32:25  time: 0.3837  data_time: 0.0033  memory: 7329  grad_norm: 318.5636  loss: 8.2241  rpn_s.0.loss_cls: 0.6316  rpn_s.0.loss_bbox: 0.1128  rpn_s.0.loss_giou: 0.8331  rpn_s.1.loss_cls: 0.4144  rpn_s.1.loss_bbox: 0.0450  rpn_s.1.loss_giou: 0.4164  rpn_s.2.loss_cls: 0.3448  rpn_s.2.loss_bbox: 0.0392  rpn_s.2.loss_giou: 0.3579  rpn_s.3.loss_cls: 0.3059  rpn_s.3.loss_bbox: 0.0350  rpn_s.3.loss_giou: 0.3364  s0.loss_cls: 0.3481  s0.pos_acc: 73.0263  s0.loss_bbox: 0.6181  s0.loss_iou: 1.1791  s1.loss_cls: 0.3698  s1.pos_acc: 67.1053  s1.loss_bbox: 0.6110  s1.loss_iou: 1.2254
2026/03/27 18:17:25 - mmengine - INFO - Epoch(train) [12][ 5500/10002]  lr: 2.5000e-05  eta: 16:32:06  time: 0.3854  data_time: 0.0032  memory: 7330  grad_norm: 82.4555  loss: 8.4381  rpn_s.0.loss_cls: 0.6260  rpn_s.0.loss_bbox: 0.1131  rpn_s.0.loss_giou: 0.8436  rpn_s.1.loss_cls: 0.4403  rpn_s.1.loss_bbox: 0.0513  rpn_s.1.loss_giou: 0.4298  rpn_s.2.loss_cls: 0.3696  rpn_s.2.loss_bbox: 0.0435  rpn_s.2.loss_giou: 0.3722  rpn_s.3.loss_cls: 0.3278  rpn_s.3.loss_bbox: 0.0404  rpn_s.3.loss_giou: 0.3519  s0.loss_cls: 0.3554  s0.pos_acc: 100.0000  s0.loss_bbox: 0.6146  s0.loss_iou: 1.1873  s1.loss_cls: 0.3673  s1.pos_acc: 100.0000  s1.loss_bbox: 0.6688  s1.loss_iou: 1.2352
2026/03/27 18:17:44 - mmengine - INFO - Epoch(train) [12][ 5550/10002]  lr: 2.5000e-05  eta: 16:31:44  time: 0.3832  data_time: 0.0033  memory: 7330  grad_norm: 89.5807  loss: 8.2124  rpn_s.0.loss_cls: 0.6231  rpn_s.0.loss_bbox: 0.1143  rpn_s.0.loss_giou: 0.7994  rpn_s.1.loss_cls: 0.4409  rpn_s.1.loss_bbox: 0.0541  rpn_s.1.loss_giou: 0.4191  rpn_s.2.loss_cls: 0.3773  rpn_s.2.loss_bbox: 0.0454  rpn_s.2.loss_giou: 0.3632  rpn_s.3.loss_cls: 0.3254  rpn_s.3.loss_bbox: 0.0424  rpn_s.3.loss_giou: 0.3378  s0.loss_cls: 0.3670  s0.pos_acc: 70.4819  s0.loss_bbox: 0.5790  s0.loss_iou: 1.1369  s1.loss_cls: 0.3850  s1.pos_acc: 71.0843  s1.loss_bbox: 0.6415  s1.loss_iou: 1.1604
2026/03/27 18:18:03 - mmengine - INFO - Epoch(train) [12][ 5600/10002]  lr: 2.5000e-05  eta: 16:31:18  time: 0.3803  data_time: 0.0033  memory: 7329  grad_norm: 97.1786  loss: 8.1675  rpn_s.0.loss_cls: 0.6194  rpn_s.0.loss_bbox: 0.1011  rpn_s.0.loss_giou: 0.8030  rpn_s.1.loss_cls: 0.4345  rpn_s.1.loss_bbox: 0.0433  rpn_s.1.loss_giou: 0.3929  rpn_s.2.loss_cls: 0.3626  rpn_s.2.loss_bbox: 0.0365  rpn_s.2.loss_giou: 0.3354  rpn_s.3.loss_cls: 0.3209  rpn_s.3.loss_bbox: 0.0324  rpn_s.3.loss_giou: 0.3115  s0.loss_cls: 0.3729  s0.pos_acc: 69.6629  s0.loss_bbox: 0.6904  s0.loss_iou: 1.0806  s1.loss_cls: 0.3756  s1.pos_acc: 73.5955  s1.loss_bbox: 0.7221  s1.loss_iou: 1.1324
2026/03/27 18:18:23 - mmengine - INFO - Epoch(train) [12][ 5650/10002]  lr: 2.5000e-05  eta: 16:30:56  time: 0.3828  data_time: 0.0032  memory: 7329  grad_norm: 154.3844  loss: 7.9182  rpn_s.0.loss_cls: 0.5835  rpn_s.0.loss_bbox: 0.1069  rpn_s.0.loss_giou: 0.7156  rpn_s.1.loss_cls: 0.4133  rpn_s.1.loss_bbox: 0.0544  rpn_s.1.loss_giou: 0.3832  rpn_s.2.loss_cls: 0.3493  rpn_s.2.loss_bbox: 0.0477  rpn_s.2.loss_giou: 0.3368  rpn_s.3.loss_cls: 0.3224  rpn_s.3.loss_bbox: 0.0465  rpn_s.3.loss_giou: 0.3288  s0.loss_cls: 0.3624  s0.pos_acc: 76.6667  s0.loss_bbox: 0.5897  s0.loss_iou: 1.1341  s1.loss_cls: 0.3550  s1.pos_acc: 76.6667  s1.loss_bbox: 0.5989  s1.loss_iou: 1.1896
2026/03/27 18:18:42 - mmengine - INFO - Epoch(train) [12][ 5700/10002]  lr: 2.5000e-05  eta: 16:30:38  time: 0.3859  data_time: 0.0032  memory: 7330  grad_norm: 62.8176  loss: 8.5648  rpn_s.0.loss_cls: 0.6355  rpn_s.0.loss_bbox: 0.1075  rpn_s.0.loss_giou: 0.8937  rpn_s.1.loss_cls: 0.4420  rpn_s.1.loss_bbox: 0.0453  rpn_s.1.loss_giou: 0.4392  rpn_s.2.loss_cls: 0.3675  rpn_s.2.loss_bbox: 0.0380  rpn_s.2.loss_giou: 0.3756  rpn_s.3.loss_cls: 0.3214  rpn_s.3.loss_bbox: 0.0347  rpn_s.3.loss_giou: 0.3558  s0.loss_cls: 0.3660  s0.pos_acc: 73.4597  s0.loss_bbox: 0.6555  s0.loss_iou: 1.2130  s1.loss_cls: 0.3761  s1.pos_acc: 71.8009  s1.loss_bbox: 0.6508  s1.loss_iou: 1.2471
2026/03/27 18:19:01 - mmengine - INFO - Epoch(train) [12][ 5750/10002]  lr: 2.5000e-05  eta: 16:30:21  time: 0.3869  data_time: 0.0032  memory: 7330  grad_norm: 78.3849  loss: 8.0851  rpn_s.0.loss_cls: 0.6120  rpn_s.0.loss_bbox: 0.1029  rpn_s.0.loss_giou: 0.7911  rpn_s.1.loss_cls: 0.4271  rpn_s.1.loss_bbox: 0.0419  rpn_s.1.loss_giou: 0.3959  rpn_s.2.loss_cls: 0.3521  rpn_s.2.loss_bbox: 0.0345  rpn_s.2.loss_giou: 0.3393  rpn_s.3.loss_cls: 0.3113  rpn_s.3.loss_bbox: 0.0324  rpn_s.3.loss_giou: 0.3189  s0.loss_cls: 0.3683  s0.pos_acc: 72.0779  s0.loss_bbox: 0.6568  s0.loss_iou: 1.0943  s1.loss_cls: 0.3845  s1.pos_acc: 67.5325  s1.loss_bbox: 0.6786  s1.loss_iou: 1.1432
2026/03/27 18:19:20 - mmengine - INFO - Epoch(train) [12][ 5800/10002]  lr: 2.5000e-05  eta: 16:29:57  time: 0.3820  data_time: 0.0032  memory: 7329  grad_norm: 133.9506  loss: 7.8702  rpn_s.0.loss_cls: 0.6235  rpn_s.0.loss_bbox: 0.1031  rpn_s.0.loss_giou: 0.7772  rpn_s.1.loss_cls: 0.4344  rpn_s.1.loss_bbox: 0.0433  rpn_s.1.loss_giou: 0.3795  rpn_s.2.loss_cls: 0.3562  rpn_s.2.loss_bbox: 0.0359  rpn_s.2.loss_giou: 0.3238  rpn_s.3.loss_cls: 0.3179  rpn_s.3.loss_bbox: 0.0332  rpn_s.3.loss_giou: 0.3101  s0.loss_cls: 0.3761  s0.pos_acc: 85.5263  s0.loss_bbox: 0.5775  s0.loss_iou: 1.0390  s1.loss_cls: 0.3955  s1.pos_acc: 85.5263  s1.loss_bbox: 0.6418  s1.loss_iou: 1.1025
2026/03/27 18:19:39 - mmengine - INFO - Epoch(train) [12][ 5850/10002]  lr: 2.5000e-05  eta: 16:29:29  time: 0.3779  data_time: 0.0032  memory: 7329  grad_norm: 98.4157  loss: 8.1019  rpn_s.0.loss_cls: 0.6066  rpn_s.0.loss_bbox: 0.1060  rpn_s.0.loss_giou: 0.7789  rpn_s.1.loss_cls: 0.4219  rpn_s.1.loss_bbox: 0.0461  rpn_s.1.loss_giou: 0.3864  rpn_s.2.loss_cls: 0.3516  rpn_s.2.loss_bbox: 0.0391  rpn_s.2.loss_giou: 0.3372  rpn_s.3.loss_cls: 0.3202  rpn_s.3.loss_bbox: 0.0361  rpn_s.3.loss_giou: 0.3228  s0.loss_cls: 0.3658  s0.pos_acc: 89.0625  s0.loss_bbox: 0.6956  s0.loss_iou: 1.0750  s1.loss_cls: 0.3788  s1.pos_acc: 90.6250  s1.loss_bbox: 0.7083  s1.loss_iou: 1.1254
2026/03/27 18:19:58 - mmengine - INFO - Epoch(train) [12][ 5900/10002]  lr: 2.5000e-05  eta: 16:29:03  time: 0.3805  data_time: 0.0033  memory: 7329  grad_norm: 120.3751  loss: 8.2377  rpn_s.0.loss_cls: 0.6111  rpn_s.0.loss_bbox: 0.1043  rpn_s.0.loss_giou: 0.7914  rpn_s.1.loss_cls: 0.4250  rpn_s.1.loss_bbox: 0.0450  rpn_s.1.loss_giou: 0.4011  rpn_s.2.loss_cls: 0.3592  rpn_s.2.loss_bbox: 0.0376  rpn_s.2.loss_giou: 0.3466  rpn_s.3.loss_cls: 0.3050  rpn_s.3.loss_bbox: 0.0353  rpn_s.3.loss_giou: 0.3298  s0.loss_cls: 0.3485  s0.pos_acc: 82.6531  s0.loss_bbox: 0.6945  s0.loss_iou: 1.1312  s1.loss_cls: 0.3698  s1.pos_acc: 79.5918  s1.loss_bbox: 0.7183  s1.loss_iou: 1.1840
2026/03/27 18:20:17 - mmengine - INFO - Epoch(train) [12][ 5950/10002]  lr: 2.5000e-05  eta: 16:28:35  time: 0.3776  data_time: 0.0032  memory: 7329  grad_norm: 87.8578  loss: 7.7634  rpn_s.0.loss_cls: 0.5590  rpn_s.0.loss_bbox: 0.1095  rpn_s.0.loss_giou: 0.7577  rpn_s.1.loss_cls: 0.4133  rpn_s.1.loss_bbox: 0.0491  rpn_s.1.loss_giou: 0.3762  rpn_s.2.loss_cls: 0.3334  rpn_s.2.loss_bbox: 0.0412  rpn_s.2.loss_giou: 0.3283  rpn_s.3.loss_cls: 0.2984  rpn_s.3.loss_bbox: 0.0384  rpn_s.3.loss_giou: 0.3099  s0.loss_cls: 0.3525  s0.pos_acc: 92.3077  s0.loss_bbox: 0.6528  s0.loss_iou: 1.0293  s1.loss_cls: 0.3677  s1.pos_acc: 92.3077  s1.loss_bbox: 0.6694  s1.loss_iou: 1.0774
2026/03/27 18:20:30 - mmengine - INFO - Exp name: GSDet_r50_b900_h2h4_h2r1_r2r1_2x_fair1m1.0_20260327_174101
2026/03/27 18:20:36 - mmengine - INFO - Epoch(train) [12][ 6000/10002]  lr: 2.5000e-05  eta: 16:28:04  time: 0.3765  data_time: 0.0033  memory: 7329  grad_norm: 81.0235  loss: 7.9937  rpn_s.0.loss_cls: 0.5864  rpn_s.0.loss_bbox: 0.1009  rpn_s.0.loss_giou: 0.7367  rpn_s.1.loss_cls: 0.4185  rpn_s.1.loss_bbox: 0.0449  rpn_s.1.loss_giou: 0.3787  rpn_s.2.loss_cls: 0.3481  rpn_s.2.loss_bbox: 0.0399  rpn_s.2.loss_giou: 0.3401  rpn_s.3.loss_cls: 0.3078  rpn_s.3.loss_bbox: 0.0377  rpn_s.3.loss_giou: 0.3229  s0.loss_cls: 0.3333  s0.pos_acc: 78.5714  s0.loss_bbox: 0.6450  s0.loss_iou: 1.1049  s1.loss_cls: 0.3549  s1.pos_acc: 71.4286  s1.loss_bbox: 0.7193  s1.loss_iou: 1.1737
2026/03/27 18:20:55 - mmengine - INFO - Epoch(train) [12][ 6050/10002]  lr: 2.5000e-05  eta: 16:27:40  time: 0.3810  data_time: 0.0033  memory: 7329  grad_norm: 81.6424  loss: 7.8488  rpn_s.0.loss_cls: 0.6089  rpn_s.0.loss_bbox: 0.1045  rpn_s.0.loss_giou: 0.7827  rpn_s.1.loss_cls: 0.4227  rpn_s.1.loss_bbox: 0.0434  rpn_s.1.loss_giou: 0.3899  rpn_s.2.loss_cls: 0.3493  rpn_s.2.loss_bbox: 0.0362  rpn_s.2.loss_giou: 0.3344  rpn_s.3.loss_cls: 0.3045  rpn_s.3.loss_bbox: 0.0331  rpn_s.3.loss_giou: 0.3126  s0.loss_cls: 0.3361  s0.pos_acc: 75.7143  s0.loss_bbox: 0.5854  s0.loss_iou: 1.0745  s1.loss_cls: 0.3672  s1.pos_acc: 71.4286  s1.loss_bbox: 0.6217  s1.loss_iou: 1.1416
2026/03/27 18:21:14 - mmengine - INFO - Epoch(train) [12][ 6100/10002]  lr: 2.5000e-05  eta: 16:27:19  time: 0.3834  data_time: 0.0033  memory: 7329  grad_norm: 77.9265  loss: 7.6740  rpn_s.0.loss_cls: 0.6200  rpn_s.0.loss_bbox: 0.1000  rpn_s.0.loss_giou: 0.7842  rpn_s.1.loss_cls: 0.4148  rpn_s.1.loss_bbox: 0.0415  rpn_s.1.loss_giou: 0.3655  rpn_s.2.loss_cls: 0.3487  rpn_s.2.loss_bbox: 0.0353  rpn_s.2.loss_giou: 0.3166  rpn_s.3.loss_cls: 0.3049  rpn_s.3.loss_bbox: 0.0337  rpn_s.3.loss_giou: 0.3004  s0.loss_cls: 0.3249  s0.pos_acc: 61.1111  s0.loss_bbox: 0.6113  s0.loss_iou: 1.0225  s1.loss_cls: 0.3442  s1.pos_acc: 52.7778  s1.loss_bbox: 0.6311  s1.loss_iou: 1.0745
2026/03/27 18:21:33 - mmengine - INFO - Epoch(train) [12][ 6150/10002]  lr: 2.5000e-05  eta: 16:27:00  time: 0.3845  data_time: 0.0033  memory: 7329  grad_norm: 77.5088  loss: 8.2272  rpn_s.0.loss_cls: 0.6265  rpn_s.0.loss_bbox: 0.1023  rpn_s.0.loss_giou: 0.8088  rpn_s.1.loss_cls: 0.4525  rpn_s.1.loss_bbox: 0.0447  rpn_s.1.loss_giou: 0.4007  rpn_s.2.loss_cls: 0.3757  rpn_s.2.loss_bbox: 0.0387  rpn_s.2.loss_giou: 0.3553  rpn_s.3.loss_cls: 0.3232  rpn_s.3.loss_bbox: 0.0363  rpn_s.3.loss_giou: 0.3366  s0.loss_cls: 0.3673  s0.pos_acc: 61.5385  s0.loss_bbox: 0.6226  s0.loss_iou: 1.1253  s1.loss_cls: 0.3883  s1.pos_acc: 55.7692  s1.loss_bbox: 0.6515  s1.loss_iou: 1.1709
2026/03/27 18:21:52 - mmengine - INFO - Epoch(train) [12][ 6200/10002]  lr: 2.5000e-05  eta: 16:26:34  time: 0.3795  data_time: 0.0032  memory: 7330  grad_norm: 81.5317  loss: 7.3896  rpn_s.0.loss_cls: 0.5836  rpn_s.0.loss_bbox: 0.0959  rpn_s.0.loss_giou: 0.6979  rpn_s.1.loss_cls: 0.4088  rpn_s.1.loss_bbox: 0.0399  rpn_s.1.loss_giou: 0.3422  rpn_s.2.loss_cls: 0.3266  rpn_s.2.loss_bbox: 0.0340  rpn_s.2.loss_giou: 0.2958  rpn_s.3.loss_cls: 0.2938  rpn_s.3.loss_bbox: 0.0309  rpn_s.3.loss_giou: 0.2730  s0.loss_cls: 0.3163  s0.pos_acc: 97.5000  s0.loss_bbox: 0.6810  s0.loss_iou: 0.9501  s1.loss_cls: 0.3327  s1.pos_acc: 97.5000  s1.loss_bbox: 0.6987  s1.loss_iou: 0.9885
2026/03/27 18:22:12 - mmengine - INFO - Epoch(train) [12][ 6250/10002]  lr: 2.5000e-05  eta: 16:26:17  time: 0.3872  data_time: 0.0032  memory: 7330  grad_norm: 88.9883  loss: 8.4245  rpn_s.0.loss_cls: 0.6268  rpn_s.0.loss_bbox: 0.1109  rpn_s.0.loss_giou: 0.8938  rpn_s.1.loss_cls: 0.4308  rpn_s.1.loss_bbox: 0.0475  rpn_s.1.loss_giou: 0.4271  rpn_s.2.loss_cls: 0.3713  rpn_s.2.loss_bbox: 0.0387  rpn_s.2.loss_giou: 0.3610  rpn_s.3.loss_cls: 0.3242  rpn_s.3.loss_bbox: 0.0370  rpn_s.3.loss_giou: 0.3456  s0.loss_cls: 0.3524  s0.pos_acc: 92.1053  s0.loss_bbox: 0.6084  s0.loss_iou: 1.1802  s1.loss_cls: 0.3795  s1.pos_acc: 89.4737  s1.loss_bbox: 0.6720  s1.loss_iou: 1.2173
2026/03/27 18:22:31 - mmengine - INFO - Epoch(train) [12][ 6300/10002]  lr: 2.5000e-05  eta: 16:25:50  time: 0.3780  data_time: 0.0032  memory: 7329  grad_norm: 73.5840  loss: 7.9204  rpn_s.0.loss_cls: 0.5842  rpn_s.0.loss_bbox: 0.0974  rpn_s.0.loss_giou: 0.7311  rpn_s.1.loss_cls: 0.4267  rpn_s.1.loss_bbox: 0.0427  rpn_s.1.loss_giou: 0.3723  rpn_s.2.loss_cls: 0.3511  rpn_s.2.loss_bbox: 0.0367  rpn_s.2.loss_giou: 0.3263  rpn_s.3.loss_cls: 0.3091  rpn_s.3.loss_bbox: 0.0359  rpn_s.3.loss_giou: 0.3133  s0.loss_cls: 0.3313  s0.pos_acc: 75.0000  s0.loss_bbox: 0.7212  s0.loss_iou: 1.0439  s1.loss_cls: 0.3619  s1.pos_acc: 56.2500  s1.loss_bbox: 0.7414  s1.loss_iou: 1.0939
2026/03/27 18:22:50 - mmengine - INFO - Epoch(train) [12][ 6350/10002]  lr: 2.5000e-05  eta: 16:25:27  time: 0.3815  data_time: 0.0032  memory: 7329  grad_norm: 99.6151  loss: 8.0901  rpn_s.0.loss_cls: 0.6181  rpn_s.0.loss_bbox: 0.1065  rpn_s.0.loss_giou: 0.7866  rpn_s.1.loss_cls: 0.4410  rpn_s.1.loss_bbox: 0.0473  rpn_s.1.loss_giou: 0.3918  rpn_s.2.loss_cls: 0.3672  rpn_s.2.loss_bbox: 0.0402  rpn_s.2.loss_giou: 0.3400  rpn_s.3.loss_cls: 0.3318  rpn_s.3.loss_bbox: 0.0365  rpn_s.3.loss_giou: 0.3221  s0.loss_cls: 0.3629  s0.pos_acc: 82.2222  s0.loss_bbox: 0.6186  s0.loss_iou: 1.0967  s1.loss_cls: 0.3885  s1.pos_acc: 80.0000  s1.loss_bbox: 0.6614  s1.loss_iou: 1.1331
2026/03/27 18:23:09 - mmengine - INFO - Epoch(train) [12][ 6400/10002]  lr: 2.5000e-05  eta: 16:25:00  time: 0.3788  data_time: 0.0032  memory: 7329  grad_norm: 85.4520  loss: 7.7304  rpn_s.0.loss_cls: 0.5969  rpn_s.0.loss_bbox: 0.1063  rpn_s.0.loss_giou: 0.7457  rpn_s.1.loss_cls: 0.4131  rpn_s.1.loss_bbox: 0.0480  rpn_s.1.loss_giou: 0.3714  rpn_s.2.loss_cls: 0.3430  rpn_s.2.loss_bbox: 0.0407  rpn_s.2.loss_giou: 0.3236  rpn_s.3.loss_cls: 0.3031  rpn_s.3.loss_bbox: 0.0375  rpn_s.3.loss_giou: 0.3089  s0.loss_cls: 0.3368  s0.pos_acc: 89.4737  s0.loss_bbox: 0.6321  s0.loss_iou: 1.0313  s1.loss_cls: 0.3432  s1.pos_acc: 89.4737  s1.loss_bbox: 0.6677  s1.loss_iou: 1.0809
2026/03/27 18:23:28 - mmengine - INFO - Epoch(train) [12][ 6450/10002]  lr: 2.5000e-05  eta: 16:24:38  time: 0.3826  data_time: 0.0032  memory: 7329  grad_norm: 73.0239  loss: 8.5415  rpn_s.0.loss_cls: 0.6384  rpn_s.0.loss_bbox: 0.1100  rpn_s.0.loss_giou: 0.8842  rpn_s.1.loss_cls: 0.4440  rpn_s.1.loss_bbox: 0.0490  rpn_s.1.loss_giou: 0.4396  rpn_s.2.loss_cls: 0.3675  rpn_s.2.loss_bbox: 0.0418  rpn_s.2.loss_giou: 0.3815  rpn_s.3.loss_cls: 0.3301  rpn_s.3.loss_bbox: 0.0377  rpn_s.3.loss_giou: 0.3579  s0.loss_cls: 0.3579  s0.pos_acc: 100.0000  s0.loss_bbox: 0.5523  s0.loss_iou: 1.2468  s1.loss_cls: 0.3771  s1.pos_acc: 100.0000  s1.loss_bbox: 0.6283  s1.loss_iou: 1.2976
2026/03/27 18:23:47 - mmengine - INFO - Epoch(train) [12][ 6500/10002]  lr: 2.5000e-05  eta: 16:24:11  time: 0.3781  data_time: 0.0032  memory: 7329  grad_norm: 77.2975  loss: 8.3175  rpn_s.0.loss_cls: 0.6333  rpn_s.0.loss_bbox: 0.1074  rpn_s.0.loss_giou: 0.7698  rpn_s.1.loss_cls: 0.4545  rpn_s.1.loss_bbox: 0.0473  rpn_s.1.loss_giou: 0.3910  rpn_s.2.loss_cls: 0.3787  rpn_s.2.loss_bbox: 0.0405  rpn_s.2.loss_giou: 0.3452  rpn_s.3.loss_cls: 0.3445  rpn_s.3.loss_bbox: 0.0371  rpn_s.3.loss_giou: 0.3239  s0.loss_cls: 0.3828  s0.pos_acc: 80.8824  s0.loss_bbox: 0.6719  s0.loss_iou: 1.0940  s1.loss_cls: 0.3876  s1.pos_acc: 82.3529  s1.loss_bbox: 0.7574  s1.loss_iou: 1.1505
2026/03/27 18:24:06 - mmengine - INFO - Epoch(train) [12][ 6550/10002]  lr: 2.5000e-05  eta: 16:23:43  time: 0.3771  data_time: 0.0031  memory: 7329  grad_norm: 80.0791  loss: 8.1137  rpn_s.0.loss_cls: 0.6163  rpn_s.0.loss_bbox: 0.1029  rpn_s.0.loss_giou: 0.8247  rpn_s.1.loss_cls: 0.4218  rpn_s.1.loss_bbox: 0.0456  rpn_s.1.loss_giou: 0.4198  rpn_s.2.loss_cls: 0.3377  rpn_s.2.loss_bbox: 0.0389  rpn_s.2.loss_giou: 0.3641  rpn_s.3.loss_cls: 0.2946  rpn_s.3.loss_bbox: 0.0365  rpn_s.3.loss_giou: 0.3445  s0.loss_cls: 0.3193  s0.pos_acc: 72.8723  s0.loss_bbox: 0.5642  s0.loss_iou: 1.2129  s1.loss_cls: 0.3395  s1.pos_acc: 71.2766  s1.loss_bbox: 0.6015  s1.loss_iou: 1.2288
2026/03/27 18:24:25 - mmengine - INFO - Epoch(train) [12][ 6600/10002]  lr: 2.5000e-05  eta: 16:23:19  time: 0.3799  data_time: 0.0032  memory: 7329  grad_norm: 83.2547  loss: 8.5149  rpn_s.0.loss_cls: 0.6269  rpn_s.0.loss_bbox: 0.1108  rpn_s.0.loss_giou: 0.8043  rpn_s.1.loss_cls: 0.4394  rpn_s.1.loss_bbox: 0.0500  rpn_s.1.loss_giou: 0.4096  rpn_s.2.loss_cls: 0.3632  rpn_s.2.loss_bbox: 0.0467  rpn_s.2.loss_giou: 0.3654  rpn_s.3.loss_cls: 0.3333  rpn_s.3.loss_bbox: 0.0418  rpn_s.3.loss_giou: 0.3417  s0.loss_cls: 0.3872  s0.pos_acc: 77.2727  s0.loss_bbox: 0.7003  s0.loss_iou: 1.1624  s1.loss_cls: 0.3962  s1.pos_acc: 77.2727  s1.loss_bbox: 0.7456  s1.loss_iou: 1.1902
2026/03/27 18:24:43 - mmengine - INFO - Epoch(train) [12][ 6650/10002]  lr: 2.5000e-05  eta: 16:22:51  time: 0.3776  data_time: 0.0032  memory: 7329  grad_norm: 98.1731  loss: 7.8570  rpn_s.0.loss_cls: 0.6008  rpn_s.0.loss_bbox: 0.0998  rpn_s.0.loss_giou: 0.7445  rpn_s.1.loss_cls: 0.4009  rpn_s.1.loss_bbox: 0.0469  rpn_s.1.loss_giou: 0.3894  rpn_s.2.loss_cls: 0.3134  rpn_s.2.loss_bbox: 0.0397  rpn_s.2.loss_giou: 0.3448  rpn_s.3.loss_cls: 0.2766  rpn_s.3.loss_bbox: 0.0380  rpn_s.3.loss_giou: 0.3262  s0.loss_cls: 0.3228  s0.pos_acc: 50.0000  s0.loss_bbox: 0.6269  s0.loss_iou: 1.0776  s1.loss_cls: 0.3481  s1.pos_acc: 37.5000  s1.loss_bbox: 0.7373  s1.loss_iou: 1.1233
2026/03/27 18:25:03 - mmengine - INFO - Epoch(train) [12][ 6700/10002]  lr: 2.5000e-05  eta: 16:22:35  time: 0.3867  data_time: 0.0032  memory: 7330  grad_norm: 136.5955  loss: 8.1230  rpn_s.0.loss_cls: 0.6322  rpn_s.0.loss_bbox: 0.1044  rpn_s.0.loss_giou: 0.8446  rpn_s.1.loss_cls: 0.4342  rpn_s.1.loss_bbox: 0.0435  rpn_s.1.loss_giou: 0.4073  rpn_s.2.loss_cls: 0.3543  rpn_s.2.loss_bbox: 0.0374  rpn_s.2.loss_giou: 0.3537  rpn_s.3.loss_cls: 0.3108  rpn_s.3.loss_bbox: 0.0346  rpn_s.3.loss_giou: 0.3330  s0.loss_cls: 0.3555  s0.pos_acc: 78.0488  s0.loss_bbox: 0.5698  s0.loss_iou: 1.1423  s1.loss_cls: 0.3705  s1.pos_acc: 75.6098  s1.loss_bbox: 0.6067  s1.loss_iou: 1.1882
2026/03/27 18:25:22 - mmengine - INFO - Epoch(train) [12][ 6750/10002]  lr: 2.5000e-05  eta: 16:22:21  time: 0.3897  data_time: 0.0033  memory: 7330  grad_norm: 101.2155  loss: 8.0685  rpn_s.0.loss_cls: 0.6186  rpn_s.0.loss_bbox: 0.1011  rpn_s.0.loss_giou: 0.8364  rpn_s.1.loss_cls: 0.4106  rpn_s.1.loss_bbox: 0.0413  rpn_s.1.loss_giou: 0.4001  rpn_s.2.loss_cls: 0.3270  rpn_s.2.loss_bbox: 0.0335  rpn_s.2.loss_giou: 0.3391  rpn_s.3.loss_cls: 0.2843  rpn_s.3.loss_bbox: 0.0314  rpn_s.3.loss_giou: 0.3181  s0.loss_cls: 0.3222  s0.pos_acc: 100.0000  s0.loss_bbox: 0.6606  s0.loss_iou: 1.1159  s1.loss_cls: 0.3529  s1.pos_acc: 100.0000  s1.loss_bbox: 0.7000  s1.loss_iou: 1.1753
2026/03/27 18:25:41 - mmengine - INFO - Epoch(train) [12][ 6800/10002]  lr: 2.5000e-05  eta: 16:21:57  time: 0.3801  data_time: 0.0032  memory: 7329  grad_norm: 133.4398  loss: 7.8316  rpn_s.0.loss_cls: 0.5870  rpn_s.0.loss_bbox: 0.1105  rpn_s.0.loss_giou: 0.7768  rpn_s.1.loss_cls: 0.4178  rpn_s.1.loss_bbox: 0.0467  rpn_s.1.loss_giou: 0.3821  rpn_s.2.loss_cls: 0.3436  rpn_s.2.loss_bbox: 0.0383  rpn_s.2.loss_giou: 0.3319  rpn_s.3.loss_cls: 0.3015  rpn_s.3.loss_bbox: 0.0360  rpn_s.3.loss_giou: 0.3175  s0.loss_cls: 0.3374  s0.pos_acc: 83.3333  s0.loss_bbox: 0.6053  s0.loss_iou: 1.0559  s1.loss_cls: 0.3485  s1.pos_acc: 91.6667  s1.loss_bbox: 0.6642  s1.loss_iou: 1.1306
2026/03/27 18:26:00 - mmengine - INFO - Epoch(train) [12][ 6850/10002]  lr: 2.5000e-05  eta: 16:21:35  time: 0.3821  data_time: 0.0032  memory: 7329  grad_norm: 93.1817  loss: 7.9028  rpn_s.0.loss_cls: 0.6049  rpn_s.0.loss_bbox: 0.1019  rpn_s.0.loss_giou: 0.7374  rpn_s.1.loss_cls: 0.4270  rpn_s.1.loss_bbox: 0.0430  rpn_s.1.loss_giou: 0.3729  rpn_s.2.loss_cls: 0.3506  rpn_s.2.loss_bbox: 0.0363  rpn_s.2.loss_giou: 0.3221  rpn_s.3.loss_cls: 0.3162  rpn_s.3.loss_bbox: 0.0345  rpn_s.3.loss_giou: 0.3084  s0.loss_cls: 0.3517  s0.pos_acc: 100.0000  s0.loss_bbox: 0.6840  s0.loss_iou: 1.0476  s1.loss_cls: 0.3677  s1.pos_acc: 100.0000  s1.loss_bbox: 0.6963  s1.loss_iou: 1.1003
2026/03/27 18:26:20 - mmengine - INFO - Epoch(train) [12][ 6900/10002]  lr: 2.5000e-05  eta: 16:21:18  time: 0.3859  data_time: 0.0032  memory: 7330  grad_norm: 88.8912  loss: 8.5559  rpn_s.0.loss_cls: 0.6077  rpn_s.0.loss_bbox: 0.1139  rpn_s.0.loss_giou: 0.8613  rpn_s.1.loss_cls: 0.4156  rpn_s.1.loss_bbox: 0.0543  rpn_s.1.loss_giou: 0.4360  rpn_s.2.loss_cls: 0.3401  rpn_s.2.loss_bbox: 0.0444  rpn_s.2.loss_giou: 0.3730  rpn_s.3.loss_cls: 0.3023  rpn_s.3.loss_bbox: 0.0432  rpn_s.3.loss_giou: 0.3571  s0.loss_cls: 0.3521  s0.pos_acc: 94.6970  s0.loss_bbox: 0.6613  s0.loss_iou: 1.2212  s1.loss_cls: 0.3685  s1.pos_acc: 95.4545  s1.loss_bbox: 0.7215  s1.loss_iou: 1.2824
2026/03/27 18:26:39 - mmengine - INFO - Epoch(train) [12][ 6950/10002]  lr: 2.5000e-05  eta: 16:21:01  time: 0.3864  data_time: 0.0033  memory: 7330  grad_norm: 79.9460  loss: 8.2272  rpn_s.0.loss_cls: 0.5853  rpn_s.0.loss_bbox: 0.1088  rpn_s.0.loss_giou: 0.8374  rpn_s.1.loss_cls: 0.3994  rpn_s.1.loss_bbox: 0.0489  rpn_s.1.loss_giou: 0.4086  rpn_s.2.loss_cls: 0.3358  rpn_s.2.loss_bbox: 0.0398  rpn_s.2.loss_giou: 0.3546  rpn_s.3.loss_cls: 0.2920  rpn_s.3.loss_bbox: 0.0350  rpn_s.3.loss_giou: 0.3361  s0.loss_cls: 0.3391  s0.pos_acc: 77.3810  s0.loss_bbox: 0.6371  s0.loss_iou: 1.1626  s1.loss_cls: 0.3485  s1.pos_acc: 75.0000  s1.loss_bbox: 0.7319  s1.loss_iou: 1.2264
2026/03/27 18:26:52 - mmengine - INFO - Exp name: GSDet_r50_b900_h2h4_h2r1_r2r1_2x_fair1m1.0_20260327_174101
2026/03/27 18:26:58 - mmengine - INFO - Epoch(train) [12][ 7000/10002]  lr: 2.5000e-05  eta: 16:20:39  time: 0.3824  data_time: 0.0033  memory: 7330  grad_norm: 78.2242  loss: 7.8716  rpn_s.0.loss_cls: 0.6222  rpn_s.0.loss_bbox: 0.1080  rpn_s.0.loss_giou: 0.7868  rpn_s.1.loss_cls: 0.4176  rpn_s.1.loss_bbox: 0.0434  rpn_s.1.loss_giou: 0.3780  rpn_s.2.loss_cls: 0.3413  rpn_s.2.loss_bbox: 0.0366  rpn_s.2.loss_giou: 0.3306  rpn_s.3.loss_cls: 0.3079  rpn_s.3.loss_bbox: 0.0347  rpn_s.3.loss_giou: 0.3128  s0.loss_cls: 0.3523  s0.pos_acc: 94.2857  s0.loss_bbox: 0.6464  s0.loss_iou: 1.0133  s1.loss_cls: 0.3712  s1.pos_acc: 94.2857  s1.loss_bbox: 0.6973  s1.loss_iou: 1.0711
2026/03/27 18:27:17 - mmengine - INFO - Epoch(train) [12][ 7050/10002]  lr: 2.5000e-05  eta: 16:20:09  time: 0.3749  data_time: 0.0033  memory: 7329  grad_norm: 80.6028  loss: 7.7524  rpn_s.0.loss_cls: 0.6068  rpn_s.0.loss_bbox: 0.1034  rpn_s.0.loss_giou: 0.7616  rpn_s.1.loss_cls: 0.4112  rpn_s.1.loss_bbox: 0.0463  rpn_s.1.loss_giou: 0.3786  rpn_s.2.loss_cls: 0.3269  rpn_s.2.loss_bbox: 0.0400  rpn_s.2.loss_giou: 0.3325  rpn_s.3.loss_cls: 0.2900  rpn_s.3.loss_bbox: 0.0379  rpn_s.3.loss_giou: 0.3176  s0.loss_cls: 0.3333  s0.pos_acc: 83.7500  s0.loss_bbox: 0.6288  s0.loss_iou: 1.0405  s1.loss_cls: 0.3594  s1.pos_acc: 85.0000  s1.loss_bbox: 0.6781  s1.loss_iou: 1.0595
2026/03/27 18:27:36 - mmengine - INFO - Epoch(train) [12][ 7100/10002]  lr: 2.5000e-05  eta: 16:19:43  time: 0.3778  data_time: 0.0032  memory: 7329  grad_norm: 80.6274  loss: 7.7975  rpn_s.0.loss_cls: 0.5751  rpn_s.0.loss_bbox: 0.1013  rpn_s.0.loss_giou: 0.7701  rpn_s.1.loss_cls: 0.3948  rpn_s.1.loss_bbox: 0.0453  rpn_s.1.loss_giou: 0.3930  rpn_s.2.loss_cls: 0.3234  rpn_s.2.loss_bbox: 0.0374  rpn_s.2.loss_giou: 0.3379  rpn_s.3.loss_cls: 0.2860  rpn_s.3.loss_bbox: 0.0351  rpn_s.3.loss_giou: 0.3205  s0.loss_cls: 0.3248  s0.pos_acc: 62.0000  s0.loss_bbox: 0.6007  s0.loss_iou: 1.1237  s1.loss_cls: 0.3443  s1.pos_acc: 64.0000  s1.loss_bbox: 0.6328  s1.loss_iou: 1.1510
2026/03/27 18:27:55 - mmengine - INFO - Epoch(train) [12][ 7150/10002]  lr: 2.5000e-05  eta: 16:19:22  time: 0.3829  data_time: 0.0032  memory: 7329  grad_norm: 75.1140  loss: 8.1053  rpn_s.0.loss_cls: 0.6113  rpn_s.0.loss_bbox: 0.1064  rpn_s.0.loss_giou: 0.8284  rpn_s.1.loss_cls: 0.4301  rpn_s.1.loss_bbox: 0.0448  rpn_s.1.loss_giou: 0.3974  rpn_s.2.loss_cls: 0.3597  rpn_s.2.loss_bbox: 0.0372  rpn_s.2.loss_giou: 0.3404  rpn_s.3.loss_cls: 0.3224  rpn_s.3.loss_bbox: 0.0355  rpn_s.3.loss_giou: 0.3247  s0.loss_cls: 0.3446  s0.pos_acc: 74.1667  s0.loss_bbox: 0.6551  s0.loss_iou: 1.0730  s1.loss_cls: 0.3629  s1.pos_acc: 75.8333  s1.loss_bbox: 0.7244  s1.loss_iou: 1.1069
2026/03/27 18:28:14 - mmengine - INFO - Epoch(train) [12][ 7200/10002]  lr: 2.5000e-05  eta: 16:18:59  time: 0.3807  data_time: 0.0033  memory: 7329  grad_norm: 75.7077  loss: 8.1288  rpn_s.0.loss_cls: 0.6312  rpn_s.0.loss_bbox: 0.1131  rpn_s.0.loss_giou: 0.7769  rpn_s.1.loss_cls: 0.4221  rpn_s.1.loss_bbox: 0.0519  rpn_s.1.loss_giou: 0.3937  rpn_s.2.loss_cls: 0.3544  rpn_s.2.loss_bbox: 0.0438  rpn_s.2.loss_giou: 0.3433  rpn_s.3.loss_cls: 0.3203  rpn_s.3.loss_bbox: 0.0409  rpn_s.3.loss_giou: 0.3260  s0.loss_cls: 0.3570  s0.pos_acc: 66.6667  s0.loss_bbox: 0.6348  s0.loss_iou: 1.0907  s1.loss_cls: 0.3707  s1.pos_acc: 60.0000  s1.loss_bbox: 0.6990  s1.loss_iou: 1.1590
2026/03/27 18:28:33 - mmengine - INFO - Epoch(train) [12][ 7250/10002]  lr: 2.5000e-05  eta: 16:18:35  time: 0.3798  data_time: 0.0033  memory: 7329  grad_norm: 87.2702  loss: 7.9488  rpn_s.0.loss_cls: 0.5892  rpn_s.0.loss_bbox: 0.1019  rpn_s.0.loss_giou: 0.7394  rpn_s.1.loss_cls: 0.4157  rpn_s.1.loss_bbox: 0.0476  rpn_s.1.loss_giou: 0.3981  rpn_s.2.loss_cls: 0.3362  rpn_s.2.loss_bbox: 0.0409  rpn_s.2.loss_giou: 0.3453  rpn_s.3.loss_cls: 0.3035  rpn_s.3.loss_bbox: 0.0383  rpn_s.3.loss_giou: 0.3315  s0.loss_cls: 0.3333  s0.pos_acc: 69.7917  s0.loss_bbox: 0.6632  s0.loss_iou: 1.0889  s1.loss_cls: 0.3483  s1.pos_acc: 69.7917  s1.loss_bbox: 0.7117  s1.loss_iou: 1.1158
2026/03/27 18:28:52 - mmengine - INFO - Epoch(train) [12][ 7300/10002]  lr: 2.5000e-05  eta: 16:18:09  time: 0.3775  data_time: 0.0033  memory: 7329  grad_norm: 80.6042  loss: 8.1542  rpn_s.0.loss_cls: 0.6058  rpn_s.0.loss_bbox: 0.1006  rpn_s.0.loss_giou: 0.8047  rpn_s.1.loss_cls: 0.4176  rpn_s.1.loss_bbox: 0.0445  rpn_s.1.loss_giou: 0.4039  rpn_s.2.loss_cls: 0.3427  rpn_s.2.loss_bbox: 0.0377  rpn_s.2.loss_giou: 0.3457  rpn_s.3.loss_cls: 0.3041  rpn_s.3.loss_bbox: 0.0357  rpn_s.3.loss_giou: 0.3228  s0.loss_cls: 0.3420  s0.pos_acc: 100.0000  s0.loss_bbox: 0.6631  s0.loss_iou: 1.1105  s1.loss_cls: 0.3718  s1.pos_acc: 100.0000  s1.loss_bbox: 0.7536  s1.loss_iou: 1.1473
2026/03/27 18:29:11 - mmengine - INFO - Epoch(train) [12][ 7350/10002]  lr: 2.5000e-05  eta: 16:17:44  time: 0.3788  data_time: 0.0033  memory: 7329  grad_norm: 94.5744  loss: 8.2838  rpn_s.0.loss_cls: 0.6165  rpn_s.0.loss_bbox: 0.1118  rpn_s.0.loss_giou: 0.8164  rpn_s.1.loss_cls: 0.4202  rpn_s.1.loss_bbox: 0.0470  rpn_s.1.loss_giou: 0.4097  rpn_s.2.loss_cls: 0.3531  rpn_s.2.loss_bbox: 0.0407  rpn_s.2.loss_giou: 0.3595  rpn_s.3.loss_cls: 0.3080  rpn_s.3.loss_bbox: 0.0370  rpn_s.3.loss_giou: 0.3382  s0.loss_cls: 0.3549  s0.pos_acc: 71.4286  s0.loss_bbox: 0.6145  s0.loss_iou: 1.1625  s1.loss_cls: 0.3799  s1.pos_acc: 75.0000  s1.loss_bbox: 0.6998  s1.loss_iou: 1.2141
2026/03/27 18:29:30 - mmengine - INFO - Epoch(train) [12][ 7400/10002]  lr: 2.5000e-05  eta: 16:17:21  time: 0.3810  data_time: 0.0032  memory: 7329  grad_norm: 73.2822  loss: 8.4330  rpn_s.0.loss_cls: 0.6245  rpn_s.0.loss_bbox: 0.1108  rpn_s.0.loss_giou: 0.8587  rpn_s.1.loss_cls: 0.4351  rpn_s.1.loss_bbox: 0.0460  rpn_s.1.loss_giou: 0.4302  rpn_s.2.loss_cls: 0.3490  rpn_s.2.loss_bbox: 0.0408  rpn_s.2.loss_giou: 0.3764  rpn_s.3.loss_cls: 0.3088  rpn_s.3.loss_bbox: 0.0375  rpn_s.3.loss_giou: 0.3537  s0.loss_cls: 0.3460  s0.pos_acc: 82.5758  s0.loss_bbox: 0.6197  s0.loss_iou: 1.1903  s1.loss_cls: 0.3657  s1.pos_acc: 83.3333  s1.loss_bbox: 0.7102  s1.loss_iou: 1.2297
2026/03/27 18:29:49 - mmengine - INFO - Epoch(train) [12][ 7450/10002]  lr: 2.5000e-05  eta: 16:16:55  time: 0.3777  data_time: 0.0032  memory: 7329  grad_norm: 75.3510  loss: 8.4412  rpn_s.0.loss_cls: 0.6418  rpn_s.0.loss_bbox: 0.1047  rpn_s.0.loss_giou: 0.8196  rpn_s.1.loss_cls: 0.4431  rpn_s.1.loss_bbox: 0.0475  rpn_s.1.loss_giou: 0.4286  rpn_s.2.loss_cls: 0.3653  rpn_s.2.loss_bbox: 0.0407  rpn_s.2.loss_giou: 0.3667  rpn_s.3.loss_cls: 0.3246  rpn_s.3.loss_bbox: 0.0404  rpn_s.3.loss_giou: 0.3514  s0.loss_cls: 0.3566  s0.pos_acc: 100.0000  s0.loss_bbox: 0.6040  s0.loss_iou: 1.2033  s1.loss_cls: 0.3780  s1.pos_acc: 100.0000  s1.loss_bbox: 0.6710  s1.loss_iou: 1.2539
2026/03/27 18:30:08 - mmengine - INFO - Epoch(train) [12][ 7500/10002]  lr: 2.5000e-05  eta: 16:16:30  time: 0.3780  data_time: 0.0032  memory: 7329  grad_norm: 99.1321  loss: 8.1367  rpn_s.0.loss_cls: 0.6475  rpn_s.0.loss_bbox: 0.1102  rpn_s.0.loss_giou: 0.8040  rpn_s.1.loss_cls: 0.4483  rpn_s.1.loss_bbox: 0.0455  rpn_s.1.loss_giou: 0.3934  rpn_s.2.loss_cls: 0.3608  rpn_s.2.loss_bbox: 0.0387  rpn_s.2.loss_giou: 0.3389  rpn_s.3.loss_cls: 0.3178  rpn_s.3.loss_bbox: 0.0354  rpn_s.3.loss_giou: 0.3208  s0.loss_cls: 0.3521  s0.pos_acc: 75.0000  s0.loss_bbox: 0.6402  s0.loss_iou: 1.0768  s1.loss_cls: 0.3686  s1.pos_acc: 71.4286  s1.loss_bbox: 0.7193  s1.loss_iou: 1.1185
2026/03/27 18:30:27 - mmengine - INFO - Epoch(train) [12][ 7550/10002]  lr: 2.5000e-05  eta: 16:16:14  time: 0.3874  data_time: 0.0032  memory: 7330  grad_norm: 88.0413  loss: 7.6242  rpn_s.0.loss_cls: 0.5825  rpn_s.0.loss_bbox: 0.1057  rpn_s.0.loss_giou: 0.7459  rpn_s.1.loss_cls: 0.4206  rpn_s.1.loss_bbox: 0.0470  rpn_s.1.loss_giou: 0.3734  rpn_s.2.loss_cls: 0.3362  rpn_s.2.loss_bbox: 0.0392  rpn_s.2.loss_giou: 0.3160  rpn_s.3.loss_cls: 0.3010  rpn_s.3.loss_bbox: 0.0351  rpn_s.3.loss_giou: 0.2968  s0.loss_cls: 0.3456  s0.pos_acc: 80.7692  s0.loss_bbox: 0.5450  s0.loss_iou: 1.0672  s1.loss_cls: 0.3554  s1.pos_acc: 69.2308  s1.loss_bbox: 0.5997  s1.loss_iou: 1.1117
2026/03/27 18:30:46 - mmengine - INFO - Epoch(train) [12][ 7600/10002]  lr: 2.5000e-05  eta: 16:15:53  time: 0.3819  data_time: 0.0032  memory: 7330  grad_norm: 85.7030  loss: 7.6385  rpn_s.0.loss_cls: 0.5981  rpn_s.0.loss_bbox: 0.1047  rpn_s.0.loss_giou: 0.7544  rpn_s.1.loss_cls: 0.4059  rpn_s.1.loss_bbox: 0.0455  rpn_s.1.loss_giou: 0.3748  rpn_s.2.loss_cls: 0.3252  rpn_s.2.loss_bbox: 0.0397  rpn_s.2.loss_giou: 0.3295  rpn_s.3.loss_cls: 0.2874  rpn_s.3.loss_bbox: 0.0365  rpn_s.3.loss_giou: 0.3093  s0.loss_cls: 0.3241  s0.pos_acc: 69.4444  s0.loss_bbox: 0.5561  s0.loss_iou: 1.0741  s1.loss_cls: 0.3377  s1.pos_acc: 69.4444  s1.loss_bbox: 0.6263  s1.loss_iou: 1.1094
2026/03/27 18:31:05 - mmengine - INFO - Epoch(train) [12][ 7650/10002]  lr: 2.5000e-05  eta: 16:15:32  time: 0.3823  data_time: 0.0033  memory: 7329  grad_norm: 89.9540  loss: 8.3854  rpn_s.0.loss_cls: 0.6154  rpn_s.0.loss_bbox: 0.1153  rpn_s.0.loss_giou: 0.8117  rpn_s.1.loss_cls: 0.4318  rpn_s.1.loss_bbox: 0.0536  rpn_s.1.loss_giou: 0.4221  rpn_s.2.loss_cls: 0.3568  rpn_s.2.loss_bbox: 0.0465  rpn_s.2.loss_giou: 0.3622  rpn_s.3.loss_cls: 0.3198  rpn_s.3.loss_bbox: 0.0439  rpn_s.3.loss_giou: 0.3442  s0.loss_cls: 0.3654  s0.pos_acc: 42.8571  s0.loss_bbox: 0.5918  s0.loss_iou: 1.2201  s1.loss_cls: 0.3906  s1.pos_acc: 51.7857  s1.loss_bbox: 0.6399  s1.loss_iou: 1.2544
2026/03/27 18:31:24 - mmengine - INFO - Epoch(train) [12][ 7700/10002]  lr: 2.5000e-05  eta: 16:15:08  time: 0.3796  data_time: 0.0033  memory: 7329  grad_norm: 101.8386  loss: 7.7580  rpn_s.0.loss_cls: 0.6012  rpn_s.0.loss_bbox: 0.0993  rpn_s.0.loss_giou: 0.7503  rpn_s.1.loss_cls: 0.4069  rpn_s.1.loss_bbox: 0.0445  rpn_s.1.loss_giou: 0.3814  rpn_s.2.loss_cls: 0.3366  rpn_s.2.loss_bbox: 0.0370  rpn_s.2.loss_giou: 0.3306  rpn_s.3.loss_cls: 0.2950  rpn_s.3.loss_bbox: 0.0344  rpn_s.3.loss_giou: 0.3110  s0.loss_cls: 0.3366  s0.pos_acc: 71.4286  s0.loss_bbox: 0.6309  s0.loss_iou: 1.0592  s1.loss_cls: 0.3591  s1.pos_acc: 70.5357  s1.loss_bbox: 0.6502  s1.loss_iou: 1.0938
2026/03/27 18:31:43 - mmengine - INFO - Epoch(train) [12][ 7750/10002]  lr: 2.5000e-05  eta: 16:14:45  time: 0.3799  data_time: 0.0032  memory: 7329  grad_norm: 74.6579  loss: 8.8632  rpn_s.0.loss_cls: 0.6580  rpn_s.0.loss_bbox: 0.1108  rpn_s.0.loss_giou: 0.9053  rpn_s.1.loss_cls: 0.4559  rpn_s.1.loss_bbox: 0.0442  rpn_s.1.loss_giou: 0.4438  rpn_s.2.loss_cls: 0.3785  rpn_s.2.loss_bbox: 0.0362  rpn_s.2.loss_giou: 0.3796  rpn_s.3.loss_cls: 0.3403  rpn_s.3.loss_bbox: 0.0339  rpn_s.3.loss_giou: 0.3613  s0.loss_cls: 0.3784  s0.pos_acc: 77.5862  s0.loss_bbox: 0.6668  s0.loss_iou: 1.2297  s1.loss_cls: 0.3959  s1.pos_acc: 79.3103  s1.loss_bbox: 0.7548  s1.loss_iou: 1.2900
2026/03/27 18:32:02 - mmengine - INFO - Epoch(train) [12][ 7800/10002]  lr: 2.5000e-05  eta: 16:14:25  time: 0.3833  data_time: 0.0032  memory: 7329  grad_norm: 74.8389  loss: 8.0851  rpn_s.0.loss_cls: 0.6120  rpn_s.0.loss_bbox: 0.1118  rpn_s.0.loss_giou: 0.8176  rpn_s.1.loss_cls: 0.4187  rpn_s.1.loss_bbox: 0.0498  rpn_s.1.loss_giou: 0.4123  rpn_s.2.loss_cls: 0.3533  rpn_s.2.loss_bbox: 0.0402  rpn_s.2.loss_giou: 0.3517  rpn_s.3.loss_cls: 0.3126  rpn_s.3.loss_bbox: 0.0385  rpn_s.3.loss_giou: 0.3343  s0.loss_cls: 0.3406  s0.pos_acc: 78.2051  s0.loss_bbox: 0.5747  s0.loss_iou: 1.1281  s1.loss_cls: 0.3674  s1.pos_acc: 76.9231  s1.loss_bbox: 0.6396  s1.loss_iou: 1.1818
2026/03/27 18:32:21 - mmengine - INFO - Epoch(train) [12][ 7850/10002]  lr: 2.5000e-05  eta: 16:14:03  time: 0.3817  data_time: 0.0032  memory: 7329  grad_norm: 73.4804  loss: 7.4468  rpn_s.0.loss_cls: 0.5803  rpn_s.0.loss_bbox: 0.1002  rpn_s.0.loss_giou: 0.7442  rpn_s.1.loss_cls: 0.3882  rpn_s.1.loss_bbox: 0.0408  rpn_s.1.loss_giou: 0.3660  rpn_s.2.loss_cls: 0.3094  rpn_s.2.loss_bbox: 0.0351  rpn_s.2.loss_giou: 0.3198  rpn_s.3.loss_cls: 0.2720  rpn_s.3.loss_bbox: 0.0332  rpn_s.3.loss_giou: 0.3020  s0.loss_cls: 0.3090  s0.pos_acc: 83.9286  s0.loss_bbox: 0.5653  s0.loss_iou: 1.0138  s1.loss_cls: 0.3380  s1.pos_acc: 80.3571  s1.loss_bbox: 0.6774  s1.loss_iou: 1.0519
2026/03/27 18:32:41 - mmengine - INFO - Epoch(train) [12][ 7900/10002]  lr: 2.5000e-05  eta: 16:13:41  time: 0.3815  data_time: 0.0033  memory: 7329  grad_norm: 83.8458  loss: 8.4588  rpn_s.0.loss_cls: 0.6295  rpn_s.0.loss_bbox: 0.1182  rpn_s.0.loss_giou: 0.8675  rpn_s.1.loss_cls: 0.4272  rpn_s.1.loss_bbox: 0.0502  rpn_s.1.loss_giou: 0.4316  rpn_s.2.loss_cls: 0.3540  rpn_s.2.loss_bbox: 0.0431  rpn_s.2.loss_giou: 0.3726  rpn_s.3.loss_cls: 0.3108  rpn_s.3.loss_bbox: 0.0414  rpn_s.3.loss_giou: 0.3544  s0.loss_cls: 0.3392  s0.pos_acc: 100.0000  s0.loss_bbox: 0.6137  s0.loss_iou: 1.1869  s1.loss_cls: 0.3751  s1.pos_acc: 100.0000  s1.loss_bbox: 0.6912  s1.loss_iou: 1.2523
2026/03/27 18:33:00 - mmengine - INFO - Epoch(train) [12][ 7950/10002]  lr: 2.5000e-05  eta: 16:13:20  time: 0.3816  data_time: 0.0033  memory: 7330  grad_norm: 80.1095  loss: 8.0261  rpn_s.0.loss_cls: 0.6049  rpn_s.0.loss_bbox: 0.1023  rpn_s.0.loss_giou: 0.7909  rpn_s.1.loss_cls: 0.4222  rpn_s.1.loss_bbox: 0.0431  rpn_s.1.loss_giou: 0.3904  rpn_s.2.loss_cls: 0.3504  rpn_s.2.loss_bbox: 0.0364  rpn_s.2.loss_giou: 0.3387  rpn_s.3.loss_cls: 0.3097  rpn_s.3.loss_bbox: 0.0343  rpn_s.3.loss_giou: 0.3243  s0.loss_cls: 0.3509  s0.pos_acc: 86.3636  s0.loss_bbox: 0.6105  s0.loss_iou: 1.0705  s1.loss_cls: 0.3694  s1.pos_acc: 72.7273  s1.loss_bbox: 0.7153  s1.loss_iou: 1.1619
2026/03/27 18:33:12 - mmengine - INFO - Exp name: GSDet_r50_b900_h2h4_h2r1_r2r1_2x_fair1m1.0_20260327_174101
2026/03/27 18:33:19 - mmengine - INFO - Epoch(train) [12][ 8000/10002]  lr: 2.5000e-05  eta: 16:12:56  time: 0.3785  data_time: 0.0032  memory: 7329  grad_norm: 82.6578  loss: 8.1065  rpn_s.0.loss_cls: 0.6357  rpn_s.0.loss_bbox: 0.0978  rpn_s.0.loss_giou: 0.8313  rpn_s.1.loss_cls: 0.4283  rpn_s.1.loss_bbox: 0.0405  rpn_s.1.loss_giou: 0.4075  rpn_s.2.loss_cls: 0.3509  rpn_s.2.loss_bbox: 0.0342  rpn_s.2.loss_giou: 0.3478  rpn_s.3.loss_cls: 0.3238  rpn_s.3.loss_bbox: 0.0312  rpn_s.3.loss_giou: 0.3295  s0.loss_cls: 0.3571  s0.pos_acc: 68.0851  s0.loss_bbox: 0.6080  s0.loss_iou: 1.1025  s1.loss_cls: 0.3779  s1.pos_acc: 63.4752  s1.loss_bbox: 0.6566  s1.loss_iou: 1.1461
2026/03/27 18:33:38 - mmengine - INFO - Epoch(train) [12][ 8050/10002]  lr: 2.5000e-05  eta: 16:12:37  time: 0.3844  data_time: 0.0032  memory: 7330  grad_norm: 81.5643  loss: 7.6385  rpn_s.0.loss_cls: 0.6023  rpn_s.0.loss_bbox: 0.1060  rpn_s.0.loss_giou: 0.7238  rpn_s.1.loss_cls: 0.4266  rpn_s.1.loss_bbox: 0.0485  rpn_s.1.loss_giou: 0.3691  rpn_s.2.loss_cls: 0.3452  rpn_s.2.loss_bbox: 0.0399  rpn_s.2.loss_giou: 0.3163  rpn_s.3.loss_cls: 0.3017  rpn_s.3.loss_bbox: 0.0378  rpn_s.3.loss_giou: 0.3000  s0.loss_cls: 0.3311  s0.pos_acc: 60.0000  s0.loss_bbox: 0.5922  s0.loss_iou: 1.0319  s1.loss_cls: 0.3407  s1.pos_acc: 60.0000  s1.loss_bbox: 0.6421  s1.loss_iou: 1.0834
2026/03/27 18:33:57 - mmengine - INFO - Epoch(train) [12][ 8100/10002]  lr: 2.5000e-05  eta: 16:12:15  time: 0.3815  data_time: 0.0033  memory: 7329  grad_norm: 71.4960  loss: 8.1591  rpn_s.0.loss_cls: 0.6104  rpn_s.0.loss_bbox: 0.1058  rpn_s.0.loss_giou: 0.8114  rpn_s.1.loss_cls: 0.4093  rpn_s.1.loss_bbox: 0.0456  rpn_s.1.loss_giou: 0.4125  rpn_s.2.loss_cls: 0.3428  rpn_s.2.loss_bbox: 0.0378  rpn_s.2.loss_giou: 0.3584  rpn_s.3.loss_cls: 0.3095  rpn_s.3.loss_bbox: 0.0354  rpn_s.3.loss_giou: 0.3420  s0.loss_cls: 0.3345  s0.pos_acc: 76.6667  s0.loss_bbox: 0.6242  s0.loss_iou: 1.1542  s1.loss_cls: 0.3572  s1.pos_acc: 83.3333  s1.loss_bbox: 0.6667  s1.loss_iou: 1.2016
2026/03/27 18:34:16 - mmengine - INFO - Epoch(train) [12][ 8150/10002]  lr: 2.5000e-05  eta: 16:11:57  time: 0.3850  data_time: 0.0033  memory: 7330  grad_norm: 105.4405  loss: 7.9909  rpn_s.0.loss_cls: 0.5747  rpn_s.0.loss_bbox: 0.1117  rpn_s.0.loss_giou: 0.7931  rpn_s.1.loss_cls: 0.4000  rpn_s.1.loss_bbox: 0.0503  rpn_s.1.loss_giou: 0.4053  rpn_s.2.loss_cls: 0.3368  rpn_s.2.loss_bbox: 0.0443  rpn_s.2.loss_giou: 0.3500  rpn_s.3.loss_cls: 0.2985  rpn_s.3.loss_bbox: 0.0408  rpn_s.3.loss_giou: 0.3297  s0.loss_cls: 0.3233  s0.pos_acc: 100.0000  s0.loss_bbox: 0.6364  s0.loss_iou: 1.1096  s1.loss_cls: 0.3344  s1.pos_acc: 100.0000  s1.loss_bbox: 0.7088  s1.loss_iou: 1.1433
2026/03/27 18:34:36 - mmengine - INFO - Epoch(train) [12][ 8200/10002]  lr: 2.5000e-05  eta: 16:11:43  time: 0.3890  data_time: 0.0032  memory: 7330  grad_norm: 81.6195  loss: 8.1866  rpn_s.0.loss_cls: 0.6105  rpn_s.0.loss_bbox: 0.1081  rpn_s.0.loss_giou: 0.7881  rpn_s.1.loss_cls: 0.4383  rpn_s.1.loss_bbox: 0.0490  rpn_s.1.loss_giou: 0.3976  rpn_s.2.loss_cls: 0.3664  rpn_s.2.loss_bbox: 0.0400  rpn_s.2.loss_giou: 0.3368  rpn_s.3.loss_cls: 0.3256  rpn_s.3.loss_bbox: 0.0368  rpn_s.3.loss_giou: 0.3165  s0.loss_cls: 0.3557  s0.pos_acc: 73.6111  s0.loss_bbox: 0.6286  s0.loss_iou: 1.1486  s1.loss_cls: 0.3711  s1.pos_acc: 72.9167  s1.loss_bbox: 0.6957  s1.loss_iou: 1.1731
2026/03/27 18:34:55 - mmengine - INFO - Epoch(train) [12][ 8250/10002]  lr: 2.5000e-05  eta: 16:11:20  time: 0.3803  data_time: 0.0032  memory: 7329  grad_norm: 76.5955  loss: 8.2670  rpn_s.0.loss_cls: 0.6310  rpn_s.0.loss_bbox: 0.1062  rpn_s.0.loss_giou: 0.8768  rpn_s.1.loss_cls: 0.4428  rpn_s.1.loss_bbox: 0.0435  rpn_s.1.loss_giou: 0.4181  rpn_s.2.loss_cls: 0.3624  rpn_s.2.loss_bbox: 0.0362  rpn_s.2.loss_giou: 0.3584  rpn_s.3.loss_cls: 0.3275  rpn_s.3.loss_bbox: 0.0343  rpn_s.3.loss_giou: 0.3406  s0.loss_cls: 0.3422  s0.pos_acc: 91.6667  s0.loss_bbox: 0.5971  s0.loss_iou: 1.1311  s1.loss_cls: 0.3688  s1.pos_acc: 75.0000  s1.loss_bbox: 0.6818  s1.loss_iou: 1.1682
2026/03/27 18:35:14 - mmengine - INFO - Epoch(train) [12][ 8300/10002]  lr: 2.5000e-05  eta: 16:10:59  time: 0.3820  data_time: 0.0032  memory: 7330  grad_norm: 85.0471  loss: 7.9322  rpn_s.0.loss_cls: 0.6221  rpn_s.0.loss_bbox: 0.1094  rpn_s.0.loss_giou: 0.7856  rpn_s.1.loss_cls: 0.4294  rpn_s.1.loss_bbox: 0.0444  rpn_s.1.loss_giou: 0.3775  rpn_s.2.loss_cls: 0.3502  rpn_s.2.loss_bbox: 0.0355  rpn_s.2.loss_giou: 0.3236  rpn_s.3.loss_cls: 0.3064  rpn_s.3.loss_bbox: 0.0332  rpn_s.3.loss_giou: 0.3053  s0.loss_cls: 0.3509  s0.pos_acc: 70.0000  s0.loss_bbox: 0.6299  s0.loss_iou: 1.0684  s1.loss_cls: 0.3692  s1.pos_acc: 72.3077  s1.loss_bbox: 0.6800  s1.loss_iou: 1.1113
2026/03/27 18:35:33 - mmengine - INFO - Epoch(train) [12][ 8350/10002]  lr: 2.5000e-05  eta: 16:10:33  time: 0.3766  data_time: 0.0032  memory: 7329  grad_norm: 82.7281  loss: 8.1776  rpn_s.0.loss_cls: 0.6152  rpn_s.0.loss_bbox: 0.1082  rpn_s.0.loss_giou: 0.7726  rpn_s.1.loss_cls: 0.4262  rpn_s.1.loss_bbox: 0.0482  rpn_s.1.loss_giou: 0.3983  rpn_s.2.loss_cls: 0.3523  rpn_s.2.loss_bbox: 0.0414  rpn_s.2.loss_giou: 0.3503  rpn_s.3.loss_cls: 0.3041  rpn_s.3.loss_bbox: 0.0394  rpn_s.3.loss_giou: 0.3357  s0.loss_cls: 0.3498  s0.pos_acc: 70.2703  s0.loss_bbox: 0.6651  s0.loss_iou: 1.1158  s1.loss_cls: 0.3646  s1.pos_acc: 71.6216  s1.loss_bbox: 0.7126  s1.loss_iou: 1.1779
2026/03/27 18:35:52 - mmengine - INFO - Epoch(train) [12][ 8400/10002]  lr: 2.5000e-05  eta: 16:10:13  time: 0.3830  data_time: 0.0032  memory: 7329  grad_norm: 77.7456  loss: 7.9635  rpn_s.0.loss_cls: 0.6124  rpn_s.0.loss_bbox: 0.0997  rpn_s.0.loss_giou: 0.7642  rpn_s.1.loss_cls: 0.4215  rpn_s.1.loss_bbox: 0.0438  rpn_s.1.loss_giou: 0.3800  rpn_s.2.loss_cls: 0.3545  rpn_s.2.loss_bbox: 0.0370  rpn_s.2.loss_giou: 0.3321  rpn_s.3.loss_cls: 0.3158  rpn_s.3.loss_bbox: 0.0346  rpn_s.3.loss_giou: 0.3128  s0.loss_cls: 0.3568  s0.pos_acc: 100.0000  s0.loss_bbox: 0.6189  s0.loss_iou: 1.0877  s1.loss_cls: 0.3668  s1.pos_acc: 100.0000  s1.loss_bbox: 0.7086  s1.loss_iou: 1.1164
2026/03/27 18:36:11 - mmengine - INFO - Epoch(train) [12][ 8450/10002]  lr: 2.5000e-05  eta: 16:09:51  time: 0.3809  data_time: 0.0032  memory: 7330  grad_norm: 69.4525  loss: 8.5940  rpn_s.0.loss_cls: 0.6284  rpn_s.0.loss_bbox: 0.1114  rpn_s.0.loss_giou: 0.8360  rpn_s.1.loss_cls: 0.4418  rpn_s.1.loss_bbox: 0.0504  rpn_s.1.loss_giou: 0.4395  rpn_s.2.loss_cls: 0.3673  rpn_s.2.loss_bbox: 0.0431  rpn_s.2.loss_giou: 0.3833  rpn_s.3.loss_cls: 0.3281  rpn_s.3.loss_bbox: 0.0393  rpn_s.3.loss_giou: 0.3618  s0.loss_cls: 0.3907  s0.pos_acc: 75.8064  s0.loss_bbox: 0.6179  s0.loss_iou: 1.2187  s1.loss_cls: 0.4119  s1.pos_acc: 54.8387  s1.loss_bbox: 0.6627  s1.loss_iou: 1.2618
2026/03/27 18:36:30 - mmengine - INFO - Epoch(train) [12][ 8500/10002]  lr: 2.5000e-05  eta: 16:09:28  time: 0.3796  data_time: 0.0032  memory: 7329  grad_norm: 73.8848  loss: 8.1213  rpn_s.0.loss_cls: 0.6368  rpn_s.0.loss_bbox: 0.0915  rpn_s.0.loss_giou: 0.7929  rpn_s.1.loss_cls: 0.4257  rpn_s.1.loss_bbox: 0.0392  rpn_s.1.loss_giou: 0.4012  rpn_s.2.loss_cls: 0.3460  rpn_s.2.loss_bbox: 0.0322  rpn_s.2.loss_giou: 0.3443  rpn_s.3.loss_cls: 0.3009  rpn_s.3.loss_bbox: 0.0297  rpn_s.3.loss_giou: 0.3291  s0.loss_cls: 0.3218  s0.pos_acc: 81.8182  s0.loss_bbox: 0.6729  s0.loss_iou: 1.1019  s1.loss_cls: 0.3400  s1.pos_acc: 81.8182  s1.loss_bbox: 0.7641  s1.loss_iou: 1.1512
2026/03/27 18:36:49 - mmengine - INFO - Epoch(train) [12][ 8550/10002]  lr: 2.5000e-05  eta: 16:09:07  time: 0.3813  data_time: 0.0032  memory: 7330  grad_norm: 70.7926  loss: 8.3817  rpn_s.0.loss_cls: 0.6414  rpn_s.0.loss_bbox: 0.1062  rpn_s.0.loss_giou: 0.9232  rpn_s.1.loss_cls: 0.4449  rpn_s.1.loss_bbox: 0.0387  rpn_s.1.loss_giou: 0.4179  rpn_s.2.loss_cls: 0.3747  rpn_s.2.loss_bbox: 0.0317  rpn_s.2.loss_giou: 0.3540  rpn_s.3.loss_cls: 0.3272  rpn_s.3.loss_bbox: 0.0287  rpn_s.3.loss_giou: 0.3317  s0.loss_cls: 0.3579  s0.pos_acc: 72.3684  s0.loss_bbox: 0.6187  s0.loss_iou: 1.1001  s1.loss_cls: 0.3840  s1.pos_acc: 71.7105  s1.loss_bbox: 0.7483  s1.loss_iou: 1.1523
2026/03/27 18:37:08 - mmengine - INFO - Epoch(train) [12][ 8600/10002]  lr: 2.5000e-05  eta: 16:08:40  time: 0.3753  data_time: 0.0033  memory: 7329  grad_norm: 70.8452  loss: 8.3064  rpn_s.0.loss_cls: 0.6133  rpn_s.0.loss_bbox: 0.1016  rpn_s.0.loss_giou: 0.8320  rpn_s.1.loss_cls: 0.4258  rpn_s.1.loss_bbox: 0.0434  rpn_s.1.loss_giou: 0.4179  rpn_s.2.loss_cls: 0.3594  rpn_s.2.loss_bbox: 0.0382  rpn_s.2.loss_giou: 0.3729  rpn_s.3.loss_cls: 0.3184  rpn_s.3.loss_bbox: 0.0361  rpn_s.3.loss_giou: 0.3563  s0.loss_cls: 0.3497  s0.pos_acc: 90.9091  s0.loss_bbox: 0.5993  s0.loss_iou: 1.1642  s1.loss_cls: 0.3688  s1.pos_acc: 90.9091  s1.loss_bbox: 0.7041  s1.loss_iou: 1.2050
2026/03/27 18:37:26 - mmengine - INFO - Epoch(train) [12][ 8650/10002]  lr: 2.5000e-05  eta: 16:08:10  time: 0.3716  data_time: 0.0032  memory: 7329  grad_norm: 81.8355  loss: 7.7346  rpn_s.0.loss_cls: 0.6268  rpn_s.0.loss_bbox: 0.1044  rpn_s.0.loss_giou: 0.7450  rpn_s.1.loss_cls: 0.4387  rpn_s.1.loss_bbox: 0.0459  rpn_s.1.loss_giou: 0.3743  rpn_s.2.loss_cls: 0.3417  rpn_s.2.loss_bbox: 0.0377  rpn_s.2.loss_giou: 0.3222  rpn_s.3.loss_cls: 0.3000  rpn_s.3.loss_bbox: 0.0362  rpn_s.3.loss_giou: 0.3070  s0.loss_cls: 0.3289  s0.pos_acc: 66.6667  s0.loss_bbox: 0.6534  s0.loss_iou: 0.9823  s1.loss_cls: 0.3550  s1.pos_acc: 66.6667  s1.loss_bbox: 0.7090  s1.loss_iou: 1.0262
2026/03/27 18:37:45 - mmengine - INFO - Epoch(train) [12][ 8700/10002]  lr: 2.5000e-05  eta: 16:07:44  time: 0.3757  data_time: 0.0033  memory: 7329  grad_norm: 76.1494  loss: 8.4046  rpn_s.0.loss_cls: 0.6265  rpn_s.0.loss_bbox: 0.1035  rpn_s.0.loss_giou: 0.8203  rpn_s.1.loss_cls: 0.4455  rpn_s.1.loss_bbox: 0.0453  rpn_s.1.loss_giou: 0.4028  rpn_s.2.loss_cls: 0.3766  rpn_s.2.loss_bbox: 0.0375  rpn_s.2.loss_giou: 0.3488  rpn_s.3.loss_cls: 0.3356  rpn_s.3.loss_bbox: 0.0367  rpn_s.3.loss_giou: 0.3339  s0.loss_cls: 0.3707  s0.pos_acc: 66.6667  s0.loss_bbox: 0.6662  s0.loss_iou: 1.1173  s1.loss_cls: 0.3951  s1.pos_acc: 66.6667  s1.loss_bbox: 0.7723  s1.loss_iou: 1.1698
2026/03/27 18:38:04 - mmengine - INFO - Epoch(train) [12][ 8750/10002]  lr: 2.5000e-05  eta: 16:07:21  time: 0.3798  data_time: 0.0032  memory: 7329  grad_norm: 76.2388  loss: 8.1044  rpn_s.0.loss_cls: 0.6022  rpn_s.0.loss_bbox: 0.1118  rpn_s.0.loss_giou: 0.7837  rpn_s.1.loss_cls: 0.4270  rpn_s.1.loss_bbox: 0.0502  rpn_s.1.loss_giou: 0.3950  rpn_s.2.loss_cls: 0.3539  rpn_s.2.loss_bbox: 0.0442  rpn_s.2.loss_giou: 0.3456  rpn_s.3.loss_cls: 0.3203  rpn_s.3.loss_bbox: 0.0404  rpn_s.3.loss_giou: 0.3256  s0.loss_cls: 0.3568  s0.pos_acc: 93.1818  s0.loss_bbox: 0.6321  s0.loss_iou: 1.1356  s1.loss_cls: 0.3661  s1.pos_acc: 90.9091  s1.loss_bbox: 0.6423  s1.loss_iou: 1.1715
2026/03/27 18:38:23 - mmengine - INFO - Epoch(train) [12][ 8800/10002]  lr: 2.5000e-05  eta: 16:07:01  time: 0.3823  data_time: 0.0033  memory: 7329  grad_norm: 78.7549  loss: 7.7277  rpn_s.0.loss_cls: 0.6052  rpn_s.0.loss_bbox: 0.0967  rpn_s.0.loss_giou: 0.7434  rpn_s.1.loss_cls: 0.4310  rpn_s.1.loss_bbox: 0.0403  rpn_s.1.loss_giou: 0.3647  rpn_s.2.loss_cls: 0.3467  rpn_s.2.loss_bbox: 0.0330  rpn_s.2.loss_giou: 0.3159  rpn_s.3.loss_cls: 0.3051  rpn_s.3.loss_bbox: 0.0309  rpn_s.3.loss_giou: 0.2992  s0.loss_cls: 0.3387  s0.pos_acc: 80.6122  s0.loss_bbox: 0.6603  s0.loss_iou: 1.0155  s1.loss_cls: 0.3431  s1.pos_acc: 76.5306  s1.loss_bbox: 0.7101  s1.loss_iou: 1.0478
2026/03/27 18:38:42 - mmengine - INFO - Epoch(train) [12][ 8850/10002]  lr: 2.5000e-05  eta: 16:06:40  time: 0.3813  data_time: 0.0032  memory: 7329  grad_norm: 75.1513  loss: 7.7915  rpn_s.0.loss_cls: 0.5987  rpn_s.0.loss_bbox: 0.1046  rpn_s.0.loss_giou: 0.7766  rpn_s.1.loss_cls: 0.4327  rpn_s.1.loss_bbox: 0.0459  rpn_s.1.loss_giou: 0.3769  rpn_s.2.loss_cls: 0.3580  rpn_s.2.loss_bbox: 0.0384  rpn_s.2.loss_giou: 0.3293  rpn_s.3.loss_cls: 0.3145  rpn_s.3.loss_bbox: 0.0388  rpn_s.3.loss_giou: 0.3207  s0.loss_cls: 0.3562  s0.pos_acc: 73.2759  s0.loss_bbox: 0.5711  s0.loss_iou: 1.0411  s1.loss_cls: 0.3659  s1.pos_acc: 73.2759  s1.loss_bbox: 0.6382  s1.loss_iou: 1.0839
2026/03/27 18:39:01 - mmengine - INFO - Epoch(train) [12][ 8900/10002]  lr: 2.5000e-05  eta: 16:06:23  time: 0.3861  data_time: 0.0032  memory: 7329  grad_norm: 80.4675  loss: 7.9881  rpn_s.0.loss_cls: 0.5934  rpn_s.0.loss_bbox: 0.1079  rpn_s.0.loss_giou: 0.7605  rpn_s.1.loss_cls: 0.4328  rpn_s.1.loss_bbox: 0.0491  rpn_s.1.loss_giou: 0.3838  rpn_s.2.loss_cls: 0.3599  rpn_s.2.loss_bbox: 0.0431  rpn_s.2.loss_giou: 0.3343  rpn_s.3.loss_cls: 0.3076  rpn_s.3.loss_bbox: 0.0404  rpn_s.3.loss_giou: 0.3152  s0.loss_cls: 0.3254  s0.pos_acc: 100.0000  s0.loss_bbox: 0.6504  s0.loss_iou: 1.0954  s1.loss_cls: 0.3528  s1.pos_acc: 100.0000  s1.loss_bbox: 0.7134  s1.loss_iou: 1.1228
2026/03/27 18:39:21 - mmengine - INFO - Epoch(train) [12][ 8950/10002]  lr: 2.5000e-05  eta: 16:06:06  time: 0.3860  data_time: 0.0032  memory: 7330  grad_norm: 95.3637  loss: 8.1358  rpn_s.0.loss_cls: 0.6009  rpn_s.0.loss_bbox: 0.1069  rpn_s.0.loss_giou: 0.7903  rpn_s.1.loss_cls: 0.4143  rpn_s.1.loss_bbox: 0.0459  rpn_s.1.loss_giou: 0.3997  rpn_s.2.loss_cls: 0.3513  rpn_s.2.loss_bbox: 0.0400  rpn_s.2.loss_giou: 0.3517  rpn_s.3.loss_cls: 0.3073  rpn_s.3.loss_bbox: 0.0365  rpn_s.3.loss_giou: 0.3328  s0.loss_cls: 0.3316  s0.pos_acc: 100.0000  s0.loss_bbox: 0.6410  s0.loss_iou: 1.1708  s1.loss_cls: 0.3584  s1.pos_acc: 100.0000  s1.loss_bbox: 0.6591  s1.loss_iou: 1.1974
2026/03/27 18:39:34 - mmengine - INFO - Exp name: GSDet_r50_b900_h2h4_h2r1_r2r1_2x_fair1m1.0_20260327_174101
2026/03/27 18:39:40 - mmengine - INFO - Epoch(train) [12][ 9000/10002]  lr: 2.5000e-05  eta: 16:05:46  time: 0.3837  data_time: 0.0032  memory: 7329  grad_norm: 72.7259  loss: 8.2449  rpn_s.0.loss_cls: 0.6085  rpn_s.0.loss_bbox: 0.1095  rpn_s.0.loss_giou: 0.8541  rpn_s.1.loss_cls: 0.4189  rpn_s.1.loss_bbox: 0.0443  rpn_s.1.loss_giou: 0.4112  rpn_s.2.loss_cls: 0.3467  rpn_s.2.loss_bbox: 0.0380  rpn_s.2.loss_giou: 0.3562  rpn_s.3.loss_cls: 0.3095  rpn_s.3.loss_bbox: 0.0351  rpn_s.3.loss_giou: 0.3354  s0.loss_cls: 0.3568  s0.pos_acc: 75.0000  s0.loss_bbox: 0.6546  s0.loss_iou: 1.1276  s1.loss_cls: 0.3621  s1.pos_acc: 75.0000  s1.loss_bbox: 0.7093  s1.loss_iou: 1.1673
2026/03/27 18:40:00 - mmengine - INFO - Epoch(train) [12][ 9050/10002]  lr: 2.5000e-05  eta: 16:05:37  time: 0.3949  data_time: 0.0033  memory: 7330  grad_norm: 98.1804  loss: 8.3033  rpn_s.0.loss_cls: 0.6105  rpn_s.0.loss_bbox: 0.1151  rpn_s.0.loss_giou: 0.8758  rpn_s.1.loss_cls: 0.4318  rpn_s.1.loss_bbox: 0.0475  rpn_s.1.loss_giou: 0.4260  rpn_s.2.loss_cls: 0.3589  rpn_s.2.loss_bbox: 0.0395  rpn_s.2.loss_giou: 0.3620  rpn_s.3.loss_cls: 0.3240  rpn_s.3.loss_bbox: 0.0366  rpn_s.3.loss_giou: 0.3420  s0.loss_cls: 0.3666  s0.pos_acc: 100.0000  s0.loss_bbox: 0.5516  s0.loss_iou: 1.1688  s1.loss_cls: 0.4066  s1.pos_acc: 100.0000  s1.loss_bbox: 0.6204  s1.loss_iou: 1.2194
2026/03/27 18:40:19 - mmengine - INFO - Epoch(train) [12][ 9100/10002]  lr: 2.5000e-05  eta: 16:05:14  time: 0.3798  data_time: 0.0032  memory: 7329  grad_norm: 97.3826  loss: 8.2430  rpn_s.0.loss_cls: 0.6466  rpn_s.0.loss_bbox: 0.1033  rpn_s.0.loss_giou: 0.7628  rpn_s.1.loss_cls: 0.4737  rpn_s.1.loss_bbox: 0.0495  rpn_s.1.loss_giou: 0.4021  rpn_s.2.loss_cls: 0.3953  rpn_s.2.loss_bbox: 0.0407  rpn_s.2.loss_giou: 0.3480  rpn_s.3.loss_cls: 0.3577  rpn_s.3.loss_bbox: 0.0377  rpn_s.3.loss_giou: 0.3230  s0.loss_cls: 0.4176  s0.pos_acc: 87.8049  s0.loss_bbox: 0.6019  s0.loss_iou: 1.0839  s1.loss_cls: 0.4335  s1.pos_acc: 85.3659  s1.loss_bbox: 0.6390  s1.loss_iou: 1.1270
2026/03/27 18:40:38 - mmengine - INFO - Epoch(train) [12][ 9150/10002]  lr: 2.5000e-05  eta: 16:04:55  time: 0.3836  data_time: 0.0032  memory: 7329  grad_norm: 80.2127  loss: 8.3935  rpn_s.0.loss_cls: 0.6085  rpn_s.0.loss_bbox: 0.1098  rpn_s.0.loss_giou: 0.8078  rpn_s.1.loss_cls: 0.4108  rpn_s.1.loss_bbox: 0.0500  rpn_s.1.loss_giou: 0.4060  rpn_s.2.loss_cls: 0.3403  rpn_s.2.loss_bbox: 0.0425  rpn_s.2.loss_giou: 0.3594  rpn_s.3.loss_cls: 0.3024  rpn_s.3.loss_bbox: 0.0403  rpn_s.3.loss_giou: 0.3438  s0.loss_cls: 0.3502  s0.pos_acc: 83.3333  s0.loss_bbox: 0.7052  s0.loss_iou: 1.1569  s1.loss_cls: 0.3704  s1.pos_acc: 83.3333  s1.loss_bbox: 0.7668  s1.loss_iou: 1.2224
2026/03/27 18:40:57 - mmengine - INFO - Epoch(train) [12][ 9200/10002]  lr: 2.5000e-05  eta: 16:04:39  time: 0.3875  data_time: 0.0032  memory: 7329  grad_norm: 72.7975  loss: 8.3757  rpn_s.0.loss_cls: 0.6154  rpn_s.0.loss_bbox: 0.1093  rpn_s.0.loss_giou: 0.8462  rpn_s.1.loss_cls: 0.4333  rpn_s.1.loss_bbox: 0.0472  rpn_s.1.loss_giou: 0.4168  rpn_s.2.loss_cls: 0.3589  rpn_s.2.loss_bbox: 0.0402  rpn_s.2.loss_giou: 0.3610  rpn_s.3.loss_cls: 0.3158  rpn_s.3.loss_bbox: 0.0374  rpn_s.3.loss_giou: 0.3445  s0.loss_cls: 0.3476  s0.pos_acc: 79.7297  s0.loss_bbox: 0.6512  s0.loss_iou: 1.1612  s1.loss_cls: 0.3817  s1.pos_acc: 72.9730  s1.loss_bbox: 0.7077  s1.loss_iou: 1.2006
2026/03/27 18:41:16 - mmengine - INFO - Epoch(train) [12][ 9250/10002]  lr: 2.5000e-05  eta: 16:04:15  time: 0.3777  data_time: 0.0032  memory: 7329  grad_norm: 82.3650  loss: 7.4540  rpn_s.0.loss_cls: 0.5710  rpn_s.0.loss_bbox: 0.0993  rpn_s.0.loss_giou: 0.7550  rpn_s.1.loss_cls: 0.3763  rpn_s.1.loss_bbox: 0.0451  rpn_s.1.loss_giou: 0.3807  rpn_s.2.loss_cls: 0.2909  rpn_s.2.loss_bbox: 0.0376  rpn_s.2.loss_giou: 0.3256  rpn_s.3.loss_cls: 0.2532  rpn_s.3.loss_bbox: 0.0357  rpn_s.3.loss_giou: 0.3051  s0.loss_cls: 0.2870  s0.pos_acc: 100.0000  s0.loss_bbox: 0.6185  s0.loss_iou: 1.0350  s1.loss_cls: 0.2985  s1.pos_acc: 100.0000  s1.loss_bbox: 0.6761  s1.loss_iou: 1.0634
2026/03/27 18:41:35 - mmengine - INFO - Epoch(train) [12][ 9300/10002]  lr: 2.5000e-05  eta: 16:03:54  time: 0.3823  data_time: 0.0032  memory: 7329  grad_norm: 80.3762  loss: 8.0603  rpn_s.0.loss_cls: 0.6285  rpn_s.0.loss_bbox: 0.1112  rpn_s.0.loss_giou: 0.8096  rpn_s.1.loss_cls: 0.4383  rpn_s.1.loss_bbox: 0.0449  rpn_s.1.loss_giou: 0.3888  rpn_s.2.loss_cls: 0.3511  rpn_s.2.loss_bbox: 0.0388  rpn_s.2.loss_giou: 0.3359  rpn_s.3.loss_cls: 0.3127  rpn_s.3.loss_bbox: 0.0362  rpn_s.3.loss_giou: 0.3156  s0.loss_cls: 0.3392  s0.pos_acc: 75.0000  s0.loss_bbox: 0.6609  s0.loss_iou: 1.0709  s1.loss_cls: 0.3575  s1.pos_acc: 78.1250  s1.loss_bbox: 0.7069  s1.loss_iou: 1.1132
2026/03/27 18:41:55 - mmengine - INFO - Epoch(train) [12][ 9350/10002]  lr: 2.5000e-05  eta: 16:03:39  time: 0.3890  data_time: 0.0032  memory: 7330  grad_norm: 114.1297  loss: 8.1388  rpn_s.0.loss_cls: 0.5953  rpn_s.0.loss_bbox: 0.1100  rpn_s.0.loss_giou: 0.7948  rpn_s.1.loss_cls: 0.4110  rpn_s.1.loss_bbox: 0.0457  rpn_s.1.loss_giou: 0.3951  rpn_s.2.loss_cls: 0.3322  rpn_s.2.loss_bbox: 0.0388  rpn_s.2.loss_giou: 0.3398  rpn_s.3.loss_cls: 0.2853  rpn_s.3.loss_bbox: 0.0364  rpn_s.3.loss_giou: 0.3260  s0.loss_cls: 0.3226  s0.pos_acc: 78.9157  s0.loss_bbox: 0.7039  s0.loss_iou: 1.1054  s1.loss_cls: 0.3525  s1.pos_acc: 78.9157  s1.loss_bbox: 0.7890  s1.loss_iou: 1.1552
2026/03/27 18:42:14 - mmengine - INFO - Epoch(train) [12][ 9400/10002]  lr: 2.5000e-05  eta: 16:03:15  time: 0.3771  data_time: 0.0033  memory: 7329  grad_norm: 107.1090  loss: 7.9398  rpn_s.0.loss_cls: 0.6312  rpn_s.0.loss_bbox: 0.0960  rpn_s.0.loss_giou: 0.7937  rpn_s.1.loss_cls: 0.4273  rpn_s.1.loss_bbox: 0.0377  rpn_s.1.loss_giou: 0.3776  rpn_s.2.loss_cls: 0.3573  rpn_s.2.loss_bbox: 0.0325  rpn_s.2.loss_giou: 0.3293  rpn_s.3.loss_cls: 0.3266  rpn_s.3.loss_bbox: 0.0295  rpn_s.3.loss_giou: 0.3067  s0.loss_cls: 0.3448  s0.pos_acc: 82.0755  s0.loss_bbox: 0.6769  s0.loss_iou: 1.0245  s1.loss_cls: 0.3569  s1.pos_acc: 77.3585  s1.loss_bbox: 0.7207  s1.loss_iou: 1.0708
2026/03/27 18:42:33 - mmengine - INFO - Epoch(train) [12][ 9450/10002]  lr: 2.5000e-05  eta: 16:02:52  time: 0.3788  data_time: 0.0033  memory: 7329  grad_norm: 76.9684  loss: 7.6642  rpn_s.0.loss_cls: 0.5809  rpn_s.0.loss_bbox: 0.1075  rpn_s.0.loss_giou: 0.7785  rpn_s.1.loss_cls: 0.4015  rpn_s.1.loss_bbox: 0.0519  rpn_s.1.loss_giou: 0.3820  rpn_s.2.loss_cls: 0.3347  rpn_s.2.loss_bbox: 0.0435  rpn_s.2.loss_giou: 0.3339  rpn_s.3.loss_cls: 0.2904  rpn_s.3.loss_bbox: 0.0420  rpn_s.3.loss_giou: 0.3161  s0.loss_cls: 0.3226  s0.pos_acc: 81.8182  s0.loss_bbox: 0.5784  s0.loss_iou: 1.0260  s1.loss_cls: 0.3567  s1.pos_acc: 81.8182  s1.loss_bbox: 0.6522  s1.loss_iou: 1.0652
2026/03/27 18:42:52 - mmengine - INFO - Epoch(train) [12][ 9500/10002]  lr: 2.5000e-05  eta: 16:02:39  time: 0.3919  data_time: 0.0032  memory: 7330  grad_norm: 75.0749  loss: 8.5009  rpn_s.0.loss_cls: 0.6383  rpn_s.0.loss_bbox: 0.1097  rpn_s.0.loss_giou: 0.8505  rpn_s.1.loss_cls: 0.4511  rpn_s.1.loss_bbox: 0.0446  rpn_s.1.loss_giou: 0.4118  rpn_s.2.loss_cls: 0.3644  rpn_s.2.loss_bbox: 0.0387  rpn_s.2.loss_giou: 0.3565  rpn_s.3.loss_cls: 0.3283  rpn_s.3.loss_bbox: 0.0360  rpn_s.3.loss_giou: 0.3411  s0.loss_cls: 0.3511  s0.pos_acc: 67.5676  s0.loss_bbox: 0.7109  s0.loss_iou: 1.1555  s1.loss_cls: 0.3677  s1.pos_acc: 67.5676  s1.loss_bbox: 0.7610  s1.loss_iou: 1.1838
2026/03/27 18:43:12 - mmengine - INFO - Epoch(train) [12][ 9550/10002]  lr: 2.5000e-05  eta: 16:02:24  time: 0.3884  data_time: 0.0032  memory: 7330  grad_norm: 87.9160  loss: 8.6752  rpn_s.0.loss_cls: 0.6251  rpn_s.0.loss_bbox: 0.1079  rpn_s.0.loss_giou: 0.8639  rpn_s.1.loss_cls: 0.4385  rpn_s.1.loss_bbox: 0.0465  rpn_s.1.loss_giou: 0.4442  rpn_s.2.loss_cls: 0.3690  rpn_s.2.loss_bbox: 0.0381  rpn_s.2.loss_giou: 0.3787  rpn_s.3.loss_cls: 0.3206  rpn_s.3.loss_bbox: 0.0354  rpn_s.3.loss_giou: 0.3596  s0.loss_cls: 0.3640  s0.pos_acc: 70.0000  s0.loss_bbox: 0.6621  s0.loss_iou: 1.2446  s1.loss_cls: 0.3760  s1.pos_acc: 70.0000  s1.loss_bbox: 0.7166  s1.loss_iou: 1.2845
2026/03/27 18:43:30 - mmengine - INFO - Epoch(train) [12][ 9600/10002]  lr: 2.5000e-05  eta: 16:02:00  time: 0.3779  data_time: 0.0032  memory: 7329  grad_norm: 79.4057  loss: 8.1334  rpn_s.0.loss_cls: 0.6348  rpn_s.0.loss_bbox: 0.1047  rpn_s.0.loss_giou: 0.8094  rpn_s.1.loss_cls: 0.4420  rpn_s.1.loss_bbox: 0.0427  rpn_s.1.loss_giou: 0.3881  rpn_s.2.loss_cls: 0.3698  rpn_s.2.loss_bbox: 0.0364  rpn_s.2.loss_giou: 0.3299  rpn_s.3.loss_cls: 0.3230  rpn_s.3.loss_bbox: 0.0326  rpn_s.3.loss_giou: 0.3121  s0.loss_cls: 0.3626  s0.pos_acc: 83.3333  s0.loss_bbox: 0.6479  s0.loss_iou: 1.0756  s1.loss_cls: 0.3902  s1.pos_acc: 91.6667  s1.loss_bbox: 0.7023  s1.loss_iou: 1.1292
2026/03/27 18:43:50 - mmengine - INFO - Epoch(train) [12][ 9650/10002]  lr: 2.5000e-05  eta: 16:01:47  time: 0.3925  data_time: 0.0032  memory: 7330  grad_norm: 76.3664  loss: 8.6288  rpn_s.0.loss_cls: 0.6338  rpn_s.0.loss_bbox: 0.1127  rpn_s.0.loss_giou: 0.8938  rpn_s.1.loss_cls: 0.4598  rpn_s.1.loss_bbox: 0.0463  rpn_s.1.loss_giou: 0.4292  rpn_s.2.loss_cls: 0.3834  rpn_s.2.loss_bbox: 0.0390  rpn_s.2.loss_giou: 0.3730  rpn_s.3.loss_cls: 0.3512  rpn_s.3.loss_bbox: 0.0356  rpn_s.3.loss_giou: 0.3491  s0.loss_cls: 0.3768  s0.pos_acc: 73.4848  s0.loss_bbox: 0.6281  s0.loss_iou: 1.2103  s1.loss_cls: 0.3915  s1.pos_acc: 66.6667  s1.loss_bbox: 0.6822  s1.loss_iou: 1.2330
2026/03/27 18:44:09 - mmengine - INFO - Epoch(train) [12][ 9700/10002]  lr: 2.5000e-05  eta: 16:01:30  time: 0.3859  data_time: 0.0032  memory: 7329  grad_norm: 86.5542  loss: 8.0114  rpn_s.0.loss_cls: 0.6116  rpn_s.0.loss_bbox: 0.0982  rpn_s.0.loss_giou: 0.8210  rpn_s.1.loss_cls: 0.4214  rpn_s.1.loss_bbox: 0.0387  rpn_s.1.loss_giou: 0.3945  rpn_s.2.loss_cls: 0.3487  rpn_s.2.loss_bbox: 0.0319  rpn_s.2.loss_giou: 0.3378  rpn_s.3.loss_cls: 0.3025  rpn_s.3.loss_bbox: 0.0300  rpn_s.3.loss_giou: 0.3221  s0.loss_cls: 0.3378  s0.pos_acc: 71.4286  s0.loss_bbox: 0.6228  s0.loss_iou: 1.0952  s1.loss_cls: 0.3734  s1.pos_acc: 71.4286  s1.loss_bbox: 0.6831  s1.loss_iou: 1.1407
2026/03/27 18:44:29 - mmengine - INFO - Epoch(train) [12][ 9750/10002]  lr: 2.5000e-05  eta: 16:01:09  time: 0.3820  data_time: 0.0032  memory: 7329  grad_norm: 84.5670  loss: 7.5552  rpn_s.0.loss_cls: 0.5959  rpn_s.0.loss_bbox: 0.0990  rpn_s.0.loss_giou: 0.7009  rpn_s.1.loss_cls: 0.4279  rpn_s.1.loss_bbox: 0.0447  rpn_s.1.loss_giou: 0.3449  rpn_s.2.loss_cls: 0.3649  rpn_s.2.loss_bbox: 0.0377  rpn_s.2.loss_giou: 0.2974  rpn_s.3.loss_cls: 0.3252  rpn_s.3.loss_bbox: 0.0352  rpn_s.3.loss_giou: 0.2827  s0.loss_cls: 0.3422  s0.pos_acc: 69.1667  s0.loss_bbox: 0.6426  s0.loss_iou: 0.9575  s1.loss_cls: 0.3674  s1.pos_acc: 68.3333  s1.loss_bbox: 0.6686  s1.loss_iou: 1.0205
2026/03/27 18:44:48 - mmengine - INFO - Epoch(train) [12][ 9800/10002]  lr: 2.5000e-05  eta: 16:01:02  time: 0.3994  data_time: 0.0032  memory: 7330  grad_norm: 91.5627  loss: 8.2522  rpn_s.0.loss_cls: 0.5904  rpn_s.0.loss_bbox: 0.1063  rpn_s.0.loss_giou: 0.7898  rpn_s.1.loss_cls: 0.4187  rpn_s.1.loss_bbox: 0.0449  rpn_s.1.loss_giou: 0.4054  rpn_s.2.loss_cls: 0.3438  rpn_s.2.loss_bbox: 0.0389  rpn_s.2.loss_giou: 0.3557  rpn_s.3.loss_cls: 0.3064  rpn_s.3.loss_bbox: 0.0362  rpn_s.3.loss_giou: 0.3377  s0.loss_cls: 0.3598  s0.pos_acc: 80.8114  s0.loss_bbox: 0.6863  s0.loss_iou: 1.1035  s1.loss_cls: 0.3701  s1.pos_acc: 79.1667  s1.loss_bbox: 0.7653  s1.loss_iou: 1.1932
2026/03/27 18:45:08 - mmengine - INFO - Epoch(train) [12][ 9850/10002]  lr: 2.5000e-05  eta: 16:00:48  time: 0.3898  data_time: 0.0033  memory: 7330  grad_norm: 81.2222  loss: 7.4560  rpn_s.0.loss_cls: 0.5470  rpn_s.0.loss_bbox: 0.0935  rpn_s.0.loss_giou: 0.7036  rpn_s.1.loss_cls: 0.3957  rpn_s.1.loss_bbox: 0.0420  rpn_s.1.loss_giou: 0.3608  rpn_s.2.loss_cls: 0.3194  rpn_s.2.loss_bbox: 0.0362  rpn_s.2.loss_giou: 0.3160  rpn_s.3.loss_cls: 0.2756  rpn_s.3.loss_bbox: 0.0334  rpn_s.3.loss_giou: 0.2941  s0.loss_cls: 0.3306  s0.pos_acc: 50.0000  s0.loss_bbox: 0.6447  s0.loss_iou: 0.9758  s1.loss_cls: 0.3363  s1.pos_acc: 75.0000  s1.loss_bbox: 0.7329  s1.loss_iou: 1.0183
2026/03/27 18:45:28 - mmengine - INFO - Epoch(train) [12][ 9900/10002]  lr: 2.5000e-05  eta: 16:00:37  time: 0.3947  data_time: 0.0033  memory: 7330  grad_norm: 75.9572  loss: 8.2875  rpn_s.0.loss_cls: 0.5998  rpn_s.0.loss_bbox: 0.1114  rpn_s.0.loss_giou: 0.8102  rpn_s.1.loss_cls: 0.4231  rpn_s.1.loss_bbox: 0.0501  rpn_s.1.loss_giou: 0.4036  rpn_s.2.loss_cls: 0.3399  rpn_s.2.loss_bbox: 0.0411  rpn_s.2.loss_giou: 0.3384  rpn_s.3.loss_cls: 0.3011  rpn_s.3.loss_bbox: 0.0395  rpn_s.3.loss_giou: 0.3208  s0.loss_cls: 0.3377  s0.pos_acc: 75.5352  s0.loss_bbox: 0.7462  s0.loss_iou: 1.0981  s1.loss_cls: 0.3661  s1.pos_acc: 74.0061  s1.loss_bbox: 0.7917  s1.loss_iou: 1.1688
2026/03/27 18:45:47 - mmengine - INFO - Epoch(train) [12][ 9950/10002]  lr: 2.5000e-05  eta: 16:00:21  time: 0.3883  data_time: 0.0032  memory: 7330  grad_norm: 71.1884  loss: 7.9795  rpn_s.0.loss_cls: 0.6188  rpn_s.0.loss_bbox: 0.1098  rpn_s.0.loss_giou: 0.8114  rpn_s.1.loss_cls: 0.4526  rpn_s.1.loss_bbox: 0.0460  rpn_s.1.loss_giou: 0.3837  rpn_s.2.loss_cls: 0.3698  rpn_s.2.loss_bbox: 0.0378  rpn_s.2.loss_giou: 0.3296  rpn_s.3.loss_cls: 0.3295  rpn_s.3.loss_bbox: 0.0351  rpn_s.3.loss_giou: 0.3058  s0.loss_cls: 0.3628  s0.pos_acc: 85.7143  s0.loss_bbox: 0.6104  s0.loss_iou: 1.0466  s1.loss_cls: 0.3750  s1.pos_acc: 89.2857  s1.loss_bbox: 0.6582  s1.loss_iou: 1.0966
2026/03/27 18:46:00 - mmengine - INFO - Exp name: GSDet_r50_b900_h2h4_h2r1_r2r1_2x_fair1m1.0_20260327_174101
2026/03/27 18:46:07 - mmengine - INFO - Epoch(train) [12][10000/10002]  lr: 2.5000e-05  eta: 16:00:04  time: 0.3878  data_time: 0.0033  memory: 7330  grad_norm: 83.0183  loss: 8.2818  rpn_s.0.loss_cls: 0.6184  rpn_s.0.loss_bbox: 0.1092  rpn_s.0.loss_giou: 0.8261  rpn_s.1.loss_cls: 0.4351  rpn_s.1.loss_bbox: 0.0476  rpn_s.1.loss_giou: 0.4084  rpn_s.2.loss_cls: 0.3595  rpn_s.2.loss_bbox: 0.0401  rpn_s.2.loss_giou: 0.3565  rpn_s.3.loss_cls: 0.3177  rpn_s.3.loss_bbox: 0.0367  rpn_s.3.loss_giou: 0.3363  s0.loss_cls: 0.3406  s0.pos_acc: 76.6667  s0.loss_bbox: 0.6419  s0.loss_iou: 1.1419  s1.loss_cls: 0.3722  s1.pos_acc: 86.6667  s1.loss_bbox: 0.7067  s1.loss_iou: 1.1870
2026/03/27 18:46:08 - mmengine - INFO - Exp name: GSDet_r50_b900_h2h4_h2r1_r2r1_2x_fair1m1.0_20260327_174101
2026/03/27 18:46:08 - mmengine - INFO - Saving checkpoint at 12 epochs
2026/03/27 18:46:21 - mmengine - INFO - Epoch(val) [12][  50/5717]    eta: 0:19:55  time: 0.2110  data_time: 0.0144  memory: 7329  
2026/03/27 18:46:30 - mmengine - INFO - Epoch(val) [12][ 100/5717]    eta: 0:18:59  time: 0.1946  data_time: 0.0032  memory: 2612  
2026/03/27 18:46:40 - mmengine - INFO - Epoch(val) [12][ 150/5717]    eta: 0:18:34  time: 0.1947  data_time: 0.0031  memory: 2612  
2026/03/27 18:46:53 - mmengine - INFO - Epoch(val) [12][ 200/5717]    eta: 0:19:45  time: 0.2592  data_time: 0.0677  memory: 2612  
2026/03/27 18:47:08 - mmengine - INFO - Epoch(val) [12][ 250/5717]    eta: 0:21:12  time: 0.3047  data_time: 0.1137  memory: 2612  
2026/03/27 18:47:24 - mmengine - INFO - Epoch(val) [12][ 300/5717]    eta: 0:22:13  time: 0.3129  data_time: 0.1224  memory: 2612  
2026/03/27 18:47:34 - mmengine - INFO - Epoch(val) [12][ 350/5717]    eta: 0:21:21  time: 0.1939  data_time: 0.0029  memory: 2612  
2026/03/27 18:47:43 - mmengine - INFO - Epoch(val) [12][ 400/5717]    eta: 0:20:39  time: 0.1940  data_time: 0.0029  memory: 2612  
2026/03/27 18:47:53 - mmengine - INFO - Epoch(val) [12][ 450/5717]    eta: 0:20:04  time: 0.1938  data_time: 0.0028  memory: 2612  
2026/03/27 18:48:03 - mmengine - INFO - Epoch(val) [12][ 500/5717]    eta: 0:19:35  time: 0.1946  data_time: 0.0028  memory: 2612  
2026/03/27 18:48:12 - mmengine - INFO - Epoch(val) [12][ 550/5717]    eta: 0:19:09  time: 0.1944  data_time: 0.0028  memory: 2612  
2026/03/27 18:48:22 - mmengine - INFO - Epoch(val) [12][ 600/5717]    eta: 0:18:46  time: 0.1938  data_time: 0.0029  memory: 2612  
2026/03/27 18:48:32 - mmengine - INFO - Epoch(val) [12][ 650/5717]    eta: 0:18:25  time: 0.1942  data_time: 0.0029  memory: 2612  
2026/03/27 18:48:42 - mmengine - INFO - Epoch(val) [12][ 700/5717]    eta: 0:18:05  time: 0.1943  data_time: 0.0030  memory: 2612  
2026/03/27 18:48:51 - mmengine - INFO - Epoch(val) [12][ 750/5717]    eta: 0:17:47  time: 0.1946  data_time: 0.0030  memory: 2612  
2026/03/27 18:49:01 - mmengine - INFO - Epoch(val) [12][ 800/5717]    eta: 0:17:30  time: 0.1949  data_time: 0.0030  memory: 2612  
2026/03/27 18:49:11 - mmengine - INFO - Epoch(val) [12][ 850/5717]    eta: 0:17:14  time: 0.1949  data_time: 0.0031  memory: 2612  
2026/03/27 18:49:20 - mmengine - INFO - Epoch(val) [12][ 900/5717]    eta: 0:16:59  time: 0.1945  data_time: 0.0030  memory: 2612  
2026/03/27 18:49:30 - mmengine - INFO - Epoch(val) [12][ 950/5717]    eta: 0:16:44  time: 0.1948  data_time: 0.0031  memory: 2612  
2026/03/27 18:49:40 - mmengine - INFO - Epoch(val) [12][1000/5717]    eta: 0:16:30  time: 0.1952  data_time: 0.0031  memory: 2612  
2026/03/27 18:49:50 - mmengine - INFO - Epoch(val) [12][1050/5717]    eta: 0:16:16  time: 0.1951  data_time: 0.0031  memory: 2612  
2026/03/27 18:49:59 - mmengine - INFO - Epoch(val) [12][1100/5717]    eta: 0:16:03  time: 0.1951  data_time: 0.0030  memory: 2612  
2026/03/27 18:50:09 - mmengine - INFO - Epoch(val) [12][1150/5717]    eta: 0:15:49  time: 0.1948  data_time: 0.0030  memory: 2612  
2026/03/27 18:50:19 - mmengine - INFO - Epoch(val) [12][1200/5717]    eta: 0:15:37  time: 0.1948  data_time: 0.0031  memory: 2612  
2026/03/27 18:50:29 - mmengine - INFO - Epoch(val) [12][1250/5717]    eta: 0:15:24  time: 0.1956  data_time: 0.0031  memory: 2612  
2026/03/27 18:50:38 - mmengine - INFO - Epoch(val) [12][1300/5717]    eta: 0:15:12  time: 0.1949  data_time: 0.0031  memory: 2612  
2026/03/27 18:50:48 - mmengine - INFO - Epoch(val) [12][1350/5717]    eta: 0:14:59  time: 0.1948  data_time: 0.0031  memory: 2612  
2026/03/27 18:50:58 - mmengine - INFO - Epoch(val) [12][1400/5717]    eta: 0:14:47  time: 0.1952  data_time: 0.0031  memory: 2612  
2026/03/27 18:51:08 - mmengine - INFO - Epoch(val) [12][1450/5717]    eta: 0:14:36  time: 0.1947  data_time: 0.0030  memory: 2612  
2026/03/27 18:51:17 - mmengine - INFO - Epoch(val) [12][1500/5717]    eta: 0:14:24  time: 0.1952  data_time: 0.0030  memory: 2612  
2026/03/27 18:51:27 - mmengine - INFO - Epoch(val) [12][1550/5717]    eta: 0:14:12  time: 0.1948  data_time: 0.0032  memory: 2612  
2026/03/27 18:51:37 - mmengine - INFO - Epoch(val) [12][1600/5717]    eta: 0:14:01  time: 0.1948  data_time: 0.0031  memory: 2612  
2026/03/27 18:51:47 - mmengine - INFO - Epoch(val) [12][1650/5717]    eta: 0:13:49  time: 0.1950  data_time: 0.0031  memory: 2612  
2026/03/27 18:51:56 - mmengine - INFO - Epoch(val) [12][1700/5717]    eta: 0:13:38  time: 0.1948  data_time: 0.0031  memory: 2612  
2026/03/27 18:52:06 - mmengine - INFO - Epoch(val) [12][1750/5717]    eta: 0:13:27  time: 0.1951  data_time: 0.0031  memory: 2612  
2026/03/27 18:52:16 - mmengine - INFO - Epoch(val) [12][1800/5717]    eta: 0:13:16  time: 0.1951  data_time: 0.0031  memory: 2612  
2026/03/27 18:52:26 - mmengine - INFO - Epoch(val) [12][1850/5717]    eta: 0:13:05  time: 0.1947  data_time: 0.0031  memory: 2612  
2026/03/27 18:52:35 - mmengine - INFO - Epoch(val) [12][1900/5717]    eta: 0:12:54  time: 0.1954  data_time: 0.0031  memory: 2612  
2026/03/27 18:52:45 - mmengine - INFO - Epoch(val) [12][1950/5717]    eta: 0:12:43  time: 0.1953  data_time: 0.0031  memory: 2612  
2026/03/27 18:52:55 - mmengine - INFO - Epoch(val) [12][2000/5717]    eta: 0:12:32  time: 0.1949  data_time: 0.0031  memory: 2612  
2026/03/27 18:53:05 - mmengine - INFO - Epoch(val) [12][2050/5717]    eta: 0:12:21  time: 0.1947  data_time: 0.0030  memory: 2612  
2026/03/27 18:53:14 - mmengine - INFO - Epoch(val) [12][2100/5717]    eta: 0:12:11  time: 0.1946  data_time: 0.0031  memory: 2612  
2026/03/27 18:53:24 - mmengine - INFO - Epoch(val) [12][2150/5717]    eta: 0:12:00  time: 0.1948  data_time: 0.0031  memory: 2612  
2026/03/27 18:53:34 - mmengine - INFO - Epoch(val) [12][2200/5717]    eta: 0:11:49  time: 0.1948  data_time: 0.0030  memory: 2612  
2026/03/27 18:53:44 - mmengine - INFO - Epoch(val) [12][2250/5717]    eta: 0:11:38  time: 0.1947  data_time: 0.0030  memory: 2612  
2026/03/27 18:53:54 - mmengine - INFO - Epoch(val) [12][2300/5717]    eta: 0:11:28  time: 0.1978  data_time: 0.0031  memory: 2612  
2026/03/27 18:54:03 - mmengine - INFO - Epoch(val) [12][2350/5717]    eta: 0:11:18  time: 0.1954  data_time: 0.0030  memory: 2612  
2026/03/27 18:54:13 - mmengine - INFO - Epoch(val) [12][2400/5717]    eta: 0:11:07  time: 0.1947  data_time: 0.0030  memory: 2612  
2026/03/27 18:54:23 - mmengine - INFO - Epoch(val) [12][2450/5717]    eta: 0:10:57  time: 0.1945  data_time: 0.0030  memory: 2612  
2026/03/27 18:54:33 - mmengine - INFO - Epoch(val) [12][2500/5717]    eta: 0:10:46  time: 0.1948  data_time: 0.0030  memory: 2612  
2026/03/27 18:54:42 - mmengine - INFO - Epoch(val) [12][2550/5717]    eta: 0:10:36  time: 0.1948  data_time: 0.0030  memory: 2612  
2026/03/27 18:54:52 - mmengine - INFO - Epoch(val) [12][2600/5717]    eta: 0:10:25  time: 0.1948  data_time: 0.0030  memory: 2612  
2026/03/27 18:55:02 - mmengine - INFO - Epoch(val) [12][2650/5717]    eta: 0:10:15  time: 0.1953  data_time: 0.0031  memory: 2612  
2026/03/27 18:55:12 - mmengine - INFO - Epoch(val) [12][2700/5717]    eta: 0:10:05  time: 0.1953  data_time: 0.0030  memory: 2612  
2026/03/27 18:55:21 - mmengine - INFO - Epoch(val) [12][2750/5717]    eta: 0:09:54  time: 0.1962  data_time: 0.0031  memory: 2612  
2026/03/27 18:55:31 - mmengine - INFO - Epoch(val) [12][2800/5717]    eta: 0:09:44  time: 0.1956  data_time: 0.0031  memory: 2612  
2026/03/27 18:55:41 - mmengine - INFO - Epoch(val) [12][2850/5717]    eta: 0:09:34  time: 0.1956  data_time: 0.0031  memory: 2612  
2026/03/27 18:55:51 - mmengine - INFO - Epoch(val) [12][2900/5717]    eta: 0:09:24  time: 0.1957  data_time: 0.0031  memory: 2612  
2026/03/27 18:56:01 - mmengine - INFO - Epoch(val) [12][2950/5717]    eta: 0:09:13  time: 0.1958  data_time: 0.0030  memory: 2612  
2026/03/27 18:56:10 - mmengine - INFO - Epoch(val) [12][3000/5717]    eta: 0:09:03  time: 0.1962  data_time: 0.0030  memory: 2612  
2026/03/27 18:56:20 - mmengine - INFO - Epoch(val) [12][3050/5717]    eta: 0:08:53  time: 0.1958  data_time: 0.0031  memory: 2612  
2026/03/27 18:56:30 - mmengine - INFO - Epoch(val) [12][3100/5717]    eta: 0:08:43  time: 0.1960  data_time: 0.0031  memory: 2612  
2026/03/27 18:56:40 - mmengine - INFO - Epoch(val) [12][3150/5717]    eta: 0:08:33  time: 0.1964  data_time: 0.0031  memory: 2612  
2026/03/27 18:56:50 - mmengine - INFO - Epoch(val) [12][3200/5717]    eta: 0:08:22  time: 0.1960  data_time: 0.0031  memory: 2612  
2026/03/27 18:56:59 - mmengine - INFO - Epoch(val) [12][3250/5717]    eta: 0:08:12  time: 0.1960  data_time: 0.0031  memory: 2612  
2026/03/27 18:57:09 - mmengine - INFO - Epoch(val) [12][3300/5717]    eta: 0:08:02  time: 0.1959  data_time: 0.0031  memory: 2612  
2026/03/27 18:57:19 - mmengine - INFO - Epoch(val) [12][3350/5717]    eta: 0:07:52  time: 0.1961  data_time: 0.0030  memory: 2612  
2026/03/27 18:57:29 - mmengine - INFO - Epoch(val) [12][3400/5717]    eta: 0:07:42  time: 0.1956  data_time: 0.0030  memory: 2612  
2026/03/27 18:57:38 - mmengine - INFO - Epoch(val) [12][3450/5717]    eta: 0:07:32  time: 0.1957  data_time: 0.0031  memory: 2612  
2026/03/27 18:57:48 - mmengine - INFO - Epoch(val) [12][3500/5717]    eta: 0:07:22  time: 0.1959  data_time: 0.0031  memory: 2612  
2026/03/27 18:57:58 - mmengine - INFO - Epoch(val) [12][3550/5717]    eta: 0:07:12  time: 0.1958  data_time: 0.0031  memory: 2612  
2026/03/27 18:58:08 - mmengine - INFO - Epoch(val) [12][3600/5717]    eta: 0:07:02  time: 0.1953  data_time: 0.0030  memory: 2612  
2026/03/27 18:58:18 - mmengine - INFO - Epoch(val) [12][3650/5717]    eta: 0:06:52  time: 0.1956  data_time: 0.0029  memory: 2612  
2026/03/27 18:58:27 - mmengine - INFO - Epoch(val) [12][3700/5717]    eta: 0:06:41  time: 0.1952  data_time: 0.0028  memory: 2612  
2026/03/27 18:58:37 - mmengine - INFO - Epoch(val) [12][3750/5717]    eta: 0:06:31  time: 0.1958  data_time: 0.0029  memory: 2612  
2026/03/27 18:58:47 - mmengine - INFO - Epoch(val) [12][3800/5717]    eta: 0:06:21  time: 0.1953  data_time: 0.0030  memory: 2612  
2026/03/27 18:58:57 - mmengine - INFO - Epoch(val) [12][3850/5717]    eta: 0:06:11  time: 0.1955  data_time: 0.0030  memory: 2612  
2026/03/27 18:59:07 - mmengine - INFO - Epoch(val) [12][3900/5717]    eta: 0:06:01  time: 0.1956  data_time: 0.0031  memory: 2612  
2026/03/27 18:59:16 - mmengine - INFO - Epoch(val) [12][3950/5717]    eta: 0:05:51  time: 0.1956  data_time: 0.0031  memory: 2612  
2026/03/27 18:59:26 - mmengine - INFO - Epoch(val) [12][4000/5717]    eta: 0:05:41  time: 0.1957  data_time: 0.0031  memory: 2612  
2026/03/27 18:59:36 - mmengine - INFO - Epoch(val) [12][4050/5717]    eta: 0:05:31  time: 0.1956  data_time: 0.0031  memory: 2612  
2026/03/27 18:59:46 - mmengine - INFO - Epoch(val) [12][4100/5717]    eta: 0:05:21  time: 0.1952  data_time: 0.0030  memory: 2612  
2026/03/27 18:59:55 - mmengine - INFO - Epoch(val) [12][4150/5717]    eta: 0:05:11  time: 0.1953  data_time: 0.0031  memory: 2612  
2026/03/27 19:00:05 - mmengine - INFO - Epoch(val) [12][4200/5717]    eta: 0:05:01  time: 0.1953  data_time: 0.0031  memory: 2612  
2026/03/27 19:00:15 - mmengine - INFO - Epoch(val) [12][4250/5717]    eta: 0:04:51  time: 0.1958  data_time: 0.0031  memory: 2612  
2026/03/27 19:00:25 - mmengine - INFO - Epoch(val) [12][4300/5717]    eta: 0:04:41  time: 0.1958  data_time: 0.0031  memory: 2612  
2026/03/27 19:00:35 - mmengine - INFO - Epoch(val) [12][4350/5717]    eta: 0:04:31  time: 0.1956  data_time: 0.0031  memory: 2612  
2026/03/27 19:00:44 - mmengine - INFO - Epoch(val) [12][4400/5717]    eta: 0:04:21  time: 0.1958  data_time: 0.0031  memory: 2612  
2026/03/27 19:00:54 - mmengine - INFO - Epoch(val) [12][4450/5717]    eta: 0:04:11  time: 0.1955  data_time: 0.0031  memory: 2612  
2026/03/27 19:01:04 - mmengine - INFO - Epoch(val) [12][4500/5717]    eta: 0:04:01  time: 0.1951  data_time: 0.0031  memory: 2612  
2026/03/27 19:01:14 - mmengine - INFO - Epoch(val) [12][4550/5717]    eta: 0:03:51  time: 0.1953  data_time: 0.0031  memory: 2612  
2026/03/27 19:01:23 - mmengine - INFO - Epoch(val) [12][4600/5717]    eta: 0:03:41  time: 0.1949  data_time: 0.0031  memory: 2612  
2026/03/27 19:01:33 - mmengine - INFO - Epoch(val) [12][4650/5717]    eta: 0:03:31  time: 0.1956  data_time: 0.0031  memory: 2612  
2026/03/27 19:01:43 - mmengine - INFO - Epoch(val) [12][4700/5717]    eta: 0:03:21  time: 0.1953  data_time: 0.0030  memory: 2612  
2026/03/27 19:01:53 - mmengine - INFO - Epoch(val) [12][4750/5717]    eta: 0:03:11  time: 0.1952  data_time: 0.0031  memory: 2612  
2026/03/27 19:02:02 - mmengine - INFO - Epoch(val) [12][4800/5717]    eta: 0:03:01  time: 0.1951  data_time: 0.0031  memory: 2612  
2026/03/27 19:02:12 - mmengine - INFO - Epoch(val) [12][4850/5717]    eta: 0:02:51  time: 0.1959  data_time: 0.0031  memory: 2612  
2026/03/27 19:02:22 - mmengine - INFO - Epoch(val) [12][4900/5717]    eta: 0:02:42  time: 0.1950  data_time: 0.0031  memory: 2612  
2026/03/27 19:02:32 - mmengine - INFO - Epoch(val) [12][4950/5717]    eta: 0:02:32  time: 0.1954  data_time: 0.0031  memory: 2612  
2026/03/27 19:02:42 - mmengine - INFO - Epoch(val) [12][5000/5717]    eta: 0:02:22  time: 0.1955  data_time: 0.0031  memory: 2612  
2026/03/27 19:02:51 - mmengine - INFO - Epoch(val) [12][5050/5717]    eta: 0:02:12  time: 0.1954  data_time: 0.0031  memory: 2612  
2026/03/27 19:03:01 - mmengine - INFO - Epoch(val) [12][5100/5717]    eta: 0:02:02  time: 0.1954  data_time: 0.0031  memory: 2612  
2026/03/27 19:03:11 - mmengine - INFO - Epoch(val) [12][5150/5717]    eta: 0:01:52  time: 0.1956  data_time: 0.0031  memory: 2612  
2026/03/27 19:03:21 - mmengine - INFO - Epoch(val) [12][5200/5717]    eta: 0:01:42  time: 0.1951  data_time: 0.0030  memory: 2612  
2026/03/27 19:03:30 - mmengine - INFO - Epoch(val) [12][5250/5717]    eta: 0:01:32  time: 0.1950  data_time: 0.0031  memory: 2612  
2026/03/27 19:03:40 - mmengine - INFO - Epoch(val) [12][5300/5717]    eta: 0:01:22  time: 0.1950  data_time: 0.0031  memory: 2612  
2026/03/27 19:03:50 - mmengine - INFO - Epoch(val) [12][5350/5717]    eta: 0:01:12  time: 0.1952  data_time: 0.0031  memory: 2612  
2026/03/27 19:04:00 - mmengine - INFO - Epoch(val) [12][5400/5717]    eta: 0:01:02  time: 0.1950  data_time: 0.0030  memory: 2612  
2026/03/27 19:04:09 - mmengine - INFO - Epoch(val) [12][5450/5717]    eta: 0:00:52  time: 0.1951  data_time: 0.0030  memory: 2612  
2026/03/27 19:04:19 - mmengine - INFO - Epoch(val) [12][5500/5717]    eta: 0:00:42  time: 0.1956  data_time: 0.0030  memory: 2612  
2026/03/27 19:04:29 - mmengine - INFO - Epoch(val) [12][5550/5717]    eta: 0:00:33  time: 0.1957  data_time: 0.0030  memory: 2612  
2026/03/27 19:04:39 - mmengine - INFO - Epoch(val) [12][5600/5717]    eta: 0:00:23  time: 0.1953  data_time: 0.0031  memory: 2612  
2026/03/27 19:04:48 - mmengine - INFO - Epoch(val) [12][5650/5717]    eta: 0:00:13  time: 0.1950  data_time: 0.0031  memory: 2612  
2026/03/27 19:04:58 - mmengine - INFO - Epoch(val) [12][5700/5717]    eta: 0:00:03  time: 0.1953  data_time: 0.0031  memory: 2612  
2026/03/27 19:05:59 - mmengine - INFO - 
---------------iou_thr: 0.5---------------
2026/03/27 19:07:14 - mmengine - INFO - 
+-------------------+--------+---------+---------+---------+
| class             | gts    | dets    | recall  | ap      |
+-------------------+--------+---------+---------+---------+
| Passenger Ship    | 840    | 53840   | 0.92738 | 0.45064 |
| Liquid Cargo Ship | 3431   | 128623  | 0.98047 | 0.84139 |
| Dry Cargo Ship    | 12017  | 353349  | 0.95207 | 0.82550 |
| Motorboat         | 9265   | 136282  | 0.71916 | 0.50852 |
| Fishing Boat      | 8393   | 130970  | 0.80210 | 0.47923 |
| Warship           | 782    | 81636   | 0.97954 | 0.77023 |
| Engineering Ship  | 1955   | 92621   | 0.94578 | 0.75319 |
| other-ship        | 2848   | 261114  | 0.83392 | 0.28066 |
| Tugboat           | 2338   | 135855  | 0.94611 | 0.74494 |
| Small Car         | 143249 | 482307  | 0.86819 | 0.67651 |
| Cargo Truck       | 9254   | 123685  | 0.72866 | 0.47639 |
| Van               | 132288 | 611014  | 0.87502 | 0.66373 |
| Trailer           | 587    | 36698   | 0.33560 | 0.04705 |
| other-vehicle     | 3062   | 170712  | 0.33508 | 0.01206 |
| Dump Truck        | 25769  | 343525  | 0.84404 | 0.56652 |
| Bus               | 1019   | 29479   | 0.65456 | 0.29334 |
| Tractor           | 262    | 27495   | 0.35115 | 0.05189 |
| Excavator         | 890    | 70941   | 0.46404 | 0.07397 |
| Truck Tractor     | 923    | 16330   | 0.10943 | 0.02300 |
| Boeing737         | 4208   | 66736   | 0.98931 | 0.73703 |
| Boeing747         | 1717   | 21914   | 0.99942 | 0.90385 |
| Boeing777         | 1660   | 25548   | 0.99940 | 0.71633 |
| Boeing787         | 1757   | 27542   | 1.00000 | 0.83766 |
| other-airplane    | 10413  | 100220  | 0.99136 | 0.89827 |
| C919              | 138    | 20550   | 1.00000 | 0.44686 |
| A220              | 6485   | 66135   | 0.99938 | 0.78795 |
| A321              | 2702   | 38210   | 0.99815 | 0.88922 |
| A330              | 1693   | 28849   | 0.99941 | 0.85754 |
| A350              | 1122   | 14981   | 1.00000 | 0.88758 |
| ARJ21             | 186    | 17635   | 1.00000 | 0.86755 |
| Tennis Court      | 2941   | 63086   | 0.96906 | 0.90511 |
| Football Field    | 880    | 75497   | 0.94318 | 0.80205 |
| Basketball Court  | 1322   | 84007   | 0.91755 | 0.82220 |
| Baseball Field    | 1062   | 12990   | 0.94068 | 0.88921 |
| Intersection      | 6958   | 1553144 | 0.78227 | 0.55661 |
| Bridge            | 1212   | 1188466 | 0.79208 | 0.53489 |
| Roundabout        | 584    | 70867   | 0.95377 | 0.86123 |
+-------------------+--------+---------+---------+---------+
| mAP               |        |         |         | 0.61459 |
+-------------------+--------+---------+---------+---------+
2026/03/27 19:07:15 - mmengine - INFO - Epoch(val) [12][5717/5717]    fair/mAP: 0.6146  fair/AP50: 0.6146  data_time: 0.0057  time: 0.1979
2026/03/27 19:07:34 - mmengine - INFO - Epoch(train) [13][   50/10002]  lr: 2.5000e-05  eta: 15:59:49  time: 0.3856  data_time: 0.0074  memory: 7330  grad_norm: 72.6773  loss: 8.5560  rpn_s.0.loss_cls: 0.6372  rpn_s.0.loss_bbox: 0.1075  rpn_s.0.loss_giou: 0.8755  rpn_s.1.loss_cls: 0.4496  rpn_s.1.loss_bbox: 0.0449  rpn_s.1.loss_giou: 0.4400  rpn_s.2.loss_cls: 0.3806  rpn_s.2.loss_bbox: 0.0381  rpn_s.2.loss_giou: 0.3816  rpn_s.3.loss_cls: 0.3356  rpn_s.3.loss_bbox: 0.0354  rpn_s.3.loss_giou: 0.3601  s0.loss_cls: 0.3668  s0.pos_acc: 85.0000  s0.loss_bbox: 0.5994  s0.loss_iou: 1.1955  s1.loss_cls: 0.3893  s1.pos_acc: 85.0000  s1.loss_bbox: 0.6740  s1.loss_iou: 1.2447
2026/03/27 19:07:54 - mmengine - INFO - Epoch(train) [13][  100/10002]  lr: 2.5000e-05  eta: 15:59:34  time: 0.3899  data_time: 0.0034  memory: 7330  grad_norm: 98.9121  loss: 8.5866  rpn_s.0.loss_cls: 0.6205  rpn_s.0.loss_bbox: 0.1073  rpn_s.0.loss_giou: 0.8304  rpn_s.1.loss_cls: 0.4578  rpn_s.1.loss_bbox: 0.0456  rpn_s.1.loss_giou: 0.4237  rpn_s.2.loss_cls: 0.3874  rpn_s.2.loss_bbox: 0.0391  rpn_s.2.loss_giou: 0.3661  rpn_s.3.loss_cls: 0.3506  rpn_s.3.loss_bbox: 0.0361  rpn_s.3.loss_giou: 0.3454  s0.loss_cls: 0.3652  s0.pos_acc: 100.0000  s0.loss_bbox: 0.6376  s0.loss_iou: 1.2074  s1.loss_cls: 0.3912  s1.pos_acc: 100.0000  s1.loss_bbox: 0.7123  s1.loss_iou: 1.2628
2026/03/27 19:08:13 - mmengine - INFO - Epoch(train) [13][  150/10002]  lr: 2.5000e-05  eta: 15:59:18  time: 0.3880  data_time: 0.0034  memory: 7330  grad_norm: 79.7361  loss: 7.8284  rpn_s.0.loss_cls: 0.5876  rpn_s.0.loss_bbox: 0.1055  rpn_s.0.loss_giou: 0.7900  rpn_s.1.loss_cls: 0.4016  rpn_s.1.loss_bbox: 0.0440  rpn_s.1.loss_giou: 0.3855  rpn_s.2.loss_cls: 0.3367  rpn_s.2.loss_bbox: 0.0382  rpn_s.2.loss_giou: 0.3334  rpn_s.3.loss_cls: 0.2844  rpn_s.3.loss_bbox: 0.0359  rpn_s.3.loss_giou: 0.3159  s0.loss_cls: 0.3112  s0.pos_acc: 100.0000  s0.loss_bbox: 0.6298  s0.loss_iou: 1.0888  s1.loss_cls: 0.3312  s1.pos_acc: 100.0000  s1.loss_bbox: 0.6818  s1.loss_iou: 1.1269
2026/03/27 19:08:33 - mmengine - INFO - Epoch(train) [13][  200/10002]  lr: 2.5000e-05  eta: 15:59:03  time: 0.3899  data_time: 0.0033  memory: 7330  grad_norm: 76.2030  loss: 7.8067  rpn_s.0.loss_cls: 0.5928  rpn_s.0.loss_bbox: 0.1016  rpn_s.0.loss_giou: 0.7883  rpn_s.1.loss_cls: 0.4134  rpn_s.1.loss_bbox: 0.0414  rpn_s.1.loss_giou: 0.3813  rpn_s.2.loss_cls: 0.3294  rpn_s.2.loss_bbox: 0.0352  rpn_s.2.loss_giou: 0.3302  rpn_s.3.loss_cls: 0.2918  rpn_s.3.loss_bbox: 0.0339  rpn_s.3.loss_giou: 0.3126  s0.loss_cls: 0.3185  s0.pos_acc: 67.6471  s0.loss_bbox: 0.6398  s0.loss_iou: 1.0795  s1.loss_cls: 0.3268  s1.pos_acc: 70.5882  s1.loss_bbox: 0.6783  s1.loss_iou: 1.1119
2026/03/27 19:08:52 - mmengine - INFO - Epoch(train) [13][  250/10002]  lr: 2.5000e-05  eta: 15:58:47  time: 0.3879  data_time: 0.0033  memory: 7330  grad_norm: 91.7187  loss: 7.7766  rpn_s.0.loss_cls: 0.5784  rpn_s.0.loss_bbox: 0.0960  rpn_s.0.loss_giou: 0.7660  rpn_s.1.loss_cls: 0.4084  rpn_s.1.loss_bbox: 0.0421  rpn_s.1.loss_giou: 0.3856  rpn_s.2.loss_cls: 0.3327  rpn_s.2.loss_bbox: 0.0357  rpn_s.2.loss_giou: 0.3330  rpn_s.3.loss_cls: 0.3005  rpn_s.3.loss_bbox: 0.0336  rpn_s.3.loss_giou: 0.3135  s0.loss_cls: 0.3114  s0.pos_acc: 60.0000  s0.loss_bbox: 0.6520  s0.loss_iou: 1.0637  s1.loss_cls: 0.3239  s1.pos_acc: 60.0000  s1.loss_bbox: 0.6754  s1.loss_iou: 1.1247
2026/03/27 19:09:11 - mmengine - INFO - Epoch(train) [13][  300/10002]  lr: 2.5000e-05  eta: 15:58:25  time: 0.3802  data_time: 0.0034  memory: 7329  grad_norm: 93.3362  loss: 7.7274  rpn_s.0.loss_cls: 0.5839  rpn_s.0.loss_bbox: 0.0977  rpn_s.0.loss_giou: 0.7677  rpn_s.1.loss_cls: 0.4232  rpn_s.1.loss_bbox: 0.0410  rpn_s.1.loss_giou: 0.3760  rpn_s.2.loss_cls: 0.3310  rpn_s.2.loss_bbox: 0.0360  rpn_s.2.loss_giou: 0.3344  rpn_s.3.loss_cls: 0.2902  rpn_s.3.loss_bbox: 0.0341  rpn_s.3.loss_giou: 0.3164  s0.loss_cls: 0.3112  s0.pos_acc: 100.0000  s0.loss_bbox: 0.6343  s0.loss_iou: 1.0313  s1.loss_cls: 0.3382  s1.pos_acc: 100.0000  s1.loss_bbox: 0.6751  s1.loss_iou: 1.1057
2026/03/27 19:09:30 - mmengine - INFO - Epoch(train) [13][  350/10002]  lr: 2.5000e-05  eta: 15:58:04  time: 0.3826  data_time: 0.0033  memory: 7329  grad_norm: 78.5441  loss: 8.1017  rpn_s.0.loss_cls: 0.6049  rpn_s.0.loss_bbox: 0.1080  rpn_s.0.loss_giou: 0.7997  rpn_s.1.loss_cls: 0.4145  rpn_s.1.loss_bbox: 0.0451  rpn_s.1.loss_giou: 0.3937  rpn_s.2.loss_cls: 0.3347  rpn_s.2.loss_bbox: 0.0393  rpn_s.2.loss_giou: 0.3424  rpn_s.3.loss_cls: 0.2903  rpn_s.3.loss_bbox: 0.0382  rpn_s.3.loss_giou: 0.3311  s0.loss_cls: 0.3310  s0.pos_acc: 66.6667  s0.loss_bbox: 0.6476  s0.loss_iou: 1.1397  s1.loss_cls: 0.3406  s1.pos_acc: 66.6667  s1.loss_bbox: 0.7057  s1.loss_iou: 1.1951
2026/03/27 19:09:49 - mmengine - INFO - Epoch(train) [13][  400/10002]  lr: 2.5000e-05  eta: 15:57:48  time: 0.3878  data_time: 0.0034  memory: 7329  grad_norm: 74.9382  loss: 8.5027  rpn_s.0.loss_cls: 0.6110  rpn_s.0.loss_bbox: 0.1107  rpn_s.0.loss_giou: 0.8745  rpn_s.1.loss_cls: 0.4182  rpn_s.1.loss_bbox: 0.0467  rpn_s.1.loss_giou: 0.4262  rpn_s.2.loss_cls: 0.3492  rpn_s.2.loss_bbox: 0.0384  rpn_s.2.loss_giou: 0.3649  rpn_s.3.loss_cls: 0.3060  rpn_s.3.loss_bbox: 0.0355  rpn_s.3.loss_giou: 0.3444  s0.loss_cls: 0.3598  s0.pos_acc: 84.6154  s0.loss_bbox: 0.6402  s0.loss_iou: 1.2244  s1.loss_cls: 0.3700  s1.pos_acc: 84.6154  s1.loss_bbox: 0.6870  s1.loss_iou: 1.2956
2026/03/27 19:10:09 - mmengine - INFO - Epoch(train) [13][  450/10002]  lr: 2.5000e-05  eta: 15:57:29  time: 0.3841  data_time: 0.0034  memory: 7330  grad_norm: 82.8362  loss: 7.7227  rpn_s.0.loss_cls: 0.5983  rpn_s.0.loss_bbox: 0.1014  rpn_s.0.loss_giou: 0.7640  rpn_s.1.loss_cls: 0.4031  rpn_s.1.loss_bbox: 0.0465  rpn_s.1.loss_giou: 0.3887  rpn_s.2.loss_cls: 0.3280  rpn_s.2.loss_bbox: 0.0386  rpn_s.2.loss_giou: 0.3354  rpn_s.3.loss_cls: 0.2892  rpn_s.3.loss_bbox: 0.0367  rpn_s.3.loss_giou: 0.3158  s0.loss_cls: 0.3217  s0.pos_acc: 74.7368  s0.loss_bbox: 0.6034  s0.loss_iou: 1.0435  s1.loss_cls: 0.3484  s1.pos_acc: 72.6316  s1.loss_bbox: 0.6495  s1.loss_iou: 1.1107
2026/03/27 19:10:28 - mmengine - INFO - Epoch(train) [13][  500/10002]  lr: 2.5000e-05  eta: 15:57:07  time: 0.3809  data_time: 0.0034  memory: 7329  grad_norm: 86.1596  loss: 7.7822  rpn_s.0.loss_cls: 0.5916  rpn_s.0.loss_bbox: 0.0990  rpn_s.0.loss_giou: 0.7605  rpn_s.1.loss_cls: 0.3954  rpn_s.1.loss_bbox: 0.0429  rpn_s.1.loss_giou: 0.3773  rpn_s.2.loss_cls: 0.3243  rpn_s.2.loss_bbox: 0.0365  rpn_s.2.loss_giou: 0.3280  rpn_s.3.loss_cls: 0.2862  rpn_s.3.loss_bbox: 0.0341  rpn_s.3.loss_giou: 0.3079  s0.loss_cls: 0.3060  s0.pos_acc: 70.5882  s0.loss_bbox: 0.6983  s0.loss_iou: 1.0483  s1.loss_cls: 0.3291  s1.pos_acc: 67.6471  s1.loss_bbox: 0.7288  s1.loss_iou: 1.0879
2026/03/27 19:10:47 - mmengine - INFO - Epoch(train) [13][  550/10002]  lr: 2.5000e-05  eta: 15:56:45  time: 0.3799  data_time: 0.0034  memory: 7329  grad_norm: 95.9503  loss: 7.9678  rpn_s.0.loss_cls: 0.5988  rpn_s.0.loss_bbox: 0.1097  rpn_s.0.loss_giou: 0.7470  rpn_s.1.loss_cls: 0.4259  rpn_s.1.loss_bbox: 0.0532  rpn_s.1.loss_giou: 0.3718  rpn_s.2.loss_cls: 0.3492  rpn_s.2.loss_bbox: 0.0456  rpn_s.2.loss_giou: 0.3261  rpn_s.3.loss_cls: 0.3109  rpn_s.3.loss_bbox: 0.0436  rpn_s.3.loss_giou: 0.3122  s0.loss_cls: 0.3527  s0.pos_acc: 68.2692  s0.loss_bbox: 0.6765  s0.loss_iou: 1.0674  s1.loss_cls: 0.3521  s1.pos_acc: 67.3077  s1.loss_bbox: 0.6973  s1.loss_iou: 1.1278
2026/03/27 19:11:06 - mmengine - INFO - Epoch(train) [13][  600/10002]  lr: 2.5000e-05  eta: 15:56:26  time: 0.3835  data_time: 0.0034  memory: 7330  grad_norm: 75.4855  loss: 8.4751  rpn_s.0.loss_cls: 0.6297  rpn_s.0.loss_bbox: 0.1153  rpn_s.0.loss_giou: 0.8564  rpn_s.1.loss_cls: 0.4377  rpn_s.1.loss_bbox: 0.0478  rpn_s.1.loss_giou: 0.4045  rpn_s.2.loss_cls: 0.3609  rpn_s.2.loss_bbox: 0.0416  rpn_s.2.loss_giou: 0.3500  rpn_s.3.loss_cls: 0.3162  rpn_s.3.loss_bbox: 0.0398  rpn_s.3.loss_giou: 0.3322  s0.loss_cls: 0.3425  s0.pos_acc: 100.0000  s0.loss_bbox: 0.7057  s0.loss_iou: 1.1600  s1.loss_cls: 0.3587  s1.pos_acc: 100.0000  s1.loss_bbox: 0.7620  s1.loss_iou: 1.2142
2026/03/27 19:11:25 - mmengine - INFO - Epoch(train) [13][  650/10002]  lr: 2.5000e-05  eta: 15:56:03  time: 0.3795  data_time: 0.0034  memory: 7329  grad_norm: 91.0414  loss: 7.9470  rpn_s.0.loss_cls: 0.5977  rpn_s.0.loss_bbox: 0.0980  rpn_s.0.loss_giou: 0.7266  rpn_s.1.loss_cls: 0.4234  rpn_s.1.loss_bbox: 0.0464  rpn_s.1.loss_giou: 0.3832  rpn_s.2.loss_cls: 0.3454  rpn_s.2.loss_bbox: 0.0395  rpn_s.2.loss_giou: 0.3376  rpn_s.3.loss_cls: 0.2966  rpn_s.3.loss_bbox: 0.0362  rpn_s.3.loss_giou: 0.3217  s0.loss_cls: 0.3383  s0.pos_acc: 79.6512  s0.loss_bbox: 0.6659  s0.loss_iou: 1.1003  s1.loss_cls: 0.3569  s1.pos_acc: 81.3953  s1.loss_bbox: 0.7023  s1.loss_iou: 1.1309
2026/03/27 19:11:44 - mmengine - INFO - Epoch(train) [13][  700/10002]  lr: 2.5000e-05  eta: 15:55:42  time: 0.3806  data_time: 0.0034  memory: 7329  grad_norm: 91.4451  loss: 7.7097  rpn_s.0.loss_cls: 0.5911  rpn_s.0.loss_bbox: 0.1022  rpn_s.0.loss_giou: 0.7562  rpn_s.1.loss_cls: 0.4064  rpn_s.1.loss_bbox: 0.0439  rpn_s.1.loss_giou: 0.3785  rpn_s.2.loss_cls: 0.3251  rpn_s.2.loss_bbox: 0.0350  rpn_s.2.loss_giou: 0.3247  rpn_s.3.loss_cls: 0.2844  rpn_s.3.loss_bbox: 0.0321  rpn_s.3.loss_giou: 0.3041  s0.loss_cls: 0.3251  s0.pos_acc: 100.0000  s0.loss_bbox: 0.6482  s0.loss_iou: 1.0333  s1.loss_cls: 0.3458  s1.pos_acc: 100.0000  s1.loss_bbox: 0.6972  s1.loss_iou: 1.0763
2026/03/27 19:12:03 - mmengine - INFO - Epoch(train) [13][  750/10002]  lr: 2.5000e-05  eta: 15:55:24  time: 0.3862  data_time: 0.0034  memory: 7330  grad_norm: 100.4843  loss: 8.1917  rpn_s.0.loss_cls: 0.6112  rpn_s.0.loss_bbox: 0.1100  rpn_s.0.loss_giou: 0.8260  rpn_s.1.loss_cls: 0.4287  rpn_s.1.loss_bbox: 0.0474  rpn_s.1.loss_giou: 0.4095  rpn_s.2.loss_cls: 0.3418  rpn_s.2.loss_bbox: 0.0397  rpn_s.2.loss_giou: 0.3528  rpn_s.3.loss_cls: 0.3010  rpn_s.3.loss_bbox: 0.0370  rpn_s.3.loss_giou: 0.3333  s0.loss_cls: 0.3352  s0.pos_acc: 68.3333  s0.loss_bbox: 0.6056  s0.loss_iou: 1.1486  s1.loss_cls: 0.3475  s1.pos_acc: 76.6667  s1.loss_bbox: 0.6941  s1.loss_iou: 1.2223
2026/03/27 19:12:23 - mmengine - INFO - Epoch(train) [13][  800/10002]  lr: 2.5000e-05  eta: 15:55:06  time: 0.3855  data_time: 0.0033  memory: 7329  grad_norm: 86.7894  loss: 7.7020  rpn_s.0.loss_cls: 0.6072  rpn_s.0.loss_bbox: 0.1016  rpn_s.0.loss_giou: 0.8274  rpn_s.1.loss_cls: 0.4032  rpn_s.1.loss_bbox: 0.0366  rpn_s.1.loss_giou: 0.3794  rpn_s.2.loss_cls: 0.3298  rpn_s.2.loss_bbox: 0.0308  rpn_s.2.loss_giou: 0.3191  rpn_s.3.loss_cls: 0.2833  rpn_s.3.loss_bbox: 0.0288  rpn_s.3.loss_giou: 0.3057  s0.loss_cls: 0.3129  s0.pos_acc: 79.0698  s0.loss_bbox: 0.5914  s0.loss_iou: 1.0200  s1.loss_cls: 0.3389  s1.pos_acc: 68.6047  s1.loss_bbox: 0.7190  s1.loss_iou: 1.0666
2026/03/27 19:12:42 - mmengine - INFO - Epoch(train) [13][  850/10002]  lr: 2.5000e-05  eta: 15:54:45  time: 0.3824  data_time: 0.0034  memory: 7330  grad_norm: 80.1537  loss: 7.7240  rpn_s.0.loss_cls: 0.5984  rpn_s.0.loss_bbox: 0.0969  rpn_s.0.loss_giou: 0.7297  rpn_s.1.loss_cls: 0.4324  rpn_s.1.loss_bbox: 0.0427  rpn_s.1.loss_giou: 0.3700  rpn_s.2.loss_cls: 0.3450  rpn_s.2.loss_bbox: 0.0356  rpn_s.2.loss_giou: 0.3180  rpn_s.3.loss_cls: 0.3086  rpn_s.3.loss_bbox: 0.0334  rpn_s.3.loss_giou: 0.2997  s0.loss_cls: 0.3583  s0.pos_acc: 89.1304  s0.loss_bbox: 0.5839  s0.loss_iou: 1.0640  s1.loss_cls: 0.3665  s1.pos_acc: 100.0000  s1.loss_bbox: 0.6203  s1.loss_iou: 1.1208
2026/03/27 19:13:01 - mmengine - INFO - Epoch(train) [13][  900/10002]  lr: 2.5000e-05  eta: 15:54:26  time: 0.3832  data_time: 0.0034  memory: 7329  grad_norm: 78.5888  loss: 8.0575  rpn_s.0.loss_cls: 0.5950  rpn_s.0.loss_bbox: 0.1150  rpn_s.0.loss_giou: 0.8102  rpn_s.1.loss_cls: 0.4217  rpn_s.1.loss_bbox: 0.0511  rpn_s.1.loss_giou: 0.3973  rpn_s.2.loss_cls: 0.3343  rpn_s.2.loss_bbox: 0.0439  rpn_s.2.loss_giou: 0.3408  rpn_s.3.loss_cls: 0.2922  rpn_s.3.loss_bbox: 0.0420  rpn_s.3.loss_giou: 0.3302  s0.loss_cls: 0.3254  s0.pos_acc: 100.0000  s0.loss_bbox: 0.6210  s0.loss_iou: 1.1230  s1.loss_cls: 0.3477  s1.pos_acc: 100.0000  s1.loss_bbox: 0.7045  s1.loss_iou: 1.1623
2026/03/27 19:13:20 - mmengine - INFO - Epoch(train) [13][  950/10002]  lr: 2.5000e-05  eta: 15:54:02  time: 0.3771  data_time: 0.0034  memory: 7329  grad_norm: 92.6409  loss: 7.5633  rpn_s.0.loss_cls: 0.6013  rpn_s.0.loss_bbox: 0.1025  rpn_s.0.loss_giou: 0.7607  rpn_s.1.loss_cls: 0.4143  rpn_s.1.loss_bbox: 0.0420  rpn_s.1.loss_giou: 0.3607  rpn_s.2.loss_cls: 0.3371  rpn_s.2.loss_bbox: 0.0366  rpn_s.2.loss_giou: 0.3162  rpn_s.3.loss_cls: 0.2960  rpn_s.3.loss_bbox: 0.0336  rpn_s.3.loss_giou: 0.2975  s0.loss_cls: 0.3339  s0.pos_acc: 50.0000  s0.loss_bbox: 0.6318  s0.loss_iou: 0.9756  s1.loss_cls: 0.3542  s1.pos_acc: 75.0000  s1.loss_bbox: 0.6618  s1.loss_iou: 1.0077
2026/03/27 19:13:32 - mmengine - INFO - Exp name: GSDet_r50_b900_h2h4_h2r1_r2r1_2x_fair1m1.0_20260327_174101
2026/03/27 19:13:39 - mmengine - INFO - Epoch(train) [13][ 1000/10002]  lr: 2.5000e-05  eta: 15:53:37  time: 0.3763  data_time: 0.0034  memory: 7329  grad_norm: 89.8142  loss: 7.6770  rpn_s.0.loss_cls: 0.6052  rpn_s.0.loss_bbox: 0.1010  rpn_s.0.loss_giou: 0.7413  rpn_s.1.loss_cls: 0.4101  rpn_s.1.loss_bbox: 0.0450  rpn_s.1.loss_giou: 0.3696  rpn_s.2.loss_cls: 0.3339  rpn_s.2.loss_bbox: 0.0385  rpn_s.2.loss_giou: 0.3235  rpn_s.3.loss_cls: 0.2871  rpn_s.3.loss_bbox: 0.0361  rpn_s.3.loss_giou: 0.3041  s0.loss_cls: 0.3159  s0.pos_acc: 100.0000  s0.loss_bbox: 0.6151  s0.loss_iou: 1.0308  s1.loss_cls: 0.3353  s1.pos_acc: 100.0000  s1.loss_bbox: 0.6918  s1.loss_iou: 1.0927
2026/03/27 19:13:58 - mmengine - INFO - Epoch(train) [13][ 1050/10002]  lr: 2.5000e-05  eta: 15:53:16  time: 0.3800  data_time: 0.0034  memory: 7329  grad_norm: 85.1439  loss: 7.7485  rpn_s.0.loss_cls: 0.6242  rpn_s.0.loss_bbox: 0.1004  rpn_s.0.loss_giou: 0.7171  rpn_s.1.loss_cls: 0.4451  rpn_s.1.loss_bbox: 0.0461  rpn_s.1.loss_giou: 0.3557  rpn_s.2.loss_cls: 0.3709  rpn_s.2.loss_bbox: 0.0390  rpn_s.2.loss_giou: 0.3080  rpn_s.3.loss_cls: 0.3382  rpn_s.3.loss_bbox: 0.0356  rpn_s.3.loss_giou: 0.2931  s0.loss_cls: 0.3727  s0.pos_acc: 85.1852  s0.loss_bbox: 0.6527  s0.loss_iou: 0.9710  s1.loss_cls: 0.3799  s1.pos_acc: 83.3333  s1.loss_bbox: 0.6602  s1.loss_iou: 1.0385
2026/03/27 19:14:17 - mmengine - INFO - Epoch(train) [13][ 1100/10002]  lr: 2.5000e-05  eta: 15:52:58  time: 0.3869  data_time: 0.0034  memory: 7330  grad_norm: 90.9235  loss: 7.8053  rpn_s.0.loss_cls: 0.5656  rpn_s.0.loss_bbox: 0.1086  rpn_s.0.loss_giou: 0.7285  rpn_s.1.loss_cls: 0.3934  rpn_s.1.loss_bbox: 0.0510  rpn_s.1.loss_giou: 0.3722  rpn_s.2.loss_cls: 0.3236  rpn_s.2.loss_bbox: 0.0437  rpn_s.2.loss_giou: 0.3228  rpn_s.3.loss_cls: 0.2904  rpn_s.3.loss_bbox: 0.0419  rpn_s.3.loss_giou: 0.3078  s0.loss_cls: 0.3141  s0.pos_acc: 75.0000  s0.loss_bbox: 0.7211  s0.loss_iou: 1.0539  s1.loss_cls: 0.3433  s1.pos_acc: 62.5000  s1.loss_bbox: 0.7410  s1.loss_iou: 1.0824
2026/03/27 19:14:36 - mmengine - INFO - Epoch(train) [13][ 1150/10002]  lr: 2.5000e-05  eta: 15:52:37  time: 0.3808  data_time: 0.0034  memory: 7329  grad_norm: 75.8744  loss: 7.8902  rpn_s.0.loss_cls: 0.6245  rpn_s.0.loss_bbox: 0.1050  rpn_s.0.loss_giou: 0.7649  rpn_s.1.loss_cls: 0.4231  rpn_s.1.loss_bbox: 0.0471  rpn_s.1.loss_giou: 0.3802  rpn_s.2.loss_cls: 0.3346  rpn_s.2.loss_bbox: 0.0392  rpn_s.2.loss_giou: 0.3305  rpn_s.3.loss_cls: 0.2818  rpn_s.3.loss_bbox: 0.0368  rpn_s.3.loss_giou: 0.3137  s0.loss_cls: 0.3115  s0.pos_acc: 40.0000  s0.loss_bbox: 0.6873  s0.loss_iou: 1.0507  s1.loss_cls: 0.3158  s1.pos_acc: 40.0000  s1.loss_bbox: 0.7370  s1.loss_iou: 1.1065
2026/03/27 19:14:55 - mmengine - INFO - Epoch(train) [13][ 1200/10002]  lr: 2.5000e-05  eta: 15:52:15  time: 0.3796  data_time: 0.0034  memory: 7329  grad_norm: 78.2665  loss: 7.6162  rpn_s.0.loss_cls: 0.6164  rpn_s.0.loss_bbox: 0.1046  rpn_s.0.loss_giou: 0.7796  rpn_s.1.loss_cls: 0.4183  rpn_s.1.loss_bbox: 0.0435  rpn_s.1.loss_giou: 0.3741  rpn_s.2.loss_cls: 0.3399  rpn_s.2.loss_bbox: 0.0360  rpn_s.2.loss_giou: 0.3160  rpn_s.3.loss_cls: 0.3001  rpn_s.3.loss_bbox: 0.0340  rpn_s.3.loss_giou: 0.2998  s0.loss_cls: 0.3355  s0.pos_acc: 100.0000  s0.loss_bbox: 0.4983  s0.loss_iou: 1.0330  s1.loss_cls: 0.3491  s1.pos_acc: 100.0000  s1.loss_bbox: 0.6496  s1.loss_iou: 1.0886
2026/03/27 19:15:14 - mmengine - INFO - Epoch(train) [13][ 1250/10002]  lr: 2.5000e-05  eta: 15:51:55  time: 0.3829  data_time: 0.0034  memory: 7330  grad_norm: 77.4541  loss: 7.9942  rpn_s.0.loss_cls: 0.5946  rpn_s.0.loss_bbox: 0.1030  rpn_s.0.loss_giou: 0.8491  rpn_s.1.loss_cls: 0.4007  rpn_s.1.loss_bbox: 0.0407  rpn_s.1.loss_giou: 0.4128  rpn_s.2.loss_cls: 0.3307  rpn_s.2.loss_bbox: 0.0342  rpn_s.2.loss_giou: 0.3537  rpn_s.3.loss_cls: 0.2948  rpn_s.3.loss_bbox: 0.0312  rpn_s.3.loss_giou: 0.3349  s0.loss_cls: 0.3071  s0.pos_acc: 100.0000  s0.loss_bbox: 0.6289  s0.loss_iou: 1.1285  s1.loss_cls: 0.3255  s1.pos_acc: 100.0000  s1.loss_bbox: 0.6696  s1.loss_iou: 1.1543
2026/03/27 19:15:33 - mmengine - INFO - Epoch(train) [13][ 1300/10002]  lr: 2.5000e-05  eta: 15:51:33  time: 0.3787  data_time: 0.0034  memory: 7329  grad_norm: 77.9579  loss: 7.6553  rpn_s.0.loss_cls: 0.5923  rpn_s.0.loss_bbox: 0.1024  rpn_s.0.loss_giou: 0.7232  rpn_s.1.loss_cls: 0.4082  rpn_s.1.loss_bbox: 0.0482  rpn_s.1.loss_giou: 0.3597  rpn_s.2.loss_cls: 0.3329  rpn_s.2.loss_bbox: 0.0431  rpn_s.2.loss_giou: 0.3179  rpn_s.3.loss_cls: 0.2952  rpn_s.3.loss_bbox: 0.0417  rpn_s.3.loss_giou: 0.3026  s0.loss_cls: 0.3303  s0.pos_acc: 85.7143  s0.loss_bbox: 0.6531  s0.loss_iou: 1.0004  s1.loss_cls: 0.3526  s1.pos_acc: 85.7143  s1.loss_bbox: 0.6986  s1.loss_iou: 1.0530
2026/03/27 19:15:52 - mmengine - INFO - Epoch(train) [13][ 1350/10002]  lr: 2.5000e-05  eta: 15:51:13  time: 0.3838  data_time: 0.0034  memory: 7330  grad_norm: 77.4937  loss: 8.1283  rpn_s.0.loss_cls: 0.5993  rpn_s.0.loss_bbox: 0.1033  rpn_s.0.loss_giou: 0.8185  rpn_s.1.loss_cls: 0.4255  rpn_s.1.loss_bbox: 0.0424  rpn_s.1.loss_giou: 0.4080  rpn_s.2.loss_cls: 0.3400  rpn_s.2.loss_bbox: 0.0355  rpn_s.2.loss_giou: 0.3523  rpn_s.3.loss_cls: 0.3019  rpn_s.3.loss_bbox: 0.0330  rpn_s.3.loss_giou: 0.3335  s0.loss_cls: 0.3466  s0.pos_acc: 100.0000  s0.loss_bbox: 0.6068  s0.loss_iou: 1.1370  s1.loss_cls: 0.3482  s1.pos_acc: 100.0000  s1.loss_bbox: 0.7100  s1.loss_iou: 1.1865
2026/03/27 19:16:11 - mmengine - INFO - Epoch(train) [13][ 1400/10002]  lr: 2.5000e-05  eta: 15:50:50  time: 0.3776  data_time: 0.0034  memory: 7329  grad_norm: 89.4735  loss: 8.0240  rpn_s.0.loss_cls: 0.6263  rpn_s.0.loss_bbox: 0.1070  rpn_s.0.loss_giou: 0.8188  rpn_s.1.loss_cls: 0.4460  rpn_s.1.loss_bbox: 0.0442  rpn_s.1.loss_giou: 0.3936  rpn_s.2.loss_cls: 0.3727  rpn_s.2.loss_bbox: 0.0361  rpn_s.2.loss_giou: 0.3385  rpn_s.3.loss_cls: 0.3232  rpn_s.3.loss_bbox: 0.0337  rpn_s.3.loss_giou: 0.3210  s0.loss_cls: 0.3622  s0.pos_acc: 100.0000  s0.loss_bbox: 0.5753  s0.loss_iou: 1.0793  s1.loss_cls: 0.3685  s1.pos_acc: 93.7500  s1.loss_bbox: 0.6488  s1.loss_iou: 1.1288
2026/03/27 19:16:30 - mmengine - INFO - Epoch(train) [13][ 1450/10002]  lr: 2.5000e-05  eta: 15:50:27  time: 0.3773  data_time: 0.0034  memory: 7329  grad_norm: 81.7937  loss: 7.7154  rpn_s.0.loss_cls: 0.5657  rpn_s.0.loss_bbox: 0.0957  rpn_s.0.loss_giou: 0.7706  rpn_s.1.loss_cls: 0.4032  rpn_s.1.loss_bbox: 0.0393  rpn_s.1.loss_giou: 0.3667  rpn_s.2.loss_cls: 0.3312  rpn_s.2.loss_bbox: 0.0334  rpn_s.2.loss_giou: 0.3186  rpn_s.3.loss_cls: 0.2888  rpn_s.3.loss_bbox: 0.0307  rpn_s.3.loss_giou: 0.2974  s0.loss_cls: 0.3084  s0.pos_acc: 73.4375  s0.loss_bbox: 0.7121  s0.loss_iou: 0.9854  s1.loss_cls: 0.3226  s1.pos_acc: 76.5625  s1.loss_bbox: 0.7744  s1.loss_iou: 1.0711
2026/03/27 19:16:49 - mmengine - INFO - Epoch(train) [13][ 1500/10002]  lr: 2.5000e-05  eta: 15:50:04  time: 0.3784  data_time: 0.0034  memory: 7329  grad_norm: 77.6997  loss: 8.2123  rpn_s.0.loss_cls: 0.6054  rpn_s.0.loss_bbox: 0.1061  rpn_s.0.loss_giou: 0.8396  rpn_s.1.loss_cls: 0.4243  rpn_s.1.loss_bbox: 0.0433  rpn_s.1.loss_giou: 0.4148  rpn_s.2.loss_cls: 0.3451  rpn_s.2.loss_bbox: 0.0370  rpn_s.2.loss_giou: 0.3613  rpn_s.3.loss_cls: 0.3038  rpn_s.3.loss_bbox: 0.0346  rpn_s.3.loss_giou: 0.3395  s0.loss_cls: 0.3190  s0.pos_acc: 74.4898  s0.loss_bbox: 0.6207  s0.loss_iou: 1.1530  s1.loss_cls: 0.3224  s1.pos_acc: 71.4286  s1.loss_bbox: 0.7575  s1.loss_iou: 1.1848
2026/03/27 19:17:08 - mmengine - INFO - Epoch(train) [13][ 1550/10002]  lr: 2.5000e-05  eta: 15:49:38  time: 0.3738  data_time: 0.0034  memory: 7329  grad_norm: 110.3656  loss: 7.7502  rpn_s.0.loss_cls: 0.5830  rpn_s.0.loss_bbox: 0.1011  rpn_s.0.loss_giou: 0.7648  rpn_s.1.loss_cls: 0.4119  rpn_s.1.loss_bbox: 0.0435  rpn_s.1.loss_giou: 0.3852  rpn_s.2.loss_cls: 0.3249  rpn_s.2.loss_bbox: 0.0358  rpn_s.2.loss_giou: 0.3243  rpn_s.3.loss_cls: 0.2858  rpn_s.3.loss_bbox: 0.0337  rpn_s.3.loss_giou: 0.3076  s0.loss_cls: 0.3202  s0.pos_acc: 66.6667  s0.loss_bbox: 0.6697  s0.loss_iou: 1.0408  s1.loss_cls: 0.3355  s1.pos_acc: 66.6667  s1.loss_bbox: 0.6931  s1.loss_iou: 1.0894
2026/03/27 19:17:26 - mmengine - INFO - Epoch(train) [13][ 1600/10002]  lr: 2.5000e-05  eta: 15:49:14  time: 0.3761  data_time: 0.0034  memory: 7330  grad_norm: 89.9844  loss: 7.6683  rpn_s.0.loss_cls: 0.5624  rpn_s.0.loss_bbox: 0.1062  rpn_s.0.loss_giou: 0.7519  rpn_s.1.loss_cls: 0.3955  rpn_s.1.loss_bbox: 0.0477  rpn_s.1.loss_giou: 0.3709  rpn_s.2.loss_cls: 0.3252  rpn_s.2.loss_bbox: 0.0397  rpn_s.2.loss_giou: 0.3195  rpn_s.3.loss_cls: 0.2875  rpn_s.3.loss_bbox: 0.0369  rpn_s.3.loss_giou: 0.3026  s0.loss_cls: 0.3145  s0.pos_acc: 84.2105  s0.loss_bbox: 0.6523  s0.loss_iou: 1.0029  s1.loss_cls: 0.3301  s1.pos_acc: 60.5263  s1.loss_bbox: 0.7220  s1.loss_iou: 1.1004
2026/03/27 19:17:45 - mmengine - INFO - Epoch(train) [13][ 1650/10002]  lr: 2.5000e-05  eta: 15:48:52  time: 0.3793  data_time: 0.0034  memory: 7329  grad_norm: 69.6702  loss: 8.4618  rpn_s.0.loss_cls: 0.6079  rpn_s.0.loss_bbox: 0.1071  rpn_s.0.loss_giou: 0.8937  rpn_s.1.loss_cls: 0.4113  rpn_s.1.loss_bbox: 0.0442  rpn_s.1.loss_giou: 0.4335  rpn_s.2.loss_cls: 0.3262  rpn_s.2.loss_bbox: 0.0377  rpn_s.2.loss_giou: 0.3794  rpn_s.3.loss_cls: 0.2859  rpn_s.3.loss_bbox: 0.0348  rpn_s.3.loss_giou: 0.3581  s0.loss_cls: 0.3127  s0.pos_acc: 77.2727  s0.loss_bbox: 0.6554  s0.loss_iou: 1.2364  s1.loss_cls: 0.3277  s1.pos_acc: 77.2727  s1.loss_bbox: 0.7296  s1.loss_iou: 1.2801
2026/03/27 19:18:04 - mmengine - INFO - Epoch(train) [13][ 1700/10002]  lr: 2.5000e-05  eta: 15:48:29  time: 0.3771  data_time: 0.0034  memory: 7329  grad_norm: 76.7380  loss: 7.8669  rpn_s.0.loss_cls: 0.5918  rpn_s.0.loss_bbox: 0.1033  rpn_s.0.loss_giou: 0.7784  rpn_s.1.loss_cls: 0.4183  rpn_s.1.loss_bbox: 0.0437  rpn_s.1.loss_giou: 0.3862  rpn_s.2.loss_cls: 0.3330  rpn_s.2.loss_bbox: 0.0359  rpn_s.2.loss_giou: 0.3338  rpn_s.3.loss_cls: 0.2837  rpn_s.3.loss_bbox: 0.0335  rpn_s.3.loss_giou: 0.3159  s0.loss_cls: 0.3096  s0.pos_acc: 71.4286  s0.loss_bbox: 0.6646  s0.loss_iou: 1.0627  s1.loss_cls: 0.3242  s1.pos_acc: 66.6667  s1.loss_bbox: 0.7431  s1.loss_iou: 1.1053
2026/03/27 19:18:23 - mmengine - INFO - Epoch(train) [13][ 1750/10002]  lr: 2.5000e-05  eta: 15:48:07  time: 0.3790  data_time: 0.0034  memory: 7330  grad_norm: 76.1956  loss: 8.0559  rpn_s.0.loss_cls: 0.6051  rpn_s.0.loss_bbox: 0.1050  rpn_s.0.loss_giou: 0.8379  rpn_s.1.loss_cls: 0.4033  rpn_s.1.loss_bbox: 0.0420  rpn_s.1.loss_giou: 0.4047  rpn_s.2.loss_cls: 0.3265  rpn_s.2.loss_bbox: 0.0346  rpn_s.2.loss_giou: 0.3461  rpn_s.3.loss_cls: 0.2835  rpn_s.3.loss_bbox: 0.0322  rpn_s.3.loss_giou: 0.3259  s0.loss_cls: 0.3130  s0.pos_acc: 93.7500  s0.loss_bbox: 0.6746  s0.loss_iou: 1.1044  s1.loss_cls: 0.3223  s1.pos_acc: 100.0000  s1.loss_bbox: 0.7392  s1.loss_iou: 1.1556
2026/03/27 19:18:42 - mmengine - INFO - Epoch(train) [13][ 1800/10002]  lr: 2.5000e-05  eta: 15:47:49  time: 0.3858  data_time: 0.0034  memory: 7330  grad_norm: 78.9553  loss: 8.3685  rpn_s.0.loss_cls: 0.6033  rpn_s.0.loss_bbox: 0.1221  rpn_s.0.loss_giou: 0.8640  rpn_s.1.loss_cls: 0.4196  rpn_s.1.loss_bbox: 0.0513  rpn_s.1.loss_giou: 0.4070  rpn_s.2.loss_cls: 0.3432  rpn_s.2.loss_bbox: 0.0435  rpn_s.2.loss_giou: 0.3514  rpn_s.3.loss_cls: 0.3080  rpn_s.3.loss_bbox: 0.0406  rpn_s.3.loss_giou: 0.3314  s0.loss_cls: 0.3356  s0.pos_acc: 77.7778  s0.loss_bbox: 0.6693  s0.loss_iou: 1.1702  s1.loss_cls: 0.3460  s1.pos_acc: 77.7778  s1.loss_bbox: 0.7293  s1.loss_iou: 1.2324
2026/03/27 19:19:01 - mmengine - INFO - Epoch(train) [13][ 1850/10002]  lr: 2.5000e-05  eta: 15:47:25  time: 0.3760  data_time: 0.0034  memory: 7329  grad_norm: 81.3308  loss: 7.7695  rpn_s.0.loss_cls: 0.5942  rpn_s.0.loss_bbox: 0.1063  rpn_s.0.loss_giou: 0.8051  rpn_s.1.loss_cls: 0.4101  rpn_s.1.loss_bbox: 0.0467  rpn_s.1.loss_giou: 0.3842  rpn_s.2.loss_cls: 0.3438  rpn_s.2.loss_bbox: 0.0399  rpn_s.2.loss_giou: 0.3306  rpn_s.3.loss_cls: 0.3023  rpn_s.3.loss_bbox: 0.0374  rpn_s.3.loss_giou: 0.3154  s0.loss_cls: 0.3183  s0.pos_acc: 58.7500  s0.loss_bbox: 0.5753  s0.loss_iou: 1.0611  s1.loss_cls: 0.3301  s1.pos_acc: 63.7500  s1.loss_bbox: 0.6514  s1.loss_iou: 1.1174
2026/03/27 19:19:20 - mmengine - INFO - Epoch(train) [13][ 1900/10002]  lr: 2.5000e-05  eta: 15:47:03  time: 0.3792  data_time: 0.0033  memory: 7329  grad_norm: 73.1649  loss: 7.8065  rpn_s.0.loss_cls: 0.5726  rpn_s.0.loss_bbox: 0.1108  rpn_s.0.loss_giou: 0.7489  rpn_s.1.loss_cls: 0.4037  rpn_s.1.loss_bbox: 0.0493  rpn_s.1.loss_giou: 0.3745  rpn_s.2.loss_cls: 0.3299  rpn_s.2.loss_bbox: 0.0417  rpn_s.2.loss_giou: 0.3240  rpn_s.3.loss_cls: 0.2838  rpn_s.3.loss_bbox: 0.0390  rpn_s.3.loss_giou: 0.3050  s0.loss_cls: 0.3366  s0.pos_acc: 64.7059  s0.loss_bbox: 0.7002  s0.loss_iou: 1.0620  s1.loss_cls: 0.3382  s1.pos_acc: 63.2353  s1.loss_bbox: 0.6996  s1.loss_iou: 1.0867
2026/03/27 19:19:39 - mmengine - INFO - Epoch(train) [13][ 1950/10002]  lr: 2.5000e-05  eta: 15:46:39  time: 0.3762  data_time: 0.0033  memory: 7329  grad_norm: 76.0067  loss: 8.4384  rpn_s.0.loss_cls: 0.6202  rpn_s.0.loss_bbox: 0.1034  rpn_s.0.loss_giou: 0.8359  rpn_s.1.loss_cls: 0.4433  rpn_s.1.loss_bbox: 0.0441  rpn_s.1.loss_giou: 0.4224  rpn_s.2.loss_cls: 0.3527  rpn_s.2.loss_bbox: 0.0372  rpn_s.2.loss_giou: 0.3713  rpn_s.3.loss_cls: 0.3112  rpn_s.3.loss_bbox: 0.0353  rpn_s.3.loss_giou: 0.3579  s0.loss_cls: 0.3551  s0.pos_acc: 70.1613  s0.loss_bbox: 0.6974  s0.loss_iou: 1.1437  s1.loss_cls: 0.3720  s1.pos_acc: 65.3226  s1.loss_bbox: 0.7392  s1.loss_iou: 1.1961
2026/03/27 19:19:52 - mmengine - INFO - Exp name: GSDet_r50_b900_h2h4_h2r1_r2r1_2x_fair1m1.0_20260327_174101
2026/03/27 19:19:58 - mmengine - INFO - Epoch(train) [13][ 2000/10002]  lr: 2.5000e-05  eta: 15:46:22  time: 0.3861  data_time: 0.0033  memory: 7330  grad_norm: 76.8153  loss: 8.1921  rpn_s.0.loss_cls: 0.6082  rpn_s.0.loss_bbox: 0.1089  rpn_s.0.loss_giou: 0.8007  rpn_s.1.loss_cls: 0.4159  rpn_s.1.loss_bbox: 0.0503  rpn_s.1.loss_giou: 0.4154  rpn_s.2.loss_cls: 0.3508  rpn_s.2.loss_bbox: 0.0418  rpn_s.2.loss_giou: 0.3609  rpn_s.3.loss_cls: 0.3146  rpn_s.3.loss_bbox: 0.0379  rpn_s.3.loss_giou: 0.3351  s0.loss_cls: 0.3585  s0.pos_acc: 0.0000  s0.loss_bbox: 0.6038  s0.loss_iou: 1.1682  s1.loss_cls: 0.3726  s1.pos_acc: 0.0000  s1.loss_bbox: 0.6515  s1.loss_iou: 1.1970
2026/03/27 19:20:17 - mmengine - INFO - Epoch(train) [13][ 2050/10002]  lr: 2.5000e-05  eta: 15:45:59  time: 0.3772  data_time: 0.0033  memory: 7329  grad_norm: 76.8637  loss: 8.1788  rpn_s.0.loss_cls: 0.6272  rpn_s.0.loss_bbox: 0.1043  rpn_s.0.loss_giou: 0.8678  rpn_s.1.loss_cls: 0.3969  rpn_s.1.loss_bbox: 0.0405  rpn_s.1.loss_giou: 0.4125  rpn_s.2.loss_cls: 0.3289  rpn_s.2.loss_bbox: 0.0344  rpn_s.2.loss_giou: 0.3603  rpn_s.3.loss_cls: 0.2917  rpn_s.3.loss_bbox: 0.0329  rpn_s.3.loss_giou: 0.3463  s0.loss_cls: 0.3264  s0.pos_acc: 100.0000  s0.loss_bbox: 0.6603  s0.loss_iou: 1.1307  s1.loss_cls: 0.3381  s1.pos_acc: 100.0000  s1.loss_bbox: 0.7019  s1.loss_iou: 1.1777
2026/03/27 19:20:36 - mmengine - INFO - Epoch(train) [13][ 2100/10002]  lr: 2.5000e-05  eta: 15:45:35  time: 0.3769  data_time: 0.0033  memory: 7329  grad_norm: 84.0599  loss: 8.2022  rpn_s.0.loss_cls: 0.6010  rpn_s.0.loss_bbox: 0.1001  rpn_s.0.loss_giou: 0.7606  rpn_s.1.loss_cls: 0.4310  rpn_s.1.loss_bbox: 0.0467  rpn_s.1.loss_giou: 0.3929  rpn_s.2.loss_cls: 0.3477  rpn_s.2.loss_bbox: 0.0398  rpn_s.2.loss_giou: 0.3386  rpn_s.3.loss_cls: 0.3119  rpn_s.3.loss_bbox: 0.0370  rpn_s.3.loss_giou: 0.3203  s0.loss_cls: 0.3523  s0.pos_acc: 96.1538  s0.loss_bbox: 0.7189  s0.loss_iou: 1.1145  s1.loss_cls: 0.3623  s1.pos_acc: 100.0000  s1.loss_bbox: 0.7722  s1.loss_iou: 1.1545
2026/03/27 19:20:55 - mmengine - INFO - Epoch(train) [13][ 2150/10002]  lr: 2.5000e-05  eta: 15:45:14  time: 0.3802  data_time: 0.0033  memory: 7329  grad_norm: 103.3630  loss: 7.7569  rpn_s.0.loss_cls: 0.5752  rpn_s.0.loss_bbox: 0.0997  rpn_s.0.loss_giou: 0.7720  rpn_s.1.loss_cls: 0.4067  rpn_s.1.loss_bbox: 0.0409  rpn_s.1.loss_giou: 0.3668  rpn_s.2.loss_cls: 0.3370  rpn_s.2.loss_bbox: 0.0346  rpn_s.2.loss_giou: 0.3195  rpn_s.3.loss_cls: 0.2965  rpn_s.3.loss_bbox: 0.0330  rpn_s.3.loss_giou: 0.3102  s0.loss_cls: 0.3395  s0.pos_acc: 73.1343  s0.loss_bbox: 0.6537  s0.loss_iou: 1.0465  s1.loss_cls: 0.3594  s1.pos_acc: 69.4030  s1.loss_bbox: 0.6784  s1.loss_iou: 1.0875
2026/03/27 19:21:14 - mmengine - INFO - Epoch(train) [13][ 2200/10002]  lr: 2.5000e-05  eta: 15:44:51  time: 0.3775  data_time: 0.0033  memory: 7329  grad_norm: 91.5871  loss: 7.6985  rpn_s.0.loss_cls: 0.5910  rpn_s.0.loss_bbox: 0.1099  rpn_s.0.loss_giou: 0.7184  rpn_s.1.loss_cls: 0.4086  rpn_s.1.loss_bbox: 0.0489  rpn_s.1.loss_giou: 0.3686  rpn_s.2.loss_cls: 0.3339  rpn_s.2.loss_bbox: 0.0416  rpn_s.2.loss_giou: 0.3184  rpn_s.3.loss_cls: 0.2886  rpn_s.3.loss_bbox: 0.0387  rpn_s.3.loss_giou: 0.2980  s0.loss_cls: 0.3200  s0.pos_acc: 83.3333  s0.loss_bbox: 0.7205  s0.loss_iou: 0.9744  s1.loss_cls: 0.3310  s1.pos_acc: 83.3333  s1.loss_bbox: 0.7543  s1.loss_iou: 1.0336
2026/03/27 19:21:33 - mmengine - INFO - Epoch(train) [13][ 2250/10002]  lr: 2.5000e-05  eta: 15:44:34  time: 0.3861  data_time: 0.0033  memory: 7330  grad_norm: 83.6923  loss: 7.9721  rpn_s.0.loss_cls: 0.5908  rpn_s.0.loss_bbox: 0.1103  rpn_s.0.loss_giou: 0.7738  rpn_s.1.loss_cls: 0.4137  rpn_s.1.loss_bbox: 0.0479  rpn_s.1.loss_giou: 0.3856  rpn_s.2.loss_cls: 0.3454  rpn_s.2.loss_bbox: 0.0414  rpn_s.2.loss_giou: 0.3360  rpn_s.3.loss_cls: 0.3090  rpn_s.3.loss_bbox: 0.0387  rpn_s.3.loss_giou: 0.3174  s0.loss_cls: 0.3491  s0.pos_acc: 79.4872  s0.loss_bbox: 0.6439  s0.loss_iou: 1.0782  s1.loss_cls: 0.3543  s1.pos_acc: 78.2051  s1.loss_bbox: 0.6946  s1.loss_iou: 1.1423
2026/03/27 19:21:52 - mmengine - INFO - Epoch(train) [13][ 2300/10002]  lr: 2.5000e-05  eta: 15:44:09  time: 0.3751  data_time: 0.0033  memory: 7329  grad_norm: 75.0845  loss: 7.6037  rpn_s.0.loss_cls: 0.6100  rpn_s.0.loss_bbox: 0.1034  rpn_s.0.loss_giou: 0.7719  rpn_s.1.loss_cls: 0.4245  rpn_s.1.loss_bbox: 0.0427  rpn_s.1.loss_giou: 0.3684  rpn_s.2.loss_cls: 0.3364  rpn_s.2.loss_bbox: 0.0370  rpn_s.2.loss_giou: 0.3226  rpn_s.3.loss_cls: 0.2955  rpn_s.3.loss_bbox: 0.0362  rpn_s.3.loss_giou: 0.3088  s0.loss_cls: 0.3217  s0.pos_acc: 79.5455  s0.loss_bbox: 0.5812  s0.loss_iou: 1.0062  s1.loss_cls: 0.3366  s1.pos_acc: 81.8182  s1.loss_bbox: 0.6635  s1.loss_iou: 1.0371
2026/03/27 19:22:11 - mmengine - INFO - Epoch(train) [13][ 2350/10002]  lr: 2.5000e-05  eta: 15:43:52  time: 0.3865  data_time: 0.0033  memory: 7330  grad_norm: 241.1037  loss: 8.5354  rpn_s.0.loss_cls: 0.6543  rpn_s.0.loss_bbox: 0.1126  rpn_s.0.loss_giou: 0.8982  rpn_s.1.loss_cls: 0.4506  rpn_s.1.loss_bbox: 0.0471  rpn_s.1.loss_giou: 0.4238  rpn_s.2.loss_cls: 0.3808  rpn_s.2.loss_bbox: 0.0398  rpn_s.2.loss_giou: 0.3633  rpn_s.3.loss_cls: 0.3343  rpn_s.3.loss_bbox: 0.0352  rpn_s.3.loss_giou: 0.3411  s0.loss_cls: 0.3816  s0.pos_acc: 82.0513  s0.loss_bbox: 0.5874  s0.loss_iou: 1.1998  s1.loss_cls: 0.3908  s1.pos_acc: 78.2051  s1.loss_bbox: 0.6512  s1.loss_iou: 1.2436
2026/03/27 19:22:31 - mmengine - INFO - Epoch(train) [13][ 2400/10002]  lr: 2.5000e-05  eta: 15:43:35  time: 0.3873  data_time: 0.0033  memory: 7329  grad_norm: 90.1321  loss: 7.9480  rpn_s.0.loss_cls: 0.5668  rpn_s.0.loss_bbox: 0.1056  rpn_s.0.loss_giou: 0.7866  rpn_s.1.loss_cls: 0.3905  rpn_s.1.loss_bbox: 0.0451  rpn_s.1.loss_giou: 0.3913  rpn_s.2.loss_cls: 0.3131  rpn_s.2.loss_bbox: 0.0395  rpn_s.2.loss_giou: 0.3401  rpn_s.3.loss_cls: 0.2736  rpn_s.3.loss_bbox: 0.0361  rpn_s.3.loss_giou: 0.3204  s0.loss_cls: 0.3006  s0.pos_acc: 76.6917  s0.loss_bbox: 0.7166  s0.loss_iou: 1.0815  s1.loss_cls: 0.3165  s1.pos_acc: 83.0827  s1.loss_bbox: 0.7744  s1.loss_iou: 1.1495
2026/03/27 19:22:50 - mmengine - INFO - Epoch(train) [13][ 2450/10002]  lr: 2.5000e-05  eta: 15:43:18  time: 0.3872  data_time: 0.0033  memory: 7329  grad_norm: 71.0705  loss: 7.8946  rpn_s.0.loss_cls: 0.5690  rpn_s.0.loss_bbox: 0.1077  rpn_s.0.loss_giou: 0.7878  rpn_s.1.loss_cls: 0.4098  rpn_s.1.loss_bbox: 0.0462  rpn_s.1.loss_giou: 0.3844  rpn_s.2.loss_cls: 0.3328  rpn_s.2.loss_bbox: 0.0389  rpn_s.2.loss_giou: 0.3331  rpn_s.3.loss_cls: 0.2913  rpn_s.3.loss_bbox: 0.0368  rpn_s.3.loss_giou: 0.3188  s0.loss_cls: 0.3316  s0.pos_acc: 100.0000  s0.loss_bbox: 0.5983  s0.loss_iou: 1.1404  s1.loss_cls: 0.3434  s1.pos_acc: 100.0000  s1.loss_bbox: 0.6410  s1.loss_iou: 1.1834
2026/03/27 19:23:09 - mmengine - INFO - Epoch(train) [13][ 2500/10002]  lr: 2.5000e-05  eta: 15:43:00  time: 0.3844  data_time: 0.0033  memory: 7329  grad_norm: 110.7582  loss: 7.9305  rpn_s.0.loss_cls: 0.5995  rpn_s.0.loss_bbox: 0.0970  rpn_s.0.loss_giou: 0.7254  rpn_s.1.loss_cls: 0.4243  rpn_s.1.loss_bbox: 0.0423  rpn_s.1.loss_giou: 0.3635  rpn_s.2.loss_cls: 0.3683  rpn_s.2.loss_bbox: 0.0364  rpn_s.2.loss_giou: 0.3188  rpn_s.3.loss_cls: 0.3420  rpn_s.3.loss_bbox: 0.0338  rpn_s.3.loss_giou: 0.2999  s0.loss_cls: 0.3842  s0.pos_acc: 50.0000  s0.loss_bbox: 0.6714  s0.loss_iou: 1.0425  s1.loss_cls: 0.3961  s1.pos_acc: 50.0000  s1.loss_bbox: 0.6819  s1.loss_iou: 1.1034
2026/03/27 19:23:29 - mmengine - INFO - Epoch(train) [13][ 2550/10002]  lr: 2.5000e-05  eta: 15:42:41  time: 0.3850  data_time: 0.0033  memory: 7330  grad_norm: 75.1798  loss: 7.4990  rpn_s.0.loss_cls: 0.5947  rpn_s.0.loss_bbox: 0.0988  rpn_s.0.loss_giou: 0.7466  rpn_s.1.loss_cls: 0.4010  rpn_s.1.loss_bbox: 0.0407  rpn_s.1.loss_giou: 0.3656  rpn_s.2.loss_cls: 0.3200  rpn_s.2.loss_bbox: 0.0337  rpn_s.2.loss_giou: 0.3136  rpn_s.3.loss_cls: 0.2805  rpn_s.3.loss_bbox: 0.0311  rpn_s.3.loss_giou: 0.2988  s0.loss_cls: 0.3105  s0.pos_acc: 100.0000  s0.loss_bbox: 0.6211  s0.loss_iou: 0.9993  s1.loss_cls: 0.3368  s1.pos_acc: 100.0000  s1.loss_bbox: 0.6734  s1.loss_iou: 1.0327
2026/03/27 19:23:48 - mmengine - INFO - Epoch(train) [13][ 2600/10002]  lr: 2.5000e-05  eta: 15:42:21  time: 0.3818  data_time: 0.0033  memory: 7329  grad_norm: 77.8609  loss: 7.7875  rpn_s.0.loss_cls: 0.6090  rpn_s.0.loss_bbox: 0.0991  rpn_s.0.loss_giou: 0.7861  rpn_s.1.loss_cls: 0.4307  rpn_s.1.loss_bbox: 0.0403  rpn_s.1.loss_giou: 0.3842  rpn_s.2.loss_cls: 0.3550  rpn_s.2.loss_bbox: 0.0346  rpn_s.2.loss_giou: 0.3362  rpn_s.3.loss_cls: 0.3079  rpn_s.3.loss_bbox: 0.0319  rpn_s.3.loss_giou: 0.3156  s0.loss_cls: 0.3265  s0.pos_acc: 100.0000  s0.loss_bbox: 0.5844  s0.loss_iou: 1.0593  s1.loss_cls: 0.3412  s1.pos_acc: 100.0000  s1.loss_bbox: 0.6485  s1.loss_iou: 1.0969
2026/03/27 19:24:07 - mmengine - INFO - Epoch(train) [13][ 2650/10002]  lr: 2.5000e-05  eta: 15:42:02  time: 0.3840  data_time: 0.0033  memory: 7329  grad_norm: 80.3835  loss: 7.9273  rpn_s.0.loss_cls: 0.5985  rpn_s.0.loss_bbox: 0.0997  rpn_s.0.loss_giou: 0.7549  rpn_s.1.loss_cls: 0.4334  rpn_s.1.loss_bbox: 0.0445  rpn_s.1.loss_giou: 0.3877  rpn_s.2.loss_cls: 0.3463  rpn_s.2.loss_bbox: 0.0385  rpn_s.2.loss_giou: 0.3346  rpn_s.3.loss_cls: 0.3068  rpn_s.3.loss_bbox: 0.0363  rpn_s.3.loss_giou: 0.3191  s0.loss_cls: 0.3391  s0.pos_acc: 57.6087  s0.loss_bbox: 0.6437  s0.loss_iou: 1.0788  s1.loss_cls: 0.3620  s1.pos_acc: 55.9783  s1.loss_bbox: 0.6715  s1.loss_iou: 1.1320
2026/03/27 19:24:26 - mmengine - INFO - Epoch(train) [13][ 2700/10002]  lr: 2.5000e-05  eta: 15:41:41  time: 0.3805  data_time: 0.0033  memory: 7329  grad_norm: 88.2082  loss: 7.8576  rpn_s.0.loss_cls: 0.5789  rpn_s.0.loss_bbox: 0.1029  rpn_s.0.loss_giou: 0.7547  rpn_s.1.loss_cls: 0.3983  rpn_s.1.loss_bbox: 0.0482  rpn_s.1.loss_giou: 0.3890  rpn_s.2.loss_cls: 0.3188  rpn_s.2.loss_bbox: 0.0413  rpn_s.2.loss_giou: 0.3415  rpn_s.3.loss_cls: 0.2803  rpn_s.3.loss_bbox: 0.0376  rpn_s.3.loss_giou: 0.3199  s0.loss_cls: 0.3158  s0.pos_acc: 69.2308  s0.loss_bbox: 0.6125  s0.loss_iou: 1.1350  s1.loss_cls: 0.3264  s1.pos_acc: 57.6923  s1.loss_bbox: 0.6887  s1.loss_iou: 1.1678
2026/03/27 19:24:45 - mmengine - INFO - Epoch(train) [13][ 2750/10002]  lr: 2.5000e-05  eta: 15:41:20  time: 0.3794  data_time: 0.0033  memory: 7329  grad_norm: 79.3409  loss: 7.8722  rpn_s.0.loss_cls: 0.6195  rpn_s.0.loss_bbox: 0.1046  rpn_s.0.loss_giou: 0.8064  rpn_s.1.loss_cls: 0.4326  rpn_s.1.loss_bbox: 0.0420  rpn_s.1.loss_giou: 0.3861  rpn_s.2.loss_cls: 0.3504  rpn_s.2.loss_bbox: 0.0336  rpn_s.2.loss_giou: 0.3249  rpn_s.3.loss_cls: 0.3027  rpn_s.3.loss_bbox: 0.0306  rpn_s.3.loss_giou: 0.3043  s0.loss_cls: 0.3557  s0.pos_acc: 100.0000  s0.loss_bbox: 0.6390  s0.loss_iou: 1.0264  s1.loss_cls: 0.3638  s1.pos_acc: 100.0000  s1.loss_bbox: 0.6852  s1.loss_iou: 1.0644
2026/03/27 19:25:04 - mmengine - INFO - Epoch(train) [13][ 2800/10002]  lr: 2.5000e-05  eta: 15:41:00  time: 0.3817  data_time: 0.0033  memory: 7330  grad_norm: 89.8103  loss: 7.7829  rpn_s.0.loss_cls: 0.6075  rpn_s.0.loss_bbox: 0.0998  rpn_s.0.loss_giou: 0.7719  rpn_s.1.loss_cls: 0.4191  rpn_s.1.loss_bbox: 0.0404  rpn_s.1.loss_giou: 0.3713  rpn_s.2.loss_cls: 0.3567  rpn_s.2.loss_bbox: 0.0346  rpn_s.2.loss_giou: 0.3233  rpn_s.3.loss_cls: 0.3199  rpn_s.3.loss_bbox: 0.0319  rpn_s.3.loss_giou: 0.3056  s0.loss_cls: 0.3222  s0.pos_acc: 79.7688  s0.loss_bbox: 0.6716  s0.loss_iou: 1.0058  s1.loss_cls: 0.3385  s1.pos_acc: 76.8786  s1.loss_bbox: 0.7198  s1.loss_iou: 1.0430
2026/03/27 19:25:23 - mmengine - INFO - Epoch(train) [13][ 2850/10002]  lr: 2.5000e-05  eta: 15:40:39  time: 0.3803  data_time: 0.0034  memory: 7329  grad_norm: 71.6892  loss: 7.6097  rpn_s.0.loss_cls: 0.5948  rpn_s.0.loss_bbox: 0.1021  rpn_s.0.loss_giou: 0.7718  rpn_s.1.loss_cls: 0.4060  rpn_s.1.loss_bbox: 0.0430  rpn_s.1.loss_giou: 0.3673  rpn_s.2.loss_cls: 0.3401  rpn_s.2.loss_bbox: 0.0354  rpn_s.2.loss_giou: 0.3123  rpn_s.3.loss_cls: 0.2996  rpn_s.3.loss_bbox: 0.0324  rpn_s.3.loss_giou: 0.2907  s0.loss_cls: 0.3322  s0.pos_acc: 83.3333  s0.loss_bbox: 0.6348  s0.loss_iou: 0.9963  s1.loss_cls: 0.3542  s1.pos_acc: 100.0000  s1.loss_bbox: 0.6592  s1.loss_iou: 1.0375
2026/03/27 19:25:42 - mmengine - INFO - Epoch(train) [13][ 2900/10002]  lr: 2.5000e-05  eta: 15:40:18  time: 0.3817  data_time: 0.0033  memory: 7330  grad_norm: 90.6119  loss: 8.5734  rpn_s.0.loss_cls: 0.6437  rpn_s.0.loss_bbox: 0.1093  rpn_s.0.loss_giou: 0.8627  rpn_s.1.loss_cls: 0.4525  rpn_s.1.loss_bbox: 0.0465  rpn_s.1.loss_giou: 0.4262  rpn_s.2.loss_cls: 0.3735  rpn_s.2.loss_bbox: 0.0381  rpn_s.2.loss_giou: 0.3689  rpn_s.3.loss_cls: 0.3305  rpn_s.3.loss_bbox: 0.0346  rpn_s.3.loss_giou: 0.3503  s0.loss_cls: 0.3610  s0.pos_acc: 100.0000  s0.loss_bbox: 0.6822  s0.loss_iou: 1.1814  s1.loss_cls: 0.3922  s1.pos_acc: 100.0000  s1.loss_bbox: 0.7003  s1.loss_iou: 1.2193
2026/03/27 19:26:01 - mmengine - INFO - Epoch(train) [13][ 2950/10002]  lr: 2.5000e-05  eta: 15:39:56  time: 0.3782  data_time: 0.0032  memory: 7329  grad_norm: 85.2400  loss: 7.9366  rpn_s.0.loss_cls: 0.6172  rpn_s.0.loss_bbox: 0.1060  rpn_s.0.loss_giou: 0.8222  rpn_s.1.loss_cls: 0.4113  rpn_s.1.loss_bbox: 0.0458  rpn_s.1.loss_giou: 0.3988  rpn_s.2.loss_cls: 0.3323  rpn_s.2.loss_bbox: 0.0401  rpn_s.2.loss_giou: 0.3471  rpn_s.3.loss_cls: 0.2907  rpn_s.3.loss_bbox: 0.0359  rpn_s.3.loss_giou: 0.3252  s0.loss_cls: 0.3441  s0.pos_acc: 70.1183  s0.loss_bbox: 0.5774  s0.loss_iou: 1.0855  s1.loss_cls: 0.3552  s1.pos_acc: 71.0059  s1.loss_bbox: 0.6241  s1.loss_iou: 1.1776
2026/03/27 19:26:13 - mmengine - INFO - Exp name: GSDet_r50_b900_h2h4_h2r1_r2r1_2x_fair1m1.0_20260327_174101
2026/03/27 19:26:20 - mmengine - INFO - Epoch(train) [13][ 3000/10002]  lr: 2.5000e-05  eta: 15:39:34  time: 0.3786  data_time: 0.0032  memory: 7330  grad_norm: 98.7098  loss: 7.7248  rpn_s.0.loss_cls: 0.6157  rpn_s.0.loss_bbox: 0.1013  rpn_s.0.loss_giou: 0.7723  rpn_s.1.loss_cls: 0.4263  rpn_s.1.loss_bbox: 0.0479  rpn_s.1.loss_giou: 0.3888  rpn_s.2.loss_cls: 0.3403  rpn_s.2.loss_bbox: 0.0401  rpn_s.2.loss_giou: 0.3347  rpn_s.3.loss_cls: 0.2918  rpn_s.3.loss_bbox: 0.0358  rpn_s.3.loss_giou: 0.3126  s0.loss_cls: 0.3306  s0.pos_acc: 76.4706  s0.loss_bbox: 0.5934  s0.loss_iou: 1.0623  s1.loss_cls: 0.3440  s1.pos_acc: 73.5294  s1.loss_bbox: 0.5828  s1.loss_iou: 1.1039
2026/03/27 19:26:39 - mmengine - INFO - Epoch(train) [13][ 3050/10002]  lr: 2.5000e-05  eta: 15:39:14  time: 0.3818  data_time: 0.0033  memory: 7330  grad_norm: 83.2006  loss: 8.1193  rpn_s.0.loss_cls: 0.6430  rpn_s.0.loss_bbox: 0.1087  rpn_s.0.loss_giou: 0.8301  rpn_s.1.loss_cls: 0.4335  rpn_s.1.loss_bbox: 0.0453  rpn_s.1.loss_giou: 0.4019  rpn_s.2.loss_cls: 0.3644  rpn_s.2.loss_bbox: 0.0377  rpn_s.2.loss_giou: 0.3459  rpn_s.3.loss_cls: 0.3181  rpn_s.3.loss_bbox: 0.0347  rpn_s.3.loss_giou: 0.3266  s0.loss_cls: 0.3583  s0.pos_acc: 92.3077  s0.loss_bbox: 0.6040  s0.loss_iou: 1.1107  s1.loss_cls: 0.3602  s1.pos_acc: 92.3077  s1.loss_bbox: 0.6474  s1.loss_iou: 1.1489
2026/03/27 19:26:58 - mmengine - INFO - Epoch(train) [13][ 3100/10002]  lr: 2.5000e-05  eta: 15:38:54  time: 0.3812  data_time: 0.0033  memory: 7330  grad_norm: 74.9440  loss: 7.9777  rpn_s.0.loss_cls: 0.6274  rpn_s.0.loss_bbox: 0.1003  rpn_s.0.loss_giou: 0.8035  rpn_s.1.loss_cls: 0.4481  rpn_s.1.loss_bbox: 0.0417  rpn_s.1.loss_giou: 0.3901  rpn_s.2.loss_cls: 0.3572  rpn_s.2.loss_bbox: 0.0362  rpn_s.2.loss_giou: 0.3415  rpn_s.3.loss_cls: 0.3154  rpn_s.3.loss_bbox: 0.0335  rpn_s.3.loss_giou: 0.3236  s0.loss_cls: 0.3409  s0.pos_acc: 70.8333  s0.loss_bbox: 0.5860  s0.loss_iou: 1.0975  s1.loss_cls: 0.3599  s1.pos_acc: 58.3333  s1.loss_bbox: 0.6416  s1.loss_iou: 1.1335
2026/03/27 19:27:17 - mmengine - INFO - Epoch(train) [13][ 3150/10002]  lr: 2.5000e-05  eta: 15:38:33  time: 0.3803  data_time: 0.0033  memory: 7329  grad_norm: 94.8208  loss: 8.4397  rpn_s.0.loss_cls: 0.6409  rpn_s.0.loss_bbox: 0.1116  rpn_s.0.loss_giou: 0.8946  rpn_s.1.loss_cls: 0.4341  rpn_s.1.loss_bbox: 0.0466  rpn_s.1.loss_giou: 0.4394  rpn_s.2.loss_cls: 0.3602  rpn_s.2.loss_bbox: 0.0409  rpn_s.2.loss_giou: 0.3764  rpn_s.3.loss_cls: 0.3143  rpn_s.3.loss_bbox: 0.0382  rpn_s.3.loss_giou: 0.3563  s0.loss_cls: 0.3524  s0.pos_acc: 66.6667  s0.loss_bbox: 0.5938  s0.loss_iou: 1.1786  s1.loss_cls: 0.3750  s1.pos_acc: 66.6667  s1.loss_bbox: 0.6857  s1.loss_iou: 1.2007
2026/03/27 19:27:37 - mmengine - INFO - Epoch(train) [13][ 3200/10002]  lr: 2.5000e-05  eta: 15:38:16  time: 0.3871  data_time: 0.0033  memory: 7330  grad_norm: 125.2223  loss: 7.7432  rpn_s.0.loss_cls: 0.5614  rpn_s.0.loss_bbox: 0.1109  rpn_s.0.loss_giou: 0.7920  rpn_s.1.loss_cls: 0.3946  rpn_s.1.loss_bbox: 0.0483  rpn_s.1.loss_giou: 0.3800  rpn_s.2.loss_cls: 0.3176  rpn_s.2.loss_bbox: 0.0405  rpn_s.2.loss_giou: 0.3230  rpn_s.3.loss_cls: 0.2813  rpn_s.3.loss_bbox: 0.0382  rpn_s.3.loss_giou: 0.3037  s0.loss_cls: 0.3174  s0.pos_acc: 85.1064  s0.loss_bbox: 0.6639  s0.loss_iou: 1.0570  s1.loss_cls: 0.3375  s1.pos_acc: 85.1064  s1.loss_bbox: 0.6983  s1.loss_iou: 1.0775
2026/03/27 19:27:55 - mmengine - INFO - Epoch(train) [13][ 3250/10002]  lr: 2.5000e-05  eta: 15:37:51  time: 0.3739  data_time: 0.0032  memory: 7329  grad_norm: 80.6242  loss: 8.3156  rpn_s.0.loss_cls: 0.6206  rpn_s.0.loss_bbox: 0.1006  rpn_s.0.loss_giou: 0.8283  rpn_s.1.loss_cls: 0.4354  rpn_s.1.loss_bbox: 0.0427  rpn_s.1.loss_giou: 0.4110  rpn_s.2.loss_cls: 0.3600  rpn_s.2.loss_bbox: 0.0352  rpn_s.2.loss_giou: 0.3546  rpn_s.3.loss_cls: 0.3158  rpn_s.3.loss_bbox: 0.0324  rpn_s.3.loss_giou: 0.3324  s0.loss_cls: 0.3478  s0.pos_acc: 82.6087  s0.loss_bbox: 0.7004  s0.loss_iou: 1.1154  s1.loss_cls: 0.3694  s1.pos_acc: 80.4348  s1.loss_bbox: 0.7800  s1.loss_iou: 1.1335
2026/03/27 19:28:14 - mmengine - INFO - Epoch(train) [13][ 3300/10002]  lr: 2.5000e-05  eta: 15:37:28  time: 0.3751  data_time: 0.0032  memory: 7329  grad_norm: 81.5451  loss: 7.7579  rpn_s.0.loss_cls: 0.5945  rpn_s.0.loss_bbox: 0.1018  rpn_s.0.loss_giou: 0.7778  rpn_s.1.loss_cls: 0.4189  rpn_s.1.loss_bbox: 0.0438  rpn_s.1.loss_giou: 0.3856  rpn_s.2.loss_cls: 0.3503  rpn_s.2.loss_bbox: 0.0351  rpn_s.2.loss_giou: 0.3302  rpn_s.3.loss_cls: 0.3079  rpn_s.3.loss_bbox: 0.0329  rpn_s.3.loss_giou: 0.3109  s0.loss_cls: 0.3398  s0.pos_acc: 75.5556  s0.loss_bbox: 0.6032  s0.loss_iou: 1.0611  s1.loss_cls: 0.3462  s1.pos_acc: 75.5556  s1.loss_bbox: 0.6218  s1.loss_iou: 1.0962
2026/03/27 19:28:33 - mmengine - INFO - Epoch(train) [13][ 3350/10002]  lr: 2.5000e-05  eta: 15:37:04  time: 0.3758  data_time: 0.0032  memory: 7329  grad_norm: 83.1139  loss: 8.2299  rpn_s.0.loss_cls: 0.6142  rpn_s.0.loss_bbox: 0.1143  rpn_s.0.loss_giou: 0.8242  rpn_s.1.loss_cls: 0.4389  rpn_s.1.loss_bbox: 0.0467  rpn_s.1.loss_giou: 0.3980  rpn_s.2.loss_cls: 0.3538  rpn_s.2.loss_bbox: 0.0378  rpn_s.2.loss_giou: 0.3420  rpn_s.3.loss_cls: 0.3162  rpn_s.3.loss_bbox: 0.0344  rpn_s.3.loss_giou: 0.3217  s0.loss_cls: 0.3580  s0.pos_acc: 66.6667  s0.loss_bbox: 0.6614  s0.loss_iou: 1.0893  s1.loss_cls: 0.3645  s1.pos_acc: 83.3333  s1.loss_bbox: 0.7522  s1.loss_iou: 1.1623
2026/03/27 19:28:52 - mmengine - INFO - Epoch(train) [13][ 3400/10002]  lr: 2.5000e-05  eta: 15:36:45  time: 0.3834  data_time: 0.0032  memory: 7330  grad_norm: 74.6099  loss: 8.2316  rpn_s.0.loss_cls: 0.6387  rpn_s.0.loss_bbox: 0.1091  rpn_s.0.loss_giou: 0.8603  rpn_s.1.loss_cls: 0.4324  rpn_s.1.loss_bbox: 0.0445  rpn_s.1.loss_giou: 0.4050  rpn_s.2.loss_cls: 0.3512  rpn_s.2.loss_bbox: 0.0368  rpn_s.2.loss_giou: 0.3528  rpn_s.3.loss_cls: 0.3089  rpn_s.3.loss_bbox: 0.0347  rpn_s.3.loss_giou: 0.3350  s0.loss_cls: 0.3332  s0.pos_acc: 76.6667  s0.loss_bbox: 0.5941  s0.loss_iou: 1.1389  s1.loss_cls: 0.3490  s1.pos_acc: 77.7778  s1.loss_bbox: 0.7085  s1.loss_iou: 1.1984
2026/03/27 19:29:11 - mmengine - INFO - Epoch(train) [13][ 3450/10002]  lr: 2.5000e-05  eta: 15:36:23  time: 0.3778  data_time: 0.0032  memory: 7329  grad_norm: 94.0429  loss: 7.8935  rpn_s.0.loss_cls: 0.5943  rpn_s.0.loss_bbox: 0.1080  rpn_s.0.loss_giou: 0.7943  rpn_s.1.loss_cls: 0.4067  rpn_s.1.loss_bbox: 0.0445  rpn_s.1.loss_giou: 0.3930  rpn_s.2.loss_cls: 0.3218  rpn_s.2.loss_bbox: 0.0381  rpn_s.2.loss_giou: 0.3423  rpn_s.3.loss_cls: 0.2805  rpn_s.3.loss_bbox: 0.0354  rpn_s.3.loss_giou: 0.3233  s0.loss_cls: 0.3392  s0.pos_acc: 72.7273  s0.loss_bbox: 0.6213  s0.loss_iou: 1.0988  s1.loss_cls: 0.3386  s1.pos_acc: 75.0000  s1.loss_bbox: 0.6630  s1.loss_iou: 1.1506
2026/03/27 19:29:30 - mmengine - INFO - Epoch(train) [13][ 3500/10002]  lr: 2.5000e-05  eta: 15:36:04  time: 0.3834  data_time: 0.0032  memory: 7330  grad_norm: 71.5032  loss: 8.5342  rpn_s.0.loss_cls: 0.6138  rpn_s.0.loss_bbox: 0.1097  rpn_s.0.loss_giou: 0.8557  rpn_s.1.loss_cls: 0.4147  rpn_s.1.loss_bbox: 0.0467  rpn_s.1.loss_giou: 0.4242  rpn_s.2.loss_cls: 0.3514  rpn_s.2.loss_bbox: 0.0395  rpn_s.2.loss_giou: 0.3762  rpn_s.3.loss_cls: 0.3013  rpn_s.3.loss_bbox: 0.0362  rpn_s.3.loss_giou: 0.3566  s0.loss_cls: 0.3179  s0.pos_acc: 63.8418  s0.loss_bbox: 0.7300  s0.loss_iou: 1.1902  s1.loss_cls: 0.3266  s1.pos_acc: 66.3842  s1.loss_bbox: 0.8027  s1.loss_iou: 1.2409
2026/03/27 19:29:49 - mmengine - INFO - Epoch(train) [13][ 3550/10002]  lr: 2.5000e-05  eta: 15:35:47  time: 0.3866  data_time: 0.0032  memory: 7330  grad_norm: 88.7691  loss: 7.6895  rpn_s.0.loss_cls: 0.5824  rpn_s.0.loss_bbox: 0.1063  rpn_s.0.loss_giou: 0.7811  rpn_s.1.loss_cls: 0.3977  rpn_s.1.loss_bbox: 0.0462  rpn_s.1.loss_giou: 0.3914  rpn_s.2.loss_cls: 0.3084  rpn_s.2.loss_bbox: 0.0398  rpn_s.2.loss_giou: 0.3397  rpn_s.3.loss_cls: 0.2725  rpn_s.3.loss_bbox: 0.0361  rpn_s.3.loss_giou: 0.3201  s0.loss_cls: 0.2853  s0.pos_acc: 75.0000  s0.loss_bbox: 0.6569  s0.loss_iou: 1.0426  s1.loss_cls: 0.3042  s1.pos_acc: 71.4286  s1.loss_bbox: 0.6956  s1.loss_iou: 1.0830
2026/03/27 19:30:08 - mmengine - INFO - Epoch(train) [13][ 3600/10002]  lr: 2.5000e-05  eta: 15:35:24  time: 0.3761  data_time: 0.0032  memory: 7329  grad_norm: 74.4049  loss: 7.6952  rpn_s.0.loss_cls: 0.5866  rpn_s.0.loss_bbox: 0.1072  rpn_s.0.loss_giou: 0.7504  rpn_s.1.loss_cls: 0.4116  rpn_s.1.loss_bbox: 0.0483  rpn_s.1.loss_giou: 0.3737  rpn_s.2.loss_cls: 0.3189  rpn_s.2.loss_bbox: 0.0399  rpn_s.2.loss_giou: 0.3124  rpn_s.3.loss_cls: 0.2817  rpn_s.3.loss_bbox: 0.0384  rpn_s.3.loss_giou: 0.2991  s0.loss_cls: 0.3167  s0.pos_acc: 81.5789  s0.loss_bbox: 0.6616  s0.loss_iou: 1.0420  s1.loss_cls: 0.3158  s1.pos_acc: 76.3158  s1.loss_bbox: 0.6948  s1.loss_iou: 1.0961
2026/03/27 19:30:27 - mmengine - INFO - Epoch(train) [13][ 3650/10002]  lr: 2.5000e-05  eta: 15:35:01  time: 0.3774  data_time: 0.0032  memory: 7329  grad_norm: 81.7704  loss: 7.9940  rpn_s.0.loss_cls: 0.6025  rpn_s.0.loss_bbox: 0.1055  rpn_s.0.loss_giou: 0.8139  rpn_s.1.loss_cls: 0.4184  rpn_s.1.loss_bbox: 0.0431  rpn_s.1.loss_giou: 0.4066  rpn_s.2.loss_cls: 0.3416  rpn_s.2.loss_bbox: 0.0355  rpn_s.2.loss_giou: 0.3501  rpn_s.3.loss_cls: 0.2917  rpn_s.3.loss_bbox: 0.0326  rpn_s.3.loss_giou: 0.3296  s0.loss_cls: 0.3250  s0.pos_acc: 100.0000  s0.loss_bbox: 0.6018  s0.loss_iou: 1.1388  s1.loss_cls: 0.3349  s1.pos_acc: 100.0000  s1.loss_bbox: 0.6479  s1.loss_iou: 1.1743
2026/03/27 19:30:46 - mmengine - INFO - Epoch(train) [13][ 3700/10002]  lr: 2.5000e-05  eta: 15:34:37  time: 0.3743  data_time: 0.0032  memory: 7329  grad_norm: 74.7266  loss: 7.8706  rpn_s.0.loss_cls: 0.6299  rpn_s.0.loss_bbox: 0.0941  rpn_s.0.loss_giou: 0.7743  rpn_s.1.loss_cls: 0.4257  rpn_s.1.loss_bbox: 0.0425  rpn_s.1.loss_giou: 0.3920  rpn_s.2.loss_cls: 0.3537  rpn_s.2.loss_bbox: 0.0341  rpn_s.2.loss_giou: 0.3385  rpn_s.3.loss_cls: 0.3101  rpn_s.3.loss_bbox: 0.0317  rpn_s.3.loss_giou: 0.3216  s0.loss_cls: 0.3418  s0.pos_acc: 72.4638  s0.loss_bbox: 0.5975  s0.loss_iou: 1.0600  s1.loss_cls: 0.3540  s1.pos_acc: 73.1884  s1.loss_bbox: 0.6557  s1.loss_iou: 1.1136
2026/03/27 19:31:04 - mmengine - INFO - Epoch(train) [13][ 3750/10002]  lr: 2.5000e-05  eta: 15:34:12  time: 0.3726  data_time: 0.0031  memory: 7329  grad_norm: 85.5402  loss: 7.3916  rpn_s.0.loss_cls: 0.5950  rpn_s.0.loss_bbox: 0.0965  rpn_s.0.loss_giou: 0.6983  rpn_s.1.loss_cls: 0.4108  rpn_s.1.loss_bbox: 0.0455  rpn_s.1.loss_giou: 0.3511  rpn_s.2.loss_cls: 0.3367  rpn_s.2.loss_bbox: 0.0385  rpn_s.2.loss_giou: 0.3061  rpn_s.3.loss_cls: 0.2928  rpn_s.3.loss_bbox: 0.0357  rpn_s.3.loss_giou: 0.2886  s0.loss_cls: 0.3220  s0.pos_acc: 100.0000  s0.loss_bbox: 0.6210  s0.loss_iou: 0.9590  s1.loss_cls: 0.3204  s1.pos_acc: 100.0000  s1.loss_bbox: 0.6824  s1.loss_iou: 0.9912
2026/03/27 19:31:23 - mmengine - INFO - Epoch(train) [13][ 3800/10002]  lr: 2.5000e-05  eta: 15:33:48  time: 0.3726  data_time: 0.0031  memory: 7329  grad_norm: 77.1541  loss: 8.1224  rpn_s.0.loss_cls: 0.6170  rpn_s.0.loss_bbox: 0.1023  rpn_s.0.loss_giou: 0.7907  rpn_s.1.loss_cls: 0.4294  rpn_s.1.loss_bbox: 0.0452  rpn_s.1.loss_giou: 0.4027  rpn_s.2.loss_cls: 0.3650  rpn_s.2.loss_bbox: 0.0389  rpn_s.2.loss_giou: 0.3505  rpn_s.3.loss_cls: 0.3158  rpn_s.3.loss_bbox: 0.0367  rpn_s.3.loss_giou: 0.3324  s0.loss_cls: 0.3432  s0.pos_acc: 67.5000  s0.loss_bbox: 0.6501  s0.loss_iou: 1.0940  s1.loss_cls: 0.3566  s1.pos_acc: 70.0000  s1.loss_bbox: 0.7091  s1.loss_iou: 1.1427
2026/03/27 19:31:42 - mmengine - INFO - Epoch(train) [13][ 3850/10002]  lr: 2.5000e-05  eta: 15:33:25  time: 0.3762  data_time: 0.0032  memory: 7329  grad_norm: 107.6569  loss: 8.0070  rpn_s.0.loss_cls: 0.6171  rpn_s.0.loss_bbox: 0.1011  rpn_s.0.loss_giou: 0.8386  rpn_s.1.loss_cls: 0.4245  rpn_s.1.loss_bbox: 0.0403  rpn_s.1.loss_giou: 0.3957  rpn_s.2.loss_cls: 0.3490  rpn_s.2.loss_bbox: 0.0350  rpn_s.2.loss_giou: 0.3403  rpn_s.3.loss_cls: 0.3029  rpn_s.3.loss_bbox: 0.0332  rpn_s.3.loss_giou: 0.3275  s0.loss_cls: 0.3215  s0.pos_acc: 50.0000  s0.loss_bbox: 0.6264  s0.loss_iou: 1.0977  s1.loss_cls: 0.3281  s1.pos_acc: 50.0000  s1.loss_bbox: 0.6988  s1.loss_iou: 1.1292
2026/03/27 19:32:01 - mmengine - INFO - Epoch(train) [13][ 3900/10002]  lr: 2.5000e-05  eta: 15:33:02  time: 0.3762  data_time: 0.0032  memory: 7329  grad_norm: 80.3301  loss: 7.7606  rpn_s.0.loss_cls: 0.5929  rpn_s.0.loss_bbox: 0.1040  rpn_s.0.loss_giou: 0.7748  rpn_s.1.loss_cls: 0.4114  rpn_s.1.loss_bbox: 0.0435  rpn_s.1.loss_giou: 0.3875  rpn_s.2.loss_cls: 0.3354  rpn_s.2.loss_bbox: 0.0366  rpn_s.2.loss_giou: 0.3336  rpn_s.3.loss_cls: 0.3007  rpn_s.3.loss_bbox: 0.0345  rpn_s.3.loss_giou: 0.3162  s0.loss_cls: 0.3187  s0.pos_acc: 73.0769  s0.loss_bbox: 0.5997  s0.loss_iou: 1.0707  s1.loss_cls: 0.3334  s1.pos_acc: 73.7179  s1.loss_bbox: 0.6447  s1.loss_iou: 1.1223
2026/03/27 19:32:19 - mmengine - INFO - Epoch(train) [13][ 3950/10002]  lr: 2.5000e-05  eta: 15:32:39  time: 0.3752  data_time: 0.0032  memory: 7329  grad_norm: 101.8457  loss: 7.8589  rpn_s.0.loss_cls: 0.5709  rpn_s.0.loss_bbox: 0.1145  rpn_s.0.loss_giou: 0.7552  rpn_s.1.loss_cls: 0.4181  rpn_s.1.loss_bbox: 0.0523  rpn_s.1.loss_giou: 0.3809  rpn_s.2.loss_cls: 0.3418  rpn_s.2.loss_bbox: 0.0443  rpn_s.2.loss_giou: 0.3313  rpn_s.3.loss_cls: 0.3053  rpn_s.3.loss_bbox: 0.0425  rpn_s.3.loss_giou: 0.3164  s0.loss_cls: 0.3445  s0.pos_acc: 50.0000  s0.loss_bbox: 0.6316  s0.loss_iou: 1.0593  s1.loss_cls: 0.3693  s1.pos_acc: 62.5000  s1.loss_bbox: 0.6735  s1.loss_iou: 1.1073
2026/03/27 19:32:31 - mmengine - INFO - Exp name: GSDet_r50_b900_h2h4_h2r1_r2r1_2x_fair1m1.0_20260327_174101
2026/03/27 19:32:38 - mmengine - INFO - Epoch(train) [13][ 4000/10002]  lr: 2.5000e-05  eta: 15:32:16  time: 0.3755  data_time: 0.0032  memory: 7329  grad_norm: 76.7379  loss: 7.7492  rpn_s.0.loss_cls: 0.6006  rpn_s.0.loss_bbox: 0.0950  rpn_s.0.loss_giou: 0.7648  rpn_s.1.loss_cls: 0.4050  rpn_s.1.loss_bbox: 0.0408  rpn_s.1.loss_giou: 0.3762  rpn_s.2.loss_cls: 0.3372  rpn_s.2.loss_bbox: 0.0345  rpn_s.2.loss_giou: 0.3329  rpn_s.3.loss_cls: 0.3009  rpn_s.3.loss_bbox: 0.0317  rpn_s.3.loss_giou: 0.3125  s0.loss_cls: 0.3278  s0.pos_acc: 92.8571  s0.loss_bbox: 0.6184  s0.loss_iou: 1.0393  s1.loss_cls: 0.3407  s1.pos_acc: 92.8571  s1.loss_bbox: 0.7072  s1.loss_iou: 1.0836
2026/03/27 19:32:57 - mmengine - INFO - Epoch(train) [13][ 4050/10002]  lr: 2.5000e-05  eta: 15:31:54  time: 0.3793  data_time: 0.0032  memory: 7329  grad_norm: 81.2992  loss: 8.0108  rpn_s.0.loss_cls: 0.6013  rpn_s.0.loss_bbox: 0.1129  rpn_s.0.loss_giou: 0.7795  rpn_s.1.loss_cls: 0.4181  rpn_s.1.loss_bbox: 0.0518  rpn_s.1.loss_giou: 0.3937  rpn_s.2.loss_cls: 0.3473  rpn_s.2.loss_bbox: 0.0431  rpn_s.2.loss_giou: 0.3362  rpn_s.3.loss_cls: 0.3023  rpn_s.3.loss_bbox: 0.0401  rpn_s.3.loss_giou: 0.3195  s0.loss_cls: 0.3287  s0.pos_acc: 85.7143  s0.loss_bbox: 0.6501  s0.loss_iou: 1.0885  s1.loss_cls: 0.3417  s1.pos_acc: 78.5714  s1.loss_bbox: 0.7201  s1.loss_iou: 1.1359
2026/03/27 19:33:16 - mmengine - INFO - Epoch(train) [13][ 4100/10002]  lr: 2.5000e-05  eta: 15:31:37  time: 0.3858  data_time: 0.0032  memory: 7330  grad_norm: 102.1657  loss: 7.6585  rpn_s.0.loss_cls: 0.5782  rpn_s.0.loss_bbox: 0.1027  rpn_s.0.loss_giou: 0.8183  rpn_s.1.loss_cls: 0.3946  rpn_s.1.loss_bbox: 0.0410  rpn_s.1.loss_giou: 0.3868  rpn_s.2.loss_cls: 0.3266  rpn_s.2.loss_bbox: 0.0348  rpn_s.2.loss_giou: 0.3344  rpn_s.3.loss_cls: 0.2809  rpn_s.3.loss_bbox: 0.0322  rpn_s.3.loss_giou: 0.3144  s0.loss_cls: 0.3270  s0.pos_acc: 100.0000  s0.loss_bbox: 0.5943  s0.loss_iou: 1.0360  s1.loss_cls: 0.3365  s1.pos_acc: 100.0000  s1.loss_bbox: 0.6385  s1.loss_iou: 1.0816
2026/03/27 19:33:35 - mmengine - INFO - Epoch(train) [13][ 4150/10002]  lr: 2.5000e-05  eta: 15:31:14  time: 0.3767  data_time: 0.0032  memory: 7329  grad_norm: 79.5613  loss: 7.9174  rpn_s.0.loss_cls: 0.6053  rpn_s.0.loss_bbox: 0.1123  rpn_s.0.loss_giou: 0.7898  rpn_s.1.loss_cls: 0.4187  rpn_s.1.loss_bbox: 0.0482  rpn_s.1.loss_giou: 0.4018  rpn_s.2.loss_cls: 0.3560  rpn_s.2.loss_bbox: 0.0395  rpn_s.2.loss_giou: 0.3455  rpn_s.3.loss_cls: 0.3093  rpn_s.3.loss_bbox: 0.0366  rpn_s.3.loss_giou: 0.3295  s0.loss_cls: 0.3352  s0.pos_acc: 86.5385  s0.loss_bbox: 0.5421  s0.loss_iou: 1.1308  s1.loss_cls: 0.3493  s1.pos_acc: 84.6154  s1.loss_bbox: 0.5954  s1.loss_iou: 1.1721
2026/03/27 19:33:54 - mmengine - INFO - Epoch(train) [13][ 4200/10002]  lr: 2.5000e-05  eta: 15:30:55  time: 0.3831  data_time: 0.0032  memory: 7330  grad_norm: 79.7883  loss: 8.2449  rpn_s.0.loss_cls: 0.6436  rpn_s.0.loss_bbox: 0.1151  rpn_s.0.loss_giou: 0.8989  rpn_s.1.loss_cls: 0.4277  rpn_s.1.loss_bbox: 0.0462  rpn_s.1.loss_giou: 0.4259  rpn_s.2.loss_cls: 0.3577  rpn_s.2.loss_bbox: 0.0390  rpn_s.2.loss_giou: 0.3652  rpn_s.3.loss_cls: 0.3130  rpn_s.3.loss_bbox: 0.0359  rpn_s.3.loss_giou: 0.3433  s0.loss_cls: 0.3559  s0.pos_acc: 70.1183  s0.loss_bbox: 0.5296  s0.loss_iou: 1.1610  s1.loss_cls: 0.3620  s1.pos_acc: 72.3373  s1.loss_bbox: 0.6153  s1.loss_iou: 1.2094
2026/03/27 19:34:13 - mmengine - INFO - Epoch(train) [13][ 4250/10002]  lr: 2.5000e-05  eta: 15:30:34  time: 0.3784  data_time: 0.0032  memory: 7329  grad_norm: 90.0645  loss: 7.6006  rpn_s.0.loss_cls: 0.5797  rpn_s.0.loss_bbox: 0.1003  rpn_s.0.loss_giou: 0.7444  rpn_s.1.loss_cls: 0.4052  rpn_s.1.loss_bbox: 0.0460  rpn_s.1.loss_giou: 0.3725  rpn_s.2.loss_cls: 0.3287  rpn_s.2.loss_bbox: 0.0377  rpn_s.2.loss_giou: 0.3206  rpn_s.3.loss_cls: 0.2942  rpn_s.3.loss_bbox: 0.0347  rpn_s.3.loss_giou: 0.3021  s0.loss_cls: 0.3125  s0.pos_acc: 89.4737  s0.loss_bbox: 0.6118  s0.loss_iou: 1.0266  s1.loss_cls: 0.3248  s1.pos_acc: 89.4737  s1.loss_bbox: 0.6772  s1.loss_iou: 1.0814
2026/03/27 19:34:32 - mmengine - INFO - Epoch(train) [13][ 4300/10002]  lr: 2.5000e-05  eta: 15:30:11  time: 0.3768  data_time: 0.0031  memory: 7329  grad_norm: 66.5015  loss: 7.4656  rpn_s.0.loss_cls: 0.5926  rpn_s.0.loss_bbox: 0.0986  rpn_s.0.loss_giou: 0.7485  rpn_s.1.loss_cls: 0.3915  rpn_s.1.loss_bbox: 0.0423  rpn_s.1.loss_giou: 0.3723  rpn_s.2.loss_cls: 0.3135  rpn_s.2.loss_bbox: 0.0365  rpn_s.2.loss_giou: 0.3234  rpn_s.3.loss_cls: 0.2726  rpn_s.3.loss_bbox: 0.0346  rpn_s.3.loss_giou: 0.3057  s0.loss_cls: 0.3054  s0.pos_acc: 65.7534  s0.loss_bbox: 0.5774  s0.loss_iou: 1.0364  s1.loss_cls: 0.3219  s1.pos_acc: 65.0685  s1.loss_bbox: 0.6234  s1.loss_iou: 1.0691
2026/03/27 19:34:51 - mmengine - INFO - Epoch(train) [13][ 4350/10002]  lr: 2.5000e-05  eta: 15:29:50  time: 0.3785  data_time: 0.0032  memory: 7329  grad_norm: 84.3339  loss: 7.6167  rpn_s.0.loss_cls: 0.6038  rpn_s.0.loss_bbox: 0.1014  rpn_s.0.loss_giou: 0.7546  rpn_s.1.loss_cls: 0.3986  rpn_s.1.loss_bbox: 0.0431  rpn_s.1.loss_giou: 0.3664  rpn_s.2.loss_cls: 0.3184  rpn_s.2.loss_bbox: 0.0359  rpn_s.2.loss_giou: 0.3129  rpn_s.3.loss_cls: 0.2664  rpn_s.3.loss_bbox: 0.0333  rpn_s.3.loss_giou: 0.2926  s0.loss_cls: 0.3058  s0.pos_acc: 92.3077  s0.loss_bbox: 0.6741  s0.loss_iou: 1.0043  s1.loss_cls: 0.3244  s1.pos_acc: 100.0000  s1.loss_bbox: 0.7104  s1.loss_iou: 1.0704
2026/03/27 19:35:10 - mmengine - INFO - Epoch(train) [13][ 4400/10002]  lr: 2.5000e-05  eta: 15:29:32  time: 0.3853  data_time: 0.0032  memory: 7330  grad_norm: 91.9902  loss: 8.1103  rpn_s.0.loss_cls: 0.6247  rpn_s.0.loss_bbox: 0.1108  rpn_s.0.loss_giou: 0.8514  rpn_s.1.loss_cls: 0.4319  rpn_s.1.loss_bbox: 0.0479  rpn_s.1.loss_giou: 0.4189  rpn_s.2.loss_cls: 0.3624  rpn_s.2.loss_bbox: 0.0389  rpn_s.2.loss_giou: 0.3547  rpn_s.3.loss_cls: 0.3180  rpn_s.3.loss_bbox: 0.0360  rpn_s.3.loss_giou: 0.3314  s0.loss_cls: 0.3465  s0.pos_acc: 100.0000  s0.loss_bbox: 0.5499  s0.loss_iou: 1.1496  s1.loss_cls: 0.3593  s1.pos_acc: 100.0000  s1.loss_bbox: 0.5965  s1.loss_iou: 1.1814
2026/03/27 19:35:29 - mmengine - INFO - Epoch(train) [13][ 4450/10002]  lr: 2.5000e-05  eta: 15:29:11  time: 0.3785  data_time: 0.0031  memory: 7329  grad_norm: 110.2035  loss: 7.8353  rpn_s.0.loss_cls: 0.6005  rpn_s.0.loss_bbox: 0.1015  rpn_s.0.loss_giou: 0.7951  rpn_s.1.loss_cls: 0.4127  rpn_s.1.loss_bbox: 0.0429  rpn_s.1.loss_giou: 0.3902  rpn_s.2.loss_cls: 0.3403  rpn_s.2.loss_bbox: 0.0352  rpn_s.2.loss_giou: 0.3353  rpn_s.3.loss_cls: 0.2902  rpn_s.3.loss_bbox: 0.0326  rpn_s.3.loss_giou: 0.3154  s0.loss_cls: 0.3282  s0.pos_acc: 82.2709  s0.loss_bbox: 0.6088  s0.loss_iou: 1.0767  s1.loss_cls: 0.3388  s1.pos_acc: 83.0677  s1.loss_bbox: 0.6564  s1.loss_iou: 1.1347
2026/03/27 19:35:48 - mmengine - INFO - Epoch(train) [13][ 4500/10002]  lr: 2.5000e-05  eta: 15:28:48  time: 0.3756  data_time: 0.0031  memory: 7329  grad_norm: 89.9540  loss: 7.9581  rpn_s.0.loss_cls: 0.5811  rpn_s.0.loss_bbox: 0.1016  rpn_s.0.loss_giou: 0.7552  rpn_s.1.loss_cls: 0.4112  rpn_s.1.loss_bbox: 0.0448  rpn_s.1.loss_giou: 0.3931  rpn_s.2.loss_cls: 0.3335  rpn_s.2.loss_bbox: 0.0395  rpn_s.2.loss_giou: 0.3480  rpn_s.3.loss_cls: 0.2965  rpn_s.3.loss_bbox: 0.0368  rpn_s.3.loss_giou: 0.3279  s0.loss_cls: 0.3317  s0.pos_acc: 72.2222  s0.loss_bbox: 0.6555  s0.loss_iou: 1.0930  s1.loss_cls: 0.3498  s1.pos_acc: 55.5556  s1.loss_bbox: 0.7015  s1.loss_iou: 1.1576
2026/03/27 19:36:07 - mmengine - INFO - Epoch(train) [13][ 4550/10002]  lr: 2.5000e-05  eta: 15:28:27  time: 0.3789  data_time: 0.0033  memory: 7329  grad_norm: 78.3280  loss: 7.4616  rpn_s.0.loss_cls: 0.5794  rpn_s.0.loss_bbox: 0.1014  rpn_s.0.loss_giou: 0.7431  rpn_s.1.loss_cls: 0.4098  rpn_s.1.loss_bbox: 0.0430  rpn_s.1.loss_giou: 0.3654  rpn_s.2.loss_cls: 0.3309  rpn_s.2.loss_bbox: 0.0356  rpn_s.2.loss_giou: 0.3159  rpn_s.3.loss_cls: 0.2980  rpn_s.3.loss_bbox: 0.0315  rpn_s.3.loss_giou: 0.2911  s0.loss_cls: 0.3252  s0.pos_acc: 80.2198  s0.loss_bbox: 0.6013  s0.loss_iou: 0.9707  s1.loss_cls: 0.3520  s1.pos_acc: 80.4945  s1.loss_bbox: 0.6473  s1.loss_iou: 1.0202
2026/03/27 19:36:26 - mmengine - INFO - Epoch(train) [13][ 4600/10002]  lr: 2.5000e-05  eta: 15:28:05  time: 0.3774  data_time: 0.0032  memory: 7329  grad_norm: 81.1439  loss: 8.1574  rpn_s.0.loss_cls: 0.6137  rpn_s.0.loss_bbox: 0.1058  rpn_s.0.loss_giou: 0.8055  rpn_s.1.loss_cls: 0.4151  rpn_s.1.loss_bbox: 0.0478  rpn_s.1.loss_giou: 0.3999  rpn_s.2.loss_cls: 0.3437  rpn_s.2.loss_bbox: 0.0392  rpn_s.2.loss_giou: 0.3436  rpn_s.3.loss_cls: 0.2913  rpn_s.3.loss_bbox: 0.0372  rpn_s.3.loss_giou: 0.3263  s0.loss_cls: 0.3381  s0.pos_acc: 87.5000  s0.loss_bbox: 0.7434  s0.loss_iou: 1.0592  s1.loss_cls: 0.3485  s1.pos_acc: 86.6667  s1.loss_bbox: 0.7648  s1.loss_iou: 1.1344
2026/03/27 19:36:45 - mmengine - INFO - Epoch(train) [13][ 4650/10002]  lr: 2.5000e-05  eta: 15:27:42  time: 0.3752  data_time: 0.0033  memory: 7329  grad_norm: 85.8120  loss: 7.5462  rpn_s.0.loss_cls: 0.5651  rpn_s.0.loss_bbox: 0.1006  rpn_s.0.loss_giou: 0.7706  rpn_s.1.loss_cls: 0.3743  rpn_s.1.loss_bbox: 0.0429  rpn_s.1.loss_giou: 0.3843  rpn_s.2.loss_cls: 0.2919  rpn_s.2.loss_bbox: 0.0359  rpn_s.2.loss_giou: 0.3301  rpn_s.3.loss_cls: 0.2543  rpn_s.3.loss_bbox: 0.0349  rpn_s.3.loss_giou: 0.3139  s0.loss_cls: 0.2843  s0.pos_acc: 100.0000  s0.loss_bbox: 0.6603  s0.loss_iou: 1.0265  s1.loss_cls: 0.2976  s1.pos_acc: 100.0000  s1.loss_bbox: 0.6971  s1.loss_iou: 1.0815
2026/03/27 19:37:04 - mmengine - INFO - Epoch(train) [13][ 4700/10002]  lr: 2.5000e-05  eta: 15:27:21  time: 0.3803  data_time: 0.0032  memory: 7330  grad_norm: 84.6588  loss: 7.8830  rpn_s.0.loss_cls: 0.5968  rpn_s.0.loss_bbox: 0.1028  rpn_s.0.loss_giou: 0.7892  rpn_s.1.loss_cls: 0.4087  rpn_s.1.loss_bbox: 0.0441  rpn_s.1.loss_giou: 0.3968  rpn_s.2.loss_cls: 0.3259  rpn_s.2.loss_bbox: 0.0374  rpn_s.2.loss_giou: 0.3402  rpn_s.3.loss_cls: 0.2873  rpn_s.3.loss_bbox: 0.0341  rpn_s.3.loss_giou: 0.3231  s0.loss_cls: 0.3104  s0.pos_acc: 100.0000  s0.loss_bbox: 0.6623  s0.loss_iou: 1.0756  s1.loss_cls: 0.3279  s1.pos_acc: 100.0000  s1.loss_bbox: 0.6782  s1.loss_iou: 1.1423
2026/03/27 19:37:23 - mmengine - INFO - Epoch(train) [13][ 4750/10002]  lr: 2.5000e-05  eta: 15:26:59  time: 0.3772  data_time: 0.0033  memory: 7329  grad_norm: 84.5260  loss: 7.9528  rpn_s.0.loss_cls: 0.6247  rpn_s.0.loss_bbox: 0.1044  rpn_s.0.loss_giou: 0.8250  rpn_s.1.loss_cls: 0.4226  rpn_s.1.loss_bbox: 0.0428  rpn_s.1.loss_giou: 0.4031  rpn_s.2.loss_cls: 0.3450  rpn_s.2.loss_bbox: 0.0337  rpn_s.2.loss_giou: 0.3393  rpn_s.3.loss_cls: 0.2982  rpn_s.3.loss_bbox: 0.0321  rpn_s.3.loss_giou: 0.3228  s0.loss_cls: 0.3363  s0.pos_acc: 60.8696  s0.loss_bbox: 0.6466  s0.loss_iou: 1.0482  s1.loss_cls: 0.3469  s1.pos_acc: 70.6522  s1.loss_bbox: 0.6870  s1.loss_iou: 1.0941
2026/03/27 19:37:42 - mmengine - INFO - Epoch(train) [13][ 4800/10002]  lr: 2.5000e-05  eta: 15:26:38  time: 0.3781  data_time: 0.0031  memory: 7329  grad_norm: 77.2853  loss: 7.4670  rpn_s.0.loss_cls: 0.5696  rpn_s.0.loss_bbox: 0.1058  rpn_s.0.loss_giou: 0.6929  rpn_s.1.loss_cls: 0.3873  rpn_s.1.loss_bbox: 0.0514  rpn_s.1.loss_giou: 0.3481  rpn_s.2.loss_cls: 0.3039  rpn_s.2.loss_bbox: 0.0430  rpn_s.2.loss_giou: 0.2933  rpn_s.3.loss_cls: 0.2661  rpn_s.3.loss_bbox: 0.0400  rpn_s.3.loss_giou: 0.2777  s0.loss_cls: 0.3081  s0.pos_acc: 100.0000  s0.loss_bbox: 0.6834  s0.loss_iou: 1.0085  s1.loss_cls: 0.3227  s1.pos_acc: 100.0000  s1.loss_bbox: 0.7137  s1.loss_iou: 1.0515
2026/03/27 19:38:00 - mmengine - INFO - Epoch(train) [13][ 4850/10002]  lr: 2.5000e-05  eta: 15:26:15  time: 0.3755  data_time: 0.0032  memory: 7329  grad_norm: 80.6496  loss: 7.6698  rpn_s.0.loss_cls: 0.6212  rpn_s.0.loss_bbox: 0.0963  rpn_s.0.loss_giou: 0.7580  rpn_s.1.loss_cls: 0.4382  rpn_s.1.loss_bbox: 0.0407  rpn_s.1.loss_giou: 0.3784  rpn_s.2.loss_cls: 0.3569  rpn_s.2.loss_bbox: 0.0338  rpn_s.2.loss_giou: 0.3199  rpn_s.3.loss_cls: 0.3277  rpn_s.3.loss_bbox: 0.0315  rpn_s.3.loss_giou: 0.3040  s0.loss_cls: 0.3526  s0.pos_acc: 85.0000  s0.loss_bbox: 0.5815  s0.loss_iou: 1.0052  s1.loss_cls: 0.3737  s1.pos_acc: 95.0000  s1.loss_bbox: 0.6167  s1.loss_iou: 1.0334
2026/03/27 19:38:20 - mmengine - INFO - Epoch(train) [13][ 4900/10002]  lr: 2.5000e-05  eta: 15:25:57  time: 0.3847  data_time: 0.0032  memory: 7330  grad_norm: 73.0545  loss: 8.9405  rpn_s.0.loss_cls: 0.6411  rpn_s.0.loss_bbox: 0.1070  rpn_s.0.loss_giou: 0.9295  rpn_s.1.loss_cls: 0.4576  rpn_s.1.loss_bbox: 0.0441  rpn_s.1.loss_giou: 0.4576  rpn_s.2.loss_cls: 0.3897  rpn_s.2.loss_bbox: 0.0369  rpn_s.2.loss_giou: 0.3954  rpn_s.3.loss_cls: 0.3500  rpn_s.3.loss_bbox: 0.0339  rpn_s.3.loss_giou: 0.3733  s0.loss_cls: 0.3959  s0.pos_acc: 69.1489  s0.loss_bbox: 0.6493  s0.loss_iou: 1.2362  s1.loss_cls: 0.4273  s1.pos_acc: 70.2128  s1.loss_bbox: 0.7367  s1.loss_iou: 1.2791
2026/03/27 19:38:39 - mmengine - INFO - Epoch(train) [13][ 4950/10002]  lr: 2.5000e-05  eta: 15:25:38  time: 0.3832  data_time: 0.0032  memory: 7330  grad_norm: 89.3564  loss: 7.3774  rpn_s.0.loss_cls: 0.5814  rpn_s.0.loss_bbox: 0.0958  rpn_s.0.loss_giou: 0.7206  rpn_s.1.loss_cls: 0.3893  rpn_s.1.loss_bbox: 0.0430  rpn_s.1.loss_giou: 0.3646  rpn_s.2.loss_cls: 0.3090  rpn_s.2.loss_bbox: 0.0359  rpn_s.2.loss_giou: 0.3182  rpn_s.3.loss_cls: 0.2707  rpn_s.3.loss_bbox: 0.0344  rpn_s.3.loss_giou: 0.3033  s0.loss_cls: 0.3083  s0.pos_acc: 80.0000  s0.loss_bbox: 0.6023  s0.loss_iou: 0.9794  s1.loss_cls: 0.3304  s1.pos_acc: 90.0000  s1.loss_bbox: 0.6536  s1.loss_iou: 1.0371
2026/03/27 19:38:51 - mmengine - INFO - Exp name: GSDet_r50_b900_h2h4_h2r1_r2r1_2x_fair1m1.0_20260327_174101
2026/03/27 19:38:58 - mmengine - INFO - Epoch(train) [13][ 5000/10002]  lr: 2.5000e-05  eta: 15:25:21  time: 0.3863  data_time: 0.0032  memory: 7330  grad_norm: 71.8345  loss: 8.0801  rpn_s.0.loss_cls: 0.5992  rpn_s.0.loss_bbox: 0.1071  rpn_s.0.loss_giou: 0.8771  rpn_s.1.loss_cls: 0.4142  rpn_s.1.loss_bbox: 0.0436  rpn_s.1.loss_giou: 0.4139  rpn_s.2.loss_cls: 0.3427  rpn_s.2.loss_bbox: 0.0379  rpn_s.2.loss_giou: 0.3587  rpn_s.3.loss_cls: 0.2985  rpn_s.3.loss_bbox: 0.0350  rpn_s.3.loss_giou: 0.3423  s0.loss_cls: 0.3248  s0.pos_acc: 77.6316  s0.loss_bbox: 0.5728  s0.loss_iou: 1.1289  s1.loss_cls: 0.3476  s1.pos_acc: 73.6842  s1.loss_bbox: 0.6446  s1.loss_iou: 1.1911
2026/03/27 19:39:17 - mmengine - INFO - Epoch(train) [13][ 5050/10002]  lr: 2.5000e-05  eta: 15:25:00  time: 0.3794  data_time: 0.0033  memory: 7329  grad_norm: 77.9584  loss: 7.9960  rpn_s.0.loss_cls: 0.6455  rpn_s.0.loss_bbox: 0.0956  rpn_s.0.loss_giou: 0.8391  rpn_s.1.loss_cls: 0.4250  rpn_s.1.loss_bbox: 0.0391  rpn_s.1.loss_giou: 0.4047  rpn_s.2.loss_cls: 0.3373  rpn_s.2.loss_bbox: 0.0329  rpn_s.2.loss_giou: 0.3425  rpn_s.3.loss_cls: 0.3030  rpn_s.3.loss_bbox: 0.0303  rpn_s.3.loss_giou: 0.3248  s0.loss_cls: 0.3375  s0.pos_acc: 90.0000  s0.loss_bbox: 0.6303  s0.loss_iou: 1.0781  s1.loss_cls: 0.3458  s1.pos_acc: 90.0000  s1.loss_bbox: 0.6512  s1.loss_iou: 1.1333
2026/03/27 19:39:36 - mmengine - INFO - Epoch(train) [13][ 5100/10002]  lr: 2.5000e-05  eta: 15:24:40  time: 0.3823  data_time: 0.0033  memory: 7329  grad_norm: 80.9711  loss: 7.8285  rpn_s.0.loss_cls: 0.5975  rpn_s.0.loss_bbox: 0.1081  rpn_s.0.loss_giou: 0.7901  rpn_s.1.loss_cls: 0.4152  rpn_s.1.loss_bbox: 0.0456  rpn_s.1.loss_giou: 0.3729  rpn_s.2.loss_cls: 0.3558  rpn_s.2.loss_bbox: 0.0381  rpn_s.2.loss_giou: 0.3131  rpn_s.3.loss_cls: 0.3212  rpn_s.3.loss_bbox: 0.0360  rpn_s.3.loss_giou: 0.2984  s0.loss_cls: 0.3594  s0.pos_acc: 64.2857  s0.loss_bbox: 0.6158  s0.loss_iou: 1.0340  s1.loss_cls: 0.3795  s1.pos_acc: 57.1429  s1.loss_bbox: 0.6643  s1.loss_iou: 1.0837
2026/03/27 19:39:56 - mmengine - INFO - Epoch(train) [13][ 5150/10002]  lr: 2.5000e-05  eta: 15:24:23  time: 0.3876  data_time: 0.0033  memory: 7330  grad_norm: 73.5039  loss: 8.2195  rpn_s.0.loss_cls: 0.6058  rpn_s.0.loss_bbox: 0.1046  rpn_s.0.loss_giou: 0.8537  rpn_s.1.loss_cls: 0.4223  rpn_s.1.loss_bbox: 0.0415  rpn_s.1.loss_giou: 0.4218  rpn_s.2.loss_cls: 0.3420  rpn_s.2.loss_bbox: 0.0337  rpn_s.2.loss_giou: 0.3555  rpn_s.3.loss_cls: 0.2987  rpn_s.3.loss_bbox: 0.0315  rpn_s.3.loss_giou: 0.3343  s0.loss_cls: 0.3211  s0.pos_acc: 74.1379  s0.loss_bbox: 0.6236  s0.loss_iou: 1.1668  s1.loss_cls: 0.3366  s1.pos_acc: 75.8621  s1.loss_bbox: 0.7004  s1.loss_iou: 1.2258
2026/03/27 19:40:15 - mmengine - INFO - Epoch(train) [13][ 5200/10002]  lr: 2.5000e-05  eta: 15:24:06  time: 0.3853  data_time: 0.0033  memory: 7330  grad_norm: 81.3248  loss: 7.7780  rpn_s.0.loss_cls: 0.5930  rpn_s.0.loss_bbox: 0.0946  rpn_s.0.loss_giou: 0.7212  rpn_s.1.loss_cls: 0.4002  rpn_s.1.loss_bbox: 0.0457  rpn_s.1.loss_giou: 0.3840  rpn_s.2.loss_cls: 0.3235  rpn_s.2.loss_bbox: 0.0386  rpn_s.2.loss_giou: 0.3388  rpn_s.3.loss_cls: 0.2879  rpn_s.3.loss_bbox: 0.0361  rpn_s.3.loss_giou: 0.3232  s0.loss_cls: 0.3163  s0.pos_acc: 75.0000  s0.loss_bbox: 0.6299  s0.loss_iou: 1.0816  s1.loss_cls: 0.3248  s1.pos_acc: 68.7500  s1.loss_bbox: 0.6878  s1.loss_iou: 1.1508
2026/03/27 19:40:34 - mmengine - INFO - Epoch(train) [13][ 5250/10002]  lr: 2.5000e-05  eta: 15:23:42  time: 0.3744  data_time: 0.0033  memory: 7329  grad_norm: 81.6903  loss: 7.5848  rpn_s.0.loss_cls: 0.5747  rpn_s.0.loss_bbox: 0.1015  rpn_s.0.loss_giou: 0.7107  rpn_s.1.loss_cls: 0.4231  rpn_s.1.loss_bbox: 0.0472  rpn_s.1.loss_giou: 0.3614  rpn_s.2.loss_cls: 0.3418  rpn_s.2.loss_bbox: 0.0395  rpn_s.2.loss_giou: 0.3140  rpn_s.3.loss_cls: 0.3052  rpn_s.3.loss_bbox: 0.0374  rpn_s.3.loss_giou: 0.2932  s0.loss_cls: 0.3556  s0.pos_acc: 73.1707  s0.loss_bbox: 0.6259  s0.loss_iou: 0.9814  s1.loss_cls: 0.3713  s1.pos_acc: 70.7317  s1.loss_bbox: 0.6765  s1.loss_iou: 1.0243
2026/03/27 19:40:52 - mmengine - INFO - Epoch(train) [13][ 5300/10002]  lr: 2.5000e-05  eta: 15:23:21  time: 0.3773  data_time: 0.0033  memory: 7329  grad_norm: 73.8001  loss: 8.0315  rpn_s.0.loss_cls: 0.5569  rpn_s.0.loss_bbox: 0.1148  rpn_s.0.loss_giou: 0.7838  rpn_s.1.loss_cls: 0.3960  rpn_s.1.loss_bbox: 0.0520  rpn_s.1.loss_giou: 0.4018  rpn_s.2.loss_cls: 0.3211  rpn_s.2.loss_bbox: 0.0428  rpn_s.2.loss_giou: 0.3444  rpn_s.3.loss_cls: 0.2901  rpn_s.3.loss_bbox: 0.0410  rpn_s.3.loss_giou: 0.3254  s0.loss_cls: 0.3283  s0.pos_acc: 67.2222  s0.loss_bbox: 0.7019  s0.loss_iou: 1.1021  s1.loss_cls: 0.3482  s1.pos_acc: 65.0000  s1.loss_bbox: 0.7333  s1.loss_iou: 1.1475
2026/03/27 19:41:11 - mmengine - INFO - Epoch(train) [13][ 5350/10002]  lr: 2.5000e-05  eta: 15:22:59  time: 0.3784  data_time: 0.0033  memory: 7329  grad_norm: 76.5791  loss: 7.4923  rpn_s.0.loss_cls: 0.5716  rpn_s.0.loss_bbox: 0.0972  rpn_s.0.loss_giou: 0.7831  rpn_s.1.loss_cls: 0.3792  rpn_s.1.loss_bbox: 0.0398  rpn_s.1.loss_giou: 0.3802  rpn_s.2.loss_cls: 0.2971  rpn_s.2.loss_bbox: 0.0344  rpn_s.2.loss_giou: 0.3298  rpn_s.3.loss_cls: 0.2586  rpn_s.3.loss_bbox: 0.0325  rpn_s.3.loss_giou: 0.3125  s0.loss_cls: 0.2755  s0.pos_acc: 68.1818  s0.loss_bbox: 0.6244  s0.loss_iou: 1.0301  s1.loss_cls: 0.2945  s1.pos_acc: 68.1818  s1.loss_bbox: 0.6664  s1.loss_iou: 1.0855
2026/03/27 19:41:31 - mmengine - INFO - Epoch(train) [13][ 5400/10002]  lr: 2.5000e-05  eta: 15:22:41  time: 0.3836  data_time: 0.0033  memory: 7329  grad_norm: 78.1259  loss: 7.4491  rpn_s.0.loss_cls: 0.5373  rpn_s.0.loss_bbox: 0.1037  rpn_s.0.loss_giou: 0.7162  rpn_s.1.loss_cls: 0.3947  rpn_s.1.loss_bbox: 0.0453  rpn_s.1.loss_giou: 0.3578  rpn_s.2.loss_cls: 0.3145  rpn_s.2.loss_bbox: 0.0390  rpn_s.2.loss_giou: 0.3082  rpn_s.3.loss_cls: 0.2752  rpn_s.3.loss_bbox: 0.0357  rpn_s.3.loss_giou: 0.2860  s0.loss_cls: 0.2924  s0.pos_acc: 100.0000  s0.loss_bbox: 0.6715  s0.loss_iou: 1.0171  s1.loss_cls: 0.3077  s1.pos_acc: 100.0000  s1.loss_bbox: 0.6980  s1.loss_iou: 1.0488
2026/03/27 19:41:50 - mmengine - INFO - Epoch(train) [13][ 5450/10002]  lr: 2.5000e-05  eta: 15:22:23  time: 0.3851  data_time: 0.0033  memory: 7329  grad_norm: 71.2395  loss: 7.9235  rpn_s.0.loss_cls: 0.6082  rpn_s.0.loss_bbox: 0.1071  rpn_s.0.loss_giou: 0.8493  rpn_s.1.loss_cls: 0.4124  rpn_s.1.loss_bbox: 0.0390  rpn_s.1.loss_giou: 0.4051  rpn_s.2.loss_cls: 0.3312  rpn_s.2.loss_bbox: 0.0339  rpn_s.2.loss_giou: 0.3536  rpn_s.3.loss_cls: 0.2955  rpn_s.3.loss_bbox: 0.0304  rpn_s.3.loss_giou: 0.3313  s0.loss_cls: 0.3186  s0.pos_acc: 85.7143  s0.loss_bbox: 0.5793  s0.loss_iou: 1.0960  s1.loss_cls: 0.3313  s1.pos_acc: 87.5000  s1.loss_bbox: 0.6649  s1.loss_iou: 1.1366
2026/03/27 19:42:09 - mmengine - INFO - Epoch(train) [13][ 5500/10002]  lr: 2.5000e-05  eta: 15:22:07  time: 0.3904  data_time: 0.0033  memory: 7330  grad_norm: 74.4570  loss: 8.7676  rpn_s.0.loss_cls: 0.6315  rpn_s.0.loss_bbox: 0.1135  rpn_s.0.loss_giou: 0.8872  rpn_s.1.loss_cls: 0.4443  rpn_s.1.loss_bbox: 0.0464  rpn_s.1.loss_giou: 0.4405  rpn_s.2.loss_cls: 0.3672  rpn_s.2.loss_bbox: 0.0384  rpn_s.2.loss_giou: 0.3847  rpn_s.3.loss_cls: 0.3255  rpn_s.3.loss_bbox: 0.0362  rpn_s.3.loss_giou: 0.3652  s0.loss_cls: 0.3596  s0.pos_acc: 70.0000  s0.loss_bbox: 0.6902  s0.loss_iou: 1.2343  s1.loss_cls: 0.3680  s1.pos_acc: 62.0000  s1.loss_bbox: 0.7472  s1.loss_iou: 1.2878
2026/03/27 19:42:28 - mmengine - INFO - Epoch(train) [13][ 5550/10002]  lr: 2.5000e-05  eta: 15:21:48  time: 0.3833  data_time: 0.0034  memory: 7329  grad_norm: 90.8349  loss: 7.9158  rpn_s.0.loss_cls: 0.5917  rpn_s.0.loss_bbox: 0.1113  rpn_s.0.loss_giou: 0.7691  rpn_s.1.loss_cls: 0.4138  rpn_s.1.loss_bbox: 0.0467  rpn_s.1.loss_giou: 0.3811  rpn_s.2.loss_cls: 0.3332  rpn_s.2.loss_bbox: 0.0389  rpn_s.2.loss_giou: 0.3325  rpn_s.3.loss_cls: 0.2931  rpn_s.3.loss_bbox: 0.0365  rpn_s.3.loss_giou: 0.3115  s0.loss_cls: 0.3172  s0.pos_acc: 72.5694  s0.loss_bbox: 0.6847  s0.loss_iou: 1.0820  s1.loss_cls: 0.3203  s1.pos_acc: 71.1805  s1.loss_bbox: 0.7193  s1.loss_iou: 1.1330
2026/03/27 19:42:47 - mmengine - INFO - Epoch(train) [13][ 5600/10002]  lr: 2.5000e-05  eta: 15:21:28  time: 0.3796  data_time: 0.0033  memory: 7329  grad_norm: 81.6656  loss: 7.8276  rpn_s.0.loss_cls: 0.5873  rpn_s.0.loss_bbox: 0.1051  rpn_s.0.loss_giou: 0.7510  rpn_s.1.loss_cls: 0.4362  rpn_s.1.loss_bbox: 0.0447  rpn_s.1.loss_giou: 0.3813  rpn_s.2.loss_cls: 0.3539  rpn_s.2.loss_bbox: 0.0380  rpn_s.2.loss_giou: 0.3335  rpn_s.3.loss_cls: 0.3071  rpn_s.3.loss_bbox: 0.0358  rpn_s.3.loss_giou: 0.3148  s0.loss_cls: 0.3371  s0.pos_acc: 91.6667  s0.loss_bbox: 0.6105  s0.loss_iou: 1.0494  s1.loss_cls: 0.3442  s1.pos_acc: 91.6667  s1.loss_bbox: 0.6882  s1.loss_iou: 1.1096
2026/03/27 19:43:07 - mmengine - INFO - Epoch(train) [13][ 5650/10002]  lr: 2.5000e-05  eta: 15:21:09  time: 0.3834  data_time: 0.0033  memory: 7329  grad_norm: 94.4118  loss: 7.7926  rpn_s.0.loss_cls: 0.6114  rpn_s.0.loss_bbox: 0.1008  rpn_s.0.loss_giou: 0.7671  rpn_s.1.loss_cls: 0.4242  rpn_s.1.loss_bbox: 0.0419  rpn_s.1.loss_giou: 0.3636  rpn_s.2.loss_cls: 0.3600  rpn_s.2.loss_bbox: 0.0363  rpn_s.2.loss_giou: 0.3158  rpn_s.3.loss_cls: 0.3123  rpn_s.3.loss_bbox: 0.0343  rpn_s.3.loss_giou: 0.3001  s0.loss_cls: 0.3412  s0.pos_acc: 100.0000  s0.loss_bbox: 0.6335  s0.loss_iou: 1.0294  s1.loss_cls: 0.3696  s1.pos_acc: 100.0000  s1.loss_bbox: 0.6879  s1.loss_iou: 1.0633
2026/03/27 19:43:26 - mmengine - INFO - Epoch(train) [13][ 5700/10002]  lr: 2.5000e-05  eta: 15:20:48  time: 0.3805  data_time: 0.0033  memory: 7329  grad_norm: 76.5917  loss: 8.0849  rpn_s.0.loss_cls: 0.6119  rpn_s.0.loss_bbox: 0.1002  rpn_s.0.loss_giou: 0.8136  rpn_s.1.loss_cls: 0.4305  rpn_s.1.loss_bbox: 0.0403  rpn_s.1.loss_giou: 0.3956  rpn_s.2.loss_cls: 0.3729  rpn_s.2.loss_bbox: 0.0337  rpn_s.2.loss_giou: 0.3385  rpn_s.3.loss_cls: 0.3280  rpn_s.3.loss_bbox: 0.0307  rpn_s.3.loss_giou: 0.3150  s0.loss_cls: 0.3678  s0.pos_acc: 80.7692  s0.loss_bbox: 0.6224  s0.loss_iou: 1.0898  s1.loss_cls: 0.3814  s1.pos_acc: 69.2308  s1.loss_bbox: 0.6703  s1.loss_iou: 1.1423
2026/03/27 19:43:45 - mmengine - INFO - Epoch(train) [13][ 5750/10002]  lr: 2.5000e-05  eta: 15:20:29  time: 0.3829  data_time: 0.0033  memory: 7329  grad_norm: 84.5389  loss: 8.3547  rpn_s.0.loss_cls: 0.6229  rpn_s.0.loss_bbox: 0.1054  rpn_s.0.loss_giou: 0.8779  rpn_s.1.loss_cls: 0.4192  rpn_s.1.loss_bbox: 0.0448  rpn_s.1.loss_giou: 0.4177  rpn_s.2.loss_cls: 0.3516  rpn_s.2.loss_bbox: 0.0370  rpn_s.2.loss_giou: 0.3549  rpn_s.3.loss_cls: 0.3066  rpn_s.3.loss_bbox: 0.0332  rpn_s.3.loss_giou: 0.3303  s0.loss_cls: 0.3354  s0.pos_acc: 65.8537  s0.loss_bbox: 0.6558  s0.loss_iou: 1.1450  s1.loss_cls: 0.3504  s1.pos_acc: 73.1707  s1.loss_bbox: 0.7699  s1.loss_iou: 1.1967
2026/03/27 19:44:04 - mmengine - INFO - Epoch(train) [13][ 5800/10002]  lr: 2.5000e-05  eta: 15:20:08  time: 0.3776  data_time: 0.0034  memory: 7329  grad_norm: 77.5349  loss: 8.3278  rpn_s.0.loss_cls: 0.6287  rpn_s.0.loss_bbox: 0.1059  rpn_s.0.loss_giou: 0.8275  rpn_s.1.loss_cls: 0.4251  rpn_s.1.loss_bbox: 0.0434  rpn_s.1.loss_giou: 0.4051  rpn_s.2.loss_cls: 0.3456  rpn_s.2.loss_bbox: 0.0382  rpn_s.2.loss_giou: 0.3576  rpn_s.3.loss_cls: 0.3039  rpn_s.3.loss_bbox: 0.0357  rpn_s.3.loss_giou: 0.3369  s0.loss_cls: 0.3321  s0.pos_acc: 90.0000  s0.loss_bbox: 0.7206  s0.loss_iou: 1.1211  s1.loss_cls: 0.3359  s1.pos_acc: 90.0000  s1.loss_bbox: 0.7850  s1.loss_iou: 1.1794
2026/03/27 19:44:23 - mmengine - INFO - Epoch(train) [13][ 5850/10002]  lr: 2.5000e-05  eta: 15:19:51  time: 0.3871  data_time: 0.0034  memory: 7330  grad_norm: 75.0683  loss: 8.6934  rpn_s.0.loss_cls: 0.6177  rpn_s.0.loss_bbox: 0.1142  rpn_s.0.loss_giou: 0.9313  rpn_s.1.loss_cls: 0.4178  rpn_s.1.loss_bbox: 0.0507  rpn_s.1.loss_giou: 0.4422  rpn_s.2.loss_cls: 0.3549  rpn_s.2.loss_bbox: 0.0409  rpn_s.2.loss_giou: 0.3704  rpn_s.3.loss_cls: 0.3174  rpn_s.3.loss_bbox: 0.0383  rpn_s.3.loss_giou: 0.3553  s0.loss_cls: 0.3398  s0.pos_acc: 71.4286  s0.loss_bbox: 0.6893  s0.loss_iou: 1.2231  s1.loss_cls: 0.3641  s1.pos_acc: 73.0159  s1.loss_bbox: 0.7643  s1.loss_iou: 1.2616
2026/03/27 19:44:42 - mmengine - INFO - Epoch(train) [13][ 5900/10002]  lr: 2.5000e-05  eta: 15:19:32  time: 0.3836  data_time: 0.0034  memory: 7329  grad_norm: 76.9725  loss: 7.8500  rpn_s.0.loss_cls: 0.5816  rpn_s.0.loss_bbox: 0.1092  rpn_s.0.loss_giou: 0.7972  rpn_s.1.loss_cls: 0.3946  rpn_s.1.loss_bbox: 0.0459  rpn_s.1.loss_giou: 0.3863  rpn_s.2.loss_cls: 0.3216  rpn_s.2.loss_bbox: 0.0402  rpn_s.2.loss_giou: 0.3367  rpn_s.3.loss_cls: 0.2854  rpn_s.3.loss_bbox: 0.0367  rpn_s.3.loss_giou: 0.3186  s0.loss_cls: 0.3060  s0.pos_acc: 100.0000  s0.loss_bbox: 0.6520  s0.loss_iou: 1.0907  s1.loss_cls: 0.3351  s1.pos_acc: 100.0000  s1.loss_bbox: 0.6888  s1.loss_iou: 1.1236
2026/03/27 19:45:01 - mmengine - INFO - Epoch(train) [13][ 5950/10002]  lr: 2.5000e-05  eta: 15:19:12  time: 0.3802  data_time: 0.0033  memory: 7329  grad_norm: 82.1996  loss: 7.8294  rpn_s.0.loss_cls: 0.6084  rpn_s.0.loss_bbox: 0.1069  rpn_s.0.loss_giou: 0.8516  rpn_s.1.loss_cls: 0.4056  rpn_s.1.loss_bbox: 0.0417  rpn_s.1.loss_giou: 0.3957  rpn_s.2.loss_cls: 0.3203  rpn_s.2.loss_bbox: 0.0348  rpn_s.2.loss_giou: 0.3411  rpn_s.3.loss_cls: 0.2836  rpn_s.3.loss_bbox: 0.0327  rpn_s.3.loss_giou: 0.3197  s0.loss_cls: 0.3164  s0.pos_acc: 100.0000  s0.loss_bbox: 0.6161  s0.loss_iou: 1.0655  s1.loss_cls: 0.3282  s1.pos_acc: 100.0000  s1.loss_bbox: 0.6666  s1.loss_iou: 1.0945
2026/03/27 19:45:13 - mmengine - INFO - Exp name: GSDet_r50_b900_h2h4_h2r1_r2r1_2x_fair1m1.0_20260327_174101
2026/03/27 19:45:20 - mmengine - INFO - Epoch(train) [13][ 6000/10002]  lr: 2.5000e-05  eta: 15:18:50  time: 0.3781  data_time: 0.0033  memory: 7329  grad_norm: 79.2354  loss: 7.7801  rpn_s.0.loss_cls: 0.5928  rpn_s.0.loss_bbox: 0.1057  rpn_s.0.loss_giou: 0.7866  rpn_s.1.loss_cls: 0.4080  rpn_s.1.loss_bbox: 0.0445  rpn_s.1.loss_giou: 0.3841  rpn_s.2.loss_cls: 0.3197  rpn_s.2.loss_bbox: 0.0365  rpn_s.2.loss_giou: 0.3282  rpn_s.3.loss_cls: 0.2701  rpn_s.3.loss_bbox: 0.0351  rpn_s.3.loss_giou: 0.3111  s0.loss_cls: 0.3108  s0.pos_acc: 94.4444  s0.loss_bbox: 0.6207  s0.loss_iou: 1.0884  s1.loss_cls: 0.3257  s1.pos_acc: 86.1111  s1.loss_bbox: 0.6661  s1.loss_iou: 1.1459
2026/03/27 19:45:39 - mmengine - INFO - Epoch(train) [13][ 6050/10002]  lr: 2.5000e-05  eta: 15:18:30  time: 0.3801  data_time: 0.0033  memory: 7330  grad_norm: 76.7154  loss: 8.0271  rpn_s.0.loss_cls: 0.6103  rpn_s.0.loss_bbox: 0.1084  rpn_s.0.loss_giou: 0.7945  rpn_s.1.loss_cls: 0.4405  rpn_s.1.loss_bbox: 0.0466  rpn_s.1.loss_giou: 0.4024  rpn_s.2.loss_cls: 0.3617  rpn_s.2.loss_bbox: 0.0376  rpn_s.2.loss_giou: 0.3443  rpn_s.3.loss_cls: 0.3156  rpn_s.3.loss_bbox: 0.0343  rpn_s.3.loss_giou: 0.3233  s0.loss_cls: 0.3512  s0.pos_acc: 100.0000  s0.loss_bbox: 0.6104  s0.loss_iou: 1.0967  s1.loss_cls: 0.3548  s1.pos_acc: 100.0000  s1.loss_bbox: 0.6529  s1.loss_iou: 1.1415
2026/03/27 19:45:58 - mmengine - INFO - Epoch(train) [13][ 6100/10002]  lr: 2.5000e-05  eta: 15:18:10  time: 0.3810  data_time: 0.0033  memory: 7329  grad_norm: 74.4502  loss: 7.5555  rpn_s.0.loss_cls: 0.5862  rpn_s.0.loss_bbox: 0.1021  rpn_s.0.loss_giou: 0.7308  rpn_s.1.loss_cls: 0.4092  rpn_s.1.loss_bbox: 0.0437  rpn_s.1.loss_giou: 0.3590  rpn_s.2.loss_cls: 0.3181  rpn_s.2.loss_bbox: 0.0379  rpn_s.2.loss_giou: 0.3127  rpn_s.3.loss_cls: 0.2821  rpn_s.3.loss_bbox: 0.0347  rpn_s.3.loss_giou: 0.2945  s0.loss_cls: 0.3129  s0.pos_acc: 100.0000  s0.loss_bbox: 0.6701  s0.loss_iou: 1.0156  s1.loss_cls: 0.3276  s1.pos_acc: 100.0000  s1.loss_bbox: 0.6927  s1.loss_iou: 1.0257
2026/03/27 19:46:18 - mmengine - INFO - Epoch(train) [13][ 6150/10002]  lr: 2.5000e-05  eta: 15:17:53  time: 0.3870  data_time: 0.0033  memory: 7330  grad_norm: 79.7799  loss: 7.7804  rpn_s.0.loss_cls: 0.5983  rpn_s.0.loss_bbox: 0.1009  rpn_s.0.loss_giou: 0.7809  rpn_s.1.loss_cls: 0.4156  rpn_s.1.loss_bbox: 0.0435  rpn_s.1.loss_giou: 0.3900  rpn_s.2.loss_cls: 0.3370  rpn_s.2.loss_bbox: 0.0350  rpn_s.2.loss_giou: 0.3279  rpn_s.3.loss_cls: 0.2935  rpn_s.3.loss_bbox: 0.0328  rpn_s.3.loss_giou: 0.3096  s0.loss_cls: 0.3149  s0.pos_acc: 81.8182  s0.loss_bbox: 0.6416  s0.loss_iou: 1.0637  s1.loss_cls: 0.3299  s1.pos_acc: 81.3131  s1.loss_bbox: 0.6712  s1.loss_iou: 1.0942
2026/03/27 19:46:37 - mmengine - INFO - Epoch(train) [13][ 6200/10002]  lr: 2.5000e-05  eta: 15:17:37  time: 0.3908  data_time: 0.0033  memory: 7330  grad_norm: 160.3038  loss: 8.5517  rpn_s.0.loss_cls: 0.6304  rpn_s.0.loss_bbox: 0.1084  rpn_s.0.loss_giou: 0.9054  rpn_s.1.loss_cls: 0.4430  rpn_s.1.loss_bbox: 0.0444  rpn_s.1.loss_giou: 0.4326  rpn_s.2.loss_cls: 0.3739  rpn_s.2.loss_bbox: 0.0362  rpn_s.2.loss_giou: 0.3700  rpn_s.3.loss_cls: 0.3293  rpn_s.3.loss_bbox: 0.0330  rpn_s.3.loss_giou: 0.3508  s0.loss_cls: 0.3626  s0.pos_acc: 70.4545  s0.loss_bbox: 0.6472  s0.loss_iou: 1.1714  s1.loss_cls: 0.3683  s1.pos_acc: 67.7273  s1.loss_bbox: 0.7250  s1.loss_iou: 1.2198
2026/03/27 19:46:56 - mmengine - INFO - Epoch(train) [13][ 6250/10002]  lr: 2.5000e-05  eta: 15:17:20  time: 0.3859  data_time: 0.0033  memory: 7330  grad_norm: 72.3370  loss: 8.7354  rpn_s.0.loss_cls: 0.6478  rpn_s.0.loss_bbox: 0.1092  rpn_s.0.loss_giou: 0.9089  rpn_s.1.loss_cls: 0.4552  rpn_s.1.loss_bbox: 0.0446  rpn_s.1.loss_giou: 0.4308  rpn_s.2.loss_cls: 0.3648  rpn_s.2.loss_bbox: 0.0378  rpn_s.2.loss_giou: 0.3766  rpn_s.3.loss_cls: 0.3275  rpn_s.3.loss_bbox: 0.0344  rpn_s.3.loss_giou: 0.3519  s0.loss_cls: 0.3613  s0.pos_acc: 74.0000  s0.loss_bbox: 0.6975  s0.loss_iou: 1.1710  s1.loss_cls: 0.3662  s1.pos_acc: 77.0000  s1.loss_bbox: 0.8373  s1.loss_iou: 1.2126
2026/03/27 19:47:16 - mmengine - INFO - Epoch(train) [13][ 6300/10002]  lr: 2.5000e-05  eta: 15:17:00  time: 0.3822  data_time: 0.0033  memory: 7330  grad_norm: 81.4014  loss: 7.6265  rpn_s.0.loss_cls: 0.5992  rpn_s.0.loss_bbox: 0.0955  rpn_s.0.loss_giou: 0.7949  rpn_s.1.loss_cls: 0.4094  rpn_s.1.loss_bbox: 0.0391  rpn_s.1.loss_giou: 0.3767  rpn_s.2.loss_cls: 0.3298  rpn_s.2.loss_bbox: 0.0325  rpn_s.2.loss_giou: 0.3203  rpn_s.3.loss_cls: 0.2864  rpn_s.3.loss_bbox: 0.0307  rpn_s.3.loss_giou: 0.3034  s0.loss_cls: 0.3031  s0.pos_acc: 100.0000  s0.loss_bbox: 0.5903  s0.loss_iou: 1.0409  s1.loss_cls: 0.3211  s1.pos_acc: 100.0000  s1.loss_bbox: 0.6765  s1.loss_iou: 1.0766
2026/03/27 19:47:34 - mmengine - INFO - Epoch(train) [13][ 6350/10002]  lr: 2.5000e-05  eta: 15:16:39  time: 0.3776  data_time: 0.0033  memory: 7329  grad_norm: 75.2488  loss: 8.0233  rpn_s.0.loss_cls: 0.5902  rpn_s.0.loss_bbox: 0.1095  rpn_s.0.loss_giou: 0.7676  rpn_s.1.loss_cls: 0.4250  rpn_s.1.loss_bbox: 0.0508  rpn_s.1.loss_giou: 0.3981  rpn_s.2.loss_cls: 0.3507  rpn_s.2.loss_bbox: 0.0419  rpn_s.2.loss_giou: 0.3423  rpn_s.3.loss_cls: 0.3087  rpn_s.3.loss_bbox: 0.0397  rpn_s.3.loss_giou: 0.3246  s0.loss_cls: 0.3554  s0.pos_acc: 62.5000  s0.loss_bbox: 0.6469  s0.loss_iou: 1.0808  s1.loss_cls: 0.3672  s1.pos_acc: 62.5000  s1.loss_bbox: 0.7159  s1.loss_iou: 1.1081
2026/03/27 19:47:54 - mmengine - INFO - Epoch(train) [13][ 6400/10002]  lr: 2.5000e-05  eta: 15:16:20  time: 0.3841  data_time: 0.0033  memory: 7330  grad_norm: 74.5334  loss: 8.2196  rpn_s.0.loss_cls: 0.6322  rpn_s.0.loss_bbox: 0.1144  rpn_s.0.loss_giou: 0.8320  rpn_s.1.loss_cls: 0.4334  rpn_s.1.loss_bbox: 0.0533  rpn_s.1.loss_giou: 0.4142  rpn_s.2.loss_cls: 0.3723  rpn_s.2.loss_bbox: 0.0435  rpn_s.2.loss_giou: 0.3498  rpn_s.3.loss_cls: 0.3322  rpn_s.3.loss_bbox: 0.0399  rpn_s.3.loss_giou: 0.3266  s0.loss_cls: 0.3568  s0.pos_acc: 87.5000  s0.loss_bbox: 0.6031  s0.loss_iou: 1.1172  s1.loss_cls: 0.3731  s1.pos_acc: 91.6667  s1.loss_bbox: 0.6648  s1.loss_iou: 1.1610
2026/03/27 19:48:13 - mmengine - INFO - Epoch(train) [13][ 6450/10002]  lr: 2.5000e-05  eta: 15:16:00  time: 0.3798  data_time: 0.0033  memory: 7330  grad_norm: 93.8635  loss: 7.9513  rpn_s.0.loss_cls: 0.5942  rpn_s.0.loss_bbox: 0.1039  rpn_s.0.loss_giou: 0.7252  rpn_s.1.loss_cls: 0.4145  rpn_s.1.loss_bbox: 0.0512  rpn_s.1.loss_giou: 0.3918  rpn_s.2.loss_cls: 0.3365  rpn_s.2.loss_bbox: 0.0420  rpn_s.2.loss_giou: 0.3347  rpn_s.3.loss_cls: 0.2933  rpn_s.3.loss_bbox: 0.0397  rpn_s.3.loss_giou: 0.3190  s0.loss_cls: 0.3337  s0.pos_acc: 87.5000  s0.loss_bbox: 0.6662  s0.loss_iou: 1.1157  s1.loss_cls: 0.3449  s1.pos_acc: 75.0000  s1.loss_bbox: 0.7050  s1.loss_iou: 1.1397
2026/03/27 19:48:32 - mmengine - INFO - Epoch(train) [13][ 6500/10002]  lr: 2.5000e-05  eta: 15:15:40  time: 0.3809  data_time: 0.0033  memory: 7329  grad_norm: 83.8101  loss: 8.3238  rpn_s.0.loss_cls: 0.6032  rpn_s.0.loss_bbox: 0.1067  rpn_s.0.loss_giou: 0.7887  rpn_s.1.loss_cls: 0.4459  rpn_s.1.loss_bbox: 0.0484  rpn_s.1.loss_giou: 0.3985  rpn_s.2.loss_cls: 0.3793  rpn_s.2.loss_bbox: 0.0418  rpn_s.2.loss_giou: 0.3495  rpn_s.3.loss_cls: 0.3414  rpn_s.3.loss_bbox: 0.0402  rpn_s.3.loss_giou: 0.3365  s0.loss_cls: 0.3831  s0.pos_acc: 95.4545  s0.loss_bbox: 0.6636  s0.loss_iou: 1.1093  s1.loss_cls: 0.4185  s1.pos_acc: 100.0000  s1.loss_bbox: 0.7037  s1.loss_iou: 1.1656
2026/03/27 19:48:51 - mmengine - INFO - Epoch(train) [13][ 6550/10002]  lr: 2.5000e-05  eta: 15:15:19  time: 0.3802  data_time: 0.0033  memory: 7330  grad_norm: 74.8106  loss: 7.4657  rpn_s.0.loss_cls: 0.5626  rpn_s.0.loss_bbox: 0.0999  rpn_s.0.loss_giou: 0.7194  rpn_s.1.loss_cls: 0.3939  rpn_s.1.loss_bbox: 0.0422  rpn_s.1.loss_giou: 0.3516  rpn_s.2.loss_cls: 0.3222  rpn_s.2.loss_bbox: 0.0364  rpn_s.2.loss_giou: 0.3078  rpn_s.3.loss_cls: 0.2848  rpn_s.3.loss_bbox: 0.0332  rpn_s.3.loss_giou: 0.2887  s0.loss_cls: 0.3145  s0.pos_acc: 100.0000  s0.loss_bbox: 0.6850  s0.loss_iou: 0.9793  s1.loss_cls: 0.3181  s1.pos_acc: 100.0000  s1.loss_bbox: 0.7192  s1.loss_iou: 1.0070
2026/03/27 19:49:10 - mmengine - INFO - Epoch(train) [13][ 6600/10002]  lr: 2.5000e-05  eta: 15:15:00  time: 0.3828  data_time: 0.0033  memory: 7329  grad_norm: 75.4803  loss: 8.2850  rpn_s.0.loss_cls: 0.6405  rpn_s.0.loss_bbox: 0.1082  rpn_s.0.loss_giou: 0.8400  rpn_s.1.loss_cls: 0.4350  rpn_s.1.loss_bbox: 0.0426  rpn_s.1.loss_giou: 0.4025  rpn_s.2.loss_cls: 0.3559  rpn_s.2.loss_bbox: 0.0357  rpn_s.2.loss_giou: 0.3446  rpn_s.3.loss_cls: 0.3077  rpn_s.3.loss_bbox: 0.0331  rpn_s.3.loss_giou: 0.3259  s0.loss_cls: 0.3350  s0.pos_acc: 96.4286  s0.loss_bbox: 0.6623  s0.loss_iou: 1.1337  s1.loss_cls: 0.3505  s1.pos_acc: 92.8571  s1.loss_bbox: 0.7479  s1.loss_iou: 1.1839
2026/03/27 19:49:29 - mmengine - INFO - Epoch(train) [13][ 6650/10002]  lr: 2.5000e-05  eta: 15:14:40  time: 0.3793  data_time: 0.0033  memory: 7329  grad_norm: 75.5153  loss: 8.2430  rpn_s.0.loss_cls: 0.5999  rpn_s.0.loss_bbox: 0.1125  rpn_s.0.loss_giou: 0.8092  rpn_s.1.loss_cls: 0.4549  rpn_s.1.loss_bbox: 0.0500  rpn_s.1.loss_giou: 0.4053  rpn_s.2.loss_cls: 0.3688  rpn_s.2.loss_bbox: 0.0427  rpn_s.2.loss_giou: 0.3487  rpn_s.3.loss_cls: 0.3329  rpn_s.3.loss_bbox: 0.0400  rpn_s.3.loss_giou: 0.3390  s0.loss_cls: 0.3623  s0.pos_acc: 88.8889  s0.loss_bbox: 0.5873  s0.loss_iou: 1.1531  s1.loss_cls: 0.3702  s1.pos_acc: 91.6667  s1.loss_bbox: 0.6584  s1.loss_iou: 1.2078
2026/03/27 19:49:49 - mmengine - INFO - Epoch(train) [13][ 6700/10002]  lr: 2.5000e-05  eta: 15:14:31  time: 0.4071  data_time: 0.0033  memory: 7330  grad_norm: 66.4921  loss: 8.3940  rpn_s.0.loss_cls: 0.6216  rpn_s.0.loss_bbox: 0.1065  rpn_s.0.loss_giou: 0.8810  rpn_s.1.loss_cls: 0.4231  rpn_s.1.loss_bbox: 0.0434  rpn_s.1.loss_giou: 0.4243  rpn_s.2.loss_cls: 0.3599  rpn_s.2.loss_bbox: 0.0361  rpn_s.2.loss_giou: 0.3628  rpn_s.3.loss_cls: 0.3240  rpn_s.3.loss_bbox: 0.0334  rpn_s.3.loss_giou: 0.3397  s0.loss_cls: 0.3379  s0.pos_acc: 100.0000  s0.loss_bbox: 0.5982  s0.loss_iou: 1.2075  s1.loss_cls: 0.3534  s1.pos_acc: 100.0000  s1.loss_bbox: 0.6942  s1.loss_iou: 1.2470
2026/03/27 19:50:08 - mmengine - INFO - Epoch(train) [13][ 6750/10002]  lr: 2.5000e-05  eta: 15:14:12  time: 0.3842  data_time: 0.0034  memory: 7329  grad_norm: 77.5924  loss: 8.3453  rpn_s.0.loss_cls: 0.6076  rpn_s.0.loss_bbox: 0.1075  rpn_s.0.loss_giou: 0.8204  rpn_s.1.loss_cls: 0.4433  rpn_s.1.loss_bbox: 0.0470  rpn_s.1.loss_giou: 0.4083  rpn_s.2.loss_cls: 0.3666  rpn_s.2.loss_bbox: 0.0394  rpn_s.2.loss_giou: 0.3513  rpn_s.3.loss_cls: 0.3321  rpn_s.3.loss_bbox: 0.0374  rpn_s.3.loss_giou: 0.3358  s0.loss_cls: 0.3769  s0.pos_acc: 65.6250  s0.loss_bbox: 0.6307  s0.loss_iou: 1.1522  s1.loss_cls: 0.3779  s1.pos_acc: 59.3750  s1.loss_bbox: 0.7198  s1.loss_iou: 1.1912
2026/03/27 19:50:28 - mmengine - INFO - Epoch(train) [13][ 6800/10002]  lr: 2.5000e-05  eta: 15:13:55  time: 0.3864  data_time: 0.0033  memory: 7329  grad_norm: 81.1552  loss: 7.9715  rpn_s.0.loss_cls: 0.5941  rpn_s.0.loss_bbox: 0.1031  rpn_s.0.loss_giou: 0.7538  rpn_s.1.loss_cls: 0.4201  rpn_s.1.loss_bbox: 0.0473  rpn_s.1.loss_giou: 0.3839  rpn_s.2.loss_cls: 0.3433  rpn_s.2.loss_bbox: 0.0393  rpn_s.2.loss_giou: 0.3281  rpn_s.3.loss_cls: 0.3037  rpn_s.3.loss_bbox: 0.0370  rpn_s.3.loss_giou: 0.3138  s0.loss_cls: 0.3457  s0.pos_acc: 79.0000  s0.loss_bbox: 0.6630  s0.loss_iou: 1.0777  s1.loss_cls: 0.3638  s1.pos_acc: 78.6667  s1.loss_bbox: 0.7376  s1.loss_iou: 1.1162
2026/03/27 19:50:47 - mmengine - INFO - Epoch(train) [13][ 6850/10002]  lr: 2.5000e-05  eta: 15:13:38  time: 0.3886  data_time: 0.0033  memory: 7329  grad_norm: 115.0652  loss: 7.5215  rpn_s.0.loss_cls: 0.5810  rpn_s.0.loss_bbox: 0.0914  rpn_s.0.loss_giou: 0.7516  rpn_s.1.loss_cls: 0.4058  rpn_s.1.loss_bbox: 0.0393  rpn_s.1.loss_giou: 0.3653  rpn_s.2.loss_cls: 0.3288  rpn_s.2.loss_bbox: 0.0335  rpn_s.2.loss_giou: 0.3156  rpn_s.3.loss_cls: 0.2807  rpn_s.3.loss_bbox: 0.0309  rpn_s.3.loss_giou: 0.3001  s0.loss_cls: 0.3147  s0.pos_acc: 100.0000  s0.loss_bbox: 0.6281  s0.loss_iou: 1.0180  s1.loss_cls: 0.3281  s1.pos_acc: 100.0000  s1.loss_bbox: 0.6238  s1.loss_iou: 1.0849
2026/03/27 19:51:06 - mmengine - INFO - Epoch(train) [13][ 6900/10002]  lr: 2.5000e-05  eta: 15:13:20  time: 0.3843  data_time: 0.0033  memory: 7329  grad_norm: 74.9965  loss: 7.9321  rpn_s.0.loss_cls: 0.6001  rpn_s.0.loss_bbox: 0.1042  rpn_s.0.loss_giou: 0.8239  rpn_s.1.loss_cls: 0.4166  rpn_s.1.loss_bbox: 0.0452  rpn_s.1.loss_giou: 0.4166  rpn_s.2.loss_cls: 0.3337  rpn_s.2.loss_bbox: 0.0365  rpn_s.2.loss_giou: 0.3547  rpn_s.3.loss_cls: 0.2905  rpn_s.3.loss_bbox: 0.0331  rpn_s.3.loss_giou: 0.3349  s0.loss_cls: 0.3239  s0.pos_acc: 78.5714  s0.loss_bbox: 0.5511  s0.loss_iou: 1.1349  s1.loss_cls: 0.3277  s1.pos_acc: 80.3571  s1.loss_bbox: 0.6300  s1.loss_iou: 1.1744
2026/03/27 19:51:25 - mmengine - INFO - Epoch(train) [13][ 6950/10002]  lr: 2.5000e-05  eta: 15:12:59  time: 0.3799  data_time: 0.0033  memory: 7329  grad_norm: 82.8653  loss: 7.5234  rpn_s.0.loss_cls: 0.5730  rpn_s.0.loss_bbox: 0.0994  rpn_s.0.loss_giou: 0.7019  rpn_s.1.loss_cls: 0.4128  rpn_s.1.loss_bbox: 0.0457  rpn_s.1.loss_giou: 0.3553  rpn_s.2.loss_cls: 0.3356  rpn_s.2.loss_bbox: 0.0402  rpn_s.2.loss_giou: 0.3106  rpn_s.3.loss_cls: 0.2941  rpn_s.3.loss_bbox: 0.0388  rpn_s.3.loss_giou: 0.3000  s0.loss_cls: 0.3137  s0.pos_acc: 92.8571  s0.loss_bbox: 0.6248  s0.loss_iou: 1.0114  s1.loss_cls: 0.3418  s1.pos_acc: 82.1429  s1.loss_bbox: 0.6703  s1.loss_iou: 1.0539
2026/03/27 19:51:38 - mmengine - INFO - Exp name: GSDet_r50_b900_h2h4_h2r1_r2r1_2x_fair1m1.0_20260327_174101
2026/03/27 19:51:45 - mmengine - INFO - Epoch(train) [13][ 7000/10002]  lr: 2.5000e-05  eta: 15:12:40  time: 0.3838  data_time: 0.0033  memory: 7330  grad_norm: 75.8931  loss: 8.2770  rpn_s.0.loss_cls: 0.6015  rpn_s.0.loss_bbox: 0.1142  rpn_s.0.loss_giou: 0.8683  rpn_s.1.loss_cls: 0.4133  rpn_s.1.loss_bbox: 0.0490  rpn_s.1.loss_giou: 0.4299  rpn_s.2.loss_cls: 0.3385  rpn_s.2.loss_bbox: 0.0399  rpn_s.2.loss_giou: 0.3684  rpn_s.3.loss_cls: 0.3009  rpn_s.3.loss_bbox: 0.0368  rpn_s.3.loss_giou: 0.3542  s0.loss_cls: 0.3363  s0.pos_acc: 83.3333  s0.loss_bbox: 0.5642  s0.loss_iou: 1.2045  s1.loss_cls: 0.3490  s1.pos_acc: 83.3333  s1.loss_bbox: 0.6642  s1.loss_iou: 1.2440
2026/03/27 19:52:04 - mmengine - INFO - Epoch(train) [13][ 7050/10002]  lr: 2.5000e-05  eta: 15:12:21  time: 0.3820  data_time: 0.0033  memory: 7330  grad_norm: 92.9887  loss: 8.0620  rpn_s.0.loss_cls: 0.5909  rpn_s.0.loss_bbox: 0.1093  rpn_s.0.loss_giou: 0.7970  rpn_s.1.loss_cls: 0.4206  rpn_s.1.loss_bbox: 0.0489  rpn_s.1.loss_giou: 0.4140  rpn_s.2.loss_cls: 0.3520  rpn_s.2.loss_bbox: 0.0397  rpn_s.2.loss_giou: 0.3526  rpn_s.3.loss_cls: 0.3135  rpn_s.3.loss_bbox: 0.0363  rpn_s.3.loss_giou: 0.3293  s0.loss_cls: 0.3568  s0.pos_acc: 73.6842  s0.loss_bbox: 0.6250  s0.loss_iou: 1.0978  s1.loss_cls: 0.3719  s1.pos_acc: 76.3158  s1.loss_bbox: 0.6684  s1.loss_iou: 1.1383
2026/03/27 19:52:23 - mmengine - INFO - Epoch(train) [13][ 7100/10002]  lr: 2.5000e-05  eta: 15:12:05  time: 0.3908  data_time: 0.0033  memory: 7330  grad_norm: 73.2805  loss: 8.3266  rpn_s.0.loss_cls: 0.6061  rpn_s.0.loss_bbox: 0.1059  rpn_s.0.loss_giou: 0.8520  rpn_s.1.loss_cls: 0.4163  rpn_s.1.loss_bbox: 0.0464  rpn_s.1.loss_giou: 0.4256  rpn_s.2.loss_cls: 0.3586  rpn_s.2.loss_bbox: 0.0388  rpn_s.2.loss_giou: 0.3638  rpn_s.3.loss_cls: 0.3181  rpn_s.3.loss_bbox: 0.0357  rpn_s.3.loss_giou: 0.3417  s0.loss_cls: 0.3583  s0.pos_acc: 100.0000  s0.loss_bbox: 0.6513  s0.loss_iou: 1.1576  s1.loss_cls: 0.3673  s1.pos_acc: 100.0000  s1.loss_bbox: 0.6807  s1.loss_iou: 1.2024
2026/03/27 19:52:42 - mmengine - INFO - Epoch(train) [13][ 7150/10002]  lr: 2.5000e-05  eta: 15:11:46  time: 0.3825  data_time: 0.0033  memory: 7329  grad_norm: 77.0377  loss: 8.0059  rpn_s.0.loss_cls: 0.6018  rpn_s.0.loss_bbox: 0.1038  rpn_s.0.loss_giou: 0.8124  rpn_s.1.loss_cls: 0.3972  rpn_s.1.loss_bbox: 0.0431  rpn_s.1.loss_giou: 0.3979  rpn_s.2.loss_cls: 0.3259  rpn_s.2.loss_bbox: 0.0383  rpn_s.2.loss_giou: 0.3485  rpn_s.3.loss_cls: 0.2751  rpn_s.3.loss_bbox: 0.0350  rpn_s.3.loss_giou: 0.3329  s0.loss_cls: 0.3223  s0.pos_acc: 69.3548  s0.loss_bbox: 0.6581  s0.loss_iou: 1.1211  s1.loss_cls: 0.3339  s1.pos_acc: 70.9677  s1.loss_bbox: 0.7065  s1.loss_iou: 1.1521
2026/03/27 19:53:02 - mmengine - INFO - Epoch(train) [13][ 7200/10002]  lr: 2.5000e-05  eta: 15:11:27  time: 0.3843  data_time: 0.0033  memory: 7330  grad_norm: 97.4702  loss: 7.9820  rpn_s.0.loss_cls: 0.5914  rpn_s.0.loss_bbox: 0.1114  rpn_s.0.loss_giou: 0.8249  rpn_s.1.loss_cls: 0.4221  rpn_s.1.loss_bbox: 0.0485  rpn_s.1.loss_giou: 0.4036  rpn_s.2.loss_cls: 0.3493  rpn_s.2.loss_bbox: 0.0405  rpn_s.2.loss_giou: 0.3484  rpn_s.3.loss_cls: 0.3043  rpn_s.3.loss_bbox: 0.0364  rpn_s.3.loss_giou: 0.3305  s0.loss_cls: 0.3476  s0.pos_acc: 64.5833  s0.loss_bbox: 0.5886  s0.loss_iou: 1.1006  s1.loss_cls: 0.3504  s1.pos_acc: 63.5417  s1.loss_bbox: 0.6368  s1.loss_iou: 1.1467
2026/03/27 19:53:21 - mmengine - INFO - Epoch(train) [13][ 7250/10002]  lr: 2.5000e-05  eta: 15:11:07  time: 0.3810  data_time: 0.0033  memory: 7330  grad_norm: 89.6528  loss: 8.1853  rpn_s.0.loss_cls: 0.6165  rpn_s.0.loss_bbox: 0.1042  rpn_s.0.loss_giou: 0.8029  rpn_s.1.loss_cls: 0.4234  rpn_s.1.loss_bbox: 0.0477  rpn_s.1.loss_giou: 0.4166  rpn_s.2.loss_cls: 0.3521  rpn_s.2.loss_bbox: 0.0386  rpn_s.2.loss_giou: 0.3580  rpn_s.3.loss_cls: 0.3136  rpn_s.3.loss_bbox: 0.0367  rpn_s.3.loss_giou: 0.3424  s0.loss_cls: 0.3630  s0.pos_acc: 75.0000  s0.loss_bbox: 0.5617  s0.loss_iou: 1.1926  s1.loss_cls: 0.3778  s1.pos_acc: 75.0000  s1.loss_bbox: 0.6200  s1.loss_iou: 1.2174
2026/03/27 19:53:40 - mmengine - INFO - Epoch(train) [13][ 7300/10002]  lr: 2.5000e-05  eta: 15:10:47  time: 0.3790  data_time: 0.0033  memory: 7329  grad_norm: 86.0855  loss: 8.1822  rpn_s.0.loss_cls: 0.6155  rpn_s.0.loss_bbox: 0.1066  rpn_s.0.loss_giou: 0.8801  rpn_s.1.loss_cls: 0.4217  rpn_s.1.loss_bbox: 0.0442  rpn_s.1.loss_giou: 0.4210  rpn_s.2.loss_cls: 0.3470  rpn_s.2.loss_bbox: 0.0360  rpn_s.2.loss_giou: 0.3568  rpn_s.3.loss_cls: 0.3042  rpn_s.3.loss_bbox: 0.0330  rpn_s.3.loss_giou: 0.3365  s0.loss_cls: 0.3398  s0.pos_acc: 68.7500  s0.loss_bbox: 0.5831  s0.loss_iou: 1.1184  s1.loss_cls: 0.3509  s1.pos_acc: 81.2500  s1.loss_bbox: 0.7025  s1.loss_iou: 1.1850
2026/03/27 19:53:59 - mmengine - INFO - Epoch(train) [13][ 7350/10002]  lr: 2.5000e-05  eta: 15:10:28  time: 0.3846  data_time: 0.0033  memory: 7330  grad_norm: 69.7809  loss: 7.8686  rpn_s.0.loss_cls: 0.5729  rpn_s.0.loss_bbox: 0.1012  rpn_s.0.loss_giou: 0.8106  rpn_s.1.loss_cls: 0.4026  rpn_s.1.loss_bbox: 0.0442  rpn_s.1.loss_giou: 0.4044  rpn_s.2.loss_cls: 0.3267  rpn_s.2.loss_bbox: 0.0373  rpn_s.2.loss_giou: 0.3522  rpn_s.3.loss_cls: 0.2870  rpn_s.3.loss_bbox: 0.0339  rpn_s.3.loss_giou: 0.3290  s0.loss_cls: 0.3117  s0.pos_acc: 100.0000  s0.loss_bbox: 0.5943  s0.loss_iou: 1.1241  s1.loss_cls: 0.3186  s1.pos_acc: 100.0000  s1.loss_bbox: 0.6513  s1.loss_iou: 1.1666
2026/03/27 19:54:18 - mmengine - INFO - Epoch(train) [13][ 7400/10002]  lr: 2.5000e-05  eta: 15:10:10  time: 0.3862  data_time: 0.0033  memory: 7330  grad_norm: 71.3108  loss: 8.2142  rpn_s.0.loss_cls: 0.5933  rpn_s.0.loss_bbox: 0.0992  rpn_s.0.loss_giou: 0.8033  rpn_s.1.loss_cls: 0.4109  rpn_s.1.loss_bbox: 0.0445  rpn_s.1.loss_giou: 0.4125  rpn_s.2.loss_cls: 0.3342  rpn_s.2.loss_bbox: 0.0364  rpn_s.2.loss_giou: 0.3574  rpn_s.3.loss_cls: 0.2940  rpn_s.3.loss_bbox: 0.0339  rpn_s.3.loss_giou: 0.3421  s0.loss_cls: 0.3280  s0.pos_acc: 97.6190  s0.loss_bbox: 0.6105  s0.loss_iou: 1.2060  s1.loss_cls: 0.3430  s1.pos_acc: 95.2381  s1.loss_bbox: 0.7317  s1.loss_iou: 1.2334
2026/03/27 19:54:37 - mmengine - INFO - Epoch(train) [13][ 7450/10002]  lr: 2.5000e-05  eta: 15:09:51  time: 0.3828  data_time: 0.0033  memory: 7330  grad_norm: 82.8422  loss: 7.7616  rpn_s.0.loss_cls: 0.5879  rpn_s.0.loss_bbox: 0.1037  rpn_s.0.loss_giou: 0.7829  rpn_s.1.loss_cls: 0.4135  rpn_s.1.loss_bbox: 0.0448  rpn_s.1.loss_giou: 0.3743  rpn_s.2.loss_cls: 0.3434  rpn_s.2.loss_bbox: 0.0387  rpn_s.2.loss_giou: 0.3273  rpn_s.3.loss_cls: 0.3032  rpn_s.3.loss_bbox: 0.0383  rpn_s.3.loss_giou: 0.3144  s0.loss_cls: 0.3482  s0.pos_acc: 80.6843  s0.loss_bbox: 0.5974  s0.loss_iou: 1.0400  s1.loss_cls: 0.3633  s1.pos_acc: 79.3598  s1.loss_bbox: 0.6426  s1.loss_iou: 1.0976
2026/03/27 19:54:56 - mmengine - INFO - Epoch(train) [13][ 7500/10002]  lr: 2.5000e-05  eta: 15:09:29  time: 0.3760  data_time: 0.0033  memory: 7329  grad_norm: 73.6200  loss: 8.2500  rpn_s.0.loss_cls: 0.6337  rpn_s.0.loss_bbox: 0.1050  rpn_s.0.loss_giou: 0.8175  rpn_s.1.loss_cls: 0.4471  rpn_s.1.loss_bbox: 0.0454  rpn_s.1.loss_giou: 0.4030  rpn_s.2.loss_cls: 0.3541  rpn_s.2.loss_bbox: 0.0388  rpn_s.2.loss_giou: 0.3467  rpn_s.3.loss_cls: 0.3150  rpn_s.3.loss_bbox: 0.0357  rpn_s.3.loss_giou: 0.3257  s0.loss_cls: 0.3515  s0.pos_acc: 90.9091  s0.loss_bbox: 0.6998  s0.loss_iou: 1.0799  s1.loss_cls: 0.3722  s1.pos_acc: 90.9091  s1.loss_bbox: 0.7686  s1.loss_iou: 1.1102
2026/03/27 19:55:15 - mmengine - INFO - Epoch(train) [13][ 7550/10002]  lr: 2.5000e-05  eta: 15:09:11  time: 0.3850  data_time: 0.0034  memory: 7329  grad_norm: 111.4968  loss: 8.4733  rpn_s.0.loss_cls: 0.6142  rpn_s.0.loss_bbox: 0.1012  rpn_s.0.loss_giou: 0.8758  rpn_s.1.loss_cls: 0.4186  rpn_s.1.loss_bbox: 0.0415  rpn_s.1.loss_giou: 0.4333  rpn_s.2.loss_cls: 0.3473  rpn_s.2.loss_bbox: 0.0353  rpn_s.2.loss_giou: 0.3728  rpn_s.3.loss_cls: 0.3020  rpn_s.3.loss_bbox: 0.0327  rpn_s.3.loss_giou: 0.3491  s0.loss_cls: 0.3447  s0.pos_acc: 100.0000  s0.loss_bbox: 0.6526  s0.loss_iou: 1.2056  s1.loss_cls: 0.3562  s1.pos_acc: 100.0000  s1.loss_bbox: 0.7429  s1.loss_iou: 1.2476
2026/03/27 19:55:34 - mmengine - INFO - Epoch(train) [13][ 7600/10002]  lr: 2.5000e-05  eta: 15:08:50  time: 0.3788  data_time: 0.0033  memory: 7329  grad_norm: 74.5310  loss: 7.7428  rpn_s.0.loss_cls: 0.6255  rpn_s.0.loss_bbox: 0.1000  rpn_s.0.loss_giou: 0.8104  rpn_s.1.loss_cls: 0.4370  rpn_s.1.loss_bbox: 0.0420  rpn_s.1.loss_giou: 0.3955  rpn_s.2.loss_cls: 0.3629  rpn_s.2.loss_bbox: 0.0343  rpn_s.2.loss_giou: 0.3416  rpn_s.3.loss_cls: 0.3184  rpn_s.3.loss_bbox: 0.0316  rpn_s.3.loss_giou: 0.3201  s0.loss_cls: 0.3490  s0.pos_acc: 43.3333  s0.loss_bbox: 0.5262  s0.loss_iou: 1.0297  s1.loss_cls: 0.3592  s1.pos_acc: 40.0000  s1.loss_bbox: 0.5953  s1.loss_iou: 1.0640
2026/03/27 19:55:54 - mmengine - INFO - Epoch(train) [13][ 7650/10002]  lr: 2.5000e-05  eta: 15:08:33  time: 0.3876  data_time: 0.0034  memory: 7330  grad_norm: 70.0365  loss: 8.0659  rpn_s.0.loss_cls: 0.5708  rpn_s.0.loss_bbox: 0.1109  rpn_s.0.loss_giou: 0.7651  rpn_s.1.loss_cls: 0.4202  rpn_s.1.loss_bbox: 0.0515  rpn_s.1.loss_giou: 0.4020  rpn_s.2.loss_cls: 0.3501  rpn_s.2.loss_bbox: 0.0437  rpn_s.2.loss_giou: 0.3463  rpn_s.3.loss_cls: 0.3061  rpn_s.3.loss_bbox: 0.0416  rpn_s.3.loss_giou: 0.3310  s0.loss_cls: 0.3560  s0.pos_acc: 38.7500  s0.loss_bbox: 0.5768  s0.loss_iou: 1.1963  s1.loss_cls: 0.3632  s1.pos_acc: 36.2500  s1.loss_bbox: 0.6116  s1.loss_iou: 1.2230
2026/03/27 19:56:12 - mmengine - INFO - Epoch(train) [13][ 7700/10002]  lr: 2.5000e-05  eta: 15:08:10  time: 0.3724  data_time: 0.0034  memory: 7329  grad_norm: 78.4829  loss: 7.7362  rpn_s.0.loss_cls: 0.5888  rpn_s.0.loss_bbox: 0.0950  rpn_s.0.loss_giou: 0.6913  rpn_s.1.loss_cls: 0.4132  rpn_s.1.loss_bbox: 0.0434  rpn_s.1.loss_giou: 0.3582  rpn_s.2.loss_cls: 0.3230  rpn_s.2.loss_bbox: 0.0372  rpn_s.2.loss_giou: 0.3166  rpn_s.3.loss_cls: 0.2847  rpn_s.3.loss_bbox: 0.0347  rpn_s.3.loss_giou: 0.2995  s0.loss_cls: 0.3213  s0.pos_acc: 78.8043  s0.loss_bbox: 0.7082  s0.loss_iou: 1.0565  s1.loss_cls: 0.3254  s1.pos_acc: 75.5435  s1.loss_bbox: 0.7525  s1.loss_iou: 1.0866
2026/03/27 19:56:31 - mmengine - INFO - Epoch(train) [13][ 7750/10002]  lr: 2.5000e-05  eta: 15:07:48  time: 0.3778  data_time: 0.0033  memory: 7329  grad_norm: 78.0735  loss: 8.4142  rpn_s.0.loss_cls: 0.6039  rpn_s.0.loss_bbox: 0.1011  rpn_s.0.loss_giou: 0.8207  rpn_s.1.loss_cls: 0.4106  rpn_s.1.loss_bbox: 0.0446  rpn_s.1.loss_giou: 0.4093  rpn_s.2.loss_cls: 0.3241  rpn_s.2.loss_bbox: 0.0373  rpn_s.2.loss_giou: 0.3596  rpn_s.3.loss_cls: 0.2849  rpn_s.3.loss_bbox: 0.0366  rpn_s.3.loss_giou: 0.3478  s0.loss_cls: 0.3179  s0.pos_acc: 100.0000  s0.loss_bbox: 0.7324  s0.loss_iou: 1.1996  s1.loss_cls: 0.3398  s1.pos_acc: 90.0000  s1.loss_bbox: 0.7988  s1.loss_iou: 1.2452
2026/03/27 19:56:50 - mmengine - INFO - Epoch(train) [13][ 7800/10002]  lr: 2.5000e-05  eta: 15:07:28  time: 0.3803  data_time: 0.0033  memory: 7329  grad_norm: 95.7854  loss: 7.9502  rpn_s.0.loss_cls: 0.5944  rpn_s.0.loss_bbox: 0.1023  rpn_s.0.loss_giou: 0.8055  rpn_s.1.loss_cls: 0.4016  rpn_s.1.loss_bbox: 0.0439  rpn_s.1.loss_giou: 0.4025  rpn_s.2.loss_cls: 0.3253  rpn_s.2.loss_bbox: 0.0355  rpn_s.2.loss_giou: 0.3429  rpn_s.3.loss_cls: 0.2929  rpn_s.3.loss_bbox: 0.0330  rpn_s.3.loss_giou: 0.3211  s0.loss_cls: 0.3363  s0.pos_acc: 87.2727  s0.loss_bbox: 0.6299  s0.loss_iou: 1.1100  s1.loss_cls: 0.3455  s1.pos_acc: 87.2727  s1.loss_bbox: 0.6957  s1.loss_iou: 1.1319
2026/03/27 19:57:09 - mmengine - INFO - Epoch(train) [13][ 7850/10002]  lr: 2.5000e-05  eta: 15:07:08  time: 0.3792  data_time: 0.0034  memory: 7329  grad_norm: 85.2364  loss: 7.5846  rpn_s.0.loss_cls: 0.5826  rpn_s.0.loss_bbox: 0.0915  rpn_s.0.loss_giou: 0.7201  rpn_s.1.loss_cls: 0.4056  rpn_s.1.loss_bbox: 0.0425  rpn_s.1.loss_giou: 0.3725  rpn_s.2.loss_cls: 0.3317  rpn_s.2.loss_bbox: 0.0377  rpn_s.2.loss_giou: 0.3278  rpn_s.3.loss_cls: 0.2930  rpn_s.3.loss_bbox: 0.0358  rpn_s.3.loss_giou: 0.3166  s0.loss_cls: 0.3250  s0.pos_acc: 73.6842  s0.loss_bbox: 0.6006  s0.loss_iou: 1.0421  s1.loss_cls: 0.3434  s1.pos_acc: 76.3158  s1.loss_bbox: 0.6443  s1.loss_iou: 1.0718
2026/03/27 19:57:28 - mmengine - INFO - Epoch(train) [13][ 7900/10002]  lr: 2.5000e-05  eta: 15:06:48  time: 0.3805  data_time: 0.0034  memory: 7329  grad_norm: 71.5259  loss: 8.1375  rpn_s.0.loss_cls: 0.5914  rpn_s.0.loss_bbox: 0.1152  rpn_s.0.loss_giou: 0.8472  rpn_s.1.loss_cls: 0.4004  rpn_s.1.loss_bbox: 0.0483  rpn_s.1.loss_giou: 0.4009  rpn_s.2.loss_cls: 0.3265  rpn_s.2.loss_bbox: 0.0432  rpn_s.2.loss_giou: 0.3584  rpn_s.3.loss_cls: 0.2941  rpn_s.3.loss_bbox: 0.0397  rpn_s.3.loss_giou: 0.3353  s0.loss_cls: 0.3433  s0.pos_acc: 47.2973  s0.loss_bbox: 0.6471  s0.loss_iou: 1.1271  s1.loss_cls: 0.3434  s1.pos_acc: 55.4054  s1.loss_bbox: 0.6964  s1.loss_iou: 1.1795
