2026/03/27 09:01:19 - mmengine - INFO - 
------------------------------------------------------------
System environment:
    sys.platform: linux
    Python: 3.10.20 (main, Mar 11 2026, 17:46:40) [GCC 14.3.0]
    CUDA available: True
    MUSA available: False
    numpy_random_seed: 235758504
    GPU 0: NVIDIA GeForce RTX 3080 Ti
    CUDA_HOME: /usr/local/cuda
    NVCC: Cuda compilation tools, release 11.4, V11.4.48
    GCC: gcc (Ubuntu 9.4.0-1ubuntu1~20.04.2) 9.4.0
    PyTorch: 2.4.0+cu121
    PyTorch compiling details: PyTorch built with:
  - GCC 9.3
  - C++ Version: 201703
  - Intel(R) oneAPI Math Kernel Library Version 2022.2-Product Build 20220804 for Intel(R) 64 architecture applications
  - Intel(R) MKL-DNN v3.4.2 (Git Hash 1137e04ec0b5251ca2b4400a4fd3c667ce843d67)
  - OpenMP 201511 (a.k.a. OpenMP 4.5)
  - LAPACK is enabled (usually provided by MKL)
  - NNPACK is enabled
  - CPU capability usage: AVX512
  - CUDA Runtime 12.1
  - NVCC architecture flags: -gencode;arch=compute_50,code=sm_50;-gencode;arch=compute_60,code=sm_60;-gencode;arch=compute_70,code=sm_70;-gencode;arch=compute_75,code=sm_75;-gencode;arch=compute_80,code=sm_80;-gencode;arch=compute_86,code=sm_86;-gencode;arch=compute_90,code=sm_90
  - CuDNN 90.1  (built against CUDA 12.4)
  - Magma 2.6.1
  - Build settings: BLAS_INFO=mkl, BUILD_TYPE=Release, CUDA_VERSION=12.1, CUDNN_VERSION=9.1.0, CXX_COMPILER=/opt/rh/devtoolset-9/root/usr/bin/c++, CXX_FLAGS= -D_GLIBCXX_USE_CXX11_ABI=0 -fabi-version=11 -fvisibility-inlines-hidden -DUSE_PTHREADPOOL -DNDEBUG -DUSE_KINETO -DLIBKINETO_NOROCTRACER -DUSE_FBGEMM -DUSE_PYTORCH_QNNPACK -DUSE_XNNPACK -DSYMBOLICATE_MOBILE_DEBUG_HANDLE -O2 -fPIC -Wall -Wextra -Werror=return-type -Werror=non-virtual-dtor -Werror=bool-operation -Wnarrowing -Wno-missing-field-initializers -Wno-type-limits -Wno-array-bounds -Wno-unknown-pragmas -Wno-unused-parameter -Wno-unused-function -Wno-unused-result -Wno-strict-overflow -Wno-strict-aliasing -Wno-stringop-overflow -Wsuggest-override -Wno-psabi -Wno-error=pedantic -Wno-error=old-style-cast -Wno-missing-braces -fdiagnostics-color=always -faligned-new -Wno-unused-but-set-variable -Wno-maybe-uninitialized -fno-math-errno -fno-trapping-math -Werror=format -Wno-stringop-overflow, LAPACK_INFO=mkl, PERF_WITH_AVX=1, PERF_WITH_AVX2=1, PERF_WITH_AVX512=1, TORCH_VERSION=2.4.0, USE_CUDA=ON, USE_CUDNN=ON, USE_CUSPARSELT=1, USE_EXCEPTION_PTR=1, USE_GFLAGS=OFF, USE_GLOG=OFF, USE_GLOO=ON, USE_MKL=ON, USE_MKLDNN=ON, USE_MPI=OFF, USE_NCCL=1, USE_NNPACK=ON, USE_OPENMP=ON, USE_ROCM=OFF, USE_ROCM_KERNEL_ASSERT=OFF, 

    TorchVision: 0.19.0+cu121
    OpenCV: 4.13.0
    MMEngine: 0.10.7

Runtime environment:
    cudnn_benchmark: False
    mp_cfg: {'mp_start_method': 'fork', 'opencv_num_threads': 0}
    dist_cfg: {'backend': 'nccl'}
    seed: 235758504
    Distributed launcher: none
    Distributed training: False
    GPU number: 1
------------------------------------------------------------

2026/03/27 09:01:20 - mmengine - INFO - Config:
angle_version = 'le90'
auto_scale_lr = dict(base_batch_size=4, enable=False)
backend_args = None
custom_imports = dict(
    allow_failed_imports=False, imports=[
        'projects.GSDet_baseline.gsdet',
    ])
data_root = 'data/split_ss_fair1m1.0/'
dataset_type = 'FAIRDataset'
default_hooks = dict(
    checkpoint=dict(interval=1, type='CheckpointHook'),
    logger=dict(interval=50, type='LoggerHook'),
    param_scheduler=dict(type='ParamSchedulerHook'),
    sampler_seed=dict(type='DistSamplerSeedHook'),
    timer=dict(type='IterTimerHook'),
    visualization=dict(type='mmdet.DetVisualizationHook'))
default_scope = 'mmrotate'
env_cfg = dict(
    cudnn_benchmark=False,
    dist_cfg=dict(backend='nccl'),
    mp_cfg=dict(mp_start_method='fork', opencv_num_threads=0))
hbox2hbox = 4
hbox2rbox = 1
launcher = 'none'
load_from = None
log_level = 'INFO'
log_processor = dict(by_epoch=True, type='LogProcessor', window_size=50)
model = dict(
    backbone=dict(
        depth=50,
        frozen_stages=1,
        norm_cfg=dict(requires_grad=True, type='BN'),
        norm_eval=True,
        num_stages=4,
        out_indices=(
            0,
            1,
            2,
            3,
        ),
        style='pytorch',
        type='mmdet.ResNet'),
    data_preprocessor=dict(
        bgr_to_rgb=True,
        boxtype2tensor=False,
        mean=[
            123.675,
            116.28,
            103.53,
        ],
        pad_size_divisor=32,
        std=[
            58.395,
            57.12,
            57.375,
        ],
        type='mmdet.DetDataPreprocessor'),
    init_cfg=dict(
        checkpoint=
        'https://www.modelscope.cn/models/wokaikaixinxin/ai4rs/resolve/master/GSDet_baseline/pretrain/diffusiondet_r50_fpn_500-proposals_1-step_crop-ms-480-800-450k_coco_new2.pth',
        type='Pretrained'),
    neck=dict(
        in_channels=[
            256,
            512,
            1024,
            2048,
        ],
        num_outs=5,
        out_channels=256,
        type='mmdet.FPN'),
    roi_head=dict(
        angle_version='le90',
        bbox_head=[
            dict(
                act_cfg=dict(inplace=True, type='ReLU'),
                angle_version='le90',
                bbox_coder=dict(
                    angle_version='le90',
                    target_means=[
                        0.0,
                        0.0,
                        0.0,
                        0.0,
                        0.0,
                        0.0,
                    ],
                    target_stds=[
                        0.1,
                        0.1,
                        0.1,
                        0.1,
                        0.1,
                        0.1,
                    ],
                    type='MidpointOffsetCoderv2',
                    use_box_type=False),
                cls_predictor_cfg=dict(type='mmdet.Linear'),
                dim_feedforward=2048,
                dropout=0.0,
                dynamic_conv=dict(dynamic_dim=64, dynamic_num=2),
                feat_channels=256,
                loss_bbox=dict(loss_weight=2.0, type='mmdet.L1Loss'),
                loss_cls=dict(
                    alpha=0.25,
                    gamma=2.0,
                    loss_weight=2.0,
                    type='mmdet.FocalLoss',
                    use_sigmoid=True),
                loss_iou=dict(
                    loss_weight=5.0, mode='linear', type='RotatedIoULoss'),
                num_classes=37,
                num_cls_convs=1,
                num_heads=8,
                num_reg_convs=3,
                pooler_resolution=7,
                reg_predictor_cfg=dict(type='mmdet.Linear'),
                type='Hbox2RboxLayer'),
            dict(
                act_cfg=dict(inplace=True, type='ReLU'),
                angle_version='le90',
                bbox_coder=dict(
                    angle_version='le90',
                    edge_swap=True,
                    norm_factor=None,
                    proj_xy=True,
                    target_means=(
                        0.0,
                        0.0,
                        0.0,
                        0.0,
                        0.0,
                    ),
                    target_stds=(
                        1.0,
                        1.0,
                        1.0,
                        1.0,
                        1.0,
                    ),
                    type='DeltaXYWHTRBBoxCoder',
                    use_box_type=False),
                cls_predictor_cfg=dict(type='mmdet.Linear'),
                dim_feedforward=2048,
                dropout=0.0,
                dynamic_conv=dict(dynamic_dim=64, dynamic_num=2),
                feat_channels=256,
                loss_bbox=dict(loss_weight=2.0, type='mmdet.L1Loss'),
                loss_cls=dict(
                    alpha=0.25,
                    gamma=2.0,
                    loss_weight=2.0,
                    type='mmdet.FocalLoss',
                    use_sigmoid=True),
                loss_iou=dict(
                    loss_weight=5.0, mode='linear', type='RotatedIoULoss'),
                num_classes=37,
                num_cls_convs=1,
                num_heads=8,
                num_reg_convs=3,
                pooler_resolution=7,
                reg_predictor_cfg=dict(type='mmdet.Linear'),
                type='Rbox2RboxLayer'),
        ],
        bbox_roi_extractor=[
            dict(
                featmap_strides=[
                    4,
                    8,
                    16,
                    32,
                ],
                out_channels=256,
                roi_layer=dict(
                    output_size=7, sampling_ratio=0, type='RoIAlign'),
                type='mmdet.SingleRoIExtractor'),
            dict(
                featmap_strides=[
                    4,
                    8,
                    16,
                    32,
                ],
                out_channels=256,
                roi_layer=dict(
                    clockwise=True,
                    out_size=7,
                    sample_num=2,
                    type='RoIAlignRotated'),
                type='RotatedSingleRoIExtractor'),
        ],
        num_proposals=900,
        num_stages=2,
        stage_loss_weights=[
            1,
            1,
        ],
        type='Decoder'),
    rpn_head=dict(
        criterion=dict(
            assigner=dict(
                candidate_topk=5,
                center_radius=2.5,
                match_costs=[
                    dict(
                        alpha=0.25,
                        eps=1e-08,
                        gamma=2.0,
                        type='mmdet.FocalLossCost',
                        weight=2.0),
                    dict(
                        box_format='xyxy', type='mmdet.BBoxL1Cost',
                        weight=5.0),
                    dict(iou_mode='giou', type='mmdet.IoUCost', weight=2.0),
                ],
                type='Hbox2HboxLayerMatcher'),
            loss_bbox=dict(
                loss_weight=5.0, reduction='sum', type='mmdet.L1Loss'),
            loss_cls=dict(
                alpha=0.25,
                gamma=2.0,
                loss_weight=2.0,
                reduction='sum',
                type='mmdet.FocalLoss',
                use_sigmoid=True),
            loss_giou=dict(
                loss_weight=2.0, reduction='sum', type='mmdet.GIoULoss'),
            num_classes=37,
            type='Hbox2HboxLayerCriterion'),
        deep_supervision=True,
        feat_channels=256,
        num_classes=37,
        num_heads=4,
        num_proposals=900,
        prior_prob=0.01,
        roi_extractor=dict(
            featmap_strides=[
                4,
                8,
                16,
                32,
                64,
            ],
            out_channels=256,
            roi_layer=dict(output_size=7, sampling_ratio=2, type='RoIAlign'),
            type='mmdet.SingleRoIExtractor'),
        single_head=dict(
            act_cfg=dict(inplace=True, type='ReLU'),
            dim_feedforward=2048,
            dropout=0.0,
            dynamic_conv=dict(dynamic_dim=64, dynamic_num=2),
            num_cls_convs=1,
            num_heads=8,
            num_reg_convs=3,
            type='SingleHbox2HboxHead'),
        type='Hbox2HboxLayer'),
    test_cfg=dict(
        rcnn=dict(
            max_per_img=900,
            nms=dict(iou_threshold=0.6, type='nms_rotated'),
            use_nms=True),
        rpn=None),
    train_cfg=dict(
        rcnn=[
            dict(
                assigner=dict(
                    cls_cost=dict(type='mmdet.FocalLossCost', weight=2.0),
                    iou_cost=dict(
                        iou_mode='iou', type='RotatedIoUCost', weight=5.0),
                    reg_cost=dict(
                        angle_version='le90',
                        box_format='xywht',
                        type='RBBoxL1Cost',
                        weight=2.0),
                    topk=2,
                    type='TopkHungarianAssigner'),
                pos_weight=1,
                sampler=dict(type='mmdet.PseudoSampler')),
            dict(
                assigner=dict(
                    cls_cost=dict(type='mmdet.FocalLossCost', weight=2.0),
                    iou_cost=dict(
                        iou_mode='iou', type='RotatedIoUCost', weight=5.0),
                    reg_cost=dict(
                        angle_version='le90',
                        box_format='xywht',
                        type='RBBoxL1Cost',
                        weight=2.0),
                    topk=2,
                    type='TopkHungarianAssigner'),
                pos_weight=1,
                sampler=dict(type='mmdet.PseudoSampler')),
        ],
        rpn=None),
    type='GSDet')
num_classes = 37
num_proposals = 900
optim_wrapper = dict(
    clip_grad=dict(max_norm=1.0, norm_type=2),
    optimizer=dict(lr=2.5e-05, type='AdamW', weight_decay=0.0001),
    type='OptimWrapper')
param_scheduler = [
    dict(
        begin=0,
        by_epoch=False,
        end=500,
        start_factor=0.3333333333333333,
        type='LinearLR'),
    dict(
        begin=0,
        by_epoch=True,
        end=24,
        gamma=0.1,
        milestones=[
            16,
            22,
        ],
        type='MultiStepLR'),
]
pretrain = 'https://www.modelscope.cn/models/wokaikaixinxin/ai4rs/resolve/master/GSDet_baseline/pretrain/diffusiondet_r50_fpn_500-proposals_1-step_crop-ms-480-800-450k_coco_new2.pth'
rbox2rbox = 1
resume = True
test_cfg = dict(type='TestLoop')
test_dataloader = dict(
    batch_size=4,
    dataset=dict(
        data_prefix=dict(img_path='test/images/'),
        data_root='data/split_ss_fair1m1.0/',
        pipeline=[
            dict(backend_args=None, type='mmdet.LoadImageFromFile'),
            dict(keep_ratio=True, scale=(
                1024,
                1024,
            ), type='mmdet.Resize'),
            dict(
                meta_keys=(
                    'img_id',
                    'img_path',
                    'ori_shape',
                    'img_shape',
                    'scale_factor',
                ),
                type='mmdet.PackDetInputs'),
        ],
        test_mode=True,
        type='FAIRDataset'),
    drop_last=False,
    num_workers=2,
    persistent_workers=True,
    sampler=dict(shuffle=False, type='DefaultSampler'))
test_evaluator = dict(
    format_only=True,
    merge_patches=True,
    outfile_prefix='./work_dirs/fair1m1.0/Task1',
    type='FAIRMetric')
test_pipeline = [
    dict(backend_args=None, type='mmdet.LoadImageFromFile'),
    dict(keep_ratio=True, scale=(
        1024,
        1024,
    ), type='mmdet.Resize'),
    dict(
        meta_keys=(
            'img_id',
            'img_path',
            'ori_shape',
            'img_shape',
            'scale_factor',
        ),
        type='mmdet.PackDetInputs'),
]
train_cfg = dict(max_epochs=24, type='EpochBasedTrainLoop', val_interval=6)
train_dataloader = dict(
    batch_sampler=None,
    batch_size=2,
    dataset=dict(
        ann_file='train/annfiles/',
        data_prefix=dict(img_path='train/images/'),
        data_root='data/split_ss_fair1m1.0/',
        filter_cfg=dict(filter_empty_gt=True),
        pipeline=[
            dict(backend_args=None, type='mmdet.LoadImageFromFile'),
            dict(
                box_type='qbox', type='mmdet.LoadAnnotations', with_bbox=True),
            dict(
                box_type_mapping=dict(gt_bboxes='rbox'),
                type='ConvertBoxType'),
            dict(keep_ratio=True, scale=(
                1024,
                1024,
            ), type='mmdet.Resize'),
            dict(
                direction=[
                    'horizontal',
                    'vertical',
                    'diagonal',
                ],
                prob=0.75,
                type='mmdet.RandomFlip'),
            dict(type='mmdet.PackDetInputs'),
        ],
        type='FAIRDataset'),
    num_workers=2,
    persistent_workers=True,
    sampler=dict(shuffle=True, type='DefaultSampler'))
train_pipeline = [
    dict(backend_args=None, type='mmdet.LoadImageFromFile'),
    dict(box_type='qbox', type='mmdet.LoadAnnotations', with_bbox=True),
    dict(box_type_mapping=dict(gt_bboxes='rbox'), type='ConvertBoxType'),
    dict(keep_ratio=True, scale=(
        1024,
        1024,
    ), type='mmdet.Resize'),
    dict(
        direction=[
            'horizontal',
            'vertical',
            'diagonal',
        ],
        prob=0.75,
        type='mmdet.RandomFlip'),
    dict(type='mmdet.PackDetInputs'),
]
val_cfg = dict(type='ValLoop')
val_dataloader = dict(
    batch_size=4,
    dataset=dict(
        ann_file='train/annfiles/',
        data_prefix=dict(img_path='train/images/'),
        data_root='data/split_ss_fair1m1.0/',
        pipeline=[
            dict(backend_args=None, type='mmdet.LoadImageFromFile'),
            dict(keep_ratio=True, scale=(
                1024,
                1024,
            ), type='mmdet.Resize'),
            dict(
                box_type='qbox', type='mmdet.LoadAnnotations', with_bbox=True),
            dict(
                box_type_mapping=dict(gt_bboxes='rbox'),
                type='ConvertBoxType'),
            dict(
                meta_keys=(
                    'img_id',
                    'img_path',
                    'ori_shape',
                    'img_shape',
                    'scale_factor',
                ),
                type='mmdet.PackDetInputs'),
        ],
        test_mode=True,
        type='FAIRDataset'),
    drop_last=False,
    num_workers=2,
    persistent_workers=True,
    sampler=dict(shuffle=False, type='DefaultSampler'))
val_evaluator = dict(metric='mAP', type='FAIRMetric')
val_pipeline = [
    dict(backend_args=None, type='mmdet.LoadImageFromFile'),
    dict(keep_ratio=True, scale=(
        1024,
        1024,
    ), type='mmdet.Resize'),
    dict(box_type='qbox', type='mmdet.LoadAnnotations', with_bbox=True),
    dict(box_type_mapping=dict(gt_bboxes='rbox'), type='ConvertBoxType'),
    dict(
        meta_keys=(
            'img_id',
            'img_path',
            'ori_shape',
            'img_shape',
            'scale_factor',
        ),
        type='mmdet.PackDetInputs'),
]
vis_backends = [
    dict(type='LocalVisBackend'),
]
visualizer = dict(
    name='visualizer',
    type='RotLocalVisualizer',
    vis_backends=[
        dict(type='LocalVisBackend'),
    ])
work_dir = 'work_dirs/gsdet_fair1m_2gpu'

2026/03/27 09:01:21 - mmengine - INFO - Distributed training is not used, all SyncBatchNorm (SyncBN) layers in the model will be automatically reverted to BatchNormXd layers if they are used.
2026/03/27 09:01:21 - mmengine - INFO - Hooks will be executed in the following order:
before_run:
(VERY_HIGH   ) RuntimeInfoHook                    
(BELOW_NORMAL) LoggerHook                         
 -------------------- 
before_train:
(VERY_HIGH   ) RuntimeInfoHook                    
(NORMAL      ) IterTimerHook                      
(VERY_LOW    ) CheckpointHook                     
 -------------------- 
before_train_epoch:
(VERY_HIGH   ) RuntimeInfoHook                    
(NORMAL      ) IterTimerHook                      
(NORMAL      ) DistSamplerSeedHook                
 -------------------- 
before_train_iter:
(VERY_HIGH   ) RuntimeInfoHook                    
(NORMAL      ) IterTimerHook                      
 -------------------- 
after_train_iter:
(VERY_HIGH   ) RuntimeInfoHook                    
(NORMAL      ) IterTimerHook                      
(BELOW_NORMAL) LoggerHook                         
(LOW         ) ParamSchedulerHook                 
(VERY_LOW    ) CheckpointHook                     
 -------------------- 
after_train_epoch:
(NORMAL      ) IterTimerHook                      
(LOW         ) ParamSchedulerHook                 
(VERY_LOW    ) CheckpointHook                     
 -------------------- 
before_val:
(VERY_HIGH   ) RuntimeInfoHook                    
 -------------------- 
before_val_epoch:
(NORMAL      ) IterTimerHook                      
 -------------------- 
before_val_iter:
(NORMAL      ) IterTimerHook                      
 -------------------- 
after_val_iter:
(NORMAL      ) IterTimerHook                      
(NORMAL      ) DetVisualizationHook               
(BELOW_NORMAL) LoggerHook                         
 -------------------- 
after_val_epoch:
(VERY_HIGH   ) RuntimeInfoHook                    
(NORMAL      ) IterTimerHook                      
(BELOW_NORMAL) LoggerHook                         
(LOW         ) ParamSchedulerHook                 
(VERY_LOW    ) CheckpointHook                     
 -------------------- 
after_val:
(VERY_HIGH   ) RuntimeInfoHook                    
 -------------------- 
after_train:
(VERY_HIGH   ) RuntimeInfoHook                    
(VERY_LOW    ) CheckpointHook                     
 -------------------- 
before_test:
(VERY_HIGH   ) RuntimeInfoHook                    
 -------------------- 
before_test_epoch:
(NORMAL      ) IterTimerHook                      
 -------------------- 
before_test_iter:
(NORMAL      ) IterTimerHook                      
 -------------------- 
after_test_iter:
(NORMAL      ) IterTimerHook                      
(NORMAL      ) DetVisualizationHook               
(BELOW_NORMAL) LoggerHook                         
 -------------------- 
after_test_epoch:
(VERY_HIGH   ) RuntimeInfoHook                    
(NORMAL      ) IterTimerHook                      
(BELOW_NORMAL) LoggerHook                         
 -------------------- 
after_test:
(VERY_HIGH   ) RuntimeInfoHook                    
 -------------------- 
after_run:
(BELOW_NORMAL) LoggerHook                         
 -------------------- 
2026/03/27 09:01:25 - mmengine - WARNING - Failed to search registry with scope "mmrotate" in the "optim_wrapper" registry tree. As a workaround, the current "optim_wrapper" registry in "mmengine" is used to build instance. This may cause unexpected failure when running the built modules. Please check whether "mmrotate" is a correct scope, or whether the registry is initialized.
2026/03/27 09:01:29 - mmengine - INFO - load model from: https://www.modelscope.cn/models/wokaikaixinxin/ai4rs/resolve/master/GSDet_baseline/pretrain/diffusiondet_r50_fpn_500-proposals_1-step_crop-ms-480-800-450k_coco_new2.pth
2026/03/27 09:01:29 - mmengine - INFO - Loads checkpoint by http backend from path: https://www.modelscope.cn/models/wokaikaixinxin/ai4rs/resolve/master/GSDet_baseline/pretrain/diffusiondet_r50_fpn_500-proposals_1-step_crop-ms-480-800-450k_coco_new2.pth
2026/03/27 09:01:30 - mmengine - WARNING - The model and loaded state dict do not match exactly

size mismatch for rpn_head.head_series.0.class_logits.weight: copying a param with shape torch.Size([80, 256]) from checkpoint, the shape in current model is torch.Size([37, 256]).
size mismatch for rpn_head.head_series.0.class_logits.bias: copying a param with shape torch.Size([80]) from checkpoint, the shape in current model is torch.Size([37]).
size mismatch for rpn_head.head_series.1.class_logits.weight: copying a param with shape torch.Size([80, 256]) from checkpoint, the shape in current model is torch.Size([37, 256]).
size mismatch for rpn_head.head_series.1.class_logits.bias: copying a param with shape torch.Size([80]) from checkpoint, the shape in current model is torch.Size([37]).
size mismatch for rpn_head.head_series.2.class_logits.weight: copying a param with shape torch.Size([80, 256]) from checkpoint, the shape in current model is torch.Size([37, 256]).
size mismatch for rpn_head.head_series.2.class_logits.bias: copying a param with shape torch.Size([80]) from checkpoint, the shape in current model is torch.Size([37]).
size mismatch for rpn_head.head_series.3.class_logits.weight: copying a param with shape torch.Size([80, 256]) from checkpoint, the shape in current model is torch.Size([37, 256]).
size mismatch for rpn_head.head_series.3.class_logits.bias: copying a param with shape torch.Size([80]) from checkpoint, the shape in current model is torch.Size([37]).
unexpected key in source state_dict: bbox_head.betas, bbox_head.alphas_cumprod, bbox_head.alphas_cumprod_prev, bbox_head.sqrt_alphas_cumprod, bbox_head.sqrt_one_minus_alphas_cumprod, bbox_head.log_one_minus_alphas_cumprod, bbox_head.sqrt_recip_alphas_cumprod, bbox_head.sqrt_recipm1_alphas_cumprod, bbox_head.posterior_variance, bbox_head.posterior_log_variance_clipped, bbox_head.posterior_mean_coef1, bbox_head.posterior_mean_coef2, bbox_head.head_series.4.self_attn.in_proj_weight, bbox_head.head_series.4.self_attn.in_proj_bias, bbox_head.head_series.4.self_attn.out_proj.weight, bbox_head.head_series.4.self_attn.out_proj.bias, bbox_head.head_series.4.inst_interact.dynamic_layer.weight, bbox_head.head_series.4.inst_interact.dynamic_layer.bias, bbox_head.head_series.4.inst_interact.norm1.weight, bbox_head.head_series.4.inst_interact.norm1.bias, bbox_head.head_series.4.inst_interact.norm2.weight, bbox_head.head_series.4.inst_interact.norm2.bias, bbox_head.head_series.4.inst_interact.out_layer.weight, bbox_head.head_series.4.inst_interact.out_layer.bias, bbox_head.head_series.4.inst_interact.norm3.weight, bbox_head.head_series.4.inst_interact.norm3.bias, bbox_head.head_series.4.linear1.weight, bbox_head.head_series.4.linear1.bias, bbox_head.head_series.4.linear2.weight, bbox_head.head_series.4.linear2.bias, bbox_head.head_series.4.norm1.weight, bbox_head.head_series.4.norm1.bias, bbox_head.head_series.4.norm2.weight, bbox_head.head_series.4.norm2.bias, bbox_head.head_series.4.norm3.weight, bbox_head.head_series.4.norm3.bias, bbox_head.head_series.4.block_time_mlp.1.weight, bbox_head.head_series.4.block_time_mlp.1.bias, bbox_head.head_series.4.cls_module.0.weight, bbox_head.head_series.4.cls_module.1.weight, bbox_head.head_series.4.cls_module.1.bias, bbox_head.head_series.4.reg_module.0.weight, bbox_head.head_series.4.reg_module.1.weight, bbox_head.head_series.4.reg_module.1.bias, bbox_head.head_series.4.reg_module.3.weight, bbox_head.head_series.4.reg_module.4.weight, bbox_head.head_series.4.reg_module.4.bias, bbox_head.head_series.4.reg_module.6.weight, bbox_head.head_series.4.reg_module.7.weight, bbox_head.head_series.4.reg_module.7.bias, bbox_head.head_series.4.class_logits.weight, bbox_head.head_series.4.class_logits.bias, bbox_head.head_series.4.bboxes_delta.weight, bbox_head.head_series.4.bboxes_delta.bias, bbox_head.head_series.5.self_attn.in_proj_weight, bbox_head.head_series.5.self_attn.in_proj_bias, bbox_head.head_series.5.self_attn.out_proj.weight, bbox_head.head_series.5.self_attn.out_proj.bias, bbox_head.head_series.5.inst_interact.dynamic_layer.weight, bbox_head.head_series.5.inst_interact.dynamic_layer.bias, bbox_head.head_series.5.inst_interact.norm1.weight, bbox_head.head_series.5.inst_interact.norm1.bias, bbox_head.head_series.5.inst_interact.norm2.weight, bbox_head.head_series.5.inst_interact.norm2.bias, bbox_head.head_series.5.inst_interact.out_layer.weight, bbox_head.head_series.5.inst_interact.out_layer.bias, bbox_head.head_series.5.inst_interact.norm3.weight, bbox_head.head_series.5.inst_interact.norm3.bias, bbox_head.head_series.5.linear1.weight, bbox_head.head_series.5.linear1.bias, bbox_head.head_series.5.linear2.weight, bbox_head.head_series.5.linear2.bias, bbox_head.head_series.5.norm1.weight, bbox_head.head_series.5.norm1.bias, bbox_head.head_series.5.norm2.weight, bbox_head.head_series.5.norm2.bias, bbox_head.head_series.5.norm3.weight, bbox_head.head_series.5.norm3.bias, bbox_head.head_series.5.block_time_mlp.1.weight, bbox_head.head_series.5.block_time_mlp.1.bias, bbox_head.head_series.5.cls_module.0.weight, bbox_head.head_series.5.cls_module.1.weight, bbox_head.head_series.5.cls_module.1.bias, bbox_head.head_series.5.reg_module.0.weight, bbox_head.head_series.5.reg_module.1.weight, bbox_head.head_series.5.reg_module.1.bias, bbox_head.head_series.5.reg_module.3.weight, bbox_head.head_series.5.reg_module.4.weight, bbox_head.head_series.5.reg_module.4.bias, bbox_head.head_series.5.reg_module.6.weight, bbox_head.head_series.5.reg_module.7.weight, bbox_head.head_series.5.reg_module.7.bias, bbox_head.head_series.5.class_logits.weight, bbox_head.head_series.5.class_logits.bias, bbox_head.head_series.5.bboxes_delta.weight, bbox_head.head_series.5.bboxes_delta.bias, bbox_head.time_mlp.1.weight, bbox_head.time_mlp.1.bias, bbox_head.time_mlp.3.weight, bbox_head.time_mlp.3.bias, rpn_head.head_series.0.block_time_mlp.1.weight, rpn_head.head_series.0.block_time_mlp.1.bias, rpn_head.head_series.1.block_time_mlp.1.weight, rpn_head.head_series.1.block_time_mlp.1.bias, rpn_head.head_series.2.block_time_mlp.1.weight, rpn_head.head_series.2.block_time_mlp.1.bias, rpn_head.head_series.3.block_time_mlp.1.weight, rpn_head.head_series.3.block_time_mlp.1.bias

missing keys in source state_dict: roi_head.bbox_head.0.fc_cls.weight, roi_head.bbox_head.0.fc_cls.bias, roi_head.bbox_head.0.fc_reg.weight, roi_head.bbox_head.0.fc_reg.bias, roi_head.bbox_head.0.self_attn.in_proj_weight, roi_head.bbox_head.0.self_attn.in_proj_bias, roi_head.bbox_head.0.self_attn.out_proj.weight, roi_head.bbox_head.0.self_attn.out_proj.bias, roi_head.bbox_head.0.inst_interact.dynamic_layer.weight, roi_head.bbox_head.0.inst_interact.dynamic_layer.bias, roi_head.bbox_head.0.inst_interact.norm1.weight, roi_head.bbox_head.0.inst_interact.norm1.bias, roi_head.bbox_head.0.inst_interact.norm2.weight, roi_head.bbox_head.0.inst_interact.norm2.bias, roi_head.bbox_head.0.inst_interact.out_layer.weight, roi_head.bbox_head.0.inst_interact.out_layer.bias, roi_head.bbox_head.0.inst_interact.norm3.weight, roi_head.bbox_head.0.inst_interact.norm3.bias, roi_head.bbox_head.0.linear1.weight, roi_head.bbox_head.0.linear1.bias, roi_head.bbox_head.0.linear2.weight, roi_head.bbox_head.0.linear2.bias, roi_head.bbox_head.0.norm1.weight, roi_head.bbox_head.0.norm1.bias, roi_head.bbox_head.0.norm2.weight, roi_head.bbox_head.0.norm2.bias, roi_head.bbox_head.0.norm3.weight, roi_head.bbox_head.0.norm3.bias, roi_head.bbox_head.0.cls_module.0.weight, roi_head.bbox_head.0.cls_module.1.weight, roi_head.bbox_head.0.cls_module.1.bias, roi_head.bbox_head.0.reg_module.0.weight, roi_head.bbox_head.0.reg_module.1.weight, roi_head.bbox_head.0.reg_module.1.bias, roi_head.bbox_head.0.reg_module.3.weight, roi_head.bbox_head.0.reg_module.4.weight, roi_head.bbox_head.0.reg_module.4.bias, roi_head.bbox_head.0.reg_module.6.weight, roi_head.bbox_head.0.reg_module.7.weight, roi_head.bbox_head.0.reg_module.7.bias, roi_head.bbox_head.1.fc_cls.weight, roi_head.bbox_head.1.fc_cls.bias, roi_head.bbox_head.1.fc_reg.weight, roi_head.bbox_head.1.fc_reg.bias, roi_head.bbox_head.1.self_attn.in_proj_weight, roi_head.bbox_head.1.self_attn.in_proj_bias, roi_head.bbox_head.1.self_attn.out_proj.weight, roi_head.bbox_head.1.self_attn.out_proj.bias, roi_head.bbox_head.1.inst_interact.dynamic_layer.weight, roi_head.bbox_head.1.inst_interact.dynamic_layer.bias, roi_head.bbox_head.1.inst_interact.norm1.weight, roi_head.bbox_head.1.inst_interact.norm1.bias, roi_head.bbox_head.1.inst_interact.norm2.weight, roi_head.bbox_head.1.inst_interact.norm2.bias, roi_head.bbox_head.1.inst_interact.out_layer.weight, roi_head.bbox_head.1.inst_interact.out_layer.bias, roi_head.bbox_head.1.inst_interact.norm3.weight, roi_head.bbox_head.1.inst_interact.norm3.bias, roi_head.bbox_head.1.linear1.weight, roi_head.bbox_head.1.linear1.bias, roi_head.bbox_head.1.linear2.weight, roi_head.bbox_head.1.linear2.bias, roi_head.bbox_head.1.norm1.weight, roi_head.bbox_head.1.norm1.bias, roi_head.bbox_head.1.norm2.weight, roi_head.bbox_head.1.norm2.bias, roi_head.bbox_head.1.norm3.weight, roi_head.bbox_head.1.norm3.bias, roi_head.bbox_head.1.cls_module.0.weight, roi_head.bbox_head.1.cls_module.1.weight, roi_head.bbox_head.1.cls_module.1.bias, roi_head.bbox_head.1.reg_module.0.weight, roi_head.bbox_head.1.reg_module.1.weight, roi_head.bbox_head.1.reg_module.1.bias, roi_head.bbox_head.1.reg_module.3.weight, roi_head.bbox_head.1.reg_module.4.weight, roi_head.bbox_head.1.reg_module.4.bias, roi_head.bbox_head.1.reg_module.6.weight, roi_head.bbox_head.1.reg_module.7.weight, roi_head.bbox_head.1.reg_module.7.bias

Name of parameter - Initialization information

backbone.conv1.weight - torch.Size([64, 3, 7, 7]): 
PretrainedInit: load from https://www.modelscope.cn/models/wokaikaixinxin/ai4rs/resolve/master/GSDet_baseline/pretrain/diffusiondet_r50_fpn_500-proposals_1-step_crop-ms-480-800-450k_coco_new2.pth 

backbone.bn1.weight - torch.Size([64]): 
PretrainedInit: load from https://www.modelscope.cn/models/wokaikaixinxin/ai4rs/resolve/master/GSDet_baseline/pretrain/diffusiondet_r50_fpn_500-proposals_1-step_crop-ms-480-800-450k_coco_new2.pth 

backbone.bn1.bias - torch.Size([64]): 
PretrainedInit: load from https://www.modelscope.cn/models/wokaikaixinxin/ai4rs/resolve/master/GSDet_baseline/pretrain/diffusiondet_r50_fpn_500-proposals_1-step_crop-ms-480-800-450k_coco_new2.pth 

backbone.layer1.0.conv1.weight - torch.Size([64, 64, 1, 1]): 
PretrainedInit: load from https://www.modelscope.cn/models/wokaikaixinxin/ai4rs/resolve/master/GSDet_baseline/pretrain/diffusiondet_r50_fpn_500-proposals_1-step_crop-ms-480-800-450k_coco_new2.pth 

backbone.layer1.0.bn1.weight - torch.Size([64]): 
PretrainedInit: load from https://www.modelscope.cn/models/wokaikaixinxin/ai4rs/resolve/master/GSDet_baseline/pretrain/diffusiondet_r50_fpn_500-proposals_1-step_crop-ms-480-800-450k_coco_new2.pth 

backbone.layer1.0.bn1.bias - torch.Size([64]): 
PretrainedInit: load from https://www.modelscope.cn/models/wokaikaixinxin/ai4rs/resolve/master/GSDet_baseline/pretrain/diffusiondet_r50_fpn_500-proposals_1-step_crop-ms-480-800-450k_coco_new2.pth 

backbone.layer1.0.conv2.weight - torch.Size([64, 64, 3, 3]): 
PretrainedInit: load from https://www.modelscope.cn/models/wokaikaixinxin/ai4rs/resolve/master/GSDet_baseline/pretrain/diffusiondet_r50_fpn_500-proposals_1-step_crop-ms-480-800-450k_coco_new2.pth 

backbone.layer1.0.bn2.weight - torch.Size([64]): 
PretrainedInit: load from https://www.modelscope.cn/models/wokaikaixinxin/ai4rs/resolve/master/GSDet_baseline/pretrain/diffusiondet_r50_fpn_500-proposals_1-step_crop-ms-480-800-450k_coco_new2.pth 

backbone.layer1.0.bn2.bias - torch.Size([64]): 
PretrainedInit: load from https://www.modelscope.cn/models/wokaikaixinxin/ai4rs/resolve/master/GSDet_baseline/pretrain/diffusiondet_r50_fpn_500-proposals_1-step_crop-ms-480-800-450k_coco_new2.pth 

backbone.layer1.0.conv3.weight - torch.Size([256, 64, 1, 1]): 
PretrainedInit: load from https://www.modelscope.cn/models/wokaikaixinxin/ai4rs/resolve/master/GSDet_baseline/pretrain/diffusiondet_r50_fpn_500-proposals_1-step_crop-ms-480-800-450k_coco_new2.pth 

backbone.layer1.0.bn3.weight - torch.Size([256]): 
PretrainedInit: load from https://www.modelscope.cn/models/wokaikaixinxin/ai4rs/resolve/master/GSDet_baseline/pretrain/diffusiondet_r50_fpn_500-proposals_1-step_crop-ms-480-800-450k_coco_new2.pth 

backbone.layer1.0.bn3.bias - torch.Size([256]): 
PretrainedInit: load from https://www.modelscope.cn/models/wokaikaixinxin/ai4rs/resolve/master/GSDet_baseline/pretrain/diffusiondet_r50_fpn_500-proposals_1-step_crop-ms-480-800-450k_coco_new2.pth 

backbone.layer1.0.downsample.0.weight - torch.Size([256, 64, 1, 1]): 
PretrainedInit: load from https://www.modelscope.cn/models/wokaikaixinxin/ai4rs/resolve/master/GSDet_baseline/pretrain/diffusiondet_r50_fpn_500-proposals_1-step_crop-ms-480-800-450k_coco_new2.pth 

backbone.layer1.0.downsample.1.weight - torch.Size([256]): 
PretrainedInit: load from https://www.modelscope.cn/models/wokaikaixinxin/ai4rs/resolve/master/GSDet_baseline/pretrain/diffusiondet_r50_fpn_500-proposals_1-step_crop-ms-480-800-450k_coco_new2.pth 

backbone.layer1.0.downsample.1.bias - torch.Size([256]): 
PretrainedInit: load from https://www.modelscope.cn/models/wokaikaixinxin/ai4rs/resolve/master/GSDet_baseline/pretrain/diffusiondet_r50_fpn_500-proposals_1-step_crop-ms-480-800-450k_coco_new2.pth 

backbone.layer1.1.conv1.weight - torch.Size([64, 256, 1, 1]): 
PretrainedInit: load from https://www.modelscope.cn/models/wokaikaixinxin/ai4rs/resolve/master/GSDet_baseline/pretrain/diffusiondet_r50_fpn_500-proposals_1-step_crop-ms-480-800-450k_coco_new2.pth 

backbone.layer1.1.bn1.weight - torch.Size([64]): 
PretrainedInit: load from https://www.modelscope.cn/models/wokaikaixinxin/ai4rs/resolve/master/GSDet_baseline/pretrain/diffusiondet_r50_fpn_500-proposals_1-step_crop-ms-480-800-450k_coco_new2.pth 

backbone.layer1.1.bn1.bias - torch.Size([64]): 
PretrainedInit: load from https://www.modelscope.cn/models/wokaikaixinxin/ai4rs/resolve/master/GSDet_baseline/pretrain/diffusiondet_r50_fpn_500-proposals_1-step_crop-ms-480-800-450k_coco_new2.pth 

backbone.layer1.1.conv2.weight - torch.Size([64, 64, 3, 3]): 
PretrainedInit: load from https://www.modelscope.cn/models/wokaikaixinxin/ai4rs/resolve/master/GSDet_baseline/pretrain/diffusiondet_r50_fpn_500-proposals_1-step_crop-ms-480-800-450k_coco_new2.pth 

backbone.layer1.1.bn2.weight - torch.Size([64]): 
PretrainedInit: load from https://www.modelscope.cn/models/wokaikaixinxin/ai4rs/resolve/master/GSDet_baseline/pretrain/diffusiondet_r50_fpn_500-proposals_1-step_crop-ms-480-800-450k_coco_new2.pth 

backbone.layer1.1.bn2.bias - torch.Size([64]): 
PretrainedInit: load from https://www.modelscope.cn/models/wokaikaixinxin/ai4rs/resolve/master/GSDet_baseline/pretrain/diffusiondet_r50_fpn_500-proposals_1-step_crop-ms-480-800-450k_coco_new2.pth 

backbone.layer1.1.conv3.weight - torch.Size([256, 64, 1, 1]): 
PretrainedInit: load from https://www.modelscope.cn/models/wokaikaixinxin/ai4rs/resolve/master/GSDet_baseline/pretrain/diffusiondet_r50_fpn_500-proposals_1-step_crop-ms-480-800-450k_coco_new2.pth 

backbone.layer1.1.bn3.weight - torch.Size([256]): 
PretrainedInit: load from https://www.modelscope.cn/models/wokaikaixinxin/ai4rs/resolve/master/GSDet_baseline/pretrain/diffusiondet_r50_fpn_500-proposals_1-step_crop-ms-480-800-450k_coco_new2.pth 

backbone.layer1.1.bn3.bias - torch.Size([256]): 
PretrainedInit: load from https://www.modelscope.cn/models/wokaikaixinxin/ai4rs/resolve/master/GSDet_baseline/pretrain/diffusiondet_r50_fpn_500-proposals_1-step_crop-ms-480-800-450k_coco_new2.pth 

backbone.layer1.2.conv1.weight - torch.Size([64, 256, 1, 1]): 
PretrainedInit: load from https://www.modelscope.cn/models/wokaikaixinxin/ai4rs/resolve/master/GSDet_baseline/pretrain/diffusiondet_r50_fpn_500-proposals_1-step_crop-ms-480-800-450k_coco_new2.pth 

backbone.layer1.2.bn1.weight - torch.Size([64]): 
PretrainedInit: load from https://www.modelscope.cn/models/wokaikaixinxin/ai4rs/resolve/master/GSDet_baseline/pretrain/diffusiondet_r50_fpn_500-proposals_1-step_crop-ms-480-800-450k_coco_new2.pth 

backbone.layer1.2.bn1.bias - torch.Size([64]): 
PretrainedInit: load from https://www.modelscope.cn/models/wokaikaixinxin/ai4rs/resolve/master/GSDet_baseline/pretrain/diffusiondet_r50_fpn_500-proposals_1-step_crop-ms-480-800-450k_coco_new2.pth 

backbone.layer1.2.conv2.weight - torch.Size([64, 64, 3, 3]): 
PretrainedInit: load from https://www.modelscope.cn/models/wokaikaixinxin/ai4rs/resolve/master/GSDet_baseline/pretrain/diffusiondet_r50_fpn_500-proposals_1-step_crop-ms-480-800-450k_coco_new2.pth 

backbone.layer1.2.bn2.weight - torch.Size([64]): 
PretrainedInit: load from https://www.modelscope.cn/models/wokaikaixinxin/ai4rs/resolve/master/GSDet_baseline/pretrain/diffusiondet_r50_fpn_500-proposals_1-step_crop-ms-480-800-450k_coco_new2.pth 

backbone.layer1.2.bn2.bias - torch.Size([64]): 
PretrainedInit: load from https://www.modelscope.cn/models/wokaikaixinxin/ai4rs/resolve/master/GSDet_baseline/pretrain/diffusiondet_r50_fpn_500-proposals_1-step_crop-ms-480-800-450k_coco_new2.pth 

backbone.layer1.2.conv3.weight - torch.Size([256, 64, 1, 1]): 
PretrainedInit: load from https://www.modelscope.cn/models/wokaikaixinxin/ai4rs/resolve/master/GSDet_baseline/pretrain/diffusiondet_r50_fpn_500-proposals_1-step_crop-ms-480-800-450k_coco_new2.pth 

backbone.layer1.2.bn3.weight - torch.Size([256]): 
PretrainedInit: load from https://www.modelscope.cn/models/wokaikaixinxin/ai4rs/resolve/master/GSDet_baseline/pretrain/diffusiondet_r50_fpn_500-proposals_1-step_crop-ms-480-800-450k_coco_new2.pth 

backbone.layer1.2.bn3.bias - torch.Size([256]): 
PretrainedInit: load from https://www.modelscope.cn/models/wokaikaixinxin/ai4rs/resolve/master/GSDet_baseline/pretrain/diffusiondet_r50_fpn_500-proposals_1-step_crop-ms-480-800-450k_coco_new2.pth 

backbone.layer2.0.conv1.weight - torch.Size([128, 256, 1, 1]): 
PretrainedInit: load from https://www.modelscope.cn/models/wokaikaixinxin/ai4rs/resolve/master/GSDet_baseline/pretrain/diffusiondet_r50_fpn_500-proposals_1-step_crop-ms-480-800-450k_coco_new2.pth 

backbone.layer2.0.bn1.weight - torch.Size([128]): 
PretrainedInit: load from https://www.modelscope.cn/models/wokaikaixinxin/ai4rs/resolve/master/GSDet_baseline/pretrain/diffusiondet_r50_fpn_500-proposals_1-step_crop-ms-480-800-450k_coco_new2.pth 

backbone.layer2.0.bn1.bias - torch.Size([128]): 
PretrainedInit: load from https://www.modelscope.cn/models/wokaikaixinxin/ai4rs/resolve/master/GSDet_baseline/pretrain/diffusiondet_r50_fpn_500-proposals_1-step_crop-ms-480-800-450k_coco_new2.pth 

backbone.layer2.0.conv2.weight - torch.Size([128, 128, 3, 3]): 
PretrainedInit: load from https://www.modelscope.cn/models/wokaikaixinxin/ai4rs/resolve/master/GSDet_baseline/pretrain/diffusiondet_r50_fpn_500-proposals_1-step_crop-ms-480-800-450k_coco_new2.pth 

backbone.layer2.0.bn2.weight - torch.Size([128]): 
PretrainedInit: load from https://www.modelscope.cn/models/wokaikaixinxin/ai4rs/resolve/master/GSDet_baseline/pretrain/diffusiondet_r50_fpn_500-proposals_1-step_crop-ms-480-800-450k_coco_new2.pth 

backbone.layer2.0.bn2.bias - torch.Size([128]): 
PretrainedInit: load from https://www.modelscope.cn/models/wokaikaixinxin/ai4rs/resolve/master/GSDet_baseline/pretrain/diffusiondet_r50_fpn_500-proposals_1-step_crop-ms-480-800-450k_coco_new2.pth 

backbone.layer2.0.conv3.weight - torch.Size([512, 128, 1, 1]): 
PretrainedInit: load from https://www.modelscope.cn/models/wokaikaixinxin/ai4rs/resolve/master/GSDet_baseline/pretrain/diffusiondet_r50_fpn_500-proposals_1-step_crop-ms-480-800-450k_coco_new2.pth 

backbone.layer2.0.bn3.weight - torch.Size([512]): 
PretrainedInit: load from https://www.modelscope.cn/models/wokaikaixinxin/ai4rs/resolve/master/GSDet_baseline/pretrain/diffusiondet_r50_fpn_500-proposals_1-step_crop-ms-480-800-450k_coco_new2.pth 

backbone.layer2.0.bn3.bias - torch.Size([512]): 
PretrainedInit: load from https://www.modelscope.cn/models/wokaikaixinxin/ai4rs/resolve/master/GSDet_baseline/pretrain/diffusiondet_r50_fpn_500-proposals_1-step_crop-ms-480-800-450k_coco_new2.pth 

backbone.layer2.0.downsample.0.weight - torch.Size([512, 256, 1, 1]): 
PretrainedInit: load from https://www.modelscope.cn/models/wokaikaixinxin/ai4rs/resolve/master/GSDet_baseline/pretrain/diffusiondet_r50_fpn_500-proposals_1-step_crop-ms-480-800-450k_coco_new2.pth 

backbone.layer2.0.downsample.1.weight - torch.Size([512]): 
PretrainedInit: load from https://www.modelscope.cn/models/wokaikaixinxin/ai4rs/resolve/master/GSDet_baseline/pretrain/diffusiondet_r50_fpn_500-proposals_1-step_crop-ms-480-800-450k_coco_new2.pth 

backbone.layer2.0.downsample.1.bias - torch.Size([512]): 
PretrainedInit: load from https://www.modelscope.cn/models/wokaikaixinxin/ai4rs/resolve/master/GSDet_baseline/pretrain/diffusiondet_r50_fpn_500-proposals_1-step_crop-ms-480-800-450k_coco_new2.pth 

backbone.layer2.1.conv1.weight - torch.Size([128, 512, 1, 1]): 
PretrainedInit: load from https://www.modelscope.cn/models/wokaikaixinxin/ai4rs/resolve/master/GSDet_baseline/pretrain/diffusiondet_r50_fpn_500-proposals_1-step_crop-ms-480-800-450k_coco_new2.pth 

backbone.layer2.1.bn1.weight - torch.Size([128]): 
PretrainedInit: load from https://www.modelscope.cn/models/wokaikaixinxin/ai4rs/resolve/master/GSDet_baseline/pretrain/diffusiondet_r50_fpn_500-proposals_1-step_crop-ms-480-800-450k_coco_new2.pth 

backbone.layer2.1.bn1.bias - torch.Size([128]): 
PretrainedInit: load from https://www.modelscope.cn/models/wokaikaixinxin/ai4rs/resolve/master/GSDet_baseline/pretrain/diffusiondet_r50_fpn_500-proposals_1-step_crop-ms-480-800-450k_coco_new2.pth 

backbone.layer2.1.conv2.weight - torch.Size([128, 128, 3, 3]): 
PretrainedInit: load from https://www.modelscope.cn/models/wokaikaixinxin/ai4rs/resolve/master/GSDet_baseline/pretrain/diffusiondet_r50_fpn_500-proposals_1-step_crop-ms-480-800-450k_coco_new2.pth 

backbone.layer2.1.bn2.weight - torch.Size([128]): 
PretrainedInit: load from https://www.modelscope.cn/models/wokaikaixinxin/ai4rs/resolve/master/GSDet_baseline/pretrain/diffusiondet_r50_fpn_500-proposals_1-step_crop-ms-480-800-450k_coco_new2.pth 

backbone.layer2.1.bn2.bias - torch.Size([128]): 
PretrainedInit: load from https://www.modelscope.cn/models/wokaikaixinxin/ai4rs/resolve/master/GSDet_baseline/pretrain/diffusiondet_r50_fpn_500-proposals_1-step_crop-ms-480-800-450k_coco_new2.pth 

backbone.layer2.1.conv3.weight - torch.Size([512, 128, 1, 1]): 
PretrainedInit: load from https://www.modelscope.cn/models/wokaikaixinxin/ai4rs/resolve/master/GSDet_baseline/pretrain/diffusiondet_r50_fpn_500-proposals_1-step_crop-ms-480-800-450k_coco_new2.pth 

backbone.layer2.1.bn3.weight - torch.Size([512]): 
PretrainedInit: load from https://www.modelscope.cn/models/wokaikaixinxin/ai4rs/resolve/master/GSDet_baseline/pretrain/diffusiondet_r50_fpn_500-proposals_1-step_crop-ms-480-800-450k_coco_new2.pth 

backbone.layer2.1.bn3.bias - torch.Size([512]): 
PretrainedInit: load from https://www.modelscope.cn/models/wokaikaixinxin/ai4rs/resolve/master/GSDet_baseline/pretrain/diffusiondet_r50_fpn_500-proposals_1-step_crop-ms-480-800-450k_coco_new2.pth 

backbone.layer2.2.conv1.weight - torch.Size([128, 512, 1, 1]): 
PretrainedInit: load from https://www.modelscope.cn/models/wokaikaixinxin/ai4rs/resolve/master/GSDet_baseline/pretrain/diffusiondet_r50_fpn_500-proposals_1-step_crop-ms-480-800-450k_coco_new2.pth 

backbone.layer2.2.bn1.weight - torch.Size([128]): 
PretrainedInit: load from https://www.modelscope.cn/models/wokaikaixinxin/ai4rs/resolve/master/GSDet_baseline/pretrain/diffusiondet_r50_fpn_500-proposals_1-step_crop-ms-480-800-450k_coco_new2.pth 

backbone.layer2.2.bn1.bias - torch.Size([128]): 
PretrainedInit: load from https://www.modelscope.cn/models/wokaikaixinxin/ai4rs/resolve/master/GSDet_baseline/pretrain/diffusiondet_r50_fpn_500-proposals_1-step_crop-ms-480-800-450k_coco_new2.pth 

backbone.layer2.2.conv2.weight - torch.Size([128, 128, 3, 3]): 
PretrainedInit: load from https://www.modelscope.cn/models/wokaikaixinxin/ai4rs/resolve/master/GSDet_baseline/pretrain/diffusiondet_r50_fpn_500-proposals_1-step_crop-ms-480-800-450k_coco_new2.pth 

backbone.layer2.2.bn2.weight - torch.Size([128]): 
PretrainedInit: load from https://www.modelscope.cn/models/wokaikaixinxin/ai4rs/resolve/master/GSDet_baseline/pretrain/diffusiondet_r50_fpn_500-proposals_1-step_crop-ms-480-800-450k_coco_new2.pth 

backbone.layer2.2.bn2.bias - torch.Size([128]): 
PretrainedInit: load from https://www.modelscope.cn/models/wokaikaixinxin/ai4rs/resolve/master/GSDet_baseline/pretrain/diffusiondet_r50_fpn_500-proposals_1-step_crop-ms-480-800-450k_coco_new2.pth 

backbone.layer2.2.conv3.weight - torch.Size([512, 128, 1, 1]): 
PretrainedInit: load from https://www.modelscope.cn/models/wokaikaixinxin/ai4rs/resolve/master/GSDet_baseline/pretrain/diffusiondet_r50_fpn_500-proposals_1-step_crop-ms-480-800-450k_coco_new2.pth 

backbone.layer2.2.bn3.weight - torch.Size([512]): 
PretrainedInit: load from https://www.modelscope.cn/models/wokaikaixinxin/ai4rs/resolve/master/GSDet_baseline/pretrain/diffusiondet_r50_fpn_500-proposals_1-step_crop-ms-480-800-450k_coco_new2.pth 

backbone.layer2.2.bn3.bias - torch.Size([512]): 
PretrainedInit: load from https://www.modelscope.cn/models/wokaikaixinxin/ai4rs/resolve/master/GSDet_baseline/pretrain/diffusiondet_r50_fpn_500-proposals_1-step_crop-ms-480-800-450k_coco_new2.pth 

backbone.layer2.3.conv1.weight - torch.Size([128, 512, 1, 1]): 
PretrainedInit: load from https://www.modelscope.cn/models/wokaikaixinxin/ai4rs/resolve/master/GSDet_baseline/pretrain/diffusiondet_r50_fpn_500-proposals_1-step_crop-ms-480-800-450k_coco_new2.pth 

backbone.layer2.3.bn1.weight - torch.Size([128]): 
PretrainedInit: load from https://www.modelscope.cn/models/wokaikaixinxin/ai4rs/resolve/master/GSDet_baseline/pretrain/diffusiondet_r50_fpn_500-proposals_1-step_crop-ms-480-800-450k_coco_new2.pth 

backbone.layer2.3.bn1.bias - torch.Size([128]): 
PretrainedInit: load from https://www.modelscope.cn/models/wokaikaixinxin/ai4rs/resolve/master/GSDet_baseline/pretrain/diffusiondet_r50_fpn_500-proposals_1-step_crop-ms-480-800-450k_coco_new2.pth 

backbone.layer2.3.conv2.weight - torch.Size([128, 128, 3, 3]): 
PretrainedInit: load from https://www.modelscope.cn/models/wokaikaixinxin/ai4rs/resolve/master/GSDet_baseline/pretrain/diffusiondet_r50_fpn_500-proposals_1-step_crop-ms-480-800-450k_coco_new2.pth 

backbone.layer2.3.bn2.weight - torch.Size([128]): 
PretrainedInit: load from https://www.modelscope.cn/models/wokaikaixinxin/ai4rs/resolve/master/GSDet_baseline/pretrain/diffusiondet_r50_fpn_500-proposals_1-step_crop-ms-480-800-450k_coco_new2.pth 

backbone.layer2.3.bn2.bias - torch.Size([128]): 
PretrainedInit: load from https://www.modelscope.cn/models/wokaikaixinxin/ai4rs/resolve/master/GSDet_baseline/pretrain/diffusiondet_r50_fpn_500-proposals_1-step_crop-ms-480-800-450k_coco_new2.pth 

backbone.layer2.3.conv3.weight - torch.Size([512, 128, 1, 1]): 
PretrainedInit: load from https://www.modelscope.cn/models/wokaikaixinxin/ai4rs/resolve/master/GSDet_baseline/pretrain/diffusiondet_r50_fpn_500-proposals_1-step_crop-ms-480-800-450k_coco_new2.pth 

backbone.layer2.3.bn3.weight - torch.Size([512]): 
PretrainedInit: load from https://www.modelscope.cn/models/wokaikaixinxin/ai4rs/resolve/master/GSDet_baseline/pretrain/diffusiondet_r50_fpn_500-proposals_1-step_crop-ms-480-800-450k_coco_new2.pth 

backbone.layer2.3.bn3.bias - torch.Size([512]): 
PretrainedInit: load from https://www.modelscope.cn/models/wokaikaixinxin/ai4rs/resolve/master/GSDet_baseline/pretrain/diffusiondet_r50_fpn_500-proposals_1-step_crop-ms-480-800-450k_coco_new2.pth 

backbone.layer3.0.conv1.weight - torch.Size([256, 512, 1, 1]): 
PretrainedInit: load from https://www.modelscope.cn/models/wokaikaixinxin/ai4rs/resolve/master/GSDet_baseline/pretrain/diffusiondet_r50_fpn_500-proposals_1-step_crop-ms-480-800-450k_coco_new2.pth 

backbone.layer3.0.bn1.weight - torch.Size([256]): 
PretrainedInit: load from https://www.modelscope.cn/models/wokaikaixinxin/ai4rs/resolve/master/GSDet_baseline/pretrain/diffusiondet_r50_fpn_500-proposals_1-step_crop-ms-480-800-450k_coco_new2.pth 

backbone.layer3.0.bn1.bias - torch.Size([256]): 
PretrainedInit: load from https://www.modelscope.cn/models/wokaikaixinxin/ai4rs/resolve/master/GSDet_baseline/pretrain/diffusiondet_r50_fpn_500-proposals_1-step_crop-ms-480-800-450k_coco_new2.pth 

backbone.layer3.0.conv2.weight - torch.Size([256, 256, 3, 3]): 
PretrainedInit: load from https://www.modelscope.cn/models/wokaikaixinxin/ai4rs/resolve/master/GSDet_baseline/pretrain/diffusiondet_r50_fpn_500-proposals_1-step_crop-ms-480-800-450k_coco_new2.pth 

backbone.layer3.0.bn2.weight - torch.Size([256]): 
PretrainedInit: load from https://www.modelscope.cn/models/wokaikaixinxin/ai4rs/resolve/master/GSDet_baseline/pretrain/diffusiondet_r50_fpn_500-proposals_1-step_crop-ms-480-800-450k_coco_new2.pth 

backbone.layer3.0.bn2.bias - torch.Size([256]): 
PretrainedInit: load from https://www.modelscope.cn/models/wokaikaixinxin/ai4rs/resolve/master/GSDet_baseline/pretrain/diffusiondet_r50_fpn_500-proposals_1-step_crop-ms-480-800-450k_coco_new2.pth 

backbone.layer3.0.conv3.weight - torch.Size([1024, 256, 1, 1]): 
PretrainedInit: load from https://www.modelscope.cn/models/wokaikaixinxin/ai4rs/resolve/master/GSDet_baseline/pretrain/diffusiondet_r50_fpn_500-proposals_1-step_crop-ms-480-800-450k_coco_new2.pth 

backbone.layer3.0.bn3.weight - torch.Size([1024]): 
PretrainedInit: load from https://www.modelscope.cn/models/wokaikaixinxin/ai4rs/resolve/master/GSDet_baseline/pretrain/diffusiondet_r50_fpn_500-proposals_1-step_crop-ms-480-800-450k_coco_new2.pth 

backbone.layer3.0.bn3.bias - torch.Size([1024]): 
PretrainedInit: load from https://www.modelscope.cn/models/wokaikaixinxin/ai4rs/resolve/master/GSDet_baseline/pretrain/diffusiondet_r50_fpn_500-proposals_1-step_crop-ms-480-800-450k_coco_new2.pth 

backbone.layer3.0.downsample.0.weight - torch.Size([1024, 512, 1, 1]): 
PretrainedInit: load from https://www.modelscope.cn/models/wokaikaixinxin/ai4rs/resolve/master/GSDet_baseline/pretrain/diffusiondet_r50_fpn_500-proposals_1-step_crop-ms-480-800-450k_coco_new2.pth 

backbone.layer3.0.downsample.1.weight - torch.Size([1024]): 
PretrainedInit: load from https://www.modelscope.cn/models/wokaikaixinxin/ai4rs/resolve/master/GSDet_baseline/pretrain/diffusiondet_r50_fpn_500-proposals_1-step_crop-ms-480-800-450k_coco_new2.pth 

backbone.layer3.0.downsample.1.bias - torch.Size([1024]): 
PretrainedInit: load from https://www.modelscope.cn/models/wokaikaixinxin/ai4rs/resolve/master/GSDet_baseline/pretrain/diffusiondet_r50_fpn_500-proposals_1-step_crop-ms-480-800-450k_coco_new2.pth 

backbone.layer3.1.conv1.weight - torch.Size([256, 1024, 1, 1]): 
PretrainedInit: load from https://www.modelscope.cn/models/wokaikaixinxin/ai4rs/resolve/master/GSDet_baseline/pretrain/diffusiondet_r50_fpn_500-proposals_1-step_crop-ms-480-800-450k_coco_new2.pth 

backbone.layer3.1.bn1.weight - torch.Size([256]): 
PretrainedInit: load from https://www.modelscope.cn/models/wokaikaixinxin/ai4rs/resolve/master/GSDet_baseline/pretrain/diffusiondet_r50_fpn_500-proposals_1-step_crop-ms-480-800-450k_coco_new2.pth 

backbone.layer3.1.bn1.bias - torch.Size([256]): 
PretrainedInit: load from https://www.modelscope.cn/models/wokaikaixinxin/ai4rs/resolve/master/GSDet_baseline/pretrain/diffusiondet_r50_fpn_500-proposals_1-step_crop-ms-480-800-450k_coco_new2.pth 

backbone.layer3.1.conv2.weight - torch.Size([256, 256, 3, 3]): 
PretrainedInit: load from https://www.modelscope.cn/models/wokaikaixinxin/ai4rs/resolve/master/GSDet_baseline/pretrain/diffusiondet_r50_fpn_500-proposals_1-step_crop-ms-480-800-450k_coco_new2.pth 

backbone.layer3.1.bn2.weight - torch.Size([256]): 
PretrainedInit: load from https://www.modelscope.cn/models/wokaikaixinxin/ai4rs/resolve/master/GSDet_baseline/pretrain/diffusiondet_r50_fpn_500-proposals_1-step_crop-ms-480-800-450k_coco_new2.pth 

backbone.layer3.1.bn2.bias - torch.Size([256]): 
PretrainedInit: load from https://www.modelscope.cn/models/wokaikaixinxin/ai4rs/resolve/master/GSDet_baseline/pretrain/diffusiondet_r50_fpn_500-proposals_1-step_crop-ms-480-800-450k_coco_new2.pth 

backbone.layer3.1.conv3.weight - torch.Size([1024, 256, 1, 1]): 
PretrainedInit: load from https://www.modelscope.cn/models/wokaikaixinxin/ai4rs/resolve/master/GSDet_baseline/pretrain/diffusiondet_r50_fpn_500-proposals_1-step_crop-ms-480-800-450k_coco_new2.pth 

backbone.layer3.1.bn3.weight - torch.Size([1024]): 
PretrainedInit: load from https://www.modelscope.cn/models/wokaikaixinxin/ai4rs/resolve/master/GSDet_baseline/pretrain/diffusiondet_r50_fpn_500-proposals_1-step_crop-ms-480-800-450k_coco_new2.pth 

backbone.layer3.1.bn3.bias - torch.Size([1024]): 
PretrainedInit: load from https://www.modelscope.cn/models/wokaikaixinxin/ai4rs/resolve/master/GSDet_baseline/pretrain/diffusiondet_r50_fpn_500-proposals_1-step_crop-ms-480-800-450k_coco_new2.pth 

backbone.layer3.2.conv1.weight - torch.Size([256, 1024, 1, 1]): 
PretrainedInit: load from https://www.modelscope.cn/models/wokaikaixinxin/ai4rs/resolve/master/GSDet_baseline/pretrain/diffusiondet_r50_fpn_500-proposals_1-step_crop-ms-480-800-450k_coco_new2.pth 

backbone.layer3.2.bn1.weight - torch.Size([256]): 
PretrainedInit: load from https://www.modelscope.cn/models/wokaikaixinxin/ai4rs/resolve/master/GSDet_baseline/pretrain/diffusiondet_r50_fpn_500-proposals_1-step_crop-ms-480-800-450k_coco_new2.pth 

backbone.layer3.2.bn1.bias - torch.Size([256]): 
PretrainedInit: load from https://www.modelscope.cn/models/wokaikaixinxin/ai4rs/resolve/master/GSDet_baseline/pretrain/diffusiondet_r50_fpn_500-proposals_1-step_crop-ms-480-800-450k_coco_new2.pth 

backbone.layer3.2.conv2.weight - torch.Size([256, 256, 3, 3]): 
PretrainedInit: load from https://www.modelscope.cn/models/wokaikaixinxin/ai4rs/resolve/master/GSDet_baseline/pretrain/diffusiondet_r50_fpn_500-proposals_1-step_crop-ms-480-800-450k_coco_new2.pth 

backbone.layer3.2.bn2.weight - torch.Size([256]): 
PretrainedInit: load from https://www.modelscope.cn/models/wokaikaixinxin/ai4rs/resolve/master/GSDet_baseline/pretrain/diffusiondet_r50_fpn_500-proposals_1-step_crop-ms-480-800-450k_coco_new2.pth 

backbone.layer3.2.bn2.bias - torch.Size([256]): 
PretrainedInit: load from https://www.modelscope.cn/models/wokaikaixinxin/ai4rs/resolve/master/GSDet_baseline/pretrain/diffusiondet_r50_fpn_500-proposals_1-step_crop-ms-480-800-450k_coco_new2.pth 

backbone.layer3.2.conv3.weight - torch.Size([1024, 256, 1, 1]): 
PretrainedInit: load from https://www.modelscope.cn/models/wokaikaixinxin/ai4rs/resolve/master/GSDet_baseline/pretrain/diffusiondet_r50_fpn_500-proposals_1-step_crop-ms-480-800-450k_coco_new2.pth 

backbone.layer3.2.bn3.weight - torch.Size([1024]): 
PretrainedInit: load from https://www.modelscope.cn/models/wokaikaixinxin/ai4rs/resolve/master/GSDet_baseline/pretrain/diffusiondet_r50_fpn_500-proposals_1-step_crop-ms-480-800-450k_coco_new2.pth 

backbone.layer3.2.bn3.bias - torch.Size([1024]): 
PretrainedInit: load from https://www.modelscope.cn/models/wokaikaixinxin/ai4rs/resolve/master/GSDet_baseline/pretrain/diffusiondet_r50_fpn_500-proposals_1-step_crop-ms-480-800-450k_coco_new2.pth 

backbone.layer3.3.conv1.weight - torch.Size([256, 1024, 1, 1]): 
PretrainedInit: load from https://www.modelscope.cn/models/wokaikaixinxin/ai4rs/resolve/master/GSDet_baseline/pretrain/diffusiondet_r50_fpn_500-proposals_1-step_crop-ms-480-800-450k_coco_new2.pth 

backbone.layer3.3.bn1.weight - torch.Size([256]): 
PretrainedInit: load from https://www.modelscope.cn/models/wokaikaixinxin/ai4rs/resolve/master/GSDet_baseline/pretrain/diffusiondet_r50_fpn_500-proposals_1-step_crop-ms-480-800-450k_coco_new2.pth 

backbone.layer3.3.bn1.bias - torch.Size([256]): 
PretrainedInit: load from https://www.modelscope.cn/models/wokaikaixinxin/ai4rs/resolve/master/GSDet_baseline/pretrain/diffusiondet_r50_fpn_500-proposals_1-step_crop-ms-480-800-450k_coco_new2.pth 

backbone.layer3.3.conv2.weight - torch.Size([256, 256, 3, 3]): 
PretrainedInit: load from https://www.modelscope.cn/models/wokaikaixinxin/ai4rs/resolve/master/GSDet_baseline/pretrain/diffusiondet_r50_fpn_500-proposals_1-step_crop-ms-480-800-450k_coco_new2.pth 

backbone.layer3.3.bn2.weight - torch.Size([256]): 
PretrainedInit: load from https://www.modelscope.cn/models/wokaikaixinxin/ai4rs/resolve/master/GSDet_baseline/pretrain/diffusiondet_r50_fpn_500-proposals_1-step_crop-ms-480-800-450k_coco_new2.pth 

backbone.layer3.3.bn2.bias - torch.Size([256]): 
PretrainedInit: load from https://www.modelscope.cn/models/wokaikaixinxin/ai4rs/resolve/master/GSDet_baseline/pretrain/diffusiondet_r50_fpn_500-proposals_1-step_crop-ms-480-800-450k_coco_new2.pth 

backbone.layer3.3.conv3.weight - torch.Size([1024, 256, 1, 1]): 
PretrainedInit: load from https://www.modelscope.cn/models/wokaikaixinxin/ai4rs/resolve/master/GSDet_baseline/pretrain/diffusiondet_r50_fpn_500-proposals_1-step_crop-ms-480-800-450k_coco_new2.pth 

backbone.layer3.3.bn3.weight - torch.Size([1024]): 
PretrainedInit: load from https://www.modelscope.cn/models/wokaikaixinxin/ai4rs/resolve/master/GSDet_baseline/pretrain/diffusiondet_r50_fpn_500-proposals_1-step_crop-ms-480-800-450k_coco_new2.pth 

backbone.layer3.3.bn3.bias - torch.Size([1024]): 
PretrainedInit: load from https://www.modelscope.cn/models/wokaikaixinxin/ai4rs/resolve/master/GSDet_baseline/pretrain/diffusiondet_r50_fpn_500-proposals_1-step_crop-ms-480-800-450k_coco_new2.pth 

backbone.layer3.4.conv1.weight - torch.Size([256, 1024, 1, 1]): 
PretrainedInit: load from https://www.modelscope.cn/models/wokaikaixinxin/ai4rs/resolve/master/GSDet_baseline/pretrain/diffusiondet_r50_fpn_500-proposals_1-step_crop-ms-480-800-450k_coco_new2.pth 

backbone.layer3.4.bn1.weight - torch.Size([256]): 
PretrainedInit: load from https://www.modelscope.cn/models/wokaikaixinxin/ai4rs/resolve/master/GSDet_baseline/pretrain/diffusiondet_r50_fpn_500-proposals_1-step_crop-ms-480-800-450k_coco_new2.pth 

backbone.layer3.4.bn1.bias - torch.Size([256]): 
PretrainedInit: load from https://www.modelscope.cn/models/wokaikaixinxin/ai4rs/resolve/master/GSDet_baseline/pretrain/diffusiondet_r50_fpn_500-proposals_1-step_crop-ms-480-800-450k_coco_new2.pth 

backbone.layer3.4.conv2.weight - torch.Size([256, 256, 3, 3]): 
PretrainedInit: load from https://www.modelscope.cn/models/wokaikaixinxin/ai4rs/resolve/master/GSDet_baseline/pretrain/diffusiondet_r50_fpn_500-proposals_1-step_crop-ms-480-800-450k_coco_new2.pth 

backbone.layer3.4.bn2.weight - torch.Size([256]): 
PretrainedInit: load from https://www.modelscope.cn/models/wokaikaixinxin/ai4rs/resolve/master/GSDet_baseline/pretrain/diffusiondet_r50_fpn_500-proposals_1-step_crop-ms-480-800-450k_coco_new2.pth 

backbone.layer3.4.bn2.bias - torch.Size([256]): 
PretrainedInit: load from https://www.modelscope.cn/models/wokaikaixinxin/ai4rs/resolve/master/GSDet_baseline/pretrain/diffusiondet_r50_fpn_500-proposals_1-step_crop-ms-480-800-450k_coco_new2.pth 

backbone.layer3.4.conv3.weight - torch.Size([1024, 256, 1, 1]): 
PretrainedInit: load from https://www.modelscope.cn/models/wokaikaixinxin/ai4rs/resolve/master/GSDet_baseline/pretrain/diffusiondet_r50_fpn_500-proposals_1-step_crop-ms-480-800-450k_coco_new2.pth 

backbone.layer3.4.bn3.weight - torch.Size([1024]): 
PretrainedInit: load from https://www.modelscope.cn/models/wokaikaixinxin/ai4rs/resolve/master/GSDet_baseline/pretrain/diffusiondet_r50_fpn_500-proposals_1-step_crop-ms-480-800-450k_coco_new2.pth 

backbone.layer3.4.bn3.bias - torch.Size([1024]): 
PretrainedInit: load from https://www.modelscope.cn/models/wokaikaixinxin/ai4rs/resolve/master/GSDet_baseline/pretrain/diffusiondet_r50_fpn_500-proposals_1-step_crop-ms-480-800-450k_coco_new2.pth 

backbone.layer3.5.conv1.weight - torch.Size([256, 1024, 1, 1]): 
PretrainedInit: load from https://www.modelscope.cn/models/wokaikaixinxin/ai4rs/resolve/master/GSDet_baseline/pretrain/diffusiondet_r50_fpn_500-proposals_1-step_crop-ms-480-800-450k_coco_new2.pth 

backbone.layer3.5.bn1.weight - torch.Size([256]): 
PretrainedInit: load from https://www.modelscope.cn/models/wokaikaixinxin/ai4rs/resolve/master/GSDet_baseline/pretrain/diffusiondet_r50_fpn_500-proposals_1-step_crop-ms-480-800-450k_coco_new2.pth 

backbone.layer3.5.bn1.bias - torch.Size([256]): 
PretrainedInit: load from https://www.modelscope.cn/models/wokaikaixinxin/ai4rs/resolve/master/GSDet_baseline/pretrain/diffusiondet_r50_fpn_500-proposals_1-step_crop-ms-480-800-450k_coco_new2.pth 

backbone.layer3.5.conv2.weight - torch.Size([256, 256, 3, 3]): 
PretrainedInit: load from https://www.modelscope.cn/models/wokaikaixinxin/ai4rs/resolve/master/GSDet_baseline/pretrain/diffusiondet_r50_fpn_500-proposals_1-step_crop-ms-480-800-450k_coco_new2.pth 

backbone.layer3.5.bn2.weight - torch.Size([256]): 
PretrainedInit: load from https://www.modelscope.cn/models/wokaikaixinxin/ai4rs/resolve/master/GSDet_baseline/pretrain/diffusiondet_r50_fpn_500-proposals_1-step_crop-ms-480-800-450k_coco_new2.pth 

backbone.layer3.5.bn2.bias - torch.Size([256]): 
PretrainedInit: load from https://www.modelscope.cn/models/wokaikaixinxin/ai4rs/resolve/master/GSDet_baseline/pretrain/diffusiondet_r50_fpn_500-proposals_1-step_crop-ms-480-800-450k_coco_new2.pth 

backbone.layer3.5.conv3.weight - torch.Size([1024, 256, 1, 1]): 
PretrainedInit: load from https://www.modelscope.cn/models/wokaikaixinxin/ai4rs/resolve/master/GSDet_baseline/pretrain/diffusiondet_r50_fpn_500-proposals_1-step_crop-ms-480-800-450k_coco_new2.pth 

backbone.layer3.5.bn3.weight - torch.Size([1024]): 
PretrainedInit: load from https://www.modelscope.cn/models/wokaikaixinxin/ai4rs/resolve/master/GSDet_baseline/pretrain/diffusiondet_r50_fpn_500-proposals_1-step_crop-ms-480-800-450k_coco_new2.pth 

backbone.layer3.5.bn3.bias - torch.Size([1024]): 
PretrainedInit: load from https://www.modelscope.cn/models/wokaikaixinxin/ai4rs/resolve/master/GSDet_baseline/pretrain/diffusiondet_r50_fpn_500-proposals_1-step_crop-ms-480-800-450k_coco_new2.pth 

backbone.layer4.0.conv1.weight - torch.Size([512, 1024, 1, 1]): 
PretrainedInit: load from https://www.modelscope.cn/models/wokaikaixinxin/ai4rs/resolve/master/GSDet_baseline/pretrain/diffusiondet_r50_fpn_500-proposals_1-step_crop-ms-480-800-450k_coco_new2.pth 

backbone.layer4.0.bn1.weight - torch.Size([512]): 
PretrainedInit: load from https://www.modelscope.cn/models/wokaikaixinxin/ai4rs/resolve/master/GSDet_baseline/pretrain/diffusiondet_r50_fpn_500-proposals_1-step_crop-ms-480-800-450k_coco_new2.pth 

backbone.layer4.0.bn1.bias - torch.Size([512]): 
PretrainedInit: load from https://www.modelscope.cn/models/wokaikaixinxin/ai4rs/resolve/master/GSDet_baseline/pretrain/diffusiondet_r50_fpn_500-proposals_1-step_crop-ms-480-800-450k_coco_new2.pth 

backbone.layer4.0.conv2.weight - torch.Size([512, 512, 3, 3]): 
PretrainedInit: load from https://www.modelscope.cn/models/wokaikaixinxin/ai4rs/resolve/master/GSDet_baseline/pretrain/diffusiondet_r50_fpn_500-proposals_1-step_crop-ms-480-800-450k_coco_new2.pth 

backbone.layer4.0.bn2.weight - torch.Size([512]): 
PretrainedInit: load from https://www.modelscope.cn/models/wokaikaixinxin/ai4rs/resolve/master/GSDet_baseline/pretrain/diffusiondet_r50_fpn_500-proposals_1-step_crop-ms-480-800-450k_coco_new2.pth 

backbone.layer4.0.bn2.bias - torch.Size([512]): 
PretrainedInit: load from https://www.modelscope.cn/models/wokaikaixinxin/ai4rs/resolve/master/GSDet_baseline/pretrain/diffusiondet_r50_fpn_500-proposals_1-step_crop-ms-480-800-450k_coco_new2.pth 

backbone.layer4.0.conv3.weight - torch.Size([2048, 512, 1, 1]): 
PretrainedInit: load from https://www.modelscope.cn/models/wokaikaixinxin/ai4rs/resolve/master/GSDet_baseline/pretrain/diffusiondet_r50_fpn_500-proposals_1-step_crop-ms-480-800-450k_coco_new2.pth 

backbone.layer4.0.bn3.weight - torch.Size([2048]): 
PretrainedInit: load from https://www.modelscope.cn/models/wokaikaixinxin/ai4rs/resolve/master/GSDet_baseline/pretrain/diffusiondet_r50_fpn_500-proposals_1-step_crop-ms-480-800-450k_coco_new2.pth 

backbone.layer4.0.bn3.bias - torch.Size([2048]): 
PretrainedInit: load from https://www.modelscope.cn/models/wokaikaixinxin/ai4rs/resolve/master/GSDet_baseline/pretrain/diffusiondet_r50_fpn_500-proposals_1-step_crop-ms-480-800-450k_coco_new2.pth 

backbone.layer4.0.downsample.0.weight - torch.Size([2048, 1024, 1, 1]): 
PretrainedInit: load from https://www.modelscope.cn/models/wokaikaixinxin/ai4rs/resolve/master/GSDet_baseline/pretrain/diffusiondet_r50_fpn_500-proposals_1-step_crop-ms-480-800-450k_coco_new2.pth 

backbone.layer4.0.downsample.1.weight - torch.Size([2048]): 
PretrainedInit: load from https://www.modelscope.cn/models/wokaikaixinxin/ai4rs/resolve/master/GSDet_baseline/pretrain/diffusiondet_r50_fpn_500-proposals_1-step_crop-ms-480-800-450k_coco_new2.pth 

backbone.layer4.0.downsample.1.bias - torch.Size([2048]): 
PretrainedInit: load from https://www.modelscope.cn/models/wokaikaixinxin/ai4rs/resolve/master/GSDet_baseline/pretrain/diffusiondet_r50_fpn_500-proposals_1-step_crop-ms-480-800-450k_coco_new2.pth 

backbone.layer4.1.conv1.weight - torch.Size([512, 2048, 1, 1]): 
PretrainedInit: load from https://www.modelscope.cn/models/wokaikaixinxin/ai4rs/resolve/master/GSDet_baseline/pretrain/diffusiondet_r50_fpn_500-proposals_1-step_crop-ms-480-800-450k_coco_new2.pth 

backbone.layer4.1.bn1.weight - torch.Size([512]): 
PretrainedInit: load from https://www.modelscope.cn/models/wokaikaixinxin/ai4rs/resolve/master/GSDet_baseline/pretrain/diffusiondet_r50_fpn_500-proposals_1-step_crop-ms-480-800-450k_coco_new2.pth 

backbone.layer4.1.bn1.bias - torch.Size([512]): 
PretrainedInit: load from https://www.modelscope.cn/models/wokaikaixinxin/ai4rs/resolve/master/GSDet_baseline/pretrain/diffusiondet_r50_fpn_500-proposals_1-step_crop-ms-480-800-450k_coco_new2.pth 

backbone.layer4.1.conv2.weight - torch.Size([512, 512, 3, 3]): 
PretrainedInit: load from https://www.modelscope.cn/models/wokaikaixinxin/ai4rs/resolve/master/GSDet_baseline/pretrain/diffusiondet_r50_fpn_500-proposals_1-step_crop-ms-480-800-450k_coco_new2.pth 

backbone.layer4.1.bn2.weight - torch.Size([512]): 
PretrainedInit: load from https://www.modelscope.cn/models/wokaikaixinxin/ai4rs/resolve/master/GSDet_baseline/pretrain/diffusiondet_r50_fpn_500-proposals_1-step_crop-ms-480-800-450k_coco_new2.pth 

backbone.layer4.1.bn2.bias - torch.Size([512]): 
PretrainedInit: load from https://www.modelscope.cn/models/wokaikaixinxin/ai4rs/resolve/master/GSDet_baseline/pretrain/diffusiondet_r50_fpn_500-proposals_1-step_crop-ms-480-800-450k_coco_new2.pth 

backbone.layer4.1.conv3.weight - torch.Size([2048, 512, 1, 1]): 
PretrainedInit: load from https://www.modelscope.cn/models/wokaikaixinxin/ai4rs/resolve/master/GSDet_baseline/pretrain/diffusiondet_r50_fpn_500-proposals_1-step_crop-ms-480-800-450k_coco_new2.pth 

backbone.layer4.1.bn3.weight - torch.Size([2048]): 
PretrainedInit: load from https://www.modelscope.cn/models/wokaikaixinxin/ai4rs/resolve/master/GSDet_baseline/pretrain/diffusiondet_r50_fpn_500-proposals_1-step_crop-ms-480-800-450k_coco_new2.pth 

backbone.layer4.1.bn3.bias - torch.Size([2048]): 
PretrainedInit: load from https://www.modelscope.cn/models/wokaikaixinxin/ai4rs/resolve/master/GSDet_baseline/pretrain/diffusiondet_r50_fpn_500-proposals_1-step_crop-ms-480-800-450k_coco_new2.pth 

backbone.layer4.2.conv1.weight - torch.Size([512, 2048, 1, 1]): 
PretrainedInit: load from https://www.modelscope.cn/models/wokaikaixinxin/ai4rs/resolve/master/GSDet_baseline/pretrain/diffusiondet_r50_fpn_500-proposals_1-step_crop-ms-480-800-450k_coco_new2.pth 

backbone.layer4.2.bn1.weight - torch.Size([512]): 
PretrainedInit: load from https://www.modelscope.cn/models/wokaikaixinxin/ai4rs/resolve/master/GSDet_baseline/pretrain/diffusiondet_r50_fpn_500-proposals_1-step_crop-ms-480-800-450k_coco_new2.pth 

backbone.layer4.2.bn1.bias - torch.Size([512]): 
PretrainedInit: load from https://www.modelscope.cn/models/wokaikaixinxin/ai4rs/resolve/master/GSDet_baseline/pretrain/diffusiondet_r50_fpn_500-proposals_1-step_crop-ms-480-800-450k_coco_new2.pth 

backbone.layer4.2.conv2.weight - torch.Size([512, 512, 3, 3]): 
PretrainedInit: load from https://www.modelscope.cn/models/wokaikaixinxin/ai4rs/resolve/master/GSDet_baseline/pretrain/diffusiondet_r50_fpn_500-proposals_1-step_crop-ms-480-800-450k_coco_new2.pth 

backbone.layer4.2.bn2.weight - torch.Size([512]): 
PretrainedInit: load from https://www.modelscope.cn/models/wokaikaixinxin/ai4rs/resolve/master/GSDet_baseline/pretrain/diffusiondet_r50_fpn_500-proposals_1-step_crop-ms-480-800-450k_coco_new2.pth 

backbone.layer4.2.bn2.bias - torch.Size([512]): 
PretrainedInit: load from https://www.modelscope.cn/models/wokaikaixinxin/ai4rs/resolve/master/GSDet_baseline/pretrain/diffusiondet_r50_fpn_500-proposals_1-step_crop-ms-480-800-450k_coco_new2.pth 

backbone.layer4.2.conv3.weight - torch.Size([2048, 512, 1, 1]): 
PretrainedInit: load from https://www.modelscope.cn/models/wokaikaixinxin/ai4rs/resolve/master/GSDet_baseline/pretrain/diffusiondet_r50_fpn_500-proposals_1-step_crop-ms-480-800-450k_coco_new2.pth 

backbone.layer4.2.bn3.weight - torch.Size([2048]): 
PretrainedInit: load from https://www.modelscope.cn/models/wokaikaixinxin/ai4rs/resolve/master/GSDet_baseline/pretrain/diffusiondet_r50_fpn_500-proposals_1-step_crop-ms-480-800-450k_coco_new2.pth 

backbone.layer4.2.bn3.bias - torch.Size([2048]): 
PretrainedInit: load from https://www.modelscope.cn/models/wokaikaixinxin/ai4rs/resolve/master/GSDet_baseline/pretrain/diffusiondet_r50_fpn_500-proposals_1-step_crop-ms-480-800-450k_coco_new2.pth 

neck.lateral_convs.0.conv.weight - torch.Size([256, 256, 1, 1]): 
PretrainedInit: load from https://www.modelscope.cn/models/wokaikaixinxin/ai4rs/resolve/master/GSDet_baseline/pretrain/diffusiondet_r50_fpn_500-proposals_1-step_crop-ms-480-800-450k_coco_new2.pth 

neck.lateral_convs.0.conv.bias - torch.Size([256]): 
PretrainedInit: load from https://www.modelscope.cn/models/wokaikaixinxin/ai4rs/resolve/master/GSDet_baseline/pretrain/diffusiondet_r50_fpn_500-proposals_1-step_crop-ms-480-800-450k_coco_new2.pth 

neck.lateral_convs.1.conv.weight - torch.Size([256, 512, 1, 1]): 
PretrainedInit: load from https://www.modelscope.cn/models/wokaikaixinxin/ai4rs/resolve/master/GSDet_baseline/pretrain/diffusiondet_r50_fpn_500-proposals_1-step_crop-ms-480-800-450k_coco_new2.pth 

neck.lateral_convs.1.conv.bias - torch.Size([256]): 
PretrainedInit: load from https://www.modelscope.cn/models/wokaikaixinxin/ai4rs/resolve/master/GSDet_baseline/pretrain/diffusiondet_r50_fpn_500-proposals_1-step_crop-ms-480-800-450k_coco_new2.pth 

neck.lateral_convs.2.conv.weight - torch.Size([256, 1024, 1, 1]): 
PretrainedInit: load from https://www.modelscope.cn/models/wokaikaixinxin/ai4rs/resolve/master/GSDet_baseline/pretrain/diffusiondet_r50_fpn_500-proposals_1-step_crop-ms-480-800-450k_coco_new2.pth 

neck.lateral_convs.2.conv.bias - torch.Size([256]): 
PretrainedInit: load from https://www.modelscope.cn/models/wokaikaixinxin/ai4rs/resolve/master/GSDet_baseline/pretrain/diffusiondet_r50_fpn_500-proposals_1-step_crop-ms-480-800-450k_coco_new2.pth 

neck.lateral_convs.3.conv.weight - torch.Size([256, 2048, 1, 1]): 
PretrainedInit: load from https://www.modelscope.cn/models/wokaikaixinxin/ai4rs/resolve/master/GSDet_baseline/pretrain/diffusiondet_r50_fpn_500-proposals_1-step_crop-ms-480-800-450k_coco_new2.pth 

neck.lateral_convs.3.conv.bias - torch.Size([256]): 
PretrainedInit: load from https://www.modelscope.cn/models/wokaikaixinxin/ai4rs/resolve/master/GSDet_baseline/pretrain/diffusiondet_r50_fpn_500-proposals_1-step_crop-ms-480-800-450k_coco_new2.pth 

neck.fpn_convs.0.conv.weight - torch.Size([256, 256, 3, 3]): 
PretrainedInit: load from https://www.modelscope.cn/models/wokaikaixinxin/ai4rs/resolve/master/GSDet_baseline/pretrain/diffusiondet_r50_fpn_500-proposals_1-step_crop-ms-480-800-450k_coco_new2.pth 

neck.fpn_convs.0.conv.bias - torch.Size([256]): 
PretrainedInit: load from https://www.modelscope.cn/models/wokaikaixinxin/ai4rs/resolve/master/GSDet_baseline/pretrain/diffusiondet_r50_fpn_500-proposals_1-step_crop-ms-480-800-450k_coco_new2.pth 

neck.fpn_convs.1.conv.weight - torch.Size([256, 256, 3, 3]): 
PretrainedInit: load from https://www.modelscope.cn/models/wokaikaixinxin/ai4rs/resolve/master/GSDet_baseline/pretrain/diffusiondet_r50_fpn_500-proposals_1-step_crop-ms-480-800-450k_coco_new2.pth 

neck.fpn_convs.1.conv.bias - torch.Size([256]): 
PretrainedInit: load from https://www.modelscope.cn/models/wokaikaixinxin/ai4rs/resolve/master/GSDet_baseline/pretrain/diffusiondet_r50_fpn_500-proposals_1-step_crop-ms-480-800-450k_coco_new2.pth 

neck.fpn_convs.2.conv.weight - torch.Size([256, 256, 3, 3]): 
PretrainedInit: load from https://www.modelscope.cn/models/wokaikaixinxin/ai4rs/resolve/master/GSDet_baseline/pretrain/diffusiondet_r50_fpn_500-proposals_1-step_crop-ms-480-800-450k_coco_new2.pth 

neck.fpn_convs.2.conv.bias - torch.Size([256]): 
PretrainedInit: load from https://www.modelscope.cn/models/wokaikaixinxin/ai4rs/resolve/master/GSDet_baseline/pretrain/diffusiondet_r50_fpn_500-proposals_1-step_crop-ms-480-800-450k_coco_new2.pth 

neck.fpn_convs.3.conv.weight - torch.Size([256, 256, 3, 3]): 
PretrainedInit: load from https://www.modelscope.cn/models/wokaikaixinxin/ai4rs/resolve/master/GSDet_baseline/pretrain/diffusiondet_r50_fpn_500-proposals_1-step_crop-ms-480-800-450k_coco_new2.pth 

neck.fpn_convs.3.conv.bias - torch.Size([256]): 
PretrainedInit: load from https://www.modelscope.cn/models/wokaikaixinxin/ai4rs/resolve/master/GSDet_baseline/pretrain/diffusiondet_r50_fpn_500-proposals_1-step_crop-ms-480-800-450k_coco_new2.pth 

rpn_head.head_series.0.self_attn.in_proj_weight - torch.Size([768, 256]): 
PretrainedInit: load from https://www.modelscope.cn/models/wokaikaixinxin/ai4rs/resolve/master/GSDet_baseline/pretrain/diffusiondet_r50_fpn_500-proposals_1-step_crop-ms-480-800-450k_coco_new2.pth 

rpn_head.head_series.0.self_attn.in_proj_bias - torch.Size([768]): 
PretrainedInit: load from https://www.modelscope.cn/models/wokaikaixinxin/ai4rs/resolve/master/GSDet_baseline/pretrain/diffusiondet_r50_fpn_500-proposals_1-step_crop-ms-480-800-450k_coco_new2.pth 

rpn_head.head_series.0.self_attn.out_proj.weight - torch.Size([256, 256]): 
PretrainedInit: load from https://www.modelscope.cn/models/wokaikaixinxin/ai4rs/resolve/master/GSDet_baseline/pretrain/diffusiondet_r50_fpn_500-proposals_1-step_crop-ms-480-800-450k_coco_new2.pth 

rpn_head.head_series.0.self_attn.out_proj.bias - torch.Size([256]): 
PretrainedInit: load from https://www.modelscope.cn/models/wokaikaixinxin/ai4rs/resolve/master/GSDet_baseline/pretrain/diffusiondet_r50_fpn_500-proposals_1-step_crop-ms-480-800-450k_coco_new2.pth 

rpn_head.head_series.0.inst_interact.dynamic_layer.weight - torch.Size([32768, 256]): 
PretrainedInit: load from https://www.modelscope.cn/models/wokaikaixinxin/ai4rs/resolve/master/GSDet_baseline/pretrain/diffusiondet_r50_fpn_500-proposals_1-step_crop-ms-480-800-450k_coco_new2.pth 

rpn_head.head_series.0.inst_interact.dynamic_layer.bias - torch.Size([32768]): 
PretrainedInit: load from https://www.modelscope.cn/models/wokaikaixinxin/ai4rs/resolve/master/GSDet_baseline/pretrain/diffusiondet_r50_fpn_500-proposals_1-step_crop-ms-480-800-450k_coco_new2.pth 

rpn_head.head_series.0.inst_interact.norm1.weight - torch.Size([64]): 
PretrainedInit: load from https://www.modelscope.cn/models/wokaikaixinxin/ai4rs/resolve/master/GSDet_baseline/pretrain/diffusiondet_r50_fpn_500-proposals_1-step_crop-ms-480-800-450k_coco_new2.pth 

rpn_head.head_series.0.inst_interact.norm1.bias - torch.Size([64]): 
PretrainedInit: load from https://www.modelscope.cn/models/wokaikaixinxin/ai4rs/resolve/master/GSDet_baseline/pretrain/diffusiondet_r50_fpn_500-proposals_1-step_crop-ms-480-800-450k_coco_new2.pth 

rpn_head.head_series.0.inst_interact.norm2.weight - torch.Size([256]): 
PretrainedInit: load from https://www.modelscope.cn/models/wokaikaixinxin/ai4rs/resolve/master/GSDet_baseline/pretrain/diffusiondet_r50_fpn_500-proposals_1-step_crop-ms-480-800-450k_coco_new2.pth 

rpn_head.head_series.0.inst_interact.norm2.bias - torch.Size([256]): 
PretrainedInit: load from https://www.modelscope.cn/models/wokaikaixinxin/ai4rs/resolve/master/GSDet_baseline/pretrain/diffusiondet_r50_fpn_500-proposals_1-step_crop-ms-480-800-450k_coco_new2.pth 

rpn_head.head_series.0.inst_interact.out_layer.weight - torch.Size([256, 12544]): 
PretrainedInit: load from https://www.modelscope.cn/models/wokaikaixinxin/ai4rs/resolve/master/GSDet_baseline/pretrain/diffusiondet_r50_fpn_500-proposals_1-step_crop-ms-480-800-450k_coco_new2.pth 

rpn_head.head_series.0.inst_interact.out_layer.bias - torch.Size([256]): 
PretrainedInit: load from https://www.modelscope.cn/models/wokaikaixinxin/ai4rs/resolve/master/GSDet_baseline/pretrain/diffusiondet_r50_fpn_500-proposals_1-step_crop-ms-480-800-450k_coco_new2.pth 

rpn_head.head_series.0.inst_interact.norm3.weight - torch.Size([256]): 
PretrainedInit: load from https://www.modelscope.cn/models/wokaikaixinxin/ai4rs/resolve/master/GSDet_baseline/pretrain/diffusiondet_r50_fpn_500-proposals_1-step_crop-ms-480-800-450k_coco_new2.pth 

rpn_head.head_series.0.inst_interact.norm3.bias - torch.Size([256]): 
PretrainedInit: load from https://www.modelscope.cn/models/wokaikaixinxin/ai4rs/resolve/master/GSDet_baseline/pretrain/diffusiondet_r50_fpn_500-proposals_1-step_crop-ms-480-800-450k_coco_new2.pth 

rpn_head.head_series.0.linear1.weight - torch.Size([2048, 256]): 
PretrainedInit: load from https://www.modelscope.cn/models/wokaikaixinxin/ai4rs/resolve/master/GSDet_baseline/pretrain/diffusiondet_r50_fpn_500-proposals_1-step_crop-ms-480-800-450k_coco_new2.pth 

rpn_head.head_series.0.linear1.bias - torch.Size([2048]): 
PretrainedInit: load from https://www.modelscope.cn/models/wokaikaixinxin/ai4rs/resolve/master/GSDet_baseline/pretrain/diffusiondet_r50_fpn_500-proposals_1-step_crop-ms-480-800-450k_coco_new2.pth 

rpn_head.head_series.0.linear2.weight - torch.Size([256, 2048]): 
PretrainedInit: load from https://www.modelscope.cn/models/wokaikaixinxin/ai4rs/resolve/master/GSDet_baseline/pretrain/diffusiondet_r50_fpn_500-proposals_1-step_crop-ms-480-800-450k_coco_new2.pth 

rpn_head.head_series.0.linear2.bias - torch.Size([256]): 
PretrainedInit: load from https://www.modelscope.cn/models/wokaikaixinxin/ai4rs/resolve/master/GSDet_baseline/pretrain/diffusiondet_r50_fpn_500-proposals_1-step_crop-ms-480-800-450k_coco_new2.pth 

rpn_head.head_series.0.norm1.weight - torch.Size([256]): 
PretrainedInit: load from https://www.modelscope.cn/models/wokaikaixinxin/ai4rs/resolve/master/GSDet_baseline/pretrain/diffusiondet_r50_fpn_500-proposals_1-step_crop-ms-480-800-450k_coco_new2.pth 

rpn_head.head_series.0.norm1.bias - torch.Size([256]): 
PretrainedInit: load from https://www.modelscope.cn/models/wokaikaixinxin/ai4rs/resolve/master/GSDet_baseline/pretrain/diffusiondet_r50_fpn_500-proposals_1-step_crop-ms-480-800-450k_coco_new2.pth 

rpn_head.head_series.0.norm2.weight - torch.Size([256]): 
PretrainedInit: load from https://www.modelscope.cn/models/wokaikaixinxin/ai4rs/resolve/master/GSDet_baseline/pretrain/diffusiondet_r50_fpn_500-proposals_1-step_crop-ms-480-800-450k_coco_new2.pth 

rpn_head.head_series.0.norm2.bias - torch.Size([256]): 
PretrainedInit: load from https://www.modelscope.cn/models/wokaikaixinxin/ai4rs/resolve/master/GSDet_baseline/pretrain/diffusiondet_r50_fpn_500-proposals_1-step_crop-ms-480-800-450k_coco_new2.pth 

rpn_head.head_series.0.norm3.weight - torch.Size([256]): 
PretrainedInit: load from https://www.modelscope.cn/models/wokaikaixinxin/ai4rs/resolve/master/GSDet_baseline/pretrain/diffusiondet_r50_fpn_500-proposals_1-step_crop-ms-480-800-450k_coco_new2.pth 

rpn_head.head_series.0.norm3.bias - torch.Size([256]): 
PretrainedInit: load from https://www.modelscope.cn/models/wokaikaixinxin/ai4rs/resolve/master/GSDet_baseline/pretrain/diffusiondet_r50_fpn_500-proposals_1-step_crop-ms-480-800-450k_coco_new2.pth 

rpn_head.head_series.0.cls_module.0.weight - torch.Size([256, 256]): 
PretrainedInit: load from https://www.modelscope.cn/models/wokaikaixinxin/ai4rs/resolve/master/GSDet_baseline/pretrain/diffusiondet_r50_fpn_500-proposals_1-step_crop-ms-480-800-450k_coco_new2.pth 

rpn_head.head_series.0.cls_module.1.weight - torch.Size([256]): 
PretrainedInit: load from https://www.modelscope.cn/models/wokaikaixinxin/ai4rs/resolve/master/GSDet_baseline/pretrain/diffusiondet_r50_fpn_500-proposals_1-step_crop-ms-480-800-450k_coco_new2.pth 

rpn_head.head_series.0.cls_module.1.bias - torch.Size([256]): 
PretrainedInit: load from https://www.modelscope.cn/models/wokaikaixinxin/ai4rs/resolve/master/GSDet_baseline/pretrain/diffusiondet_r50_fpn_500-proposals_1-step_crop-ms-480-800-450k_coco_new2.pth 

rpn_head.head_series.0.reg_module.0.weight - torch.Size([256, 256]): 
PretrainedInit: load from https://www.modelscope.cn/models/wokaikaixinxin/ai4rs/resolve/master/GSDet_baseline/pretrain/diffusiondet_r50_fpn_500-proposals_1-step_crop-ms-480-800-450k_coco_new2.pth 

rpn_head.head_series.0.reg_module.1.weight - torch.Size([256]): 
PretrainedInit: load from https://www.modelscope.cn/models/wokaikaixinxin/ai4rs/resolve/master/GSDet_baseline/pretrain/diffusiondet_r50_fpn_500-proposals_1-step_crop-ms-480-800-450k_coco_new2.pth 

rpn_head.head_series.0.reg_module.1.bias - torch.Size([256]): 
PretrainedInit: load from https://www.modelscope.cn/models/wokaikaixinxin/ai4rs/resolve/master/GSDet_baseline/pretrain/diffusiondet_r50_fpn_500-proposals_1-step_crop-ms-480-800-450k_coco_new2.pth 

rpn_head.head_series.0.reg_module.3.weight - torch.Size([256, 256]): 
PretrainedInit: load from https://www.modelscope.cn/models/wokaikaixinxin/ai4rs/resolve/master/GSDet_baseline/pretrain/diffusiondet_r50_fpn_500-proposals_1-step_crop-ms-480-800-450k_coco_new2.pth 

rpn_head.head_series.0.reg_module.4.weight - torch.Size([256]): 
PretrainedInit: load from https://www.modelscope.cn/models/wokaikaixinxin/ai4rs/resolve/master/GSDet_baseline/pretrain/diffusiondet_r50_fpn_500-proposals_1-step_crop-ms-480-800-450k_coco_new2.pth 

rpn_head.head_series.0.reg_module.4.bias - torch.Size([256]): 
PretrainedInit: load from https://www.modelscope.cn/models/wokaikaixinxin/ai4rs/resolve/master/GSDet_baseline/pretrain/diffusiondet_r50_fpn_500-proposals_1-step_crop-ms-480-800-450k_coco_new2.pth 

rpn_head.head_series.0.reg_module.6.weight - torch.Size([256, 256]): 
PretrainedInit: load from https://www.modelscope.cn/models/wokaikaixinxin/ai4rs/resolve/master/GSDet_baseline/pretrain/diffusiondet_r50_fpn_500-proposals_1-step_crop-ms-480-800-450k_coco_new2.pth 

rpn_head.head_series.0.reg_module.7.weight - torch.Size([256]): 
PretrainedInit: load from https://www.modelscope.cn/models/wokaikaixinxin/ai4rs/resolve/master/GSDet_baseline/pretrain/diffusiondet_r50_fpn_500-proposals_1-step_crop-ms-480-800-450k_coco_new2.pth 

rpn_head.head_series.0.reg_module.7.bias - torch.Size([256]): 
PretrainedInit: load from https://www.modelscope.cn/models/wokaikaixinxin/ai4rs/resolve/master/GSDet_baseline/pretrain/diffusiondet_r50_fpn_500-proposals_1-step_crop-ms-480-800-450k_coco_new2.pth 

rpn_head.head_series.0.class_logits.weight - torch.Size([37, 256]): 
The value is the same before and after calling `init_weights` of GSDet  

rpn_head.head_series.0.class_logits.bias - torch.Size([37]): 
The value is the same before and after calling `init_weights` of GSDet  

rpn_head.head_series.0.bboxes_delta.weight - torch.Size([4, 256]): 
PretrainedInit: load from https://www.modelscope.cn/models/wokaikaixinxin/ai4rs/resolve/master/GSDet_baseline/pretrain/diffusiondet_r50_fpn_500-proposals_1-step_crop-ms-480-800-450k_coco_new2.pth 

rpn_head.head_series.0.bboxes_delta.bias - torch.Size([4]): 
PretrainedInit: load from https://www.modelscope.cn/models/wokaikaixinxin/ai4rs/resolve/master/GSDet_baseline/pretrain/diffusiondet_r50_fpn_500-proposals_1-step_crop-ms-480-800-450k_coco_new2.pth 

rpn_head.head_series.1.self_attn.in_proj_weight - torch.Size([768, 256]): 
PretrainedInit: load from https://www.modelscope.cn/models/wokaikaixinxin/ai4rs/resolve/master/GSDet_baseline/pretrain/diffusiondet_r50_fpn_500-proposals_1-step_crop-ms-480-800-450k_coco_new2.pth 

rpn_head.head_series.1.self_attn.in_proj_bias - torch.Size([768]): 
PretrainedInit: load from https://www.modelscope.cn/models/wokaikaixinxin/ai4rs/resolve/master/GSDet_baseline/pretrain/diffusiondet_r50_fpn_500-proposals_1-step_crop-ms-480-800-450k_coco_new2.pth 

rpn_head.head_series.1.self_attn.out_proj.weight - torch.Size([256, 256]): 
PretrainedInit: load from https://www.modelscope.cn/models/wokaikaixinxin/ai4rs/resolve/master/GSDet_baseline/pretrain/diffusiondet_r50_fpn_500-proposals_1-step_crop-ms-480-800-450k_coco_new2.pth 

rpn_head.head_series.1.self_attn.out_proj.bias - torch.Size([256]): 
PretrainedInit: load from https://www.modelscope.cn/models/wokaikaixinxin/ai4rs/resolve/master/GSDet_baseline/pretrain/diffusiondet_r50_fpn_500-proposals_1-step_crop-ms-480-800-450k_coco_new2.pth 

rpn_head.head_series.1.inst_interact.dynamic_layer.weight - torch.Size([32768, 256]): 
PretrainedInit: load from https://www.modelscope.cn/models/wokaikaixinxin/ai4rs/resolve/master/GSDet_baseline/pretrain/diffusiondet_r50_fpn_500-proposals_1-step_crop-ms-480-800-450k_coco_new2.pth 

rpn_head.head_series.1.inst_interact.dynamic_layer.bias - torch.Size([32768]): 
PretrainedInit: load from https://www.modelscope.cn/models/wokaikaixinxin/ai4rs/resolve/master/GSDet_baseline/pretrain/diffusiondet_r50_fpn_500-proposals_1-step_crop-ms-480-800-450k_coco_new2.pth 

rpn_head.head_series.1.inst_interact.norm1.weight - torch.Size([64]): 
PretrainedInit: load from https://www.modelscope.cn/models/wokaikaixinxin/ai4rs/resolve/master/GSDet_baseline/pretrain/diffusiondet_r50_fpn_500-proposals_1-step_crop-ms-480-800-450k_coco_new2.pth 

rpn_head.head_series.1.inst_interact.norm1.bias - torch.Size([64]): 
PretrainedInit: load from https://www.modelscope.cn/models/wokaikaixinxin/ai4rs/resolve/master/GSDet_baseline/pretrain/diffusiondet_r50_fpn_500-proposals_1-step_crop-ms-480-800-450k_coco_new2.pth 

rpn_head.head_series.1.inst_interact.norm2.weight - torch.Size([256]): 
PretrainedInit: load from https://www.modelscope.cn/models/wokaikaixinxin/ai4rs/resolve/master/GSDet_baseline/pretrain/diffusiondet_r50_fpn_500-proposals_1-step_crop-ms-480-800-450k_coco_new2.pth 

rpn_head.head_series.1.inst_interact.norm2.bias - torch.Size([256]): 
PretrainedInit: load from https://www.modelscope.cn/models/wokaikaixinxin/ai4rs/resolve/master/GSDet_baseline/pretrain/diffusiondet_r50_fpn_500-proposals_1-step_crop-ms-480-800-450k_coco_new2.pth 

rpn_head.head_series.1.inst_interact.out_layer.weight - torch.Size([256, 12544]): 
PretrainedInit: load from https://www.modelscope.cn/models/wokaikaixinxin/ai4rs/resolve/master/GSDet_baseline/pretrain/diffusiondet_r50_fpn_500-proposals_1-step_crop-ms-480-800-450k_coco_new2.pth 

rpn_head.head_series.1.inst_interact.out_layer.bias - torch.Size([256]): 
PretrainedInit: load from https://www.modelscope.cn/models/wokaikaixinxin/ai4rs/resolve/master/GSDet_baseline/pretrain/diffusiondet_r50_fpn_500-proposals_1-step_crop-ms-480-800-450k_coco_new2.pth 

rpn_head.head_series.1.inst_interact.norm3.weight - torch.Size([256]): 
PretrainedInit: load from https://www.modelscope.cn/models/wokaikaixinxin/ai4rs/resolve/master/GSDet_baseline/pretrain/diffusiondet_r50_fpn_500-proposals_1-step_crop-ms-480-800-450k_coco_new2.pth 

rpn_head.head_series.1.inst_interact.norm3.bias - torch.Size([256]): 
PretrainedInit: load from https://www.modelscope.cn/models/wokaikaixinxin/ai4rs/resolve/master/GSDet_baseline/pretrain/diffusiondet_r50_fpn_500-proposals_1-step_crop-ms-480-800-450k_coco_new2.pth 

rpn_head.head_series.1.linear1.weight - torch.Size([2048, 256]): 
PretrainedInit: load from https://www.modelscope.cn/models/wokaikaixinxin/ai4rs/resolve/master/GSDet_baseline/pretrain/diffusiondet_r50_fpn_500-proposals_1-step_crop-ms-480-800-450k_coco_new2.pth 

rpn_head.head_series.1.linear1.bias - torch.Size([2048]): 
PretrainedInit: load from https://www.modelscope.cn/models/wokaikaixinxin/ai4rs/resolve/master/GSDet_baseline/pretrain/diffusiondet_r50_fpn_500-proposals_1-step_crop-ms-480-800-450k_coco_new2.pth 

rpn_head.head_series.1.linear2.weight - torch.Size([256, 2048]): 
PretrainedInit: load from https://www.modelscope.cn/models/wokaikaixinxin/ai4rs/resolve/master/GSDet_baseline/pretrain/diffusiondet_r50_fpn_500-proposals_1-step_crop-ms-480-800-450k_coco_new2.pth 

rpn_head.head_series.1.linear2.bias - torch.Size([256]): 
PretrainedInit: load from https://www.modelscope.cn/models/wokaikaixinxin/ai4rs/resolve/master/GSDet_baseline/pretrain/diffusiondet_r50_fpn_500-proposals_1-step_crop-ms-480-800-450k_coco_new2.pth 

rpn_head.head_series.1.norm1.weight - torch.Size([256]): 
PretrainedInit: load from https://www.modelscope.cn/models/wokaikaixinxin/ai4rs/resolve/master/GSDet_baseline/pretrain/diffusiondet_r50_fpn_500-proposals_1-step_crop-ms-480-800-450k_coco_new2.pth 

rpn_head.head_series.1.norm1.bias - torch.Size([256]): 
PretrainedInit: load from https://www.modelscope.cn/models/wokaikaixinxin/ai4rs/resolve/master/GSDet_baseline/pretrain/diffusiondet_r50_fpn_500-proposals_1-step_crop-ms-480-800-450k_coco_new2.pth 

rpn_head.head_series.1.norm2.weight - torch.Size([256]): 
PretrainedInit: load from https://www.modelscope.cn/models/wokaikaixinxin/ai4rs/resolve/master/GSDet_baseline/pretrain/diffusiondet_r50_fpn_500-proposals_1-step_crop-ms-480-800-450k_coco_new2.pth 

rpn_head.head_series.1.norm2.bias - torch.Size([256]): 
PretrainedInit: load from https://www.modelscope.cn/models/wokaikaixinxin/ai4rs/resolve/master/GSDet_baseline/pretrain/diffusiondet_r50_fpn_500-proposals_1-step_crop-ms-480-800-450k_coco_new2.pth 

rpn_head.head_series.1.norm3.weight - torch.Size([256]): 
PretrainedInit: load from https://www.modelscope.cn/models/wokaikaixinxin/ai4rs/resolve/master/GSDet_baseline/pretrain/diffusiondet_r50_fpn_500-proposals_1-step_crop-ms-480-800-450k_coco_new2.pth 

rpn_head.head_series.1.norm3.bias - torch.Size([256]): 
PretrainedInit: load from https://www.modelscope.cn/models/wokaikaixinxin/ai4rs/resolve/master/GSDet_baseline/pretrain/diffusiondet_r50_fpn_500-proposals_1-step_crop-ms-480-800-450k_coco_new2.pth 

rpn_head.head_series.1.cls_module.0.weight - torch.Size([256, 256]): 
PretrainedInit: load from https://www.modelscope.cn/models/wokaikaixinxin/ai4rs/resolve/master/GSDet_baseline/pretrain/diffusiondet_r50_fpn_500-proposals_1-step_crop-ms-480-800-450k_coco_new2.pth 

rpn_head.head_series.1.cls_module.1.weight - torch.Size([256]): 
PretrainedInit: load from https://www.modelscope.cn/models/wokaikaixinxin/ai4rs/resolve/master/GSDet_baseline/pretrain/diffusiondet_r50_fpn_500-proposals_1-step_crop-ms-480-800-450k_coco_new2.pth 

rpn_head.head_series.1.cls_module.1.bias - torch.Size([256]): 
PretrainedInit: load from https://www.modelscope.cn/models/wokaikaixinxin/ai4rs/resolve/master/GSDet_baseline/pretrain/diffusiondet_r50_fpn_500-proposals_1-step_crop-ms-480-800-450k_coco_new2.pth 

rpn_head.head_series.1.reg_module.0.weight - torch.Size([256, 256]): 
PretrainedInit: load from https://www.modelscope.cn/models/wokaikaixinxin/ai4rs/resolve/master/GSDet_baseline/pretrain/diffusiondet_r50_fpn_500-proposals_1-step_crop-ms-480-800-450k_coco_new2.pth 

rpn_head.head_series.1.reg_module.1.weight - torch.Size([256]): 
PretrainedInit: load from https://www.modelscope.cn/models/wokaikaixinxin/ai4rs/resolve/master/GSDet_baseline/pretrain/diffusiondet_r50_fpn_500-proposals_1-step_crop-ms-480-800-450k_coco_new2.pth 

rpn_head.head_series.1.reg_module.1.bias - torch.Size([256]): 
PretrainedInit: load from https://www.modelscope.cn/models/wokaikaixinxin/ai4rs/resolve/master/GSDet_baseline/pretrain/diffusiondet_r50_fpn_500-proposals_1-step_crop-ms-480-800-450k_coco_new2.pth 

rpn_head.head_series.1.reg_module.3.weight - torch.Size([256, 256]): 
PretrainedInit: load from https://www.modelscope.cn/models/wokaikaixinxin/ai4rs/resolve/master/GSDet_baseline/pretrain/diffusiondet_r50_fpn_500-proposals_1-step_crop-ms-480-800-450k_coco_new2.pth 

rpn_head.head_series.1.reg_module.4.weight - torch.Size([256]): 
PretrainedInit: load from https://www.modelscope.cn/models/wokaikaixinxin/ai4rs/resolve/master/GSDet_baseline/pretrain/diffusiondet_r50_fpn_500-proposals_1-step_crop-ms-480-800-450k_coco_new2.pth 

rpn_head.head_series.1.reg_module.4.bias - torch.Size([256]): 
PretrainedInit: load from https://www.modelscope.cn/models/wokaikaixinxin/ai4rs/resolve/master/GSDet_baseline/pretrain/diffusiondet_r50_fpn_500-proposals_1-step_crop-ms-480-800-450k_coco_new2.pth 

rpn_head.head_series.1.reg_module.6.weight - torch.Size([256, 256]): 
PretrainedInit: load from https://www.modelscope.cn/models/wokaikaixinxin/ai4rs/resolve/master/GSDet_baseline/pretrain/diffusiondet_r50_fpn_500-proposals_1-step_crop-ms-480-800-450k_coco_new2.pth 

rpn_head.head_series.1.reg_module.7.weight - torch.Size([256]): 
PretrainedInit: load from https://www.modelscope.cn/models/wokaikaixinxin/ai4rs/resolve/master/GSDet_baseline/pretrain/diffusiondet_r50_fpn_500-proposals_1-step_crop-ms-480-800-450k_coco_new2.pth 

rpn_head.head_series.1.reg_module.7.bias - torch.Size([256]): 
PretrainedInit: load from https://www.modelscope.cn/models/wokaikaixinxin/ai4rs/resolve/master/GSDet_baseline/pretrain/diffusiondet_r50_fpn_500-proposals_1-step_crop-ms-480-800-450k_coco_new2.pth 

rpn_head.head_series.1.class_logits.weight - torch.Size([37, 256]): 
The value is the same before and after calling `init_weights` of GSDet  

rpn_head.head_series.1.class_logits.bias - torch.Size([37]): 
The value is the same before and after calling `init_weights` of GSDet  

rpn_head.head_series.1.bboxes_delta.weight - torch.Size([4, 256]): 
PretrainedInit: load from https://www.modelscope.cn/models/wokaikaixinxin/ai4rs/resolve/master/GSDet_baseline/pretrain/diffusiondet_r50_fpn_500-proposals_1-step_crop-ms-480-800-450k_coco_new2.pth 

rpn_head.head_series.1.bboxes_delta.bias - torch.Size([4]): 
PretrainedInit: load from https://www.modelscope.cn/models/wokaikaixinxin/ai4rs/resolve/master/GSDet_baseline/pretrain/diffusiondet_r50_fpn_500-proposals_1-step_crop-ms-480-800-450k_coco_new2.pth 

rpn_head.head_series.2.self_attn.in_proj_weight - torch.Size([768, 256]): 
PretrainedInit: load from https://www.modelscope.cn/models/wokaikaixinxin/ai4rs/resolve/master/GSDet_baseline/pretrain/diffusiondet_r50_fpn_500-proposals_1-step_crop-ms-480-800-450k_coco_new2.pth 

rpn_head.head_series.2.self_attn.in_proj_bias - torch.Size([768]): 
PretrainedInit: load from https://www.modelscope.cn/models/wokaikaixinxin/ai4rs/resolve/master/GSDet_baseline/pretrain/diffusiondet_r50_fpn_500-proposals_1-step_crop-ms-480-800-450k_coco_new2.pth 

rpn_head.head_series.2.self_attn.out_proj.weight - torch.Size([256, 256]): 
PretrainedInit: load from https://www.modelscope.cn/models/wokaikaixinxin/ai4rs/resolve/master/GSDet_baseline/pretrain/diffusiondet_r50_fpn_500-proposals_1-step_crop-ms-480-800-450k_coco_new2.pth 

rpn_head.head_series.2.self_attn.out_proj.bias - torch.Size([256]): 
PretrainedInit: load from https://www.modelscope.cn/models/wokaikaixinxin/ai4rs/resolve/master/GSDet_baseline/pretrain/diffusiondet_r50_fpn_500-proposals_1-step_crop-ms-480-800-450k_coco_new2.pth 

rpn_head.head_series.2.inst_interact.dynamic_layer.weight - torch.Size([32768, 256]): 
PretrainedInit: load from https://www.modelscope.cn/models/wokaikaixinxin/ai4rs/resolve/master/GSDet_baseline/pretrain/diffusiondet_r50_fpn_500-proposals_1-step_crop-ms-480-800-450k_coco_new2.pth 

rpn_head.head_series.2.inst_interact.dynamic_layer.bias - torch.Size([32768]): 
PretrainedInit: load from https://www.modelscope.cn/models/wokaikaixinxin/ai4rs/resolve/master/GSDet_baseline/pretrain/diffusiondet_r50_fpn_500-proposals_1-step_crop-ms-480-800-450k_coco_new2.pth 

rpn_head.head_series.2.inst_interact.norm1.weight - torch.Size([64]): 
PretrainedInit: load from https://www.modelscope.cn/models/wokaikaixinxin/ai4rs/resolve/master/GSDet_baseline/pretrain/diffusiondet_r50_fpn_500-proposals_1-step_crop-ms-480-800-450k_coco_new2.pth 

rpn_head.head_series.2.inst_interact.norm1.bias - torch.Size([64]): 
PretrainedInit: load from https://www.modelscope.cn/models/wokaikaixinxin/ai4rs/resolve/master/GSDet_baseline/pretrain/diffusiondet_r50_fpn_500-proposals_1-step_crop-ms-480-800-450k_coco_new2.pth 

rpn_head.head_series.2.inst_interact.norm2.weight - torch.Size([256]): 
PretrainedInit: load from https://www.modelscope.cn/models/wokaikaixinxin/ai4rs/resolve/master/GSDet_baseline/pretrain/diffusiondet_r50_fpn_500-proposals_1-step_crop-ms-480-800-450k_coco_new2.pth 

rpn_head.head_series.2.inst_interact.norm2.bias - torch.Size([256]): 
PretrainedInit: load from https://www.modelscope.cn/models/wokaikaixinxin/ai4rs/resolve/master/GSDet_baseline/pretrain/diffusiondet_r50_fpn_500-proposals_1-step_crop-ms-480-800-450k_coco_new2.pth 

rpn_head.head_series.2.inst_interact.out_layer.weight - torch.Size([256, 12544]): 
PretrainedInit: load from https://www.modelscope.cn/models/wokaikaixinxin/ai4rs/resolve/master/GSDet_baseline/pretrain/diffusiondet_r50_fpn_500-proposals_1-step_crop-ms-480-800-450k_coco_new2.pth 

rpn_head.head_series.2.inst_interact.out_layer.bias - torch.Size([256]): 
PretrainedInit: load from https://www.modelscope.cn/models/wokaikaixinxin/ai4rs/resolve/master/GSDet_baseline/pretrain/diffusiondet_r50_fpn_500-proposals_1-step_crop-ms-480-800-450k_coco_new2.pth 

rpn_head.head_series.2.inst_interact.norm3.weight - torch.Size([256]): 
PretrainedInit: load from https://www.modelscope.cn/models/wokaikaixinxin/ai4rs/resolve/master/GSDet_baseline/pretrain/diffusiondet_r50_fpn_500-proposals_1-step_crop-ms-480-800-450k_coco_new2.pth 

rpn_head.head_series.2.inst_interact.norm3.bias - torch.Size([256]): 
PretrainedInit: load from https://www.modelscope.cn/models/wokaikaixinxin/ai4rs/resolve/master/GSDet_baseline/pretrain/diffusiondet_r50_fpn_500-proposals_1-step_crop-ms-480-800-450k_coco_new2.pth 

rpn_head.head_series.2.linear1.weight - torch.Size([2048, 256]): 
PretrainedInit: load from https://www.modelscope.cn/models/wokaikaixinxin/ai4rs/resolve/master/GSDet_baseline/pretrain/diffusiondet_r50_fpn_500-proposals_1-step_crop-ms-480-800-450k_coco_new2.pth 

rpn_head.head_series.2.linear1.bias - torch.Size([2048]): 
PretrainedInit: load from https://www.modelscope.cn/models/wokaikaixinxin/ai4rs/resolve/master/GSDet_baseline/pretrain/diffusiondet_r50_fpn_500-proposals_1-step_crop-ms-480-800-450k_coco_new2.pth 

rpn_head.head_series.2.linear2.weight - torch.Size([256, 2048]): 
PretrainedInit: load from https://www.modelscope.cn/models/wokaikaixinxin/ai4rs/resolve/master/GSDet_baseline/pretrain/diffusiondet_r50_fpn_500-proposals_1-step_crop-ms-480-800-450k_coco_new2.pth 

rpn_head.head_series.2.linear2.bias - torch.Size([256]): 
PretrainedInit: load from https://www.modelscope.cn/models/wokaikaixinxin/ai4rs/resolve/master/GSDet_baseline/pretrain/diffusiondet_r50_fpn_500-proposals_1-step_crop-ms-480-800-450k_coco_new2.pth 

rpn_head.head_series.2.norm1.weight - torch.Size([256]): 
PretrainedInit: load from https://www.modelscope.cn/models/wokaikaixinxin/ai4rs/resolve/master/GSDet_baseline/pretrain/diffusiondet_r50_fpn_500-proposals_1-step_crop-ms-480-800-450k_coco_new2.pth 

rpn_head.head_series.2.norm1.bias - torch.Size([256]): 
PretrainedInit: load from https://www.modelscope.cn/models/wokaikaixinxin/ai4rs/resolve/master/GSDet_baseline/pretrain/diffusiondet_r50_fpn_500-proposals_1-step_crop-ms-480-800-450k_coco_new2.pth 

rpn_head.head_series.2.norm2.weight - torch.Size([256]): 
PretrainedInit: load from https://www.modelscope.cn/models/wokaikaixinxin/ai4rs/resolve/master/GSDet_baseline/pretrain/diffusiondet_r50_fpn_500-proposals_1-step_crop-ms-480-800-450k_coco_new2.pth 

rpn_head.head_series.2.norm2.bias - torch.Size([256]): 
PretrainedInit: load from https://www.modelscope.cn/models/wokaikaixinxin/ai4rs/resolve/master/GSDet_baseline/pretrain/diffusiondet_r50_fpn_500-proposals_1-step_crop-ms-480-800-450k_coco_new2.pth 

rpn_head.head_series.2.norm3.weight - torch.Size([256]): 
PretrainedInit: load from https://www.modelscope.cn/models/wokaikaixinxin/ai4rs/resolve/master/GSDet_baseline/pretrain/diffusiondet_r50_fpn_500-proposals_1-step_crop-ms-480-800-450k_coco_new2.pth 

rpn_head.head_series.2.norm3.bias - torch.Size([256]): 
PretrainedInit: load from https://www.modelscope.cn/models/wokaikaixinxin/ai4rs/resolve/master/GSDet_baseline/pretrain/diffusiondet_r50_fpn_500-proposals_1-step_crop-ms-480-800-450k_coco_new2.pth 

rpn_head.head_series.2.cls_module.0.weight - torch.Size([256, 256]): 
PretrainedInit: load from https://www.modelscope.cn/models/wokaikaixinxin/ai4rs/resolve/master/GSDet_baseline/pretrain/diffusiondet_r50_fpn_500-proposals_1-step_crop-ms-480-800-450k_coco_new2.pth 

rpn_head.head_series.2.cls_module.1.weight - torch.Size([256]): 
PretrainedInit: load from https://www.modelscope.cn/models/wokaikaixinxin/ai4rs/resolve/master/GSDet_baseline/pretrain/diffusiondet_r50_fpn_500-proposals_1-step_crop-ms-480-800-450k_coco_new2.pth 

rpn_head.head_series.2.cls_module.1.bias - torch.Size([256]): 
PretrainedInit: load from https://www.modelscope.cn/models/wokaikaixinxin/ai4rs/resolve/master/GSDet_baseline/pretrain/diffusiondet_r50_fpn_500-proposals_1-step_crop-ms-480-800-450k_coco_new2.pth 

rpn_head.head_series.2.reg_module.0.weight - torch.Size([256, 256]): 
PretrainedInit: load from https://www.modelscope.cn/models/wokaikaixinxin/ai4rs/resolve/master/GSDet_baseline/pretrain/diffusiondet_r50_fpn_500-proposals_1-step_crop-ms-480-800-450k_coco_new2.pth 

rpn_head.head_series.2.reg_module.1.weight - torch.Size([256]): 
PretrainedInit: load from https://www.modelscope.cn/models/wokaikaixinxin/ai4rs/resolve/master/GSDet_baseline/pretrain/diffusiondet_r50_fpn_500-proposals_1-step_crop-ms-480-800-450k_coco_new2.pth 

rpn_head.head_series.2.reg_module.1.bias - torch.Size([256]): 
PretrainedInit: load from https://www.modelscope.cn/models/wokaikaixinxin/ai4rs/resolve/master/GSDet_baseline/pretrain/diffusiondet_r50_fpn_500-proposals_1-step_crop-ms-480-800-450k_coco_new2.pth 

rpn_head.head_series.2.reg_module.3.weight - torch.Size([256, 256]): 
PretrainedInit: load from https://www.modelscope.cn/models/wokaikaixinxin/ai4rs/resolve/master/GSDet_baseline/pretrain/diffusiondet_r50_fpn_500-proposals_1-step_crop-ms-480-800-450k_coco_new2.pth 

rpn_head.head_series.2.reg_module.4.weight - torch.Size([256]): 
PretrainedInit: load from https://www.modelscope.cn/models/wokaikaixinxin/ai4rs/resolve/master/GSDet_baseline/pretrain/diffusiondet_r50_fpn_500-proposals_1-step_crop-ms-480-800-450k_coco_new2.pth 

rpn_head.head_series.2.reg_module.4.bias - torch.Size([256]): 
PretrainedInit: load from https://www.modelscope.cn/models/wokaikaixinxin/ai4rs/resolve/master/GSDet_baseline/pretrain/diffusiondet_r50_fpn_500-proposals_1-step_crop-ms-480-800-450k_coco_new2.pth 

rpn_head.head_series.2.reg_module.6.weight - torch.Size([256, 256]): 
PretrainedInit: load from https://www.modelscope.cn/models/wokaikaixinxin/ai4rs/resolve/master/GSDet_baseline/pretrain/diffusiondet_r50_fpn_500-proposals_1-step_crop-ms-480-800-450k_coco_new2.pth 

rpn_head.head_series.2.reg_module.7.weight - torch.Size([256]): 
PretrainedInit: load from https://www.modelscope.cn/models/wokaikaixinxin/ai4rs/resolve/master/GSDet_baseline/pretrain/diffusiondet_r50_fpn_500-proposals_1-step_crop-ms-480-800-450k_coco_new2.pth 

rpn_head.head_series.2.reg_module.7.bias - torch.Size([256]): 
PretrainedInit: load from https://www.modelscope.cn/models/wokaikaixinxin/ai4rs/resolve/master/GSDet_baseline/pretrain/diffusiondet_r50_fpn_500-proposals_1-step_crop-ms-480-800-450k_coco_new2.pth 

rpn_head.head_series.2.class_logits.weight - torch.Size([37, 256]): 
The value is the same before and after calling `init_weights` of GSDet  

rpn_head.head_series.2.class_logits.bias - torch.Size([37]): 
The value is the same before and after calling `init_weights` of GSDet  

rpn_head.head_series.2.bboxes_delta.weight - torch.Size([4, 256]): 
PretrainedInit: load from https://www.modelscope.cn/models/wokaikaixinxin/ai4rs/resolve/master/GSDet_baseline/pretrain/diffusiondet_r50_fpn_500-proposals_1-step_crop-ms-480-800-450k_coco_new2.pth 

rpn_head.head_series.2.bboxes_delta.bias - torch.Size([4]): 
PretrainedInit: load from https://www.modelscope.cn/models/wokaikaixinxin/ai4rs/resolve/master/GSDet_baseline/pretrain/diffusiondet_r50_fpn_500-proposals_1-step_crop-ms-480-800-450k_coco_new2.pth 

rpn_head.head_series.3.self_attn.in_proj_weight - torch.Size([768, 256]): 
PretrainedInit: load from https://www.modelscope.cn/models/wokaikaixinxin/ai4rs/resolve/master/GSDet_baseline/pretrain/diffusiondet_r50_fpn_500-proposals_1-step_crop-ms-480-800-450k_coco_new2.pth 

rpn_head.head_series.3.self_attn.in_proj_bias - torch.Size([768]): 
PretrainedInit: load from https://www.modelscope.cn/models/wokaikaixinxin/ai4rs/resolve/master/GSDet_baseline/pretrain/diffusiondet_r50_fpn_500-proposals_1-step_crop-ms-480-800-450k_coco_new2.pth 

rpn_head.head_series.3.self_attn.out_proj.weight - torch.Size([256, 256]): 
PretrainedInit: load from https://www.modelscope.cn/models/wokaikaixinxin/ai4rs/resolve/master/GSDet_baseline/pretrain/diffusiondet_r50_fpn_500-proposals_1-step_crop-ms-480-800-450k_coco_new2.pth 

rpn_head.head_series.3.self_attn.out_proj.bias - torch.Size([256]): 
PretrainedInit: load from https://www.modelscope.cn/models/wokaikaixinxin/ai4rs/resolve/master/GSDet_baseline/pretrain/diffusiondet_r50_fpn_500-proposals_1-step_crop-ms-480-800-450k_coco_new2.pth 

rpn_head.head_series.3.inst_interact.dynamic_layer.weight - torch.Size([32768, 256]): 
PretrainedInit: load from https://www.modelscope.cn/models/wokaikaixinxin/ai4rs/resolve/master/GSDet_baseline/pretrain/diffusiondet_r50_fpn_500-proposals_1-step_crop-ms-480-800-450k_coco_new2.pth 

rpn_head.head_series.3.inst_interact.dynamic_layer.bias - torch.Size([32768]): 
PretrainedInit: load from https://www.modelscope.cn/models/wokaikaixinxin/ai4rs/resolve/master/GSDet_baseline/pretrain/diffusiondet_r50_fpn_500-proposals_1-step_crop-ms-480-800-450k_coco_new2.pth 

rpn_head.head_series.3.inst_interact.norm1.weight - torch.Size([64]): 
PretrainedInit: load from https://www.modelscope.cn/models/wokaikaixinxin/ai4rs/resolve/master/GSDet_baseline/pretrain/diffusiondet_r50_fpn_500-proposals_1-step_crop-ms-480-800-450k_coco_new2.pth 

rpn_head.head_series.3.inst_interact.norm1.bias - torch.Size([64]): 
PretrainedInit: load from https://www.modelscope.cn/models/wokaikaixinxin/ai4rs/resolve/master/GSDet_baseline/pretrain/diffusiondet_r50_fpn_500-proposals_1-step_crop-ms-480-800-450k_coco_new2.pth 

rpn_head.head_series.3.inst_interact.norm2.weight - torch.Size([256]): 
PretrainedInit: load from https://www.modelscope.cn/models/wokaikaixinxin/ai4rs/resolve/master/GSDet_baseline/pretrain/diffusiondet_r50_fpn_500-proposals_1-step_crop-ms-480-800-450k_coco_new2.pth 

rpn_head.head_series.3.inst_interact.norm2.bias - torch.Size([256]): 
PretrainedInit: load from https://www.modelscope.cn/models/wokaikaixinxin/ai4rs/resolve/master/GSDet_baseline/pretrain/diffusiondet_r50_fpn_500-proposals_1-step_crop-ms-480-800-450k_coco_new2.pth 

rpn_head.head_series.3.inst_interact.out_layer.weight - torch.Size([256, 12544]): 
PretrainedInit: load from https://www.modelscope.cn/models/wokaikaixinxin/ai4rs/resolve/master/GSDet_baseline/pretrain/diffusiondet_r50_fpn_500-proposals_1-step_crop-ms-480-800-450k_coco_new2.pth 

rpn_head.head_series.3.inst_interact.out_layer.bias - torch.Size([256]): 
PretrainedInit: load from https://www.modelscope.cn/models/wokaikaixinxin/ai4rs/resolve/master/GSDet_baseline/pretrain/diffusiondet_r50_fpn_500-proposals_1-step_crop-ms-480-800-450k_coco_new2.pth 

rpn_head.head_series.3.inst_interact.norm3.weight - torch.Size([256]): 
PretrainedInit: load from https://www.modelscope.cn/models/wokaikaixinxin/ai4rs/resolve/master/GSDet_baseline/pretrain/diffusiondet_r50_fpn_500-proposals_1-step_crop-ms-480-800-450k_coco_new2.pth 

rpn_head.head_series.3.inst_interact.norm3.bias - torch.Size([256]): 
PretrainedInit: load from https://www.modelscope.cn/models/wokaikaixinxin/ai4rs/resolve/master/GSDet_baseline/pretrain/diffusiondet_r50_fpn_500-proposals_1-step_crop-ms-480-800-450k_coco_new2.pth 

rpn_head.head_series.3.linear1.weight - torch.Size([2048, 256]): 
PretrainedInit: load from https://www.modelscope.cn/models/wokaikaixinxin/ai4rs/resolve/master/GSDet_baseline/pretrain/diffusiondet_r50_fpn_500-proposals_1-step_crop-ms-480-800-450k_coco_new2.pth 

rpn_head.head_series.3.linear1.bias - torch.Size([2048]): 
PretrainedInit: load from https://www.modelscope.cn/models/wokaikaixinxin/ai4rs/resolve/master/GSDet_baseline/pretrain/diffusiondet_r50_fpn_500-proposals_1-step_crop-ms-480-800-450k_coco_new2.pth 

rpn_head.head_series.3.linear2.weight - torch.Size([256, 2048]): 
PretrainedInit: load from https://www.modelscope.cn/models/wokaikaixinxin/ai4rs/resolve/master/GSDet_baseline/pretrain/diffusiondet_r50_fpn_500-proposals_1-step_crop-ms-480-800-450k_coco_new2.pth 

rpn_head.head_series.3.linear2.bias - torch.Size([256]): 
PretrainedInit: load from https://www.modelscope.cn/models/wokaikaixinxin/ai4rs/resolve/master/GSDet_baseline/pretrain/diffusiondet_r50_fpn_500-proposals_1-step_crop-ms-480-800-450k_coco_new2.pth 

rpn_head.head_series.3.norm1.weight - torch.Size([256]): 
PretrainedInit: load from https://www.modelscope.cn/models/wokaikaixinxin/ai4rs/resolve/master/GSDet_baseline/pretrain/diffusiondet_r50_fpn_500-proposals_1-step_crop-ms-480-800-450k_coco_new2.pth 

rpn_head.head_series.3.norm1.bias - torch.Size([256]): 
PretrainedInit: load from https://www.modelscope.cn/models/wokaikaixinxin/ai4rs/resolve/master/GSDet_baseline/pretrain/diffusiondet_r50_fpn_500-proposals_1-step_crop-ms-480-800-450k_coco_new2.pth 

rpn_head.head_series.3.norm2.weight - torch.Size([256]): 
PretrainedInit: load from https://www.modelscope.cn/models/wokaikaixinxin/ai4rs/resolve/master/GSDet_baseline/pretrain/diffusiondet_r50_fpn_500-proposals_1-step_crop-ms-480-800-450k_coco_new2.pth 

rpn_head.head_series.3.norm2.bias - torch.Size([256]): 
PretrainedInit: load from https://www.modelscope.cn/models/wokaikaixinxin/ai4rs/resolve/master/GSDet_baseline/pretrain/diffusiondet_r50_fpn_500-proposals_1-step_crop-ms-480-800-450k_coco_new2.pth 

rpn_head.head_series.3.norm3.weight - torch.Size([256]): 
PretrainedInit: load from https://www.modelscope.cn/models/wokaikaixinxin/ai4rs/resolve/master/GSDet_baseline/pretrain/diffusiondet_r50_fpn_500-proposals_1-step_crop-ms-480-800-450k_coco_new2.pth 

rpn_head.head_series.3.norm3.bias - torch.Size([256]): 
PretrainedInit: load from https://www.modelscope.cn/models/wokaikaixinxin/ai4rs/resolve/master/GSDet_baseline/pretrain/diffusiondet_r50_fpn_500-proposals_1-step_crop-ms-480-800-450k_coco_new2.pth 

rpn_head.head_series.3.cls_module.0.weight - torch.Size([256, 256]): 
PretrainedInit: load from https://www.modelscope.cn/models/wokaikaixinxin/ai4rs/resolve/master/GSDet_baseline/pretrain/diffusiondet_r50_fpn_500-proposals_1-step_crop-ms-480-800-450k_coco_new2.pth 

rpn_head.head_series.3.cls_module.1.weight - torch.Size([256]): 
PretrainedInit: load from https://www.modelscope.cn/models/wokaikaixinxin/ai4rs/resolve/master/GSDet_baseline/pretrain/diffusiondet_r50_fpn_500-proposals_1-step_crop-ms-480-800-450k_coco_new2.pth 

rpn_head.head_series.3.cls_module.1.bias - torch.Size([256]): 
PretrainedInit: load from https://www.modelscope.cn/models/wokaikaixinxin/ai4rs/resolve/master/GSDet_baseline/pretrain/diffusiondet_r50_fpn_500-proposals_1-step_crop-ms-480-800-450k_coco_new2.pth 

rpn_head.head_series.3.reg_module.0.weight - torch.Size([256, 256]): 
PretrainedInit: load from https://www.modelscope.cn/models/wokaikaixinxin/ai4rs/resolve/master/GSDet_baseline/pretrain/diffusiondet_r50_fpn_500-proposals_1-step_crop-ms-480-800-450k_coco_new2.pth 

rpn_head.head_series.3.reg_module.1.weight - torch.Size([256]): 
PretrainedInit: load from https://www.modelscope.cn/models/wokaikaixinxin/ai4rs/resolve/master/GSDet_baseline/pretrain/diffusiondet_r50_fpn_500-proposals_1-step_crop-ms-480-800-450k_coco_new2.pth 

rpn_head.head_series.3.reg_module.1.bias - torch.Size([256]): 
PretrainedInit: load from https://www.modelscope.cn/models/wokaikaixinxin/ai4rs/resolve/master/GSDet_baseline/pretrain/diffusiondet_r50_fpn_500-proposals_1-step_crop-ms-480-800-450k_coco_new2.pth 

rpn_head.head_series.3.reg_module.3.weight - torch.Size([256, 256]): 
PretrainedInit: load from https://www.modelscope.cn/models/wokaikaixinxin/ai4rs/resolve/master/GSDet_baseline/pretrain/diffusiondet_r50_fpn_500-proposals_1-step_crop-ms-480-800-450k_coco_new2.pth 

rpn_head.head_series.3.reg_module.4.weight - torch.Size([256]): 
PretrainedInit: load from https://www.modelscope.cn/models/wokaikaixinxin/ai4rs/resolve/master/GSDet_baseline/pretrain/diffusiondet_r50_fpn_500-proposals_1-step_crop-ms-480-800-450k_coco_new2.pth 

rpn_head.head_series.3.reg_module.4.bias - torch.Size([256]): 
PretrainedInit: load from https://www.modelscope.cn/models/wokaikaixinxin/ai4rs/resolve/master/GSDet_baseline/pretrain/diffusiondet_r50_fpn_500-proposals_1-step_crop-ms-480-800-450k_coco_new2.pth 

rpn_head.head_series.3.reg_module.6.weight - torch.Size([256, 256]): 
PretrainedInit: load from https://www.modelscope.cn/models/wokaikaixinxin/ai4rs/resolve/master/GSDet_baseline/pretrain/diffusiondet_r50_fpn_500-proposals_1-step_crop-ms-480-800-450k_coco_new2.pth 

rpn_head.head_series.3.reg_module.7.weight - torch.Size([256]): 
PretrainedInit: load from https://www.modelscope.cn/models/wokaikaixinxin/ai4rs/resolve/master/GSDet_baseline/pretrain/diffusiondet_r50_fpn_500-proposals_1-step_crop-ms-480-800-450k_coco_new2.pth 

rpn_head.head_series.3.reg_module.7.bias - torch.Size([256]): 
PretrainedInit: load from https://www.modelscope.cn/models/wokaikaixinxin/ai4rs/resolve/master/GSDet_baseline/pretrain/diffusiondet_r50_fpn_500-proposals_1-step_crop-ms-480-800-450k_coco_new2.pth 

rpn_head.head_series.3.class_logits.weight - torch.Size([37, 256]): 
The value is the same before and after calling `init_weights` of GSDet  

rpn_head.head_series.3.class_logits.bias - torch.Size([37]): 
The value is the same before and after calling `init_weights` of GSDet  

rpn_head.head_series.3.bboxes_delta.weight - torch.Size([4, 256]): 
PretrainedInit: load from https://www.modelscope.cn/models/wokaikaixinxin/ai4rs/resolve/master/GSDet_baseline/pretrain/diffusiondet_r50_fpn_500-proposals_1-step_crop-ms-480-800-450k_coco_new2.pth 

rpn_head.head_series.3.bboxes_delta.bias - torch.Size([4]): 
PretrainedInit: load from https://www.modelscope.cn/models/wokaikaixinxin/ai4rs/resolve/master/GSDet_baseline/pretrain/diffusiondet_r50_fpn_500-proposals_1-step_crop-ms-480-800-450k_coco_new2.pth 

roi_head.bbox_head.0.fc_cls.weight - torch.Size([37, 256]): 
Initialized by user-defined `init_weights` in Hbox2RboxLayer  

roi_head.bbox_head.0.fc_cls.bias - torch.Size([37]): 
Initialized by user-defined `init_weights` in Hbox2RboxLayer  

roi_head.bbox_head.0.fc_reg.weight - torch.Size([6, 256]): 
Initialized by user-defined `init_weights` in Hbox2RboxLayer  

roi_head.bbox_head.0.fc_reg.bias - torch.Size([6]): 
NormalInit: mean=0, std=0.001, bias=0 

roi_head.bbox_head.0.self_attn.in_proj_weight - torch.Size([768, 256]): 
Initialized by user-defined `init_weights` in Hbox2RboxLayer  

roi_head.bbox_head.0.self_attn.in_proj_bias - torch.Size([768]): 
The value is the same before and after calling `init_weights` of GSDet  

roi_head.bbox_head.0.self_attn.out_proj.weight - torch.Size([256, 256]): 
Initialized by user-defined `init_weights` in Hbox2RboxLayer  

roi_head.bbox_head.0.self_attn.out_proj.bias - torch.Size([256]): 
The value is the same before and after calling `init_weights` of GSDet  

roi_head.bbox_head.0.inst_interact.dynamic_layer.weight - torch.Size([32768, 256]): 
Initialized by user-defined `init_weights` in Hbox2RboxLayer  

roi_head.bbox_head.0.inst_interact.dynamic_layer.bias - torch.Size([32768]): 
The value is the same before and after calling `init_weights` of GSDet  

roi_head.bbox_head.0.inst_interact.norm1.weight - torch.Size([64]): 
The value is the same before and after calling `init_weights` of GSDet  

roi_head.bbox_head.0.inst_interact.norm1.bias - torch.Size([64]): 
The value is the same before and after calling `init_weights` of GSDet  

roi_head.bbox_head.0.inst_interact.norm2.weight - torch.Size([256]): 
The value is the same before and after calling `init_weights` of GSDet  

roi_head.bbox_head.0.inst_interact.norm2.bias - torch.Size([256]): 
The value is the same before and after calling `init_weights` of GSDet  

roi_head.bbox_head.0.inst_interact.out_layer.weight - torch.Size([256, 12544]): 
Initialized by user-defined `init_weights` in Hbox2RboxLayer  

roi_head.bbox_head.0.inst_interact.out_layer.bias - torch.Size([256]): 
The value is the same before and after calling `init_weights` of GSDet  

roi_head.bbox_head.0.inst_interact.norm3.weight - torch.Size([256]): 
The value is the same before and after calling `init_weights` of GSDet  

roi_head.bbox_head.0.inst_interact.norm3.bias - torch.Size([256]): 
The value is the same before and after calling `init_weights` of GSDet  

roi_head.bbox_head.0.linear1.weight - torch.Size([2048, 256]): 
Initialized by user-defined `init_weights` in Hbox2RboxLayer  

roi_head.bbox_head.0.linear1.bias - torch.Size([2048]): 
The value is the same before and after calling `init_weights` of GSDet  

roi_head.bbox_head.0.linear2.weight - torch.Size([256, 2048]): 
Initialized by user-defined `init_weights` in Hbox2RboxLayer  

roi_head.bbox_head.0.linear2.bias - torch.Size([256]): 
The value is the same before and after calling `init_weights` of GSDet  

roi_head.bbox_head.0.norm1.weight - torch.Size([256]): 
The value is the same before and after calling `init_weights` of GSDet  

roi_head.bbox_head.0.norm1.bias - torch.Size([256]): 
The value is the same before and after calling `init_weights` of GSDet  

roi_head.bbox_head.0.norm2.weight - torch.Size([256]): 
The value is the same before and after calling `init_weights` of GSDet  

roi_head.bbox_head.0.norm2.bias - torch.Size([256]): 
The value is the same before and after calling `init_weights` of GSDet  

roi_head.bbox_head.0.norm3.weight - torch.Size([256]): 
The value is the same before and after calling `init_weights` of GSDet  

roi_head.bbox_head.0.norm3.bias - torch.Size([256]): 
The value is the same before and after calling `init_weights` of GSDet  

roi_head.bbox_head.0.cls_module.0.weight - torch.Size([256, 256]): 
Initialized by user-defined `init_weights` in Hbox2RboxLayer  

roi_head.bbox_head.0.cls_module.1.weight - torch.Size([256]): 
The value is the same before and after calling `init_weights` of GSDet  

roi_head.bbox_head.0.cls_module.1.bias - torch.Size([256]): 
The value is the same before and after calling `init_weights` of GSDet  

roi_head.bbox_head.0.reg_module.0.weight - torch.Size([256, 256]): 
Initialized by user-defined `init_weights` in Hbox2RboxLayer  

roi_head.bbox_head.0.reg_module.1.weight - torch.Size([256]): 
The value is the same before and after calling `init_weights` of GSDet  

roi_head.bbox_head.0.reg_module.1.bias - torch.Size([256]): 
The value is the same before and after calling `init_weights` of GSDet  

roi_head.bbox_head.0.reg_module.3.weight - torch.Size([256, 256]): 
Initialized by user-defined `init_weights` in Hbox2RboxLayer  

roi_head.bbox_head.0.reg_module.4.weight - torch.Size([256]): 
The value is the same before and after calling `init_weights` of GSDet  

roi_head.bbox_head.0.reg_module.4.bias - torch.Size([256]): 
The value is the same before and after calling `init_weights` of GSDet  

roi_head.bbox_head.0.reg_module.6.weight - torch.Size([256, 256]): 
Initialized by user-defined `init_weights` in Hbox2RboxLayer  

roi_head.bbox_head.0.reg_module.7.weight - torch.Size([256]): 
The value is the same before and after calling `init_weights` of GSDet  

roi_head.bbox_head.0.reg_module.7.bias - torch.Size([256]): 
The value is the same before and after calling `init_weights` of GSDet  

roi_head.bbox_head.1.fc_cls.weight - torch.Size([37, 256]): 
Initialized by user-defined `init_weights` in Rbox2RboxLayer  

roi_head.bbox_head.1.fc_cls.bias - torch.Size([37]): 
Initialized by user-defined `init_weights` in Rbox2RboxLayer  

roi_head.bbox_head.1.fc_reg.weight - torch.Size([5, 256]): 
Initialized by user-defined `init_weights` in Rbox2RboxLayer  

roi_head.bbox_head.1.fc_reg.bias - torch.Size([5]): 
NormalInit: mean=0, std=0.001, bias=0 

roi_head.bbox_head.1.self_attn.in_proj_weight - torch.Size([768, 256]): 
Initialized by user-defined `init_weights` in Rbox2RboxLayer  

roi_head.bbox_head.1.self_attn.in_proj_bias - torch.Size([768]): 
The value is the same before and after calling `init_weights` of GSDet  

roi_head.bbox_head.1.self_attn.out_proj.weight - torch.Size([256, 256]): 
Initialized by user-defined `init_weights` in Rbox2RboxLayer  

roi_head.bbox_head.1.self_attn.out_proj.bias - torch.Size([256]): 
The value is the same before and after calling `init_weights` of GSDet  

roi_head.bbox_head.1.inst_interact.dynamic_layer.weight - torch.Size([32768, 256]): 
Initialized by user-defined `init_weights` in Rbox2RboxLayer  

roi_head.bbox_head.1.inst_interact.dynamic_layer.bias - torch.Size([32768]): 
The value is the same before and after calling `init_weights` of GSDet  

roi_head.bbox_head.1.inst_interact.norm1.weight - torch.Size([64]): 
The value is the same before and after calling `init_weights` of GSDet  

roi_head.bbox_head.1.inst_interact.norm1.bias - torch.Size([64]): 
The value is the same before and after calling `init_weights` of GSDet  

roi_head.bbox_head.1.inst_interact.norm2.weight - torch.Size([256]): 
The value is the same before and after calling `init_weights` of GSDet  

roi_head.bbox_head.1.inst_interact.norm2.bias - torch.Size([256]): 
The value is the same before and after calling `init_weights` of GSDet  

roi_head.bbox_head.1.inst_interact.out_layer.weight - torch.Size([256, 12544]): 
Initialized by user-defined `init_weights` in Rbox2RboxLayer  

roi_head.bbox_head.1.inst_interact.out_layer.bias - torch.Size([256]): 
The value is the same before and after calling `init_weights` of GSDet  

roi_head.bbox_head.1.inst_interact.norm3.weight - torch.Size([256]): 
The value is the same before and after calling `init_weights` of GSDet  

roi_head.bbox_head.1.inst_interact.norm3.bias - torch.Size([256]): 
The value is the same before and after calling `init_weights` of GSDet  

roi_head.bbox_head.1.linear1.weight - torch.Size([2048, 256]): 
Initialized by user-defined `init_weights` in Rbox2RboxLayer  

roi_head.bbox_head.1.linear1.bias - torch.Size([2048]): 
The value is the same before and after calling `init_weights` of GSDet  

roi_head.bbox_head.1.linear2.weight - torch.Size([256, 2048]): 
Initialized by user-defined `init_weights` in Rbox2RboxLayer  

roi_head.bbox_head.1.linear2.bias - torch.Size([256]): 
The value is the same before and after calling `init_weights` of GSDet  

roi_head.bbox_head.1.norm1.weight - torch.Size([256]): 
The value is the same before and after calling `init_weights` of GSDet  

roi_head.bbox_head.1.norm1.bias - torch.Size([256]): 
The value is the same before and after calling `init_weights` of GSDet  

roi_head.bbox_head.1.norm2.weight - torch.Size([256]): 
The value is the same before and after calling `init_weights` of GSDet  

roi_head.bbox_head.1.norm2.bias - torch.Size([256]): 
The value is the same before and after calling `init_weights` of GSDet  

roi_head.bbox_head.1.norm3.weight - torch.Size([256]): 
The value is the same before and after calling `init_weights` of GSDet  

roi_head.bbox_head.1.norm3.bias - torch.Size([256]): 
The value is the same before and after calling `init_weights` of GSDet  

roi_head.bbox_head.1.cls_module.0.weight - torch.Size([256, 256]): 
Initialized by user-defined `init_weights` in Rbox2RboxLayer  

roi_head.bbox_head.1.cls_module.1.weight - torch.Size([256]): 
The value is the same before and after calling `init_weights` of GSDet  

roi_head.bbox_head.1.cls_module.1.bias - torch.Size([256]): 
The value is the same before and after calling `init_weights` of GSDet  

roi_head.bbox_head.1.reg_module.0.weight - torch.Size([256, 256]): 
Initialized by user-defined `init_weights` in Rbox2RboxLayer  

roi_head.bbox_head.1.reg_module.1.weight - torch.Size([256]): 
The value is the same before and after calling `init_weights` of GSDet  

roi_head.bbox_head.1.reg_module.1.bias - torch.Size([256]): 
The value is the same before and after calling `init_weights` of GSDet  

roi_head.bbox_head.1.reg_module.3.weight - torch.Size([256, 256]): 
Initialized by user-defined `init_weights` in Rbox2RboxLayer  

roi_head.bbox_head.1.reg_module.4.weight - torch.Size([256]): 
The value is the same before and after calling `init_weights` of GSDet  

roi_head.bbox_head.1.reg_module.4.bias - torch.Size([256]): 
The value is the same before and after calling `init_weights` of GSDet  

roi_head.bbox_head.1.reg_module.6.weight - torch.Size([256, 256]): 
Initialized by user-defined `init_weights` in Rbox2RboxLayer  

roi_head.bbox_head.1.reg_module.7.weight - torch.Size([256]): 
The value is the same before and after calling `init_weights` of GSDet  

roi_head.bbox_head.1.reg_module.7.bias - torch.Size([256]): 
The value is the same before and after calling `init_weights` of GSDet  
2026/03/27 09:01:30 - mmengine - INFO - Auto resumed from the latest checkpoint /media/Harddisk_A/Workers/wsy/ai4rs/work_dirs/gsdet_fair1m_2gpu/epoch_6.pth.
2026/03/27 09:01:31 - mmengine - INFO - Load checkpoint from /media/Harddisk_A/Workers/wsy/ai4rs/work_dirs/gsdet_fair1m_2gpu/epoch_6.pth
2026/03/27 09:01:31 - mmengine - INFO - resumed epoch: 6, iter: 30006
2026/03/27 09:01:31 - mmengine - WARNING - "FileClient" will be deprecated in future. Please use io functions in https://mmengine.readthedocs.io/en/latest/api/fileio.html#file-io
2026/03/27 09:01:31 - mmengine - WARNING - "HardDiskBackend" is the alias of "LocalBackend" and the former will be deprecated in future.
2026/03/27 09:01:31 - mmengine - INFO - Checkpoints will be saved to /media/Harddisk_A/Workers/wsy/ai4rs/work_dirs/gsdet_fair1m_2gpu.
2026/03/27 09:01:50 - mmengine - INFO - Epoch(train)  [7][   50/10002]  lr: 2.5000e-05  eta: 22:44:53  time: 0.3900  data_time: 0.0065  memory: 7329  grad_norm: 72.5951  loss: 8.3055  rpn_s.0.loss_cls: 0.6310  rpn_s.0.loss_bbox: 0.1082  rpn_s.0.loss_giou: 0.7877  rpn_s.1.loss_cls: 0.4434  rpn_s.1.loss_bbox: 0.0513  rpn_s.1.loss_giou: 0.4064  rpn_s.2.loss_cls: 0.3826  rpn_s.2.loss_bbox: 0.0430  rpn_s.2.loss_giou: 0.3548  rpn_s.3.loss_cls: 0.3500  rpn_s.3.loss_bbox: 0.0396  rpn_s.3.loss_giou: 0.3362  s0.loss_cls: 0.4196  s0.pos_acc: 64.8148  s0.loss_bbox: 0.6292  s0.loss_iou: 1.1420  s1.loss_cls: 0.4306  s1.pos_acc: 79.6296  s1.loss_bbox: 0.5985  s1.loss_iou: 1.1516
2026/03/27 09:02:09 - mmengine - INFO - Epoch(train)  [7][  100/10002]  lr: 2.5000e-05  eta: 22:23:28  time: 0.3779  data_time: 0.0032  memory: 7329  grad_norm: 85.8202  loss: 8.2731  rpn_s.0.loss_cls: 0.6420  rpn_s.0.loss_bbox: 0.1137  rpn_s.0.loss_giou: 0.7519  rpn_s.1.loss_cls: 0.4647  rpn_s.1.loss_bbox: 0.0520  rpn_s.1.loss_giou: 0.3923  rpn_s.2.loss_cls: 0.4001  rpn_s.2.loss_bbox: 0.0453  rpn_s.2.loss_giou: 0.3419  rpn_s.3.loss_cls: 0.3710  rpn_s.3.loss_bbox: 0.0409  rpn_s.3.loss_giou: 0.3196  s0.loss_cls: 0.4344  s0.pos_acc: 50.0000  s0.loss_bbox: 0.6125  s0.loss_iou: 1.0851  s1.loss_cls: 0.4454  s1.pos_acc: 50.0000  s1.loss_bbox: 0.6369  s1.loss_iou: 1.1237
2026/03/27 09:02:29 - mmengine - INFO - Epoch(train)  [7][  150/10002]  lr: 2.5000e-05  eta: 22:30:43  time: 0.3904  data_time: 0.0032  memory: 7330  grad_norm: 63.6642  loss: 9.1151  rpn_s.0.loss_cls: 0.6581  rpn_s.0.loss_bbox: 0.1125  rpn_s.0.loss_giou: 0.8965  rpn_s.1.loss_cls: 0.4706  rpn_s.1.loss_bbox: 0.0498  rpn_s.1.loss_giou: 0.4671  rpn_s.2.loss_cls: 0.4202  rpn_s.2.loss_bbox: 0.0417  rpn_s.2.loss_giou: 0.3975  rpn_s.3.loss_cls: 0.3820  rpn_s.3.loss_bbox: 0.0390  rpn_s.3.loss_giou: 0.3743  s0.loss_cls: 0.4424  s0.pos_acc: 70.8333  s0.loss_bbox: 0.6029  s0.loss_iou: 1.3359  s1.loss_cls: 0.4626  s1.pos_acc: 66.6667  s1.loss_bbox: 0.5976  s1.loss_iou: 1.3643
2026/03/27 09:02:48 - mmengine - INFO - Epoch(train)  [7][  200/10002]  lr: 2.5000e-05  eta: 22:27:34  time: 0.3829  data_time: 0.0031  memory: 7329  grad_norm: 79.6464  loss: 8.9721  rpn_s.0.loss_cls: 0.6589  rpn_s.0.loss_bbox: 0.1212  rpn_s.0.loss_giou: 0.8805  rpn_s.1.loss_cls: 0.4871  rpn_s.1.loss_bbox: 0.0564  rpn_s.1.loss_giou: 0.4464  rpn_s.2.loss_cls: 0.4174  rpn_s.2.loss_bbox: 0.0459  rpn_s.2.loss_giou: 0.3874  rpn_s.3.loss_cls: 0.3762  rpn_s.3.loss_bbox: 0.0426  rpn_s.3.loss_giou: 0.3619  s0.loss_cls: 0.4479  s0.pos_acc: 71.0280  s0.loss_bbox: 0.6444  s0.loss_iou: 1.2272  s1.loss_cls: 0.4658  s1.pos_acc: 72.8972  s1.loss_bbox: 0.6670  s1.loss_iou: 1.2377
2026/03/27 09:03:07 - mmengine - INFO - Epoch(train)  [7][  250/10002]  lr: 2.5000e-05  eta: 22:23:13  time: 0.3795  data_time: 0.0031  memory: 7329  grad_norm: 84.7913  loss: 8.7788  rpn_s.0.loss_cls: 0.6587  rpn_s.0.loss_bbox: 0.1251  rpn_s.0.loss_giou: 0.8344  rpn_s.1.loss_cls: 0.4693  rpn_s.1.loss_bbox: 0.0614  rpn_s.1.loss_giou: 0.4403  rpn_s.2.loss_cls: 0.4084  rpn_s.2.loss_bbox: 0.0505  rpn_s.2.loss_giou: 0.3857  rpn_s.3.loss_cls: 0.3768  rpn_s.3.loss_bbox: 0.0467  rpn_s.3.loss_giou: 0.3638  s0.loss_cls: 0.4746  s0.pos_acc: 42.3077  s0.loss_bbox: 0.6071  s0.loss_iou: 1.1764  s1.loss_cls: 0.4776  s1.pos_acc: 42.3077  s1.loss_bbox: 0.5936  s1.loss_iou: 1.2284
2026/03/27 09:03:27 - mmengine - INFO - Epoch(train)  [7][  300/10002]  lr: 2.5000e-05  eta: 22:31:27  time: 0.3988  data_time: 0.0031  memory: 7330  grad_norm: 67.7232  loss: 9.1325  rpn_s.0.loss_cls: 0.6549  rpn_s.0.loss_bbox: 0.1251  rpn_s.0.loss_giou: 0.9261  rpn_s.1.loss_cls: 0.4728  rpn_s.1.loss_bbox: 0.0542  rpn_s.1.loss_giou: 0.4683  rpn_s.2.loss_cls: 0.4037  rpn_s.2.loss_bbox: 0.0457  rpn_s.2.loss_giou: 0.4043  rpn_s.3.loss_cls: 0.3779  rpn_s.3.loss_bbox: 0.0424  rpn_s.3.loss_giou: 0.3795  s0.loss_cls: 0.4464  s0.pos_acc: 67.5000  s0.loss_bbox: 0.6378  s0.loss_iou: 1.2831  s1.loss_cls: 0.4604  s1.pos_acc: 62.5000  s1.loss_bbox: 0.6442  s1.loss_iou: 1.3055
2026/03/27 09:03:46 - mmengine - INFO - Epoch(train)  [7][  350/10002]  lr: 2.5000e-05  eta: 22:31:04  time: 0.3865  data_time: 0.0031  memory: 7330  grad_norm: 68.0750  loss: 8.7391  rpn_s.0.loss_cls: 0.6560  rpn_s.0.loss_bbox: 0.1152  rpn_s.0.loss_giou: 0.8803  rpn_s.1.loss_cls: 0.4752  rpn_s.1.loss_bbox: 0.0480  rpn_s.1.loss_giou: 0.4380  rpn_s.2.loss_cls: 0.4110  rpn_s.2.loss_bbox: 0.0398  rpn_s.2.loss_giou: 0.3736  rpn_s.3.loss_cls: 0.3729  rpn_s.3.loss_bbox: 0.0368  rpn_s.3.loss_giou: 0.3541  s0.loss_cls: 0.4389  s0.pos_acc: 71.4286  s0.loss_bbox: 0.6274  s0.loss_iou: 1.1682  s1.loss_cls: 0.4316  s1.pos_acc: 71.4286  s1.loss_bbox: 0.6484  s1.loss_iou: 1.2239
2026/03/27 09:04:05 - mmengine - INFO - Epoch(train)  [7][  400/10002]  lr: 2.5000e-05  eta: 22:29:24  time: 0.3835  data_time: 0.0032  memory: 7330  grad_norm: 76.8820  loss: 8.7951  rpn_s.0.loss_cls: 0.6652  rpn_s.0.loss_bbox: 0.1151  rpn_s.0.loss_giou: 0.8440  rpn_s.1.loss_cls: 0.4694  rpn_s.1.loss_bbox: 0.0542  rpn_s.1.loss_giou: 0.4433  rpn_s.2.loss_cls: 0.3984  rpn_s.2.loss_bbox: 0.0450  rpn_s.2.loss_giou: 0.3770  rpn_s.3.loss_cls: 0.3739  rpn_s.3.loss_bbox: 0.0421  rpn_s.3.loss_giou: 0.3581  s0.loss_cls: 0.4604  s0.pos_acc: 66.3044  s0.loss_bbox: 0.5896  s0.loss_iou: 1.2277  s1.loss_cls: 0.4519  s1.pos_acc: 70.2899  s1.loss_bbox: 0.5841  s1.loss_iou: 1.2959
2026/03/27 09:04:24 - mmengine - INFO - Epoch(train)  [7][  450/10002]  lr: 2.5000e-05  eta: 22:28:37  time: 0.3850  data_time: 0.0031  memory: 7330  grad_norm: 78.1367  loss: 8.9038  rpn_s.0.loss_cls: 0.6743  rpn_s.0.loss_bbox: 0.1171  rpn_s.0.loss_giou: 0.8387  rpn_s.1.loss_cls: 0.4956  rpn_s.1.loss_bbox: 0.0593  rpn_s.1.loss_giou: 0.4500  rpn_s.2.loss_cls: 0.4325  rpn_s.2.loss_bbox: 0.0514  rpn_s.2.loss_giou: 0.3882  rpn_s.3.loss_cls: 0.3908  rpn_s.3.loss_bbox: 0.0465  rpn_s.3.loss_giou: 0.3653  s0.loss_cls: 0.4535  s0.pos_acc: 78.5714  s0.loss_bbox: 0.5845  s0.loss_iou: 1.2185  s1.loss_cls: 0.4449  s1.pos_acc: 82.1429  s1.loss_bbox: 0.6143  s1.loss_iou: 1.2785
2026/03/27 09:04:43 - mmengine - INFO - Epoch(train)  [7][  500/10002]  lr: 2.5000e-05  eta: 22:26:04  time: 0.3797  data_time: 0.0031  memory: 7329  grad_norm: 79.8445  loss: 8.8238  rpn_s.0.loss_cls: 0.6777  rpn_s.0.loss_bbox: 0.1107  rpn_s.0.loss_giou: 0.8529  rpn_s.1.loss_cls: 0.4921  rpn_s.1.loss_bbox: 0.0493  rpn_s.1.loss_giou: 0.4405  rpn_s.2.loss_cls: 0.4278  rpn_s.2.loss_bbox: 0.0418  rpn_s.2.loss_giou: 0.3833  rpn_s.3.loss_cls: 0.3786  rpn_s.3.loss_bbox: 0.0382  rpn_s.3.loss_giou: 0.3628  s0.loss_cls: 0.4583  s0.pos_acc: 78.5714  s0.loss_bbox: 0.5713  s0.loss_iou: 1.2320  s1.loss_cls: 0.4590  s1.pos_acc: 85.7143  s1.loss_bbox: 0.5827  s1.loss_iou: 1.2647
2026/03/27 09:05:02 - mmengine - INFO - Epoch(train)  [7][  550/10002]  lr: 2.5000e-05  eta: 22:24:18  time: 0.3809  data_time: 0.0031  memory: 7329  grad_norm: 79.3303  loss: 8.7184  rpn_s.0.loss_cls: 0.6843  rpn_s.0.loss_bbox: 0.1115  rpn_s.0.loss_giou: 0.8953  rpn_s.1.loss_cls: 0.4805  rpn_s.1.loss_bbox: 0.0456  rpn_s.1.loss_giou: 0.4366  rpn_s.2.loss_cls: 0.4047  rpn_s.2.loss_bbox: 0.0382  rpn_s.2.loss_giou: 0.3815  rpn_s.3.loss_cls: 0.3643  rpn_s.3.loss_bbox: 0.0361  rpn_s.3.loss_giou: 0.3650  s0.loss_cls: 0.4297  s0.pos_acc: 57.1429  s0.loss_bbox: 0.5754  s0.loss_iou: 1.2110  s1.loss_cls: 0.4217  s1.pos_acc: 60.7143  s1.loss_bbox: 0.6117  s1.loss_iou: 1.2254
2026/03/27 09:05:21 - mmengine - INFO - Epoch(train)  [7][  600/10002]  lr: 2.5000e-05  eta: 22:21:45  time: 0.3774  data_time: 0.0030  memory: 7329  grad_norm: 80.9044  loss: 8.5791  rpn_s.0.loss_cls: 0.6501  rpn_s.0.loss_bbox: 0.1161  rpn_s.0.loss_giou: 0.8088  rpn_s.1.loss_cls: 0.4563  rpn_s.1.loss_bbox: 0.0506  rpn_s.1.loss_giou: 0.4147  rpn_s.2.loss_cls: 0.3855  rpn_s.2.loss_bbox: 0.0413  rpn_s.2.loss_giou: 0.3608  rpn_s.3.loss_cls: 0.3524  rpn_s.3.loss_bbox: 0.0401  rpn_s.3.loss_giou: 0.3404  s0.loss_cls: 0.4080  s0.pos_acc: 70.2703  s0.loss_bbox: 0.6777  s0.loss_iou: 1.1831  s1.loss_cls: 0.4220  s1.pos_acc: 71.6216  s1.loss_bbox: 0.6571  s1.loss_iou: 1.2141
2026/03/27 09:05:41 - mmengine - INFO - Epoch(train)  [7][  650/10002]  lr: 2.5000e-05  eta: 22:23:13  time: 0.3910  data_time: 0.0031  memory: 7330  grad_norm: 68.6650  loss: 9.0232  rpn_s.0.loss_cls: 0.6762  rpn_s.0.loss_bbox: 0.1230  rpn_s.0.loss_giou: 0.8848  rpn_s.1.loss_cls: 0.4765  rpn_s.1.loss_bbox: 0.0526  rpn_s.1.loss_giou: 0.4505  rpn_s.2.loss_cls: 0.4139  rpn_s.2.loss_bbox: 0.0442  rpn_s.2.loss_giou: 0.3907  rpn_s.3.loss_cls: 0.3769  rpn_s.3.loss_bbox: 0.0409  rpn_s.3.loss_giou: 0.3666  s0.loss_cls: 0.4385  s0.pos_acc: 70.7661  s0.loss_bbox: 0.6161  s0.loss_iou: 1.2768  s1.loss_cls: 0.4394  s1.pos_acc: 74.5968  s1.loss_bbox: 0.6492  s1.loss_iou: 1.3064
2026/03/27 09:06:00 - mmengine - INFO - Epoch(train)  [7][  700/10002]  lr: 2.5000e-05  eta: 22:23:39  time: 0.3880  data_time: 0.0031  memory: 7330  grad_norm: 77.0916  loss: 8.7991  rpn_s.0.loss_cls: 0.6332  rpn_s.0.loss_bbox: 0.1305  rpn_s.0.loss_giou: 0.8443  rpn_s.1.loss_cls: 0.4547  rpn_s.1.loss_bbox: 0.0620  rpn_s.1.loss_giou: 0.4401  rpn_s.2.loss_cls: 0.3812  rpn_s.2.loss_bbox: 0.0550  rpn_s.2.loss_giou: 0.3839  rpn_s.3.loss_cls: 0.3517  rpn_s.3.loss_bbox: 0.0499  rpn_s.3.loss_giou: 0.3619  s0.loss_cls: 0.4266  s0.pos_acc: 74.2424  s0.loss_bbox: 0.5937  s0.loss_iou: 1.2633  s1.loss_cls: 0.4279  s1.pos_acc: 75.7576  s1.loss_bbox: 0.6041  s1.loss_iou: 1.3350
2026/03/27 09:06:19 - mmengine - INFO - Epoch(train)  [7][  750/10002]  lr: 2.5000e-05  eta: 22:21:16  time: 0.3762  data_time: 0.0030  memory: 7329  grad_norm: 87.6196  loss: 8.8903  rpn_s.0.loss_cls: 0.6538  rpn_s.0.loss_bbox: 0.1168  rpn_s.0.loss_giou: 0.7919  rpn_s.1.loss_cls: 0.4819  rpn_s.1.loss_bbox: 0.0565  rpn_s.1.loss_giou: 0.4255  rpn_s.2.loss_cls: 0.4201  rpn_s.2.loss_bbox: 0.0496  rpn_s.2.loss_giou: 0.3759  rpn_s.3.loss_cls: 0.3807  rpn_s.3.loss_bbox: 0.0461  rpn_s.3.loss_giou: 0.3582  s0.loss_cls: 0.4526  s0.pos_acc: 100.0000  s0.loss_bbox: 0.6832  s0.loss_iou: 1.2168  s1.loss_cls: 0.4494  s1.pos_acc: 100.0000  s1.loss_bbox: 0.6655  s1.loss_iou: 1.2657
2026/03/27 09:06:38 - mmengine - INFO - Epoch(train)  [7][  800/10002]  lr: 2.5000e-05  eta: 22:19:52  time: 0.3796  data_time: 0.0030  memory: 7329  grad_norm: 83.8591  loss: 8.5080  rpn_s.0.loss_cls: 0.6439  rpn_s.0.loss_bbox: 0.1169  rpn_s.0.loss_giou: 0.8207  rpn_s.1.loss_cls: 0.4605  rpn_s.1.loss_bbox: 0.0535  rpn_s.1.loss_giou: 0.4259  rpn_s.2.loss_cls: 0.4026  rpn_s.2.loss_bbox: 0.0453  rpn_s.2.loss_giou: 0.3638  rpn_s.3.loss_cls: 0.3695  rpn_s.3.loss_bbox: 0.0419  rpn_s.3.loss_giou: 0.3412  s0.loss_cls: 0.4283  s0.pos_acc: 69.5652  s0.loss_bbox: 0.6112  s0.loss_iou: 1.1612  s1.loss_cls: 0.4365  s1.pos_acc: 71.7391  s1.loss_bbox: 0.6000  s1.loss_iou: 1.1850
2026/03/27 09:06:57 - mmengine - INFO - Epoch(train)  [7][  850/10002]  lr: 2.5000e-05  eta: 22:20:27  time: 0.3886  data_time: 0.0030  memory: 7330  grad_norm: 76.4733  loss: 8.6617  rpn_s.0.loss_cls: 0.6406  rpn_s.0.loss_bbox: 0.1162  rpn_s.0.loss_giou: 0.8172  rpn_s.1.loss_cls: 0.4626  rpn_s.1.loss_bbox: 0.0509  rpn_s.1.loss_giou: 0.4237  rpn_s.2.loss_cls: 0.4089  rpn_s.2.loss_bbox: 0.0423  rpn_s.2.loss_giou: 0.3604  rpn_s.3.loss_cls: 0.3806  rpn_s.3.loss_bbox: 0.0394  rpn_s.3.loss_giou: 0.3447  s0.loss_cls: 0.4273  s0.pos_acc: 66.6667  s0.loss_bbox: 0.6130  s0.loss_iou: 1.2131  s1.loss_cls: 0.4184  s1.pos_acc: 76.6667  s1.loss_bbox: 0.6446  s1.loss_iou: 1.2578
2026/03/27 09:07:16 - mmengine - INFO - Epoch(train)  [7][  900/10002]  lr: 2.5000e-05  eta: 22:18:46  time: 0.3775  data_time: 0.0030  memory: 7329  grad_norm: 70.1529  loss: 8.6811  rpn_s.0.loss_cls: 0.6605  rpn_s.0.loss_bbox: 0.1210  rpn_s.0.loss_giou: 0.8393  rpn_s.1.loss_cls: 0.4750  rpn_s.1.loss_bbox: 0.0551  rpn_s.1.loss_giou: 0.4428  rpn_s.2.loss_cls: 0.4171  rpn_s.2.loss_bbox: 0.0445  rpn_s.2.loss_giou: 0.3785  rpn_s.3.loss_cls: 0.3791  rpn_s.3.loss_bbox: 0.0414  rpn_s.3.loss_giou: 0.3592  s0.loss_cls: 0.4479  s0.pos_acc: 50.0000  s0.loss_bbox: 0.5078  s0.loss_iou: 1.2665  s1.loss_cls: 0.4541  s1.pos_acc: 50.0000  s1.loss_bbox: 0.5028  s1.loss_iou: 1.2883
2026/03/27 09:07:35 - mmengine - INFO - Epoch(train)  [7][  950/10002]  lr: 2.5000e-05  eta: 22:17:43  time: 0.3801  data_time: 0.0030  memory: 7329  grad_norm: 67.4306  loss: 9.0081  rpn_s.0.loss_cls: 0.6474  rpn_s.0.loss_bbox: 0.1312  rpn_s.0.loss_giou: 0.8803  rpn_s.1.loss_cls: 0.4795  rpn_s.1.loss_bbox: 0.0587  rpn_s.1.loss_giou: 0.4454  rpn_s.2.loss_cls: 0.4081  rpn_s.2.loss_bbox: 0.0483  rpn_s.2.loss_giou: 0.3784  rpn_s.3.loss_cls: 0.3782  rpn_s.3.loss_bbox: 0.0446  rpn_s.3.loss_giou: 0.3570  s0.loss_cls: 0.4380  s0.pos_acc: 81.9444  s0.loss_bbox: 0.6880  s0.loss_iou: 1.2271  s1.loss_cls: 0.4542  s1.pos_acc: 72.2222  s1.loss_bbox: 0.6794  s1.loss_iou: 1.2643
2026/03/27 09:07:52 - mmengine - INFO - Exp name: GSDet_r50_b900_h2h4_h2r1_r2r1_2x_fair1m1.0_20260327_090119
2026/03/27 09:07:54 - mmengine - INFO - Epoch(train)  [7][ 1000/10002]  lr: 2.5000e-05  eta: 22:16:46  time: 0.3802  data_time: 0.0029  memory: 7329  grad_norm: 74.4242  loss: 9.2304  rpn_s.0.loss_cls: 0.6390  rpn_s.0.loss_bbox: 0.1213  rpn_s.0.loss_giou: 0.9049  rpn_s.1.loss_cls: 0.4696  rpn_s.1.loss_bbox: 0.0514  rpn_s.1.loss_giou: 0.4577  rpn_s.2.loss_cls: 0.4089  rpn_s.2.loss_bbox: 0.0418  rpn_s.2.loss_giou: 0.3906  rpn_s.3.loss_cls: 0.3762  rpn_s.3.loss_bbox: 0.0396  rpn_s.3.loss_giou: 0.3699  s0.loss_cls: 0.4393  s0.pos_acc: 66.6667  s0.loss_bbox: 0.6742  s0.loss_iou: 1.3441  s1.loss_cls: 0.4330  s1.pos_acc: 66.6667  s1.loss_bbox: 0.6831  s1.loss_iou: 1.3856
2026/03/27 09:08:14 - mmengine - INFO - Epoch(train)  [7][ 1050/10002]  lr: 2.5000e-05  eta: 22:18:51  time: 0.3982  data_time: 0.0030  memory: 7330  grad_norm: 75.4728  loss: 8.4707  rpn_s.0.loss_cls: 0.5993  rpn_s.0.loss_bbox: 0.1283  rpn_s.0.loss_giou: 0.7919  rpn_s.1.loss_cls: 0.4412  rpn_s.1.loss_bbox: 0.0611  rpn_s.1.loss_giou: 0.4243  rpn_s.2.loss_cls: 0.3865  rpn_s.2.loss_bbox: 0.0509  rpn_s.2.loss_giou: 0.3643  rpn_s.3.loss_cls: 0.3516  rpn_s.3.loss_bbox: 0.0467  rpn_s.3.loss_giou: 0.3383  s0.loss_cls: 0.3991  s0.pos_acc: 84.6154  s0.loss_bbox: 0.6199  s0.loss_iou: 1.1969  s1.loss_cls: 0.4217  s1.pos_acc: 84.6154  s1.loss_bbox: 0.6180  s1.loss_iou: 1.2307
2026/03/27 09:08:33 - mmengine - INFO - Epoch(train)  [7][ 1100/10002]  lr: 2.5000e-05  eta: 22:17:51  time: 0.3801  data_time: 0.0030  memory: 7329  grad_norm: 84.3699  loss: 8.7221  rpn_s.0.loss_cls: 0.6410  rpn_s.0.loss_bbox: 0.1213  rpn_s.0.loss_giou: 0.8322  rpn_s.1.loss_cls: 0.4648  rpn_s.1.loss_bbox: 0.0552  rpn_s.1.loss_giou: 0.4251  rpn_s.2.loss_cls: 0.4054  rpn_s.2.loss_bbox: 0.0465  rpn_s.2.loss_giou: 0.3662  rpn_s.3.loss_cls: 0.3729  rpn_s.3.loss_bbox: 0.0422  rpn_s.3.loss_giou: 0.3453  s0.loss_cls: 0.4408  s0.pos_acc: 100.0000  s0.loss_bbox: 0.6185  s0.loss_iou: 1.2019  s1.loss_cls: 0.4592  s1.pos_acc: 100.0000  s1.loss_bbox: 0.6297  s1.loss_iou: 1.2537
2026/03/27 09:08:52 - mmengine - INFO - Epoch(train)  [7][ 1150/10002]  lr: 2.5000e-05  eta: 22:16:20  time: 0.3763  data_time: 0.0030  memory: 7329  grad_norm: 73.7824  loss: 8.5472  rpn_s.0.loss_cls: 0.6272  rpn_s.0.loss_bbox: 0.1185  rpn_s.0.loss_giou: 0.8575  rpn_s.1.loss_cls: 0.4656  rpn_s.1.loss_bbox: 0.0494  rpn_s.1.loss_giou: 0.4215  rpn_s.2.loss_cls: 0.3873  rpn_s.2.loss_bbox: 0.0393  rpn_s.2.loss_giou: 0.3621  rpn_s.3.loss_cls: 0.3461  rpn_s.3.loss_bbox: 0.0369  rpn_s.3.loss_giou: 0.3437  s0.loss_cls: 0.4190  s0.pos_acc: 80.0000  s0.loss_bbox: 0.6098  s0.loss_iou: 1.1976  s1.loss_cls: 0.4235  s1.pos_acc: 80.0000  s1.loss_bbox: 0.6132  s1.loss_iou: 1.2290
2026/03/27 09:09:11 - mmengine - INFO - Epoch(train)  [7][ 1200/10002]  lr: 2.5000e-05  eta: 22:16:23  time: 0.3864  data_time: 0.0030  memory: 7330  grad_norm: 70.0843  loss: 9.2674  rpn_s.0.loss_cls: 0.6775  rpn_s.0.loss_bbox: 0.1301  rpn_s.0.loss_giou: 0.8927  rpn_s.1.loss_cls: 0.5127  rpn_s.1.loss_bbox: 0.0566  rpn_s.1.loss_giou: 0.4588  rpn_s.2.loss_cls: 0.4486  rpn_s.2.loss_bbox: 0.0468  rpn_s.2.loss_giou: 0.3887  rpn_s.3.loss_cls: 0.4134  rpn_s.3.loss_bbox: 0.0432  rpn_s.3.loss_giou: 0.3669  s0.loss_cls: 0.4526  s0.pos_acc: 100.0000  s0.loss_bbox: 0.6698  s0.loss_iou: 1.2771  s1.loss_cls: 0.4641  s1.pos_acc: 100.0000  s1.loss_bbox: 0.6615  s1.loss_iou: 1.3063
2026/03/27 09:09:30 - mmengine - INFO - Epoch(train)  [7][ 1250/10002]  lr: 2.5000e-05  eta: 22:15:27  time: 0.3795  data_time: 0.0030  memory: 7329  grad_norm: 74.9979  loss: 8.3413  rpn_s.0.loss_cls: 0.6524  rpn_s.0.loss_bbox: 0.1115  rpn_s.0.loss_giou: 0.8096  rpn_s.1.loss_cls: 0.4758  rpn_s.1.loss_bbox: 0.0475  rpn_s.1.loss_giou: 0.4048  rpn_s.2.loss_cls: 0.4031  rpn_s.2.loss_bbox: 0.0399  rpn_s.2.loss_giou: 0.3481  rpn_s.3.loss_cls: 0.3614  rpn_s.3.loss_bbox: 0.0373  rpn_s.3.loss_giou: 0.3309  s0.loss_cls: 0.4059  s0.pos_acc: 78.7234  s0.loss_bbox: 0.6172  s0.loss_iou: 1.1164  s1.loss_cls: 0.4102  s1.pos_acc: 77.6596  s1.loss_bbox: 0.6200  s1.loss_iou: 1.1493
2026/03/27 09:09:50 - mmengine - INFO - Epoch(train)  [7][ 1300/10002]  lr: 2.5000e-05  eta: 22:15:06  time: 0.3835  data_time: 0.0031  memory: 7329  grad_norm: 80.3743  loss: 8.4984  rpn_s.0.loss_cls: 0.6530  rpn_s.0.loss_bbox: 0.1128  rpn_s.0.loss_giou: 0.8008  rpn_s.1.loss_cls: 0.4768  rpn_s.1.loss_bbox: 0.0520  rpn_s.1.loss_giou: 0.4201  rpn_s.2.loss_cls: 0.3999  rpn_s.2.loss_bbox: 0.0456  rpn_s.2.loss_giou: 0.3616  rpn_s.3.loss_cls: 0.3644  rpn_s.3.loss_bbox: 0.0425  rpn_s.3.loss_giou: 0.3450  s0.loss_cls: 0.4314  s0.pos_acc: 76.0000  s0.loss_bbox: 0.5536  s0.loss_iou: 1.2080  s1.loss_cls: 0.4396  s1.pos_acc: 75.0000  s1.loss_bbox: 0.5466  s1.loss_iou: 1.2449
2026/03/27 09:10:09 - mmengine - INFO - Epoch(train)  [7][ 1350/10002]  lr: 2.5000e-05  eta: 22:14:53  time: 0.3847  data_time: 0.0031  memory: 7329  grad_norm: 76.4915  loss: 9.1463  rpn_s.0.loss_cls: 0.6734  rpn_s.0.loss_bbox: 0.1210  rpn_s.0.loss_giou: 0.9196  rpn_s.1.loss_cls: 0.4916  rpn_s.1.loss_bbox: 0.0531  rpn_s.1.loss_giou: 0.4764  rpn_s.2.loss_cls: 0.4226  rpn_s.2.loss_bbox: 0.0448  rpn_s.2.loss_giou: 0.4125  rpn_s.3.loss_cls: 0.3780  rpn_s.3.loss_bbox: 0.0401  rpn_s.3.loss_giou: 0.3823  s0.loss_cls: 0.4370  s0.pos_acc: 74.7788  s0.loss_bbox: 0.5697  s0.loss_iou: 1.3251  s1.loss_cls: 0.4548  s1.pos_acc: 71.6814  s1.loss_bbox: 0.5774  s1.loss_iou: 1.3668
2026/03/27 09:10:28 - mmengine - INFO - Epoch(train)  [7][ 1400/10002]  lr: 2.5000e-05  eta: 22:14:33  time: 0.3836  data_time: 0.0031  memory: 7330  grad_norm: 69.8896  loss: 9.0343  rpn_s.0.loss_cls: 0.6813  rpn_s.0.loss_bbox: 0.1250  rpn_s.0.loss_giou: 0.9279  rpn_s.1.loss_cls: 0.4795  rpn_s.1.loss_bbox: 0.0535  rpn_s.1.loss_giou: 0.4600  rpn_s.2.loss_cls: 0.4083  rpn_s.2.loss_bbox: 0.0440  rpn_s.2.loss_giou: 0.3903  rpn_s.3.loss_cls: 0.3703  rpn_s.3.loss_bbox: 0.0411  rpn_s.3.loss_giou: 0.3685  s0.loss_cls: 0.4306  s0.pos_acc: 100.0000  s0.loss_bbox: 0.6300  s0.loss_iou: 1.2746  s1.loss_cls: 0.4309  s1.pos_acc: 100.0000  s1.loss_bbox: 0.6148  s1.loss_iou: 1.3036
2026/03/27 09:10:47 - mmengine - INFO - Epoch(train)  [7][ 1450/10002]  lr: 2.5000e-05  eta: 22:13:42  time: 0.3793  data_time: 0.0030  memory: 7329  grad_norm: 75.9642  loss: 8.6532  rpn_s.0.loss_cls: 0.6528  rpn_s.0.loss_bbox: 0.1217  rpn_s.0.loss_giou: 0.8598  rpn_s.1.loss_cls: 0.4511  rpn_s.1.loss_bbox: 0.0533  rpn_s.1.loss_giou: 0.4274  rpn_s.2.loss_cls: 0.3932  rpn_s.2.loss_bbox: 0.0445  rpn_s.2.loss_giou: 0.3731  rpn_s.3.loss_cls: 0.3569  rpn_s.3.loss_bbox: 0.0420  rpn_s.3.loss_giou: 0.3521  s0.loss_cls: 0.4227  s0.pos_acc: 86.2069  s0.loss_bbox: 0.6344  s0.loss_iou: 1.1616  s1.loss_cls: 0.4453  s1.pos_acc: 81.0345  s1.loss_bbox: 0.6387  s1.loss_iou: 1.2225
2026/03/27 09:11:06 - mmengine - INFO - Epoch(train)  [7][ 1500/10002]  lr: 2.5000e-05  eta: 22:13:40  time: 0.3862  data_time: 0.0030  memory: 7329  grad_norm: 68.5927  loss: 9.4676  rpn_s.0.loss_cls: 0.6634  rpn_s.0.loss_bbox: 0.1314  rpn_s.0.loss_giou: 0.9800  rpn_s.1.loss_cls: 0.4615  rpn_s.1.loss_bbox: 0.0579  rpn_s.1.loss_giou: 0.5091  rpn_s.2.loss_cls: 0.3923  rpn_s.2.loss_bbox: 0.0485  rpn_s.2.loss_giou: 0.4411  rpn_s.3.loss_cls: 0.3633  rpn_s.3.loss_bbox: 0.0432  rpn_s.3.loss_giou: 0.4110  s0.loss_cls: 0.4058  s0.pos_acc: 90.9091  s0.loss_bbox: 0.6063  s0.loss_iou: 1.4399  s1.loss_cls: 0.4190  s1.pos_acc: 86.3636  s1.loss_bbox: 0.6087  s1.loss_iou: 1.4852
2026/03/27 09:11:26 - mmengine - INFO - Epoch(train)  [7][ 1550/10002]  lr: 2.5000e-05  eta: 22:13:49  time: 0.3879  data_time: 0.0030  memory: 7330  grad_norm: 83.2038  loss: 8.6943  rpn_s.0.loss_cls: 0.6169  rpn_s.0.loss_bbox: 0.1329  rpn_s.0.loss_giou: 0.7990  rpn_s.1.loss_cls: 0.4360  rpn_s.1.loss_bbox: 0.0646  rpn_s.1.loss_giou: 0.4204  rpn_s.2.loss_cls: 0.3740  rpn_s.2.loss_bbox: 0.0536  rpn_s.2.loss_giou: 0.3607  rpn_s.3.loss_cls: 0.3433  rpn_s.3.loss_bbox: 0.0504  rpn_s.3.loss_giou: 0.3408  s0.loss_cls: 0.4115  s0.pos_acc: 64.5161  s0.loss_bbox: 0.7167  s0.loss_iou: 1.1753  s1.loss_cls: 0.4254  s1.pos_acc: 70.9677  s1.loss_bbox: 0.7363  s1.loss_iou: 1.2365
2026/03/27 09:11:45 - mmengine - INFO - Epoch(train)  [7][ 1600/10002]  lr: 2.5000e-05  eta: 22:13:03  time: 0.3798  data_time: 0.0030  memory: 7330  grad_norm: 71.1330  loss: 9.0199  rpn_s.0.loss_cls: 0.6730  rpn_s.0.loss_bbox: 0.1186  rpn_s.0.loss_giou: 0.8839  rpn_s.1.loss_cls: 0.4783  rpn_s.1.loss_bbox: 0.0500  rpn_s.1.loss_giou: 0.4462  rpn_s.2.loss_cls: 0.4121  rpn_s.2.loss_bbox: 0.0419  rpn_s.2.loss_giou: 0.3862  rpn_s.3.loss_cls: 0.3726  rpn_s.3.loss_bbox: 0.0390  rpn_s.3.loss_giou: 0.3656  s0.loss_cls: 0.4326  s0.pos_acc: 66.1972  s0.loss_bbox: 0.6504  s0.loss_iou: 1.2658  s1.loss_cls: 0.4417  s1.pos_acc: 67.6056  s1.loss_bbox: 0.6456  s1.loss_iou: 1.3162
2026/03/27 09:12:04 - mmengine - INFO - Epoch(train)  [7][ 1650/10002]  lr: 2.5000e-05  eta: 22:12:06  time: 0.3778  data_time: 0.0030  memory: 7330  grad_norm: 82.6088  loss: 8.6407  rpn_s.0.loss_cls: 0.6582  rpn_s.0.loss_bbox: 0.1138  rpn_s.0.loss_giou: 0.7935  rpn_s.1.loss_cls: 0.4968  rpn_s.1.loss_bbox: 0.0530  rpn_s.1.loss_giou: 0.4244  rpn_s.2.loss_cls: 0.4007  rpn_s.2.loss_bbox: 0.0450  rpn_s.2.loss_giou: 0.3703  rpn_s.3.loss_cls: 0.3570  rpn_s.3.loss_bbox: 0.0417  rpn_s.3.loss_giou: 0.3477  s0.loss_cls: 0.4136  s0.pos_acc: 71.4286  s0.loss_bbox: 0.6237  s0.loss_iou: 1.2041  s1.loss_cls: 0.4412  s1.pos_acc: 71.4286  s1.loss_bbox: 0.6130  s1.loss_iou: 1.2430
2026/03/27 09:12:23 - mmengine - INFO - Epoch(train)  [7][ 1700/10002]  lr: 2.5000e-05  eta: 22:12:00  time: 0.3856  data_time: 0.0029  memory: 7330  grad_norm: 76.3445  loss: 9.1233  rpn_s.0.loss_cls: 0.6677  rpn_s.0.loss_bbox: 0.1251  rpn_s.0.loss_giou: 0.8704  rpn_s.1.loss_cls: 0.4903  rpn_s.1.loss_bbox: 0.0576  rpn_s.1.loss_giou: 0.4550  rpn_s.2.loss_cls: 0.4220  rpn_s.2.loss_bbox: 0.0489  rpn_s.2.loss_giou: 0.4022  rpn_s.3.loss_cls: 0.3948  rpn_s.3.loss_bbox: 0.0458  rpn_s.3.loss_giou: 0.3826  s0.loss_cls: 0.4455  s0.pos_acc: 77.6316  s0.loss_bbox: 0.6096  s0.loss_iou: 1.2896  s1.loss_cls: 0.4539  s1.pos_acc: 84.2105  s1.loss_bbox: 0.6077  s1.loss_iou: 1.3546
2026/03/27 09:12:42 - mmengine - INFO - Epoch(train)  [7][ 1750/10002]  lr: 2.5000e-05  eta: 22:12:01  time: 0.3871  data_time: 0.0030  memory: 7329  grad_norm: 69.8432  loss: 9.2303  rpn_s.0.loss_cls: 0.6613  rpn_s.0.loss_bbox: 0.1249  rpn_s.0.loss_giou: 0.9256  rpn_s.1.loss_cls: 0.4672  rpn_s.1.loss_bbox: 0.0551  rpn_s.1.loss_giou: 0.4747  rpn_s.2.loss_cls: 0.4008  rpn_s.2.loss_bbox: 0.0458  rpn_s.2.loss_giou: 0.4108  rpn_s.3.loss_cls: 0.3657  rpn_s.3.loss_bbox: 0.0420  rpn_s.3.loss_giou: 0.3835  s0.loss_cls: 0.4273  s0.pos_acc: 66.9643  s0.loss_bbox: 0.6527  s0.loss_iou: 1.3350  s1.loss_cls: 0.4348  s1.pos_acc: 66.9643  s1.loss_bbox: 0.6396  s1.loss_iou: 1.3835
2026/03/27 09:13:01 - mmengine - INFO - Epoch(train)  [7][ 1800/10002]  lr: 2.5000e-05  eta: 22:11:49  time: 0.3849  data_time: 0.0030  memory: 7329  grad_norm: 72.0900  loss: 8.8383  rpn_s.0.loss_cls: 0.6512  rpn_s.0.loss_bbox: 0.1202  rpn_s.0.loss_giou: 0.8893  rpn_s.1.loss_cls: 0.4595  rpn_s.1.loss_bbox: 0.0522  rpn_s.1.loss_giou: 0.4515  rpn_s.2.loss_cls: 0.3919  rpn_s.2.loss_bbox: 0.0440  rpn_s.2.loss_giou: 0.3831  rpn_s.3.loss_cls: 0.3577  rpn_s.3.loss_bbox: 0.0405  rpn_s.3.loss_giou: 0.3620  s0.loss_cls: 0.4073  s0.pos_acc: 61.5385  s0.loss_bbox: 0.6369  s0.loss_iou: 1.2568  s1.loss_cls: 0.4119  s1.pos_acc: 57.6923  s1.loss_bbox: 0.6233  s1.loss_iou: 1.2989
2026/03/27 09:13:21 - mmengine - INFO - Epoch(train)  [7][ 1850/10002]  lr: 2.5000e-05  eta: 22:11:43  time: 0.3861  data_time: 0.0030  memory: 7329  grad_norm: 69.0734  loss: 9.1310  rpn_s.0.loss_cls: 0.6956  rpn_s.0.loss_bbox: 0.1209  rpn_s.0.loss_giou: 0.9245  rpn_s.1.loss_cls: 0.4857  rpn_s.1.loss_bbox: 0.0477  rpn_s.1.loss_giou: 0.4511  rpn_s.2.loss_cls: 0.4170  rpn_s.2.loss_bbox: 0.0398  rpn_s.2.loss_giou: 0.3896  rpn_s.3.loss_cls: 0.3816  rpn_s.3.loss_bbox: 0.0372  rpn_s.3.loss_giou: 0.3686  s0.loss_cls: 0.4643  s0.pos_acc: 60.0000  s0.loss_bbox: 0.6113  s0.loss_iou: 1.2930  s1.loss_cls: 0.4648  s1.pos_acc: 60.0000  s1.loss_bbox: 0.6145  s1.loss_iou: 1.3239
2026/03/27 09:13:40 - mmengine - INFO - Epoch(train)  [7][ 1900/10002]  lr: 2.5000e-05  eta: 22:11:36  time: 0.3860  data_time: 0.0030  memory: 7329  grad_norm: 83.0252  loss: 8.4274  rpn_s.0.loss_cls: 0.6264  rpn_s.0.loss_bbox: 0.1099  rpn_s.0.loss_giou: 0.8140  rpn_s.1.loss_cls: 0.4419  rpn_s.1.loss_bbox: 0.0499  rpn_s.1.loss_giou: 0.4146  rpn_s.2.loss_cls: 0.3829  rpn_s.2.loss_bbox: 0.0427  rpn_s.2.loss_giou: 0.3590  rpn_s.3.loss_cls: 0.3428  rpn_s.3.loss_bbox: 0.0398  rpn_s.3.loss_giou: 0.3400  s0.loss_cls: 0.4120  s0.pos_acc: 63.3333  s0.loss_bbox: 0.6424  s0.loss_iou: 1.1409  s1.loss_cls: 0.4298  s1.pos_acc: 76.6667  s1.loss_bbox: 0.6305  s1.loss_iou: 1.2080
2026/03/27 09:13:59 - mmengine - INFO - Epoch(train)  [7][ 1950/10002]  lr: 2.5000e-05  eta: 22:11:36  time: 0.3874  data_time: 0.0030  memory: 7330  grad_norm: 81.0204  loss: 9.3181  rpn_s.0.loss_cls: 0.6810  rpn_s.0.loss_bbox: 0.1334  rpn_s.0.loss_giou: 0.8911  rpn_s.1.loss_cls: 0.5061  rpn_s.1.loss_bbox: 0.0631  rpn_s.1.loss_giou: 0.4719  rpn_s.2.loss_cls: 0.4315  rpn_s.2.loss_bbox: 0.0517  rpn_s.2.loss_giou: 0.4031  rpn_s.3.loss_cls: 0.4089  rpn_s.3.loss_bbox: 0.0491  rpn_s.3.loss_giou: 0.3783  s0.loss_cls: 0.4737  s0.pos_acc: 74.1936  s0.loss_bbox: 0.6314  s0.loss_iou: 1.2969  s1.loss_cls: 0.4708  s1.pos_acc: 77.4194  s1.loss_bbox: 0.6215  s1.loss_iou: 1.3546
2026/03/27 09:14:16 - mmengine - INFO - Exp name: GSDet_r50_b900_h2h4_h2r1_r2r1_2x_fair1m1.0_20260327_090119
2026/03/27 09:14:18 - mmengine - INFO - Epoch(train)  [7][ 2000/10002]  lr: 2.5000e-05  eta: 22:10:46  time: 0.3781  data_time: 0.0031  memory: 7329  grad_norm: 81.7321  loss: 8.8120  rpn_s.0.loss_cls: 0.6879  rpn_s.0.loss_bbox: 0.1134  rpn_s.0.loss_giou: 0.8675  rpn_s.1.loss_cls: 0.4939  rpn_s.1.loss_bbox: 0.0485  rpn_s.1.loss_giou: 0.4387  rpn_s.2.loss_cls: 0.4279  rpn_s.2.loss_bbox: 0.0404  rpn_s.2.loss_giou: 0.3747  rpn_s.3.loss_cls: 0.3894  rpn_s.3.loss_bbox: 0.0371  rpn_s.3.loss_giou: 0.3522  s0.loss_cls: 0.4514  s0.pos_acc: 66.6667  s0.loss_bbox: 0.6236  s0.loss_iou: 1.1714  s1.loss_cls: 0.4647  s1.pos_acc: 63.3333  s1.loss_bbox: 0.6420  s1.loss_iou: 1.1874
2026/03/27 09:14:37 - mmengine - INFO - Epoch(train)  [7][ 2050/10002]  lr: 2.5000e-05  eta: 22:10:17  time: 0.3818  data_time: 0.0031  memory: 7329  grad_norm: 72.1020  loss: 9.0705  rpn_s.0.loss_cls: 0.6779  rpn_s.0.loss_bbox: 0.1129  rpn_s.0.loss_giou: 0.8899  rpn_s.1.loss_cls: 0.4780  rpn_s.1.loss_bbox: 0.0506  rpn_s.1.loss_giou: 0.4568  rpn_s.2.loss_cls: 0.4208  rpn_s.2.loss_bbox: 0.0424  rpn_s.2.loss_giou: 0.3999  rpn_s.3.loss_cls: 0.3817  rpn_s.3.loss_bbox: 0.0404  rpn_s.3.loss_giou: 0.3765  s0.loss_cls: 0.4404  s0.pos_acc: 63.6364  s0.loss_bbox: 0.6336  s0.loss_iou: 1.2710  s1.loss_cls: 0.4454  s1.pos_acc: 63.6364  s1.loss_bbox: 0.6394  s1.loss_iou: 1.3129
2026/03/27 09:14:56 - mmengine - INFO - Epoch(train)  [7][ 2100/10002]  lr: 2.5000e-05  eta: 22:09:44  time: 0.3810  data_time: 0.0031  memory: 7329  grad_norm: 73.3579  loss: 8.6918  rpn_s.0.loss_cls: 0.6439  rpn_s.0.loss_bbox: 0.1153  rpn_s.0.loss_giou: 0.8595  rpn_s.1.loss_cls: 0.4616  rpn_s.1.loss_bbox: 0.0506  rpn_s.1.loss_giou: 0.4318  rpn_s.2.loss_cls: 0.4015  rpn_s.2.loss_bbox: 0.0435  rpn_s.2.loss_giou: 0.3815  rpn_s.3.loss_cls: 0.3618  rpn_s.3.loss_bbox: 0.0403  rpn_s.3.loss_giou: 0.3618  s0.loss_cls: 0.4312  s0.pos_acc: 50.0000  s0.loss_bbox: 0.5629  s0.loss_iou: 1.2458  s1.loss_cls: 0.4307  s1.pos_acc: 56.2500  s1.loss_bbox: 0.5698  s1.loss_iou: 1.2983
2026/03/27 09:15:15 - mmengine - INFO - Epoch(train)  [7][ 2150/10002]  lr: 2.5000e-05  eta: 22:08:48  time: 0.3760  data_time: 0.0031  memory: 7329  grad_norm: 76.3986  loss: 8.3510  rpn_s.0.loss_cls: 0.6148  rpn_s.0.loss_bbox: 0.1229  rpn_s.0.loss_giou: 0.8216  rpn_s.1.loss_cls: 0.4446  rpn_s.1.loss_bbox: 0.0518  rpn_s.1.loss_giou: 0.4131  rpn_s.2.loss_cls: 0.3710  rpn_s.2.loss_bbox: 0.0433  rpn_s.2.loss_giou: 0.3574  rpn_s.3.loss_cls: 0.3425  rpn_s.3.loss_bbox: 0.0410  rpn_s.3.loss_giou: 0.3364  s0.loss_cls: 0.4027  s0.pos_acc: 90.0000  s0.loss_bbox: 0.6408  s0.loss_iou: 1.1228  s1.loss_cls: 0.4216  s1.pos_acc: 85.0000  s1.loss_bbox: 0.6539  s1.loss_iou: 1.1489
2026/03/27 09:15:35 - mmengine - INFO - Epoch(train)  [7][ 2200/10002]  lr: 2.5000e-05  eta: 22:08:32  time: 0.3843  data_time: 0.0031  memory: 7330  grad_norm: 75.2975  loss: 8.6978  rpn_s.0.loss_cls: 0.6269  rpn_s.0.loss_bbox: 0.1118  rpn_s.0.loss_giou: 0.8077  rpn_s.1.loss_cls: 0.4592  rpn_s.1.loss_bbox: 0.0486  rpn_s.1.loss_giou: 0.4101  rpn_s.2.loss_cls: 0.4082  rpn_s.2.loss_bbox: 0.0406  rpn_s.2.loss_giou: 0.3529  rpn_s.3.loss_cls: 0.3724  rpn_s.3.loss_bbox: 0.0376  rpn_s.3.loss_giou: 0.3387  s0.loss_cls: 0.4305  s0.pos_acc: 100.0000  s0.loss_bbox: 0.6770  s0.loss_iou: 1.1979  s1.loss_cls: 0.4374  s1.pos_acc: 100.0000  s1.loss_bbox: 0.7092  s1.loss_iou: 1.2312
2026/03/27 09:15:54 - mmengine - INFO - Epoch(train)  [7][ 2250/10002]  lr: 2.5000e-05  eta: 22:08:13  time: 0.3836  data_time: 0.0031  memory: 7329  grad_norm: 66.0701  loss: 8.7492  rpn_s.0.loss_cls: 0.6653  rpn_s.0.loss_bbox: 0.1110  rpn_s.0.loss_giou: 0.8604  rpn_s.1.loss_cls: 0.4643  rpn_s.1.loss_bbox: 0.0471  rpn_s.1.loss_giou: 0.4333  rpn_s.2.loss_cls: 0.4012  rpn_s.2.loss_bbox: 0.0392  rpn_s.2.loss_giou: 0.3741  rpn_s.3.loss_cls: 0.3648  rpn_s.3.loss_bbox: 0.0375  rpn_s.3.loss_giou: 0.3551  s0.loss_cls: 0.4282  s0.pos_acc: 82.0000  s0.loss_bbox: 0.6005  s0.loss_iou: 1.2476  s1.loss_cls: 0.4245  s1.pos_acc: 86.0000  s1.loss_bbox: 0.5889  s1.loss_iou: 1.3064
2026/03/27 09:16:13 - mmengine - INFO - Epoch(train)  [7][ 2300/10002]  lr: 2.5000e-05  eta: 22:07:52  time: 0.3831  data_time: 0.0031  memory: 7329  grad_norm: 80.5060  loss: 8.6458  rpn_s.0.loss_cls: 0.6643  rpn_s.0.loss_bbox: 0.1178  rpn_s.0.loss_giou: 0.8589  rpn_s.1.loss_cls: 0.4767  rpn_s.1.loss_bbox: 0.0475  rpn_s.1.loss_giou: 0.4202  rpn_s.2.loss_cls: 0.4219  rpn_s.2.loss_bbox: 0.0396  rpn_s.2.loss_giou: 0.3600  rpn_s.3.loss_cls: 0.3769  rpn_s.3.loss_bbox: 0.0379  rpn_s.3.loss_giou: 0.3414  s0.loss_cls: 0.4381  s0.pos_acc: 73.7500  s0.loss_bbox: 0.6452  s0.loss_iou: 1.1574  s1.loss_cls: 0.4321  s1.pos_acc: 72.5000  s1.loss_bbox: 0.6324  s1.loss_iou: 1.1776
2026/03/27 09:16:32 - mmengine - INFO - Epoch(train)  [7][ 2350/10002]  lr: 2.5000e-05  eta: 22:07:40  time: 0.3852  data_time: 0.0031  memory: 7329  grad_norm: 77.3075  loss: 8.8552  rpn_s.0.loss_cls: 0.6662  rpn_s.0.loss_bbox: 0.1171  rpn_s.0.loss_giou: 0.8324  rpn_s.1.loss_cls: 0.4997  rpn_s.1.loss_bbox: 0.0490  rpn_s.1.loss_giou: 0.4228  rpn_s.2.loss_cls: 0.4349  rpn_s.2.loss_bbox: 0.0404  rpn_s.2.loss_giou: 0.3655  rpn_s.3.loss_cls: 0.3962  rpn_s.3.loss_bbox: 0.0379  rpn_s.3.loss_giou: 0.3487  s0.loss_cls: 0.4556  s0.pos_acc: 42.3077  s0.loss_bbox: 0.6511  s0.loss_iou: 1.2050  s1.loss_cls: 0.4619  s1.pos_acc: 46.1538  s1.loss_bbox: 0.6374  s1.loss_iou: 1.2333
2026/03/27 09:16:51 - mmengine - INFO - Epoch(train)  [7][ 2400/10002]  lr: 2.5000e-05  eta: 22:07:10  time: 0.3810  data_time: 0.0032  memory: 7329  grad_norm: 73.8635  loss: 8.8732  rpn_s.0.loss_cls: 0.6403  rpn_s.0.loss_bbox: 0.1242  rpn_s.0.loss_giou: 0.8485  rpn_s.1.loss_cls: 0.4640  rpn_s.1.loss_bbox: 0.0542  rpn_s.1.loss_giou: 0.4474  rpn_s.2.loss_cls: 0.4056  rpn_s.2.loss_bbox: 0.0461  rpn_s.2.loss_giou: 0.3891  rpn_s.3.loss_cls: 0.3721  rpn_s.3.loss_bbox: 0.0440  rpn_s.3.loss_giou: 0.3690  s0.loss_cls: 0.4282  s0.pos_acc: 78.2609  s0.loss_bbox: 0.6368  s0.loss_iou: 1.2565  s1.loss_cls: 0.4523  s1.pos_acc: 73.9130  s1.loss_bbox: 0.6224  s1.loss_iou: 1.2724
2026/03/27 09:17:10 - mmengine - INFO - Epoch(train)  [7][ 2450/10002]  lr: 2.5000e-05  eta: 22:06:20  time: 0.3761  data_time: 0.0031  memory: 7329  grad_norm: 81.9865  loss: 8.3291  rpn_s.0.loss_cls: 0.6378  rpn_s.0.loss_bbox: 0.1210  rpn_s.0.loss_giou: 0.8046  rpn_s.1.loss_cls: 0.4742  rpn_s.1.loss_bbox: 0.0524  rpn_s.1.loss_giou: 0.4044  rpn_s.2.loss_cls: 0.3925  rpn_s.2.loss_bbox: 0.0448  rpn_s.2.loss_giou: 0.3527  rpn_s.3.loss_cls: 0.3540  rpn_s.3.loss_bbox: 0.0413  rpn_s.3.loss_giou: 0.3325  s0.loss_cls: 0.4253  s0.pos_acc: 76.9231  s0.loss_bbox: 0.6021  s0.loss_iou: 1.1010  s1.loss_cls: 0.4276  s1.pos_acc: 79.4872  s1.loss_bbox: 0.6110  s1.loss_iou: 1.1498
2026/03/27 09:17:29 - mmengine - INFO - Epoch(train)  [7][ 2500/10002]  lr: 2.5000e-05  eta: 22:05:31  time: 0.3762  data_time: 0.0031  memory: 7329  grad_norm: 82.9949  loss: 8.7509  rpn_s.0.loss_cls: 0.6558  rpn_s.0.loss_bbox: 0.1111  rpn_s.0.loss_giou: 0.7986  rpn_s.1.loss_cls: 0.4786  rpn_s.1.loss_bbox: 0.0519  rpn_s.1.loss_giou: 0.4194  rpn_s.2.loss_cls: 0.4181  rpn_s.2.loss_bbox: 0.0428  rpn_s.2.loss_giou: 0.3649  rpn_s.3.loss_cls: 0.3741  rpn_s.3.loss_bbox: 0.0401  rpn_s.3.loss_giou: 0.3469  s0.loss_cls: 0.4385  s0.pos_acc: 83.7500  s0.loss_bbox: 0.6946  s0.loss_iou: 1.1673  s1.loss_cls: 0.4451  s1.pos_acc: 83.1250  s1.loss_bbox: 0.6928  s1.loss_iou: 1.2103
2026/03/27 09:17:48 - mmengine - INFO - Epoch(train)  [7][ 2550/10002]  lr: 2.5000e-05  eta: 22:05:46  time: 0.3918  data_time: 0.0031  memory: 7330  grad_norm: 68.2807  loss: 9.2147  rpn_s.0.loss_cls: 0.6796  rpn_s.0.loss_bbox: 0.1326  rpn_s.0.loss_giou: 0.9811  rpn_s.1.loss_cls: 0.4810  rpn_s.1.loss_bbox: 0.0544  rpn_s.1.loss_giou: 0.4727  rpn_s.2.loss_cls: 0.4127  rpn_s.2.loss_bbox: 0.0433  rpn_s.2.loss_giou: 0.3971  rpn_s.3.loss_cls: 0.3736  rpn_s.3.loss_bbox: 0.0399  rpn_s.3.loss_giou: 0.3756  s0.loss_cls: 0.4310  s0.pos_acc: 63.7255  s0.loss_bbox: 0.6312  s0.loss_iou: 1.3066  s1.loss_cls: 0.4339  s1.pos_acc: 66.1765  s1.loss_bbox: 0.6407  s1.loss_iou: 1.3278
2026/03/27 09:18:07 - mmengine - INFO - Epoch(train)  [7][ 2600/10002]  lr: 2.5000e-05  eta: 22:05:16  time: 0.3806  data_time: 0.0031  memory: 7329  grad_norm: 75.5520  loss: 8.3274  rpn_s.0.loss_cls: 0.6351  rpn_s.0.loss_bbox: 0.1131  rpn_s.0.loss_giou: 0.7326  rpn_s.1.loss_cls: 0.4699  rpn_s.1.loss_bbox: 0.0515  rpn_s.1.loss_giou: 0.3890  rpn_s.2.loss_cls: 0.4056  rpn_s.2.loss_bbox: 0.0434  rpn_s.2.loss_giou: 0.3399  rpn_s.3.loss_cls: 0.3807  rpn_s.3.loss_bbox: 0.0413  rpn_s.3.loss_giou: 0.3304  s0.loss_cls: 0.4555  s0.pos_acc: 100.0000  s0.loss_bbox: 0.5877  s0.loss_iou: 1.1339  s1.loss_cls: 0.4606  s1.pos_acc: 100.0000  s1.loss_bbox: 0.5775  s1.loss_iou: 1.1795
2026/03/27 09:18:27 - mmengine - INFO - Epoch(train)  [7][ 2650/10002]  lr: 2.5000e-05  eta: 22:05:12  time: 0.3871  data_time: 0.0031  memory: 7329  grad_norm: 74.0360  loss: 8.9388  rpn_s.0.loss_cls: 0.6498  rpn_s.0.loss_bbox: 0.1179  rpn_s.0.loss_giou: 0.8810  rpn_s.1.loss_cls: 0.4687  rpn_s.1.loss_bbox: 0.0550  rpn_s.1.loss_giou: 0.4576  rpn_s.2.loss_cls: 0.4130  rpn_s.2.loss_bbox: 0.0461  rpn_s.2.loss_giou: 0.3990  rpn_s.3.loss_cls: 0.3878  rpn_s.3.loss_bbox: 0.0427  rpn_s.3.loss_giou: 0.3744  s0.loss_cls: 0.4447  s0.pos_acc: 92.3077  s0.loss_bbox: 0.5692  s0.loss_iou: 1.2800  s1.loss_cls: 0.4554  s1.pos_acc: 92.3077  s1.loss_bbox: 0.5974  s1.loss_iou: 1.2992
2026/03/27 09:18:46 - mmengine - INFO - Epoch(train)  [7][ 2700/10002]  lr: 2.5000e-05  eta: 22:04:45  time: 0.3813  data_time: 0.0031  memory: 7329  grad_norm: 87.9588  loss: 8.5380  rpn_s.0.loss_cls: 0.6422  rpn_s.0.loss_bbox: 0.1168  rpn_s.0.loss_giou: 0.8210  rpn_s.1.loss_cls: 0.4682  rpn_s.1.loss_bbox: 0.0531  rpn_s.1.loss_giou: 0.4220  rpn_s.2.loss_cls: 0.3883  rpn_s.2.loss_bbox: 0.0444  rpn_s.2.loss_giou: 0.3621  rpn_s.3.loss_cls: 0.3588  rpn_s.3.loss_bbox: 0.0431  rpn_s.3.loss_giou: 0.3509  s0.loss_cls: 0.4234  s0.pos_acc: 61.7284  s0.loss_bbox: 0.5974  s0.loss_iou: 1.1815  s1.loss_cls: 0.4273  s1.pos_acc: 64.4033  s1.loss_bbox: 0.6099  s1.loss_iou: 1.2275
2026/03/27 09:19:05 - mmengine - INFO - Epoch(train)  [7][ 2750/10002]  lr: 2.5000e-05  eta: 22:04:41  time: 0.3873  data_time: 0.0031  memory: 7329  grad_norm: 70.3385  loss: 8.5816  rpn_s.0.loss_cls: 0.6457  rpn_s.0.loss_bbox: 0.1224  rpn_s.0.loss_giou: 0.8100  rpn_s.1.loss_cls: 0.4632  rpn_s.1.loss_bbox: 0.0553  rpn_s.1.loss_giou: 0.4150  rpn_s.2.loss_cls: 0.4121  rpn_s.2.loss_bbox: 0.0474  rpn_s.2.loss_giou: 0.3575  rpn_s.3.loss_cls: 0.3763  rpn_s.3.loss_bbox: 0.0435  rpn_s.3.loss_giou: 0.3375  s0.loss_cls: 0.4340  s0.pos_acc: 100.0000  s0.loss_bbox: 0.6405  s0.loss_iou: 1.1537  s1.loss_cls: 0.4480  s1.pos_acc: 100.0000  s1.loss_bbox: 0.6288  s1.loss_iou: 1.1905
2026/03/27 09:19:24 - mmengine - INFO - Epoch(train)  [7][ 2800/10002]  lr: 2.5000e-05  eta: 22:04:26  time: 0.3847  data_time: 0.0031  memory: 7330  grad_norm: 78.6688  loss: 8.6877  rpn_s.0.loss_cls: 0.6586  rpn_s.0.loss_bbox: 0.1222  rpn_s.0.loss_giou: 0.7955  rpn_s.1.loss_cls: 0.4827  rpn_s.1.loss_bbox: 0.0527  rpn_s.1.loss_giou: 0.4140  rpn_s.2.loss_cls: 0.4182  rpn_s.2.loss_bbox: 0.0449  rpn_s.2.loss_giou: 0.3523  rpn_s.3.loss_cls: 0.3883  rpn_s.3.loss_bbox: 0.0411  rpn_s.3.loss_giou: 0.3354  s0.loss_cls: 0.4518  s0.pos_acc: 46.2264  s0.loss_bbox: 0.6658  s0.loss_iou: 1.1621  s1.loss_cls: 0.4527  s1.pos_acc: 59.4340  s1.loss_bbox: 0.6493  s1.loss_iou: 1.2000
2026/03/27 09:19:44 - mmengine - INFO - Epoch(train)  [7][ 2850/10002]  lr: 2.5000e-05  eta: 22:04:08  time: 0.3837  data_time: 0.0031  memory: 7329  grad_norm: 76.1820  loss: 8.7480  rpn_s.0.loss_cls: 0.6672  rpn_s.0.loss_bbox: 0.1247  rpn_s.0.loss_giou: 0.8941  rpn_s.1.loss_cls: 0.4574  rpn_s.1.loss_bbox: 0.0530  rpn_s.1.loss_giou: 0.4332  rpn_s.2.loss_cls: 0.3940  rpn_s.2.loss_bbox: 0.0443  rpn_s.2.loss_giou: 0.3749  rpn_s.3.loss_cls: 0.3598  rpn_s.3.loss_bbox: 0.0414  rpn_s.3.loss_giou: 0.3588  s0.loss_cls: 0.4273  s0.pos_acc: 100.0000  s0.loss_bbox: 0.6423  s0.loss_iou: 1.1812  s1.loss_cls: 0.4158  s1.pos_acc: 100.0000  s1.loss_bbox: 0.6537  s1.loss_iou: 1.2252
2026/03/27 09:20:03 - mmengine - INFO - Epoch(train)  [7][ 2900/10002]  lr: 2.5000e-05  eta: 22:03:57  time: 0.3859  data_time: 0.0032  memory: 7330  grad_norm: 79.4941  loss: 8.5224  rpn_s.0.loss_cls: 0.6519  rpn_s.0.loss_bbox: 0.1130  rpn_s.0.loss_giou: 0.8171  rpn_s.1.loss_cls: 0.4592  rpn_s.1.loss_bbox: 0.0500  rpn_s.1.loss_giou: 0.4108  rpn_s.2.loss_cls: 0.3924  rpn_s.2.loss_bbox: 0.0416  rpn_s.2.loss_giou: 0.3490  rpn_s.3.loss_cls: 0.3493  rpn_s.3.loss_bbox: 0.0388  rpn_s.3.loss_giou: 0.3283  s0.loss_cls: 0.4283  s0.pos_acc: 61.5385  s0.loss_bbox: 0.6767  s0.loss_iou: 1.1642  s1.loss_cls: 0.4378  s1.pos_acc: 62.8205  s1.loss_bbox: 0.6419  s1.loss_iou: 1.1721
2026/03/27 09:20:22 - mmengine - INFO - Epoch(train)  [7][ 2950/10002]  lr: 2.5000e-05  eta: 22:03:52  time: 0.3875  data_time: 0.0032  memory: 7329  grad_norm: 64.8741  loss: 9.4012  rpn_s.0.loss_cls: 0.7002  rpn_s.0.loss_bbox: 0.1293  rpn_s.0.loss_giou: 0.9903  rpn_s.1.loss_cls: 0.4968  rpn_s.1.loss_bbox: 0.0535  rpn_s.1.loss_giou: 0.4863  rpn_s.2.loss_cls: 0.4392  rpn_s.2.loss_bbox: 0.0422  rpn_s.2.loss_giou: 0.4033  rpn_s.3.loss_cls: 0.3968  rpn_s.3.loss_bbox: 0.0386  rpn_s.3.loss_giou: 0.3831  s0.loss_cls: 0.4785  s0.pos_acc: 81.7073  s0.loss_bbox: 0.5624  s0.loss_iou: 1.3670  s1.loss_cls: 0.4789  s1.pos_acc: 83.6585  s1.loss_bbox: 0.5795  s1.loss_iou: 1.3751
2026/03/27 09:20:39 - mmengine - INFO - Exp name: GSDet_r50_b900_h2h4_h2r1_r2r1_2x_fair1m1.0_20260327_090119
2026/03/27 09:20:41 - mmengine - INFO - Epoch(train)  [7][ 3000/10002]  lr: 2.5000e-05  eta: 22:03:30  time: 0.3828  data_time: 0.0031  memory: 7329  grad_norm: 72.6624  loss: 8.7606  rpn_s.0.loss_cls: 0.6501  rpn_s.0.loss_bbox: 0.1170  rpn_s.0.loss_giou: 0.8075  rpn_s.1.loss_cls: 0.4713  rpn_s.1.loss_bbox: 0.0509  rpn_s.1.loss_giou: 0.4182  rpn_s.2.loss_cls: 0.3975  rpn_s.2.loss_bbox: 0.0443  rpn_s.2.loss_giou: 0.3726  rpn_s.3.loss_cls: 0.3678  rpn_s.3.loss_bbox: 0.0409  rpn_s.3.loss_giou: 0.3531  s0.loss_cls: 0.4291  s0.pos_acc: 69.4690  s0.loss_bbox: 0.6845  s0.loss_iou: 1.2142  s1.loss_cls: 0.4463  s1.pos_acc: 73.4513  s1.loss_bbox: 0.6700  s1.loss_iou: 1.2255
2026/03/27 09:21:01 - mmengine - INFO - Epoch(train)  [7][ 3050/10002]  lr: 2.5000e-05  eta: 22:03:29  time: 0.3888  data_time: 0.0032  memory: 7330  grad_norm: 76.8033  loss: 9.2386  rpn_s.0.loss_cls: 0.6912  rpn_s.0.loss_bbox: 0.1210  rpn_s.0.loss_giou: 0.9768  rpn_s.1.loss_cls: 0.4786  rpn_s.1.loss_bbox: 0.0504  rpn_s.1.loss_giou: 0.4786  rpn_s.2.loss_cls: 0.4085  rpn_s.2.loss_bbox: 0.0417  rpn_s.2.loss_giou: 0.4066  rpn_s.3.loss_cls: 0.3743  rpn_s.3.loss_bbox: 0.0386  rpn_s.3.loss_giou: 0.3866  s0.loss_cls: 0.4096  s0.pos_acc: 50.0000  s0.loss_bbox: 0.6195  s0.loss_iou: 1.3342  s1.loss_cls: 0.4077  s1.pos_acc: 50.0000  s1.loss_bbox: 0.6417  s1.loss_iou: 1.3731
2026/03/27 09:21:20 - mmengine - INFO - Epoch(train)  [7][ 3100/10002]  lr: 2.5000e-05  eta: 22:03:08  time: 0.3832  data_time: 0.0031  memory: 7329  grad_norm: 81.0164  loss: 8.9768  rpn_s.0.loss_cls: 0.6886  rpn_s.0.loss_bbox: 0.1188  rpn_s.0.loss_giou: 0.8705  rpn_s.1.loss_cls: 0.4817  rpn_s.1.loss_bbox: 0.0546  rpn_s.1.loss_giou: 0.4412  rpn_s.2.loss_cls: 0.4227  rpn_s.2.loss_bbox: 0.0481  rpn_s.2.loss_giou: 0.3889  rpn_s.3.loss_cls: 0.3812  rpn_s.3.loss_bbox: 0.0457  rpn_s.3.loss_giou: 0.3714  s0.loss_cls: 0.4230  s0.pos_acc: 100.0000  s0.loss_bbox: 0.6083  s0.loss_iou: 1.2859  s1.loss_cls: 0.4209  s1.pos_acc: 100.0000  s1.loss_bbox: 0.6257  s1.loss_iou: 1.2995
2026/03/27 09:21:39 - mmengine - INFO - Epoch(train)  [7][ 3150/10002]  lr: 2.5000e-05  eta: 22:02:15  time: 0.3732  data_time: 0.0031  memory: 7329  grad_norm: 77.6058  loss: 8.1129  rpn_s.0.loss_cls: 0.6366  rpn_s.0.loss_bbox: 0.1084  rpn_s.0.loss_giou: 0.7723  rpn_s.1.loss_cls: 0.4617  rpn_s.1.loss_bbox: 0.0474  rpn_s.1.loss_giou: 0.3876  rpn_s.2.loss_cls: 0.3873  rpn_s.2.loss_bbox: 0.0403  rpn_s.2.loss_giou: 0.3341  rpn_s.3.loss_cls: 0.3418  rpn_s.3.loss_bbox: 0.0368  rpn_s.3.loss_giou: 0.3123  s0.loss_cls: 0.4084  s0.pos_acc: 78.9474  s0.loss_bbox: 0.6326  s0.loss_iou: 1.0612  s1.loss_cls: 0.4138  s1.pos_acc: 68.4211  s1.loss_bbox: 0.6221  s1.loss_iou: 1.1081
2026/03/27 09:21:58 - mmengine - INFO - Epoch(train)  [7][ 3200/10002]  lr: 2.5000e-05  eta: 22:01:44  time: 0.3800  data_time: 0.0031  memory: 7329  grad_norm: 76.0112  loss: 8.9710  rpn_s.0.loss_cls: 0.6688  rpn_s.0.loss_bbox: 0.1324  rpn_s.0.loss_giou: 0.8801  rpn_s.1.loss_cls: 0.4775  rpn_s.1.loss_bbox: 0.0573  rpn_s.1.loss_giou: 0.4362  rpn_s.2.loss_cls: 0.4165  rpn_s.2.loss_bbox: 0.0508  rpn_s.2.loss_giou: 0.3844  rpn_s.3.loss_cls: 0.3927  rpn_s.3.loss_bbox: 0.0498  rpn_s.3.loss_giou: 0.3727  s0.loss_cls: 0.4552  s0.pos_acc: 58.3333  s0.loss_bbox: 0.6494  s0.loss_iou: 1.2056  s1.loss_cls: 0.4605  s1.pos_acc: 58.3333  s1.loss_bbox: 0.6507  s1.loss_iou: 1.2303
2026/03/27 09:22:17 - mmengine - INFO - Epoch(train)  [7][ 3250/10002]  lr: 2.5000e-05  eta: 22:01:29  time: 0.3845  data_time: 0.0031  memory: 7329  grad_norm: 74.2592  loss: 9.1608  rpn_s.0.loss_cls: 0.6889  rpn_s.0.loss_bbox: 0.1275  rpn_s.0.loss_giou: 0.8966  rpn_s.1.loss_cls: 0.5053  rpn_s.1.loss_bbox: 0.0525  rpn_s.1.loss_giou: 0.4450  rpn_s.2.loss_cls: 0.4330  rpn_s.2.loss_bbox: 0.0451  rpn_s.2.loss_giou: 0.3915  rpn_s.3.loss_cls: 0.4030  rpn_s.3.loss_bbox: 0.0411  rpn_s.3.loss_giou: 0.3711  s0.loss_cls: 0.4600  s0.pos_acc: 75.7426  s0.loss_bbox: 0.6542  s0.loss_iou: 1.2516  s1.loss_cls: 0.4521  s1.pos_acc: 80.1980  s1.loss_bbox: 0.6618  s1.loss_iou: 1.2805
2026/03/27 09:22:36 - mmengine - INFO - Epoch(train)  [7][ 3300/10002]  lr: 2.5000e-05  eta: 22:01:26  time: 0.3887  data_time: 0.0031  memory: 7330  grad_norm: 75.0471  loss: 8.5153  rpn_s.0.loss_cls: 0.6428  rpn_s.0.loss_bbox: 0.1201  rpn_s.0.loss_giou: 0.8155  rpn_s.1.loss_cls: 0.4775  rpn_s.1.loss_bbox: 0.0503  rpn_s.1.loss_giou: 0.4118  rpn_s.2.loss_cls: 0.4099  rpn_s.2.loss_bbox: 0.0432  rpn_s.2.loss_giou: 0.3553  rpn_s.3.loss_cls: 0.3650  rpn_s.3.loss_bbox: 0.0415  rpn_s.3.loss_giou: 0.3377  s0.loss_cls: 0.4118  s0.pos_acc: 76.8293  s0.loss_bbox: 0.6398  s0.loss_iou: 1.1499  s1.loss_cls: 0.4168  s1.pos_acc: 74.3902  s1.loss_bbox: 0.6326  s1.loss_iou: 1.1938
2026/03/27 09:22:55 - mmengine - INFO - Epoch(train)  [7][ 3350/10002]  lr: 2.5000e-05  eta: 22:00:51  time: 0.3783  data_time: 0.0032  memory: 7329  grad_norm: 76.5739  loss: 8.8591  rpn_s.0.loss_cls: 0.6913  rpn_s.0.loss_bbox: 0.1152  rpn_s.0.loss_giou: 0.8758  rpn_s.1.loss_cls: 0.4742  rpn_s.1.loss_bbox: 0.0488  rpn_s.1.loss_giou: 0.4348  rpn_s.2.loss_cls: 0.4051  rpn_s.2.loss_bbox: 0.0421  rpn_s.2.loss_giou: 0.3798  rpn_s.3.loss_cls: 0.3748  rpn_s.3.loss_bbox: 0.0383  rpn_s.3.loss_giou: 0.3588  s0.loss_cls: 0.4424  s0.pos_acc: 69.5652  s0.loss_bbox: 0.6494  s0.loss_iou: 1.1851  s1.loss_cls: 0.4552  s1.pos_acc: 68.4783  s1.loss_bbox: 0.6334  s1.loss_iou: 1.2545
2026/03/27 09:23:14 - mmengine - INFO - Epoch(train)  [7][ 3400/10002]  lr: 2.5000e-05  eta: 22:00:27  time: 0.3820  data_time: 0.0031  memory: 7329  grad_norm: 69.1927  loss: 8.9592  rpn_s.0.loss_cls: 0.6776  rpn_s.0.loss_bbox: 0.1140  rpn_s.0.loss_giou: 0.8448  rpn_s.1.loss_cls: 0.4888  rpn_s.1.loss_bbox: 0.0516  rpn_s.1.loss_giou: 0.4455  rpn_s.2.loss_cls: 0.4149  rpn_s.2.loss_bbox: 0.0438  rpn_s.2.loss_giou: 0.3921  rpn_s.3.loss_cls: 0.3866  rpn_s.3.loss_bbox: 0.0409  rpn_s.3.loss_giou: 0.3700  s0.loss_cls: 0.4308  s0.pos_acc: 66.6667  s0.loss_bbox: 0.6140  s0.loss_iou: 1.2913  s1.loss_cls: 0.4381  s1.pos_acc: 66.6667  s1.loss_bbox: 0.6230  s1.loss_iou: 1.2913
2026/03/27 09:23:34 - mmengine - INFO - Epoch(train)  [7][ 3450/10002]  lr: 2.5000e-05  eta: 22:00:16  time: 0.3859  data_time: 0.0031  memory: 7329  grad_norm: 74.9106  loss: 8.8090  rpn_s.0.loss_cls: 0.6703  rpn_s.0.loss_bbox: 0.1234  rpn_s.0.loss_giou: 0.8222  rpn_s.1.loss_cls: 0.4892  rpn_s.1.loss_bbox: 0.0581  rpn_s.1.loss_giou: 0.4178  rpn_s.2.loss_cls: 0.4294  rpn_s.2.loss_bbox: 0.0494  rpn_s.2.loss_giou: 0.3635  rpn_s.3.loss_cls: 0.3943  rpn_s.3.loss_bbox: 0.0478  rpn_s.3.loss_giou: 0.3525  s0.loss_cls: 0.4543  s0.pos_acc: 80.0000  s0.loss_bbox: 0.6192  s0.loss_iou: 1.2184  s1.loss_cls: 0.4471  s1.pos_acc: 70.0000  s1.loss_bbox: 0.6373  s1.loss_iou: 1.2146
2026/03/27 09:23:53 - mmengine - INFO - Epoch(train)  [7][ 3500/10002]  lr: 2.5000e-05  eta: 22:00:28  time: 0.3941  data_time: 0.0031  memory: 7330  grad_norm: 73.6192  loss: 8.3588  rpn_s.0.loss_cls: 0.6197  rpn_s.0.loss_bbox: 0.1193  rpn_s.0.loss_giou: 0.8322  rpn_s.1.loss_cls: 0.4454  rpn_s.1.loss_bbox: 0.0524  rpn_s.1.loss_giou: 0.4339  rpn_s.2.loss_cls: 0.3736  rpn_s.2.loss_bbox: 0.0434  rpn_s.2.loss_giou: 0.3740  rpn_s.3.loss_cls: 0.3331  rpn_s.3.loss_bbox: 0.0411  rpn_s.3.loss_giou: 0.3522  s0.loss_cls: 0.4016  s0.pos_acc: 71.2963  s0.loss_bbox: 0.5508  s0.loss_iou: 1.1973  s1.loss_cls: 0.4107  s1.pos_acc: 71.2963  s1.loss_bbox: 0.5365  s1.loss_iou: 1.2416
2026/03/27 09:24:13 - mmengine - INFO - Epoch(train)  [7][ 3550/10002]  lr: 2.5000e-05  eta: 22:00:09  time: 0.3839  data_time: 0.0031  memory: 7330  grad_norm: 76.1751  loss: 8.3562  rpn_s.0.loss_cls: 0.6324  rpn_s.0.loss_bbox: 0.1146  rpn_s.0.loss_giou: 0.8208  rpn_s.1.loss_cls: 0.4477  rpn_s.1.loss_bbox: 0.0486  rpn_s.1.loss_giou: 0.4113  rpn_s.2.loss_cls: 0.3801  rpn_s.2.loss_bbox: 0.0416  rpn_s.2.loss_giou: 0.3581  rpn_s.3.loss_cls: 0.3442  rpn_s.3.loss_bbox: 0.0392  rpn_s.3.loss_giou: 0.3441  s0.loss_cls: 0.3881  s0.pos_acc: 76.8293  s0.loss_bbox: 0.5968  s0.loss_iou: 1.1820  s1.loss_cls: 0.3882  s1.pos_acc: 77.4390  s1.loss_bbox: 0.6128  s1.loss_iou: 1.2056
2026/03/27 09:24:32 - mmengine - INFO - Epoch(train)  [7][ 3600/10002]  lr: 2.5000e-05  eta: 22:00:21  time: 0.3943  data_time: 0.0031  memory: 7330  grad_norm: 79.0362  loss: 8.4856  rpn_s.0.loss_cls: 0.6257  rpn_s.0.loss_bbox: 0.1208  rpn_s.0.loss_giou: 0.7877  rpn_s.1.loss_cls: 0.4601  rpn_s.1.loss_bbox: 0.0520  rpn_s.1.loss_giou: 0.4077  rpn_s.2.loss_cls: 0.3922  rpn_s.2.loss_bbox: 0.0440  rpn_s.2.loss_giou: 0.3529  rpn_s.3.loss_cls: 0.3556  rpn_s.3.loss_bbox: 0.0407  rpn_s.3.loss_giou: 0.3362  s0.loss_cls: 0.4213  s0.pos_acc: 100.0000  s0.loss_bbox: 0.6387  s0.loss_iou: 1.1675  s1.loss_cls: 0.4151  s1.pos_acc: 100.0000  s1.loss_bbox: 0.6492  s1.loss_iou: 1.2181
2026/03/27 09:24:52 - mmengine - INFO - Epoch(train)  [7][ 3650/10002]  lr: 2.5000e-05  eta: 22:00:14  time: 0.3879  data_time: 0.0031  memory: 7330  grad_norm: 79.5517  loss: 8.8553  rpn_s.0.loss_cls: 0.6445  rpn_s.0.loss_bbox: 0.1142  rpn_s.0.loss_giou: 0.8489  rpn_s.1.loss_cls: 0.4649  rpn_s.1.loss_bbox: 0.0512  rpn_s.1.loss_giou: 0.4421  rpn_s.2.loss_cls: 0.4053  rpn_s.2.loss_bbox: 0.0444  rpn_s.2.loss_giou: 0.3860  rpn_s.3.loss_cls: 0.3671  rpn_s.3.loss_bbox: 0.0419  rpn_s.3.loss_giou: 0.3682  s0.loss_cls: 0.4197  s0.pos_acc: 56.0976  s0.loss_bbox: 0.6046  s0.loss_iou: 1.3011  s1.loss_cls: 0.4206  s1.pos_acc: 57.3171  s1.loss_bbox: 0.6168  s1.loss_iou: 1.3139
2026/03/27 09:25:11 - mmengine - INFO - Epoch(train)  [7][ 3700/10002]  lr: 2.5000e-05  eta: 21:59:54  time: 0.3837  data_time: 0.0031  memory: 7329  grad_norm: 77.4019  loss: 8.5906  rpn_s.0.loss_cls: 0.6380  rpn_s.0.loss_bbox: 0.1171  rpn_s.0.loss_giou: 0.8300  rpn_s.1.loss_cls: 0.4629  rpn_s.1.loss_bbox: 0.0503  rpn_s.1.loss_giou: 0.4331  rpn_s.2.loss_cls: 0.3893  rpn_s.2.loss_bbox: 0.0415  rpn_s.2.loss_giou: 0.3726  rpn_s.3.loss_cls: 0.3549  rpn_s.3.loss_bbox: 0.0400  rpn_s.3.loss_giou: 0.3553  s0.loss_cls: 0.4279  s0.pos_acc: 30.0000  s0.loss_bbox: 0.5984  s0.loss_iou: 1.1961  s1.loss_cls: 0.4337  s1.pos_acc: 33.3333  s1.loss_bbox: 0.6217  s1.loss_iou: 1.2278
2026/03/27 09:25:31 - mmengine - INFO - Epoch(train)  [7][ 3750/10002]  lr: 2.5000e-05  eta: 22:00:00  time: 0.3930  data_time: 0.0031  memory: 7330  grad_norm: 71.2819  loss: 9.1045  rpn_s.0.loss_cls: 0.6558  rpn_s.0.loss_bbox: 0.1195  rpn_s.0.loss_giou: 0.9022  rpn_s.1.loss_cls: 0.4612  rpn_s.1.loss_bbox: 0.0544  rpn_s.1.loss_giou: 0.4673  rpn_s.2.loss_cls: 0.4020  rpn_s.2.loss_bbox: 0.0457  rpn_s.2.loss_giou: 0.4034  rpn_s.3.loss_cls: 0.3621  rpn_s.3.loss_bbox: 0.0431  rpn_s.3.loss_giou: 0.3808  s0.loss_cls: 0.4539  s0.pos_acc: 68.7500  s0.loss_bbox: 0.6395  s0.loss_iou: 1.2857  s1.loss_cls: 0.4345  s1.pos_acc: 78.3333  s1.loss_bbox: 0.6551  s1.loss_iou: 1.3384
2026/03/27 09:25:50 - mmengine - INFO - Epoch(train)  [7][ 3800/10002]  lr: 2.5000e-05  eta: 21:59:54  time: 0.3889  data_time: 0.0031  memory: 7329  grad_norm: 76.9021  loss: 8.3075  rpn_s.0.loss_cls: 0.6017  rpn_s.0.loss_bbox: 0.1123  rpn_s.0.loss_giou: 0.7748  rpn_s.1.loss_cls: 0.4355  rpn_s.1.loss_bbox: 0.0532  rpn_s.1.loss_giou: 0.4077  rpn_s.2.loss_cls: 0.3715  rpn_s.2.loss_bbox: 0.0453  rpn_s.2.loss_giou: 0.3538  rpn_s.3.loss_cls: 0.3426  rpn_s.3.loss_bbox: 0.0436  rpn_s.3.loss_giou: 0.3419  s0.loss_cls: 0.4079  s0.pos_acc: 62.2449  s0.loss_bbox: 0.6108  s0.loss_iou: 1.1508  s1.loss_cls: 0.4181  s1.pos_acc: 56.1224  s1.loss_bbox: 0.6487  s1.loss_iou: 1.1876
2026/03/27 09:26:10 - mmengine - INFO - Epoch(train)  [7][ 3850/10002]  lr: 2.5000e-05  eta: 21:59:52  time: 0.3904  data_time: 0.0031  memory: 7329  grad_norm: 79.7112  loss: 8.6388  rpn_s.0.loss_cls: 0.6190  rpn_s.0.loss_bbox: 0.1183  rpn_s.0.loss_giou: 0.8344  rpn_s.1.loss_cls: 0.4548  rpn_s.1.loss_bbox: 0.0521  rpn_s.1.loss_giou: 0.4239  rpn_s.2.loss_cls: 0.3889  rpn_s.2.loss_bbox: 0.0455  rpn_s.2.loss_giou: 0.3724  rpn_s.3.loss_cls: 0.3488  rpn_s.3.loss_bbox: 0.0408  rpn_s.3.loss_giou: 0.3462  s0.loss_cls: 0.4048  s0.pos_acc: 86.6667  s0.loss_bbox: 0.6637  s0.loss_iou: 1.1949  s1.loss_cls: 0.3949  s1.pos_acc: 85.0000  s1.loss_bbox: 0.7058  s1.loss_iou: 1.2295
2026/03/27 09:26:29 - mmengine - INFO - Epoch(train)  [7][ 3900/10002]  lr: 2.5000e-05  eta: 21:59:47  time: 0.3892  data_time: 0.0031  memory: 7330  grad_norm: 84.2732  loss: 8.9650  rpn_s.0.loss_cls: 0.6545  rpn_s.0.loss_bbox: 0.1464  rpn_s.0.loss_giou: 0.8030  rpn_s.1.loss_cls: 0.4760  rpn_s.1.loss_bbox: 0.0672  rpn_s.1.loss_giou: 0.4427  rpn_s.2.loss_cls: 0.4128  rpn_s.2.loss_bbox: 0.0626  rpn_s.2.loss_giou: 0.3922  rpn_s.3.loss_cls: 0.3837  rpn_s.3.loss_bbox: 0.0591  rpn_s.3.loss_giou: 0.3683  s0.loss_cls: 0.4381  s0.pos_acc: 82.6087  s0.loss_bbox: 0.6227  s0.loss_iou: 1.2697  s1.loss_cls: 0.4353  s1.pos_acc: 82.6087  s1.loss_bbox: 0.6160  s1.loss_iou: 1.3147
2026/03/27 09:26:49 - mmengine - INFO - Epoch(train)  [7][ 3950/10002]  lr: 2.5000e-05  eta: 21:59:49  time: 0.3924  data_time: 0.0031  memory: 7330  grad_norm: 68.5836  loss: 8.7282  rpn_s.0.loss_cls: 0.6452  rpn_s.0.loss_bbox: 0.1187  rpn_s.0.loss_giou: 0.8996  rpn_s.1.loss_cls: 0.4634  rpn_s.1.loss_bbox: 0.0513  rpn_s.1.loss_giou: 0.4550  rpn_s.2.loss_cls: 0.3857  rpn_s.2.loss_bbox: 0.0434  rpn_s.2.loss_giou: 0.3934  rpn_s.3.loss_cls: 0.3495  rpn_s.3.loss_bbox: 0.0400  rpn_s.3.loss_giou: 0.3692  s0.loss_cls: 0.4006  s0.pos_acc: 100.0000  s0.loss_bbox: 0.6084  s0.loss_iou: 1.2224  s1.loss_cls: 0.4242  s1.pos_acc: 75.0000  s1.loss_bbox: 0.6367  s1.loss_iou: 1.2217
2026/03/27 09:27:06 - mmengine - INFO - Exp name: GSDet_r50_b900_h2h4_h2r1_r2r1_2x_fair1m1.0_20260327_090119
2026/03/27 09:27:08 - mmengine - INFO - Epoch(train)  [7][ 4000/10002]  lr: 2.5000e-05  eta: 21:59:44  time: 0.3899  data_time: 0.0032  memory: 7330  grad_norm: 72.3745  loss: 8.6408  rpn_s.0.loss_cls: 0.6717  rpn_s.0.loss_bbox: 0.1147  rpn_s.0.loss_giou: 0.8084  rpn_s.1.loss_cls: 0.4901  rpn_s.1.loss_bbox: 0.0472  rpn_s.1.loss_giou: 0.4003  rpn_s.2.loss_cls: 0.4250  rpn_s.2.loss_bbox: 0.0390  rpn_s.2.loss_giou: 0.3442  rpn_s.3.loss_cls: 0.3900  rpn_s.3.loss_bbox: 0.0373  rpn_s.3.loss_giou: 0.3308  s0.loss_cls: 0.4609  s0.pos_acc: 87.5000  s0.loss_bbox: 0.6575  s0.loss_iou: 1.1455  s1.loss_cls: 0.4644  s1.pos_acc: 83.3333  s1.loss_bbox: 0.6476  s1.loss_iou: 1.1661
2026/03/27 09:27:28 - mmengine - INFO - Epoch(train)  [7][ 4050/10002]  lr: 2.5000e-05  eta: 22:00:10  time: 0.4020  data_time: 0.0032  memory: 7330  grad_norm: 71.9853  loss: 8.7915  rpn_s.0.loss_cls: 0.6147  rpn_s.0.loss_bbox: 0.1206  rpn_s.0.loss_giou: 0.8223  rpn_s.1.loss_cls: 0.4501  rpn_s.1.loss_bbox: 0.0529  rpn_s.1.loss_giou: 0.4235  rpn_s.2.loss_cls: 0.4028  rpn_s.2.loss_bbox: 0.0451  rpn_s.2.loss_giou: 0.3745  rpn_s.3.loss_cls: 0.3701  rpn_s.3.loss_bbox: 0.0425  rpn_s.3.loss_giou: 0.3559  s0.loss_cls: 0.4365  s0.pos_acc: 64.2857  s0.loss_bbox: 0.6944  s0.loss_iou: 1.1994  s1.loss_cls: 0.4316  s1.pos_acc: 67.8571  s1.loss_bbox: 0.7025  s1.loss_iou: 1.2519
2026/03/27 09:27:47 - mmengine - INFO - Epoch(train)  [7][ 4100/10002]  lr: 2.5000e-05  eta: 21:59:46  time: 0.3826  data_time: 0.0032  memory: 7329  grad_norm: 83.6064  loss: 8.4822  rpn_s.0.loss_cls: 0.6152  rpn_s.0.loss_bbox: 0.1123  rpn_s.0.loss_giou: 0.7731  rpn_s.1.loss_cls: 0.4536  rpn_s.1.loss_bbox: 0.0526  rpn_s.1.loss_giou: 0.4020  rpn_s.2.loss_cls: 0.3892  rpn_s.2.loss_bbox: 0.0454  rpn_s.2.loss_giou: 0.3504  rpn_s.3.loss_cls: 0.3595  rpn_s.3.loss_bbox: 0.0428  rpn_s.3.loss_giou: 0.3322  s0.loss_cls: 0.4191  s0.pos_acc: 59.0909  s0.loss_bbox: 0.7120  s0.loss_iou: 1.1137  s1.loss_cls: 0.4273  s1.pos_acc: 63.6364  s1.loss_bbox: 0.7179  s1.loss_iou: 1.1639
2026/03/27 09:28:07 - mmengine - INFO - Epoch(train)  [7][ 4150/10002]  lr: 2.5000e-05  eta: 21:59:28  time: 0.3848  data_time: 0.0031  memory: 7330  grad_norm: 76.5004  loss: 8.0752  rpn_s.0.loss_cls: 0.6186  rpn_s.0.loss_bbox: 0.1101  rpn_s.0.loss_giou: 0.7402  rpn_s.1.loss_cls: 0.4580  rpn_s.1.loss_bbox: 0.0485  rpn_s.1.loss_giou: 0.3680  rpn_s.2.loss_cls: 0.4025  rpn_s.2.loss_bbox: 0.0408  rpn_s.2.loss_giou: 0.3216  rpn_s.3.loss_cls: 0.3801  rpn_s.3.loss_bbox: 0.0378  rpn_s.3.loss_giou: 0.3020  s0.loss_cls: 0.4345  s0.pos_acc: 75.0000  s0.loss_bbox: 0.6532  s0.loss_iou: 1.0125  s1.loss_cls: 0.4400  s1.pos_acc: 70.8333  s1.loss_bbox: 0.6450  s1.loss_iou: 1.0620
2026/03/27 09:28:26 - mmengine - INFO - Epoch(train)  [7][ 4200/10002]  lr: 2.5000e-05  eta: 21:58:58  time: 0.3802  data_time: 0.0031  memory: 7329  grad_norm: 78.7083  loss: 8.8928  rpn_s.0.loss_cls: 0.6876  rpn_s.0.loss_bbox: 0.1103  rpn_s.0.loss_giou: 0.8763  rpn_s.1.loss_cls: 0.4939  rpn_s.1.loss_bbox: 0.0453  rpn_s.1.loss_giou: 0.4347  rpn_s.2.loss_cls: 0.4392  rpn_s.2.loss_bbox: 0.0367  rpn_s.2.loss_giou: 0.3683  rpn_s.3.loss_cls: 0.4015  rpn_s.3.loss_bbox: 0.0345  rpn_s.3.loss_giou: 0.3499  s0.loss_cls: 0.4512  s0.pos_acc: 68.7500  s0.loss_bbox: 0.6599  s0.loss_iou: 1.1855  s1.loss_cls: 0.4558  s1.pos_acc: 68.7500  s1.loss_bbox: 0.6477  s1.loss_iou: 1.2143
2026/03/27 09:28:45 - mmengine - INFO - Epoch(train)  [7][ 4250/10002]  lr: 2.5000e-05  eta: 21:58:40  time: 0.3852  data_time: 0.0031  memory: 7329  grad_norm: 67.1560  loss: 8.9196  rpn_s.0.loss_cls: 0.6581  rpn_s.0.loss_bbox: 0.1252  rpn_s.0.loss_giou: 0.9108  rpn_s.1.loss_cls: 0.4617  rpn_s.1.loss_bbox: 0.0513  rpn_s.1.loss_giou: 0.4628  rpn_s.2.loss_cls: 0.3918  rpn_s.2.loss_bbox: 0.0431  rpn_s.2.loss_giou: 0.3972  rpn_s.3.loss_cls: 0.3540  rpn_s.3.loss_bbox: 0.0410  rpn_s.3.loss_giou: 0.3786  s0.loss_cls: 0.4137  s0.pos_acc: 100.0000  s0.loss_bbox: 0.6123  s0.loss_iou: 1.2760  s1.loss_cls: 0.4273  s1.pos_acc: 92.3077  s1.loss_bbox: 0.6157  s1.loss_iou: 1.2991
2026/03/27 09:29:04 - mmengine - INFO - Epoch(train)  [7][ 4300/10002]  lr: 2.5000e-05  eta: 21:58:21  time: 0.3843  data_time: 0.0031  memory: 7330  grad_norm: 77.1891  loss: 8.7516  rpn_s.0.loss_cls: 0.6403  rpn_s.0.loss_bbox: 0.1268  rpn_s.0.loss_giou: 0.7717  rpn_s.1.loss_cls: 0.4898  rpn_s.1.loss_bbox: 0.0625  rpn_s.1.loss_giou: 0.4102  rpn_s.2.loss_cls: 0.4207  rpn_s.2.loss_bbox: 0.0535  rpn_s.2.loss_giou: 0.3572  rpn_s.3.loss_cls: 0.3852  rpn_s.3.loss_bbox: 0.0509  rpn_s.3.loss_giou: 0.3390  s0.loss_cls: 0.4578  s0.pos_acc: 90.9091  s0.loss_bbox: 0.6983  s0.loss_iou: 1.1459  s1.loss_cls: 0.4498  s1.pos_acc: 86.3636  s1.loss_bbox: 0.7073  s1.loss_iou: 1.1848
2026/03/27 09:29:23 - mmengine - INFO - Epoch(train)  [7][ 4350/10002]  lr: 2.5000e-05  eta: 21:58:00  time: 0.3837  data_time: 0.0031  memory: 7329  grad_norm: 76.0077  loss: 9.0725  rpn_s.0.loss_cls: 0.6754  rpn_s.0.loss_bbox: 0.1200  rpn_s.0.loss_giou: 0.8475  rpn_s.1.loss_cls: 0.4799  rpn_s.1.loss_bbox: 0.0541  rpn_s.1.loss_giou: 0.4555  rpn_s.2.loss_cls: 0.4231  rpn_s.2.loss_bbox: 0.0443  rpn_s.2.loss_giou: 0.3962  rpn_s.3.loss_cls: 0.3892  rpn_s.3.loss_bbox: 0.0400  rpn_s.3.loss_giou: 0.3726  s0.loss_cls: 0.4585  s0.pos_acc: 64.2857  s0.loss_bbox: 0.6527  s0.loss_iou: 1.2561  s1.loss_cls: 0.4659  s1.pos_acc: 58.3333  s1.loss_bbox: 0.6709  s1.loss_iou: 1.2704
2026/03/27 09:29:43 - mmengine - INFO - Epoch(train)  [7][ 4400/10002]  lr: 2.5000e-05  eta: 21:58:02  time: 0.3936  data_time: 0.0031  memory: 7330  grad_norm: 73.4532  loss: 8.8475  rpn_s.0.loss_cls: 0.6695  rpn_s.0.loss_bbox: 0.1216  rpn_s.0.loss_giou: 0.8595  rpn_s.1.loss_cls: 0.4982  rpn_s.1.loss_bbox: 0.0530  rpn_s.1.loss_giou: 0.4428  rpn_s.2.loss_cls: 0.4394  rpn_s.2.loss_bbox: 0.0445  rpn_s.2.loss_giou: 0.3850  rpn_s.3.loss_cls: 0.3974  rpn_s.3.loss_bbox: 0.0426  rpn_s.3.loss_giou: 0.3706  s0.loss_cls: 0.4561  s0.pos_acc: 80.0000  s0.loss_bbox: 0.5636  s0.loss_iou: 1.2244  s1.loss_cls: 0.4663  s1.pos_acc: 100.0000  s1.loss_bbox: 0.5704  s1.loss_iou: 1.2426
2026/03/27 09:30:02 - mmengine - INFO - Epoch(train)  [7][ 4450/10002]  lr: 2.5000e-05  eta: 21:57:48  time: 0.3869  data_time: 0.0031  memory: 7329  grad_norm: 75.6540  loss: 8.0210  rpn_s.0.loss_cls: 0.5886  rpn_s.0.loss_bbox: 0.1132  rpn_s.0.loss_giou: 0.7295  rpn_s.1.loss_cls: 0.4621  rpn_s.1.loss_bbox: 0.0548  rpn_s.1.loss_giou: 0.3773  rpn_s.2.loss_cls: 0.3794  rpn_s.2.loss_bbox: 0.0491  rpn_s.2.loss_giou: 0.3283  rpn_s.3.loss_cls: 0.3463  rpn_s.3.loss_bbox: 0.0453  rpn_s.3.loss_giou: 0.3092  s0.loss_cls: 0.4086  s0.pos_acc: 87.5000  s0.loss_bbox: 0.6412  s0.loss_iou: 1.0587  s1.loss_cls: 0.4067  s1.pos_acc: 87.5000  s1.loss_bbox: 0.6177  s1.loss_iou: 1.1050
2026/03/27 09:30:22 - mmengine - INFO - Epoch(train)  [7][ 4500/10002]  lr: 2.5000e-05  eta: 21:57:49  time: 0.3932  data_time: 0.0031  memory: 7329  grad_norm: 78.1950  loss: 8.5696  rpn_s.0.loss_cls: 0.6546  rpn_s.0.loss_bbox: 0.1178  rpn_s.0.loss_giou: 0.8244  rpn_s.1.loss_cls: 0.4856  rpn_s.1.loss_bbox: 0.0509  rpn_s.1.loss_giou: 0.4124  rpn_s.2.loss_cls: 0.4209  rpn_s.2.loss_bbox: 0.0440  rpn_s.2.loss_giou: 0.3613  rpn_s.3.loss_cls: 0.3959  rpn_s.3.loss_bbox: 0.0408  rpn_s.3.loss_giou: 0.3412  s0.loss_cls: 0.4552  s0.pos_acc: 67.9487  s0.loss_bbox: 0.5817  s0.loss_iou: 1.1626  s1.loss_cls: 0.4589  s1.pos_acc: 69.2308  s1.loss_bbox: 0.5761  s1.loss_iou: 1.1854
2026/03/27 09:30:41 - mmengine - INFO - Epoch(train)  [7][ 4550/10002]  lr: 2.5000e-05  eta: 21:57:26  time: 0.3831  data_time: 0.0031  memory: 7329  grad_norm: 86.6078  loss: 8.5970  rpn_s.0.loss_cls: 0.6528  rpn_s.0.loss_bbox: 0.1113  rpn_s.0.loss_giou: 0.7953  rpn_s.1.loss_cls: 0.4788  rpn_s.1.loss_bbox: 0.0495  rpn_s.1.loss_giou: 0.4105  rpn_s.2.loss_cls: 0.4142  rpn_s.2.loss_bbox: 0.0420  rpn_s.2.loss_giou: 0.3545  rpn_s.3.loss_cls: 0.3836  rpn_s.3.loss_bbox: 0.0391  rpn_s.3.loss_giou: 0.3392  s0.loss_cls: 0.4399  s0.pos_acc: 76.1905  s0.loss_bbox: 0.6054  s0.loss_iou: 1.1945  s1.loss_cls: 0.4584  s1.pos_acc: 88.0952  s1.loss_bbox: 0.5942  s1.loss_iou: 1.2338
2026/03/27 09:31:00 - mmengine - INFO - Epoch(train)  [7][ 4600/10002]  lr: 2.5000e-05  eta: 21:57:10  time: 0.3862  data_time: 0.0032  memory: 7329  grad_norm: 74.4541  loss: 8.5500  rpn_s.0.loss_cls: 0.6607  rpn_s.0.loss_bbox: 0.1108  rpn_s.0.loss_giou: 0.7960  rpn_s.1.loss_cls: 0.4726  rpn_s.1.loss_bbox: 0.0494  rpn_s.1.loss_giou: 0.4197  rpn_s.2.loss_cls: 0.4152  rpn_s.2.loss_bbox: 0.0413  rpn_s.2.loss_giou: 0.3664  rpn_s.3.loss_cls: 0.3875  rpn_s.3.loss_bbox: 0.0381  rpn_s.3.loss_giou: 0.3423  s0.loss_cls: 0.4504  s0.pos_acc: 72.5000  s0.loss_bbox: 0.6014  s0.loss_iou: 1.1593  s1.loss_cls: 0.4579  s1.pos_acc: 82.5000  s1.loss_bbox: 0.5847  s1.loss_iou: 1.1963
2026/03/27 09:31:20 - mmengine - INFO - Epoch(train)  [7][ 4650/10002]  lr: 2.5000e-05  eta: 21:57:12  time: 0.3943  data_time: 0.0031  memory: 7330  grad_norm: 69.7559  loss: 8.7244  rpn_s.0.loss_cls: 0.6505  rpn_s.0.loss_bbox: 0.1240  rpn_s.0.loss_giou: 0.8362  rpn_s.1.loss_cls: 0.4641  rpn_s.1.loss_bbox: 0.0565  rpn_s.1.loss_giou: 0.4335  rpn_s.2.loss_cls: 0.3984  rpn_s.2.loss_bbox: 0.0478  rpn_s.2.loss_giou: 0.3765  rpn_s.3.loss_cls: 0.3608  rpn_s.3.loss_bbox: 0.0435  rpn_s.3.loss_giou: 0.3554  s0.loss_cls: 0.4156  s0.pos_acc: 70.4545  s0.loss_bbox: 0.6504  s0.loss_iou: 1.2031  s1.loss_cls: 0.4491  s1.pos_acc: 69.8864  s1.loss_bbox: 0.6181  s1.loss_iou: 1.2407
2026/03/27 09:31:39 - mmengine - INFO - Epoch(train)  [7][ 4700/10002]  lr: 2.5000e-05  eta: 21:56:56  time: 0.3864  data_time: 0.0031  memory: 7329  grad_norm: 70.9648  loss: 8.9007  rpn_s.0.loss_cls: 0.6704  rpn_s.0.loss_bbox: 0.1261  rpn_s.0.loss_giou: 0.8970  rpn_s.1.loss_cls: 0.4764  rpn_s.1.loss_bbox: 0.0529  rpn_s.1.loss_giou: 0.4427  rpn_s.2.loss_cls: 0.4075  rpn_s.2.loss_bbox: 0.0448  rpn_s.2.loss_giou: 0.3826  rpn_s.3.loss_cls: 0.3711  rpn_s.3.loss_bbox: 0.0430  rpn_s.3.loss_giou: 0.3642  s0.loss_cls: 0.4390  s0.pos_acc: 86.6667  s0.loss_bbox: 0.6187  s0.loss_iou: 1.2248  s1.loss_cls: 0.4402  s1.pos_acc: 81.6667  s1.loss_bbox: 0.6524  s1.loss_iou: 1.2469
2026/03/27 09:31:59 - mmengine - INFO - Epoch(train)  [7][ 4750/10002]  lr: 2.5000e-05  eta: 21:56:55  time: 0.3930  data_time: 0.0032  memory: 7330  grad_norm: 72.9985  loss: 8.7251  rpn_s.0.loss_cls: 0.6296  rpn_s.0.loss_bbox: 0.1272  rpn_s.0.loss_giou: 0.8788  rpn_s.1.loss_cls: 0.4592  rpn_s.1.loss_bbox: 0.0536  rpn_s.1.loss_giou: 0.4431  rpn_s.2.loss_cls: 0.3905  rpn_s.2.loss_bbox: 0.0441  rpn_s.2.loss_giou: 0.3727  rpn_s.3.loss_cls: 0.3534  rpn_s.3.loss_bbox: 0.0405  rpn_s.3.loss_giou: 0.3517  s0.loss_cls: 0.4133  s0.pos_acc: 80.0000  s0.loss_bbox: 0.5928  s0.loss_iou: 1.2407  s1.loss_cls: 0.4097  s1.pos_acc: 80.0000  s1.loss_bbox: 0.6475  s1.loss_iou: 1.2766
2026/03/27 09:32:18 - mmengine - INFO - Epoch(train)  [7][ 4800/10002]  lr: 2.5000e-05  eta: 21:56:31  time: 0.3829  data_time: 0.0032  memory: 7329  grad_norm: 75.7581  loss: 8.9327  rpn_s.0.loss_cls: 0.6749  rpn_s.0.loss_bbox: 0.1219  rpn_s.0.loss_giou: 0.8613  rpn_s.1.loss_cls: 0.4958  rpn_s.1.loss_bbox: 0.0536  rpn_s.1.loss_giou: 0.4501  rpn_s.2.loss_cls: 0.4156  rpn_s.2.loss_bbox: 0.0446  rpn_s.2.loss_giou: 0.3844  rpn_s.3.loss_cls: 0.3883  rpn_s.3.loss_bbox: 0.0408  rpn_s.3.loss_giou: 0.3593  s0.loss_cls: 0.4433  s0.pos_acc: 66.6667  s0.loss_bbox: 0.6012  s0.loss_iou: 1.2567  s1.loss_cls: 0.4471  s1.pos_acc: 66.6667  s1.loss_bbox: 0.6036  s1.loss_iou: 1.2903
2026/03/27 09:32:38 - mmengine - INFO - Epoch(train)  [7][ 4850/10002]  lr: 2.5000e-05  eta: 21:56:23  time: 0.3904  data_time: 0.0031  memory: 7330  grad_norm: 70.1842  loss: 8.8531  rpn_s.0.loss_cls: 0.6495  rpn_s.0.loss_bbox: 0.1204  rpn_s.0.loss_giou: 0.8766  rpn_s.1.loss_cls: 0.4796  rpn_s.1.loss_bbox: 0.0529  rpn_s.1.loss_giou: 0.4423  rpn_s.2.loss_cls: 0.4314  rpn_s.2.loss_bbox: 0.0447  rpn_s.2.loss_giou: 0.3776  rpn_s.3.loss_cls: 0.3878  rpn_s.3.loss_bbox: 0.0407  rpn_s.3.loss_giou: 0.3553  s0.loss_cls: 0.4293  s0.pos_acc: 70.0000  s0.loss_bbox: 0.6298  s0.loss_iou: 1.2276  s1.loss_cls: 0.4227  s1.pos_acc: 67.7778  s1.loss_bbox: 0.6342  s1.loss_iou: 1.2506
2026/03/27 09:32:57 - mmengine - INFO - Epoch(train)  [7][ 4900/10002]  lr: 2.5000e-05  eta: 21:55:58  time: 0.3820  data_time: 0.0031  memory: 7329  grad_norm: 71.5621  loss: 8.9755  rpn_s.0.loss_cls: 0.6675  rpn_s.0.loss_bbox: 0.1239  rpn_s.0.loss_giou: 0.8912  rpn_s.1.loss_cls: 0.4756  rpn_s.1.loss_bbox: 0.0553  rpn_s.1.loss_giou: 0.4495  rpn_s.2.loss_cls: 0.4052  rpn_s.2.loss_bbox: 0.0467  rpn_s.2.loss_giou: 0.3855  rpn_s.3.loss_cls: 0.3759  rpn_s.3.loss_bbox: 0.0451  rpn_s.3.loss_giou: 0.3721  s0.loss_cls: 0.4381  s0.pos_acc: 68.4783  s0.loss_bbox: 0.5810  s0.loss_iou: 1.3011  s1.loss_cls: 0.4491  s1.pos_acc: 69.5652  s1.loss_bbox: 0.5866  s1.loss_iou: 1.3263
2026/03/27 09:33:16 - mmengine - INFO - Epoch(train)  [7][ 4950/10002]  lr: 2.5000e-05  eta: 21:55:31  time: 0.3812  data_time: 0.0031  memory: 7329  grad_norm: 77.2299  loss: 9.0199  rpn_s.0.loss_cls: 0.6989  rpn_s.0.loss_bbox: 0.1236  rpn_s.0.loss_giou: 0.8151  rpn_s.1.loss_cls: 0.5160  rpn_s.1.loss_bbox: 0.0589  rpn_s.1.loss_giou: 0.4383  rpn_s.2.loss_cls: 0.4448  rpn_s.2.loss_bbox: 0.0508  rpn_s.2.loss_giou: 0.3786  rpn_s.3.loss_cls: 0.3969  rpn_s.3.loss_bbox: 0.0489  rpn_s.3.loss_giou: 0.3637  s0.loss_cls: 0.4577  s0.pos_acc: 22.5806  s0.loss_bbox: 0.6242  s0.loss_iou: 1.2439  s1.loss_cls: 0.4566  s1.pos_acc: 20.9677  s1.loss_bbox: 0.6116  s1.loss_iou: 1.2914
2026/03/27 09:33:33 - mmengine - INFO - Exp name: GSDet_r50_b900_h2h4_h2r1_r2r1_2x_fair1m1.0_20260327_090119
2026/03/27 09:33:35 - mmengine - INFO - Epoch(train)  [7][ 5000/10002]  lr: 2.5000e-05  eta: 21:55:13  time: 0.3852  data_time: 0.0031  memory: 7330  grad_norm: 71.8218  loss: 9.0696  rpn_s.0.loss_cls: 0.6580  rpn_s.0.loss_bbox: 0.1264  rpn_s.0.loss_giou: 0.8888  rpn_s.1.loss_cls: 0.4657  rpn_s.1.loss_bbox: 0.0552  rpn_s.1.loss_giou: 0.4558  rpn_s.2.loss_cls: 0.3954  rpn_s.2.loss_bbox: 0.0468  rpn_s.2.loss_giou: 0.3946  rpn_s.3.loss_cls: 0.3595  rpn_s.3.loss_bbox: 0.0430  rpn_s.3.loss_giou: 0.3745  s0.loss_cls: 0.4345  s0.pos_acc: 46.1538  s0.loss_bbox: 0.6653  s0.loss_iou: 1.2896  s1.loss_cls: 0.4405  s1.pos_acc: 38.4615  s1.loss_bbox: 0.6635  s1.loss_iou: 1.3125
2026/03/27 09:33:54 - mmengine - INFO - Epoch(train)  [7][ 5050/10002]  lr: 2.5000e-05  eta: 21:54:55  time: 0.3858  data_time: 0.0031  memory: 7329  grad_norm: 73.1721  loss: 8.7301  rpn_s.0.loss_cls: 0.6733  rpn_s.0.loss_bbox: 0.1140  rpn_s.0.loss_giou: 0.7985  rpn_s.1.loss_cls: 0.4805  rpn_s.1.loss_bbox: 0.0519  rpn_s.1.loss_giou: 0.4095  rpn_s.2.loss_cls: 0.4085  rpn_s.2.loss_bbox: 0.0453  rpn_s.2.loss_giou: 0.3628  rpn_s.3.loss_cls: 0.3765  rpn_s.3.loss_bbox: 0.0423  rpn_s.3.loss_giou: 0.3432  s0.loss_cls: 0.4338  s0.pos_acc: 49.0909  s0.loss_bbox: 0.6211  s0.loss_iou: 1.2410  s1.loss_cls: 0.4311  s1.pos_acc: 58.1818  s1.loss_bbox: 0.6171  s1.loss_iou: 1.2797
2026/03/27 09:34:14 - mmengine - INFO - Epoch(train)  [7][ 5100/10002]  lr: 2.5000e-05  eta: 21:54:36  time: 0.3851  data_time: 0.0031  memory: 7329  grad_norm: 72.6362  loss: 8.9374  rpn_s.0.loss_cls: 0.6797  rpn_s.0.loss_bbox: 0.1145  rpn_s.0.loss_giou: 0.8861  rpn_s.1.loss_cls: 0.4928  rpn_s.1.loss_bbox: 0.0479  rpn_s.1.loss_giou: 0.4356  rpn_s.2.loss_cls: 0.4206  rpn_s.2.loss_bbox: 0.0402  rpn_s.2.loss_giou: 0.3693  rpn_s.3.loss_cls: 0.3913  rpn_s.3.loss_bbox: 0.0374  rpn_s.3.loss_giou: 0.3531  s0.loss_cls: 0.4531  s0.pos_acc: 63.1206  s0.loss_bbox: 0.6822  s0.loss_iou: 1.1775  s1.loss_cls: 0.4482  s1.pos_acc: 58.8652  s1.loss_bbox: 0.7027  s1.loss_iou: 1.2050
2026/03/27 09:34:33 - mmengine - INFO - Epoch(train)  [7][ 5150/10002]  lr: 2.5000e-05  eta: 21:54:21  time: 0.3866  data_time: 0.0032  memory: 7330  grad_norm: 75.7720  loss: 8.5913  rpn_s.0.loss_cls: 0.6475  rpn_s.0.loss_bbox: 0.1154  rpn_s.0.loss_giou: 0.8590  rpn_s.1.loss_cls: 0.4689  rpn_s.1.loss_bbox: 0.0511  rpn_s.1.loss_giou: 0.4403  rpn_s.2.loss_cls: 0.3860  rpn_s.2.loss_bbox: 0.0442  rpn_s.2.loss_giou: 0.3864  rpn_s.3.loss_cls: 0.3657  rpn_s.3.loss_bbox: 0.0405  rpn_s.3.loss_giou: 0.3626  s0.loss_cls: 0.4134  s0.pos_acc: 55.5556  s0.loss_bbox: 0.5429  s0.loss_iou: 1.2368  s1.loss_cls: 0.4149  s1.pos_acc: 55.5556  s1.loss_bbox: 0.5612  s1.loss_iou: 1.2546
2026/03/27 09:34:52 - mmengine - INFO - Epoch(train)  [7][ 5200/10002]  lr: 2.5000e-05  eta: 21:54:03  time: 0.3857  data_time: 0.0031  memory: 7329  grad_norm: 82.5371  loss: 8.1824  rpn_s.0.loss_cls: 0.6241  rpn_s.0.loss_bbox: 0.1193  rpn_s.0.loss_giou: 0.7669  rpn_s.1.loss_cls: 0.4561  rpn_s.1.loss_bbox: 0.0545  rpn_s.1.loss_giou: 0.3851  rpn_s.2.loss_cls: 0.3973  rpn_s.2.loss_bbox: 0.0476  rpn_s.2.loss_giou: 0.3347  rpn_s.3.loss_cls: 0.3472  rpn_s.3.loss_bbox: 0.0446  rpn_s.3.loss_giou: 0.3180  s0.loss_cls: 0.4077  s0.pos_acc: 33.3333  s0.loss_bbox: 0.6502  s0.loss_iou: 1.0659  s1.loss_cls: 0.4072  s1.pos_acc: 33.3333  s1.loss_bbox: 0.6608  s1.loss_iou: 1.0953
2026/03/27 09:35:12 - mmengine - INFO - Epoch(train)  [7][ 5250/10002]  lr: 2.5000e-05  eta: 21:53:46  time: 0.3861  data_time: 0.0031  memory: 7329  grad_norm: 79.3922  loss: 8.9502  rpn_s.0.loss_cls: 0.6504  rpn_s.0.loss_bbox: 0.1159  rpn_s.0.loss_giou: 0.8996  rpn_s.1.loss_cls: 0.4673  rpn_s.1.loss_bbox: 0.0491  rpn_s.1.loss_giou: 0.4568  rpn_s.2.loss_cls: 0.4183  rpn_s.2.loss_bbox: 0.0411  rpn_s.2.loss_giou: 0.3948  rpn_s.3.loss_cls: 0.3782  rpn_s.3.loss_bbox: 0.0392  rpn_s.3.loss_giou: 0.3792  s0.loss_cls: 0.4275  s0.pos_acc: 71.4286  s0.loss_bbox: 0.5783  s0.loss_iou: 1.2996  s1.loss_cls: 0.4206  s1.pos_acc: 71.4286  s1.loss_bbox: 0.6110  s1.loss_iou: 1.3232
2026/03/27 09:35:31 - mmengine - INFO - Epoch(train)  [7][ 5300/10002]  lr: 2.5000e-05  eta: 21:53:28  time: 0.3856  data_time: 0.0031  memory: 7329  grad_norm: 71.6120  loss: 8.7942  rpn_s.0.loss_cls: 0.6347  rpn_s.0.loss_bbox: 0.1226  rpn_s.0.loss_giou: 0.8658  rpn_s.1.loss_cls: 0.4783  rpn_s.1.loss_bbox: 0.0541  rpn_s.1.loss_giou: 0.4366  rpn_s.2.loss_cls: 0.4083  rpn_s.2.loss_bbox: 0.0452  rpn_s.2.loss_giou: 0.3810  rpn_s.3.loss_cls: 0.3792  rpn_s.3.loss_bbox: 0.0412  rpn_s.3.loss_giou: 0.3546  s0.loss_cls: 0.4295  s0.pos_acc: 34.7619  s0.loss_bbox: 0.6471  s0.loss_iou: 1.2070  s1.loss_cls: 0.4362  s1.pos_acc: 35.2381  s1.loss_bbox: 0.6398  s1.loss_iou: 1.2332
2026/03/27 09:35:50 - mmengine - INFO - Epoch(train)  [7][ 5350/10002]  lr: 2.5000e-05  eta: 21:53:16  time: 0.3888  data_time: 0.0031  memory: 7329  grad_norm: 70.7289  loss: 8.9459  rpn_s.0.loss_cls: 0.6650  rpn_s.0.loss_bbox: 0.1289  rpn_s.0.loss_giou: 0.9071  rpn_s.1.loss_cls: 0.4842  rpn_s.1.loss_bbox: 0.0560  rpn_s.1.loss_giou: 0.4398  rpn_s.2.loss_cls: 0.4269  rpn_s.2.loss_bbox: 0.0447  rpn_s.2.loss_giou: 0.3723  rpn_s.3.loss_cls: 0.3837  rpn_s.3.loss_bbox: 0.0415  rpn_s.3.loss_giou: 0.3526  s0.loss_cls: 0.4445  s0.pos_acc: 70.3704  s0.loss_bbox: 0.6239  s0.loss_iou: 1.2507  s1.loss_cls: 0.4337  s1.pos_acc: 77.7778  s1.loss_bbox: 0.6351  s1.loss_iou: 1.2552
2026/03/27 09:36:10 - mmengine - INFO - Epoch(train)  [7][ 5400/10002]  lr: 2.5000e-05  eta: 21:53:10  time: 0.3917  data_time: 0.0031  memory: 7330  grad_norm: 76.1081  loss: 8.6212  rpn_s.0.loss_cls: 0.6316  rpn_s.0.loss_bbox: 0.1209  rpn_s.0.loss_giou: 0.8563  rpn_s.1.loss_cls: 0.4520  rpn_s.1.loss_bbox: 0.0539  rpn_s.1.loss_giou: 0.4299  rpn_s.2.loss_cls: 0.3964  rpn_s.2.loss_bbox: 0.0445  rpn_s.2.loss_giou: 0.3701  rpn_s.3.loss_cls: 0.3623  rpn_s.3.loss_bbox: 0.0417  rpn_s.3.loss_giou: 0.3503  s0.loss_cls: 0.4042  s0.pos_acc: 68.7500  s0.loss_bbox: 0.6239  s0.loss_iou: 1.2122  s1.loss_cls: 0.4140  s1.pos_acc: 68.7500  s1.loss_bbox: 0.6257  s1.loss_iou: 1.2312
2026/03/27 09:36:30 - mmengine - INFO - Epoch(train)  [7][ 5450/10002]  lr: 2.5000e-05  eta: 21:53:13  time: 0.3970  data_time: 0.0031  memory: 7330  grad_norm: 71.5163  loss: 8.7014  rpn_s.0.loss_cls: 0.6169  rpn_s.0.loss_bbox: 0.1296  rpn_s.0.loss_giou: 0.8630  rpn_s.1.loss_cls: 0.4389  rpn_s.1.loss_bbox: 0.0591  rpn_s.1.loss_giou: 0.4430  rpn_s.2.loss_cls: 0.3739  rpn_s.2.loss_bbox: 0.0500  rpn_s.2.loss_giou: 0.3864  rpn_s.3.loss_cls: 0.3357  rpn_s.3.loss_bbox: 0.0469  rpn_s.3.loss_giou: 0.3609  s0.loss_cls: 0.3597  s0.pos_acc: 100.0000  s0.loss_bbox: 0.6386  s0.loss_iou: 1.2975  s1.loss_cls: 0.3616  s1.pos_acc: 100.0000  s1.loss_bbox: 0.6293  s1.loss_iou: 1.3101
2026/03/27 09:36:49 - mmengine - INFO - Epoch(train)  [7][ 5500/10002]  lr: 2.5000e-05  eta: 21:53:02  time: 0.3895  data_time: 0.0031  memory: 7330  grad_norm: 67.1595  loss: 9.1809  rpn_s.0.loss_cls: 0.6768  rpn_s.0.loss_bbox: 0.1231  rpn_s.0.loss_giou: 0.9360  rpn_s.1.loss_cls: 0.4856  rpn_s.1.loss_bbox: 0.0515  rpn_s.1.loss_giou: 0.4689  rpn_s.2.loss_cls: 0.4269  rpn_s.2.loss_bbox: 0.0435  rpn_s.2.loss_giou: 0.4016  rpn_s.3.loss_cls: 0.3790  rpn_s.3.loss_bbox: 0.0395  rpn_s.3.loss_giou: 0.3833  s0.loss_cls: 0.4296  s0.pos_acc: 68.5185  s0.loss_bbox: 0.5971  s0.loss_iou: 1.3555  s1.loss_cls: 0.4344  s1.pos_acc: 66.6667  s1.loss_bbox: 0.5868  s1.loss_iou: 1.3618
2026/03/27 09:37:09 - mmengine - INFO - Epoch(train)  [7][ 5550/10002]  lr: 2.5000e-05  eta: 21:52:45  time: 0.3861  data_time: 0.0032  memory: 7329  grad_norm: 73.6393  loss: 9.0857  rpn_s.0.loss_cls: 0.6872  rpn_s.0.loss_bbox: 0.1202  rpn_s.0.loss_giou: 0.9189  rpn_s.1.loss_cls: 0.5037  rpn_s.1.loss_bbox: 0.0524  rpn_s.1.loss_giou: 0.4538  rpn_s.2.loss_cls: 0.4339  rpn_s.2.loss_bbox: 0.0442  rpn_s.2.loss_giou: 0.3959  rpn_s.3.loss_cls: 0.3865  rpn_s.3.loss_bbox: 0.0408  rpn_s.3.loss_giou: 0.3736  s0.loss_cls: 0.4349  s0.pos_acc: 66.6667  s0.loss_bbox: 0.6185  s0.loss_iou: 1.2753  s1.loss_cls: 0.4308  s1.pos_acc: 77.7778  s1.loss_bbox: 0.6122  s1.loss_iou: 1.3028
2026/03/27 09:37:28 - mmengine - INFO - Epoch(train)  [7][ 5600/10002]  lr: 2.5000e-05  eta: 21:52:23  time: 0.3840  data_time: 0.0031  memory: 7329  grad_norm: 67.0214  loss: 8.9153  rpn_s.0.loss_cls: 0.6409  rpn_s.0.loss_bbox: 0.1168  rpn_s.0.loss_giou: 0.8823  rpn_s.1.loss_cls: 0.4515  rpn_s.1.loss_bbox: 0.0515  rpn_s.1.loss_giou: 0.4501  rpn_s.2.loss_cls: 0.3919  rpn_s.2.loss_bbox: 0.0421  rpn_s.2.loss_giou: 0.3910  rpn_s.3.loss_cls: 0.3515  rpn_s.3.loss_bbox: 0.0387  rpn_s.3.loss_giou: 0.3750  s0.loss_cls: 0.4131  s0.pos_acc: 77.4648  s0.loss_bbox: 0.6498  s0.loss_iou: 1.2997  s1.loss_cls: 0.4110  s1.pos_acc: 73.2394  s1.loss_bbox: 0.6438  s1.loss_iou: 1.3146
2026/03/27 09:37:47 - mmengine - INFO - Epoch(train)  [7][ 5650/10002]  lr: 2.5000e-05  eta: 21:51:47  time: 0.3760  data_time: 0.0032  memory: 7329  grad_norm: 81.8139  loss: 9.0932  rpn_s.0.loss_cls: 0.6750  rpn_s.0.loss_bbox: 0.1218  rpn_s.0.loss_giou: 0.8984  rpn_s.1.loss_cls: 0.4739  rpn_s.1.loss_bbox: 0.0565  rpn_s.1.loss_giou: 0.4631  rpn_s.2.loss_cls: 0.4138  rpn_s.2.loss_bbox: 0.0463  rpn_s.2.loss_giou: 0.4047  rpn_s.3.loss_cls: 0.3788  rpn_s.3.loss_bbox: 0.0428  rpn_s.3.loss_giou: 0.3846  s0.loss_cls: 0.4587  s0.pos_acc: 55.5556  s0.loss_bbox: 0.6437  s0.loss_iou: 1.2402  s1.loss_cls: 0.4614  s1.pos_acc: 55.5556  s1.loss_bbox: 0.6628  s1.loss_iou: 1.2666
2026/03/27 09:38:06 - mmengine - INFO - Epoch(train)  [7][ 5700/10002]  lr: 2.5000e-05  eta: 21:51:17  time: 0.3790  data_time: 0.0032  memory: 7329  grad_norm: 90.3416  loss: 8.4181  rpn_s.0.loss_cls: 0.6415  rpn_s.0.loss_bbox: 0.1217  rpn_s.0.loss_giou: 0.7521  rpn_s.1.loss_cls: 0.4759  rpn_s.1.loss_bbox: 0.0573  rpn_s.1.loss_giou: 0.3977  rpn_s.2.loss_cls: 0.3910  rpn_s.2.loss_bbox: 0.0478  rpn_s.2.loss_giou: 0.3382  rpn_s.3.loss_cls: 0.3605  rpn_s.3.loss_bbox: 0.0439  rpn_s.3.loss_giou: 0.3211  s0.loss_cls: 0.4171  s0.pos_acc: 86.0000  s0.loss_bbox: 0.6732  s0.loss_iou: 1.1353  s1.loss_cls: 0.4118  s1.pos_acc: 96.0000  s1.loss_bbox: 0.6591  s1.loss_iou: 1.1729
2026/03/27 09:38:25 - mmengine - INFO - Epoch(train)  [7][ 5750/10002]  lr: 2.5000e-05  eta: 21:50:56  time: 0.3837  data_time: 0.0032  memory: 7329  grad_norm: 75.2506  loss: 9.0131  rpn_s.0.loss_cls: 0.6706  rpn_s.0.loss_bbox: 0.1109  rpn_s.0.loss_giou: 0.8821  rpn_s.1.loss_cls: 0.4780  rpn_s.1.loss_bbox: 0.0457  rpn_s.1.loss_giou: 0.4429  rpn_s.2.loss_cls: 0.4152  rpn_s.2.loss_bbox: 0.0384  rpn_s.2.loss_giou: 0.3865  rpn_s.3.loss_cls: 0.3819  rpn_s.3.loss_bbox: 0.0363  rpn_s.3.loss_giou: 0.3695  s0.loss_cls: 0.4374  s0.pos_acc: 40.0000  s0.loss_bbox: 0.6757  s0.loss_iou: 1.2303  s1.loss_cls: 0.4526  s1.pos_acc: 40.0000  s1.loss_bbox: 0.6925  s1.loss_iou: 1.2664
2026/03/27 09:38:44 - mmengine - INFO - Epoch(train)  [7][ 5800/10002]  lr: 2.5000e-05  eta: 21:50:29  time: 0.3810  data_time: 0.0031  memory: 7329  grad_norm: 80.6797  loss: 8.7116  rpn_s.0.loss_cls: 0.6668  rpn_s.0.loss_bbox: 0.1229  rpn_s.0.loss_giou: 0.8655  rpn_s.1.loss_cls: 0.4763  rpn_s.1.loss_bbox: 0.0550  rpn_s.1.loss_giou: 0.4364  rpn_s.2.loss_cls: 0.4280  rpn_s.2.loss_bbox: 0.0413  rpn_s.2.loss_giou: 0.3682  rpn_s.3.loss_cls: 0.3934  rpn_s.3.loss_bbox: 0.0369  rpn_s.3.loss_giou: 0.3454  s0.loss_cls: 0.4612  s0.pos_acc: 74.0000  s0.loss_bbox: 0.5603  s0.loss_iou: 1.1960  s1.loss_cls: 0.4629  s1.pos_acc: 82.0000  s1.loss_bbox: 0.5790  s1.loss_iou: 1.2161
2026/03/27 09:39:03 - mmengine - INFO - Epoch(train)  [7][ 5850/10002]  lr: 2.5000e-05  eta: 21:50:03  time: 0.3810  data_time: 0.0031  memory: 7329  grad_norm: 75.5745  loss: 8.8582  rpn_s.0.loss_cls: 0.6628  rpn_s.0.loss_bbox: 0.1196  rpn_s.0.loss_giou: 0.8342  rpn_s.1.loss_cls: 0.4707  rpn_s.1.loss_bbox: 0.0549  rpn_s.1.loss_giou: 0.4427  rpn_s.2.loss_cls: 0.4122  rpn_s.2.loss_bbox: 0.0444  rpn_s.2.loss_giou: 0.3772  rpn_s.3.loss_cls: 0.3778  rpn_s.3.loss_bbox: 0.0413  rpn_s.3.loss_giou: 0.3597  s0.loss_cls: 0.4535  s0.pos_acc: 90.0000  s0.loss_bbox: 0.6244  s0.loss_iou: 1.2190  s1.loss_cls: 0.4545  s1.pos_acc: 90.0000  s1.loss_bbox: 0.6277  s1.loss_iou: 1.2817
2026/03/27 09:39:22 - mmengine - INFO - Epoch(train)  [7][ 5900/10002]  lr: 2.5000e-05  eta: 21:49:56  time: 0.3917  data_time: 0.0031  memory: 7329  grad_norm: 67.9959  loss: 9.5907  rpn_s.0.loss_cls: 0.6904  rpn_s.0.loss_bbox: 0.1297  rpn_s.0.loss_giou: 0.9587  rpn_s.1.loss_cls: 0.5096  rpn_s.1.loss_bbox: 0.0558  rpn_s.1.loss_giou: 0.4876  rpn_s.2.loss_cls: 0.4480  rpn_s.2.loss_bbox: 0.0484  rpn_s.2.loss_giou: 0.4172  rpn_s.3.loss_cls: 0.4057  rpn_s.3.loss_bbox: 0.0467  rpn_s.3.loss_giou: 0.3943  s0.loss_cls: 0.4587  s0.pos_acc: 88.8889  s0.loss_bbox: 0.6193  s0.loss_iou: 1.4183  s1.loss_cls: 0.4480  s1.pos_acc: 88.8889  s1.loss_bbox: 0.6207  s1.loss_iou: 1.4336
2026/03/27 09:39:42 - mmengine - INFO - Epoch(train)  [7][ 5950/10002]  lr: 2.5000e-05  eta: 21:49:46  time: 0.3905  data_time: 0.0032  memory: 7330  grad_norm: 77.3482  loss: 8.7600  rpn_s.0.loss_cls: 0.6354  rpn_s.0.loss_bbox: 0.1128  rpn_s.0.loss_giou: 0.8123  rpn_s.1.loss_cls: 0.4698  rpn_s.1.loss_bbox: 0.0504  rpn_s.1.loss_giou: 0.4214  rpn_s.2.loss_cls: 0.4090  rpn_s.2.loss_bbox: 0.0442  rpn_s.2.loss_giou: 0.3674  rpn_s.3.loss_cls: 0.3652  rpn_s.3.loss_bbox: 0.0404  rpn_s.3.loss_giou: 0.3516  s0.loss_cls: 0.4271  s0.pos_acc: 66.6667  s0.loss_bbox: 0.6540  s0.loss_iou: 1.2513  s1.loss_cls: 0.4319  s1.pos_acc: 72.2222  s1.loss_bbox: 0.6596  s1.loss_iou: 1.2562
2026/03/27 09:39:59 - mmengine - INFO - Exp name: GSDet_r50_b900_h2h4_h2r1_r2r1_2x_fair1m1.0_20260327_090119
2026/03/27 09:40:01 - mmengine - INFO - Epoch(train)  [7][ 6000/10002]  lr: 2.5000e-05  eta: 21:49:20  time: 0.3813  data_time: 0.0032  memory: 7329  grad_norm: 75.3606  loss: 8.7608  rpn_s.0.loss_cls: 0.6843  rpn_s.0.loss_bbox: 0.1079  rpn_s.0.loss_giou: 0.8279  rpn_s.1.loss_cls: 0.4846  rpn_s.1.loss_bbox: 0.0494  rpn_s.1.loss_giou: 0.4278  rpn_s.2.loss_cls: 0.4202  rpn_s.2.loss_bbox: 0.0420  rpn_s.2.loss_giou: 0.3685  rpn_s.3.loss_cls: 0.3802  rpn_s.3.loss_bbox: 0.0392  rpn_s.3.loss_giou: 0.3532  s0.loss_cls: 0.4496  s0.pos_acc: 87.5000  s0.loss_bbox: 0.6362  s0.loss_iou: 1.1915  s1.loss_cls: 0.4514  s1.pos_acc: 100.0000  s1.loss_bbox: 0.6267  s1.loss_iou: 1.2203
2026/03/27 09:40:21 - mmengine - INFO - Epoch(train)  [7][ 6050/10002]  lr: 2.5000e-05  eta: 21:49:24  time: 0.3987  data_time: 0.0032  memory: 7330  grad_norm: 71.6569  loss: 8.5031  rpn_s.0.loss_cls: 0.6220  rpn_s.0.loss_bbox: 0.1239  rpn_s.0.loss_giou: 0.8129  rpn_s.1.loss_cls: 0.4535  rpn_s.1.loss_bbox: 0.0551  rpn_s.1.loss_giou: 0.4177  rpn_s.2.loss_cls: 0.3765  rpn_s.2.loss_bbox: 0.0464  rpn_s.2.loss_giou: 0.3613  rpn_s.3.loss_cls: 0.3423  rpn_s.3.loss_bbox: 0.0436  rpn_s.3.loss_giou: 0.3435  s0.loss_cls: 0.3858  s0.pos_acc: 91.6667  s0.loss_bbox: 0.6356  s0.loss_iou: 1.2140  s1.loss_cls: 0.3821  s1.pos_acc: 83.3333  s1.loss_bbox: 0.6316  s1.loss_iou: 1.2553
2026/03/27 09:40:40 - mmengine - INFO - Epoch(train)  [7][ 6100/10002]  lr: 2.5000e-05  eta: 21:49:07  time: 0.3865  data_time: 0.0031  memory: 7330  grad_norm: 88.6093  loss: 8.0785  rpn_s.0.loss_cls: 0.6566  rpn_s.0.loss_bbox: 0.1051  rpn_s.0.loss_giou: 0.7933  rpn_s.1.loss_cls: 0.4805  rpn_s.1.loss_bbox: 0.0448  rpn_s.1.loss_giou: 0.3912  rpn_s.2.loss_cls: 0.4120  rpn_s.2.loss_bbox: 0.0380  rpn_s.2.loss_giou: 0.3400  rpn_s.3.loss_cls: 0.3668  rpn_s.3.loss_bbox: 0.0356  rpn_s.3.loss_giou: 0.3218  s0.loss_cls: 0.4089  s0.pos_acc: 87.5000  s0.loss_bbox: 0.5773  s0.loss_iou: 1.0598  s1.loss_cls: 0.4222  s1.pos_acc: 87.5000  s1.loss_bbox: 0.5419  s1.loss_iou: 1.0824
2026/03/27 09:41:00 - mmengine - INFO - Epoch(train)  [7][ 6150/10002]  lr: 2.5000e-05  eta: 21:48:48  time: 0.3855  data_time: 0.0031  memory: 7329  grad_norm: 76.2285  loss: 8.6421  rpn_s.0.loss_cls: 0.6689  rpn_s.0.loss_bbox: 0.1082  rpn_s.0.loss_giou: 0.8483  rpn_s.1.loss_cls: 0.4811  rpn_s.1.loss_bbox: 0.0459  rpn_s.1.loss_giou: 0.4317  rpn_s.2.loss_cls: 0.3992  rpn_s.2.loss_bbox: 0.0390  rpn_s.2.loss_giou: 0.3787  rpn_s.3.loss_cls: 0.3567  rpn_s.3.loss_bbox: 0.0365  rpn_s.3.loss_giou: 0.3601  s0.loss_cls: 0.4129  s0.pos_acc: 100.0000  s0.loss_bbox: 0.6255  s0.loss_iou: 1.1824  s1.loss_cls: 0.4286  s1.pos_acc: 50.0000  s1.loss_bbox: 0.6259  s1.loss_iou: 1.2125
2026/03/27 09:41:19 - mmengine - INFO - Epoch(train)  [7][ 6200/10002]  lr: 2.5000e-05  eta: 21:48:32  time: 0.3869  data_time: 0.0031  memory: 7329  grad_norm: 77.9633  loss: 8.5015  rpn_s.0.loss_cls: 0.6595  rpn_s.0.loss_bbox: 0.1184  rpn_s.0.loss_giou: 0.8205  rpn_s.1.loss_cls: 0.4958  rpn_s.1.loss_bbox: 0.0490  rpn_s.1.loss_giou: 0.3977  rpn_s.2.loss_cls: 0.4143  rpn_s.2.loss_bbox: 0.0428  rpn_s.2.loss_giou: 0.3472  rpn_s.3.loss_cls: 0.3838  rpn_s.3.loss_bbox: 0.0401  rpn_s.3.loss_giou: 0.3304  s0.loss_cls: 0.4506  s0.pos_acc: 60.0000  s0.loss_bbox: 0.5727  s0.loss_iou: 1.1304  s1.loss_cls: 0.4615  s1.pos_acc: 60.0000  s1.loss_bbox: 0.6024  s1.loss_iou: 1.1842
2026/03/27 09:41:38 - mmengine - INFO - Epoch(train)  [7][ 6250/10002]  lr: 2.5000e-05  eta: 21:48:09  time: 0.3826  data_time: 0.0031  memory: 7329  grad_norm: 76.6410  loss: 8.5506  rpn_s.0.loss_cls: 0.6562  rpn_s.0.loss_bbox: 0.1227  rpn_s.0.loss_giou: 0.7617  rpn_s.1.loss_cls: 0.4807  rpn_s.1.loss_bbox: 0.0596  rpn_s.1.loss_giou: 0.4149  rpn_s.2.loss_cls: 0.4098  rpn_s.2.loss_bbox: 0.0511  rpn_s.2.loss_giou: 0.3643  rpn_s.3.loss_cls: 0.3660  rpn_s.3.loss_bbox: 0.0491  rpn_s.3.loss_giou: 0.3457  s0.loss_cls: 0.4207  s0.pos_acc: 80.0000  s0.loss_bbox: 0.6058  s0.loss_iou: 1.1714  s1.loss_cls: 0.4309  s1.pos_acc: 80.0000  s1.loss_bbox: 0.6336  s1.loss_iou: 1.2063
2026/03/27 09:41:57 - mmengine - INFO - Epoch(train)  [7][ 6300/10002]  lr: 2.5000e-05  eta: 21:47:50  time: 0.3857  data_time: 0.0031  memory: 7329  grad_norm: 72.2161  loss: 9.2000  rpn_s.0.loss_cls: 0.6701  rpn_s.0.loss_bbox: 0.1250  rpn_s.0.loss_giou: 0.8748  rpn_s.1.loss_cls: 0.4886  rpn_s.1.loss_bbox: 0.0559  rpn_s.1.loss_giou: 0.4475  rpn_s.2.loss_cls: 0.4105  rpn_s.2.loss_bbox: 0.0473  rpn_s.2.loss_giou: 0.3909  rpn_s.3.loss_cls: 0.3716  rpn_s.3.loss_bbox: 0.0454  rpn_s.3.loss_giou: 0.3743  s0.loss_cls: 0.4437  s0.pos_acc: 68.6916  s0.loss_bbox: 0.6442  s0.loss_iou: 1.3439  s1.loss_cls: 0.4427  s1.pos_acc: 70.0935  s1.loss_bbox: 0.6665  s1.loss_iou: 1.3572
2026/03/27 09:42:16 - mmengine - INFO - Epoch(train)  [7][ 6350/10002]  lr: 2.5000e-05  eta: 21:47:25  time: 0.3816  data_time: 0.0032  memory: 7330  grad_norm: 74.7378  loss: 9.0145  rpn_s.0.loss_cls: 0.6703  rpn_s.0.loss_bbox: 0.1166  rpn_s.0.loss_giou: 0.8400  rpn_s.1.loss_cls: 0.4860  rpn_s.1.loss_bbox: 0.0539  rpn_s.1.loss_giou: 0.4396  rpn_s.2.loss_cls: 0.4214  rpn_s.2.loss_bbox: 0.0471  rpn_s.2.loss_giou: 0.3874  rpn_s.3.loss_cls: 0.3792  rpn_s.3.loss_bbox: 0.0442  rpn_s.3.loss_giou: 0.3697  s0.loss_cls: 0.4356  s0.pos_acc: 75.0000  s0.loss_bbox: 0.6404  s0.loss_iou: 1.2693  s1.loss_cls: 0.4382  s1.pos_acc: 75.0000  s1.loss_bbox: 0.6466  s1.loss_iou: 1.3291
2026/03/27 09:42:36 - mmengine - INFO - Epoch(train)  [7][ 6400/10002]  lr: 2.5000e-05  eta: 21:47:05  time: 0.3843  data_time: 0.0032  memory: 7330  grad_norm: 75.6442  loss: 8.3447  rpn_s.0.loss_cls: 0.6640  rpn_s.0.loss_bbox: 0.1143  rpn_s.0.loss_giou: 0.8239  rpn_s.1.loss_cls: 0.4670  rpn_s.1.loss_bbox: 0.0450  rpn_s.1.loss_giou: 0.3983  rpn_s.2.loss_cls: 0.4032  rpn_s.2.loss_bbox: 0.0387  rpn_s.2.loss_giou: 0.3481  rpn_s.3.loss_cls: 0.3656  rpn_s.3.loss_bbox: 0.0365  rpn_s.3.loss_giou: 0.3335  s0.loss_cls: 0.4263  s0.pos_acc: 90.0000  s0.loss_bbox: 0.5595  s0.loss_iou: 1.1456  s1.loss_cls: 0.4316  s1.pos_acc: 90.0000  s1.loss_bbox: 0.5865  s1.loss_iou: 1.1573
2026/03/27 09:42:55 - mmengine - INFO - Epoch(train)  [7][ 6450/10002]  lr: 2.5000e-05  eta: 21:46:48  time: 0.3869  data_time: 0.0031  memory: 7330  grad_norm: 69.4116  loss: 8.6579  rpn_s.0.loss_cls: 0.6343  rpn_s.0.loss_bbox: 0.1162  rpn_s.0.loss_giou: 0.8625  rpn_s.1.loss_cls: 0.4541  rpn_s.1.loss_bbox: 0.0514  rpn_s.1.loss_giou: 0.4352  rpn_s.2.loss_cls: 0.3930  rpn_s.2.loss_bbox: 0.0431  rpn_s.2.loss_giou: 0.3803  rpn_s.3.loss_cls: 0.3583  rpn_s.3.loss_bbox: 0.0393  rpn_s.3.loss_giou: 0.3574  s0.loss_cls: 0.4174  s0.pos_acc: 67.1875  s0.loss_bbox: 0.6237  s0.loss_iou: 1.1937  s1.loss_cls: 0.4129  s1.pos_acc: 76.5625  s1.loss_bbox: 0.6626  s1.loss_iou: 1.2224
2026/03/27 09:43:15 - mmengine - INFO - Epoch(train)  [7][ 6500/10002]  lr: 2.5000e-05  eta: 21:46:47  time: 0.3966  data_time: 0.0031  memory: 7330  grad_norm: 76.5402  loss: 8.6165  rpn_s.0.loss_cls: 0.6504  rpn_s.0.loss_bbox: 0.1243  rpn_s.0.loss_giou: 0.8787  rpn_s.1.loss_cls: 0.4463  rpn_s.1.loss_bbox: 0.0518  rpn_s.1.loss_giou: 0.4342  rpn_s.2.loss_cls: 0.3810  rpn_s.2.loss_bbox: 0.0424  rpn_s.2.loss_giou: 0.3683  rpn_s.3.loss_cls: 0.3502  rpn_s.3.loss_bbox: 0.0391  rpn_s.3.loss_giou: 0.3477  s0.loss_cls: 0.4036  s0.pos_acc: 73.4375  s0.loss_bbox: 0.6127  s0.loss_iou: 1.1999  s1.loss_cls: 0.3996  s1.pos_acc: 71.8750  s1.loss_bbox: 0.6440  s1.loss_iou: 1.2421
2026/03/27 09:43:34 - mmengine - INFO - Epoch(train)  [7][ 6550/10002]  lr: 2.5000e-05  eta: 21:46:28  time: 0.3852  data_time: 0.0031  memory: 7329  grad_norm: 85.4053  loss: 9.1702  rpn_s.0.loss_cls: 0.6939  rpn_s.0.loss_bbox: 0.1249  rpn_s.0.loss_giou: 0.9302  rpn_s.1.loss_cls: 0.4837  rpn_s.1.loss_bbox: 0.0520  rpn_s.1.loss_giou: 0.4600  rpn_s.2.loss_cls: 0.4100  rpn_s.2.loss_bbox: 0.0434  rpn_s.2.loss_giou: 0.4018  rpn_s.3.loss_cls: 0.3704  rpn_s.3.loss_bbox: 0.0385  rpn_s.3.loss_giou: 0.3739  s0.loss_cls: 0.4420  s0.pos_acc: 65.8192  s0.loss_bbox: 0.6877  s0.loss_iou: 1.2613  s1.loss_cls: 0.4412  s1.pos_acc: 68.6441  s1.loss_bbox: 0.6777  s1.loss_iou: 1.2777
2026/03/27 09:43:54 - mmengine - INFO - Epoch(train)  [7][ 6600/10002]  lr: 2.5000e-05  eta: 21:46:15  time: 0.3897  data_time: 0.0031  memory: 7329  grad_norm: 76.1664  loss: 8.3701  rpn_s.0.loss_cls: 0.6520  rpn_s.0.loss_bbox: 0.1146  rpn_s.0.loss_giou: 0.8253  rpn_s.1.loss_cls: 0.4684  rpn_s.1.loss_bbox: 0.0474  rpn_s.1.loss_giou: 0.4082  rpn_s.2.loss_cls: 0.3915  rpn_s.2.loss_bbox: 0.0391  rpn_s.2.loss_giou: 0.3449  rpn_s.3.loss_cls: 0.3616  rpn_s.3.loss_bbox: 0.0371  rpn_s.3.loss_giou: 0.3304  s0.loss_cls: 0.4191  s0.pos_acc: 82.0000  s0.loss_bbox: 0.5762  s0.loss_iou: 1.1404  s1.loss_cls: 0.4216  s1.pos_acc: 83.0000  s1.loss_bbox: 0.5916  s1.loss_iou: 1.2006
2026/03/27 09:44:13 - mmengine - INFO - Epoch(train)  [7][ 6650/10002]  lr: 2.5000e-05  eta: 21:45:54  time: 0.3839  data_time: 0.0032  memory: 7329  grad_norm: 78.5635  loss: 8.5272  rpn_s.0.loss_cls: 0.6415  rpn_s.0.loss_bbox: 0.1155  rpn_s.0.loss_giou: 0.8057  rpn_s.1.loss_cls: 0.4631  rpn_s.1.loss_bbox: 0.0503  rpn_s.1.loss_giou: 0.4055  rpn_s.2.loss_cls: 0.3954  rpn_s.2.loss_bbox: 0.0431  rpn_s.2.loss_giou: 0.3588  rpn_s.3.loss_cls: 0.3770  rpn_s.3.loss_bbox: 0.0392  rpn_s.3.loss_giou: 0.3382  s0.loss_cls: 0.4352  s0.pos_acc: 75.7062  s0.loss_bbox: 0.6321  s0.loss_iou: 1.1378  s1.loss_cls: 0.4527  s1.pos_acc: 77.4011  s1.loss_bbox: 0.6524  s1.loss_iou: 1.1839
2026/03/27 09:44:32 - mmengine - INFO - Epoch(train)  [7][ 6700/10002]  lr: 2.5000e-05  eta: 21:45:39  time: 0.3878  data_time: 0.0031  memory: 7329  grad_norm: 71.8081  loss: 7.9085  rpn_s.0.loss_cls: 0.6143  rpn_s.0.loss_bbox: 0.1089  rpn_s.0.loss_giou: 0.7287  rpn_s.1.loss_cls: 0.4353  rpn_s.1.loss_bbox: 0.0507  rpn_s.1.loss_giou: 0.3744  rpn_s.2.loss_cls: 0.3755  rpn_s.2.loss_bbox: 0.0431  rpn_s.2.loss_giou: 0.3198  rpn_s.3.loss_cls: 0.3363  rpn_s.3.loss_bbox: 0.0414  rpn_s.3.loss_giou: 0.3028  s0.loss_cls: 0.3901  s0.pos_acc: 71.7391  s0.loss_bbox: 0.6392  s0.loss_iou: 1.0325  s1.loss_cls: 0.3938  s1.pos_acc: 72.8261  s1.loss_bbox: 0.6459  s1.loss_iou: 1.0759
2026/03/27 09:44:51 - mmengine - INFO - Epoch(train)  [7][ 6750/10002]  lr: 2.5000e-05  eta: 21:45:18  time: 0.3840  data_time: 0.0031  memory: 7329  grad_norm: 80.0524  loss: 9.1191  rpn_s.0.loss_cls: 0.6759  rpn_s.0.loss_bbox: 0.1226  rpn_s.0.loss_giou: 0.8607  rpn_s.1.loss_cls: 0.5154  rpn_s.1.loss_bbox: 0.0533  rpn_s.1.loss_giou: 0.4403  rpn_s.2.loss_cls: 0.4325  rpn_s.2.loss_bbox: 0.0445  rpn_s.2.loss_giou: 0.3844  rpn_s.3.loss_cls: 0.3842  rpn_s.3.loss_bbox: 0.0420  rpn_s.3.loss_giou: 0.3678  s0.loss_cls: 0.4453  s0.pos_acc: 63.0000  s0.loss_bbox: 0.6802  s0.loss_iou: 1.2566  s1.loss_cls: 0.4407  s1.pos_acc: 65.0000  s1.loss_bbox: 0.6783  s1.loss_iou: 1.2945
2026/03/27 09:45:11 - mmengine - INFO - Epoch(train)  [7][ 6800/10002]  lr: 2.5000e-05  eta: 21:44:54  time: 0.3826  data_time: 0.0032  memory: 7329  grad_norm: 69.0764  loss: 9.0396  rpn_s.0.loss_cls: 0.6953  rpn_s.0.loss_bbox: 0.1155  rpn_s.0.loss_giou: 0.9230  rpn_s.1.loss_cls: 0.4938  rpn_s.1.loss_bbox: 0.0481  rpn_s.1.loss_giou: 0.4556  rpn_s.2.loss_cls: 0.4207  rpn_s.2.loss_bbox: 0.0407  rpn_s.2.loss_giou: 0.3997  rpn_s.3.loss_cls: 0.3818  rpn_s.3.loss_bbox: 0.0398  rpn_s.3.loss_giou: 0.3835  s0.loss_cls: 0.4615  s0.pos_acc: 74.3698  s0.loss_bbox: 0.5778  s0.loss_iou: 1.2714  s1.loss_cls: 0.4708  s1.pos_acc: 79.8319  s1.loss_bbox: 0.5841  s1.loss_iou: 1.2764
2026/03/27 09:45:30 - mmengine - INFO - Epoch(train)  [7][ 6850/10002]  lr: 2.5000e-05  eta: 21:44:29  time: 0.3813  data_time: 0.0031  memory: 7329  grad_norm: 80.9494  loss: 8.3116  rpn_s.0.loss_cls: 0.6297  rpn_s.0.loss_bbox: 0.1082  rpn_s.0.loss_giou: 0.7923  rpn_s.1.loss_cls: 0.4420  rpn_s.1.loss_bbox: 0.0503  rpn_s.1.loss_giou: 0.4097  rpn_s.2.loss_cls: 0.3757  rpn_s.2.loss_bbox: 0.0429  rpn_s.2.loss_giou: 0.3571  rpn_s.3.loss_cls: 0.3496  rpn_s.3.loss_bbox: 0.0397  rpn_s.3.loss_giou: 0.3358  s0.loss_cls: 0.4035  s0.pos_acc: 78.8079  s0.loss_bbox: 0.6115  s0.loss_iou: 1.1435  s1.loss_cls: 0.4252  s1.pos_acc: 78.4768  s1.loss_bbox: 0.6019  s1.loss_iou: 1.1934
2026/03/27 09:45:49 - mmengine - INFO - Epoch(train)  [7][ 6900/10002]  lr: 2.5000e-05  eta: 21:44:02  time: 0.3801  data_time: 0.0031  memory: 7329  grad_norm: 76.1340  loss: 8.6416  rpn_s.0.loss_cls: 0.6558  rpn_s.0.loss_bbox: 0.1142  rpn_s.0.loss_giou: 0.8587  rpn_s.1.loss_cls: 0.4647  rpn_s.1.loss_bbox: 0.0496  rpn_s.1.loss_giou: 0.4343  rpn_s.2.loss_cls: 0.3870  rpn_s.2.loss_bbox: 0.0419  rpn_s.2.loss_giou: 0.3824  rpn_s.3.loss_cls: 0.3588  rpn_s.3.loss_bbox: 0.0390  rpn_s.3.loss_giou: 0.3630  s0.loss_cls: 0.4227  s0.pos_acc: 55.5556  s0.loss_bbox: 0.5901  s0.loss_iou: 1.2068  s1.loss_cls: 0.4345  s1.pos_acc: 66.6667  s1.loss_bbox: 0.6245  s1.loss_iou: 1.2135
2026/03/27 09:46:08 - mmengine - INFO - Epoch(train)  [7][ 6950/10002]  lr: 2.5000e-05  eta: 21:43:42  time: 0.3846  data_time: 0.0031  memory: 7329  grad_norm: 71.1601  loss: 8.2960  rpn_s.0.loss_cls: 0.6391  rpn_s.0.loss_bbox: 0.1171  rpn_s.0.loss_giou: 0.7486  rpn_s.1.loss_cls: 0.4676  rpn_s.1.loss_bbox: 0.0507  rpn_s.1.loss_giou: 0.3808  rpn_s.2.loss_cls: 0.4065  rpn_s.2.loss_bbox: 0.0436  rpn_s.2.loss_giou: 0.3353  rpn_s.3.loss_cls: 0.3681  rpn_s.3.loss_bbox: 0.0412  rpn_s.3.loss_giou: 0.3216  s0.loss_cls: 0.4003  s0.pos_acc: 86.1111  s0.loss_bbox: 0.6256  s0.loss_iou: 1.1410  s1.loss_cls: 0.4323  s1.pos_acc: 81.9444  s1.loss_bbox: 0.6170  s1.loss_iou: 1.1596
2026/03/27 09:46:25 - mmengine - INFO - Exp name: GSDet_r50_b900_h2h4_h2r1_r2r1_2x_fair1m1.0_20260327_090119
2026/03/27 09:46:27 - mmengine - INFO - Epoch(train)  [7][ 7000/10002]  lr: 2.5000e-05  eta: 21:43:18  time: 0.3815  data_time: 0.0031  memory: 7329  grad_norm: 71.9197  loss: 8.4714  rpn_s.0.loss_cls: 0.6625  rpn_s.0.loss_bbox: 0.1259  rpn_s.0.loss_giou: 0.7968  rpn_s.1.loss_cls: 0.4887  rpn_s.1.loss_bbox: 0.0581  rpn_s.1.loss_giou: 0.4140  rpn_s.2.loss_cls: 0.4192  rpn_s.2.loss_bbox: 0.0503  rpn_s.2.loss_giou: 0.3581  rpn_s.3.loss_cls: 0.3827  rpn_s.3.loss_bbox: 0.0472  rpn_s.3.loss_giou: 0.3365  s0.loss_cls: 0.4550  s0.pos_acc: 92.8571  s0.loss_bbox: 0.5723  s0.loss_iou: 1.1309  s1.loss_cls: 0.4563  s1.pos_acc: 85.7143  s1.loss_bbox: 0.5433  s1.loss_iou: 1.1736
2026/03/27 09:46:46 - mmengine - INFO - Epoch(train)  [7][ 7050/10002]  lr: 2.5000e-05  eta: 21:42:54  time: 0.3821  data_time: 0.0031  memory: 7329  grad_norm: 77.7647  loss: 8.8598  rpn_s.0.loss_cls: 0.6978  rpn_s.0.loss_bbox: 0.1211  rpn_s.0.loss_giou: 0.8323  rpn_s.1.loss_cls: 0.5122  rpn_s.1.loss_bbox: 0.0559  rpn_s.1.loss_giou: 0.4326  rpn_s.2.loss_cls: 0.4390  rpn_s.2.loss_bbox: 0.0469  rpn_s.2.loss_giou: 0.3789  rpn_s.3.loss_cls: 0.3900  rpn_s.3.loss_bbox: 0.0442  rpn_s.3.loss_giou: 0.3651  s0.loss_cls: 0.4713  s0.pos_acc: 91.8605  s0.loss_bbox: 0.6474  s0.loss_iou: 1.1283  s1.loss_cls: 0.4884  s1.pos_acc: 89.5349  s1.loss_bbox: 0.6417  s1.loss_iou: 1.1668
2026/03/27 09:47:05 - mmengine - INFO - Epoch(train)  [7][ 7100/10002]  lr: 2.5000e-05  eta: 21:42:40  time: 0.3890  data_time: 0.0030  memory: 7329  grad_norm: 75.3780  loss: 8.5537  rpn_s.0.loss_cls: 0.6551  rpn_s.0.loss_bbox: 0.1189  rpn_s.0.loss_giou: 0.7971  rpn_s.1.loss_cls: 0.4806  rpn_s.1.loss_bbox: 0.0565  rpn_s.1.loss_giou: 0.4170  rpn_s.2.loss_cls: 0.4051  rpn_s.2.loss_bbox: 0.0479  rpn_s.2.loss_giou: 0.3606  rpn_s.3.loss_cls: 0.3679  rpn_s.3.loss_bbox: 0.0441  rpn_s.3.loss_giou: 0.3411  s0.loss_cls: 0.4112  s0.pos_acc: 76.7974  s0.loss_bbox: 0.6423  s0.loss_iou: 1.1579  s1.loss_cls: 0.4117  s1.pos_acc: 72.8758  s1.loss_bbox: 0.6471  s1.loss_iou: 1.1917
2026/03/27 09:47:25 - mmengine - INFO - Epoch(train)  [7][ 7150/10002]  lr: 2.5000e-05  eta: 21:42:23  time: 0.3868  data_time: 0.0030  memory: 7329  grad_norm: 70.7568  loss: 8.8958  rpn_s.0.loss_cls: 0.6705  rpn_s.0.loss_bbox: 0.1236  rpn_s.0.loss_giou: 0.8527  rpn_s.1.loss_cls: 0.4867  rpn_s.1.loss_bbox: 0.0552  rpn_s.1.loss_giou: 0.4301  rpn_s.2.loss_cls: 0.4181  rpn_s.2.loss_bbox: 0.0470  rpn_s.2.loss_giou: 0.3699  rpn_s.3.loss_cls: 0.3786  rpn_s.3.loss_bbox: 0.0421  rpn_s.3.loss_giou: 0.3451  s0.loss_cls: 0.4454  s0.pos_acc: 47.7273  s0.loss_bbox: 0.6786  s0.loss_iou: 1.1917  s1.loss_cls: 0.4554  s1.pos_acc: 31.8182  s1.loss_bbox: 0.6877  s1.loss_iou: 1.2174
2026/03/27 09:47:44 - mmengine - INFO - Epoch(train)  [7][ 7200/10002]  lr: 2.5000e-05  eta: 21:42:08  time: 0.3879  data_time: 0.0030  memory: 7330  grad_norm: 73.5519  loss: 8.7941  rpn_s.0.loss_cls: 0.6618  rpn_s.0.loss_bbox: 0.1265  rpn_s.0.loss_giou: 0.9180  rpn_s.1.loss_cls: 0.4509  rpn_s.1.loss_bbox: 0.0506  rpn_s.1.loss_giou: 0.4478  rpn_s.2.loss_cls: 0.3864  rpn_s.2.loss_bbox: 0.0408  rpn_s.2.loss_giou: 0.3764  rpn_s.3.loss_cls: 0.3483  rpn_s.3.loss_bbox: 0.0388  rpn_s.3.loss_giou: 0.3588  s0.loss_cls: 0.4004  s0.pos_acc: 61.1111  s0.loss_bbox: 0.5953  s0.loss_iou: 1.2539  s1.loss_cls: 0.4044  s1.pos_acc: 65.5556  s1.loss_bbox: 0.6305  s1.loss_iou: 1.3046
2026/03/27 09:48:03 - mmengine - INFO - Epoch(train)  [7][ 7250/10002]  lr: 2.5000e-05  eta: 21:41:49  time: 0.3854  data_time: 0.0030  memory: 7329  grad_norm: 74.5829  loss: 8.6862  rpn_s.0.loss_cls: 0.6419  rpn_s.0.loss_bbox: 0.1121  rpn_s.0.loss_giou: 0.8887  rpn_s.1.loss_cls: 0.4490  rpn_s.1.loss_bbox: 0.0459  rpn_s.1.loss_giou: 0.4509  rpn_s.2.loss_cls: 0.3698  rpn_s.2.loss_bbox: 0.0371  rpn_s.2.loss_giou: 0.3860  rpn_s.3.loss_cls: 0.3325  rpn_s.3.loss_bbox: 0.0354  rpn_s.3.loss_giou: 0.3651  s0.loss_cls: 0.3817  s0.pos_acc: 77.0588  s0.loss_bbox: 0.6369  s0.loss_iou: 1.2450  s1.loss_cls: 0.3787  s1.pos_acc: 77.6471  s1.loss_bbox: 0.6535  s1.loss_iou: 1.2761
2026/03/27 09:48:22 - mmengine - INFO - Epoch(train)  [7][ 7300/10002]  lr: 2.5000e-05  eta: 21:41:21  time: 0.3790  data_time: 0.0030  memory: 7329  grad_norm: 75.1772  loss: 8.5546  rpn_s.0.loss_cls: 0.6640  rpn_s.0.loss_bbox: 0.1128  rpn_s.0.loss_giou: 0.8290  rpn_s.1.loss_cls: 0.4856  rpn_s.1.loss_bbox: 0.0451  rpn_s.1.loss_giou: 0.4063  rpn_s.2.loss_cls: 0.4144  rpn_s.2.loss_bbox: 0.0374  rpn_s.2.loss_giou: 0.3524  rpn_s.3.loss_cls: 0.3792  rpn_s.3.loss_bbox: 0.0358  rpn_s.3.loss_giou: 0.3344  s0.loss_cls: 0.4487  s0.pos_acc: 45.2381  s0.loss_bbox: 0.6309  s0.loss_iou: 1.1530  s1.loss_cls: 0.4573  s1.pos_acc: 50.0000  s1.loss_bbox: 0.6129  s1.loss_iou: 1.1555
2026/03/27 09:48:41 - mmengine - INFO - Epoch(train)  [7][ 7350/10002]  lr: 2.5000e-05  eta: 21:40:56  time: 0.3811  data_time: 0.0030  memory: 7329  grad_norm: 76.6572  loss: 8.5953  rpn_s.0.loss_cls: 0.6703  rpn_s.0.loss_bbox: 0.1127  rpn_s.0.loss_giou: 0.8702  rpn_s.1.loss_cls: 0.4810  rpn_s.1.loss_bbox: 0.0450  rpn_s.1.loss_giou: 0.4215  rpn_s.2.loss_cls: 0.4295  rpn_s.2.loss_bbox: 0.0363  rpn_s.2.loss_giou: 0.3487  rpn_s.3.loss_cls: 0.3867  rpn_s.3.loss_bbox: 0.0339  rpn_s.3.loss_giou: 0.3348  s0.loss_cls: 0.4347  s0.pos_acc: 75.0000  s0.loss_bbox: 0.6355  s0.loss_iou: 1.1464  s1.loss_cls: 0.4288  s1.pos_acc: 75.0000  s1.loss_bbox: 0.6349  s1.loss_iou: 1.1444
2026/03/27 09:49:01 - mmengine - INFO - Epoch(train)  [7][ 7400/10002]  lr: 2.5000e-05  eta: 21:40:41  time: 0.3878  data_time: 0.0030  memory: 7330  grad_norm: 79.1142  loss: 8.8254  rpn_s.0.loss_cls: 0.6278  rpn_s.0.loss_bbox: 0.1267  rpn_s.0.loss_giou: 0.8561  rpn_s.1.loss_cls: 0.4620  rpn_s.1.loss_bbox: 0.0565  rpn_s.1.loss_giou: 0.4503  rpn_s.2.loss_cls: 0.4003  rpn_s.2.loss_bbox: 0.0469  rpn_s.2.loss_giou: 0.3821  rpn_s.3.loss_cls: 0.3559  rpn_s.3.loss_bbox: 0.0438  rpn_s.3.loss_giou: 0.3618  s0.loss_cls: 0.3983  s0.pos_acc: 72.8000  s0.loss_bbox: 0.6503  s0.loss_iou: 1.2520  s1.loss_cls: 0.4209  s1.pos_acc: 78.8000  s1.loss_bbox: 0.6602  s1.loss_iou: 1.2737
2026/03/27 09:49:20 - mmengine - INFO - Epoch(train)  [7][ 7450/10002]  lr: 2.5000e-05  eta: 21:40:23  time: 0.3860  data_time: 0.0030  memory: 7330  grad_norm: 76.6198  loss: 8.5329  rpn_s.0.loss_cls: 0.6515  rpn_s.0.loss_bbox: 0.1138  rpn_s.0.loss_giou: 0.7968  rpn_s.1.loss_cls: 0.4773  rpn_s.1.loss_bbox: 0.0521  rpn_s.1.loss_giou: 0.4280  rpn_s.2.loss_cls: 0.3968  rpn_s.2.loss_bbox: 0.0472  rpn_s.2.loss_giou: 0.3765  rpn_s.3.loss_cls: 0.3538  rpn_s.3.loss_bbox: 0.0441  rpn_s.3.loss_giou: 0.3569  s0.loss_cls: 0.4037  s0.pos_acc: 100.0000  s0.loss_bbox: 0.5974  s0.loss_iou: 1.1998  s1.loss_cls: 0.4096  s1.pos_acc: 100.0000  s1.loss_bbox: 0.6019  s1.loss_iou: 1.2257
2026/03/27 09:49:39 - mmengine - INFO - Epoch(train)  [7][ 7500/10002]  lr: 2.5000e-05  eta: 21:40:03  time: 0.3850  data_time: 0.0030  memory: 7329  grad_norm: 72.7736  loss: 8.7073  rpn_s.0.loss_cls: 0.6409  rpn_s.0.loss_bbox: 0.1201  rpn_s.0.loss_giou: 0.8544  rpn_s.1.loss_cls: 0.4416  rpn_s.1.loss_bbox: 0.0540  rpn_s.1.loss_giou: 0.4353  rpn_s.2.loss_cls: 0.3837  rpn_s.2.loss_bbox: 0.0465  rpn_s.2.loss_giou: 0.3812  rpn_s.3.loss_cls: 0.3402  rpn_s.3.loss_bbox: 0.0438  rpn_s.3.loss_giou: 0.3615  s0.loss_cls: 0.4213  s0.pos_acc: 75.0000  s0.loss_bbox: 0.6419  s0.loss_iou: 1.2118  s1.loss_cls: 0.4226  s1.pos_acc: 50.0000  s1.loss_bbox: 0.6495  s1.loss_iou: 1.2570
2026/03/27 09:49:59 - mmengine - INFO - Epoch(train)  [7][ 7550/10002]  lr: 2.5000e-05  eta: 21:39:44  time: 0.3848  data_time: 0.0030  memory: 7329  grad_norm: 75.2408  loss: 8.7684  rpn_s.0.loss_cls: 0.6517  rpn_s.0.loss_bbox: 0.1240  rpn_s.0.loss_giou: 0.8197  rpn_s.1.loss_cls: 0.4893  rpn_s.1.loss_bbox: 0.0586  rpn_s.1.loss_giou: 0.4301  rpn_s.2.loss_cls: 0.4360  rpn_s.2.loss_bbox: 0.0501  rpn_s.2.loss_giou: 0.3716  rpn_s.3.loss_cls: 0.3937  rpn_s.3.loss_bbox: 0.0465  rpn_s.3.loss_giou: 0.3500  s0.loss_cls: 0.4484  s0.pos_acc: 75.5556  s0.loss_bbox: 0.6228  s0.loss_iou: 1.1757  s1.loss_cls: 0.4684  s1.pos_acc: 73.3333  s1.loss_bbox: 0.6307  s1.loss_iou: 1.2010
2026/03/27 09:50:18 - mmengine - INFO - Epoch(train)  [7][ 7600/10002]  lr: 2.5000e-05  eta: 21:39:27  time: 0.3872  data_time: 0.0031  memory: 7329  grad_norm: 75.4759  loss: 8.5384  rpn_s.0.loss_cls: 0.6206  rpn_s.0.loss_bbox: 0.1155  rpn_s.0.loss_giou: 0.8182  rpn_s.1.loss_cls: 0.4515  rpn_s.1.loss_bbox: 0.0492  rpn_s.1.loss_giou: 0.4196  rpn_s.2.loss_cls: 0.3946  rpn_s.2.loss_bbox: 0.0420  rpn_s.2.loss_giou: 0.3671  rpn_s.3.loss_cls: 0.3566  rpn_s.3.loss_bbox: 0.0390  rpn_s.3.loss_giou: 0.3447  s0.loss_cls: 0.4308  s0.pos_acc: 57.6923  s0.loss_bbox: 0.6384  s0.loss_iou: 1.1786  s1.loss_cls: 0.4370  s1.pos_acc: 76.9231  s1.loss_bbox: 0.6540  s1.loss_iou: 1.1810
2026/03/27 09:50:37 - mmengine - INFO - Epoch(train)  [7][ 7650/10002]  lr: 2.5000e-05  eta: 21:39:12  time: 0.3881  data_time: 0.0030  memory: 7329  grad_norm: 67.7485  loss: 9.2313  rpn_s.0.loss_cls: 0.6749  rpn_s.0.loss_bbox: 0.1299  rpn_s.0.loss_giou: 0.9299  rpn_s.1.loss_cls: 0.4782  rpn_s.1.loss_bbox: 0.0558  rpn_s.1.loss_giou: 0.4840  rpn_s.2.loss_cls: 0.4187  rpn_s.2.loss_bbox: 0.0465  rpn_s.2.loss_giou: 0.4151  rpn_s.3.loss_cls: 0.3753  rpn_s.3.loss_bbox: 0.0418  rpn_s.3.loss_giou: 0.3896  s0.loss_cls: 0.4343  s0.pos_acc: 33.3333  s0.loss_bbox: 0.6156  s0.loss_iou: 1.3319  s1.loss_cls: 0.4371  s1.pos_acc: 33.3333  s1.loss_bbox: 0.6355  s1.loss_iou: 1.3374
2026/03/27 09:50:57 - mmengine - INFO - Epoch(train)  [7][ 7700/10002]  lr: 2.5000e-05  eta: 21:38:55  time: 0.3872  data_time: 0.0030  memory: 7330  grad_norm: 77.8921  loss: 8.4349  rpn_s.0.loss_cls: 0.6507  rpn_s.0.loss_bbox: 0.1169  rpn_s.0.loss_giou: 0.8181  rpn_s.1.loss_cls: 0.4551  rpn_s.1.loss_bbox: 0.0539  rpn_s.1.loss_giou: 0.4108  rpn_s.2.loss_cls: 0.3799  rpn_s.2.loss_bbox: 0.0472  rpn_s.2.loss_giou: 0.3536  rpn_s.3.loss_cls: 0.3447  rpn_s.3.loss_bbox: 0.0442  rpn_s.3.loss_giou: 0.3336  s0.loss_cls: 0.4030  s0.pos_acc: 76.9231  s0.loss_bbox: 0.6462  s0.loss_iou: 1.1718  s1.loss_cls: 0.3962  s1.pos_acc: 69.2308  s1.loss_bbox: 0.6055  s1.loss_iou: 1.2035
2026/03/27 09:51:16 - mmengine - INFO - Epoch(train)  [7][ 7750/10002]  lr: 2.5000e-05  eta: 21:38:36  time: 0.3852  data_time: 0.0030  memory: 7329  grad_norm: 71.9152  loss: 8.7679  rpn_s.0.loss_cls: 0.6905  rpn_s.0.loss_bbox: 0.1158  rpn_s.0.loss_giou: 0.8708  rpn_s.1.loss_cls: 0.4762  rpn_s.1.loss_bbox: 0.0505  rpn_s.1.loss_giou: 0.4433  rpn_s.2.loss_cls: 0.4035  rpn_s.2.loss_bbox: 0.0411  rpn_s.2.loss_giou: 0.3777  rpn_s.3.loss_cls: 0.3557  rpn_s.3.loss_bbox: 0.0384  rpn_s.3.loss_giou: 0.3580  s0.loss_cls: 0.4132  s0.pos_acc: 70.2586  s0.loss_bbox: 0.6054  s0.loss_iou: 1.2432  s1.loss_cls: 0.4084  s1.pos_acc: 73.7069  s1.loss_bbox: 0.6072  s1.loss_iou: 1.2691
2026/03/27 09:51:35 - mmengine - INFO - Epoch(train)  [7][ 7800/10002]  lr: 2.5000e-05  eta: 21:38:20  time: 0.3875  data_time: 0.0031  memory: 7329  grad_norm: 65.6050  loss: 8.9307  rpn_s.0.loss_cls: 0.6776  rpn_s.0.loss_bbox: 0.1339  rpn_s.0.loss_giou: 0.9212  rpn_s.1.loss_cls: 0.4954  rpn_s.1.loss_bbox: 0.0523  rpn_s.1.loss_giou: 0.4471  rpn_s.2.loss_cls: 0.4217  rpn_s.2.loss_bbox: 0.0416  rpn_s.2.loss_giou: 0.3827  rpn_s.3.loss_cls: 0.3713  rpn_s.3.loss_bbox: 0.0386  rpn_s.3.loss_giou: 0.3621  s0.loss_cls: 0.4197  s0.pos_acc: 79.7710  s0.loss_bbox: 0.5827  s0.loss_iou: 1.2409  s1.loss_cls: 0.4410  s1.pos_acc: 83.2061  s1.loss_bbox: 0.6215  s1.loss_iou: 1.2794
2026/03/27 09:51:55 - mmengine - INFO - Epoch(train)  [7][ 7850/10002]  lr: 2.5000e-05  eta: 21:38:11  time: 0.3930  data_time: 0.0031  memory: 7330  grad_norm: 86.5999  loss: 8.8344  rpn_s.0.loss_cls: 0.6429  rpn_s.0.loss_bbox: 0.1059  rpn_s.0.loss_giou: 0.8045  rpn_s.1.loss_cls: 0.4789  rpn_s.1.loss_bbox: 0.0483  rpn_s.1.loss_giou: 0.4300  rpn_s.2.loss_cls: 0.4117  rpn_s.2.loss_bbox: 0.0403  rpn_s.2.loss_giou: 0.3785  rpn_s.3.loss_cls: 0.3801  rpn_s.3.loss_bbox: 0.0375  rpn_s.3.loss_giou: 0.3601  s0.loss_cls: 0.4291  s0.pos_acc: 60.7929  s0.loss_bbox: 0.6330  s0.loss_iou: 1.2493  s1.loss_cls: 0.4373  s1.pos_acc: 67.8414  s1.loss_bbox: 0.6645  s1.loss_iou: 1.3027
2026/03/27 09:52:14 - mmengine - INFO - Epoch(train)  [7][ 7900/10002]  lr: 2.5000e-05  eta: 21:37:51  time: 0.3850  data_time: 0.0031  memory: 7330  grad_norm: 73.3616  loss: 8.6650  rpn_s.0.loss_cls: 0.6455  rpn_s.0.loss_bbox: 0.1164  rpn_s.0.loss_giou: 0.8448  rpn_s.1.loss_cls: 0.4648  rpn_s.1.loss_bbox: 0.0489  rpn_s.1.loss_giou: 0.4308  rpn_s.2.loss_cls: 0.4009  rpn_s.2.loss_bbox: 0.0408  rpn_s.2.loss_giou: 0.3692  rpn_s.3.loss_cls: 0.3602  rpn_s.3.loss_bbox: 0.0378  rpn_s.3.loss_giou: 0.3544  s0.loss_cls: 0.4166  s0.pos_acc: 62.5000  s0.loss_bbox: 0.6526  s0.loss_iou: 1.1961  s1.loss_cls: 0.4144  s1.pos_acc: 100.0000  s1.loss_bbox: 0.6475  s1.loss_iou: 1.2233
2026/03/27 09:52:34 - mmengine - INFO - Epoch(train)  [7][ 7950/10002]  lr: 2.5000e-05  eta: 21:37:34  time: 0.3871  data_time: 0.0032  memory: 7330  grad_norm: 76.0597  loss: 8.7347  rpn_s.0.loss_cls: 0.6527  rpn_s.0.loss_bbox: 0.1193  rpn_s.0.loss_giou: 0.8666  rpn_s.1.loss_cls: 0.4507  rpn_s.1.loss_bbox: 0.0543  rpn_s.1.loss_giou: 0.4469  rpn_s.2.loss_cls: 0.3770  rpn_s.2.loss_bbox: 0.0462  rpn_s.2.loss_giou: 0.3868  rpn_s.3.loss_cls: 0.3362  rpn_s.3.loss_bbox: 0.0437  rpn_s.3.loss_giou: 0.3694  s0.loss_cls: 0.4015  s0.pos_acc: 68.7500  s0.loss_bbox: 0.6376  s0.loss_iou: 1.2234  s1.loss_cls: 0.4094  s1.pos_acc: 75.0000  s1.loss_bbox: 0.6558  s1.loss_iou: 1.2572
2026/03/27 09:52:50 - mmengine - INFO - Exp name: GSDet_r50_b900_h2h4_h2r1_r2r1_2x_fair1m1.0_20260327_090119
2026/03/27 09:52:53 - mmengine - INFO - Epoch(train)  [7][ 8000/10002]  lr: 2.5000e-05  eta: 21:37:07  time: 0.3793  data_time: 0.0031  memory: 7329  grad_norm: 75.4870  loss: 8.8677  rpn_s.0.loss_cls: 0.6937  rpn_s.0.loss_bbox: 0.1152  rpn_s.0.loss_giou: 0.9223  rpn_s.1.loss_cls: 0.4863  rpn_s.1.loss_bbox: 0.0470  rpn_s.1.loss_giou: 0.4499  rpn_s.2.loss_cls: 0.4188  rpn_s.2.loss_bbox: 0.0392  rpn_s.2.loss_giou: 0.3792  rpn_s.3.loss_cls: 0.3845  rpn_s.3.loss_bbox: 0.0358  rpn_s.3.loss_giou: 0.3605  s0.loss_cls: 0.4496  s0.pos_acc: 66.6667  s0.loss_bbox: 0.6292  s0.loss_iou: 1.1666  s1.loss_cls: 0.4597  s1.pos_acc: 65.2778  s1.loss_bbox: 0.6376  s1.loss_iou: 1.1927
2026/03/27 09:53:12 - mmengine - INFO - Epoch(train)  [7][ 8050/10002]  lr: 2.5000e-05  eta: 21:36:41  time: 0.3794  data_time: 0.0031  memory: 7329  grad_norm: 79.3302  loss: 9.3541  rpn_s.0.loss_cls: 0.6809  rpn_s.0.loss_bbox: 0.1221  rpn_s.0.loss_giou: 0.9414  rpn_s.1.loss_cls: 0.4670  rpn_s.1.loss_bbox: 0.0530  rpn_s.1.loss_giou: 0.4909  rpn_s.2.loss_cls: 0.4086  rpn_s.2.loss_bbox: 0.0436  rpn_s.2.loss_giou: 0.4201  rpn_s.3.loss_cls: 0.3667  rpn_s.3.loss_bbox: 0.0406  rpn_s.3.loss_giou: 0.3980  s0.loss_cls: 0.4477  s0.pos_acc: 53.8462  s0.loss_bbox: 0.6248  s0.loss_iou: 1.3546  s1.loss_cls: 0.4619  s1.pos_acc: 42.3077  s1.loss_bbox: 0.6497  s1.loss_iou: 1.3825
2026/03/27 09:53:31 - mmengine - INFO - Epoch(train)  [7][ 8100/10002]  lr: 2.5000e-05  eta: 21:36:15  time: 0.3800  data_time: 0.0031  memory: 7329  grad_norm: 91.7983  loss: 8.5836  rpn_s.0.loss_cls: 0.6556  rpn_s.0.loss_bbox: 0.1213  rpn_s.0.loss_giou: 0.8611  rpn_s.1.loss_cls: 0.4486  rpn_s.1.loss_bbox: 0.0522  rpn_s.1.loss_giou: 0.4260  rpn_s.2.loss_cls: 0.3878  rpn_s.2.loss_bbox: 0.0440  rpn_s.2.loss_giou: 0.3684  rpn_s.3.loss_cls: 0.3467  rpn_s.3.loss_bbox: 0.0410  rpn_s.3.loss_giou: 0.3521  s0.loss_cls: 0.3924  s0.pos_acc: 75.3165  s0.loss_bbox: 0.6486  s0.loss_iou: 1.1668  s1.loss_cls: 0.4097  s1.pos_acc: 79.7468  s1.loss_bbox: 0.6561  s1.loss_iou: 1.2053
2026/03/27 09:53:49 - mmengine - INFO - Epoch(train)  [7][ 8150/10002]  lr: 2.5000e-05  eta: 21:35:46  time: 0.3769  data_time: 0.0031  memory: 7329  grad_norm: 80.5792  loss: 8.7597  rpn_s.0.loss_cls: 0.6682  rpn_s.0.loss_bbox: 0.1233  rpn_s.0.loss_giou: 0.8021  rpn_s.1.loss_cls: 0.5005  rpn_s.1.loss_bbox: 0.0544  rpn_s.1.loss_giou: 0.4193  rpn_s.2.loss_cls: 0.4352  rpn_s.2.loss_bbox: 0.0497  rpn_s.2.loss_giou: 0.3632  rpn_s.3.loss_cls: 0.4092  rpn_s.3.loss_bbox: 0.0456  rpn_s.3.loss_giou: 0.3325  s0.loss_cls: 0.4781  s0.pos_acc: 72.2222  s0.loss_bbox: 0.6444  s0.loss_iou: 1.1356  s1.loss_cls: 0.5000  s1.pos_acc: 72.2222  s1.loss_bbox: 0.6257  s1.loss_iou: 1.1727
2026/03/27 09:54:09 - mmengine - INFO - Epoch(train)  [7][ 8200/10002]  lr: 2.5000e-05  eta: 21:35:22  time: 0.3814  data_time: 0.0031  memory: 7329  grad_norm: 76.6992  loss: 8.6296  rpn_s.0.loss_cls: 0.6581  rpn_s.0.loss_bbox: 0.1191  rpn_s.0.loss_giou: 0.8770  rpn_s.1.loss_cls: 0.4526  rpn_s.1.loss_bbox: 0.0511  rpn_s.1.loss_giou: 0.4361  rpn_s.2.loss_cls: 0.3905  rpn_s.2.loss_bbox: 0.0423  rpn_s.2.loss_giou: 0.3733  rpn_s.3.loss_cls: 0.3524  rpn_s.3.loss_bbox: 0.0396  rpn_s.3.loss_giou: 0.3528  s0.loss_cls: 0.4067  s0.pos_acc: 100.0000  s0.loss_bbox: 0.6392  s0.loss_iou: 1.1754  s1.loss_cls: 0.4200  s1.pos_acc: 94.7368  s1.loss_bbox: 0.6435  s1.loss_iou: 1.1999
2026/03/27 09:54:28 - mmengine - INFO - Epoch(train)  [7][ 8250/10002]  lr: 2.5000e-05  eta: 21:35:00  time: 0.3825  data_time: 0.0031  memory: 7330  grad_norm: 71.5401  loss: 8.8186  rpn_s.0.loss_cls: 0.6515  rpn_s.0.loss_bbox: 0.1208  rpn_s.0.loss_giou: 0.8394  rpn_s.1.loss_cls: 0.4715  rpn_s.1.loss_bbox: 0.0554  rpn_s.1.loss_giou: 0.4467  rpn_s.2.loss_cls: 0.4157  rpn_s.2.loss_bbox: 0.0456  rpn_s.2.loss_giou: 0.3818  rpn_s.3.loss_cls: 0.3719  rpn_s.3.loss_bbox: 0.0423  rpn_s.3.loss_giou: 0.3602  s0.loss_cls: 0.4490  s0.pos_acc: 70.0000  s0.loss_bbox: 0.5740  s0.loss_iou: 1.2779  s1.loss_cls: 0.4498  s1.pos_acc: 90.0000  s1.loss_bbox: 0.5595  s1.loss_iou: 1.3056
2026/03/27 09:54:47 - mmengine - INFO - Epoch(train)  [7][ 8300/10002]  lr: 2.5000e-05  eta: 21:34:48  time: 0.3916  data_time: 0.0031  memory: 7330  grad_norm: 67.8697  loss: 8.7618  rpn_s.0.loss_cls: 0.6617  rpn_s.0.loss_bbox: 0.1180  rpn_s.0.loss_giou: 0.9029  rpn_s.1.loss_cls: 0.4774  rpn_s.1.loss_bbox: 0.0492  rpn_s.1.loss_giou: 0.4584  rpn_s.2.loss_cls: 0.3929  rpn_s.2.loss_bbox: 0.0407  rpn_s.2.loss_giou: 0.3909  rpn_s.3.loss_cls: 0.3508  rpn_s.3.loss_bbox: 0.0374  rpn_s.3.loss_giou: 0.3665  s0.loss_cls: 0.4020  s0.pos_acc: 66.6667  s0.loss_bbox: 0.5618  s0.loss_iou: 1.2829  s1.loss_cls: 0.4147  s1.pos_acc: 66.6667  s1.loss_bbox: 0.5727  s1.loss_iou: 1.2808
2026/03/27 09:55:07 - mmengine - INFO - Epoch(train)  [7][ 8350/10002]  lr: 2.5000e-05  eta: 21:34:32  time: 0.3880  data_time: 0.0031  memory: 7330  grad_norm: 70.3653  loss: 8.7041  rpn_s.0.loss_cls: 0.6586  rpn_s.0.loss_bbox: 0.1264  rpn_s.0.loss_giou: 0.8708  rpn_s.1.loss_cls: 0.4660  rpn_s.1.loss_bbox: 0.0542  rpn_s.1.loss_giou: 0.4391  rpn_s.2.loss_cls: 0.4020  rpn_s.2.loss_bbox: 0.0435  rpn_s.2.loss_giou: 0.3776  rpn_s.3.loss_cls: 0.3597  rpn_s.3.loss_bbox: 0.0414  rpn_s.3.loss_giou: 0.3595  s0.loss_cls: 0.4270  s0.pos_acc: 54.3478  s0.loss_bbox: 0.5688  s0.loss_iou: 1.2430  s1.loss_cls: 0.4369  s1.pos_acc: 54.3478  s1.loss_bbox: 0.5873  s1.loss_iou: 1.2424
2026/03/27 09:55:26 - mmengine - INFO - Epoch(train)  [7][ 8400/10002]  lr: 2.5000e-05  eta: 21:34:16  time: 0.3873  data_time: 0.0031  memory: 7330  grad_norm: 66.5329  loss: 8.9375  rpn_s.0.loss_cls: 0.6512  rpn_s.0.loss_bbox: 0.1167  rpn_s.0.loss_giou: 0.8782  rpn_s.1.loss_cls: 0.4626  rpn_s.1.loss_bbox: 0.0507  rpn_s.1.loss_giou: 0.4479  rpn_s.2.loss_cls: 0.3957  rpn_s.2.loss_bbox: 0.0419  rpn_s.2.loss_giou: 0.3829  rpn_s.3.loss_cls: 0.3519  rpn_s.3.loss_bbox: 0.0383  rpn_s.3.loss_giou: 0.3597  s0.loss_cls: 0.4094  s0.pos_acc: 73.6318  s0.loss_bbox: 0.6839  s0.loss_iou: 1.2559  s1.loss_cls: 0.4138  s1.pos_acc: 79.1045  s1.loss_bbox: 0.7115  s1.loss_iou: 1.2853
2026/03/27 09:55:45 - mmengine - INFO - Epoch(train)  [7][ 8450/10002]  lr: 2.5000e-05  eta: 21:33:56  time: 0.3843  data_time: 0.0031  memory: 7330  grad_norm: 73.4525  loss: 8.8278  rpn_s.0.loss_cls: 0.6486  rpn_s.0.loss_bbox: 0.1242  rpn_s.0.loss_giou: 0.8531  rpn_s.1.loss_cls: 0.4760  rpn_s.1.loss_bbox: 0.0571  rpn_s.1.loss_giou: 0.4440  rpn_s.2.loss_cls: 0.4094  rpn_s.2.loss_bbox: 0.0477  rpn_s.2.loss_giou: 0.3838  rpn_s.3.loss_cls: 0.3796  rpn_s.3.loss_bbox: 0.0433  rpn_s.3.loss_giou: 0.3598  s0.loss_cls: 0.4365  s0.pos_acc: 86.3636  s0.loss_bbox: 0.6278  s0.loss_iou: 1.1997  s1.loss_cls: 0.4434  s1.pos_acc: 72.7273  s1.loss_bbox: 0.6737  s1.loss_iou: 1.2201
2026/03/27 09:56:05 - mmengine - INFO - Epoch(train)  [7][ 8500/10002]  lr: 2.5000e-05  eta: 21:33:37  time: 0.3860  data_time: 0.0031  memory: 7330  grad_norm: 71.4393  loss: 8.5520  rpn_s.0.loss_cls: 0.6354  rpn_s.0.loss_bbox: 0.1123  rpn_s.0.loss_giou: 0.8316  rpn_s.1.loss_cls: 0.4542  rpn_s.1.loss_bbox: 0.0471  rpn_s.1.loss_giou: 0.4167  rpn_s.2.loss_cls: 0.4015  rpn_s.2.loss_bbox: 0.0403  rpn_s.2.loss_giou: 0.3600  rpn_s.3.loss_cls: 0.3679  rpn_s.3.loss_bbox: 0.0382  rpn_s.3.loss_giou: 0.3444  s0.loss_cls: 0.4333  s0.pos_acc: 76.5625  s0.loss_bbox: 0.6028  s0.loss_iou: 1.1874  s1.loss_cls: 0.4412  s1.pos_acc: 81.2500  s1.loss_bbox: 0.6075  s1.loss_iou: 1.2302
2026/03/27 09:56:24 - mmengine - INFO - Epoch(train)  [7][ 8550/10002]  lr: 2.5000e-05  eta: 21:33:23  time: 0.3895  data_time: 0.0031  memory: 7329  grad_norm: 74.0827  loss: 8.4428  rpn_s.0.loss_cls: 0.6183  rpn_s.0.loss_bbox: 0.1162  rpn_s.0.loss_giou: 0.8003  rpn_s.1.loss_cls: 0.4494  rpn_s.1.loss_bbox: 0.0532  rpn_s.1.loss_giou: 0.4161  rpn_s.2.loss_cls: 0.3913  rpn_s.2.loss_bbox: 0.0455  rpn_s.2.loss_giou: 0.3655  rpn_s.3.loss_cls: 0.3474  rpn_s.3.loss_bbox: 0.0435  rpn_s.3.loss_giou: 0.3466  s0.loss_cls: 0.4075  s0.pos_acc: 100.0000  s0.loss_bbox: 0.5870  s0.loss_iou: 1.1768  s1.loss_cls: 0.4206  s1.pos_acc: 100.0000  s1.loss_bbox: 0.6231  s1.loss_iou: 1.2346
2026/03/27 09:56:44 - mmengine - INFO - Epoch(train)  [7][ 8600/10002]  lr: 2.5000e-05  eta: 21:33:10  time: 0.3901  data_time: 0.0031  memory: 7330  grad_norm: 68.0549  loss: 8.9017  rpn_s.0.loss_cls: 0.6538  rpn_s.0.loss_bbox: 0.1159  rpn_s.0.loss_giou: 0.8744  rpn_s.1.loss_cls: 0.4761  rpn_s.1.loss_bbox: 0.0505  rpn_s.1.loss_giou: 0.4498  rpn_s.2.loss_cls: 0.4186  rpn_s.2.loss_bbox: 0.0426  rpn_s.2.loss_giou: 0.3884  rpn_s.3.loss_cls: 0.3931  rpn_s.3.loss_bbox: 0.0380  rpn_s.3.loss_giou: 0.3584  s0.loss_cls: 0.4491  s0.pos_acc: 58.3333  s0.loss_bbox: 0.6112  s0.loss_iou: 1.2471  s1.loss_cls: 0.4577  s1.pos_acc: 63.8889  s1.loss_bbox: 0.6159  s1.loss_iou: 1.2610
2026/03/27 09:57:03 - mmengine - INFO - Epoch(train)  [7][ 8650/10002]  lr: 2.5000e-05  eta: 21:32:50  time: 0.3849  data_time: 0.0031  memory: 7329  grad_norm: 80.4833  loss: 8.8206  rpn_s.0.loss_cls: 0.6497  rpn_s.0.loss_bbox: 0.1128  rpn_s.0.loss_giou: 0.8455  rpn_s.1.loss_cls: 0.4600  rpn_s.1.loss_bbox: 0.0492  rpn_s.1.loss_giou: 0.4493  rpn_s.2.loss_cls: 0.4026  rpn_s.2.loss_bbox: 0.0417  rpn_s.2.loss_giou: 0.3887  rpn_s.3.loss_cls: 0.3713  rpn_s.3.loss_bbox: 0.0389  rpn_s.3.loss_giou: 0.3678  s0.loss_cls: 0.4375  s0.pos_acc: 45.4545  s0.loss_bbox: 0.6319  s0.loss_iou: 1.2481  s1.loss_cls: 0.4296  s1.pos_acc: 54.5455  s1.loss_bbox: 0.6267  s1.loss_iou: 1.2693
2026/03/27 09:57:22 - mmengine - INFO - Epoch(train)  [7][ 8700/10002]  lr: 2.5000e-05  eta: 21:32:23  time: 0.3788  data_time: 0.0031  memory: 7329  grad_norm: 73.6784  loss: 8.7601  rpn_s.0.loss_cls: 0.6883  rpn_s.0.loss_bbox: 0.1226  rpn_s.0.loss_giou: 0.8441  rpn_s.1.loss_cls: 0.4732  rpn_s.1.loss_bbox: 0.0503  rpn_s.1.loss_giou: 0.4361  rpn_s.2.loss_cls: 0.3876  rpn_s.2.loss_bbox: 0.0428  rpn_s.2.loss_giou: 0.3804  rpn_s.3.loss_cls: 0.3499  rpn_s.3.loss_bbox: 0.0398  rpn_s.3.loss_giou: 0.3604  s0.loss_cls: 0.4349  s0.pos_acc: 73.6607  s0.loss_bbox: 0.6274  s0.loss_iou: 1.1976  s1.loss_cls: 0.4396  s1.pos_acc: 72.5446  s1.loss_bbox: 0.6510  s1.loss_iou: 1.2341
2026/03/27 09:57:41 - mmengine - INFO - Epoch(train)  [7][ 8750/10002]  lr: 2.5000e-05  eta: 21:31:54  time: 0.3760  data_time: 0.0031  memory: 7329  grad_norm: 78.8733  loss: 7.9140  rpn_s.0.loss_cls: 0.6469  rpn_s.0.loss_bbox: 0.1087  rpn_s.0.loss_giou: 0.7787  rpn_s.1.loss_cls: 0.4499  rpn_s.1.loss_bbox: 0.0452  rpn_s.1.loss_giou: 0.3871  rpn_s.2.loss_cls: 0.3752  rpn_s.2.loss_bbox: 0.0383  rpn_s.2.loss_giou: 0.3365  rpn_s.3.loss_cls: 0.3454  rpn_s.3.loss_bbox: 0.0354  rpn_s.3.loss_giou: 0.3141  s0.loss_cls: 0.3907  s0.pos_acc: 89.0625  s0.loss_bbox: 0.5852  s0.loss_iou: 1.0315  s1.loss_cls: 0.4033  s1.pos_acc: 89.0625  s1.loss_bbox: 0.5694  s1.loss_iou: 1.0725
2026/03/27 09:57:59 - mmengine - INFO - Epoch(train)  [7][ 8800/10002]  lr: 2.5000e-05  eta: 21:31:25  time: 0.3764  data_time: 0.0031  memory: 7329  grad_norm: 83.2621  loss: 8.4942  rpn_s.0.loss_cls: 0.6580  rpn_s.0.loss_bbox: 0.1028  rpn_s.0.loss_giou: 0.8320  rpn_s.1.loss_cls: 0.4756  rpn_s.1.loss_bbox: 0.0439  rpn_s.1.loss_giou: 0.4228  rpn_s.2.loss_cls: 0.4070  rpn_s.2.loss_bbox: 0.0369  rpn_s.2.loss_giou: 0.3628  rpn_s.3.loss_cls: 0.3707  rpn_s.3.loss_bbox: 0.0349  rpn_s.3.loss_giou: 0.3462  s0.loss_cls: 0.4522  s0.pos_acc: 54.5455  s0.loss_bbox: 0.5952  s0.loss_iou: 1.1418  s1.loss_cls: 0.4500  s1.pos_acc: 68.1818  s1.loss_bbox: 0.6178  s1.loss_iou: 1.1433
2026/03/27 09:58:18 - mmengine - INFO - Epoch(train)  [7][ 8850/10002]  lr: 2.5000e-05  eta: 21:30:56  time: 0.3769  data_time: 0.0032  memory: 7329  grad_norm: 89.1816  loss: 8.1913  rpn_s.0.loss_cls: 0.6600  rpn_s.0.loss_bbox: 0.1173  rpn_s.0.loss_giou: 0.7381  rpn_s.1.loss_cls: 0.4879  rpn_s.1.loss_bbox: 0.0528  rpn_s.1.loss_giou: 0.3784  rpn_s.2.loss_cls: 0.4237  rpn_s.2.loss_bbox: 0.0463  rpn_s.2.loss_giou: 0.3337  rpn_s.3.loss_cls: 0.3800  rpn_s.3.loss_bbox: 0.0431  rpn_s.3.loss_giou: 0.3155  s0.loss_cls: 0.4563  s0.pos_acc: 68.9655  s0.loss_bbox: 0.6022  s0.loss_iou: 1.0273  s1.loss_cls: 0.4674  s1.pos_acc: 62.0690  s1.loss_bbox: 0.6084  s1.loss_iou: 1.0527
2026/03/27 09:58:37 - mmengine - INFO - Epoch(train)  [7][ 8900/10002]  lr: 2.5000e-05  eta: 21:30:33  time: 0.3816  data_time: 0.0031  memory: 7329  grad_norm: 68.3058  loss: 9.0016  rpn_s.0.loss_cls: 0.6793  rpn_s.0.loss_bbox: 0.1192  rpn_s.0.loss_giou: 0.8911  rpn_s.1.loss_cls: 0.4752  rpn_s.1.loss_bbox: 0.0503  rpn_s.1.loss_giou: 0.4517  rpn_s.2.loss_cls: 0.4133  rpn_s.2.loss_bbox: 0.0408  rpn_s.2.loss_giou: 0.3839  rpn_s.3.loss_cls: 0.3713  rpn_s.3.loss_bbox: 0.0381  rpn_s.3.loss_giou: 0.3649  s0.loss_cls: 0.4404  s0.pos_acc: 59.6774  s0.loss_bbox: 0.6435  s0.loss_iou: 1.2507  s1.loss_cls: 0.4575  s1.pos_acc: 66.1290  s1.loss_bbox: 0.6661  s1.loss_iou: 1.2643
2026/03/27 09:58:56 - mmengine - INFO - Epoch(train)  [7][ 8950/10002]  lr: 2.5000e-05  eta: 21:30:06  time: 0.3784  data_time: 0.0032  memory: 7329  grad_norm: 73.5242  loss: 8.7227  rpn_s.0.loss_cls: 0.6586  rpn_s.0.loss_bbox: 0.1117  rpn_s.0.loss_giou: 0.8211  rpn_s.1.loss_cls: 0.4767  rpn_s.1.loss_bbox: 0.0508  rpn_s.1.loss_giou: 0.4271  rpn_s.2.loss_cls: 0.3990  rpn_s.2.loss_bbox: 0.0441  rpn_s.2.loss_giou: 0.3743  rpn_s.3.loss_cls: 0.3601  rpn_s.3.loss_bbox: 0.0416  rpn_s.3.loss_giou: 0.3525  s0.loss_cls: 0.4250  s0.pos_acc: 80.0000  s0.loss_bbox: 0.6698  s0.loss_iou: 1.2033  s1.loss_cls: 0.4262  s1.pos_acc: 83.3333  s1.loss_bbox: 0.6605  s1.loss_iou: 1.2203
2026/03/27 09:59:13 - mmengine - INFO - Exp name: GSDet_r50_b900_h2h4_h2r1_r2r1_2x_fair1m1.0_20260327_090119
2026/03/27 09:59:15 - mmengine - INFO - Epoch(train)  [7][ 9000/10002]  lr: 2.5000e-05  eta: 21:29:43  time: 0.3814  data_time: 0.0031  memory: 7329  grad_norm: 72.7544  loss: 8.6865  rpn_s.0.loss_cls: 0.6558  rpn_s.0.loss_bbox: 0.1154  rpn_s.0.loss_giou: 0.8637  rpn_s.1.loss_cls: 0.4514  rpn_s.1.loss_bbox: 0.0517  rpn_s.1.loss_giou: 0.4347  rpn_s.2.loss_cls: 0.3871  rpn_s.2.loss_bbox: 0.0412  rpn_s.2.loss_giou: 0.3662  rpn_s.3.loss_cls: 0.3567  rpn_s.3.loss_bbox: 0.0397  rpn_s.3.loss_giou: 0.3481  s0.loss_cls: 0.4315  s0.pos_acc: 76.9231  s0.loss_bbox: 0.6414  s0.loss_iou: 1.2048  s1.loss_cls: 0.4180  s1.pos_acc: 74.3590  s1.loss_bbox: 0.6317  s1.loss_iou: 1.2476
2026/03/27 09:59:35 - mmengine - INFO - Epoch(train)  [7][ 9050/10002]  lr: 2.5000e-05  eta: 21:29:25  time: 0.3857  data_time: 0.0031  memory: 7329  grad_norm: 73.2861  loss: 8.5415  rpn_s.0.loss_cls: 0.6047  rpn_s.0.loss_bbox: 0.1250  rpn_s.0.loss_giou: 0.8507  rpn_s.1.loss_cls: 0.4146  rpn_s.1.loss_bbox: 0.0580  rpn_s.1.loss_giou: 0.4419  rpn_s.2.loss_cls: 0.3514  rpn_s.2.loss_bbox: 0.0497  rpn_s.2.loss_giou: 0.3705  rpn_s.3.loss_cls: 0.3123  rpn_s.3.loss_bbox: 0.0464  rpn_s.3.loss_giou: 0.3518  s0.loss_cls: 0.3755  s0.pos_acc: 97.9167  s0.loss_bbox: 0.6748  s0.loss_iou: 1.1963  s1.loss_cls: 0.4142  s1.pos_acc: 100.0000  s1.loss_bbox: 0.6523  s1.loss_iou: 1.2513
2026/03/27 09:59:54 - mmengine - INFO - Epoch(train)  [7][ 9100/10002]  lr: 2.5000e-05  eta: 21:29:12  time: 0.3908  data_time: 0.0032  memory: 7330  grad_norm: 71.3075  loss: 8.8685  rpn_s.0.loss_cls: 0.6384  rpn_s.0.loss_bbox: 0.1304  rpn_s.0.loss_giou: 0.8952  rpn_s.1.loss_cls: 0.4513  rpn_s.1.loss_bbox: 0.0535  rpn_s.1.loss_giou: 0.4497  rpn_s.2.loss_cls: 0.3771  rpn_s.2.loss_bbox: 0.0451  rpn_s.2.loss_giou: 0.3899  rpn_s.3.loss_cls: 0.3461  rpn_s.3.loss_bbox: 0.0413  rpn_s.3.loss_giou: 0.3688  s0.loss_cls: 0.3931  s0.pos_acc: 100.0000  s0.loss_bbox: 0.6605  s0.loss_iou: 1.2748  s1.loss_cls: 0.4019  s1.pos_acc: 100.0000  s1.loss_bbox: 0.6670  s1.loss_iou: 1.2844
2026/03/27 10:00:14 - mmengine - INFO - Epoch(train)  [7][ 9150/10002]  lr: 2.5000e-05  eta: 21:28:56  time: 0.3884  data_time: 0.0032  memory: 7330  grad_norm: 82.2284  loss: 8.6579  rpn_s.0.loss_cls: 0.6502  rpn_s.0.loss_bbox: 0.1223  rpn_s.0.loss_giou: 0.8378  rpn_s.1.loss_cls: 0.4807  rpn_s.1.loss_bbox: 0.0533  rpn_s.1.loss_giou: 0.4200  rpn_s.2.loss_cls: 0.4108  rpn_s.2.loss_bbox: 0.0442  rpn_s.2.loss_giou: 0.3540  rpn_s.3.loss_cls: 0.3808  rpn_s.3.loss_bbox: 0.0402  rpn_s.3.loss_giou: 0.3305  s0.loss_cls: 0.4304  s0.pos_acc: 75.0000  s0.loss_bbox: 0.6373  s0.loss_iou: 1.1758  s1.loss_cls: 0.4457  s1.pos_acc: 79.0000  s1.loss_bbox: 0.6271  s1.loss_iou: 1.2168
2026/03/27 10:00:33 - mmengine - INFO - Epoch(train)  [7][ 9200/10002]  lr: 2.5000e-05  eta: 21:28:36  time: 0.3838  data_time: 0.0031  memory: 7329  grad_norm: 65.9661  loss: 9.4000  rpn_s.0.loss_cls: 0.6722  rpn_s.0.loss_bbox: 0.1328  rpn_s.0.loss_giou: 0.9397  rpn_s.1.loss_cls: 0.4814  rpn_s.1.loss_bbox: 0.0578  rpn_s.1.loss_giou: 0.4726  rpn_s.2.loss_cls: 0.4205  rpn_s.2.loss_bbox: 0.0473  rpn_s.2.loss_giou: 0.4039  rpn_s.3.loss_cls: 0.3835  rpn_s.3.loss_bbox: 0.0452  rpn_s.3.loss_giou: 0.3832  s0.loss_cls: 0.4368  s0.pos_acc: 80.4348  s0.loss_bbox: 0.6423  s0.loss_iou: 1.3731  s1.loss_cls: 0.4315  s1.pos_acc: 80.4348  s1.loss_bbox: 0.6765  s1.loss_iou: 1.3997
2026/03/27 10:00:52 - mmengine - INFO - Epoch(train)  [7][ 9250/10002]  lr: 2.5000e-05  eta: 21:28:11  time: 0.3798  data_time: 0.0031  memory: 7329  grad_norm: 83.2050  loss: 8.4348  rpn_s.0.loss_cls: 0.6643  rpn_s.0.loss_bbox: 0.1094  rpn_s.0.loss_giou: 0.8198  rpn_s.1.loss_cls: 0.4658  rpn_s.1.loss_bbox: 0.0487  rpn_s.1.loss_giou: 0.4027  rpn_s.2.loss_cls: 0.3976  rpn_s.2.loss_bbox: 0.0420  rpn_s.2.loss_giou: 0.3502  rpn_s.3.loss_cls: 0.3588  rpn_s.3.loss_bbox: 0.0397  rpn_s.3.loss_giou: 0.3342  s0.loss_cls: 0.4164  s0.pos_acc: 46.8750  s0.loss_bbox: 0.6076  s0.loss_iou: 1.1465  s1.loss_cls: 0.4139  s1.pos_acc: 53.1250  s1.loss_bbox: 0.6216  s1.loss_iou: 1.1958
2026/03/27 10:01:11 - mmengine - INFO - Epoch(train)  [7][ 9300/10002]  lr: 2.5000e-05  eta: 21:27:47  time: 0.3802  data_time: 0.0031  memory: 7330  grad_norm: 88.8655  loss: 8.1995  rpn_s.0.loss_cls: 0.6230  rpn_s.0.loss_bbox: 0.1141  rpn_s.0.loss_giou: 0.8014  rpn_s.1.loss_cls: 0.4422  rpn_s.1.loss_bbox: 0.0481  rpn_s.1.loss_giou: 0.4031  rpn_s.2.loss_cls: 0.3773  rpn_s.2.loss_bbox: 0.0395  rpn_s.2.loss_giou: 0.3462  rpn_s.3.loss_cls: 0.3470  rpn_s.3.loss_bbox: 0.0357  rpn_s.3.loss_giou: 0.3223  s0.loss_cls: 0.3967  s0.pos_acc: 100.0000  s0.loss_bbox: 0.6318  s0.loss_iou: 1.0903  s1.loss_cls: 0.4062  s1.pos_acc: 100.0000  s1.loss_bbox: 0.6360  s1.loss_iou: 1.1385
2026/03/27 10:01:30 - mmengine - INFO - Epoch(train)  [7][ 9350/10002]  lr: 2.5000e-05  eta: 21:27:25  time: 0.3827  data_time: 0.0031  memory: 7329  grad_norm: 77.3321  loss: 8.2362  rpn_s.0.loss_cls: 0.6256  rpn_s.0.loss_bbox: 0.1187  rpn_s.0.loss_giou: 0.8085  rpn_s.1.loss_cls: 0.4581  rpn_s.1.loss_bbox: 0.0534  rpn_s.1.loss_giou: 0.4074  rpn_s.2.loss_cls: 0.3800  rpn_s.2.loss_bbox: 0.0460  rpn_s.2.loss_giou: 0.3494  rpn_s.3.loss_cls: 0.3444  rpn_s.3.loss_bbox: 0.0428  rpn_s.3.loss_giou: 0.3354  s0.loss_cls: 0.4115  s0.pos_acc: 40.0000  s0.loss_bbox: 0.6309  s0.loss_iou: 1.0692  s1.loss_cls: 0.4213  s1.pos_acc: 30.0000  s1.loss_bbox: 0.6279  s1.loss_iou: 1.1056
2026/03/27 10:01:49 - mmengine - INFO - Epoch(train)  [7][ 9400/10002]  lr: 2.5000e-05  eta: 21:26:58  time: 0.3779  data_time: 0.0031  memory: 7329  grad_norm: 80.2464  loss: 8.1969  rpn_s.0.loss_cls: 0.6558  rpn_s.0.loss_bbox: 0.1095  rpn_s.0.loss_giou: 0.7961  rpn_s.1.loss_cls: 0.4649  rpn_s.1.loss_bbox: 0.0459  rpn_s.1.loss_giou: 0.3890  rpn_s.2.loss_cls: 0.4055  rpn_s.2.loss_bbox: 0.0380  rpn_s.2.loss_giou: 0.3324  rpn_s.3.loss_cls: 0.3572  rpn_s.3.loss_bbox: 0.0356  rpn_s.3.loss_giou: 0.3157  s0.loss_cls: 0.4107  s0.pos_acc: 53.9474  s0.loss_bbox: 0.6385  s0.loss_iou: 1.0397  s1.loss_cls: 0.4083  s1.pos_acc: 52.6316  s1.loss_bbox: 0.6477  s1.loss_iou: 1.1063
2026/03/27 10:02:08 - mmengine - INFO - Epoch(train)  [7][ 9450/10002]  lr: 2.5000e-05  eta: 21:26:40  time: 0.3855  data_time: 0.0032  memory: 7330  grad_norm: 75.7572  loss: 8.2687  rpn_s.0.loss_cls: 0.6414  rpn_s.0.loss_bbox: 0.1115  rpn_s.0.loss_giou: 0.8379  rpn_s.1.loss_cls: 0.4544  rpn_s.1.loss_bbox: 0.0476  rpn_s.1.loss_giou: 0.4133  rpn_s.2.loss_cls: 0.3994  rpn_s.2.loss_bbox: 0.0402  rpn_s.2.loss_giou: 0.3498  rpn_s.3.loss_cls: 0.3677  rpn_s.3.loss_bbox: 0.0382  rpn_s.3.loss_giou: 0.3374  s0.loss_cls: 0.4099  s0.pos_acc: 68.7919  s0.loss_bbox: 0.5454  s0.loss_iou: 1.1401  s1.loss_cls: 0.4168  s1.pos_acc: 66.7785  s1.loss_bbox: 0.5515  s1.loss_iou: 1.1662
2026/03/27 10:02:27 - mmengine - INFO - Epoch(train)  [7][ 9500/10002]  lr: 2.5000e-05  eta: 21:26:23  time: 0.3873  data_time: 0.0031  memory: 7329  grad_norm: 68.5069  loss: 8.8223  rpn_s.0.loss_cls: 0.6480  rpn_s.0.loss_bbox: 0.1280  rpn_s.0.loss_giou: 0.8647  rpn_s.1.loss_cls: 0.4691  rpn_s.1.loss_bbox: 0.0602  rpn_s.1.loss_giou: 0.4387  rpn_s.2.loss_cls: 0.3974  rpn_s.2.loss_bbox: 0.0533  rpn_s.2.loss_giou: 0.3812  rpn_s.3.loss_cls: 0.3687  rpn_s.3.loss_bbox: 0.0493  rpn_s.3.loss_giou: 0.3574  s0.loss_cls: 0.4350  s0.pos_acc: 75.0000  s0.loss_bbox: 0.6479  s0.loss_iou: 1.1934  s1.loss_cls: 0.4403  s1.pos_acc: 82.1429  s1.loss_bbox: 0.6474  s1.loss_iou: 1.2423
2026/03/27 10:02:47 - mmengine - INFO - Epoch(train)  [7][ 9550/10002]  lr: 2.5000e-05  eta: 21:26:03  time: 0.3839  data_time: 0.0031  memory: 7329  grad_norm: 77.9088  loss: 9.0669  rpn_s.0.loss_cls: 0.6612  rpn_s.0.loss_bbox: 0.1256  rpn_s.0.loss_giou: 0.8584  rpn_s.1.loss_cls: 0.4830  rpn_s.1.loss_bbox: 0.0617  rpn_s.1.loss_giou: 0.4619  rpn_s.2.loss_cls: 0.4118  rpn_s.2.loss_bbox: 0.0518  rpn_s.2.loss_giou: 0.3925  rpn_s.3.loss_cls: 0.3809  rpn_s.3.loss_bbox: 0.0486  rpn_s.3.loss_giou: 0.3756  s0.loss_cls: 0.4396  s0.pos_acc: 82.3529  s0.loss_bbox: 0.6260  s0.loss_iou: 1.3000  s1.loss_cls: 0.4404  s1.pos_acc: 77.9412  s1.loss_bbox: 0.6292  s1.loss_iou: 1.3187
2026/03/27 10:03:06 - mmengine - INFO - Epoch(train)  [7][ 9600/10002]  lr: 2.5000e-05  eta: 21:25:45  time: 0.3862  data_time: 0.0032  memory: 7329  grad_norm: 81.7514  loss: 8.4795  rpn_s.0.loss_cls: 0.6619  rpn_s.0.loss_bbox: 0.1107  rpn_s.0.loss_giou: 0.8665  rpn_s.1.loss_cls: 0.4562  rpn_s.1.loss_bbox: 0.0457  rpn_s.1.loss_giou: 0.4074  rpn_s.2.loss_cls: 0.3900  rpn_s.2.loss_bbox: 0.0396  rpn_s.2.loss_giou: 0.3528  rpn_s.3.loss_cls: 0.3537  rpn_s.3.loss_bbox: 0.0353  rpn_s.3.loss_giou: 0.3340  s0.loss_cls: 0.4014  s0.pos_acc: 100.0000  s0.loss_bbox: 0.6242  s0.loss_iou: 1.1645  s1.loss_cls: 0.4079  s1.pos_acc: 100.0000  s1.loss_bbox: 0.6375  s1.loss_iou: 1.1901
2026/03/27 10:03:25 - mmengine - INFO - Epoch(train)  [7][ 9650/10002]  lr: 2.5000e-05  eta: 21:25:29  time: 0.3882  data_time: 0.0032  memory: 7330  grad_norm: 74.9029  loss: 8.7967  rpn_s.0.loss_cls: 0.6429  rpn_s.0.loss_bbox: 0.1215  rpn_s.0.loss_giou: 0.8686  rpn_s.1.loss_cls: 0.4451  rpn_s.1.loss_bbox: 0.0563  rpn_s.1.loss_giou: 0.4482  rpn_s.2.loss_cls: 0.3720  rpn_s.2.loss_bbox: 0.0488  rpn_s.2.loss_giou: 0.3867  rpn_s.3.loss_cls: 0.3396  rpn_s.3.loss_bbox: 0.0434  rpn_s.3.loss_giou: 0.3664  s0.loss_cls: 0.4231  s0.pos_acc: 66.6667  s0.loss_bbox: 0.6531  s0.loss_iou: 1.2466  s1.loss_cls: 0.4138  s1.pos_acc: 66.6667  s1.loss_bbox: 0.6726  s1.loss_iou: 1.2479
2026/03/27 10:03:45 - mmengine - INFO - Epoch(train)  [7][ 9700/10002]  lr: 2.5000e-05  eta: 21:25:11  time: 0.3859  data_time: 0.0032  memory: 7330  grad_norm: 65.5246  loss: 8.5738  rpn_s.0.loss_cls: 0.6718  rpn_s.0.loss_bbox: 0.1115  rpn_s.0.loss_giou: 0.8550  rpn_s.1.loss_cls: 0.4653  rpn_s.1.loss_bbox: 0.0465  rpn_s.1.loss_giou: 0.4219  rpn_s.2.loss_cls: 0.3972  rpn_s.2.loss_bbox: 0.0378  rpn_s.2.loss_giou: 0.3648  rpn_s.3.loss_cls: 0.3514  rpn_s.3.loss_bbox: 0.0355  rpn_s.3.loss_giou: 0.3468  s0.loss_cls: 0.4098  s0.pos_acc: 60.0000  s0.loss_bbox: 0.6039  s0.loss_iou: 1.1873  s1.loss_cls: 0.3976  s1.pos_acc: 50.0000  s1.loss_bbox: 0.6512  s1.loss_iou: 1.2185
2026/03/27 10:04:04 - mmengine - INFO - Epoch(train)  [7][ 9750/10002]  lr: 2.5000e-05  eta: 21:24:50  time: 0.3828  data_time: 0.0031  memory: 7329  grad_norm: 75.8948  loss: 8.5095  rpn_s.0.loss_cls: 0.6755  rpn_s.0.loss_bbox: 0.1143  rpn_s.0.loss_giou: 0.7691  rpn_s.1.loss_cls: 0.4844  rpn_s.1.loss_bbox: 0.0500  rpn_s.1.loss_giou: 0.3992  rpn_s.2.loss_cls: 0.4255  rpn_s.2.loss_bbox: 0.0434  rpn_s.2.loss_giou: 0.3528  rpn_s.3.loss_cls: 0.3850  rpn_s.3.loss_bbox: 0.0404  rpn_s.3.loss_giou: 0.3328  s0.loss_cls: 0.4605  s0.pos_acc: 85.0000  s0.loss_bbox: 0.5872  s0.loss_iou: 1.1435  s1.loss_cls: 0.4781  s1.pos_acc: 77.5000  s1.loss_bbox: 0.5866  s1.loss_iou: 1.1811
2026/03/27 10:04:23 - mmengine - INFO - Epoch(train)  [7][ 9800/10002]  lr: 2.5000e-05  eta: 21:24:38  time: 0.3920  data_time: 0.0032  memory: 7330  grad_norm: 73.8761  loss: 8.7906  rpn_s.0.loss_cls: 0.6381  rpn_s.0.loss_bbox: 0.1293  rpn_s.0.loss_giou: 0.8102  rpn_s.1.loss_cls: 0.4853  rpn_s.1.loss_bbox: 0.0632  rpn_s.1.loss_giou: 0.4201  rpn_s.2.loss_cls: 0.4061  rpn_s.2.loss_bbox: 0.0520  rpn_s.2.loss_giou: 0.3512  rpn_s.3.loss_cls: 0.3768  rpn_s.3.loss_bbox: 0.0481  rpn_s.3.loss_giou: 0.3329  s0.loss_cls: 0.4609  s0.pos_acc: 80.0000  s0.loss_bbox: 0.6950  s0.loss_iou: 1.1678  s1.loss_cls: 0.4731  s1.pos_acc: 80.0000  s1.loss_bbox: 0.6748  s1.loss_iou: 1.2057
2026/03/27 10:04:43 - mmengine - INFO - Epoch(train)  [7][ 9850/10002]  lr: 2.5000e-05  eta: 21:24:17  time: 0.3841  data_time: 0.0032  memory: 7329  grad_norm: 72.2643  loss: 8.7482  rpn_s.0.loss_cls: 0.6484  rpn_s.0.loss_bbox: 0.1179  rpn_s.0.loss_giou: 0.8540  rpn_s.1.loss_cls: 0.4688  rpn_s.1.loss_bbox: 0.0505  rpn_s.1.loss_giou: 0.4309  rpn_s.2.loss_cls: 0.3963  rpn_s.2.loss_bbox: 0.0427  rpn_s.2.loss_giou: 0.3746  rpn_s.3.loss_cls: 0.3605  rpn_s.3.loss_bbox: 0.0404  rpn_s.3.loss_giou: 0.3570  s0.loss_cls: 0.4093  s0.pos_acc: 77.7778  s0.loss_bbox: 0.6228  s0.loss_iou: 1.2568  s1.loss_cls: 0.4199  s1.pos_acc: 66.6667  s1.loss_bbox: 0.6298  s1.loss_iou: 1.2676
2026/03/27 10:05:02 - mmengine - INFO - Epoch(train)  [7][ 9900/10002]  lr: 2.5000e-05  eta: 21:24:02  time: 0.3886  data_time: 0.0031  memory: 7330  grad_norm: 75.3891  loss: 8.9360  rpn_s.0.loss_cls: 0.6688  rpn_s.0.loss_bbox: 0.1181  rpn_s.0.loss_giou: 0.9296  rpn_s.1.loss_cls: 0.4589  rpn_s.1.loss_bbox: 0.0500  rpn_s.1.loss_giou: 0.4588  rpn_s.2.loss_cls: 0.3945  rpn_s.2.loss_bbox: 0.0411  rpn_s.2.loss_giou: 0.3912  rpn_s.3.loss_cls: 0.3521  rpn_s.3.loss_bbox: 0.0372  rpn_s.3.loss_giou: 0.3700  s0.loss_cls: 0.4121  s0.pos_acc: 75.0000  s0.loss_bbox: 0.6486  s0.loss_iou: 1.2413  s1.loss_cls: 0.4086  s1.pos_acc: 70.4545  s1.loss_bbox: 0.6916  s1.loss_iou: 1.2637
2026/03/27 10:05:21 - mmengine - INFO - Epoch(train)  [7][ 9950/10002]  lr: 2.5000e-05  eta: 21:23:38  time: 0.3806  data_time: 0.0031  memory: 7329  grad_norm: 70.6654  loss: 8.6449  rpn_s.0.loss_cls: 0.6461  rpn_s.0.loss_bbox: 0.1218  rpn_s.0.loss_giou: 0.8064  rpn_s.1.loss_cls: 0.4772  rpn_s.1.loss_bbox: 0.0538  rpn_s.1.loss_giou: 0.4263  rpn_s.2.loss_cls: 0.4110  rpn_s.2.loss_bbox: 0.0467  rpn_s.2.loss_giou: 0.3705  rpn_s.3.loss_cls: 0.3773  rpn_s.3.loss_bbox: 0.0440  rpn_s.3.loss_giou: 0.3499  s0.loss_cls: 0.4566  s0.pos_acc: 81.2500  s0.loss_bbox: 0.6167  s0.loss_iou: 1.1651  s1.loss_cls: 0.4546  s1.pos_acc: 85.4167  s1.loss_bbox: 0.6253  s1.loss_iou: 1.1956
2026/03/27 10:05:38 - mmengine - INFO - Exp name: GSDet_r50_b900_h2h4_h2r1_r2r1_2x_fair1m1.0_20260327_090119
2026/03/27 10:05:40 - mmengine - INFO - Epoch(train)  [7][10000/10002]  lr: 2.5000e-05  eta: 21:23:17  time: 0.3824  data_time: 0.0032  memory: 7329  grad_norm: 73.5855  loss: 8.9203  rpn_s.0.loss_cls: 0.6643  rpn_s.0.loss_bbox: 0.1160  rpn_s.0.loss_giou: 0.8788  rpn_s.1.loss_cls: 0.4788  rpn_s.1.loss_bbox: 0.0501  rpn_s.1.loss_giou: 0.4461  rpn_s.2.loss_cls: 0.4149  rpn_s.2.loss_bbox: 0.0414  rpn_s.2.loss_giou: 0.3776  rpn_s.3.loss_cls: 0.3708  rpn_s.3.loss_bbox: 0.0374  rpn_s.3.loss_giou: 0.3541  s0.loss_cls: 0.4338  s0.pos_acc: 97.1591  s0.loss_bbox: 0.6771  s0.loss_iou: 1.1860  s1.loss_cls: 0.4355  s1.pos_acc: 98.8636  s1.loss_bbox: 0.7226  s1.loss_iou: 1.2351
2026/03/27 10:05:41 - mmengine - INFO - Exp name: GSDet_r50_b900_h2h4_h2r1_r2r1_2x_fair1m1.0_20260327_090119
2026/03/27 10:05:41 - mmengine - INFO - Saving checkpoint at 7 epochs
2026/03/27 10:06:02 - mmengine - INFO - Epoch(train)  [8][   50/10002]  lr: 2.5000e-05  eta: 21:22:49  time: 0.3811  data_time: 0.0038  memory: 7329  grad_norm: 74.2476  loss: 8.4914  rpn_s.0.loss_cls: 0.6394  rpn_s.0.loss_bbox: 0.1252  rpn_s.0.loss_giou: 0.8643  rpn_s.1.loss_cls: 0.4448  rpn_s.1.loss_bbox: 0.0542  rpn_s.1.loss_giou: 0.4225  rpn_s.2.loss_cls: 0.3759  rpn_s.2.loss_bbox: 0.0460  rpn_s.2.loss_giou: 0.3617  rpn_s.3.loss_cls: 0.3380  rpn_s.3.loss_bbox: 0.0432  rpn_s.3.loss_giou: 0.3435  s0.loss_cls: 0.3859  s0.pos_acc: 100.0000  s0.loss_bbox: 0.6195  s0.loss_iou: 1.1861  s1.loss_cls: 0.3863  s1.pos_acc: 100.0000  s1.loss_bbox: 0.6358  s1.loss_iou: 1.2193
2026/03/27 10:06:21 - mmengine - INFO - Epoch(train)  [8][  100/10002]  lr: 2.5000e-05  eta: 21:22:28  time: 0.3828  data_time: 0.0032  memory: 7330  grad_norm: 73.8886  loss: 8.7643  rpn_s.0.loss_cls: 0.6383  rpn_s.0.loss_bbox: 0.1207  rpn_s.0.loss_giou: 0.8836  rpn_s.1.loss_cls: 0.4531  rpn_s.1.loss_bbox: 0.0517  rpn_s.1.loss_giou: 0.4498  rpn_s.2.loss_cls: 0.3970  rpn_s.2.loss_bbox: 0.0435  rpn_s.2.loss_giou: 0.3862  rpn_s.3.loss_cls: 0.3512  rpn_s.3.loss_bbox: 0.0404  rpn_s.3.loss_giou: 0.3654  s0.loss_cls: 0.4125  s0.pos_acc: 80.0000  s0.loss_bbox: 0.6141  s0.loss_iou: 1.2428  s1.loss_cls: 0.4214  s1.pos_acc: 100.0000  s1.loss_bbox: 0.6181  s1.loss_iou: 1.2747
2026/03/27 10:06:41 - mmengine - INFO - Epoch(train)  [8][  150/10002]  lr: 2.5000e-05  eta: 21:22:09  time: 0.3849  data_time: 0.0032  memory: 7330  grad_norm: 68.2212  loss: 8.2623  rpn_s.0.loss_cls: 0.6391  rpn_s.0.loss_bbox: 0.1176  rpn_s.0.loss_giou: 0.7906  rpn_s.1.loss_cls: 0.4570  rpn_s.1.loss_bbox: 0.0519  rpn_s.1.loss_giou: 0.4076  rpn_s.2.loss_cls: 0.3847  rpn_s.2.loss_bbox: 0.0428  rpn_s.2.loss_giou: 0.3471  rpn_s.3.loss_cls: 0.3518  rpn_s.3.loss_bbox: 0.0406  rpn_s.3.loss_giou: 0.3306  s0.loss_cls: 0.3907  s0.pos_acc: 71.2766  s0.loss_bbox: 0.6044  s0.loss_iou: 1.1234  s1.loss_cls: 0.4002  s1.pos_acc: 76.5957  s1.loss_bbox: 0.6041  s1.loss_iou: 1.1781
2026/03/27 10:06:59 - mmengine - INFO - Epoch(train)  [8][  200/10002]  lr: 2.5000e-05  eta: 21:21:40  time: 0.3752  data_time: 0.0032  memory: 7329  grad_norm: 76.6200  loss: 7.7671  rpn_s.0.loss_cls: 0.5920  rpn_s.0.loss_bbox: 0.1091  rpn_s.0.loss_giou: 0.7425  rpn_s.1.loss_cls: 0.4309  rpn_s.1.loss_bbox: 0.0478  rpn_s.1.loss_giou: 0.3749  rpn_s.2.loss_cls: 0.3660  rpn_s.2.loss_bbox: 0.0398  rpn_s.2.loss_giou: 0.3173  rpn_s.3.loss_cls: 0.3287  rpn_s.3.loss_bbox: 0.0368  rpn_s.3.loss_giou: 0.2966  s0.loss_cls: 0.3930  s0.pos_acc: 87.5000  s0.loss_bbox: 0.6406  s0.loss_iou: 0.9806  s1.loss_cls: 0.4084  s1.pos_acc: 91.6667  s1.loss_bbox: 0.6425  s1.loss_iou: 1.0195
2026/03/27 10:07:19 - mmengine - INFO - Epoch(train)  [8][  250/10002]  lr: 2.5000e-05  eta: 21:21:25  time: 0.3893  data_time: 0.0032  memory: 7329  grad_norm: 63.9366  loss: 9.7627  rpn_s.0.loss_cls: 0.6652  rpn_s.0.loss_bbox: 0.1398  rpn_s.0.loss_giou: 0.9928  rpn_s.1.loss_cls: 0.4875  rpn_s.1.loss_bbox: 0.0610  rpn_s.1.loss_giou: 0.5152  rpn_s.2.loss_cls: 0.4233  rpn_s.2.loss_bbox: 0.0527  rpn_s.2.loss_giou: 0.4498  rpn_s.3.loss_cls: 0.3697  rpn_s.3.loss_bbox: 0.0473  rpn_s.3.loss_giou: 0.4184  s0.loss_cls: 0.4535  s0.pos_acc: 70.2290  s0.loss_bbox: 0.5914  s0.loss_iou: 1.4794  s1.loss_cls: 0.4577  s1.pos_acc: 71.7557  s1.loss_bbox: 0.6383  s1.loss_iou: 1.5193
2026/03/27 10:07:38 - mmengine - INFO - Epoch(train)  [8][  300/10002]  lr: 2.5000e-05  eta: 21:21:05  time: 0.3840  data_time: 0.0032  memory: 7329  grad_norm: 74.8707  loss: 8.9985  rpn_s.0.loss_cls: 0.6668  rpn_s.0.loss_bbox: 0.1171  rpn_s.0.loss_giou: 0.8518  rpn_s.1.loss_cls: 0.4914  rpn_s.1.loss_bbox: 0.0514  rpn_s.1.loss_giou: 0.4328  rpn_s.2.loss_cls: 0.4298  rpn_s.2.loss_bbox: 0.0439  rpn_s.2.loss_giou: 0.3781  rpn_s.3.loss_cls: 0.3706  rpn_s.3.loss_bbox: 0.0406  rpn_s.3.loss_giou: 0.3579  s0.loss_cls: 0.4239  s0.pos_acc: 67.7778  s0.loss_bbox: 0.6755  s0.loss_iou: 1.2540  s1.loss_cls: 0.4428  s1.pos_acc: 57.7778  s1.loss_bbox: 0.6903  s1.loss_iou: 1.2796
2026/03/27 10:07:57 - mmengine - INFO - Epoch(train)  [8][  350/10002]  lr: 2.5000e-05  eta: 21:20:37  time: 0.3759  data_time: 0.0032  memory: 7329  grad_norm: 72.5699  loss: 8.3322  rpn_s.0.loss_cls: 0.6362  rpn_s.0.loss_bbox: 0.1121  rpn_s.0.loss_giou: 0.7811  rpn_s.1.loss_cls: 0.4450  rpn_s.1.loss_bbox: 0.0530  rpn_s.1.loss_giou: 0.4190  rpn_s.2.loss_cls: 0.3729  rpn_s.2.loss_bbox: 0.0440  rpn_s.2.loss_giou: 0.3603  rpn_s.3.loss_cls: 0.3335  rpn_s.3.loss_bbox: 0.0409  rpn_s.3.loss_giou: 0.3454  s0.loss_cls: 0.3811  s0.pos_acc: 100.0000  s0.loss_bbox: 0.6146  s0.loss_iou: 1.1800  s1.loss_cls: 0.4248  s1.pos_acc: 100.0000  s1.loss_bbox: 0.6018  s1.loss_iou: 1.1863
2026/03/27 10:08:16 - mmengine - INFO - Epoch(train)  [8][  400/10002]  lr: 2.5000e-05  eta: 21:20:14  time: 0.3806  data_time: 0.0032  memory: 7329  grad_norm: 69.2923  loss: 8.1661  rpn_s.0.loss_cls: 0.6488  rpn_s.0.loss_bbox: 0.1060  rpn_s.0.loss_giou: 0.7619  rpn_s.1.loss_cls: 0.4572  rpn_s.1.loss_bbox: 0.0477  rpn_s.1.loss_giou: 0.3969  rpn_s.2.loss_cls: 0.3914  rpn_s.2.loss_bbox: 0.0402  rpn_s.2.loss_giou: 0.3421  rpn_s.3.loss_cls: 0.3493  rpn_s.3.loss_bbox: 0.0382  rpn_s.3.loss_giou: 0.3238  s0.loss_cls: 0.4029  s0.pos_acc: 96.7742  s0.loss_bbox: 0.6046  s0.loss_iou: 1.1212  s1.loss_cls: 0.4257  s1.pos_acc: 95.1613  s1.loss_bbox: 0.5736  s1.loss_iou: 1.1347
2026/03/27 10:08:35 - mmengine - INFO - Epoch(train)  [8][  450/10002]  lr: 2.5000e-05  eta: 21:19:53  time: 0.3828  data_time: 0.0032  memory: 7329  grad_norm: 79.5296  loss: 8.4646  rpn_s.0.loss_cls: 0.6250  rpn_s.0.loss_bbox: 0.1023  rpn_s.0.loss_giou: 0.8177  rpn_s.1.loss_cls: 0.4748  rpn_s.1.loss_bbox: 0.0489  rpn_s.1.loss_giou: 0.4263  rpn_s.2.loss_cls: 0.4146  rpn_s.2.loss_bbox: 0.0412  rpn_s.2.loss_giou: 0.3688  rpn_s.3.loss_cls: 0.3568  rpn_s.3.loss_bbox: 0.0381  rpn_s.3.loss_giou: 0.3476  s0.loss_cls: 0.4186  s0.pos_acc: 73.1818  s0.loss_bbox: 0.6136  s0.loss_iou: 1.1396  s1.loss_cls: 0.4280  s1.pos_acc: 76.3636  s1.loss_bbox: 0.6242  s1.loss_iou: 1.1783
2026/03/27 10:08:54 - mmengine - INFO - Epoch(train)  [8][  500/10002]  lr: 2.5000e-05  eta: 21:19:33  time: 0.3841  data_time: 0.0032  memory: 7330  grad_norm: 69.1237  loss: 8.7730  rpn_s.0.loss_cls: 0.6393  rpn_s.0.loss_bbox: 0.1203  rpn_s.0.loss_giou: 0.8491  rpn_s.1.loss_cls: 0.4702  rpn_s.1.loss_bbox: 0.0542  rpn_s.1.loss_giou: 0.4407  rpn_s.2.loss_cls: 0.3985  rpn_s.2.loss_bbox: 0.0463  rpn_s.2.loss_giou: 0.3832  rpn_s.3.loss_cls: 0.3545  rpn_s.3.loss_bbox: 0.0431  rpn_s.3.loss_giou: 0.3623  s0.loss_cls: 0.4193  s0.pos_acc: 100.0000  s0.loss_bbox: 0.6083  s0.loss_iou: 1.2448  s1.loss_cls: 0.4312  s1.pos_acc: 100.0000  s1.loss_bbox: 0.6297  s1.loss_iou: 1.2782
2026/03/27 10:09:13 - mmengine - INFO - Epoch(train)  [8][  550/10002]  lr: 2.5000e-05  eta: 21:19:11  time: 0.3819  data_time: 0.0032  memory: 7329  grad_norm: 72.5868  loss: 8.6697  rpn_s.0.loss_cls: 0.6539  rpn_s.0.loss_bbox: 0.1162  rpn_s.0.loss_giou: 0.9149  rpn_s.1.loss_cls: 0.4403  rpn_s.1.loss_bbox: 0.0485  rpn_s.1.loss_giou: 0.4444  rpn_s.2.loss_cls: 0.3791  rpn_s.2.loss_bbox: 0.0394  rpn_s.2.loss_giou: 0.3728  rpn_s.3.loss_cls: 0.3427  rpn_s.3.loss_bbox: 0.0371  rpn_s.3.loss_giou: 0.3529  s0.loss_cls: 0.3950  s0.pos_acc: 100.0000  s0.loss_bbox: 0.6285  s0.loss_iou: 1.2308  s1.loss_cls: 0.3946  s1.pos_acc: 100.0000  s1.loss_bbox: 0.6515  s1.loss_iou: 1.2272
2026/03/27 10:09:33 - mmengine - INFO - Epoch(train)  [8][  600/10002]  lr: 2.5000e-05  eta: 21:18:51  time: 0.3840  data_time: 0.0032  memory: 7329  grad_norm: 75.5458  loss: 8.2172  rpn_s.0.loss_cls: 0.6274  rpn_s.0.loss_bbox: 0.1205  rpn_s.0.loss_giou: 0.8665  rpn_s.1.loss_cls: 0.4182  rpn_s.1.loss_bbox: 0.0498  rpn_s.1.loss_giou: 0.4194  rpn_s.2.loss_cls: 0.3515  rpn_s.2.loss_bbox: 0.0408  rpn_s.2.loss_giou: 0.3583  rpn_s.3.loss_cls: 0.3139  rpn_s.3.loss_bbox: 0.0378  rpn_s.3.loss_giou: 0.3363  s0.loss_cls: 0.3570  s0.pos_acc: 100.0000  s0.loss_bbox: 0.6275  s0.loss_iou: 1.1356  s1.loss_cls: 0.3604  s1.pos_acc: 100.0000  s1.loss_bbox: 0.6202  s1.loss_iou: 1.1759
2026/03/27 10:09:51 - mmengine - INFO - Epoch(train)  [8][  650/10002]  lr: 2.5000e-05  eta: 21:18:23  time: 0.3754  data_time: 0.0032  memory: 7329  grad_norm: 82.3650  loss: 8.1768  rpn_s.0.loss_cls: 0.6600  rpn_s.0.loss_bbox: 0.1094  rpn_s.0.loss_giou: 0.8165  rpn_s.1.loss_cls: 0.4404  rpn_s.1.loss_bbox: 0.0454  rpn_s.1.loss_giou: 0.3964  rpn_s.2.loss_cls: 0.3807  rpn_s.2.loss_bbox: 0.0378  rpn_s.2.loss_giou: 0.3371  rpn_s.3.loss_cls: 0.3338  rpn_s.3.loss_bbox: 0.0354  rpn_s.3.loss_giou: 0.3221  s0.loss_cls: 0.3907  s0.pos_acc: 82.8125  s0.loss_bbox: 0.6378  s0.loss_iou: 1.0823  s1.loss_cls: 0.3927  s1.pos_acc: 82.8125  s1.loss_bbox: 0.6542  s1.loss_iou: 1.1038
2026/03/27 10:10:10 - mmengine - INFO - Epoch(train)  [8][  700/10002]  lr: 2.5000e-05  eta: 21:17:59  time: 0.3787  data_time: 0.0031  memory: 7329  grad_norm: 76.7282  loss: 8.6242  rpn_s.0.loss_cls: 0.6492  rpn_s.0.loss_bbox: 0.1106  rpn_s.0.loss_giou: 0.8603  rpn_s.1.loss_cls: 0.4549  rpn_s.1.loss_bbox: 0.0467  rpn_s.1.loss_giou: 0.4360  rpn_s.2.loss_cls: 0.3863  rpn_s.2.loss_bbox: 0.0376  rpn_s.2.loss_giou: 0.3775  rpn_s.3.loss_cls: 0.3418  rpn_s.3.loss_bbox: 0.0368  rpn_s.3.loss_giou: 0.3577  s0.loss_cls: 0.4141  s0.pos_acc: 68.1818  s0.loss_bbox: 0.6474  s0.loss_iou: 1.1811  s1.loss_cls: 0.4161  s1.pos_acc: 72.7273  s1.loss_bbox: 0.6720  s1.loss_iou: 1.1983
2026/03/27 10:10:29 - mmengine - INFO - Epoch(train)  [8][  750/10002]  lr: 2.5000e-05  eta: 21:17:30  time: 0.3748  data_time: 0.0031  memory: 7329  grad_norm: 83.2244  loss: 8.1371  rpn_s.0.loss_cls: 0.6542  rpn_s.0.loss_bbox: 0.1066  rpn_s.0.loss_giou: 0.8183  rpn_s.1.loss_cls: 0.4408  rpn_s.1.loss_bbox: 0.0444  rpn_s.1.loss_giou: 0.4054  rpn_s.2.loss_cls: 0.3607  rpn_s.2.loss_bbox: 0.0376  rpn_s.2.loss_giou: 0.3510  rpn_s.3.loss_cls: 0.3320  rpn_s.3.loss_bbox: 0.0356  rpn_s.3.loss_giou: 0.3368  s0.loss_cls: 0.3782  s0.pos_acc: 85.4839  s0.loss_bbox: 0.5752  s0.loss_iou: 1.1173  s1.loss_cls: 0.4011  s1.pos_acc: 83.0645  s1.loss_bbox: 0.5982  s1.loss_iou: 1.1437
2026/03/27 10:10:48 - mmengine - INFO - Epoch(train)  [8][  800/10002]  lr: 2.5000e-05  eta: 21:17:08  time: 0.3811  data_time: 0.0032  memory: 7330  grad_norm: 74.2851  loss: 8.4270  rpn_s.0.loss_cls: 0.6168  rpn_s.0.loss_bbox: 0.1132  rpn_s.0.loss_giou: 0.8074  rpn_s.1.loss_cls: 0.4500  rpn_s.1.loss_bbox: 0.0535  rpn_s.1.loss_giou: 0.4162  rpn_s.2.loss_cls: 0.3863  rpn_s.2.loss_bbox: 0.0478  rpn_s.2.loss_giou: 0.3697  rpn_s.3.loss_cls: 0.3521  rpn_s.3.loss_bbox: 0.0436  rpn_s.3.loss_giou: 0.3478  s0.loss_cls: 0.3971  s0.pos_acc: 61.7647  s0.loss_bbox: 0.6415  s0.loss_iou: 1.1585  s1.loss_cls: 0.4084  s1.pos_acc: 58.8235  s1.loss_bbox: 0.6495  s1.loss_iou: 1.1675
2026/03/27 10:11:07 - mmengine - INFO - Epoch(train)  [8][  850/10002]  lr: 2.5000e-05  eta: 21:16:42  time: 0.3781  data_time: 0.0031  memory: 7329  grad_norm: 80.3040  loss: 8.5439  rpn_s.0.loss_cls: 0.6081  rpn_s.0.loss_bbox: 0.1160  rpn_s.0.loss_giou: 0.8298  rpn_s.1.loss_cls: 0.4349  rpn_s.1.loss_bbox: 0.0540  rpn_s.1.loss_giou: 0.4297  rpn_s.2.loss_cls: 0.3626  rpn_s.2.loss_bbox: 0.0468  rpn_s.2.loss_giou: 0.3818  rpn_s.3.loss_cls: 0.3256  rpn_s.3.loss_bbox: 0.0442  rpn_s.3.loss_giou: 0.3607  s0.loss_cls: 0.3710  s0.pos_acc: 100.0000  s0.loss_bbox: 0.6318  s0.loss_iou: 1.2462  s1.loss_cls: 0.3782  s1.pos_acc: 100.0000  s1.loss_bbox: 0.6341  s1.loss_iou: 1.2882
2026/03/27 10:11:26 - mmengine - INFO - Epoch(train)  [8][  900/10002]  lr: 2.5000e-05  eta: 21:16:19  time: 0.3801  data_time: 0.0031  memory: 7330  grad_norm: 75.2979  loss: 8.7654  rpn_s.0.loss_cls: 0.6459  rpn_s.0.loss_bbox: 0.1284  rpn_s.0.loss_giou: 0.8901  rpn_s.1.loss_cls: 0.4713  rpn_s.1.loss_bbox: 0.0558  rpn_s.1.loss_giou: 0.4530  rpn_s.2.loss_cls: 0.3961  rpn_s.2.loss_bbox: 0.0476  rpn_s.2.loss_giou: 0.3884  rpn_s.3.loss_cls: 0.3578  rpn_s.3.loss_bbox: 0.0426  rpn_s.3.loss_giou: 0.3639  s0.loss_cls: 0.4076  s0.pos_acc: 58.1081  s0.loss_bbox: 0.5729  s0.loss_iou: 1.2554  s1.loss_cls: 0.4077  s1.pos_acc: 56.7568  s1.loss_bbox: 0.5987  s1.loss_iou: 1.2820
2026/03/27 10:11:46 - mmengine - INFO - Epoch(train)  [8][  950/10002]  lr: 2.5000e-05  eta: 21:16:08  time: 0.3933  data_time: 0.0031  memory: 7330  grad_norm: 66.8434  loss: 9.1622  rpn_s.0.loss_cls: 0.6684  rpn_s.0.loss_bbox: 0.1303  rpn_s.0.loss_giou: 0.9337  rpn_s.1.loss_cls: 0.4822  rpn_s.1.loss_bbox: 0.0546  rpn_s.1.loss_giou: 0.4752  rpn_s.2.loss_cls: 0.4172  rpn_s.2.loss_bbox: 0.0447  rpn_s.2.loss_giou: 0.4017  rpn_s.3.loss_cls: 0.3769  rpn_s.3.loss_bbox: 0.0417  rpn_s.3.loss_giou: 0.3786  s0.loss_cls: 0.4144  s0.pos_acc: 65.3061  s0.loss_bbox: 0.6011  s0.loss_iou: 1.3345  s1.loss_cls: 0.4253  s1.pos_acc: 66.3265  s1.loss_bbox: 0.6096  s1.loss_iou: 1.3721
2026/03/27 10:12:01 - mmengine - INFO - Exp name: GSDet_r50_b900_h2h4_h2r1_r2r1_2x_fair1m1.0_20260327_090119
2026/03/27 10:12:05 - mmengine - INFO - Epoch(train)  [8][ 1000/10002]  lr: 2.5000e-05  eta: 21:15:43  time: 0.3783  data_time: 0.0031  memory: 7330  grad_norm: 82.4190  loss: 8.2679  rpn_s.0.loss_cls: 0.6312  rpn_s.0.loss_bbox: 0.1103  rpn_s.0.loss_giou: 0.8166  rpn_s.1.loss_cls: 0.4421  rpn_s.1.loss_bbox: 0.0476  rpn_s.1.loss_giou: 0.4163  rpn_s.2.loss_cls: 0.3727  rpn_s.2.loss_bbox: 0.0405  rpn_s.2.loss_giou: 0.3615  rpn_s.3.loss_cls: 0.3407  rpn_s.3.loss_bbox: 0.0374  rpn_s.3.loss_giou: 0.3432  s0.loss_cls: 0.3777  s0.pos_acc: 69.2593  s0.loss_bbox: 0.6215  s0.loss_iou: 1.1325  s1.loss_cls: 0.4038  s1.pos_acc: 72.5926  s1.loss_bbox: 0.6251  s1.loss_iou: 1.1472
2026/03/27 10:12:24 - mmengine - INFO - Epoch(train)  [8][ 1050/10002]  lr: 2.5000e-05  eta: 21:15:29  time: 0.3901  data_time: 0.0030  memory: 7330  grad_norm: 62.3041  loss: 8.8973  rpn_s.0.loss_cls: 0.6485  rpn_s.0.loss_bbox: 0.1239  rpn_s.0.loss_giou: 0.9056  rpn_s.1.loss_cls: 0.4699  rpn_s.1.loss_bbox: 0.0555  rpn_s.1.loss_giou: 0.4660  rpn_s.2.loss_cls: 0.3972  rpn_s.2.loss_bbox: 0.0444  rpn_s.2.loss_giou: 0.3935  rpn_s.3.loss_cls: 0.3613  rpn_s.3.loss_bbox: 0.0415  rpn_s.3.loss_giou: 0.3713  s0.loss_cls: 0.4120  s0.pos_acc: 88.9831  s0.loss_bbox: 0.6025  s0.loss_iou: 1.2808  s1.loss_cls: 0.4216  s1.pos_acc: 87.2881  s1.loss_bbox: 0.6177  s1.loss_iou: 1.2841
2026/03/27 10:12:43 - mmengine - INFO - Epoch(train)  [8][ 1100/10002]  lr: 2.5000e-05  eta: 21:15:07  time: 0.3819  data_time: 0.0030  memory: 7329  grad_norm: 68.8031  loss: 8.5218  rpn_s.0.loss_cls: 0.6735  rpn_s.0.loss_bbox: 0.1146  rpn_s.0.loss_giou: 0.8809  rpn_s.1.loss_cls: 0.4756  rpn_s.1.loss_bbox: 0.0470  rpn_s.1.loss_giou: 0.4265  rpn_s.2.loss_cls: 0.4134  rpn_s.2.loss_bbox: 0.0394  rpn_s.2.loss_giou: 0.3608  rpn_s.3.loss_cls: 0.3671  rpn_s.3.loss_bbox: 0.0353  rpn_s.3.loss_giou: 0.3339  s0.loss_cls: 0.4155  s0.pos_acc: 56.5217  s0.loss_bbox: 0.5745  s0.loss_iou: 1.1602  s1.loss_cls: 0.4187  s1.pos_acc: 47.8261  s1.loss_bbox: 0.5761  s1.loss_iou: 1.2088
2026/03/27 10:13:02 - mmengine - INFO - Epoch(train)  [8][ 1150/10002]  lr: 2.5000e-05  eta: 21:14:42  time: 0.3782  data_time: 0.0030  memory: 7329  grad_norm: 73.8437  loss: 8.4541  rpn_s.0.loss_cls: 0.6837  rpn_s.0.loss_bbox: 0.1101  rpn_s.0.loss_giou: 0.8564  rpn_s.1.loss_cls: 0.4786  rpn_s.1.loss_bbox: 0.0438  rpn_s.1.loss_giou: 0.4082  rpn_s.2.loss_cls: 0.4132  rpn_s.2.loss_bbox: 0.0364  rpn_s.2.loss_giou: 0.3513  rpn_s.3.loss_cls: 0.3780  rpn_s.3.loss_bbox: 0.0352  rpn_s.3.loss_giou: 0.3396  s0.loss_cls: 0.4373  s0.pos_acc: 50.0000  s0.loss_bbox: 0.5717  s0.loss_iou: 1.1419  s1.loss_cls: 0.4358  s1.pos_acc: 50.0000  s1.loss_bbox: 0.5866  s1.loss_iou: 1.1463
2026/03/27 10:13:21 - mmengine - INFO - Epoch(train)  [8][ 1200/10002]  lr: 2.5000e-05  eta: 21:14:23  time: 0.3842  data_time: 0.0030  memory: 7329  grad_norm: 66.6353  loss: 8.7032  rpn_s.0.loss_cls: 0.6468  rpn_s.0.loss_bbox: 0.1211  rpn_s.0.loss_giou: 0.8646  rpn_s.1.loss_cls: 0.4583  rpn_s.1.loss_bbox: 0.0548  rpn_s.1.loss_giou: 0.4390  rpn_s.2.loss_cls: 0.3888  rpn_s.2.loss_bbox: 0.0455  rpn_s.2.loss_giou: 0.3728  rpn_s.3.loss_cls: 0.3474  rpn_s.3.loss_bbox: 0.0422  rpn_s.3.loss_giou: 0.3549  s0.loss_cls: 0.4059  s0.pos_acc: 58.3333  s0.loss_bbox: 0.6221  s0.loss_iou: 1.2403  s1.loss_cls: 0.4199  s1.pos_acc: 66.6667  s1.loss_bbox: 0.6415  s1.loss_iou: 1.2375
2026/03/27 10:13:40 - mmengine - INFO - Epoch(train)  [8][ 1250/10002]  lr: 2.5000e-05  eta: 21:14:02  time: 0.3832  data_time: 0.0030  memory: 7330  grad_norm: 75.5468  loss: 8.4748  rpn_s.0.loss_cls: 0.6167  rpn_s.0.loss_bbox: 0.1288  rpn_s.0.loss_giou: 0.8389  rpn_s.1.loss_cls: 0.4388  rpn_s.1.loss_bbox: 0.0564  rpn_s.1.loss_giou: 0.4187  rpn_s.2.loss_cls: 0.3725  rpn_s.2.loss_bbox: 0.0476  rpn_s.2.loss_giou: 0.3594  rpn_s.3.loss_cls: 0.3292  rpn_s.3.loss_bbox: 0.0459  rpn_s.3.loss_giou: 0.3488  s0.loss_cls: 0.3956  s0.pos_acc: 94.1176  s0.loss_bbox: 0.6571  s0.loss_iou: 1.1544  s1.loss_cls: 0.4189  s1.pos_acc: 94.1176  s1.loss_bbox: 0.6719  s1.loss_iou: 1.1753
2026/03/27 10:13:59 - mmengine - INFO - Epoch(train)  [8][ 1300/10002]  lr: 2.5000e-05  eta: 21:13:37  time: 0.3776  data_time: 0.0030  memory: 7329  grad_norm: 72.7757  loss: 8.6599  rpn_s.0.loss_cls: 0.6394  rpn_s.0.loss_bbox: 0.1138  rpn_s.0.loss_giou: 0.8457  rpn_s.1.loss_cls: 0.4610  rpn_s.1.loss_bbox: 0.0509  rpn_s.1.loss_giou: 0.4346  rpn_s.2.loss_cls: 0.4000  rpn_s.2.loss_bbox: 0.0444  rpn_s.2.loss_giou: 0.3789  rpn_s.3.loss_cls: 0.3613  rpn_s.3.loss_bbox: 0.0415  rpn_s.3.loss_giou: 0.3585  s0.loss_cls: 0.4187  s0.pos_acc: 59.2308  s0.loss_bbox: 0.6096  s0.loss_iou: 1.1962  s1.loss_cls: 0.4347  s1.pos_acc: 62.3077  s1.loss_bbox: 0.6589  s1.loss_iou: 1.2117
2026/03/27 10:14:18 - mmengine - INFO - Epoch(train)  [8][ 1350/10002]  lr: 2.5000e-05  eta: 21:13:09  time: 0.3752  data_time: 0.0030  memory: 7330  grad_norm: 73.7204  loss: 8.5235  rpn_s.0.loss_cls: 0.6420  rpn_s.0.loss_bbox: 0.1127  rpn_s.0.loss_giou: 0.8220  rpn_s.1.loss_cls: 0.4629  rpn_s.1.loss_bbox: 0.0463  rpn_s.1.loss_giou: 0.4169  rpn_s.2.loss_cls: 0.4029  rpn_s.2.loss_bbox: 0.0389  rpn_s.2.loss_giou: 0.3565  rpn_s.3.loss_cls: 0.3646  rpn_s.3.loss_bbox: 0.0354  rpn_s.3.loss_giou: 0.3353  s0.loss_cls: 0.4300  s0.pos_acc: 50.0000  s0.loss_bbox: 0.6562  s0.loss_iou: 1.1473  s1.loss_cls: 0.4332  s1.pos_acc: 31.8182  s1.loss_bbox: 0.6554  s1.loss_iou: 1.1651
2026/03/27 10:14:37 - mmengine - INFO - Epoch(train)  [8][ 1400/10002]  lr: 2.5000e-05  eta: 21:12:44  time: 0.3775  data_time: 0.0030  memory: 7329  grad_norm: 72.5596  loss: 8.5464  rpn_s.0.loss_cls: 0.6525  rpn_s.0.loss_bbox: 0.1107  rpn_s.0.loss_giou: 0.8335  rpn_s.1.loss_cls: 0.4727  rpn_s.1.loss_bbox: 0.0478  rpn_s.1.loss_giou: 0.4202  rpn_s.2.loss_cls: 0.4066  rpn_s.2.loss_bbox: 0.0411  rpn_s.2.loss_giou: 0.3711  rpn_s.3.loss_cls: 0.3642  rpn_s.3.loss_bbox: 0.0386  rpn_s.3.loss_giou: 0.3506  s0.loss_cls: 0.4251  s0.pos_acc: 65.3846  s0.loss_bbox: 0.6213  s0.loss_iou: 1.1616  s1.loss_cls: 0.4455  s1.pos_acc: 61.5385  s1.loss_bbox: 0.6048  s1.loss_iou: 1.1785
2026/03/27 10:14:57 - mmengine - INFO - Epoch(train)  [8][ 1450/10002]  lr: 2.5000e-05  eta: 21:12:32  time: 0.3924  data_time: 0.0030  memory: 7330  grad_norm: 68.8638  loss: 8.9143  rpn_s.0.loss_cls: 0.6167  rpn_s.0.loss_bbox: 0.1206  rpn_s.0.loss_giou: 0.8782  rpn_s.1.loss_cls: 0.4423  rpn_s.1.loss_bbox: 0.0555  rpn_s.1.loss_giou: 0.4614  rpn_s.2.loss_cls: 0.3882  rpn_s.2.loss_bbox: 0.0441  rpn_s.2.loss_giou: 0.3875  rpn_s.3.loss_cls: 0.3498  rpn_s.3.loss_bbox: 0.0418  rpn_s.3.loss_giou: 0.3684  s0.loss_cls: 0.4040  s0.pos_acc: 80.0000  s0.loss_bbox: 0.6749  s0.loss_iou: 1.2880  s1.loss_cls: 0.4159  s1.pos_acc: 80.0000  s1.loss_bbox: 0.6769  s1.loss_iou: 1.3001
2026/03/27 10:15:15 - mmengine - INFO - Epoch(train)  [8][ 1500/10002]  lr: 2.5000e-05  eta: 21:12:06  time: 0.3765  data_time: 0.0030  memory: 7329  grad_norm: 77.8828  loss: 8.5711  rpn_s.0.loss_cls: 0.6473  rpn_s.0.loss_bbox: 0.1170  rpn_s.0.loss_giou: 0.8397  rpn_s.1.loss_cls: 0.4761  rpn_s.1.loss_bbox: 0.0494  rpn_s.1.loss_giou: 0.4260  rpn_s.2.loss_cls: 0.4058  rpn_s.2.loss_bbox: 0.0414  rpn_s.2.loss_giou: 0.3571  rpn_s.3.loss_cls: 0.3519  rpn_s.3.loss_bbox: 0.0380  rpn_s.3.loss_giou: 0.3345  s0.loss_cls: 0.4138  s0.pos_acc: 77.2727  s0.loss_bbox: 0.6161  s0.loss_iou: 1.1859  s1.loss_cls: 0.4325  s1.pos_acc: 86.3636  s1.loss_bbox: 0.6182  s1.loss_iou: 1.2207
2026/03/27 10:15:34 - mmengine - INFO - Epoch(train)  [8][ 1550/10002]  lr: 2.5000e-05  eta: 21:11:35  time: 0.3710  data_time: 0.0030  memory: 7329  grad_norm: 84.4079  loss: 8.1557  rpn_s.0.loss_cls: 0.5916  rpn_s.0.loss_bbox: 0.1145  rpn_s.0.loss_giou: 0.7061  rpn_s.1.loss_cls: 0.4417  rpn_s.1.loss_bbox: 0.0564  rpn_s.1.loss_giou: 0.3932  rpn_s.2.loss_cls: 0.3738  rpn_s.2.loss_bbox: 0.0502  rpn_s.2.loss_giou: 0.3468  rpn_s.3.loss_cls: 0.3294  rpn_s.3.loss_bbox: 0.0460  rpn_s.3.loss_giou: 0.3293  s0.loss_cls: 0.4003  s0.pos_acc: 66.6667  s0.loss_bbox: 0.6632  s0.loss_iou: 1.1106  s1.loss_cls: 0.4049  s1.pos_acc: 66.6667  s1.loss_bbox: 0.6668  s1.loss_iou: 1.1309
2026/03/27 10:15:53 - mmengine - INFO - Epoch(train)  [8][ 1600/10002]  lr: 2.5000e-05  eta: 21:11:12  time: 0.3801  data_time: 0.0030  memory: 7330  grad_norm: 75.1351  loss: 8.4377  rpn_s.0.loss_cls: 0.6269  rpn_s.0.loss_bbox: 0.1182  rpn_s.0.loss_giou: 0.8472  rpn_s.1.loss_cls: 0.4545  rpn_s.1.loss_bbox: 0.0473  rpn_s.1.loss_giou: 0.4246  rpn_s.2.loss_cls: 0.3945  rpn_s.2.loss_bbox: 0.0403  rpn_s.2.loss_giou: 0.3699  rpn_s.3.loss_cls: 0.3611  rpn_s.3.loss_bbox: 0.0396  rpn_s.3.loss_giou: 0.3499  s0.loss_cls: 0.4182  s0.pos_acc: 57.8947  s0.loss_bbox: 0.5716  s0.loss_iou: 1.1426  s1.loss_cls: 0.4233  s1.pos_acc: 68.4211  s1.loss_bbox: 0.6284  s1.loss_iou: 1.1796
2026/03/27 10:16:12 - mmengine - INFO - Epoch(train)  [8][ 1650/10002]  lr: 2.5000e-05  eta: 21:10:45  time: 0.3759  data_time: 0.0030  memory: 7329  grad_norm: 72.9054  loss: 8.6071  rpn_s.0.loss_cls: 0.6620  rpn_s.0.loss_bbox: 0.1151  rpn_s.0.loss_giou: 0.8263  rpn_s.1.loss_cls: 0.4711  rpn_s.1.loss_bbox: 0.0500  rpn_s.1.loss_giou: 0.4288  rpn_s.2.loss_cls: 0.4116  rpn_s.2.loss_bbox: 0.0404  rpn_s.2.loss_giou: 0.3690  rpn_s.3.loss_cls: 0.3729  rpn_s.3.loss_bbox: 0.0375  rpn_s.3.loss_giou: 0.3483  s0.loss_cls: 0.4391  s0.pos_acc: 100.0000  s0.loss_bbox: 0.5673  s0.loss_iou: 1.2115  s1.loss_cls: 0.4475  s1.pos_acc: 100.0000  s1.loss_bbox: 0.5652  s1.loss_iou: 1.2436
2026/03/27 10:16:31 - mmengine - INFO - Epoch(train)  [8][ 1700/10002]  lr: 2.5000e-05  eta: 21:10:34  time: 0.3932  data_time: 0.0030  memory: 7330  grad_norm: 79.9027  loss: 8.5420  rpn_s.0.loss_cls: 0.6327  rpn_s.0.loss_bbox: 0.1242  rpn_s.0.loss_giou: 0.8529  rpn_s.1.loss_cls: 0.4636  rpn_s.1.loss_bbox: 0.0536  rpn_s.1.loss_giou: 0.4280  rpn_s.2.loss_cls: 0.3842  rpn_s.2.loss_bbox: 0.0456  rpn_s.2.loss_giou: 0.3661  rpn_s.3.loss_cls: 0.3494  rpn_s.3.loss_bbox: 0.0420  rpn_s.3.loss_giou: 0.3489  s0.loss_cls: 0.3908  s0.pos_acc: 100.0000  s0.loss_bbox: 0.6678  s0.loss_iou: 1.1556  s1.loss_cls: 0.3926  s1.pos_acc: 100.0000  s1.loss_bbox: 0.6715  s1.loss_iou: 1.1724
2026/03/27 10:16:50 - mmengine - INFO - Epoch(train)  [8][ 1750/10002]  lr: 2.5000e-05  eta: 21:10:11  time: 0.3806  data_time: 0.0030  memory: 7329  grad_norm: 68.5769  loss: 8.6741  rpn_s.0.loss_cls: 0.6659  rpn_s.0.loss_bbox: 0.1180  rpn_s.0.loss_giou: 0.8499  rpn_s.1.loss_cls: 0.4538  rpn_s.1.loss_bbox: 0.0514  rpn_s.1.loss_giou: 0.4355  rpn_s.2.loss_cls: 0.3894  rpn_s.2.loss_bbox: 0.0438  rpn_s.2.loss_giou: 0.3795  rpn_s.3.loss_cls: 0.3489  rpn_s.3.loss_bbox: 0.0410  rpn_s.3.loss_giou: 0.3574  s0.loss_cls: 0.4169  s0.pos_acc: 25.0000  s0.loss_bbox: 0.6339  s0.loss_iou: 1.1980  s1.loss_cls: 0.4305  s1.pos_acc: 50.0000  s1.loss_bbox: 0.6306  s1.loss_iou: 1.2296
2026/03/27 10:17:10 - mmengine - INFO - Epoch(train)  [8][ 1800/10002]  lr: 2.5000e-05  eta: 21:09:50  time: 0.3820  data_time: 0.0030  memory: 7329  grad_norm: 73.7338  loss: 8.8350  rpn_s.0.loss_cls: 0.6526  rpn_s.0.loss_bbox: 0.1190  rpn_s.0.loss_giou: 0.9271  rpn_s.1.loss_cls: 0.4524  rpn_s.1.loss_bbox: 0.0474  rpn_s.1.loss_giou: 0.4627  rpn_s.2.loss_cls: 0.3855  rpn_s.2.loss_bbox: 0.0380  rpn_s.2.loss_giou: 0.3988  rpn_s.3.loss_cls: 0.3401  rpn_s.3.loss_bbox: 0.0360  rpn_s.3.loss_giou: 0.3760  s0.loss_cls: 0.4055  s0.pos_acc: 80.2083  s0.loss_bbox: 0.6110  s0.loss_iou: 1.2704  s1.loss_cls: 0.4023  s1.pos_acc: 83.3333  s1.loss_bbox: 0.6148  s1.loss_iou: 1.2954
2026/03/27 10:17:29 - mmengine - INFO - Epoch(train)  [8][ 1850/10002]  lr: 2.5000e-05  eta: 21:09:31  time: 0.3838  data_time: 0.0030  memory: 7329  grad_norm: 78.5221  loss: 8.4305  rpn_s.0.loss_cls: 0.6190  rpn_s.0.loss_bbox: 0.1311  rpn_s.0.loss_giou: 0.8353  rpn_s.1.loss_cls: 0.4525  rpn_s.1.loss_bbox: 0.0599  rpn_s.1.loss_giou: 0.4201  rpn_s.2.loss_cls: 0.3776  rpn_s.2.loss_bbox: 0.0508  rpn_s.2.loss_giou: 0.3642  rpn_s.3.loss_cls: 0.3294  rpn_s.3.loss_bbox: 0.0458  rpn_s.3.loss_giou: 0.3409  s0.loss_cls: 0.3957  s0.pos_acc: 33.3333  s0.loss_bbox: 0.6014  s0.loss_iou: 1.1727  s1.loss_cls: 0.3995  s1.pos_acc: 50.0000  s1.loss_bbox: 0.6149  s1.loss_iou: 1.2196
2026/03/27 10:17:48 - mmengine - INFO - Epoch(train)  [8][ 1900/10002]  lr: 2.5000e-05  eta: 21:09:09  time: 0.3818  data_time: 0.0031  memory: 7330  grad_norm: 78.7973  loss: 8.3547  rpn_s.0.loss_cls: 0.6277  rpn_s.0.loss_bbox: 0.1145  rpn_s.0.loss_giou: 0.7969  rpn_s.1.loss_cls: 0.4552  rpn_s.1.loss_bbox: 0.0491  rpn_s.1.loss_giou: 0.4095  rpn_s.2.loss_cls: 0.3912  rpn_s.2.loss_bbox: 0.0410  rpn_s.2.loss_giou: 0.3572  rpn_s.3.loss_cls: 0.3549  rpn_s.3.loss_bbox: 0.0377  rpn_s.3.loss_giou: 0.3396  s0.loss_cls: 0.4275  s0.pos_acc: 58.3333  s0.loss_bbox: 0.6049  s0.loss_iou: 1.1362  s1.loss_cls: 0.4353  s1.pos_acc: 50.0000  s1.loss_bbox: 0.6087  s1.loss_iou: 1.1678
2026/03/27 10:18:06 - mmengine - INFO - Epoch(train)  [8][ 1950/10002]  lr: 2.5000e-05  eta: 21:08:40  time: 0.3725  data_time: 0.0031  memory: 7329  grad_norm: 77.8640  loss: 7.9444  rpn_s.0.loss_cls: 0.5958  rpn_s.0.loss_bbox: 0.1097  rpn_s.0.loss_giou: 0.6952  rpn_s.1.loss_cls: 0.4380  rpn_s.1.loss_bbox: 0.0501  rpn_s.1.loss_giou: 0.3808  rpn_s.2.loss_cls: 0.3677  rpn_s.2.loss_bbox: 0.0429  rpn_s.2.loss_giou: 0.3328  rpn_s.3.loss_cls: 0.3267  rpn_s.3.loss_bbox: 0.0418  rpn_s.3.loss_giou: 0.3212  s0.loss_cls: 0.3925  s0.pos_acc: 100.0000  s0.loss_bbox: 0.6783  s0.loss_iou: 1.0386  s1.loss_cls: 0.4073  s1.pos_acc: 100.0000  s1.loss_bbox: 0.6743  s1.loss_iou: 1.0505
2026/03/27 10:18:23 - mmengine - INFO - Exp name: GSDet_r50_b900_h2h4_h2r1_r2r1_2x_fair1m1.0_20260327_090119
2026/03/27 10:18:26 - mmengine - INFO - Epoch(train)  [8][ 2000/10002]  lr: 2.5000e-05  eta: 21:08:20  time: 0.3826  data_time: 0.0030  memory: 7330  grad_norm: 65.9803  loss: 8.3277  rpn_s.0.loss_cls: 0.6256  rpn_s.0.loss_bbox: 0.1080  rpn_s.0.loss_giou: 0.8372  rpn_s.1.loss_cls: 0.4419  rpn_s.1.loss_bbox: 0.0444  rpn_s.1.loss_giou: 0.4036  rpn_s.2.loss_cls: 0.3874  rpn_s.2.loss_bbox: 0.0380  rpn_s.2.loss_giou: 0.3527  rpn_s.3.loss_cls: 0.3581  rpn_s.3.loss_bbox: 0.0343  rpn_s.3.loss_giou: 0.3265  s0.loss_cls: 0.4029  s0.pos_acc: 79.6296  s0.loss_bbox: 0.6139  s0.loss_iou: 1.1187  s1.loss_cls: 0.4254  s1.pos_acc: 88.8889  s1.loss_bbox: 0.6697  s1.loss_iou: 1.1393
2026/03/27 10:18:44 - mmengine - INFO - Epoch(train)  [8][ 2050/10002]  lr: 2.5000e-05  eta: 21:07:52  time: 0.3745  data_time: 0.0030  memory: 7329  grad_norm: 77.9014  loss: 8.0256  rpn_s.0.loss_cls: 0.6063  rpn_s.0.loss_bbox: 0.1123  rpn_s.0.loss_giou: 0.7759  rpn_s.1.loss_cls: 0.4331  rpn_s.1.loss_bbox: 0.0506  rpn_s.1.loss_giou: 0.3980  rpn_s.2.loss_cls: 0.3570  rpn_s.2.loss_bbox: 0.0407  rpn_s.2.loss_giou: 0.3391  rpn_s.3.loss_cls: 0.3139  rpn_s.3.loss_bbox: 0.0400  rpn_s.3.loss_giou: 0.3233  s0.loss_cls: 0.3801  s0.pos_acc: 92.8571  s0.loss_bbox: 0.6167  s0.loss_iou: 1.0983  s1.loss_cls: 0.4004  s1.pos_acc: 82.1429  s1.loss_bbox: 0.6155  s1.loss_iou: 1.1243
2026/03/27 10:19:03 - mmengine - INFO - Epoch(train)  [8][ 2100/10002]  lr: 2.5000e-05  eta: 21:07:27  time: 0.3764  data_time: 0.0031  memory: 7330  grad_norm: 74.7735  loss: 8.3224  rpn_s.0.loss_cls: 0.6011  rpn_s.0.loss_bbox: 0.1140  rpn_s.0.loss_giou: 0.7671  rpn_s.1.loss_cls: 0.4502  rpn_s.1.loss_bbox: 0.0511  rpn_s.1.loss_giou: 0.4050  rpn_s.2.loss_cls: 0.3750  rpn_s.2.loss_bbox: 0.0436  rpn_s.2.loss_giou: 0.3510  rpn_s.3.loss_cls: 0.3417  rpn_s.3.loss_bbox: 0.0398  rpn_s.3.loss_giou: 0.3261  s0.loss_cls: 0.3962  s0.pos_acc: 68.6842  s0.loss_bbox: 0.6642  s0.loss_iou: 1.1459  s1.loss_cls: 0.4109  s1.pos_acc: 68.4211  s1.loss_bbox: 0.6647  s1.loss_iou: 1.1748
2026/03/27 10:19:22 - mmengine - INFO - Epoch(train)  [8][ 2150/10002]  lr: 2.5000e-05  eta: 21:07:03  time: 0.3788  data_time: 0.0032  memory: 7329  grad_norm: 74.5789  loss: 8.6849  rpn_s.0.loss_cls: 0.6472  rpn_s.0.loss_bbox: 0.1134  rpn_s.0.loss_giou: 0.8644  rpn_s.1.loss_cls: 0.4551  rpn_s.1.loss_bbox: 0.0498  rpn_s.1.loss_giou: 0.4373  rpn_s.2.loss_cls: 0.3989  rpn_s.2.loss_bbox: 0.0433  rpn_s.2.loss_giou: 0.3782  rpn_s.3.loss_cls: 0.3719  rpn_s.3.loss_bbox: 0.0392  rpn_s.3.loss_giou: 0.3558  s0.loss_cls: 0.4159  s0.pos_acc: 67.7711  s0.loss_bbox: 0.6413  s0.loss_iou: 1.1997  s1.loss_cls: 0.4080  s1.pos_acc: 65.9639  s1.loss_bbox: 0.6516  s1.loss_iou: 1.2140
2026/03/27 10:19:41 - mmengine - INFO - Epoch(train)  [8][ 2200/10002]  lr: 2.5000e-05  eta: 21:06:41  time: 0.3801  data_time: 0.0033  memory: 7330  grad_norm: 73.2796  loss: 8.5325  rpn_s.0.loss_cls: 0.6502  rpn_s.0.loss_bbox: 0.1139  rpn_s.0.loss_giou: 0.8095  rpn_s.1.loss_cls: 0.4634  rpn_s.1.loss_bbox: 0.0494  rpn_s.1.loss_giou: 0.4091  rpn_s.2.loss_cls: 0.4050  rpn_s.2.loss_bbox: 0.0426  rpn_s.2.loss_giou: 0.3520  rpn_s.3.loss_cls: 0.3719  rpn_s.3.loss_bbox: 0.0396  rpn_s.3.loss_giou: 0.3371  s0.loss_cls: 0.4330  s0.pos_acc: 77.0370  s0.loss_bbox: 0.6843  s0.loss_iou: 1.1082  s1.loss_cls: 0.4356  s1.pos_acc: 78.5185  s1.loss_bbox: 0.6952  s1.loss_iou: 1.1327
2026/03/27 10:20:00 - mmengine - INFO - Epoch(train)  [8][ 2250/10002]  lr: 2.5000e-05  eta: 21:06:18  time: 0.3802  data_time: 0.0032  memory: 7330  grad_norm: 70.9098  loss: 8.4085  rpn_s.0.loss_cls: 0.6150  rpn_s.0.loss_bbox: 0.1155  rpn_s.0.loss_giou: 0.8155  rpn_s.1.loss_cls: 0.4335  rpn_s.1.loss_bbox: 0.0534  rpn_s.1.loss_giou: 0.4223  rpn_s.2.loss_cls: 0.3719  rpn_s.2.loss_bbox: 0.0455  rpn_s.2.loss_giou: 0.3646  rpn_s.3.loss_cls: 0.3376  rpn_s.3.loss_bbox: 0.0413  rpn_s.3.loss_giou: 0.3462  s0.loss_cls: 0.3872  s0.pos_acc: 64.2857  s0.loss_bbox: 0.6518  s0.loss_iou: 1.1597  s1.loss_cls: 0.3988  s1.pos_acc: 65.0000  s1.loss_bbox: 0.6618  s1.loss_iou: 1.1869
2026/03/27 10:20:19 - mmengine - INFO - Epoch(train)  [8][ 2300/10002]  lr: 2.5000e-05  eta: 21:05:54  time: 0.3773  data_time: 0.0032  memory: 7330  grad_norm: 71.1858  loss: 8.6603  rpn_s.0.loss_cls: 0.6290  rpn_s.0.loss_bbox: 0.1125  rpn_s.0.loss_giou: 0.8226  rpn_s.1.loss_cls: 0.4666  rpn_s.1.loss_bbox: 0.0496  rpn_s.1.loss_giou: 0.4261  rpn_s.2.loss_cls: 0.3961  rpn_s.2.loss_bbox: 0.0420  rpn_s.2.loss_giou: 0.3732  rpn_s.3.loss_cls: 0.3570  rpn_s.3.loss_bbox: 0.0392  rpn_s.3.loss_giou: 0.3531  s0.loss_cls: 0.4151  s0.pos_acc: 62.0370  s0.loss_bbox: 0.6913  s0.loss_iou: 1.1715  s1.loss_cls: 0.4299  s1.pos_acc: 62.9630  s1.loss_bbox: 0.6989  s1.loss_iou: 1.1866
2026/03/27 10:20:38 - mmengine - INFO - Epoch(train)  [8][ 2350/10002]  lr: 2.5000e-05  eta: 21:05:26  time: 0.3742  data_time: 0.0032  memory: 7329  grad_norm: 68.1527  loss: 8.1655  rpn_s.0.loss_cls: 0.6377  rpn_s.0.loss_bbox: 0.1102  rpn_s.0.loss_giou: 0.8770  rpn_s.1.loss_cls: 0.4260  rpn_s.1.loss_bbox: 0.0423  rpn_s.1.loss_giou: 0.4160  rpn_s.2.loss_cls: 0.3574  rpn_s.2.loss_bbox: 0.0347  rpn_s.2.loss_giou: 0.3579  rpn_s.3.loss_cls: 0.3125  rpn_s.3.loss_bbox: 0.0326  rpn_s.3.loss_giou: 0.3383  s0.loss_cls: 0.3819  s0.pos_acc: 70.2703  s0.loss_bbox: 0.5907  s0.loss_iou: 1.1103  s1.loss_cls: 0.3853  s1.pos_acc: 78.3784  s1.loss_bbox: 0.5966  s1.loss_iou: 1.1581
2026/03/27 10:20:56 - mmengine - INFO - Epoch(train)  [8][ 2400/10002]  lr: 2.5000e-05  eta: 21:05:01  time: 0.3766  data_time: 0.0032  memory: 7329  grad_norm: 76.9169  loss: 8.1789  rpn_s.0.loss_cls: 0.6137  rpn_s.0.loss_bbox: 0.1101  rpn_s.0.loss_giou: 0.7698  rpn_s.1.loss_cls: 0.4534  rpn_s.1.loss_bbox: 0.0505  rpn_s.1.loss_giou: 0.4039  rpn_s.2.loss_cls: 0.3843  rpn_s.2.loss_bbox: 0.0432  rpn_s.2.loss_giou: 0.3510  rpn_s.3.loss_cls: 0.3615  rpn_s.3.loss_bbox: 0.0402  rpn_s.3.loss_giou: 0.3358  s0.loss_cls: 0.4054  s0.pos_acc: 50.0000  s0.loss_bbox: 0.5805  s0.loss_iou: 1.1320  s1.loss_cls: 0.4240  s1.pos_acc: 50.0000  s1.loss_bbox: 0.5654  s1.loss_iou: 1.1540
2026/03/27 10:21:15 - mmengine - INFO - Epoch(train)  [8][ 2450/10002]  lr: 2.5000e-05  eta: 21:04:39  time: 0.3797  data_time: 0.0032  memory: 7330  grad_norm: 70.4015  loss: 8.5181  rpn_s.0.loss_cls: 0.6391  rpn_s.0.loss_bbox: 0.1081  rpn_s.0.loss_giou: 0.8607  rpn_s.1.loss_cls: 0.4556  rpn_s.1.loss_bbox: 0.0471  rpn_s.1.loss_giou: 0.4470  rpn_s.2.loss_cls: 0.4038  rpn_s.2.loss_bbox: 0.0387  rpn_s.2.loss_giou: 0.3783  rpn_s.3.loss_cls: 0.3672  rpn_s.3.loss_bbox: 0.0349  rpn_s.3.loss_giou: 0.3541  s0.loss_cls: 0.4247  s0.pos_acc: 74.1379  s0.loss_bbox: 0.5280  s0.loss_iou: 1.2152  s1.loss_cls: 0.4404  s1.pos_acc: 72.4138  s1.loss_bbox: 0.5298  s1.loss_iou: 1.2453
2026/03/27 10:21:34 - mmengine - INFO - Epoch(train)  [8][ 2500/10002]  lr: 2.5000e-05  eta: 21:04:15  time: 0.3778  data_time: 0.0032  memory: 7329  grad_norm: 69.2221  loss: 8.7531  rpn_s.0.loss_cls: 0.6526  rpn_s.0.loss_bbox: 0.1090  rpn_s.0.loss_giou: 0.8640  rpn_s.1.loss_cls: 0.4712  rpn_s.1.loss_bbox: 0.0473  rpn_s.1.loss_giou: 0.4413  rpn_s.2.loss_cls: 0.3999  rpn_s.2.loss_bbox: 0.0406  rpn_s.2.loss_giou: 0.3833  rpn_s.3.loss_cls: 0.3667  rpn_s.3.loss_bbox: 0.0375  rpn_s.3.loss_giou: 0.3616  s0.loss_cls: 0.4295  s0.pos_acc: 78.7190  s0.loss_bbox: 0.6201  s0.loss_iou: 1.2222  s1.loss_cls: 0.4323  s1.pos_acc: 82.2314  s1.loss_bbox: 0.6242  s1.loss_iou: 1.2498
2026/03/27 10:21:54 - mmengine - INFO - Epoch(train)  [8][ 2550/10002]  lr: 2.5000e-05  eta: 21:03:58  time: 0.3869  data_time: 0.0032  memory: 7330  grad_norm: 66.9995  loss: 8.7915  rpn_s.0.loss_cls: 0.6540  rpn_s.0.loss_bbox: 0.1171  rpn_s.0.loss_giou: 0.9121  rpn_s.1.loss_cls: 0.4622  rpn_s.1.loss_bbox: 0.0480  rpn_s.1.loss_giou: 0.4434  rpn_s.2.loss_cls: 0.4073  rpn_s.2.loss_bbox: 0.0386  rpn_s.2.loss_giou: 0.3631  rpn_s.3.loss_cls: 0.3631  rpn_s.3.loss_bbox: 0.0361  rpn_s.3.loss_giou: 0.3464  s0.loss_cls: 0.4246  s0.pos_acc: 50.0000  s0.loss_bbox: 0.6420  s0.loss_iou: 1.1929  s1.loss_cls: 0.4262  s1.pos_acc: 50.0000  s1.loss_bbox: 0.6526  s1.loss_iou: 1.2617
2026/03/27 10:22:13 - mmengine - INFO - Epoch(train)  [8][ 2600/10002]  lr: 2.5000e-05  eta: 21:03:35  time: 0.3797  data_time: 0.0032  memory: 7330  grad_norm: 73.5370  loss: 8.5199  rpn_s.0.loss_cls: 0.6041  rpn_s.0.loss_bbox: 0.1201  rpn_s.0.loss_giou: 0.7898  rpn_s.1.loss_cls: 0.4517  rpn_s.1.loss_bbox: 0.0565  rpn_s.1.loss_giou: 0.4207  rpn_s.2.loss_cls: 0.3924  rpn_s.2.loss_bbox: 0.0476  rpn_s.2.loss_giou: 0.3603  rpn_s.3.loss_cls: 0.3561  rpn_s.3.loss_bbox: 0.0441  rpn_s.3.loss_giou: 0.3429  s0.loss_cls: 0.4173  s0.pos_acc: 67.0455  s0.loss_bbox: 0.6684  s0.loss_iou: 1.1471  s1.loss_cls: 0.4230  s1.pos_acc: 63.6364  s1.loss_bbox: 0.6923  s1.loss_iou: 1.1856
2026/03/27 10:22:31 - mmengine - INFO - Epoch(train)  [8][ 2650/10002]  lr: 2.5000e-05  eta: 21:03:09  time: 0.3746  data_time: 0.0032  memory: 7329  grad_norm: 71.1714  loss: 8.2690  rpn_s.0.loss_cls: 0.6454  rpn_s.0.loss_bbox: 0.1144  rpn_s.0.loss_giou: 0.7830  rpn_s.1.loss_cls: 0.4672  rpn_s.1.loss_bbox: 0.0506  rpn_s.1.loss_giou: 0.3888  rpn_s.2.loss_cls: 0.3971  rpn_s.2.loss_bbox: 0.0424  rpn_s.2.loss_giou: 0.3363  rpn_s.3.loss_cls: 0.3627  rpn_s.3.loss_bbox: 0.0396  rpn_s.3.loss_giou: 0.3209  s0.loss_cls: 0.4066  s0.pos_acc: 87.5000  s0.loss_bbox: 0.6646  s0.loss_iou: 1.0760  s1.loss_cls: 0.4115  s1.pos_acc: 100.0000  s1.loss_bbox: 0.6689  s1.loss_iou: 1.0930
2026/03/27 10:22:51 - mmengine - INFO - Epoch(train)  [8][ 2700/10002]  lr: 2.5000e-05  eta: 21:02:48  time: 0.3820  data_time: 0.0032  memory: 7329  grad_norm: 73.0986  loss: 8.6393  rpn_s.0.loss_cls: 0.6609  rpn_s.0.loss_bbox: 0.1204  rpn_s.0.loss_giou: 0.8614  rpn_s.1.loss_cls: 0.4752  rpn_s.1.loss_bbox: 0.0534  rpn_s.1.loss_giou: 0.4364  rpn_s.2.loss_cls: 0.3952  rpn_s.2.loss_bbox: 0.0429  rpn_s.2.loss_giou: 0.3667  rpn_s.3.loss_cls: 0.3548  rpn_s.3.loss_bbox: 0.0411  rpn_s.3.loss_giou: 0.3535  s0.loss_cls: 0.4038  s0.pos_acc: 75.0000  s0.loss_bbox: 0.6007  s0.loss_iou: 1.2005  s1.loss_cls: 0.4214  s1.pos_acc: 75.0000  s1.loss_bbox: 0.6013  s1.loss_iou: 1.2493
2026/03/27 10:23:10 - mmengine - INFO - Epoch(train)  [8][ 2750/10002]  lr: 2.5000e-05  eta: 21:02:26  time: 0.3810  data_time: 0.0032  memory: 7329  grad_norm: 71.5933  loss: 8.2011  rpn_s.0.loss_cls: 0.5901  rpn_s.0.loss_bbox: 0.1138  rpn_s.0.loss_giou: 0.7722  rpn_s.1.loss_cls: 0.4306  rpn_s.1.loss_bbox: 0.0525  rpn_s.1.loss_giou: 0.3964  rpn_s.2.loss_cls: 0.3664  rpn_s.2.loss_bbox: 0.0440  rpn_s.2.loss_giou: 0.3404  rpn_s.3.loss_cls: 0.3299  rpn_s.3.loss_bbox: 0.0423  rpn_s.3.loss_giou: 0.3252  s0.loss_cls: 0.3880  s0.pos_acc: 100.0000  s0.loss_bbox: 0.6689  s0.loss_iou: 1.1037  s1.loss_cls: 0.4055  s1.pos_acc: 100.0000  s1.loss_bbox: 0.6992  s1.loss_iou: 1.1321
2026/03/27 10:23:29 - mmengine - INFO - Epoch(train)  [8][ 2800/10002]  lr: 2.5000e-05  eta: 21:02:11  time: 0.3888  data_time: 0.0032  memory: 7330  grad_norm: 70.0742  loss: 9.0835  rpn_s.0.loss_cls: 0.6929  rpn_s.0.loss_bbox: 0.1218  rpn_s.0.loss_giou: 0.8955  rpn_s.1.loss_cls: 0.4725  rpn_s.1.loss_bbox: 0.0523  rpn_s.1.loss_giou: 0.4587  rpn_s.2.loss_cls: 0.4217  rpn_s.2.loss_bbox: 0.0450  rpn_s.2.loss_giou: 0.3985  rpn_s.3.loss_cls: 0.3884  rpn_s.3.loss_bbox: 0.0409  rpn_s.3.loss_giou: 0.3754  s0.loss_cls: 0.4447  s0.pos_acc: 73.0216  s0.loss_bbox: 0.6317  s0.loss_iou: 1.2611  s1.loss_cls: 0.4412  s1.pos_acc: 74.1007  s1.loss_bbox: 0.6644  s1.loss_iou: 1.2767
2026/03/27 10:23:48 - mmengine - INFO - Epoch(train)  [8][ 2850/10002]  lr: 2.5000e-05  eta: 21:01:53  time: 0.3854  data_time: 0.0032  memory: 7330  grad_norm: 69.4120  loss: 8.6963  rpn_s.0.loss_cls: 0.6227  rpn_s.0.loss_bbox: 0.1210  rpn_s.0.loss_giou: 0.8389  rpn_s.1.loss_cls: 0.4620  rpn_s.1.loss_bbox: 0.0560  rpn_s.1.loss_giou: 0.4386  rpn_s.2.loss_cls: 0.4105  rpn_s.2.loss_bbox: 0.0485  rpn_s.2.loss_giou: 0.3776  rpn_s.3.loss_cls: 0.3795  rpn_s.3.loss_bbox: 0.0451  rpn_s.3.loss_giou: 0.3561  s0.loss_cls: 0.4369  s0.pos_acc: 60.0000  s0.loss_bbox: 0.5842  s0.loss_iou: 1.2291  s1.loss_cls: 0.4299  s1.pos_acc: 60.0000  s1.loss_bbox: 0.6073  s1.loss_iou: 1.2523
2026/03/27 10:24:08 - mmengine - INFO - Epoch(train)  [8][ 2900/10002]  lr: 2.5000e-05  eta: 21:01:35  time: 0.3863  data_time: 0.0032  memory: 7330  grad_norm: 77.7164  loss: 8.9361  rpn_s.0.loss_cls: 0.6590  rpn_s.0.loss_bbox: 0.1223  rpn_s.0.loss_giou: 0.8749  rpn_s.1.loss_cls: 0.4595  rpn_s.1.loss_bbox: 0.0549  rpn_s.1.loss_giou: 0.4511  rpn_s.2.loss_cls: 0.3837  rpn_s.2.loss_bbox: 0.0470  rpn_s.2.loss_giou: 0.3884  rpn_s.3.loss_cls: 0.3520  rpn_s.3.loss_bbox: 0.0450  rpn_s.3.loss_giou: 0.3719  s0.loss_cls: 0.3953  s0.pos_acc: 50.0000  s0.loss_bbox: 0.6668  s0.loss_iou: 1.2519  s1.loss_cls: 0.4080  s1.pos_acc: 60.0000  s1.loss_bbox: 0.7054  s1.loss_iou: 1.2990
2026/03/27 10:24:27 - mmengine - INFO - Epoch(train)  [8][ 2950/10002]  lr: 2.5000e-05  eta: 21:01:15  time: 0.3828  data_time: 0.0032  memory: 7329  grad_norm: 74.9139  loss: 9.1190  rpn_s.0.loss_cls: 0.6646  rpn_s.0.loss_bbox: 0.1213  rpn_s.0.loss_giou: 0.9180  rpn_s.1.loss_cls: 0.4617  rpn_s.1.loss_bbox: 0.0551  rpn_s.1.loss_giou: 0.4682  rpn_s.2.loss_cls: 0.3921  rpn_s.2.loss_bbox: 0.0464  rpn_s.2.loss_giou: 0.3938  rpn_s.3.loss_cls: 0.3564  rpn_s.3.loss_bbox: 0.0435  rpn_s.3.loss_giou: 0.3727  s0.loss_cls: 0.4249  s0.pos_acc: 75.5725  s0.loss_bbox: 0.6541  s0.loss_iou: 1.3164  s1.loss_cls: 0.4316  s1.pos_acc: 81.2977  s1.loss_bbox: 0.6845  s1.loss_iou: 1.3138
2026/03/27 10:24:43 - mmengine - INFO - Exp name: GSDet_r50_b900_h2h4_h2r1_r2r1_2x_fair1m1.0_20260327_090119
2026/03/27 10:24:46 - mmengine - INFO - Epoch(train)  [8][ 3000/10002]  lr: 2.5000e-05  eta: 21:00:53  time: 0.3799  data_time: 0.0032  memory: 7329  grad_norm: 70.4344  loss: 8.8733  rpn_s.0.loss_cls: 0.6606  rpn_s.0.loss_bbox: 0.1161  rpn_s.0.loss_giou: 0.8669  rpn_s.1.loss_cls: 0.4668  rpn_s.1.loss_bbox: 0.0523  rpn_s.1.loss_giou: 0.4424  rpn_s.2.loss_cls: 0.3925  rpn_s.2.loss_bbox: 0.0433  rpn_s.2.loss_giou: 0.3792  rpn_s.3.loss_cls: 0.3580  rpn_s.3.loss_bbox: 0.0415  rpn_s.3.loss_giou: 0.3619  s0.loss_cls: 0.4210  s0.pos_acc: 57.1429  s0.loss_bbox: 0.6397  s0.loss_iou: 1.2518  s1.loss_cls: 0.4397  s1.pos_acc: 57.1429  s1.loss_bbox: 0.6532  s1.loss_iou: 1.2864
2026/03/27 10:25:05 - mmengine - INFO - Epoch(train)  [8][ 3050/10002]  lr: 2.5000e-05  eta: 21:00:31  time: 0.3797  data_time: 0.0032  memory: 7329  grad_norm: 69.9557  loss: 8.5969  rpn_s.0.loss_cls: 0.6502  rpn_s.0.loss_bbox: 0.1172  rpn_s.0.loss_giou: 0.9119  rpn_s.1.loss_cls: 0.4515  rpn_s.1.loss_bbox: 0.0486  rpn_s.1.loss_giou: 0.4458  rpn_s.2.loss_cls: 0.3894  rpn_s.2.loss_bbox: 0.0396  rpn_s.2.loss_giou: 0.3773  rpn_s.3.loss_cls: 0.3329  rpn_s.3.loss_bbox: 0.0367  rpn_s.3.loss_giou: 0.3587  s0.loss_cls: 0.3748  s0.pos_acc: 63.0435  s0.loss_bbox: 0.5768  s0.loss_iou: 1.2293  s1.loss_cls: 0.3864  s1.pos_acc: 66.3043  s1.loss_bbox: 0.6136  s1.loss_iou: 1.2563
2026/03/27 10:25:23 - mmengine - INFO - Epoch(train)  [8][ 3100/10002]  lr: 2.5000e-05  eta: 21:00:04  time: 0.3742  data_time: 0.0032  memory: 7329  grad_norm: 81.6307  loss: 8.4179  rpn_s.0.loss_cls: 0.6280  rpn_s.0.loss_bbox: 0.1139  rpn_s.0.loss_giou: 0.8488  rpn_s.1.loss_cls: 0.4571  rpn_s.1.loss_bbox: 0.0480  rpn_s.1.loss_giou: 0.4063  rpn_s.2.loss_cls: 0.3777  rpn_s.2.loss_bbox: 0.0404  rpn_s.2.loss_giou: 0.3530  rpn_s.3.loss_cls: 0.3448  rpn_s.3.loss_bbox: 0.0365  rpn_s.3.loss_giou: 0.3339  s0.loss_cls: 0.3931  s0.pos_acc: 61.1765  s0.loss_bbox: 0.6478  s0.loss_iou: 1.1576  s1.loss_cls: 0.3853  s1.pos_acc: 70.0000  s1.loss_bbox: 0.6588  s1.loss_iou: 1.1870
2026/03/27 10:25:43 - mmengine - INFO - Epoch(train)  [8][ 3150/10002]  lr: 2.5000e-05  eta: 20:59:56  time: 0.3992  data_time: 0.0032  memory: 7330  grad_norm: 68.7755  loss: 8.5510  rpn_s.0.loss_cls: 0.6236  rpn_s.0.loss_bbox: 0.1164  rpn_s.0.loss_giou: 0.8056  rpn_s.1.loss_cls: 0.4611  rpn_s.1.loss_bbox: 0.0544  rpn_s.1.loss_giou: 0.4274  rpn_s.2.loss_cls: 0.3954  rpn_s.2.loss_bbox: 0.0460  rpn_s.2.loss_giou: 0.3700  rpn_s.3.loss_cls: 0.3564  rpn_s.3.loss_bbox: 0.0423  rpn_s.3.loss_giou: 0.3469  s0.loss_cls: 0.4001  s0.pos_acc: 63.6364  s0.loss_bbox: 0.6097  s0.loss_iou: 1.2125  s1.loss_cls: 0.4153  s1.pos_acc: 68.1818  s1.loss_bbox: 0.6231  s1.loss_iou: 1.2448
2026/03/27 10:26:02 - mmengine - INFO - Epoch(train)  [8][ 3200/10002]  lr: 2.5000e-05  eta: 20:59:29  time: 0.3729  data_time: 0.0032  memory: 7329  grad_norm: 82.4218  loss: 8.1609  rpn_s.0.loss_cls: 0.6712  rpn_s.0.loss_bbox: 0.1081  rpn_s.0.loss_giou: 0.7785  rpn_s.1.loss_cls: 0.4824  rpn_s.1.loss_bbox: 0.0447  rpn_s.1.loss_giou: 0.3865  rpn_s.2.loss_cls: 0.4124  rpn_s.2.loss_bbox: 0.0374  rpn_s.2.loss_giou: 0.3350  rpn_s.3.loss_cls: 0.3741  rpn_s.3.loss_bbox: 0.0351  rpn_s.3.loss_giou: 0.3195  s0.loss_cls: 0.4372  s0.pos_acc: 90.0000  s0.loss_bbox: 0.5666  s0.loss_iou: 1.0515  s1.loss_cls: 0.4471  s1.pos_acc: 90.0000  s1.loss_bbox: 0.5923  s1.loss_iou: 1.0811
2026/03/27 10:26:21 - mmengine - INFO - Epoch(train)  [8][ 3250/10002]  lr: 2.5000e-05  eta: 20:59:07  time: 0.3808  data_time: 0.0032  memory: 7329  grad_norm: 83.6023  loss: 9.0766  rpn_s.0.loss_cls: 0.6668  rpn_s.0.loss_bbox: 0.1158  rpn_s.0.loss_giou: 0.8909  rpn_s.1.loss_cls: 0.4894  rpn_s.1.loss_bbox: 0.0512  rpn_s.1.loss_giou: 0.4455  rpn_s.2.loss_cls: 0.4126  rpn_s.2.loss_bbox: 0.0427  rpn_s.2.loss_giou: 0.3875  rpn_s.3.loss_cls: 0.3681  rpn_s.3.loss_bbox: 0.0396  rpn_s.3.loss_giou: 0.3692  s0.loss_cls: 0.4336  s0.pos_acc: 81.4286  s0.loss_bbox: 0.6638  s0.loss_iou: 1.2956  s1.loss_cls: 0.4332  s1.pos_acc: 82.8571  s1.loss_bbox: 0.6670  s1.loss_iou: 1.3041
2026/03/27 10:26:40 - mmengine - INFO - Epoch(train)  [8][ 3300/10002]  lr: 2.5000e-05  eta: 20:58:47  time: 0.3816  data_time: 0.0032  memory: 7329  grad_norm: 76.2410  loss: 8.6512  rpn_s.0.loss_cls: 0.6607  rpn_s.0.loss_bbox: 0.1217  rpn_s.0.loss_giou: 0.8263  rpn_s.1.loss_cls: 0.4697  rpn_s.1.loss_bbox: 0.0545  rpn_s.1.loss_giou: 0.4153  rpn_s.2.loss_cls: 0.4021  rpn_s.2.loss_bbox: 0.0454  rpn_s.2.loss_giou: 0.3523  rpn_s.3.loss_cls: 0.3720  rpn_s.3.loss_bbox: 0.0418  rpn_s.3.loss_giou: 0.3360  s0.loss_cls: 0.4301  s0.pos_acc: 50.0000  s0.loss_bbox: 0.6948  s0.loss_iou: 1.1215  s1.loss_cls: 0.4415  s1.pos_acc: 70.0000  s1.loss_bbox: 0.7102  s1.loss_iou: 1.1554
2026/03/27 10:26:59 - mmengine - INFO - Epoch(train)  [8][ 3350/10002]  lr: 2.5000e-05  eta: 20:58:24  time: 0.3792  data_time: 0.0032  memory: 7330  grad_norm: 74.2712  loss: 8.6456  rpn_s.0.loss_cls: 0.6582  rpn_s.0.loss_bbox: 0.1095  rpn_s.0.loss_giou: 0.8077  rpn_s.1.loss_cls: 0.4706  rpn_s.1.loss_bbox: 0.0505  rpn_s.1.loss_giou: 0.4195  rpn_s.2.loss_cls: 0.4069  rpn_s.2.loss_bbox: 0.0446  rpn_s.2.loss_giou: 0.3709  rpn_s.3.loss_cls: 0.3624  rpn_s.3.loss_bbox: 0.0411  rpn_s.3.loss_giou: 0.3531  s0.loss_cls: 0.4182  s0.pos_acc: 80.0000  s0.loss_bbox: 0.6668  s0.loss_iou: 1.1656  s1.loss_cls: 0.4428  s1.pos_acc: 77.5000  s1.loss_bbox: 0.6920  s1.loss_iou: 1.1652
2026/03/27 10:27:18 - mmengine - INFO - Epoch(train)  [8][ 3400/10002]  lr: 2.5000e-05  eta: 20:58:00  time: 0.3775  data_time: 0.0032  memory: 7329  grad_norm: 80.2602  loss: 8.6090  rpn_s.0.loss_cls: 0.6711  rpn_s.0.loss_bbox: 0.1125  rpn_s.0.loss_giou: 0.8271  rpn_s.1.loss_cls: 0.4690  rpn_s.1.loss_bbox: 0.0514  rpn_s.1.loss_giou: 0.4077  rpn_s.2.loss_cls: 0.3947  rpn_s.2.loss_bbox: 0.0451  rpn_s.2.loss_giou: 0.3625  rpn_s.3.loss_cls: 0.3548  rpn_s.3.loss_bbox: 0.0414  rpn_s.3.loss_giou: 0.3458  s0.loss_cls: 0.4171  s0.pos_acc: 68.1818  s0.loss_bbox: 0.6228  s0.loss_iou: 1.1775  s1.loss_cls: 0.4409  s1.pos_acc: 59.0909  s1.loss_bbox: 0.6590  s1.loss_iou: 1.2086
2026/03/27 10:27:37 - mmengine - INFO - Epoch(train)  [8][ 3450/10002]  lr: 2.5000e-05  eta: 20:57:37  time: 0.3784  data_time: 0.0032  memory: 7329  grad_norm: 79.4122  loss: 8.8048  rpn_s.0.loss_cls: 0.5949  rpn_s.0.loss_bbox: 0.1294  rpn_s.0.loss_giou: 0.8529  rpn_s.1.loss_cls: 0.4414  rpn_s.1.loss_bbox: 0.0624  rpn_s.1.loss_giou: 0.4464  rpn_s.2.loss_cls: 0.3861  rpn_s.2.loss_bbox: 0.0503  rpn_s.2.loss_giou: 0.3785  rpn_s.3.loss_cls: 0.3447  rpn_s.3.loss_bbox: 0.0491  rpn_s.3.loss_giou: 0.3607  s0.loss_cls: 0.4204  s0.pos_acc: 64.2857  s0.loss_bbox: 0.6199  s0.loss_iou: 1.2559  s1.loss_cls: 0.4273  s1.pos_acc: 42.8571  s1.loss_bbox: 0.6737  s1.loss_iou: 1.3108
2026/03/27 10:27:56 - mmengine - INFO - Epoch(train)  [8][ 3500/10002]  lr: 2.5000e-05  eta: 20:57:14  time: 0.3788  data_time: 0.0032  memory: 7329  grad_norm: 79.0403  loss: 8.6841  rpn_s.0.loss_cls: 0.6464  rpn_s.0.loss_bbox: 0.1184  rpn_s.0.loss_giou: 0.8475  rpn_s.1.loss_cls: 0.4659  rpn_s.1.loss_bbox: 0.0486  rpn_s.1.loss_giou: 0.4230  rpn_s.2.loss_cls: 0.4081  rpn_s.2.loss_bbox: 0.0405  rpn_s.2.loss_giou: 0.3637  rpn_s.3.loss_cls: 0.3757  rpn_s.3.loss_bbox: 0.0374  rpn_s.3.loss_giou: 0.3415  s0.loss_cls: 0.4215  s0.pos_acc: 74.7934  s0.loss_bbox: 0.6550  s0.loss_iou: 1.1703  s1.loss_cls: 0.4393  s1.pos_acc: 73.9669  s1.loss_bbox: 0.6869  s1.loss_iou: 1.1944
2026/03/27 10:28:15 - mmengine - INFO - Epoch(train)  [8][ 3550/10002]  lr: 2.5000e-05  eta: 20:56:52  time: 0.3798  data_time: 0.0031  memory: 7329  grad_norm: 76.3180  loss: 8.6851  rpn_s.0.loss_cls: 0.6461  rpn_s.0.loss_bbox: 0.1130  rpn_s.0.loss_giou: 0.8374  rpn_s.1.loss_cls: 0.4396  rpn_s.1.loss_bbox: 0.0470  rpn_s.1.loss_giou: 0.4204  rpn_s.2.loss_cls: 0.3861  rpn_s.2.loss_bbox: 0.0397  rpn_s.2.loss_giou: 0.3673  rpn_s.3.loss_cls: 0.3477  rpn_s.3.loss_bbox: 0.0366  rpn_s.3.loss_giou: 0.3475  s0.loss_cls: 0.4079  s0.pos_acc: 85.7143  s0.loss_bbox: 0.6912  s0.loss_iou: 1.1982  s1.loss_cls: 0.4186  s1.pos_acc: 85.7143  s1.loss_bbox: 0.6982  s1.loss_iou: 1.2427
2026/03/27 10:28:35 - mmengine - INFO - Epoch(train)  [8][ 3600/10002]  lr: 2.5000e-05  eta: 20:56:41  time: 0.3954  data_time: 0.0031  memory: 7330  grad_norm: 69.1935  loss: 8.4593  rpn_s.0.loss_cls: 0.6247  rpn_s.0.loss_bbox: 0.1225  rpn_s.0.loss_giou: 0.8513  rpn_s.1.loss_cls: 0.4476  rpn_s.1.loss_bbox: 0.0544  rpn_s.1.loss_giou: 0.4257  rpn_s.2.loss_cls: 0.3813  rpn_s.2.loss_bbox: 0.0463  rpn_s.2.loss_giou: 0.3712  rpn_s.3.loss_cls: 0.3465  rpn_s.3.loss_bbox: 0.0432  rpn_s.3.loss_giou: 0.3509  s0.loss_cls: 0.3876  s0.pos_acc: 71.7391  s0.loss_bbox: 0.6257  s0.loss_iou: 1.1409  s1.loss_cls: 0.3951  s1.pos_acc: 80.4348  s1.loss_bbox: 0.6581  s1.loss_iou: 1.1864
2026/03/27 10:28:54 - mmengine - INFO - Epoch(train)  [8][ 3650/10002]  lr: 2.5000e-05  eta: 20:56:22  time: 0.3840  data_time: 0.0031  memory: 7329  grad_norm: 73.0434  loss: 8.3751  rpn_s.0.loss_cls: 0.6410  rpn_s.0.loss_bbox: 0.1029  rpn_s.0.loss_giou: 0.8593  rpn_s.1.loss_cls: 0.4411  rpn_s.1.loss_bbox: 0.0423  rpn_s.1.loss_giou: 0.4211  rpn_s.2.loss_cls: 0.3898  rpn_s.2.loss_bbox: 0.0349  rpn_s.2.loss_giou: 0.3599  rpn_s.3.loss_cls: 0.3493  rpn_s.3.loss_bbox: 0.0321  rpn_s.3.loss_giou: 0.3397  s0.loss_cls: 0.3971  s0.pos_acc: 74.2754  s0.loss_bbox: 0.6210  s0.loss_iou: 1.1274  s1.loss_cls: 0.4112  s1.pos_acc: 73.1884  s1.loss_bbox: 0.6523  s1.loss_iou: 1.1528
2026/03/27 10:29:13 - mmengine - INFO - Epoch(train)  [8][ 3700/10002]  lr: 2.5000e-05  eta: 20:56:00  time: 0.3803  data_time: 0.0031  memory: 7329  grad_norm: 79.9870  loss: 8.8987  rpn_s.0.loss_cls: 0.6629  rpn_s.0.loss_bbox: 0.1204  rpn_s.0.loss_giou: 0.8361  rpn_s.1.loss_cls: 0.4856  rpn_s.1.loss_bbox: 0.0550  rpn_s.1.loss_giou: 0.4375  rpn_s.2.loss_cls: 0.4197  rpn_s.2.loss_bbox: 0.0448  rpn_s.2.loss_giou: 0.3746  rpn_s.3.loss_cls: 0.3736  rpn_s.3.loss_bbox: 0.0417  rpn_s.3.loss_giou: 0.3555  s0.loss_cls: 0.4353  s0.pos_acc: 62.5000  s0.loss_bbox: 0.6669  s0.loss_iou: 1.2002  s1.loss_cls: 0.4373  s1.pos_acc: 75.0000  s1.loss_bbox: 0.6948  s1.loss_iou: 1.2569
2026/03/27 10:29:32 - mmengine - INFO - Epoch(train)  [8][ 3750/10002]  lr: 2.5000e-05  eta: 20:55:39  time: 0.3808  data_time: 0.0031  memory: 7329  grad_norm: 75.6768  loss: 8.0391  rpn_s.0.loss_cls: 0.6061  rpn_s.0.loss_bbox: 0.1094  rpn_s.0.loss_giou: 0.7566  rpn_s.1.loss_cls: 0.4499  rpn_s.1.loss_bbox: 0.0487  rpn_s.1.loss_giou: 0.3795  rpn_s.2.loss_cls: 0.3818  rpn_s.2.loss_bbox: 0.0411  rpn_s.2.loss_giou: 0.3294  rpn_s.3.loss_cls: 0.3337  rpn_s.3.loss_bbox: 0.0378  rpn_s.3.loss_giou: 0.3131  s0.loss_cls: 0.4051  s0.pos_acc: 100.0000  s0.loss_bbox: 0.6463  s0.loss_iou: 1.0655  s1.loss_cls: 0.4032  s1.pos_acc: 100.0000  s1.loss_bbox: 0.6353  s1.loss_iou: 1.0968
2026/03/27 10:29:51 - mmengine - INFO - Epoch(train)  [8][ 3800/10002]  lr: 2.5000e-05  eta: 20:55:17  time: 0.3802  data_time: 0.0032  memory: 7329  grad_norm: 76.5983  loss: 8.4627  rpn_s.0.loss_cls: 0.6547  rpn_s.0.loss_bbox: 0.1107  rpn_s.0.loss_giou: 0.8553  rpn_s.1.loss_cls: 0.4493  rpn_s.1.loss_bbox: 0.0430  rpn_s.1.loss_giou: 0.4068  rpn_s.2.loss_cls: 0.3898  rpn_s.2.loss_bbox: 0.0364  rpn_s.2.loss_giou: 0.3540  rpn_s.3.loss_cls: 0.3463  rpn_s.3.loss_bbox: 0.0342  rpn_s.3.loss_giou: 0.3384  s0.loss_cls: 0.3979  s0.pos_acc: 100.0000  s0.loss_bbox: 0.7002  s0.loss_iou: 1.1027  s1.loss_cls: 0.4040  s1.pos_acc: 100.0000  s1.loss_bbox: 0.7132  s1.loss_iou: 1.1258
2026/03/27 10:30:10 - mmengine - INFO - Epoch(train)  [8][ 3850/10002]  lr: 2.5000e-05  eta: 20:54:56  time: 0.3812  data_time: 0.0032  memory: 7329  grad_norm: 69.7488  loss: 8.7472  rpn_s.0.loss_cls: 0.6479  rpn_s.0.loss_bbox: 0.1194  rpn_s.0.loss_giou: 0.8605  rpn_s.1.loss_cls: 0.4689  rpn_s.1.loss_bbox: 0.0508  rpn_s.1.loss_giou: 0.4225  rpn_s.2.loss_cls: 0.4018  rpn_s.2.loss_bbox: 0.0440  rpn_s.2.loss_giou: 0.3688  rpn_s.3.loss_cls: 0.3657  rpn_s.3.loss_bbox: 0.0409  rpn_s.3.loss_giou: 0.3489  s0.loss_cls: 0.4231  s0.pos_acc: 100.0000  s0.loss_bbox: 0.6463  s0.loss_iou: 1.2171  s1.loss_cls: 0.4256  s1.pos_acc: 66.6667  s1.loss_bbox: 0.6646  s1.loss_iou: 1.2303
2026/03/27 10:30:29 - mmengine - INFO - Epoch(train)  [8][ 3900/10002]  lr: 2.5000e-05  eta: 20:54:34  time: 0.3801  data_time: 0.0032  memory: 7329  grad_norm: 75.5161  loss: 8.9359  rpn_s.0.loss_cls: 0.6959  rpn_s.0.loss_bbox: 0.1141  rpn_s.0.loss_giou: 0.9442  rpn_s.1.loss_cls: 0.4960  rpn_s.1.loss_bbox: 0.0433  rpn_s.1.loss_giou: 0.4399  rpn_s.2.loss_cls: 0.4255  rpn_s.2.loss_bbox: 0.0343  rpn_s.2.loss_giou: 0.3771  rpn_s.3.loss_cls: 0.3824  rpn_s.3.loss_bbox: 0.0323  rpn_s.3.loss_giou: 0.3596  s0.loss_cls: 0.4465  s0.pos_acc: 83.3333  s0.loss_bbox: 0.6638  s0.loss_iou: 1.1716  s1.loss_cls: 0.4407  s1.pos_acc: 100.0000  s1.loss_bbox: 0.6658  s1.loss_iou: 1.2029
2026/03/27 10:30:48 - mmengine - INFO - Epoch(train)  [8][ 3950/10002]  lr: 2.5000e-05  eta: 20:54:11  time: 0.3773  data_time: 0.0031  memory: 7329  grad_norm: 80.3767  loss: 8.5091  rpn_s.0.loss_cls: 0.6386  rpn_s.0.loss_bbox: 0.1173  rpn_s.0.loss_giou: 0.8536  rpn_s.1.loss_cls: 0.4583  rpn_s.1.loss_bbox: 0.0454  rpn_s.1.loss_giou: 0.4162  rpn_s.2.loss_cls: 0.3968  rpn_s.2.loss_bbox: 0.0385  rpn_s.2.loss_giou: 0.3612  rpn_s.3.loss_cls: 0.3492  rpn_s.3.loss_bbox: 0.0368  rpn_s.3.loss_giou: 0.3470  s0.loss_cls: 0.4127  s0.pos_acc: 92.8571  s0.loss_bbox: 0.6607  s0.loss_iou: 1.1123  s1.loss_cls: 0.4151  s1.pos_acc: 100.0000  s1.loss_bbox: 0.7138  s1.loss_iou: 1.1358
2026/03/27 10:31:04 - mmengine - INFO - Exp name: GSDet_r50_b900_h2h4_h2r1_r2r1_2x_fair1m1.0_20260327_090119
2026/03/27 10:31:07 - mmengine - INFO - Epoch(train)  [8][ 4000/10002]  lr: 2.5000e-05  eta: 20:53:49  time: 0.3806  data_time: 0.0031  memory: 7329  grad_norm: 80.2099  loss: 8.0912  rpn_s.0.loss_cls: 0.6331  rpn_s.0.loss_bbox: 0.1086  rpn_s.0.loss_giou: 0.7080  rpn_s.1.loss_cls: 0.4644  rpn_s.1.loss_bbox: 0.0507  rpn_s.1.loss_giou: 0.3742  rpn_s.2.loss_cls: 0.4121  rpn_s.2.loss_bbox: 0.0448  rpn_s.2.loss_giou: 0.3266  rpn_s.3.loss_cls: 0.3773  rpn_s.3.loss_bbox: 0.0433  rpn_s.3.loss_giou: 0.3127  s0.loss_cls: 0.4226  s0.pos_acc: 71.6667  s0.loss_bbox: 0.6022  s0.loss_iou: 1.0434  s1.loss_cls: 0.4465  s1.pos_acc: 73.3333  s1.loss_bbox: 0.6560  s1.loss_iou: 1.0648
2026/03/27 10:31:26 - mmengine - INFO - Epoch(train)  [8][ 4050/10002]  lr: 2.5000e-05  eta: 20:53:32  time: 0.3861  data_time: 0.0031  memory: 7329  grad_norm: 62.5299  loss: 9.4383  rpn_s.0.loss_cls: 0.6680  rpn_s.0.loss_bbox: 0.1283  rpn_s.0.loss_giou: 0.9679  rpn_s.1.loss_cls: 0.4659  rpn_s.1.loss_bbox: 0.0591  rpn_s.1.loss_giou: 0.5038  rpn_s.2.loss_cls: 0.4037  rpn_s.2.loss_bbox: 0.0479  rpn_s.2.loss_giou: 0.4246  rpn_s.3.loss_cls: 0.3624  rpn_s.3.loss_bbox: 0.0452  rpn_s.3.loss_giou: 0.4061  s0.loss_cls: 0.4157  s0.pos_acc: 75.5725  s0.loss_bbox: 0.5946  s0.loss_iou: 1.4256  s1.loss_cls: 0.4195  s1.pos_acc: 78.2443  s1.loss_bbox: 0.6323  s1.loss_iou: 1.4677
2026/03/27 10:31:46 - mmengine - INFO - Epoch(train)  [8][ 4100/10002]  lr: 2.5000e-05  eta: 20:53:14  time: 0.3855  data_time: 0.0032  memory: 7330  grad_norm: 76.7510  loss: 8.9057  rpn_s.0.loss_cls: 0.6545  rpn_s.0.loss_bbox: 0.1192  rpn_s.0.loss_giou: 0.8956  rpn_s.1.loss_cls: 0.4633  rpn_s.1.loss_bbox: 0.0510  rpn_s.1.loss_giou: 0.4543  rpn_s.2.loss_cls: 0.4005  rpn_s.2.loss_bbox: 0.0423  rpn_s.2.loss_giou: 0.3856  rpn_s.3.loss_cls: 0.3595  rpn_s.3.loss_bbox: 0.0398  rpn_s.3.loss_giou: 0.3651  s0.loss_cls: 0.4146  s0.pos_acc: 75.0000  s0.loss_bbox: 0.6032  s0.loss_iou: 1.2858  s1.loss_cls: 0.4283  s1.pos_acc: 62.5000  s1.loss_bbox: 0.6367  s1.loss_iou: 1.3067
2026/03/27 10:32:04 - mmengine - INFO - Epoch(train)  [8][ 4150/10002]  lr: 2.5000e-05  eta: 20:52:51  time: 0.3789  data_time: 0.0031  memory: 7329  grad_norm: 76.0211  loss: 8.7124  rpn_s.0.loss_cls: 0.6641  rpn_s.0.loss_bbox: 0.1212  rpn_s.0.loss_giou: 0.8658  rpn_s.1.loss_cls: 0.4775  rpn_s.1.loss_bbox: 0.0540  rpn_s.1.loss_giou: 0.4243  rpn_s.2.loss_cls: 0.3893  rpn_s.2.loss_bbox: 0.0476  rpn_s.2.loss_giou: 0.3638  rpn_s.3.loss_cls: 0.3540  rpn_s.3.loss_bbox: 0.0458  rpn_s.3.loss_giou: 0.3479  s0.loss_cls: 0.4077  s0.pos_acc: 74.1379  s0.loss_bbox: 0.6542  s0.loss_iou: 1.1878  s1.loss_cls: 0.4103  s1.pos_acc: 74.1379  s1.loss_bbox: 0.6887  s1.loss_iou: 1.2085
2026/03/27 10:32:24 - mmengine - INFO - Epoch(train)  [8][ 4200/10002]  lr: 2.5000e-05  eta: 20:52:31  time: 0.3819  data_time: 0.0031  memory: 7329  grad_norm: 74.5393  loss: 7.8201  rpn_s.0.loss_cls: 0.6106  rpn_s.0.loss_bbox: 0.1112  rpn_s.0.loss_giou: 0.7534  rpn_s.1.loss_cls: 0.4332  rpn_s.1.loss_bbox: 0.0479  rpn_s.1.loss_giou: 0.3666  rpn_s.2.loss_cls: 0.3690  rpn_s.2.loss_bbox: 0.0401  rpn_s.2.loss_giou: 0.3107  rpn_s.3.loss_cls: 0.3291  rpn_s.3.loss_bbox: 0.0384  rpn_s.3.loss_giou: 0.2961  s0.loss_cls: 0.3570  s0.pos_acc: 63.7931  s0.loss_bbox: 0.6291  s0.loss_iou: 1.0533  s1.loss_cls: 0.3719  s1.pos_acc: 56.8965  s1.loss_bbox: 0.6461  s1.loss_iou: 1.0564
2026/03/27 10:32:43 - mmengine - INFO - Epoch(train)  [8][ 4250/10002]  lr: 2.5000e-05  eta: 20:52:11  time: 0.3837  data_time: 0.0031  memory: 7330  grad_norm: 77.3334  loss: 8.6466  rpn_s.0.loss_cls: 0.6465  rpn_s.0.loss_bbox: 0.1160  rpn_s.0.loss_giou: 0.8273  rpn_s.1.loss_cls: 0.4787  rpn_s.1.loss_bbox: 0.0518  rpn_s.1.loss_giou: 0.4249  rpn_s.2.loss_cls: 0.4091  rpn_s.2.loss_bbox: 0.0434  rpn_s.2.loss_giou: 0.3645  rpn_s.3.loss_cls: 0.3720  rpn_s.3.loss_bbox: 0.0410  rpn_s.3.loss_giou: 0.3456  s0.loss_cls: 0.4072  s0.pos_acc: 76.4706  s0.loss_bbox: 0.6302  s0.loss_iou: 1.2028  s1.loss_cls: 0.4124  s1.pos_acc: 85.2941  s1.loss_bbox: 0.6185  s1.loss_iou: 1.2546
2026/03/27 10:33:02 - mmengine - INFO - Epoch(train)  [8][ 4300/10002]  lr: 2.5000e-05  eta: 20:51:50  time: 0.3801  data_time: 0.0031  memory: 7329  grad_norm: 77.6469  loss: 8.8091  rpn_s.0.loss_cls: 0.6921  rpn_s.0.loss_bbox: 0.1182  rpn_s.0.loss_giou: 0.8881  rpn_s.1.loss_cls: 0.4662  rpn_s.1.loss_bbox: 0.0548  rpn_s.1.loss_giou: 0.4504  rpn_s.2.loss_cls: 0.3986  rpn_s.2.loss_bbox: 0.0432  rpn_s.2.loss_giou: 0.3821  rpn_s.3.loss_cls: 0.3524  rpn_s.3.loss_bbox: 0.0397  rpn_s.3.loss_giou: 0.3605  s0.loss_cls: 0.4158  s0.pos_acc: 71.5278  s0.loss_bbox: 0.6037  s0.loss_iou: 1.2544  s1.loss_cls: 0.4047  s1.pos_acc: 69.4444  s1.loss_bbox: 0.6296  s1.loss_iou: 1.2546
2026/03/27 10:33:21 - mmengine - INFO - Epoch(train)  [8][ 4350/10002]  lr: 2.5000e-05  eta: 20:51:32  time: 0.3853  data_time: 0.0031  memory: 7329  grad_norm: 78.3839  loss: 8.7462  rpn_s.0.loss_cls: 0.6467  rpn_s.0.loss_bbox: 0.1121  rpn_s.0.loss_giou: 0.8457  rpn_s.1.loss_cls: 0.4776  rpn_s.1.loss_bbox: 0.0524  rpn_s.1.loss_giou: 0.4346  rpn_s.2.loss_cls: 0.4230  rpn_s.2.loss_bbox: 0.0438  rpn_s.2.loss_giou: 0.3730  rpn_s.3.loss_cls: 0.3892  rpn_s.3.loss_bbox: 0.0408  rpn_s.3.loss_giou: 0.3493  s0.loss_cls: 0.4406  s0.pos_acc: 65.0000  s0.loss_bbox: 0.6258  s0.loss_iou: 1.1810  s1.loss_cls: 0.4634  s1.pos_acc: 75.0000  s1.loss_bbox: 0.6279  s1.loss_iou: 1.2193
2026/03/27 10:33:40 - mmengine - INFO - Epoch(train)  [8][ 4400/10002]  lr: 2.5000e-05  eta: 20:51:11  time: 0.3816  data_time: 0.0031  memory: 7329  grad_norm: 72.9971  loss: 8.4553  rpn_s.0.loss_cls: 0.6450  rpn_s.0.loss_bbox: 0.1131  rpn_s.0.loss_giou: 0.7113  rpn_s.1.loss_cls: 0.5052  rpn_s.1.loss_bbox: 0.0576  rpn_s.1.loss_giou: 0.3890  rpn_s.2.loss_cls: 0.4313  rpn_s.2.loss_bbox: 0.0489  rpn_s.2.loss_giou: 0.3430  rpn_s.3.loss_cls: 0.3826  rpn_s.3.loss_bbox: 0.0453  rpn_s.3.loss_giou: 0.3266  s0.loss_cls: 0.4311  s0.pos_acc: 60.8696  s0.loss_bbox: 0.6862  s0.loss_iou: 1.0680  s1.loss_cls: 0.4437  s1.pos_acc: 56.5217  s1.loss_bbox: 0.7085  s1.loss_iou: 1.1187
2026/03/27 10:33:59 - mmengine - INFO - Epoch(train)  [8][ 4450/10002]  lr: 2.5000e-05  eta: 20:50:51  time: 0.3827  data_time: 0.0031  memory: 7329  grad_norm: 78.0111  loss: 8.2691  rpn_s.0.loss_cls: 0.6468  rpn_s.0.loss_bbox: 0.1092  rpn_s.0.loss_giou: 0.7970  rpn_s.1.loss_cls: 0.4849  rpn_s.1.loss_bbox: 0.0498  rpn_s.1.loss_giou: 0.3955  rpn_s.2.loss_cls: 0.4193  rpn_s.2.loss_bbox: 0.0416  rpn_s.2.loss_giou: 0.3410  rpn_s.3.loss_cls: 0.3821  rpn_s.3.loss_bbox: 0.0405  rpn_s.3.loss_giou: 0.3274  s0.loss_cls: 0.4438  s0.pos_acc: 62.9032  s0.loss_bbox: 0.5349  s0.loss_iou: 1.1176  s1.loss_cls: 0.4562  s1.pos_acc: 75.8064  s1.loss_bbox: 0.5338  s1.loss_iou: 1.1476
2026/03/27 10:34:19 - mmengine - INFO - Epoch(train)  [8][ 4500/10002]  lr: 2.5000e-05  eta: 20:50:34  time: 0.3872  data_time: 0.0031  memory: 7330  grad_norm: 66.5066  loss: 8.5226  rpn_s.0.loss_cls: 0.6426  rpn_s.0.loss_bbox: 0.1165  rpn_s.0.loss_giou: 0.8773  rpn_s.1.loss_cls: 0.4658  rpn_s.1.loss_bbox: 0.0496  rpn_s.1.loss_giou: 0.4341  rpn_s.2.loss_cls: 0.3800  rpn_s.2.loss_bbox: 0.0393  rpn_s.2.loss_giou: 0.3664  rpn_s.3.loss_cls: 0.3416  rpn_s.3.loss_bbox: 0.0363  rpn_s.3.loss_giou: 0.3467  s0.loss_cls: 0.3956  s0.pos_acc: 100.0000  s0.loss_bbox: 0.5716  s0.loss_iou: 1.2028  s1.loss_cls: 0.4011  s1.pos_acc: 100.0000  s1.loss_bbox: 0.6104  s1.loss_iou: 1.2448
2026/03/27 10:34:38 - mmengine - INFO - Epoch(train)  [8][ 4550/10002]  lr: 2.5000e-05  eta: 20:50:12  time: 0.3792  data_time: 0.0031  memory: 7329  grad_norm: 73.9491  loss: 8.5012  rpn_s.0.loss_cls: 0.6464  rpn_s.0.loss_bbox: 0.1123  rpn_s.0.loss_giou: 0.7903  rpn_s.1.loss_cls: 0.4771  rpn_s.1.loss_bbox: 0.0502  rpn_s.1.loss_giou: 0.4069  rpn_s.2.loss_cls: 0.3993  rpn_s.2.loss_bbox: 0.0433  rpn_s.2.loss_giou: 0.3511  rpn_s.3.loss_cls: 0.3669  rpn_s.3.loss_bbox: 0.0408  rpn_s.3.loss_giou: 0.3313  s0.loss_cls: 0.4328  s0.pos_acc: 64.8148  s0.loss_bbox: 0.6860  s0.loss_iou: 1.1108  s1.loss_cls: 0.4273  s1.pos_acc: 66.6667  s1.loss_bbox: 0.7091  s1.loss_iou: 1.1193
2026/03/27 10:34:57 - mmengine - INFO - Epoch(train)  [8][ 4600/10002]  lr: 2.5000e-05  eta: 20:49:54  time: 0.3855  data_time: 0.0031  memory: 7330  grad_norm: 82.1114  loss: 8.7781  rpn_s.0.loss_cls: 0.6505  rpn_s.0.loss_bbox: 0.1189  rpn_s.0.loss_giou: 0.8474  rpn_s.1.loss_cls: 0.4707  rpn_s.1.loss_bbox: 0.0555  rpn_s.1.loss_giou: 0.4332  rpn_s.2.loss_cls: 0.4037  rpn_s.2.loss_bbox: 0.0476  rpn_s.2.loss_giou: 0.3717  rpn_s.3.loss_cls: 0.3646  rpn_s.3.loss_bbox: 0.0441  rpn_s.3.loss_giou: 0.3517  s0.loss_cls: 0.4163  s0.pos_acc: 82.0819  s0.loss_bbox: 0.6356  s0.loss_iou: 1.2351  s1.loss_cls: 0.4234  s1.pos_acc: 83.1058  s1.loss_bbox: 0.6470  s1.loss_iou: 1.2611
2026/03/27 10:35:16 - mmengine - INFO - Epoch(train)  [8][ 4650/10002]  lr: 2.5000e-05  eta: 20:49:33  time: 0.3813  data_time: 0.0031  memory: 7329  grad_norm: 79.8072  loss: 8.1696  rpn_s.0.loss_cls: 0.6349  rpn_s.0.loss_bbox: 0.1062  rpn_s.0.loss_giou: 0.7811  rpn_s.1.loss_cls: 0.4552  rpn_s.1.loss_bbox: 0.0455  rpn_s.1.loss_giou: 0.3786  rpn_s.2.loss_cls: 0.3816  rpn_s.2.loss_bbox: 0.0390  rpn_s.2.loss_giou: 0.3288  rpn_s.3.loss_cls: 0.3550  rpn_s.3.loss_bbox: 0.0372  rpn_s.3.loss_giou: 0.3180  s0.loss_cls: 0.3936  s0.pos_acc: 66.6667  s0.loss_bbox: 0.6407  s0.loss_iou: 1.0810  s1.loss_cls: 0.4040  s1.pos_acc: 77.7778  s1.loss_bbox: 0.6752  s1.loss_iou: 1.1139
2026/03/27 10:35:35 - mmengine - INFO - Epoch(train)  [8][ 4700/10002]  lr: 2.5000e-05  eta: 20:49:13  time: 0.3826  data_time: 0.0031  memory: 7329  grad_norm: 69.4765  loss: 8.8770  rpn_s.0.loss_cls: 0.6554  rpn_s.0.loss_bbox: 0.1117  rpn_s.0.loss_giou: 0.8986  rpn_s.1.loss_cls: 0.4647  rpn_s.1.loss_bbox: 0.0486  rpn_s.1.loss_giou: 0.4472  rpn_s.2.loss_cls: 0.3961  rpn_s.2.loss_bbox: 0.0412  rpn_s.2.loss_giou: 0.3827  rpn_s.3.loss_cls: 0.3630  rpn_s.3.loss_bbox: 0.0379  rpn_s.3.loss_giou: 0.3635  s0.loss_cls: 0.4187  s0.pos_acc: 70.1389  s0.loss_bbox: 0.6216  s0.loss_iou: 1.2556  s1.loss_cls: 0.4281  s1.pos_acc: 72.5694  s1.loss_bbox: 0.6674  s1.loss_iou: 1.2752
2026/03/27 10:35:54 - mmengine - INFO - Epoch(train)  [8][ 4750/10002]  lr: 2.5000e-05  eta: 20:48:49  time: 0.3759  data_time: 0.0031  memory: 7329  grad_norm: 77.9362  loss: 8.1706  rpn_s.0.loss_cls: 0.6291  rpn_s.0.loss_bbox: 0.1092  rpn_s.0.loss_giou: 0.7940  rpn_s.1.loss_cls: 0.4429  rpn_s.1.loss_bbox: 0.0501  rpn_s.1.loss_giou: 0.4025  rpn_s.2.loss_cls: 0.3682  rpn_s.2.loss_bbox: 0.0435  rpn_s.2.loss_giou: 0.3439  rpn_s.3.loss_cls: 0.3377  rpn_s.3.loss_bbox: 0.0401  rpn_s.3.loss_giou: 0.3251  s0.loss_cls: 0.3938  s0.pos_acc: 54.0000  s0.loss_bbox: 0.6537  s0.loss_iou: 1.0852  s1.loss_cls: 0.4097  s1.pos_acc: 60.0000  s1.loss_bbox: 0.6335  s1.loss_iou: 1.1082
2026/03/27 10:36:13 - mmengine - INFO - Epoch(train)  [8][ 4800/10002]  lr: 2.5000e-05  eta: 20:48:23  time: 0.3736  data_time: 0.0032  memory: 7329  grad_norm: 80.2035  loss: 8.1474  rpn_s.0.loss_cls: 0.6334  rpn_s.0.loss_bbox: 0.1146  rpn_s.0.loss_giou: 0.7422  rpn_s.1.loss_cls: 0.4539  rpn_s.1.loss_bbox: 0.0468  rpn_s.1.loss_giou: 0.3737  rpn_s.2.loss_cls: 0.3871  rpn_s.2.loss_bbox: 0.0410  rpn_s.2.loss_giou: 0.3351  rpn_s.3.loss_cls: 0.3491  rpn_s.3.loss_bbox: 0.0383  rpn_s.3.loss_giou: 0.3182  s0.loss_cls: 0.3810  s0.pos_acc: 93.7500  s0.loss_bbox: 0.6423  s0.loss_iou: 1.1014  s1.loss_cls: 0.4041  s1.pos_acc: 87.5000  s1.loss_bbox: 0.6540  s1.loss_iou: 1.1312
2026/03/27 10:36:31 - mmengine - INFO - Epoch(train)  [8][ 4850/10002]  lr: 2.5000e-05  eta: 20:47:58  time: 0.3743  data_time: 0.0032  memory: 7329  grad_norm: 75.2564  loss: 8.0999  rpn_s.0.loss_cls: 0.6510  rpn_s.0.loss_bbox: 0.1063  rpn_s.0.loss_giou: 0.7893  rpn_s.1.loss_cls: 0.4728  rpn_s.1.loss_bbox: 0.0471  rpn_s.1.loss_giou: 0.4007  rpn_s.2.loss_cls: 0.4062  rpn_s.2.loss_bbox: 0.0390  rpn_s.2.loss_giou: 0.3421  rpn_s.3.loss_cls: 0.3675  rpn_s.3.loss_bbox: 0.0353  rpn_s.3.loss_giou: 0.3182  s0.loss_cls: 0.4068  s0.pos_acc: 80.4348  s0.loss_bbox: 0.5787  s0.loss_iou: 1.0537  s1.loss_cls: 0.4133  s1.pos_acc: 77.1739  s1.loss_bbox: 0.5939  s1.loss_iou: 1.0779
2026/03/27 10:36:50 - mmengine - INFO - Epoch(train)  [8][ 4900/10002]  lr: 2.5000e-05  eta: 20:47:36  time: 0.3804  data_time: 0.0032  memory: 7329  grad_norm: 76.9629  loss: 8.4080  rpn_s.0.loss_cls: 0.6418  rpn_s.0.loss_bbox: 0.1173  rpn_s.0.loss_giou: 0.7848  rpn_s.1.loss_cls: 0.4691  rpn_s.1.loss_bbox: 0.0529  rpn_s.1.loss_giou: 0.4081  rpn_s.2.loss_cls: 0.3907  rpn_s.2.loss_bbox: 0.0438  rpn_s.2.loss_giou: 0.3509  rpn_s.3.loss_cls: 0.3577  rpn_s.3.loss_bbox: 0.0417  rpn_s.3.loss_giou: 0.3345  s0.loss_cls: 0.4032  s0.pos_acc: 79.9492  s0.loss_bbox: 0.6332  s0.loss_iou: 1.1488  s1.loss_cls: 0.4165  s1.pos_acc: 82.2335  s1.loss_bbox: 0.6476  s1.loss_iou: 1.1654
2026/03/27 10:37:09 - mmengine - INFO - Epoch(train)  [8][ 4950/10002]  lr: 2.5000e-05  eta: 20:47:15  time: 0.3794  data_time: 0.0032  memory: 7330  grad_norm: 73.4732  loss: 8.5928  rpn_s.0.loss_cls: 0.6485  rpn_s.0.loss_bbox: 0.1158  rpn_s.0.loss_giou: 0.8477  rpn_s.1.loss_cls: 0.4692  rpn_s.1.loss_bbox: 0.0511  rpn_s.1.loss_giou: 0.4289  rpn_s.2.loss_cls: 0.3933  rpn_s.2.loss_bbox: 0.0409  rpn_s.2.loss_giou: 0.3591  rpn_s.3.loss_cls: 0.3507  rpn_s.3.loss_bbox: 0.0372  rpn_s.3.loss_giou: 0.3363  s0.loss_cls: 0.3920  s0.pos_acc: 75.0000  s0.loss_bbox: 0.6640  s0.loss_iou: 1.1585  s1.loss_cls: 0.3952  s1.pos_acc: 70.4545  s1.loss_bbox: 0.6893  s1.loss_iou: 1.2152
2026/03/27 10:37:25 - mmengine - INFO - Exp name: GSDet_r50_b900_h2h4_h2r1_r2r1_2x_fair1m1.0_20260327_090119
2026/03/27 10:37:28 - mmengine - INFO - Epoch(train)  [8][ 5000/10002]  lr: 2.5000e-05  eta: 20:46:52  time: 0.3785  data_time: 0.0032  memory: 7329  grad_norm: 88.3151  loss: 8.7336  rpn_s.0.loss_cls: 0.6815  rpn_s.0.loss_bbox: 0.1232  rpn_s.0.loss_giou: 0.8791  rpn_s.1.loss_cls: 0.4855  rpn_s.1.loss_bbox: 0.0511  rpn_s.1.loss_giou: 0.4357  rpn_s.2.loss_cls: 0.4068  rpn_s.2.loss_bbox: 0.0434  rpn_s.2.loss_giou: 0.3810  rpn_s.3.loss_cls: 0.3663  rpn_s.3.loss_bbox: 0.0406  rpn_s.3.loss_giou: 0.3611  s0.loss_cls: 0.4159  s0.pos_acc: 79.1667  s0.loss_bbox: 0.6093  s0.loss_iou: 1.1657  s1.loss_cls: 0.4292  s1.pos_acc: 64.5833  s1.loss_bbox: 0.6590  s1.loss_iou: 1.1994
2026/03/27 10:37:47 - mmengine - INFO - Epoch(train)  [8][ 5050/10002]  lr: 2.5000e-05  eta: 20:46:28  time: 0.3766  data_time: 0.0032  memory: 7330  grad_norm: 82.8358  loss: 8.8499  rpn_s.0.loss_cls: 0.6580  rpn_s.0.loss_bbox: 0.1136  rpn_s.0.loss_giou: 0.8144  rpn_s.1.loss_cls: 0.4897  rpn_s.1.loss_bbox: 0.0491  rpn_s.1.loss_giou: 0.4163  rpn_s.2.loss_cls: 0.4173  rpn_s.2.loss_bbox: 0.0428  rpn_s.2.loss_giou: 0.3722  rpn_s.3.loss_cls: 0.3843  rpn_s.3.loss_bbox: 0.0403  rpn_s.3.loss_giou: 0.3530  s0.loss_cls: 0.4502  s0.pos_acc: 80.3279  s0.loss_bbox: 0.6859  s0.loss_iou: 1.1879  s1.loss_cls: 0.4601  s1.pos_acc: 80.3279  s1.loss_bbox: 0.7169  s1.loss_iou: 1.1979
2026/03/27 10:38:06 - mmengine - INFO - Epoch(train)  [8][ 5100/10002]  lr: 2.5000e-05  eta: 20:46:06  time: 0.3788  data_time: 0.0032  memory: 7330  grad_norm: 73.0790  loss: 8.6710  rpn_s.0.loss_cls: 0.6386  rpn_s.0.loss_bbox: 0.1190  rpn_s.0.loss_giou: 0.7989  rpn_s.1.loss_cls: 0.4756  rpn_s.1.loss_bbox: 0.0566  rpn_s.1.loss_giou: 0.4255  rpn_s.2.loss_cls: 0.4109  rpn_s.2.loss_bbox: 0.0491  rpn_s.2.loss_giou: 0.3667  rpn_s.3.loss_cls: 0.3733  rpn_s.3.loss_bbox: 0.0449  rpn_s.3.loss_giou: 0.3458  s0.loss_cls: 0.4323  s0.pos_acc: 100.0000  s0.loss_bbox: 0.6562  s0.loss_iou: 1.1672  s1.loss_cls: 0.4472  s1.pos_acc: 100.0000  s1.loss_bbox: 0.6836  s1.loss_iou: 1.1795
2026/03/27 10:38:25 - mmengine - INFO - Epoch(train)  [8][ 5150/10002]  lr: 2.5000e-05  eta: 20:45:45  time: 0.3799  data_time: 0.0032  memory: 7330  grad_norm: 76.0732  loss: 8.7886  rpn_s.0.loss_cls: 0.6848  rpn_s.0.loss_bbox: 0.1191  rpn_s.0.loss_giou: 0.9014  rpn_s.1.loss_cls: 0.4877  rpn_s.1.loss_bbox: 0.0495  rpn_s.1.loss_giou: 0.4367  rpn_s.2.loss_cls: 0.3998  rpn_s.2.loss_bbox: 0.0415  rpn_s.2.loss_giou: 0.3738  rpn_s.3.loss_cls: 0.3605  rpn_s.3.loss_bbox: 0.0392  rpn_s.3.loss_giou: 0.3537  s0.loss_cls: 0.4068  s0.pos_acc: 71.6667  s0.loss_bbox: 0.6309  s0.loss_iou: 1.2092  s1.loss_cls: 0.4124  s1.pos_acc: 78.3333  s1.loss_bbox: 0.6561  s1.loss_iou: 1.2256
2026/03/27 10:38:44 - mmengine - INFO - Epoch(train)  [8][ 5200/10002]  lr: 2.5000e-05  eta: 20:45:22  time: 0.3787  data_time: 0.0032  memory: 7329  grad_norm: 66.9984  loss: 9.2822  rpn_s.0.loss_cls: 0.6961  rpn_s.0.loss_bbox: 0.1151  rpn_s.0.loss_giou: 0.9368  rpn_s.1.loss_cls: 0.4845  rpn_s.1.loss_bbox: 0.0474  rpn_s.1.loss_giou: 0.4744  rpn_s.2.loss_cls: 0.4212  rpn_s.2.loss_bbox: 0.0405  rpn_s.2.loss_giou: 0.4129  rpn_s.3.loss_cls: 0.3790  rpn_s.3.loss_bbox: 0.0376  rpn_s.3.loss_giou: 0.3914  s0.loss_cls: 0.4445  s0.pos_acc: 79.7619  s0.loss_bbox: 0.6147  s0.loss_iou: 1.3365  s1.loss_cls: 0.4428  s1.pos_acc: 79.7619  s1.loss_bbox: 0.6583  s1.loss_iou: 1.3485
2026/03/27 10:39:03 - mmengine - INFO - Epoch(train)  [8][ 5250/10002]  lr: 2.5000e-05  eta: 20:44:58  time: 0.3758  data_time: 0.0032  memory: 7329  grad_norm: 73.2292  loss: 8.5101  rpn_s.0.loss_cls: 0.6500  rpn_s.0.loss_bbox: 0.1163  rpn_s.0.loss_giou: 0.8289  rpn_s.1.loss_cls: 0.4680  rpn_s.1.loss_bbox: 0.0517  rpn_s.1.loss_giou: 0.4135  rpn_s.2.loss_cls: 0.3931  rpn_s.2.loss_bbox: 0.0450  rpn_s.2.loss_giou: 0.3586  rpn_s.3.loss_cls: 0.3597  rpn_s.3.loss_bbox: 0.0423  rpn_s.3.loss_giou: 0.3395  s0.loss_cls: 0.4278  s0.pos_acc: 74.4186  s0.loss_bbox: 0.6482  s0.loss_iou: 1.1200  s1.loss_cls: 0.4326  s1.pos_acc: 70.9302  s1.loss_bbox: 0.6715  s1.loss_iou: 1.1435
2026/03/27 10:39:21 - mmengine - INFO - Epoch(train)  [8][ 5300/10002]  lr: 2.5000e-05  eta: 20:44:32  time: 0.3726  data_time: 0.0032  memory: 7329  grad_norm: 91.4947  loss: 8.0007  rpn_s.0.loss_cls: 0.6103  rpn_s.0.loss_bbox: 0.1130  rpn_s.0.loss_giou: 0.7402  rpn_s.1.loss_cls: 0.4409  rpn_s.1.loss_bbox: 0.0522  rpn_s.1.loss_giou: 0.3856  rpn_s.2.loss_cls: 0.3719  rpn_s.2.loss_bbox: 0.0444  rpn_s.2.loss_giou: 0.3314  rpn_s.3.loss_cls: 0.3289  rpn_s.3.loss_bbox: 0.0427  rpn_s.3.loss_giou: 0.3187  s0.loss_cls: 0.3874  s0.pos_acc: 100.0000  s0.loss_bbox: 0.5854  s0.loss_iou: 1.1079  s1.loss_cls: 0.3909  s1.pos_acc: 100.0000  s1.loss_bbox: 0.6134  s1.loss_iou: 1.1357
2026/03/27 10:39:40 - mmengine - INFO - Epoch(train)  [8][ 5350/10002]  lr: 2.5000e-05  eta: 20:44:10  time: 0.3792  data_time: 0.0032  memory: 7330  grad_norm: 70.6844  loss: 8.5416  rpn_s.0.loss_cls: 0.6156  rpn_s.0.loss_bbox: 0.1168  rpn_s.0.loss_giou: 0.8920  rpn_s.1.loss_cls: 0.4308  rpn_s.1.loss_bbox: 0.0491  rpn_s.1.loss_giou: 0.4312  rpn_s.2.loss_cls: 0.3564  rpn_s.2.loss_bbox: 0.0414  rpn_s.2.loss_giou: 0.3703  rpn_s.3.loss_cls: 0.3174  rpn_s.3.loss_bbox: 0.0371  rpn_s.3.loss_giou: 0.3465  s0.loss_cls: 0.3576  s0.pos_acc: 84.6154  s0.loss_bbox: 0.6883  s0.loss_iou: 1.1878  s1.loss_cls: 0.3742  s1.pos_acc: 73.0769  s1.loss_bbox: 0.7176  s1.loss_iou: 1.2114
2026/03/27 10:39:59 - mmengine - INFO - Epoch(train)  [8][ 5400/10002]  lr: 2.5000e-05  eta: 20:43:47  time: 0.3772  data_time: 0.0032  memory: 7330  grad_norm: 75.1729  loss: 8.2178  rpn_s.0.loss_cls: 0.6330  rpn_s.0.loss_bbox: 0.1094  rpn_s.0.loss_giou: 0.8112  rpn_s.1.loss_cls: 0.4525  rpn_s.1.loss_bbox: 0.0465  rpn_s.1.loss_giou: 0.3954  rpn_s.2.loss_cls: 0.4007  rpn_s.2.loss_bbox: 0.0392  rpn_s.2.loss_giou: 0.3416  rpn_s.3.loss_cls: 0.3730  rpn_s.3.loss_bbox: 0.0353  rpn_s.3.loss_giou: 0.3223  s0.loss_cls: 0.3993  s0.pos_acc: 90.0000  s0.loss_bbox: 0.5969  s0.loss_iou: 1.0808  s1.loss_cls: 0.4141  s1.pos_acc: 90.0000  s1.loss_bbox: 0.6567  s1.loss_iou: 1.1101
2026/03/27 10:40:18 - mmengine - INFO - Epoch(train)  [8][ 5450/10002]  lr: 2.5000e-05  eta: 20:43:27  time: 0.3813  data_time: 0.0032  memory: 7329  grad_norm: 70.6292  loss: 8.7221  rpn_s.0.loss_cls: 0.6465  rpn_s.0.loss_bbox: 0.1225  rpn_s.0.loss_giou: 0.9039  rpn_s.1.loss_cls: 0.4551  rpn_s.1.loss_bbox: 0.0496  rpn_s.1.loss_giou: 0.4392  rpn_s.2.loss_cls: 0.3804  rpn_s.2.loss_bbox: 0.0427  rpn_s.2.loss_giou: 0.3826  rpn_s.3.loss_cls: 0.3382  rpn_s.3.loss_bbox: 0.0387  rpn_s.3.loss_giou: 0.3580  s0.loss_cls: 0.3925  s0.pos_acc: 62.5000  s0.loss_bbox: 0.6196  s0.loss_iou: 1.2579  s1.loss_cls: 0.3869  s1.pos_acc: 78.1250  s1.loss_bbox: 0.6458  s1.loss_iou: 1.2622
2026/03/27 10:40:37 - mmengine - INFO - Epoch(train)  [8][ 5500/10002]  lr: 2.5000e-05  eta: 20:43:05  time: 0.3801  data_time: 0.0032  memory: 7329  grad_norm: 75.9995  loss: 8.4719  rpn_s.0.loss_cls: 0.6401  rpn_s.0.loss_bbox: 0.1188  rpn_s.0.loss_giou: 0.7981  rpn_s.1.loss_cls: 0.4832  rpn_s.1.loss_bbox: 0.0521  rpn_s.1.loss_giou: 0.4122  rpn_s.2.loss_cls: 0.4159  rpn_s.2.loss_bbox: 0.0435  rpn_s.2.loss_giou: 0.3593  rpn_s.3.loss_cls: 0.3642  rpn_s.3.loss_bbox: 0.0410  rpn_s.3.loss_giou: 0.3463  s0.loss_cls: 0.4220  s0.pos_acc: 100.0000  s0.loss_bbox: 0.5830  s0.loss_iou: 1.1643  s1.loss_cls: 0.4151  s1.pos_acc: 100.0000  s1.loss_bbox: 0.5975  s1.loss_iou: 1.2153
2026/03/27 10:40:56 - mmengine - INFO - Epoch(train)  [8][ 5550/10002]  lr: 2.5000e-05  eta: 20:42:46  time: 0.3835  data_time: 0.0032  memory: 7329  grad_norm: 74.7090  loss: 8.5036  rpn_s.0.loss_cls: 0.6648  rpn_s.0.loss_bbox: 0.1171  rpn_s.0.loss_giou: 0.7863  rpn_s.1.loss_cls: 0.4651  rpn_s.1.loss_bbox: 0.0552  rpn_s.1.loss_giou: 0.4082  rpn_s.2.loss_cls: 0.4010  rpn_s.2.loss_bbox: 0.0496  rpn_s.2.loss_giou: 0.3624  rpn_s.3.loss_cls: 0.3674  rpn_s.3.loss_bbox: 0.0465  rpn_s.3.loss_giou: 0.3520  s0.loss_cls: 0.4335  s0.pos_acc: 33.8028  s0.loss_bbox: 0.5573  s0.loss_iou: 1.1972  s1.loss_cls: 0.4394  s1.pos_acc: 30.9859  s1.loss_bbox: 0.5885  s1.loss_iou: 1.2120
2026/03/27 10:41:15 - mmengine - INFO - Epoch(train)  [8][ 5600/10002]  lr: 2.5000e-05  eta: 20:42:25  time: 0.3795  data_time: 0.0032  memory: 7329  grad_norm: 71.2357  loss: 8.4958  rpn_s.0.loss_cls: 0.6336  rpn_s.0.loss_bbox: 0.1153  rpn_s.0.loss_giou: 0.8441  rpn_s.1.loss_cls: 0.4544  rpn_s.1.loss_bbox: 0.0499  rpn_s.1.loss_giou: 0.4247  rpn_s.2.loss_cls: 0.3916  rpn_s.2.loss_bbox: 0.0416  rpn_s.2.loss_giou: 0.3609  rpn_s.3.loss_cls: 0.3536  rpn_s.3.loss_bbox: 0.0379  rpn_s.3.loss_giou: 0.3371  s0.loss_cls: 0.4148  s0.pos_acc: 50.0000  s0.loss_bbox: 0.6414  s0.loss_iou: 1.1527  s1.loss_cls: 0.4175  s1.pos_acc: 50.0000  s1.loss_bbox: 0.6464  s1.loss_iou: 1.1781
2026/03/27 10:41:35 - mmengine - INFO - Epoch(train)  [8][ 5650/10002]  lr: 2.5000e-05  eta: 20:42:06  time: 0.3842  data_time: 0.0032  memory: 7330  grad_norm: 68.7419  loss: 8.5902  rpn_s.0.loss_cls: 0.6397  rpn_s.0.loss_bbox: 0.1175  rpn_s.0.loss_giou: 0.8756  rpn_s.1.loss_cls: 0.4576  rpn_s.1.loss_bbox: 0.0524  rpn_s.1.loss_giou: 0.4283  rpn_s.2.loss_cls: 0.3919  rpn_s.2.loss_bbox: 0.0450  rpn_s.2.loss_giou: 0.3678  rpn_s.3.loss_cls: 0.3498  rpn_s.3.loss_bbox: 0.0409  rpn_s.3.loss_giou: 0.3456  s0.loss_cls: 0.3994  s0.pos_acc: 33.3333  s0.loss_bbox: 0.6000  s0.loss_iou: 1.2112  s1.loss_cls: 0.4042  s1.pos_acc: 83.3333  s1.loss_bbox: 0.6521  s1.loss_iou: 1.2112
2026/03/27 10:41:53 - mmengine - INFO - Epoch(train)  [8][ 5700/10002]  lr: 2.5000e-05  eta: 20:41:41  time: 0.3742  data_time: 0.0032  memory: 7329  grad_norm: 69.8513  loss: 8.1662  rpn_s.0.loss_cls: 0.6490  rpn_s.0.loss_bbox: 0.1072  rpn_s.0.loss_giou: 0.7858  rpn_s.1.loss_cls: 0.4664  rpn_s.1.loss_bbox: 0.0459  rpn_s.1.loss_giou: 0.3940  rpn_s.2.loss_cls: 0.3868  rpn_s.2.loss_bbox: 0.0401  rpn_s.2.loss_giou: 0.3458  rpn_s.3.loss_cls: 0.3526  rpn_s.3.loss_bbox: 0.0371  rpn_s.3.loss_giou: 0.3302  s0.loss_cls: 0.4079  s0.pos_acc: 73.4375  s0.loss_bbox: 0.6063  s0.loss_iou: 1.0883  s1.loss_cls: 0.4061  s1.pos_acc: 68.7500  s1.loss_bbox: 0.6048  s1.loss_iou: 1.1119
2026/03/27 10:42:12 - mmengine - INFO - Epoch(train)  [8][ 5750/10002]  lr: 2.5000e-05  eta: 20:41:22  time: 0.3831  data_time: 0.0032  memory: 7329  grad_norm: 69.9227  loss: 8.6986  rpn_s.0.loss_cls: 0.6717  rpn_s.0.loss_bbox: 0.1178  rpn_s.0.loss_giou: 0.8744  rpn_s.1.loss_cls: 0.4846  rpn_s.1.loss_bbox: 0.0495  rpn_s.1.loss_giou: 0.4250  rpn_s.2.loss_cls: 0.4032  rpn_s.2.loss_bbox: 0.0407  rpn_s.2.loss_giou: 0.3624  rpn_s.3.loss_cls: 0.3586  rpn_s.3.loss_bbox: 0.0383  rpn_s.3.loss_giou: 0.3429  s0.loss_cls: 0.4183  s0.pos_acc: 91.6667  s0.loss_bbox: 0.6461  s0.loss_iou: 1.1748  s1.loss_cls: 0.4064  s1.pos_acc: 100.0000  s1.loss_bbox: 0.6664  s1.loss_iou: 1.2175
2026/03/27 10:42:31 - mmengine - INFO - Epoch(train)  [8][ 5800/10002]  lr: 2.5000e-05  eta: 20:41:00  time: 0.3788  data_time: 0.0032  memory: 7329  grad_norm: 71.1128  loss: 8.7941  rpn_s.0.loss_cls: 0.6546  rpn_s.0.loss_bbox: 0.1241  rpn_s.0.loss_giou: 0.8556  rpn_s.1.loss_cls: 0.4789  rpn_s.1.loss_bbox: 0.0543  rpn_s.1.loss_giou: 0.4336  rpn_s.2.loss_cls: 0.4053  rpn_s.2.loss_bbox: 0.0448  rpn_s.2.loss_giou: 0.3663  rpn_s.3.loss_cls: 0.3713  rpn_s.3.loss_bbox: 0.0419  rpn_s.3.loss_giou: 0.3447  s0.loss_cls: 0.4179  s0.pos_acc: 81.8182  s0.loss_bbox: 0.6705  s0.loss_iou: 1.1901  s1.loss_cls: 0.4202  s1.pos_acc: 77.2727  s1.loss_bbox: 0.7216  s1.loss_iou: 1.1984
2026/03/27 10:42:51 - mmengine - INFO - Epoch(train)  [8][ 5850/10002]  lr: 2.5000e-05  eta: 20:40:46  time: 0.3924  data_time: 0.0031  memory: 7330  grad_norm: 75.2689  loss: 8.9222  rpn_s.0.loss_cls: 0.6712  rpn_s.0.loss_bbox: 0.1231  rpn_s.0.loss_giou: 0.8696  rpn_s.1.loss_cls: 0.4741  rpn_s.1.loss_bbox: 0.0546  rpn_s.1.loss_giou: 0.4524  rpn_s.2.loss_cls: 0.4052  rpn_s.2.loss_bbox: 0.0449  rpn_s.2.loss_giou: 0.3860  rpn_s.3.loss_cls: 0.3556  rpn_s.3.loss_bbox: 0.0410  rpn_s.3.loss_giou: 0.3648  s0.loss_cls: 0.4042  s0.pos_acc: 86.8421  s0.loss_bbox: 0.6220  s0.loss_iou: 1.2722  s1.loss_cls: 0.4127  s1.pos_acc: 84.2105  s1.loss_bbox: 0.6807  s1.loss_iou: 1.2877
2026/03/27 10:43:10 - mmengine - INFO - Epoch(train)  [8][ 5900/10002]  lr: 2.5000e-05  eta: 20:40:23  time: 0.3762  data_time: 0.0031  memory: 7329  grad_norm: 72.3317  loss: 7.9589  rpn_s.0.loss_cls: 0.6323  rpn_s.0.loss_bbox: 0.1074  rpn_s.0.loss_giou: 0.7801  rpn_s.1.loss_cls: 0.4344  rpn_s.1.loss_bbox: 0.0466  rpn_s.1.loss_giou: 0.3886  rpn_s.2.loss_cls: 0.3619  rpn_s.2.loss_bbox: 0.0386  rpn_s.2.loss_giou: 0.3391  rpn_s.3.loss_cls: 0.3261  rpn_s.3.loss_bbox: 0.0366  rpn_s.3.loss_giou: 0.3220  s0.loss_cls: 0.3685  s0.pos_acc: 61.5385  s0.loss_bbox: 0.6060  s0.loss_iou: 1.0515  s1.loss_cls: 0.3859  s1.pos_acc: 61.5385  s1.loss_bbox: 0.6377  s1.loss_iou: 1.0955
2026/03/27 10:43:29 - mmengine - INFO - Epoch(train)  [8][ 5950/10002]  lr: 2.5000e-05  eta: 20:40:03  time: 0.3817  data_time: 0.0032  memory: 7329  grad_norm: 71.7532  loss: 8.0614  rpn_s.0.loss_cls: 0.6123  rpn_s.0.loss_bbox: 0.1130  rpn_s.0.loss_giou: 0.7742  rpn_s.1.loss_cls: 0.4417  rpn_s.1.loss_bbox: 0.0508  rpn_s.1.loss_giou: 0.3973  rpn_s.2.loss_cls: 0.3674  rpn_s.2.loss_bbox: 0.0419  rpn_s.2.loss_giou: 0.3392  rpn_s.3.loss_cls: 0.3294  rpn_s.3.loss_bbox: 0.0402  rpn_s.3.loss_giou: 0.3209  s0.loss_cls: 0.3855  s0.pos_acc: 100.0000  s0.loss_bbox: 0.5932  s0.loss_iou: 1.0998  s1.loss_cls: 0.3875  s1.pos_acc: 75.0000  s1.loss_bbox: 0.6161  s1.loss_iou: 1.1509
2026/03/27 10:43:45 - mmengine - INFO - Exp name: GSDet_r50_b900_h2h4_h2r1_r2r1_2x_fair1m1.0_20260327_090119
2026/03/27 10:43:48 - mmengine - INFO - Epoch(train)  [8][ 6000/10002]  lr: 2.5000e-05  eta: 20:39:44  time: 0.3851  data_time: 0.0032  memory: 7329  grad_norm: 76.3384  loss: 8.8587  rpn_s.0.loss_cls: 0.6477  rpn_s.0.loss_bbox: 0.1153  rpn_s.0.loss_giou: 0.9168  rpn_s.1.loss_cls: 0.4519  rpn_s.1.loss_bbox: 0.0497  rpn_s.1.loss_giou: 0.4562  rpn_s.2.loss_cls: 0.3855  rpn_s.2.loss_bbox: 0.0419  rpn_s.2.loss_giou: 0.3941  rpn_s.3.loss_cls: 0.3515  rpn_s.3.loss_bbox: 0.0374  rpn_s.3.loss_giou: 0.3678  s0.loss_cls: 0.3894  s0.pos_acc: 73.9286  s0.loss_bbox: 0.6331  s0.loss_iou: 1.2739  s1.loss_cls: 0.3879  s1.pos_acc: 73.5714  s1.loss_bbox: 0.6635  s1.loss_iou: 1.2953
2026/03/27 10:44:07 - mmengine - INFO - Epoch(train)  [8][ 6050/10002]  lr: 2.5000e-05  eta: 20:39:24  time: 0.3813  data_time: 0.0032  memory: 7329  grad_norm: 67.8081  loss: 8.8324  rpn_s.0.loss_cls: 0.6847  rpn_s.0.loss_bbox: 0.1187  rpn_s.0.loss_giou: 0.8665  rpn_s.1.loss_cls: 0.4932  rpn_s.1.loss_bbox: 0.0540  rpn_s.1.loss_giou: 0.4410  rpn_s.2.loss_cls: 0.4175  rpn_s.2.loss_bbox: 0.0459  rpn_s.2.loss_giou: 0.3880  rpn_s.3.loss_cls: 0.3795  rpn_s.3.loss_bbox: 0.0424  rpn_s.3.loss_giou: 0.3639  s0.loss_cls: 0.4148  s0.pos_acc: 72.2222  s0.loss_bbox: 0.5664  s0.loss_iou: 1.2699  s1.loss_cls: 0.4184  s1.pos_acc: 77.7778  s1.loss_bbox: 0.6007  s1.loss_iou: 1.2670
2026/03/27 10:44:26 - mmengine - INFO - Epoch(train)  [8][ 6100/10002]  lr: 2.5000e-05  eta: 20:39:03  time: 0.3806  data_time: 0.0031  memory: 7330  grad_norm: 69.9390  loss: 8.8006  rpn_s.0.loss_cls: 0.6615  rpn_s.0.loss_bbox: 0.1233  rpn_s.0.loss_giou: 0.8522  rpn_s.1.loss_cls: 0.4854  rpn_s.1.loss_bbox: 0.0534  rpn_s.1.loss_giou: 0.4304  rpn_s.2.loss_cls: 0.4089  rpn_s.2.loss_bbox: 0.0436  rpn_s.2.loss_giou: 0.3711  rpn_s.3.loss_cls: 0.3672  rpn_s.3.loss_bbox: 0.0403  rpn_s.3.loss_giou: 0.3480  s0.loss_cls: 0.4226  s0.pos_acc: 61.5385  s0.loss_bbox: 0.6720  s0.loss_iou: 1.1803  s1.loss_cls: 0.4375  s1.pos_acc: 57.6923  s1.loss_bbox: 0.7013  s1.loss_iou: 1.2016
2026/03/27 10:44:46 - mmengine - INFO - Epoch(train)  [8][ 6150/10002]  lr: 2.5000e-05  eta: 20:38:46  time: 0.3866  data_time: 0.0031  memory: 7330  grad_norm: 85.6145  loss: 9.2598  rpn_s.0.loss_cls: 0.6744  rpn_s.0.loss_bbox: 0.1239  rpn_s.0.loss_giou: 0.9044  rpn_s.1.loss_cls: 0.4768  rpn_s.1.loss_bbox: 0.0619  rpn_s.1.loss_giou: 0.4645  rpn_s.2.loss_cls: 0.4242  rpn_s.2.loss_bbox: 0.0505  rpn_s.2.loss_giou: 0.3976  rpn_s.3.loss_cls: 0.3868  rpn_s.3.loss_bbox: 0.0462  rpn_s.3.loss_giou: 0.3785  s0.loss_cls: 0.4485  s0.pos_acc: 55.0000  s0.loss_bbox: 0.6603  s0.loss_iou: 1.3133  s1.loss_cls: 0.4390  s1.pos_acc: 57.5000  s1.loss_bbox: 0.6827  s1.loss_iou: 1.3265
2026/03/27 10:45:05 - mmengine - INFO - Epoch(train)  [8][ 6200/10002]  lr: 2.5000e-05  eta: 20:38:34  time: 0.3948  data_time: 0.0032  memory: 7330  grad_norm: 70.6973  loss: 8.9207  rpn_s.0.loss_cls: 0.6482  rpn_s.0.loss_bbox: 0.1260  rpn_s.0.loss_giou: 0.9548  rpn_s.1.loss_cls: 0.4430  rpn_s.1.loss_bbox: 0.0507  rpn_s.1.loss_giou: 0.4602  rpn_s.2.loss_cls: 0.3833  rpn_s.2.loss_bbox: 0.0411  rpn_s.2.loss_giou: 0.3945  rpn_s.3.loss_cls: 0.3429  rpn_s.3.loss_bbox: 0.0371  rpn_s.3.loss_giou: 0.3665  s0.loss_cls: 0.3976  s0.pos_acc: 65.3846  s0.loss_bbox: 0.6520  s0.loss_iou: 1.2807  s1.loss_cls: 0.3941  s1.pos_acc: 61.5385  s1.loss_bbox: 0.6626  s1.loss_iou: 1.2853
2026/03/27 10:45:25 - mmengine - INFO - Epoch(train)  [8][ 6250/10002]  lr: 2.5000e-05  eta: 20:38:20  time: 0.3930  data_time: 0.0032  memory: 7330  grad_norm: 72.0952  loss: 8.8475  rpn_s.0.loss_cls: 0.6362  rpn_s.0.loss_bbox: 0.1229  rpn_s.0.loss_giou: 0.8975  rpn_s.1.loss_cls: 0.4520  rpn_s.1.loss_bbox: 0.0519  rpn_s.1.loss_giou: 0.4542  rpn_s.2.loss_cls: 0.3909  rpn_s.2.loss_bbox: 0.0438  rpn_s.2.loss_giou: 0.3929  rpn_s.3.loss_cls: 0.3539  rpn_s.3.loss_bbox: 0.0407  rpn_s.3.loss_giou: 0.3742  s0.loss_cls: 0.3822  s0.pos_acc: 77.7778  s0.loss_bbox: 0.6104  s0.loss_iou: 1.3050  s1.loss_cls: 0.3905  s1.pos_acc: 75.9259  s1.loss_bbox: 0.6322  s1.loss_iou: 1.3161
2026/03/27 10:45:44 - mmengine - INFO - Epoch(train)  [8][ 6300/10002]  lr: 2.5000e-05  eta: 20:38:01  time: 0.3830  data_time: 0.0032  memory: 7329  grad_norm: 75.2740  loss: 8.6439  rpn_s.0.loss_cls: 0.6263  rpn_s.0.loss_bbox: 0.1197  rpn_s.0.loss_giou: 0.8353  rpn_s.1.loss_cls: 0.4457  rpn_s.1.loss_bbox: 0.0524  rpn_s.1.loss_giou: 0.4290  rpn_s.2.loss_cls: 0.3804  rpn_s.2.loss_bbox: 0.0458  rpn_s.2.loss_giou: 0.3739  rpn_s.3.loss_cls: 0.3454  rpn_s.3.loss_bbox: 0.0422  rpn_s.3.loss_giou: 0.3525  s0.loss_cls: 0.4017  s0.pos_acc: 100.0000  s0.loss_bbox: 0.6571  s0.loss_iou: 1.1897  s1.loss_cls: 0.4013  s1.pos_acc: 100.0000  s1.loss_bbox: 0.6963  s1.loss_iou: 1.2494
2026/03/27 10:46:03 - mmengine - INFO - Epoch(train)  [8][ 6350/10002]  lr: 2.5000e-05  eta: 20:37:40  time: 0.3806  data_time: 0.0031  memory: 7329  grad_norm: 80.8313  loss: 8.4356  rpn_s.0.loss_cls: 0.6514  rpn_s.0.loss_bbox: 0.1131  rpn_s.0.loss_giou: 0.8057  rpn_s.1.loss_cls: 0.4675  rpn_s.1.loss_bbox: 0.0493  rpn_s.1.loss_giou: 0.4071  rpn_s.2.loss_cls: 0.3920  rpn_s.2.loss_bbox: 0.0416  rpn_s.2.loss_giou: 0.3516  rpn_s.3.loss_cls: 0.3504  rpn_s.3.loss_bbox: 0.0396  rpn_s.3.loss_giou: 0.3324  s0.loss_cls: 0.3979  s0.pos_acc: 76.4286  s0.loss_bbox: 0.6718  s0.loss_iou: 1.1250  s1.loss_cls: 0.3991  s1.pos_acc: 79.2857  s1.loss_bbox: 0.6919  s1.loss_iou: 1.1483
2026/03/27 10:46:22 - mmengine - INFO - Epoch(train)  [8][ 6400/10002]  lr: 2.5000e-05  eta: 20:37:19  time: 0.3799  data_time: 0.0031  memory: 7329  grad_norm: 77.8559  loss: 8.0530  rpn_s.0.loss_cls: 0.6304  rpn_s.0.loss_bbox: 0.1134  rpn_s.0.loss_giou: 0.7510  rpn_s.1.loss_cls: 0.4501  rpn_s.1.loss_bbox: 0.0514  rpn_s.1.loss_giou: 0.3800  rpn_s.2.loss_cls: 0.3849  rpn_s.2.loss_bbox: 0.0433  rpn_s.2.loss_giou: 0.3263  rpn_s.3.loss_cls: 0.3543  rpn_s.3.loss_bbox: 0.0401  rpn_s.3.loss_giou: 0.3089  s0.loss_cls: 0.4093  s0.pos_acc: 85.7143  s0.loss_bbox: 0.6089  s0.loss_iou: 1.0655  s1.loss_cls: 0.4036  s1.pos_acc: 85.7143  s1.loss_bbox: 0.6216  s1.loss_iou: 1.1102
2026/03/27 10:46:41 - mmengine - INFO - Epoch(train)  [8][ 6450/10002]  lr: 2.5000e-05  eta: 20:37:00  time: 0.3834  data_time: 0.0032  memory: 7329  grad_norm: 77.7093  loss: 8.4103  rpn_s.0.loss_cls: 0.6335  rpn_s.0.loss_bbox: 0.1123  rpn_s.0.loss_giou: 0.8126  rpn_s.1.loss_cls: 0.4556  rpn_s.1.loss_bbox: 0.0498  rpn_s.1.loss_giou: 0.4062  rpn_s.2.loss_cls: 0.3820  rpn_s.2.loss_bbox: 0.0427  rpn_s.2.loss_giou: 0.3554  rpn_s.3.loss_cls: 0.3440  rpn_s.3.loss_bbox: 0.0408  rpn_s.3.loss_giou: 0.3421  s0.loss_cls: 0.3941  s0.pos_acc: 92.8571  s0.loss_bbox: 0.6599  s0.loss_iou: 1.1451  s1.loss_cls: 0.3942  s1.pos_acc: 92.8571  s1.loss_bbox: 0.6751  s1.loss_iou: 1.1647
2026/03/27 10:47:00 - mmengine - INFO - Epoch(train)  [8][ 6500/10002]  lr: 2.5000e-05  eta: 20:36:39  time: 0.3807  data_time: 0.0032  memory: 7329  grad_norm: 85.8689  loss: 8.3138  rpn_s.0.loss_cls: 0.6251  rpn_s.0.loss_bbox: 0.1078  rpn_s.0.loss_giou: 0.7821  rpn_s.1.loss_cls: 0.4545  rpn_s.1.loss_bbox: 0.0452  rpn_s.1.loss_giou: 0.3895  rpn_s.2.loss_cls: 0.3786  rpn_s.2.loss_bbox: 0.0391  rpn_s.2.loss_giou: 0.3479  rpn_s.3.loss_cls: 0.3473  rpn_s.3.loss_bbox: 0.0365  rpn_s.3.loss_giou: 0.3260  s0.loss_cls: 0.4114  s0.pos_acc: 100.0000  s0.loss_bbox: 0.6611  s0.loss_iou: 1.1254  s1.loss_cls: 0.4324  s1.pos_acc: 100.0000  s1.loss_bbox: 0.6633  s1.loss_iou: 1.1405
2026/03/27 10:47:19 - mmengine - INFO - Epoch(train)  [8][ 6550/10002]  lr: 2.5000e-05  eta: 20:36:19  time: 0.3815  data_time: 0.0032  memory: 7330  grad_norm: 73.0718  loss: 8.6470  rpn_s.0.loss_cls: 0.6310  rpn_s.0.loss_bbox: 0.1271  rpn_s.0.loss_giou: 0.8333  rpn_s.1.loss_cls: 0.4536  rpn_s.1.loss_bbox: 0.0569  rpn_s.1.loss_giou: 0.4269  rpn_s.2.loss_cls: 0.3827  rpn_s.2.loss_bbox: 0.0486  rpn_s.2.loss_giou: 0.3764  rpn_s.3.loss_cls: 0.3514  rpn_s.3.loss_bbox: 0.0464  rpn_s.3.loss_giou: 0.3588  s0.loss_cls: 0.4188  s0.pos_acc: 75.0000  s0.loss_bbox: 0.5934  s0.loss_iou: 1.2218  s1.loss_cls: 0.4417  s1.pos_acc: 75.0000  s1.loss_bbox: 0.6365  s1.loss_iou: 1.2416
2026/03/27 10:47:39 - mmengine - INFO - Epoch(train)  [8][ 6600/10002]  lr: 2.5000e-05  eta: 20:35:58  time: 0.3814  data_time: 0.0032  memory: 7329  grad_norm: 74.9679  loss: 8.5548  rpn_s.0.loss_cls: 0.6697  rpn_s.0.loss_bbox: 0.1081  rpn_s.0.loss_giou: 0.8108  rpn_s.1.loss_cls: 0.4760  rpn_s.1.loss_bbox: 0.0477  rpn_s.1.loss_giou: 0.4151  rpn_s.2.loss_cls: 0.4116  rpn_s.2.loss_bbox: 0.0405  rpn_s.2.loss_giou: 0.3607  rpn_s.3.loss_cls: 0.3771  rpn_s.3.loss_bbox: 0.0381  rpn_s.3.loss_giou: 0.3451  s0.loss_cls: 0.4161  s0.pos_acc: 66.6667  s0.loss_bbox: 0.6255  s0.loss_iou: 1.1625  s1.loss_cls: 0.4212  s1.pos_acc: 83.3333  s1.loss_bbox: 0.6365  s1.loss_iou: 1.1923
2026/03/27 10:47:58 - mmengine - INFO - Epoch(train)  [8][ 6650/10002]  lr: 2.5000e-05  eta: 20:35:38  time: 0.3823  data_time: 0.0032  memory: 7329  grad_norm: 74.5244  loss: 8.2605  rpn_s.0.loss_cls: 0.6230  rpn_s.0.loss_bbox: 0.1122  rpn_s.0.loss_giou: 0.8445  rpn_s.1.loss_cls: 0.4257  rpn_s.1.loss_bbox: 0.0481  rpn_s.1.loss_giou: 0.4106  rpn_s.2.loss_cls: 0.3633  rpn_s.2.loss_bbox: 0.0409  rpn_s.2.loss_giou: 0.3481  rpn_s.3.loss_cls: 0.3226  rpn_s.3.loss_bbox: 0.0383  rpn_s.3.loss_giou: 0.3285  s0.loss_cls: 0.3883  s0.pos_acc: 75.0000  s0.loss_bbox: 0.5905  s0.loss_iou: 1.1622  s1.loss_cls: 0.4020  s1.pos_acc: 75.0000  s1.loss_bbox: 0.6048  s1.loss_iou: 1.2071
2026/03/27 10:48:17 - mmengine - INFO - Epoch(train)  [8][ 6700/10002]  lr: 2.5000e-05  eta: 20:35:21  time: 0.3855  data_time: 0.0032  memory: 7329  grad_norm: 69.9167  loss: 8.6572  rpn_s.0.loss_cls: 0.6594  rpn_s.0.loss_bbox: 0.1264  rpn_s.0.loss_giou: 0.9029  rpn_s.1.loss_cls: 0.4619  rpn_s.1.loss_bbox: 0.0509  rpn_s.1.loss_giou: 0.4358  rpn_s.2.loss_cls: 0.3906  rpn_s.2.loss_bbox: 0.0405  rpn_s.2.loss_giou: 0.3682  rpn_s.3.loss_cls: 0.3475  rpn_s.3.loss_bbox: 0.0380  rpn_s.3.loss_giou: 0.3526  s0.loss_cls: 0.4022  s0.pos_acc: 71.7054  s0.loss_bbox: 0.6252  s0.loss_iou: 1.1798  s1.loss_cls: 0.4064  s1.pos_acc: 72.0930  s1.loss_bbox: 0.6544  s1.loss_iou: 1.2146
2026/03/27 10:48:36 - mmengine - INFO - Epoch(train)  [8][ 6750/10002]  lr: 2.5000e-05  eta: 20:35:02  time: 0.3846  data_time: 0.0032  memory: 7329  grad_norm: 77.7705  loss: 8.6160  rpn_s.0.loss_cls: 0.6668  rpn_s.0.loss_bbox: 0.1132  rpn_s.0.loss_giou: 0.8008  rpn_s.1.loss_cls: 0.4901  rpn_s.1.loss_bbox: 0.0510  rpn_s.1.loss_giou: 0.4223  rpn_s.2.loss_cls: 0.4214  rpn_s.2.loss_bbox: 0.0432  rpn_s.2.loss_giou: 0.3682  rpn_s.3.loss_cls: 0.3755  rpn_s.3.loss_bbox: 0.0409  rpn_s.3.loss_giou: 0.3506  s0.loss_cls: 0.4151  s0.pos_acc: 66.0714  s0.loss_bbox: 0.6210  s0.loss_iou: 1.1730  s1.loss_cls: 0.4582  s1.pos_acc: 78.5714  s1.loss_bbox: 0.6238  s1.loss_iou: 1.1809
2026/03/27 10:48:56 - mmengine - INFO - Epoch(train)  [8][ 6800/10002]  lr: 2.5000e-05  eta: 20:34:52  time: 0.3989  data_time: 0.0031  memory: 7330  grad_norm: 75.3019  loss: 8.6650  rpn_s.0.loss_cls: 0.6286  rpn_s.0.loss_bbox: 0.1149  rpn_s.0.loss_giou: 0.8389  rpn_s.1.loss_cls: 0.4622  rpn_s.1.loss_bbox: 0.0503  rpn_s.1.loss_giou: 0.4253  rpn_s.2.loss_cls: 0.3947  rpn_s.2.loss_bbox: 0.0422  rpn_s.2.loss_giou: 0.3683  rpn_s.3.loss_cls: 0.3522  rpn_s.3.loss_bbox: 0.0399  rpn_s.3.loss_giou: 0.3496  s0.loss_cls: 0.4047  s0.pos_acc: 80.9524  s0.loss_bbox: 0.6608  s0.loss_iou: 1.2058  s1.loss_cls: 0.4212  s1.pos_acc: 69.0476  s1.loss_bbox: 0.6745  s1.loss_iou: 1.2309
2026/03/27 10:49:15 - mmengine - INFO - Epoch(train)  [8][ 6850/10002]  lr: 2.5000e-05  eta: 20:34:31  time: 0.3810  data_time: 0.0032  memory: 7329  grad_norm: 77.9667  loss: 9.2861  rpn_s.0.loss_cls: 0.6857  rpn_s.0.loss_bbox: 0.1256  rpn_s.0.loss_giou: 0.9183  rpn_s.1.loss_cls: 0.5047  rpn_s.1.loss_bbox: 0.0553  rpn_s.1.loss_giou: 0.4685  rpn_s.2.loss_cls: 0.4387  rpn_s.2.loss_bbox: 0.0454  rpn_s.2.loss_giou: 0.3976  rpn_s.3.loss_cls: 0.3915  rpn_s.3.loss_bbox: 0.0423  rpn_s.3.loss_giou: 0.3737  s0.loss_cls: 0.4589  s0.pos_acc: 71.9512  s0.loss_bbox: 0.6690  s0.loss_iou: 1.2794  s1.loss_cls: 0.4522  s1.pos_acc: 71.9512  s1.loss_bbox: 0.6695  s1.loss_iou: 1.3100
2026/03/27 10:49:34 - mmengine - INFO - Epoch(train)  [8][ 6900/10002]  lr: 2.5000e-05  eta: 20:34:12  time: 0.3834  data_time: 0.0032  memory: 7329  grad_norm: 75.0637  loss: 8.7940  rpn_s.0.loss_cls: 0.6454  rpn_s.0.loss_bbox: 0.1252  rpn_s.0.loss_giou: 0.8695  rpn_s.1.loss_cls: 0.4736  rpn_s.1.loss_bbox: 0.0582  rpn_s.1.loss_giou: 0.4437  rpn_s.2.loss_cls: 0.4062  rpn_s.2.loss_bbox: 0.0474  rpn_s.2.loss_giou: 0.3717  rpn_s.3.loss_cls: 0.3684  rpn_s.3.loss_bbox: 0.0434  rpn_s.3.loss_giou: 0.3508  s0.loss_cls: 0.4218  s0.pos_acc: 68.1159  s0.loss_bbox: 0.6310  s0.loss_iou: 1.2194  s1.loss_cls: 0.4324  s1.pos_acc: 67.3913  s1.loss_bbox: 0.6306  s1.loss_iou: 1.2553
2026/03/27 10:49:54 - mmengine - INFO - Epoch(train)  [8][ 6950/10002]  lr: 2.5000e-05  eta: 20:33:53  time: 0.3831  data_time: 0.0032  memory: 7330  grad_norm: 71.9431  loss: 9.2436  rpn_s.0.loss_cls: 0.6914  rpn_s.0.loss_bbox: 0.1303  rpn_s.0.loss_giou: 0.9610  rpn_s.1.loss_cls: 0.4899  rpn_s.1.loss_bbox: 0.0579  rpn_s.1.loss_giou: 0.4767  rpn_s.2.loss_cls: 0.4207  rpn_s.2.loss_bbox: 0.0483  rpn_s.2.loss_giou: 0.4095  rpn_s.3.loss_cls: 0.3814  rpn_s.3.loss_bbox: 0.0466  rpn_s.3.loss_giou: 0.3918  s0.loss_cls: 0.4484  s0.pos_acc: 71.6667  s0.loss_bbox: 0.5897  s0.loss_iou: 1.2920  s1.loss_cls: 0.4618  s1.pos_acc: 66.6667  s1.loss_bbox: 0.6243  s1.loss_iou: 1.3219
2026/03/27 10:50:10 - mmengine - INFO - Exp name: GSDet_r50_b900_h2h4_h2r1_r2r1_2x_fair1m1.0_20260327_090119
2026/03/27 10:50:13 - mmengine - INFO - Epoch(train)  [8][ 7000/10002]  lr: 2.5000e-05  eta: 20:33:36  time: 0.3886  data_time: 0.0032  memory: 7330  grad_norm: 77.1122  loss: 8.5895  rpn_s.0.loss_cls: 0.6474  rpn_s.0.loss_bbox: 0.1200  rpn_s.0.loss_giou: 0.8060  rpn_s.1.loss_cls: 0.4858  rpn_s.1.loss_bbox: 0.0506  rpn_s.1.loss_giou: 0.4137  rpn_s.2.loss_cls: 0.4114  rpn_s.2.loss_bbox: 0.0422  rpn_s.2.loss_giou: 0.3566  rpn_s.3.loss_cls: 0.3810  rpn_s.3.loss_bbox: 0.0406  rpn_s.3.loss_giou: 0.3425  s0.loss_cls: 0.4176  s0.pos_acc: 50.0000  s0.loss_bbox: 0.6370  s0.loss_iou: 1.1503  s1.loss_cls: 0.4430  s1.pos_acc: 50.0000  s1.loss_bbox: 0.6585  s1.loss_iou: 1.1853
2026/03/27 10:50:32 - mmengine - INFO - Epoch(train)  [8][ 7050/10002]  lr: 2.5000e-05  eta: 20:33:18  time: 0.3839  data_time: 0.0032  memory: 7330  grad_norm: 69.0048  loss: 8.0365  rpn_s.0.loss_cls: 0.6292  rpn_s.0.loss_bbox: 0.1109  rpn_s.0.loss_giou: 0.7532  rpn_s.1.loss_cls: 0.4684  rpn_s.1.loss_bbox: 0.0491  rpn_s.1.loss_giou: 0.3794  rpn_s.2.loss_cls: 0.3991  rpn_s.2.loss_bbox: 0.0429  rpn_s.2.loss_giou: 0.3304  rpn_s.3.loss_cls: 0.3646  rpn_s.3.loss_bbox: 0.0397  rpn_s.3.loss_giou: 0.3133  s0.loss_cls: 0.4181  s0.pos_acc: 61.3333  s0.loss_bbox: 0.5286  s0.loss_iou: 1.1034  s1.loss_cls: 0.4388  s1.pos_acc: 66.0000  s1.loss_bbox: 0.5347  s1.loss_iou: 1.1327
2026/03/27 10:50:51 - mmengine - INFO - Epoch(train)  [8][ 7100/10002]  lr: 2.5000e-05  eta: 20:32:54  time: 0.3747  data_time: 0.0032  memory: 7329  grad_norm: 76.3576  loss: 8.2718  rpn_s.0.loss_cls: 0.6231  rpn_s.0.loss_bbox: 0.1178  rpn_s.0.loss_giou: 0.7739  rpn_s.1.loss_cls: 0.4482  rpn_s.1.loss_bbox: 0.0538  rpn_s.1.loss_giou: 0.3938  rpn_s.2.loss_cls: 0.3845  rpn_s.2.loss_bbox: 0.0465  rpn_s.2.loss_giou: 0.3517  rpn_s.3.loss_cls: 0.3402  rpn_s.3.loss_bbox: 0.0424  rpn_s.3.loss_giou: 0.3329  s0.loss_cls: 0.4025  s0.pos_acc: 66.6667  s0.loss_bbox: 0.6531  s0.loss_iou: 1.0898  s1.loss_cls: 0.4070  s1.pos_acc: 66.6667  s1.loss_bbox: 0.6689  s1.loss_iou: 1.1418
2026/03/27 10:51:11 - mmengine - INFO - Epoch(train)  [8][ 7150/10002]  lr: 2.5000e-05  eta: 20:32:45  time: 0.4023  data_time: 0.0032  memory: 7330  grad_norm: 66.1619  loss: 9.2494  rpn_s.0.loss_cls: 0.6626  rpn_s.0.loss_bbox: 0.1371  rpn_s.0.loss_giou: 0.9396  rpn_s.1.loss_cls: 0.4676  rpn_s.1.loss_bbox: 0.0565  rpn_s.1.loss_giou: 0.4821  rpn_s.2.loss_cls: 0.3997  rpn_s.2.loss_bbox: 0.0471  rpn_s.2.loss_giou: 0.4081  rpn_s.3.loss_cls: 0.3635  rpn_s.3.loss_bbox: 0.0433  rpn_s.3.loss_giou: 0.3836  s0.loss_cls: 0.3922  s0.pos_acc: 67.8571  s0.loss_bbox: 0.6644  s0.loss_iou: 1.3466  s1.loss_cls: 0.4076  s1.pos_acc: 71.4286  s1.loss_bbox: 0.7081  s1.loss_iou: 1.3397
2026/03/27 10:51:31 - mmengine - INFO - Epoch(train)  [8][ 7200/10002]  lr: 2.5000e-05  eta: 20:32:30  time: 0.3910  data_time: 0.0032  memory: 7330  grad_norm: 80.2586  loss: 8.1843  rpn_s.0.loss_cls: 0.6040  rpn_s.0.loss_bbox: 0.1143  rpn_s.0.loss_giou: 0.7399  rpn_s.1.loss_cls: 0.4410  rpn_s.1.loss_bbox: 0.0542  rpn_s.1.loss_giou: 0.3999  rpn_s.2.loss_cls: 0.3721  rpn_s.2.loss_bbox: 0.0441  rpn_s.2.loss_giou: 0.3353  rpn_s.3.loss_cls: 0.3389  rpn_s.3.loss_bbox: 0.0418  rpn_s.3.loss_giou: 0.3222  s0.loss_cls: 0.4078  s0.pos_acc: 43.7500  s0.loss_bbox: 0.6366  s0.loss_iou: 1.1218  s1.loss_cls: 0.4200  s1.pos_acc: 59.3750  s1.loss_bbox: 0.6221  s1.loss_iou: 1.1684
2026/03/27 10:51:50 - mmengine - INFO - Epoch(train)  [8][ 7250/10002]  lr: 2.5000e-05  eta: 20:32:10  time: 0.3818  data_time: 0.0032  memory: 7329  grad_norm: 75.7533  loss: 8.3732  rpn_s.0.loss_cls: 0.6535  rpn_s.0.loss_bbox: 0.1174  rpn_s.0.loss_giou: 0.7650  rpn_s.1.loss_cls: 0.4843  rpn_s.1.loss_bbox: 0.0566  rpn_s.1.loss_giou: 0.3987  rpn_s.2.loss_cls: 0.4226  rpn_s.2.loss_bbox: 0.0470  rpn_s.2.loss_giou: 0.3414  rpn_s.3.loss_cls: 0.3808  rpn_s.3.loss_bbox: 0.0443  rpn_s.3.loss_giou: 0.3229  s0.loss_cls: 0.4177  s0.pos_acc: 33.3333  s0.loss_bbox: 0.5935  s0.loss_iou: 1.1176  s1.loss_cls: 0.4501  s1.pos_acc: 33.3333  s1.loss_bbox: 0.6253  s1.loss_iou: 1.1344
2026/03/27 10:52:09 - mmengine - INFO - Epoch(train)  [8][ 7300/10002]  lr: 2.5000e-05  eta: 20:31:48  time: 0.3788  data_time: 0.0032  memory: 7329  grad_norm: 70.0873  loss: 8.8175  rpn_s.0.loss_cls: 0.6709  rpn_s.0.loss_bbox: 0.1185  rpn_s.0.loss_giou: 0.8670  rpn_s.1.loss_cls: 0.4713  rpn_s.1.loss_bbox: 0.0526  rpn_s.1.loss_giou: 0.4485  rpn_s.2.loss_cls: 0.3953  rpn_s.2.loss_bbox: 0.0444  rpn_s.2.loss_giou: 0.3861  rpn_s.3.loss_cls: 0.3594  rpn_s.3.loss_bbox: 0.0412  rpn_s.3.loss_giou: 0.3639  s0.loss_cls: 0.4124  s0.pos_acc: 50.5000  s0.loss_bbox: 0.6569  s0.loss_iou: 1.1940  s1.loss_cls: 0.4316  s1.pos_acc: 48.0000  s1.loss_bbox: 0.6893  s1.loss_iou: 1.2140
2026/03/27 10:52:28 - mmengine - INFO - Epoch(train)  [8][ 7350/10002]  lr: 2.5000e-05  eta: 20:31:37  time: 0.3979  data_time: 0.0032  memory: 7330  grad_norm: 70.8671  loss: 9.2765  rpn_s.0.loss_cls: 0.6686  rpn_s.0.loss_bbox: 0.1154  rpn_s.0.loss_giou: 0.9608  rpn_s.1.loss_cls: 0.4641  rpn_s.1.loss_bbox: 0.0465  rpn_s.1.loss_giou: 0.4785  rpn_s.2.loss_cls: 0.4105  rpn_s.2.loss_bbox: 0.0394  rpn_s.2.loss_giou: 0.4196  rpn_s.3.loss_cls: 0.3698  rpn_s.3.loss_bbox: 0.0361  rpn_s.3.loss_giou: 0.3947  s0.loss_cls: 0.4122  s0.pos_acc: 85.0000  s0.loss_bbox: 0.6348  s0.loss_iou: 1.3540  s1.loss_cls: 0.4232  s1.pos_acc: 80.0000  s1.loss_bbox: 0.6674  s1.loss_iou: 1.3807
2026/03/27 10:52:48 - mmengine - INFO - Epoch(train)  [8][ 7400/10002]  lr: 2.5000e-05  eta: 20:31:17  time: 0.3819  data_time: 0.0032  memory: 7330  grad_norm: 69.7674  loss: 8.6931  rpn_s.0.loss_cls: 0.6424  rpn_s.0.loss_bbox: 0.1215  rpn_s.0.loss_giou: 0.8856  rpn_s.1.loss_cls: 0.4463  rpn_s.1.loss_bbox: 0.0559  rpn_s.1.loss_giou: 0.4524  rpn_s.2.loss_cls: 0.3873  rpn_s.2.loss_bbox: 0.0452  rpn_s.2.loss_giou: 0.3888  rpn_s.3.loss_cls: 0.3470  rpn_s.3.loss_bbox: 0.0423  rpn_s.3.loss_giou: 0.3695  s0.loss_cls: 0.3935  s0.pos_acc: 100.0000  s0.loss_bbox: 0.5492  s0.loss_iou: 1.2784  s1.loss_cls: 0.4061  s1.pos_acc: 100.0000  s1.loss_bbox: 0.5925  s1.loss_iou: 1.2892
2026/03/27 10:53:07 - mmengine - INFO - Epoch(train)  [8][ 7450/10002]  lr: 2.5000e-05  eta: 20:30:57  time: 0.3814  data_time: 0.0032  memory: 7329  grad_norm: 86.5027  loss: 8.2436  rpn_s.0.loss_cls: 0.6118  rpn_s.0.loss_bbox: 0.1185  rpn_s.0.loss_giou: 0.7232  rpn_s.1.loss_cls: 0.4416  rpn_s.1.loss_bbox: 0.0594  rpn_s.1.loss_giou: 0.3981  rpn_s.2.loss_cls: 0.3756  rpn_s.2.loss_bbox: 0.0520  rpn_s.2.loss_giou: 0.3475  rpn_s.3.loss_cls: 0.3414  rpn_s.3.loss_bbox: 0.0469  rpn_s.3.loss_giou: 0.3231  s0.loss_cls: 0.3967  s0.pos_acc: 49.0446  s0.loss_bbox: 0.6668  s0.loss_iou: 1.1310  s1.loss_cls: 0.4224  s1.pos_acc: 48.4076  s1.loss_bbox: 0.6595  s1.loss_iou: 1.1282
2026/03/27 10:53:26 - mmengine - INFO - Epoch(train)  [8][ 7500/10002]  lr: 2.5000e-05  eta: 20:30:39  time: 0.3861  data_time: 0.0032  memory: 7330  grad_norm: 70.4117  loss: 9.2309  rpn_s.0.loss_cls: 0.6661  rpn_s.0.loss_bbox: 0.1228  rpn_s.0.loss_giou: 0.9079  rpn_s.1.loss_cls: 0.4867  rpn_s.1.loss_bbox: 0.0572  rpn_s.1.loss_giou: 0.4720  rpn_s.2.loss_cls: 0.4231  rpn_s.2.loss_bbox: 0.0478  rpn_s.2.loss_giou: 0.4094  rpn_s.3.loss_cls: 0.3817  rpn_s.3.loss_bbox: 0.0461  rpn_s.3.loss_giou: 0.3918  s0.loss_cls: 0.4276  s0.pos_acc: 70.9091  s0.loss_bbox: 0.6212  s0.loss_iou: 1.3456  s1.loss_cls: 0.4546  s1.pos_acc: 75.7576  s1.loss_bbox: 0.6310  s1.loss_iou: 1.3383
2026/03/27 10:53:45 - mmengine - INFO - Epoch(train)  [8][ 7550/10002]  lr: 2.5000e-05  eta: 20:30:21  time: 0.3860  data_time: 0.0032  memory: 7330  grad_norm: 68.0557  loss: 9.0776  rpn_s.0.loss_cls: 0.6520  rpn_s.0.loss_bbox: 0.1319  rpn_s.0.loss_giou: 0.9035  rpn_s.1.loss_cls: 0.4780  rpn_s.1.loss_bbox: 0.0554  rpn_s.1.loss_giou: 0.4486  rpn_s.2.loss_cls: 0.4095  rpn_s.2.loss_bbox: 0.0467  rpn_s.2.loss_giou: 0.3858  rpn_s.3.loss_cls: 0.3689  rpn_s.3.loss_bbox: 0.0436  rpn_s.3.loss_giou: 0.3615  s0.loss_cls: 0.4361  s0.pos_acc: 100.0000  s0.loss_bbox: 0.6525  s0.loss_iou: 1.2806  s1.loss_cls: 0.4481  s1.pos_acc: 80.0000  s1.loss_bbox: 0.7097  s1.loss_iou: 1.2654
2026/03/27 10:54:04 - mmengine - INFO - Epoch(train)  [8][ 7600/10002]  lr: 2.5000e-05  eta: 20:30:02  time: 0.3831  data_time: 0.0032  memory: 7330  grad_norm: 73.0401  loss: 8.5874  rpn_s.0.loss_cls: 0.6616  rpn_s.0.loss_bbox: 0.1224  rpn_s.0.loss_giou: 0.8855  rpn_s.1.loss_cls: 0.4610  rpn_s.1.loss_bbox: 0.0479  rpn_s.1.loss_giou: 0.4278  rpn_s.2.loss_cls: 0.3946  rpn_s.2.loss_bbox: 0.0402  rpn_s.2.loss_giou: 0.3715  rpn_s.3.loss_cls: 0.3548  rpn_s.3.loss_bbox: 0.0365  rpn_s.3.loss_giou: 0.3530  s0.loss_cls: 0.4085  s0.pos_acc: 77.5000  s0.loss_bbox: 0.6422  s0.loss_iou: 1.1405  s1.loss_cls: 0.4230  s1.pos_acc: 77.5000  s1.loss_bbox: 0.6576  s1.loss_iou: 1.1590
2026/03/27 10:54:23 - mmengine - INFO - Epoch(train)  [8][ 7650/10002]  lr: 2.5000e-05  eta: 20:29:40  time: 0.3785  data_time: 0.0031  memory: 7329  grad_norm: 75.4211  loss: 8.8669  rpn_s.0.loss_cls: 0.6616  rpn_s.0.loss_bbox: 0.1241  rpn_s.0.loss_giou: 0.8479  rpn_s.1.loss_cls: 0.4843  rpn_s.1.loss_bbox: 0.0571  rpn_s.1.loss_giou: 0.4334  rpn_s.2.loss_cls: 0.4097  rpn_s.2.loss_bbox: 0.0480  rpn_s.2.loss_giou: 0.3751  rpn_s.3.loss_cls: 0.3723  rpn_s.3.loss_bbox: 0.0447  rpn_s.3.loss_giou: 0.3548  s0.loss_cls: 0.4359  s0.pos_acc: 50.0000  s0.loss_bbox: 0.6825  s0.loss_iou: 1.1867  s1.loss_cls: 0.4327  s1.pos_acc: 90.0000  s1.loss_bbox: 0.7075  s1.loss_iou: 1.2087
2026/03/27 10:54:42 - mmengine - INFO - Epoch(train)  [8][ 7700/10002]  lr: 2.5000e-05  eta: 20:29:19  time: 0.3811  data_time: 0.0032  memory: 7330  grad_norm: 72.2994  loss: 8.5987  rpn_s.0.loss_cls: 0.6485  rpn_s.0.loss_bbox: 0.1088  rpn_s.0.loss_giou: 0.8203  rpn_s.1.loss_cls: 0.4606  rpn_s.1.loss_bbox: 0.0476  rpn_s.1.loss_giou: 0.4341  rpn_s.2.loss_cls: 0.3898  rpn_s.2.loss_bbox: 0.0406  rpn_s.2.loss_giou: 0.3799  rpn_s.3.loss_cls: 0.3524  rpn_s.3.loss_bbox: 0.0383  rpn_s.3.loss_giou: 0.3643  s0.loss_cls: 0.4143  s0.pos_acc: 60.0000  s0.loss_bbox: 0.5932  s0.loss_iou: 1.2413  s1.loss_cls: 0.4172  s1.pos_acc: 50.0000  s1.loss_bbox: 0.6031  s1.loss_iou: 1.2445
2026/03/27 10:55:02 - mmengine - INFO - Epoch(train)  [8][ 7750/10002]  lr: 2.5000e-05  eta: 20:29:00  time: 0.3839  data_time: 0.0032  memory: 7329  grad_norm: 71.7473  loss: 9.2748  rpn_s.0.loss_cls: 0.7018  rpn_s.0.loss_bbox: 0.1174  rpn_s.0.loss_giou: 0.9173  rpn_s.1.loss_cls: 0.4960  rpn_s.1.loss_bbox: 0.0578  rpn_s.1.loss_giou: 0.4824  rpn_s.2.loss_cls: 0.4338  rpn_s.2.loss_bbox: 0.0444  rpn_s.2.loss_giou: 0.4149  rpn_s.3.loss_cls: 0.4093  rpn_s.3.loss_bbox: 0.0417  rpn_s.3.loss_giou: 0.3949  s0.loss_cls: 0.4673  s0.pos_acc: 68.7500  s0.loss_bbox: 0.5496  s0.loss_iou: 1.3353  s1.loss_cls: 0.4697  s1.pos_acc: 68.7500  s1.loss_bbox: 0.5935  s1.loss_iou: 1.3478
2026/03/27 10:55:21 - mmengine - INFO - Epoch(train)  [8][ 7800/10002]  lr: 2.5000e-05  eta: 20:28:39  time: 0.3792  data_time: 0.0032  memory: 7329  grad_norm: 78.9048  loss: 8.8370  rpn_s.0.loss_cls: 0.6815  rpn_s.0.loss_bbox: 0.1230  rpn_s.0.loss_giou: 0.8776  rpn_s.1.loss_cls: 0.4769  rpn_s.1.loss_bbox: 0.0544  rpn_s.1.loss_giou: 0.4475  rpn_s.2.loss_cls: 0.4019  rpn_s.2.loss_bbox: 0.0444  rpn_s.2.loss_giou: 0.3844  rpn_s.3.loss_cls: 0.3607  rpn_s.3.loss_bbox: 0.0413  rpn_s.3.loss_giou: 0.3640  s0.loss_cls: 0.4065  s0.pos_acc: 84.6154  s0.loss_bbox: 0.6572  s0.loss_iou: 1.1967  s1.loss_cls: 0.4282  s1.pos_acc: 84.6154  s1.loss_bbox: 0.6876  s1.loss_iou: 1.2031
2026/03/27 10:55:40 - mmengine - INFO - Epoch(train)  [8][ 7850/10002]  lr: 2.5000e-05  eta: 20:28:20  time: 0.3841  data_time: 0.0032  memory: 7330  grad_norm: 71.7846  loss: 8.4844  rpn_s.0.loss_cls: 0.6438  rpn_s.0.loss_bbox: 0.1101  rpn_s.0.loss_giou: 0.8607  rpn_s.1.loss_cls: 0.4518  rpn_s.1.loss_bbox: 0.0451  rpn_s.1.loss_giou: 0.4359  rpn_s.2.loss_cls: 0.3730  rpn_s.2.loss_bbox: 0.0368  rpn_s.2.loss_giou: 0.3759  rpn_s.3.loss_cls: 0.3444  rpn_s.3.loss_bbox: 0.0339  rpn_s.3.loss_giou: 0.3563  s0.loss_cls: 0.4110  s0.pos_acc: 64.2857  s0.loss_bbox: 0.5701  s0.loss_iou: 1.1877  s1.loss_cls: 0.4104  s1.pos_acc: 73.8095  s1.loss_bbox: 0.6135  s1.loss_iou: 1.2241
2026/03/27 10:55:59 - mmengine - INFO - Epoch(train)  [8][ 7900/10002]  lr: 2.5000e-05  eta: 20:28:03  time: 0.3880  data_time: 0.0032  memory: 7330  grad_norm: 69.7841  loss: 8.9149  rpn_s.0.loss_cls: 0.6952  rpn_s.0.loss_bbox: 0.1150  rpn_s.0.loss_giou: 0.9110  rpn_s.1.loss_cls: 0.4950  rpn_s.1.loss_bbox: 0.0468  rpn_s.1.loss_giou: 0.4477  rpn_s.2.loss_cls: 0.4151  rpn_s.2.loss_bbox: 0.0383  rpn_s.2.loss_giou: 0.3890  rpn_s.3.loss_cls: 0.3747  rpn_s.3.loss_bbox: 0.0347  rpn_s.3.loss_giou: 0.3627  s0.loss_cls: 0.4325  s0.pos_acc: 81.4286  s0.loss_bbox: 0.5969  s0.loss_iou: 1.2248  s1.loss_cls: 0.4308  s1.pos_acc: 78.5714  s1.loss_bbox: 0.6624  s1.loss_iou: 1.2424
2026/03/27 10:56:19 - mmengine - INFO - Epoch(train)  [8][ 7950/10002]  lr: 2.5000e-05  eta: 20:27:46  time: 0.3880  data_time: 0.0032  memory: 7330  grad_norm: 75.1354  loss: 8.5160  rpn_s.0.loss_cls: 0.6260  rpn_s.0.loss_bbox: 0.1147  rpn_s.0.loss_giou: 0.8854  rpn_s.1.loss_cls: 0.4552  rpn_s.1.loss_bbox: 0.0498  rpn_s.1.loss_giou: 0.4326  rpn_s.2.loss_cls: 0.3796  rpn_s.2.loss_bbox: 0.0414  rpn_s.2.loss_giou: 0.3752  rpn_s.3.loss_cls: 0.3347  rpn_s.3.loss_bbox: 0.0388  rpn_s.3.loss_giou: 0.3586  s0.loss_cls: 0.3727  s0.pos_acc: 100.0000  s0.loss_bbox: 0.5868  s0.loss_iou: 1.2200  s1.loss_cls: 0.3790  s1.pos_acc: 100.0000  s1.loss_bbox: 0.6418  s1.loss_iou: 1.2237
2026/03/27 10:56:35 - mmengine - INFO - Exp name: GSDet_r50_b900_h2h4_h2r1_r2r1_2x_fair1m1.0_20260327_090119
2026/03/27 10:56:38 - mmengine - INFO - Epoch(train)  [8][ 8000/10002]  lr: 2.5000e-05  eta: 20:27:30  time: 0.3880  data_time: 0.0031  memory: 7330  grad_norm: 93.2400  loss: 8.0508  rpn_s.0.loss_cls: 0.5960  rpn_s.0.loss_bbox: 0.1123  rpn_s.0.loss_giou: 0.8115  rpn_s.1.loss_cls: 0.4309  rpn_s.1.loss_bbox: 0.0490  rpn_s.1.loss_giou: 0.4009  rpn_s.2.loss_cls: 0.3542  rpn_s.2.loss_bbox: 0.0417  rpn_s.2.loss_giou: 0.3471  rpn_s.3.loss_cls: 0.3190  rpn_s.3.loss_bbox: 0.0380  rpn_s.3.loss_giou: 0.3308  s0.loss_cls: 0.3777  s0.pos_acc: 66.6667  s0.loss_bbox: 0.5822  s0.loss_iou: 1.1176  s1.loss_cls: 0.3747  s1.pos_acc: 66.6667  s1.loss_bbox: 0.6349  s1.loss_iou: 1.1324
2026/03/27 10:56:57 - mmengine - INFO - Epoch(train)  [8][ 8050/10002]  lr: 2.5000e-05  eta: 20:27:11  time: 0.3838  data_time: 0.0030  memory: 7329  grad_norm: 81.2970  loss: 8.5974  rpn_s.0.loss_cls: 0.6752  rpn_s.0.loss_bbox: 0.1155  rpn_s.0.loss_giou: 0.9144  rpn_s.1.loss_cls: 0.4735  rpn_s.1.loss_bbox: 0.0485  rpn_s.1.loss_giou: 0.4382  rpn_s.2.loss_cls: 0.3974  rpn_s.2.loss_bbox: 0.0409  rpn_s.2.loss_giou: 0.3707  rpn_s.3.loss_cls: 0.3573  rpn_s.3.loss_bbox: 0.0381  rpn_s.3.loss_giou: 0.3484  s0.loss_cls: 0.4097  s0.pos_acc: 62.5000  s0.loss_bbox: 0.5652  s0.loss_iou: 1.1835  s1.loss_cls: 0.4062  s1.pos_acc: 66.6667  s1.loss_bbox: 0.5981  s1.loss_iou: 1.2164
2026/03/27 10:57:16 - mmengine - INFO - Epoch(train)  [8][ 8100/10002]  lr: 2.5000e-05  eta: 20:26:51  time: 0.3820  data_time: 0.0030  memory: 7329  grad_norm: 67.2835  loss: 8.4974  rpn_s.0.loss_cls: 0.6685  rpn_s.0.loss_bbox: 0.1147  rpn_s.0.loss_giou: 0.8472  rpn_s.1.loss_cls: 0.4693  rpn_s.1.loss_bbox: 0.0479  rpn_s.1.loss_giou: 0.4154  rpn_s.2.loss_cls: 0.3974  rpn_s.2.loss_bbox: 0.0400  rpn_s.2.loss_giou: 0.3616  rpn_s.3.loss_cls: 0.3620  rpn_s.3.loss_bbox: 0.0366  rpn_s.3.loss_giou: 0.3413  s0.loss_cls: 0.4093  s0.pos_acc: 76.7241  s0.loss_bbox: 0.6335  s0.loss_iou: 1.1294  s1.loss_cls: 0.4167  s1.pos_acc: 77.5862  s1.loss_bbox: 0.6562  s1.loss_iou: 1.1503
2026/03/27 10:57:35 - mmengine - INFO - Epoch(train)  [8][ 8150/10002]  lr: 2.5000e-05  eta: 20:26:30  time: 0.3816  data_time: 0.0031  memory: 7329  grad_norm: 82.0152  loss: 8.6114  rpn_s.0.loss_cls: 0.6537  rpn_s.0.loss_bbox: 0.1105  rpn_s.0.loss_giou: 0.8362  rpn_s.1.loss_cls: 0.4661  rpn_s.1.loss_bbox: 0.0483  rpn_s.1.loss_giou: 0.4120  rpn_s.2.loss_cls: 0.3972  rpn_s.2.loss_bbox: 0.0404  rpn_s.2.loss_giou: 0.3544  rpn_s.3.loss_cls: 0.3563  rpn_s.3.loss_bbox: 0.0370  rpn_s.3.loss_giou: 0.3360  s0.loss_cls: 0.4084  s0.pos_acc: 54.2857  s0.loss_bbox: 0.6649  s0.loss_iou: 1.1818  s1.loss_cls: 0.4135  s1.pos_acc: 52.1429  s1.loss_bbox: 0.7056  s1.loss_iou: 1.1890
2026/03/27 10:57:55 - mmengine - INFO - Epoch(train)  [8][ 8200/10002]  lr: 2.5000e-05  eta: 20:26:11  time: 0.3839  data_time: 0.0031  memory: 7329  grad_norm: 68.1310  loss: 8.4842  rpn_s.0.loss_cls: 0.6654  rpn_s.0.loss_bbox: 0.1108  rpn_s.0.loss_giou: 0.8266  rpn_s.1.loss_cls: 0.4745  rpn_s.1.loss_bbox: 0.0459  rpn_s.1.loss_giou: 0.4062  rpn_s.2.loss_cls: 0.4062  rpn_s.2.loss_bbox: 0.0392  rpn_s.2.loss_giou: 0.3560  rpn_s.3.loss_cls: 0.3761  rpn_s.3.loss_bbox: 0.0360  rpn_s.3.loss_giou: 0.3345  s0.loss_cls: 0.4421  s0.pos_acc: 80.4348  s0.loss_bbox: 0.6396  s0.loss_iou: 1.1011  s1.loss_cls: 0.4531  s1.pos_acc: 76.0870  s1.loss_bbox: 0.6516  s1.loss_iou: 1.1195
2026/03/27 10:58:14 - mmengine - INFO - Epoch(train)  [8][ 8250/10002]  lr: 2.5000e-05  eta: 20:25:52  time: 0.3832  data_time: 0.0031  memory: 7329  grad_norm: 71.6487  loss: 8.4895  rpn_s.0.loss_cls: 0.6530  rpn_s.0.loss_bbox: 0.1246  rpn_s.0.loss_giou: 0.9034  rpn_s.1.loss_cls: 0.4577  rpn_s.1.loss_bbox: 0.0490  rpn_s.1.loss_giou: 0.4278  rpn_s.2.loss_cls: 0.3869  rpn_s.2.loss_bbox: 0.0427  rpn_s.2.loss_giou: 0.3725  rpn_s.3.loss_cls: 0.3446  rpn_s.3.loss_bbox: 0.0396  rpn_s.3.loss_giou: 0.3522  s0.loss_cls: 0.3750  s0.pos_acc: 41.6667  s0.loss_bbox: 0.5966  s0.loss_iou: 1.1450  s1.loss_cls: 0.3987  s1.pos_acc: 33.3333  s1.loss_bbox: 0.6342  s1.loss_iou: 1.1860
2026/03/27 10:58:33 - mmengine - INFO - Epoch(train)  [8][ 8300/10002]  lr: 2.5000e-05  eta: 20:25:32  time: 0.3825  data_time: 0.0031  memory: 7329  grad_norm: 74.4668  loss: 8.4196  rpn_s.0.loss_cls: 0.6260  rpn_s.0.loss_bbox: 0.1162  rpn_s.0.loss_giou: 0.8353  rpn_s.1.loss_cls: 0.4627  rpn_s.1.loss_bbox: 0.0476  rpn_s.1.loss_giou: 0.4102  rpn_s.2.loss_cls: 0.4011  rpn_s.2.loss_bbox: 0.0387  rpn_s.2.loss_giou: 0.3455  rpn_s.3.loss_cls: 0.3620  rpn_s.3.loss_bbox: 0.0355  rpn_s.3.loss_giou: 0.3221  s0.loss_cls: 0.4168  s0.pos_acc: 64.7541  s0.loss_bbox: 0.6383  s0.loss_iou: 1.1216  s1.loss_cls: 0.4285  s1.pos_acc: 68.0328  s1.loss_bbox: 0.6577  s1.loss_iou: 1.1537
2026/03/27 10:58:52 - mmengine - INFO - Epoch(train)  [8][ 8350/10002]  lr: 2.5000e-05  eta: 20:25:16  time: 0.3886  data_time: 0.0030  memory: 7329  grad_norm: 68.4934  loss: 8.4023  rpn_s.0.loss_cls: 0.6074  rpn_s.0.loss_bbox: 0.1204  rpn_s.0.loss_giou: 0.7799  rpn_s.1.loss_cls: 0.4362  rpn_s.1.loss_bbox: 0.0603  rpn_s.1.loss_giou: 0.4135  rpn_s.2.loss_cls: 0.3696  rpn_s.2.loss_bbox: 0.0500  rpn_s.2.loss_giou: 0.3599  rpn_s.3.loss_cls: 0.3367  rpn_s.3.loss_bbox: 0.0463  rpn_s.3.loss_giou: 0.3417  s0.loss_cls: 0.3931  s0.pos_acc: 70.0000  s0.loss_bbox: 0.6670  s0.loss_iou: 1.1593  s1.loss_cls: 0.4175  s1.pos_acc: 70.0000  s1.loss_bbox: 0.6583  s1.loss_iou: 1.1850
2026/03/27 10:59:11 - mmengine - INFO - Epoch(train)  [8][ 8400/10002]  lr: 2.5000e-05  eta: 20:24:57  time: 0.3840  data_time: 0.0031  memory: 7329  grad_norm: 71.0477  loss: 8.5003  rpn_s.0.loss_cls: 0.6282  rpn_s.0.loss_bbox: 0.1116  rpn_s.0.loss_giou: 0.7770  rpn_s.1.loss_cls: 0.4511  rpn_s.1.loss_bbox: 0.0739  rpn_s.1.loss_giou: 0.4055  rpn_s.2.loss_cls: 0.3859  rpn_s.2.loss_bbox: 0.0619  rpn_s.2.loss_giou: 0.3403  rpn_s.3.loss_cls: 0.3529  rpn_s.3.loss_bbox: 0.0601  rpn_s.3.loss_giou: 0.3235  s0.loss_cls: 0.4137  s0.pos_acc: 66.6667  s0.loss_bbox: 0.6706  s0.loss_iou: 1.1399  s1.loss_cls: 0.4248  s1.pos_acc: 70.8333  s1.loss_bbox: 0.6984  s1.loss_iou: 1.1811
2026/03/27 10:59:31 - mmengine - INFO - Epoch(train)  [8][ 8450/10002]  lr: 2.5000e-05  eta: 20:24:36  time: 0.3806  data_time: 0.0031  memory: 7329  grad_norm: 69.6803  loss: 8.3424  rpn_s.0.loss_cls: 0.6270  rpn_s.0.loss_bbox: 0.1147  rpn_s.0.loss_giou: 0.7750  rpn_s.1.loss_cls: 0.4537  rpn_s.1.loss_bbox: 0.0534  rpn_s.1.loss_giou: 0.4001  rpn_s.2.loss_cls: 0.3856  rpn_s.2.loss_bbox: 0.0444  rpn_s.2.loss_giou: 0.3417  rpn_s.3.loss_cls: 0.3554  rpn_s.3.loss_bbox: 0.0424  rpn_s.3.loss_giou: 0.3233  s0.loss_cls: 0.4050  s0.pos_acc: 50.0000  s0.loss_bbox: 0.6416  s0.loss_iou: 1.1291  s1.loss_cls: 0.4137  s1.pos_acc: 33.3333  s1.loss_bbox: 0.6986  s1.loss_iou: 1.1376
2026/03/27 10:59:50 - mmengine - INFO - Epoch(train)  [8][ 8500/10002]  lr: 2.5000e-05  eta: 20:24:16  time: 0.3812  data_time: 0.0032  memory: 7330  grad_norm: 79.8995  loss: 7.8632  rpn_s.0.loss_cls: 0.6153  rpn_s.0.loss_bbox: 0.1169  rpn_s.0.loss_giou: 0.7803  rpn_s.1.loss_cls: 0.4280  rpn_s.1.loss_bbox: 0.0500  rpn_s.1.loss_giou: 0.3905  rpn_s.2.loss_cls: 0.3641  rpn_s.2.loss_bbox: 0.0417  rpn_s.2.loss_giou: 0.3377  rpn_s.3.loss_cls: 0.3351  rpn_s.3.loss_bbox: 0.0403  rpn_s.3.loss_giou: 0.3244  s0.loss_cls: 0.3688  s0.pos_acc: 66.0714  s0.loss_bbox: 0.5179  s0.loss_iou: 1.1103  s1.loss_cls: 0.3763  s1.pos_acc: 64.2857  s1.loss_bbox: 0.5358  s1.loss_iou: 1.1297
2026/03/27 11:00:09 - mmengine - INFO - Epoch(train)  [8][ 8550/10002]  lr: 2.5000e-05  eta: 20:23:59  time: 0.3886  data_time: 0.0032  memory: 7330  grad_norm: 82.8636  loss: 8.9486  rpn_s.0.loss_cls: 0.6556  rpn_s.0.loss_bbox: 0.1152  rpn_s.0.loss_giou: 0.9621  rpn_s.1.loss_cls: 0.4537  rpn_s.1.loss_bbox: 0.0465  rpn_s.1.loss_giou: 0.4640  rpn_s.2.loss_cls: 0.3907  rpn_s.2.loss_bbox: 0.0389  rpn_s.2.loss_giou: 0.3956  rpn_s.3.loss_cls: 0.3599  rpn_s.3.loss_bbox: 0.0356  rpn_s.3.loss_giou: 0.3712  s0.loss_cls: 0.4107  s0.pos_acc: 74.0196  s0.loss_bbox: 0.6048  s0.loss_iou: 1.2727  s1.loss_cls: 0.4061  s1.pos_acc: 74.5098  s1.loss_bbox: 0.6766  s1.loss_iou: 1.2888
2026/03/27 11:00:28 - mmengine - INFO - Epoch(train)  [8][ 8600/10002]  lr: 2.5000e-05  eta: 20:23:42  time: 0.3873  data_time: 0.0032  memory: 7329  grad_norm: 70.0779  loss: 8.1531  rpn_s.0.loss_cls: 0.6349  rpn_s.0.loss_bbox: 0.1178  rpn_s.0.loss_giou: 0.8349  rpn_s.1.loss_cls: 0.4438  rpn_s.1.loss_bbox: 0.0490  rpn_s.1.loss_giou: 0.4089  rpn_s.2.loss_cls: 0.3724  rpn_s.2.loss_bbox: 0.0421  rpn_s.2.loss_giou: 0.3575  rpn_s.3.loss_cls: 0.3295  rpn_s.3.loss_bbox: 0.0385  rpn_s.3.loss_giou: 0.3365  s0.loss_cls: 0.3774  s0.pos_acc: 80.3571  s0.loss_bbox: 0.5742  s0.loss_iou: 1.1124  s1.loss_cls: 0.3833  s1.pos_acc: 76.7857  s1.loss_bbox: 0.6243  s1.loss_iou: 1.1157
2026/03/27 11:00:48 - mmengine - INFO - Epoch(train)  [8][ 8650/10002]  lr: 2.5000e-05  eta: 20:23:22  time: 0.3824  data_time: 0.0032  memory: 7329  grad_norm: 73.2020  loss: 7.7705  rpn_s.0.loss_cls: 0.6273  rpn_s.0.loss_bbox: 0.1050  rpn_s.0.loss_giou: 0.6951  rpn_s.1.loss_cls: 0.4568  rpn_s.1.loss_bbox: 0.0466  rpn_s.1.loss_giou: 0.3631  rpn_s.2.loss_cls: 0.3918  rpn_s.2.loss_bbox: 0.0384  rpn_s.2.loss_giou: 0.3072  rpn_s.3.loss_cls: 0.3541  rpn_s.3.loss_bbox: 0.0361  rpn_s.3.loss_giou: 0.2892  s0.loss_cls: 0.3967  s0.pos_acc: 100.0000  s0.loss_bbox: 0.6088  s0.loss_iou: 0.9719  s1.loss_cls: 0.4185  s1.pos_acc: 100.0000  s1.loss_bbox: 0.6476  s1.loss_iou: 1.0164
2026/03/27 11:01:07 - mmengine - INFO - Epoch(train)  [8][ 8700/10002]  lr: 2.5000e-05  eta: 20:23:02  time: 0.3805  data_time: 0.0032  memory: 7330  grad_norm: 72.7781  loss: 8.4633  rpn_s.0.loss_cls: 0.6431  rpn_s.0.loss_bbox: 0.1103  rpn_s.0.loss_giou: 0.8030  rpn_s.1.loss_cls: 0.4552  rpn_s.1.loss_bbox: 0.0490  rpn_s.1.loss_giou: 0.4195  rpn_s.2.loss_cls: 0.3895  rpn_s.2.loss_bbox: 0.0415  rpn_s.2.loss_giou: 0.3672  rpn_s.3.loss_cls: 0.3525  rpn_s.3.loss_bbox: 0.0390  rpn_s.3.loss_giou: 0.3487  s0.loss_cls: 0.4203  s0.pos_acc: 79.6703  s0.loss_bbox: 0.6379  s0.loss_iou: 1.1586  s1.loss_cls: 0.4170  s1.pos_acc: 79.1209  s1.loss_bbox: 0.6370  s1.loss_iou: 1.1740
2026/03/27 11:01:25 - mmengine - INFO - Epoch(train)  [8][ 8750/10002]  lr: 2.5000e-05  eta: 20:22:40  time: 0.3791  data_time: 0.0032  memory: 7329  grad_norm: 79.1158  loss: 8.8669  rpn_s.0.loss_cls: 0.6802  rpn_s.0.loss_bbox: 0.1139  rpn_s.0.loss_giou: 0.8983  rpn_s.1.loss_cls: 0.4654  rpn_s.1.loss_bbox: 0.0482  rpn_s.1.loss_giou: 0.4431  rpn_s.2.loss_cls: 0.3804  rpn_s.2.loss_bbox: 0.0433  rpn_s.2.loss_giou: 0.3928  rpn_s.3.loss_cls: 0.3472  rpn_s.3.loss_bbox: 0.0406  rpn_s.3.loss_giou: 0.3746  s0.loss_cls: 0.3887  s0.pos_acc: 59.0909  s0.loss_bbox: 0.6449  s0.loss_iou: 1.2583  s1.loss_cls: 0.3856  s1.pos_acc: 57.5758  s1.loss_bbox: 0.6747  s1.loss_iou: 1.2867
2026/03/27 11:01:45 - mmengine - INFO - Epoch(train)  [8][ 8800/10002]  lr: 2.5000e-05  eta: 20:22:21  time: 0.3825  data_time: 0.0032  memory: 7330  grad_norm: 67.8116  loss: 8.5182  rpn_s.0.loss_cls: 0.6561  rpn_s.0.loss_bbox: 0.1151  rpn_s.0.loss_giou: 0.8648  rpn_s.1.loss_cls: 0.4612  rpn_s.1.loss_bbox: 0.0453  rpn_s.1.loss_giou: 0.4149  rpn_s.2.loss_cls: 0.3893  rpn_s.2.loss_bbox: 0.0383  rpn_s.2.loss_giou: 0.3616  rpn_s.3.loss_cls: 0.3442  rpn_s.3.loss_bbox: 0.0359  rpn_s.3.loss_giou: 0.3422  s0.loss_cls: 0.3902  s0.pos_acc: 100.0000  s0.loss_bbox: 0.6307  s0.loss_iou: 1.1689  s1.loss_cls: 0.3799  s1.pos_acc: 100.0000  s1.loss_bbox: 0.6913  s1.loss_iou: 1.1883
2026/03/27 11:02:03 - mmengine - INFO - Epoch(train)  [8][ 8850/10002]  lr: 2.5000e-05  eta: 20:21:58  time: 0.3767  data_time: 0.0032  memory: 7329  grad_norm: 74.1505  loss: 8.4526  rpn_s.0.loss_cls: 0.6527  rpn_s.0.loss_bbox: 0.1117  rpn_s.0.loss_giou: 0.8670  rpn_s.1.loss_cls: 0.4589  rpn_s.1.loss_bbox: 0.0468  rpn_s.1.loss_giou: 0.4241  rpn_s.2.loss_cls: 0.3934  rpn_s.2.loss_bbox: 0.0386  rpn_s.2.loss_giou: 0.3645  rpn_s.3.loss_cls: 0.3450  rpn_s.3.loss_bbox: 0.0347  rpn_s.3.loss_giou: 0.3390  s0.loss_cls: 0.4048  s0.pos_acc: 80.1471  s0.loss_bbox: 0.5921  s0.loss_iou: 1.1576  s1.loss_cls: 0.4032  s1.pos_acc: 80.1471  s1.loss_bbox: 0.6371  s1.loss_iou: 1.1816
2026/03/27 11:02:22 - mmengine - INFO - Epoch(train)  [8][ 8900/10002]  lr: 2.5000e-05  eta: 20:21:35  time: 0.3763  data_time: 0.0032  memory: 7329  grad_norm: 78.9847  loss: 8.2030  rpn_s.0.loss_cls: 0.6038  rpn_s.0.loss_bbox: 0.1150  rpn_s.0.loss_giou: 0.7464  rpn_s.1.loss_cls: 0.4302  rpn_s.1.loss_bbox: 0.0544  rpn_s.1.loss_giou: 0.4025  rpn_s.2.loss_cls: 0.3656  rpn_s.2.loss_bbox: 0.0469  rpn_s.2.loss_giou: 0.3539  rpn_s.3.loss_cls: 0.3284  rpn_s.3.loss_bbox: 0.0417  rpn_s.3.loss_giou: 0.3320  s0.loss_cls: 0.3805  s0.pos_acc: 70.5128  s0.loss_bbox: 0.6653  s0.loss_iou: 1.1091  s1.loss_cls: 0.3861  s1.pos_acc: 75.6410  s1.loss_bbox: 0.7224  s1.loss_iou: 1.1188
2026/03/27 11:02:41 - mmengine - INFO - Epoch(train)  [8][ 8950/10002]  lr: 2.5000e-05  eta: 20:21:13  time: 0.3772  data_time: 0.0032  memory: 7329  grad_norm: 76.4945  loss: 8.4703  rpn_s.0.loss_cls: 0.6700  rpn_s.0.loss_bbox: 0.1128  rpn_s.0.loss_giou: 0.8419  rpn_s.1.loss_cls: 0.4705  rpn_s.1.loss_bbox: 0.0465  rpn_s.1.loss_giou: 0.4165  rpn_s.2.loss_cls: 0.3912  rpn_s.2.loss_bbox: 0.0385  rpn_s.2.loss_giou: 0.3599  rpn_s.3.loss_cls: 0.3598  rpn_s.3.loss_bbox: 0.0363  rpn_s.3.loss_giou: 0.3456  s0.loss_cls: 0.4053  s0.pos_acc: 100.0000  s0.loss_bbox: 0.6111  s0.loss_iou: 1.1329  s1.loss_cls: 0.4066  s1.pos_acc: 100.0000  s1.loss_bbox: 0.6672  s1.loss_iou: 1.1576
2026/03/27 11:02:57 - mmengine - INFO - Exp name: GSDet_r50_b900_h2h4_h2r1_r2r1_2x_fair1m1.0_20260327_090119
2026/03/27 11:03:00 - mmengine - INFO - Epoch(train)  [8][ 9000/10002]  lr: 2.5000e-05  eta: 20:20:50  time: 0.3761  data_time: 0.0032  memory: 7329  grad_norm: 78.6863  loss: 8.8661  rpn_s.0.loss_cls: 0.6218  rpn_s.0.loss_bbox: 0.1206  rpn_s.0.loss_giou: 0.8061  rpn_s.1.loss_cls: 0.4493  rpn_s.1.loss_bbox: 0.0579  rpn_s.1.loss_giou: 0.4317  rpn_s.2.loss_cls: 0.3935  rpn_s.2.loss_bbox: 0.0497  rpn_s.2.loss_giou: 0.3830  rpn_s.3.loss_cls: 0.3631  rpn_s.3.loss_bbox: 0.0463  rpn_s.3.loss_giou: 0.3620  s0.loss_cls: 0.4366  s0.pos_acc: 68.1818  s0.loss_bbox: 0.6980  s0.loss_iou: 1.2184  s1.loss_cls: 0.4323  s1.pos_acc: 50.0000  s1.loss_bbox: 0.7347  s1.loss_iou: 1.2613
2026/03/27 11:03:19 - mmengine - INFO - Epoch(train)  [8][ 9050/10002]  lr: 2.5000e-05  eta: 20:20:33  time: 0.3875  data_time: 0.0032  memory: 7330  grad_norm: 65.9463  loss: 8.5343  rpn_s.0.loss_cls: 0.6468  rpn_s.0.loss_bbox: 0.1115  rpn_s.0.loss_giou: 0.8837  rpn_s.1.loss_cls: 0.4526  rpn_s.1.loss_bbox: 0.0455  rpn_s.1.loss_giou: 0.4362  rpn_s.2.loss_cls: 0.3807  rpn_s.2.loss_bbox: 0.0378  rpn_s.2.loss_giou: 0.3798  rpn_s.3.loss_cls: 0.3407  rpn_s.3.loss_bbox: 0.0356  rpn_s.3.loss_giou: 0.3611  s0.loss_cls: 0.3775  s0.pos_acc: 87.5000  s0.loss_bbox: 0.5840  s0.loss_iou: 1.2013  s1.loss_cls: 0.3966  s1.pos_acc: 94.4444  s1.loss_bbox: 0.6342  s1.loss_iou: 1.2288
2026/03/27 11:03:38 - mmengine - INFO - Epoch(train)  [8][ 9100/10002]  lr: 2.5000e-05  eta: 20:20:11  time: 0.3787  data_time: 0.0032  memory: 7329  grad_norm: 79.4384  loss: 8.3327  rpn_s.0.loss_cls: 0.6486  rpn_s.0.loss_bbox: 0.1094  rpn_s.0.loss_giou: 0.8715  rpn_s.1.loss_cls: 0.4650  rpn_s.1.loss_bbox: 0.0447  rpn_s.1.loss_giou: 0.4247  rpn_s.2.loss_cls: 0.3958  rpn_s.2.loss_bbox: 0.0359  rpn_s.2.loss_giou: 0.3612  rpn_s.3.loss_cls: 0.3488  rpn_s.3.loss_bbox: 0.0327  rpn_s.3.loss_giou: 0.3339  s0.loss_cls: 0.3971  s0.pos_acc: 62.5000  s0.loss_bbox: 0.5709  s0.loss_iou: 1.1239  s1.loss_cls: 0.3946  s1.pos_acc: 62.5000  s1.loss_bbox: 0.6187  s1.loss_iou: 1.1552
2026/03/27 11:03:57 - mmengine - INFO - Epoch(train)  [8][ 9150/10002]  lr: 2.5000e-05  eta: 20:19:51  time: 0.3812  data_time: 0.0032  memory: 7330  grad_norm: 89.9061  loss: 8.6039  rpn_s.0.loss_cls: 0.6570  rpn_s.0.loss_bbox: 0.1157  rpn_s.0.loss_giou: 0.9056  rpn_s.1.loss_cls: 0.4633  rpn_s.1.loss_bbox: 0.0461  rpn_s.1.loss_giou: 0.4278  rpn_s.2.loss_cls: 0.3837  rpn_s.2.loss_bbox: 0.0385  rpn_s.2.loss_giou: 0.3663  rpn_s.3.loss_cls: 0.3412  rpn_s.3.loss_bbox: 0.0365  rpn_s.3.loss_giou: 0.3505  s0.loss_cls: 0.3985  s0.pos_acc: 100.0000  s0.loss_bbox: 0.6500  s0.loss_iou: 1.1535  s1.loss_cls: 0.3995  s1.pos_acc: 100.0000  s1.loss_bbox: 0.6896  s1.loss_iou: 1.1803
2026/03/27 11:04:16 - mmengine - INFO - Epoch(train)  [8][ 9200/10002]  lr: 2.5000e-05  eta: 20:19:30  time: 0.3803  data_time: 0.0032  memory: 7329  grad_norm: 81.2592  loss: 8.8719  rpn_s.0.loss_cls: 0.6411  rpn_s.0.loss_bbox: 0.1238  rpn_s.0.loss_giou: 0.8336  rpn_s.1.loss_cls: 0.4618  rpn_s.1.loss_bbox: 0.0591  rpn_s.1.loss_giou: 0.4394  rpn_s.2.loss_cls: 0.4009  rpn_s.2.loss_bbox: 0.0503  rpn_s.2.loss_giou: 0.3729  rpn_s.3.loss_cls: 0.3661  rpn_s.3.loss_bbox: 0.0478  rpn_s.3.loss_giou: 0.3565  s0.loss_cls: 0.4280  s0.pos_acc: 100.0000  s0.loss_bbox: 0.6968  s0.loss_iou: 1.2218  s1.loss_cls: 0.4407  s1.pos_acc: 92.8571  s1.loss_bbox: 0.7075  s1.loss_iou: 1.2238
2026/03/27 11:04:36 - mmengine - INFO - Epoch(train)  [8][ 9250/10002]  lr: 2.5000e-05  eta: 20:19:16  time: 0.3926  data_time: 0.0032  memory: 7330  grad_norm: 74.2993  loss: 9.1234  rpn_s.0.loss_cls: 0.6613  rpn_s.0.loss_bbox: 0.1264  rpn_s.0.loss_giou: 0.9325  rpn_s.1.loss_cls: 0.4654  rpn_s.1.loss_bbox: 0.0537  rpn_s.1.loss_giou: 0.4685  rpn_s.2.loss_cls: 0.3920  rpn_s.2.loss_bbox: 0.0434  rpn_s.2.loss_giou: 0.4023  rpn_s.3.loss_cls: 0.3588  rpn_s.3.loss_bbox: 0.0408  rpn_s.3.loss_giou: 0.3756  s0.loss_cls: 0.4092  s0.pos_acc: 100.0000  s0.loss_bbox: 0.6737  s0.loss_iou: 1.2891  s1.loss_cls: 0.4104  s1.pos_acc: 100.0000  s1.loss_bbox: 0.6879  s1.loss_iou: 1.3326
2026/03/27 11:04:55 - mmengine - INFO - Epoch(train)  [8][ 9300/10002]  lr: 2.5000e-05  eta: 20:18:58  time: 0.3857  data_time: 0.0032  memory: 7329  grad_norm: 79.2061  loss: 7.8722  rpn_s.0.loss_cls: 0.6092  rpn_s.0.loss_bbox: 0.1127  rpn_s.0.loss_giou: 0.7431  rpn_s.1.loss_cls: 0.4192  rpn_s.1.loss_bbox: 0.0496  rpn_s.1.loss_giou: 0.3687  rpn_s.2.loss_cls: 0.3609  rpn_s.2.loss_bbox: 0.0419  rpn_s.2.loss_giou: 0.3126  rpn_s.3.loss_cls: 0.3226  rpn_s.3.loss_bbox: 0.0400  rpn_s.3.loss_giou: 0.3060  s0.loss_cls: 0.3459  s0.pos_acc: 45.0000  s0.loss_bbox: 0.6495  s0.loss_iou: 1.0790  s1.loss_cls: 0.3516  s1.pos_acc: 50.0000  s1.loss_bbox: 0.6779  s1.loss_iou: 1.0819
2026/03/27 11:05:14 - mmengine - INFO - Epoch(train)  [8][ 9350/10002]  lr: 2.5000e-05  eta: 20:18:37  time: 0.3810  data_time: 0.0032  memory: 7329  grad_norm: 72.2092  loss: 8.1201  rpn_s.0.loss_cls: 0.6084  rpn_s.0.loss_bbox: 0.1060  rpn_s.0.loss_giou: 0.7791  rpn_s.1.loss_cls: 0.4489  rpn_s.1.loss_bbox: 0.0462  rpn_s.1.loss_giou: 0.3927  rpn_s.2.loss_cls: 0.3772  rpn_s.2.loss_bbox: 0.0386  rpn_s.2.loss_giou: 0.3385  rpn_s.3.loss_cls: 0.3392  rpn_s.3.loss_bbox: 0.0363  rpn_s.3.loss_giou: 0.3199  s0.loss_cls: 0.3758  s0.pos_acc: 75.0000  s0.loss_bbox: 0.6452  s0.loss_iou: 1.0834  s1.loss_cls: 0.4012  s1.pos_acc: 75.0000  s1.loss_bbox: 0.6884  s1.loss_iou: 1.0951
2026/03/27 11:05:34 - mmengine - INFO - Epoch(train)  [8][ 9400/10002]  lr: 2.5000e-05  eta: 20:18:19  time: 0.3850  data_time: 0.0032  memory: 7330  grad_norm: 74.7358  loss: 8.2323  rpn_s.0.loss_cls: 0.6282  rpn_s.0.loss_bbox: 0.1130  rpn_s.0.loss_giou: 0.7728  rpn_s.1.loss_cls: 0.4563  rpn_s.1.loss_bbox: 0.0515  rpn_s.1.loss_giou: 0.3979  rpn_s.2.loss_cls: 0.3717  rpn_s.2.loss_bbox: 0.0432  rpn_s.2.loss_giou: 0.3420  rpn_s.3.loss_cls: 0.3406  rpn_s.3.loss_bbox: 0.0406  rpn_s.3.loss_giou: 0.3253  s0.loss_cls: 0.3858  s0.pos_acc: 77.4775  s0.loss_bbox: 0.6640  s0.loss_iou: 1.1073  s1.loss_cls: 0.3905  s1.pos_acc: 76.5766  s1.loss_bbox: 0.6785  s1.loss_iou: 1.1232
2026/03/27 11:05:53 - mmengine - INFO - Epoch(train)  [8][ 9450/10002]  lr: 2.5000e-05  eta: 20:18:01  time: 0.3861  data_time: 0.0032  memory: 7330  grad_norm: 70.2727  loss: 9.2754  rpn_s.0.loss_cls: 0.6609  rpn_s.0.loss_bbox: 0.1197  rpn_s.0.loss_giou: 0.9804  rpn_s.1.loss_cls: 0.4625  rpn_s.1.loss_bbox: 0.0480  rpn_s.1.loss_giou: 0.4764  rpn_s.2.loss_cls: 0.4068  rpn_s.2.loss_bbox: 0.0402  rpn_s.2.loss_giou: 0.4011  rpn_s.3.loss_cls: 0.3744  rpn_s.3.loss_bbox: 0.0364  rpn_s.3.loss_giou: 0.3814  s0.loss_cls: 0.4294  s0.pos_acc: 81.0000  s0.loss_bbox: 0.6721  s0.loss_iou: 1.3081  s1.loss_cls: 0.4155  s1.pos_acc: 77.0000  s1.loss_bbox: 0.7225  s1.loss_iou: 1.3395
2026/03/27 11:06:12 - mmengine - INFO - Epoch(train)  [8][ 9500/10002]  lr: 2.5000e-05  eta: 20:17:43  time: 0.3859  data_time: 0.0032  memory: 7329  grad_norm: 64.8278  loss: 9.2493  rpn_s.0.loss_cls: 0.6372  rpn_s.0.loss_bbox: 0.1408  rpn_s.0.loss_giou: 0.9368  rpn_s.1.loss_cls: 0.4769  rpn_s.1.loss_bbox: 0.0594  rpn_s.1.loss_giou: 0.4765  rpn_s.2.loss_cls: 0.4102  rpn_s.2.loss_bbox: 0.0495  rpn_s.2.loss_giou: 0.4021  rpn_s.3.loss_cls: 0.3721  rpn_s.3.loss_bbox: 0.0471  rpn_s.3.loss_giou: 0.3837  s0.loss_cls: 0.4227  s0.pos_acc: 100.0000  s0.loss_bbox: 0.6764  s0.loss_iou: 1.2971  s1.loss_cls: 0.4301  s1.pos_acc: 100.0000  s1.loss_bbox: 0.7146  s1.loss_iou: 1.3160
2026/03/27 11:06:32 - mmengine - INFO - Epoch(train)  [8][ 9550/10002]  lr: 2.5000e-05  eta: 20:17:33  time: 0.4032  data_time: 0.0032  memory: 7330  grad_norm: 63.3358  loss: 8.9384  rpn_s.0.loss_cls: 0.6435  rpn_s.0.loss_bbox: 0.1255  rpn_s.0.loss_giou: 0.9106  rpn_s.1.loss_cls: 0.4445  rpn_s.1.loss_bbox: 0.0552  rpn_s.1.loss_giou: 0.4603  rpn_s.2.loss_cls: 0.3775  rpn_s.2.loss_bbox: 0.0457  rpn_s.2.loss_giou: 0.3890  rpn_s.3.loss_cls: 0.3509  rpn_s.3.loss_bbox: 0.0422  rpn_s.3.loss_giou: 0.3663  s0.loss_cls: 0.3918  s0.pos_acc: 73.9782  s0.loss_bbox: 0.6406  s0.loss_iou: 1.2946  s1.loss_cls: 0.3983  s1.pos_acc: 76.8392  s1.loss_bbox: 0.6836  s1.loss_iou: 1.3183
2026/03/27 11:06:52 - mmengine - INFO - Epoch(train)  [8][ 9600/10002]  lr: 2.5000e-05  eta: 20:17:17  time: 0.3899  data_time: 0.0032  memory: 7330  grad_norm: 69.9393  loss: 8.4588  rpn_s.0.loss_cls: 0.6288  rpn_s.0.loss_bbox: 0.1184  rpn_s.0.loss_giou: 0.8127  rpn_s.1.loss_cls: 0.4451  rpn_s.1.loss_bbox: 0.0540  rpn_s.1.loss_giou: 0.4204  rpn_s.2.loss_cls: 0.3799  rpn_s.2.loss_bbox: 0.0464  rpn_s.2.loss_giou: 0.3662  rpn_s.3.loss_cls: 0.3411  rpn_s.3.loss_bbox: 0.0426  rpn_s.3.loss_giou: 0.3460  s0.loss_cls: 0.3886  s0.pos_acc: 75.0000  s0.loss_bbox: 0.6024  s0.loss_iou: 1.1726  s1.loss_cls: 0.3969  s1.pos_acc: 66.6667  s1.loss_bbox: 0.6761  s1.loss_iou: 1.2207
2026/03/27 11:07:11 - mmengine - INFO - Epoch(train)  [8][ 9650/10002]  lr: 2.5000e-05  eta: 20:16:58  time: 0.3834  data_time: 0.0032  memory: 7329  grad_norm: 81.3518  loss: 8.0932  rpn_s.0.loss_cls: 0.6115  rpn_s.0.loss_bbox: 0.1056  rpn_s.0.loss_giou: 0.7667  rpn_s.1.loss_cls: 0.4485  rpn_s.1.loss_bbox: 0.0475  rpn_s.1.loss_giou: 0.3904  rpn_s.2.loss_cls: 0.3806  rpn_s.2.loss_bbox: 0.0396  rpn_s.2.loss_giou: 0.3313  rpn_s.3.loss_cls: 0.3324  rpn_s.3.loss_bbox: 0.0372  rpn_s.3.loss_giou: 0.3114  s0.loss_cls: 0.3902  s0.pos_acc: 100.0000  s0.loss_bbox: 0.6770  s0.loss_iou: 1.0540  s1.loss_cls: 0.3872  s1.pos_acc: 100.0000  s1.loss_bbox: 0.6871  s1.loss_iou: 1.0950
2026/03/27 11:07:30 - mmengine - INFO - Epoch(train)  [8][ 9700/10002]  lr: 2.5000e-05  eta: 20:16:40  time: 0.3857  data_time: 0.0032  memory: 7329  grad_norm: 72.9090  loss: 8.6091  rpn_s.0.loss_cls: 0.6361  rpn_s.0.loss_bbox: 0.1080  rpn_s.0.loss_giou: 0.8002  rpn_s.1.loss_cls: 0.4613  rpn_s.1.loss_bbox: 0.0484  rpn_s.1.loss_giou: 0.4212  rpn_s.2.loss_cls: 0.3944  rpn_s.2.loss_bbox: 0.0426  rpn_s.2.loss_giou: 0.3698  rpn_s.3.loss_cls: 0.3538  rpn_s.3.loss_bbox: 0.0407  rpn_s.3.loss_giou: 0.3548  s0.loss_cls: 0.3966  s0.pos_acc: 100.0000  s0.loss_bbox: 0.6717  s0.loss_iou: 1.1921  s1.loss_cls: 0.4070  s1.pos_acc: 100.0000  s1.loss_bbox: 0.6967  s1.loss_iou: 1.2136
2026/03/27 11:07:50 - mmengine - INFO - Epoch(train)  [8][ 9750/10002]  lr: 2.5000e-05  eta: 20:16:22  time: 0.3867  data_time: 0.0032  memory: 7330  grad_norm: 77.0989  loss: 8.5670  rpn_s.0.loss_cls: 0.6576  rpn_s.0.loss_bbox: 0.1119  rpn_s.0.loss_giou: 0.8380  rpn_s.1.loss_cls: 0.4754  rpn_s.1.loss_bbox: 0.0469  rpn_s.1.loss_giou: 0.4240  rpn_s.2.loss_cls: 0.4039  rpn_s.2.loss_bbox: 0.0375  rpn_s.2.loss_giou: 0.3626  rpn_s.3.loss_cls: 0.3654  rpn_s.3.loss_bbox: 0.0359  rpn_s.3.loss_giou: 0.3478  s0.loss_cls: 0.4022  s0.pos_acc: 85.7143  s0.loss_bbox: 0.6386  s0.loss_iou: 1.1451  s1.loss_cls: 0.4166  s1.pos_acc: 85.7143  s1.loss_bbox: 0.6653  s1.loss_iou: 1.1923
2026/03/27 11:08:09 - mmengine - INFO - Epoch(train)  [8][ 9800/10002]  lr: 2.5000e-05  eta: 20:16:03  time: 0.3836  data_time: 0.0032  memory: 7329  grad_norm: 66.6662  loss: 8.4175  rpn_s.0.loss_cls: 0.6344  rpn_s.0.loss_bbox: 0.1120  rpn_s.0.loss_giou: 0.8344  rpn_s.1.loss_cls: 0.4557  rpn_s.1.loss_bbox: 0.0458  rpn_s.1.loss_giou: 0.4156  rpn_s.2.loss_cls: 0.3854  rpn_s.2.loss_bbox: 0.0387  rpn_s.2.loss_giou: 0.3593  rpn_s.3.loss_cls: 0.3514  rpn_s.3.loss_bbox: 0.0373  rpn_s.3.loss_giou: 0.3427  s0.loss_cls: 0.3906  s0.pos_acc: 82.4841  s0.loss_bbox: 0.6195  s0.loss_iou: 1.1600  s1.loss_cls: 0.4034  s1.pos_acc: 82.8026  s1.loss_bbox: 0.6611  s1.loss_iou: 1.1703
2026/03/27 11:08:28 - mmengine - INFO - Epoch(train)  [8][ 9850/10002]  lr: 2.5000e-05  eta: 20:15:42  time: 0.3787  data_time: 0.0032  memory: 7329  grad_norm: 76.5080  loss: 7.9544  rpn_s.0.loss_cls: 0.6215  rpn_s.0.loss_bbox: 0.1137  rpn_s.0.loss_giou: 0.7803  rpn_s.1.loss_cls: 0.4391  rpn_s.1.loss_bbox: 0.0495  rpn_s.1.loss_giou: 0.3838  rpn_s.2.loss_cls: 0.3619  rpn_s.2.loss_bbox: 0.0426  rpn_s.2.loss_giou: 0.3304  rpn_s.3.loss_cls: 0.3333  rpn_s.3.loss_bbox: 0.0410  rpn_s.3.loss_giou: 0.3115  s0.loss_cls: 0.3723  s0.pos_acc: 75.8621  s0.loss_bbox: 0.6059  s0.loss_iou: 1.0729  s1.loss_cls: 0.3655  s1.pos_acc: 77.5862  s1.loss_bbox: 0.6259  s1.loss_iou: 1.1033
2026/03/27 11:08:47 - mmengine - INFO - Epoch(train)  [8][ 9900/10002]  lr: 2.5000e-05  eta: 20:15:21  time: 0.3814  data_time: 0.0032  memory: 7329  grad_norm: 80.7264  loss: 9.0689  rpn_s.0.loss_cls: 0.6855  rpn_s.0.loss_bbox: 0.1190  rpn_s.0.loss_giou: 0.8650  rpn_s.1.loss_cls: 0.5030  rpn_s.1.loss_bbox: 0.0498  rpn_s.1.loss_giou: 0.4453  rpn_s.2.loss_cls: 0.4369  rpn_s.2.loss_bbox: 0.0411  rpn_s.2.loss_giou: 0.3772  rpn_s.3.loss_cls: 0.4049  rpn_s.3.loss_bbox: 0.0380  rpn_s.3.loss_giou: 0.3538  s0.loss_cls: 0.4642  s0.pos_acc: 73.8095  s0.loss_bbox: 0.6095  s0.loss_iou: 1.2570  s1.loss_cls: 0.4662  s1.pos_acc: 69.0476  s1.loss_bbox: 0.6884  s1.loss_iou: 1.2643
2026/03/27 11:09:06 - mmengine - INFO - Epoch(train)  [8][ 9950/10002]  lr: 2.5000e-05  eta: 20:15:03  time: 0.3841  data_time: 0.0032  memory: 7330  grad_norm: 71.5299  loss: 8.4274  rpn_s.0.loss_cls: 0.6248  rpn_s.0.loss_bbox: 0.1248  rpn_s.0.loss_giou: 0.8605  rpn_s.1.loss_cls: 0.4549  rpn_s.1.loss_bbox: 0.0536  rpn_s.1.loss_giou: 0.4300  rpn_s.2.loss_cls: 0.3750  rpn_s.2.loss_bbox: 0.0452  rpn_s.2.loss_giou: 0.3630  rpn_s.3.loss_cls: 0.3417  rpn_s.3.loss_bbox: 0.0411  rpn_s.3.loss_giou: 0.3456  s0.loss_cls: 0.3766  s0.pos_acc: 69.5876  s0.loss_bbox: 0.6113  s0.loss_iou: 1.1817  s1.loss_cls: 0.3793  s1.pos_acc: 67.5258  s1.loss_bbox: 0.6149  s1.loss_iou: 1.2034
2026/03/27 11:09:22 - mmengine - INFO - Exp name: GSDet_r50_b900_h2h4_h2r1_r2r1_2x_fair1m1.0_20260327_090119
2026/03/27 11:09:25 - mmengine - INFO - Epoch(train)  [8][10000/10002]  lr: 2.5000e-05  eta: 20:14:42  time: 0.3814  data_time: 0.0032  memory: 7329  grad_norm: 72.7971  loss: 8.3842  rpn_s.0.loss_cls: 0.6382  rpn_s.0.loss_bbox: 0.1213  rpn_s.0.loss_giou: 0.8631  rpn_s.1.loss_cls: 0.4508  rpn_s.1.loss_bbox: 0.0511  rpn_s.1.loss_giou: 0.4318  rpn_s.2.loss_cls: 0.3838  rpn_s.2.loss_bbox: 0.0438  rpn_s.2.loss_giou: 0.3734  rpn_s.3.loss_cls: 0.3342  rpn_s.3.loss_bbox: 0.0392  rpn_s.3.loss_giou: 0.3494  s0.loss_cls: 0.3689  s0.pos_acc: 75.0000  s0.loss_bbox: 0.5453  s0.loss_iou: 1.1897  s1.loss_cls: 0.3777  s1.pos_acc: 76.8293  s1.loss_bbox: 0.6085  s1.loss_iou: 1.2140
2026/03/27 11:09:26 - mmengine - INFO - Exp name: GSDet_r50_b900_h2h4_h2r1_r2r1_2x_fair1m1.0_20260327_090119
2026/03/27 11:09:26 - mmengine - INFO - Saving checkpoint at 8 epochs
2026/03/27 11:09:47 - mmengine - INFO - Epoch(train)  [9][   50/10002]  lr: 2.5000e-05  eta: 20:14:19  time: 0.3800  data_time: 0.0054  memory: 7329  grad_norm: 71.5881  loss: 8.0947  rpn_s.0.loss_cls: 0.6216  rpn_s.0.loss_bbox: 0.1084  rpn_s.0.loss_giou: 0.8007  rpn_s.1.loss_cls: 0.4375  rpn_s.1.loss_bbox: 0.0454  rpn_s.1.loss_giou: 0.3880  rpn_s.2.loss_cls: 0.3664  rpn_s.2.loss_bbox: 0.0384  rpn_s.2.loss_giou: 0.3352  rpn_s.3.loss_cls: 0.3298  rpn_s.3.loss_bbox: 0.0344  rpn_s.3.loss_giou: 0.3179  s0.loss_cls: 0.3751  s0.pos_acc: 66.6667  s0.loss_bbox: 0.6597  s0.loss_iou: 1.0694  s1.loss_cls: 0.3751  s1.pos_acc: 66.6667  s1.loss_bbox: 0.6894  s1.loss_iou: 1.1024
2026/03/27 11:10:06 - mmengine - INFO - Epoch(train)  [9][  100/10002]  lr: 2.5000e-05  eta: 20:13:56  time: 0.3739  data_time: 0.0032  memory: 7329  grad_norm: 79.6032  loss: 7.8685  rpn_s.0.loss_cls: 0.6447  rpn_s.0.loss_bbox: 0.1001  rpn_s.0.loss_giou: 0.7339  rpn_s.1.loss_cls: 0.4349  rpn_s.1.loss_bbox: 0.0454  rpn_s.1.loss_giou: 0.3751  rpn_s.2.loss_cls: 0.3747  rpn_s.2.loss_bbox: 0.0397  rpn_s.2.loss_giou: 0.3291  rpn_s.3.loss_cls: 0.3255  rpn_s.3.loss_bbox: 0.0366  rpn_s.3.loss_giou: 0.3108  s0.loss_cls: 0.3615  s0.pos_acc: 69.2308  s0.loss_bbox: 0.6370  s0.loss_iou: 1.0302  s1.loss_cls: 0.3652  s1.pos_acc: 69.2308  s1.loss_bbox: 0.6611  s1.loss_iou: 1.0630
2026/03/27 11:10:25 - mmengine - INFO - Epoch(train)  [9][  150/10002]  lr: 2.5000e-05  eta: 20:13:34  time: 0.3782  data_time: 0.0032  memory: 7329  grad_norm: 84.9110  loss: 8.4089  rpn_s.0.loss_cls: 0.6312  rpn_s.0.loss_bbox: 0.1155  rpn_s.0.loss_giou: 0.7725  rpn_s.1.loss_cls: 0.4518  rpn_s.1.loss_bbox: 0.0543  rpn_s.1.loss_giou: 0.4019  rpn_s.2.loss_cls: 0.3908  rpn_s.2.loss_bbox: 0.0470  rpn_s.2.loss_giou: 0.3481  rpn_s.3.loss_cls: 0.3498  rpn_s.3.loss_bbox: 0.0434  rpn_s.3.loss_giou: 0.3256  s0.loss_cls: 0.3968  s0.pos_acc: 78.6364  s0.loss_bbox: 0.6984  s0.loss_iou: 1.1070  s1.loss_cls: 0.3945  s1.pos_acc: 81.3636  s1.loss_bbox: 0.7134  s1.loss_iou: 1.1667
2026/03/27 11:10:44 - mmengine - INFO - Epoch(train)  [9][  200/10002]  lr: 2.5000e-05  eta: 20:13:13  time: 0.3791  data_time: 0.0033  memory: 7329  grad_norm: 79.4949  loss: 7.9410  rpn_s.0.loss_cls: 0.6192  rpn_s.0.loss_bbox: 0.1118  rpn_s.0.loss_giou: 0.7300  rpn_s.1.loss_cls: 0.4260  rpn_s.1.loss_bbox: 0.0533  rpn_s.1.loss_giou: 0.3960  rpn_s.2.loss_cls: 0.3582  rpn_s.2.loss_bbox: 0.0457  rpn_s.2.loss_giou: 0.3450  rpn_s.3.loss_cls: 0.3223  rpn_s.3.loss_bbox: 0.0425  rpn_s.3.loss_giou: 0.3260  s0.loss_cls: 0.3873  s0.pos_acc: 80.1724  s0.loss_bbox: 0.5790  s0.loss_iou: 1.0814  s1.loss_cls: 0.4099  s1.pos_acc: 80.1724  s1.loss_bbox: 0.5961  s1.loss_iou: 1.1115
2026/03/27 11:11:03 - mmengine - INFO - Epoch(train)  [9][  250/10002]  lr: 2.5000e-05  eta: 20:12:52  time: 0.3803  data_time: 0.0032  memory: 7329  grad_norm: 78.8813  loss: 8.4369  rpn_s.0.loss_cls: 0.6494  rpn_s.0.loss_bbox: 0.1088  rpn_s.0.loss_giou: 0.8342  rpn_s.1.loss_cls: 0.4713  rpn_s.1.loss_bbox: 0.0448  rpn_s.1.loss_giou: 0.4089  rpn_s.2.loss_cls: 0.4027  rpn_s.2.loss_bbox: 0.0390  rpn_s.2.loss_giou: 0.3541  rpn_s.3.loss_cls: 0.3577  rpn_s.3.loss_bbox: 0.0347  rpn_s.3.loss_giou: 0.3294  s0.loss_cls: 0.4254  s0.pos_acc: 76.9076  s0.loss_bbox: 0.6300  s0.loss_iou: 1.1054  s1.loss_cls: 0.4253  s1.pos_acc: 78.3133  s1.loss_bbox: 0.6723  s1.loss_iou: 1.1434
2026/03/27 11:11:22 - mmengine - INFO - Epoch(train)  [9][  300/10002]  lr: 2.5000e-05  eta: 20:12:34  time: 0.3863  data_time: 0.0032  memory: 7330  grad_norm: 74.0476  loss: 8.3815  rpn_s.0.loss_cls: 0.6412  rpn_s.0.loss_bbox: 0.1145  rpn_s.0.loss_giou: 0.8072  rpn_s.1.loss_cls: 0.4475  rpn_s.1.loss_bbox: 0.0492  rpn_s.1.loss_giou: 0.4194  rpn_s.2.loss_cls: 0.3735  rpn_s.2.loss_bbox: 0.0414  rpn_s.2.loss_giou: 0.3614  rpn_s.3.loss_cls: 0.3356  rpn_s.3.loss_bbox: 0.0385  rpn_s.3.loss_giou: 0.3407  s0.loss_cls: 0.3944  s0.pos_acc: 72.7273  s0.loss_bbox: 0.6081  s0.loss_iou: 1.1703  s1.loss_cls: 0.4051  s1.pos_acc: 63.6364  s1.loss_bbox: 0.6214  s1.loss_iou: 1.2120
2026/03/27 11:11:41 - mmengine - INFO - Epoch(train)  [9][  350/10002]  lr: 2.5000e-05  eta: 20:12:15  time: 0.3823  data_time: 0.0032  memory: 7329  grad_norm: 65.0830  loss: 8.7205  rpn_s.0.loss_cls: 0.6548  rpn_s.0.loss_bbox: 0.1104  rpn_s.0.loss_giou: 0.8816  rpn_s.1.loss_cls: 0.4577  rpn_s.1.loss_bbox: 0.0477  rpn_s.1.loss_giou: 0.4528  rpn_s.2.loss_cls: 0.3852  rpn_s.2.loss_bbox: 0.0382  rpn_s.2.loss_giou: 0.3833  rpn_s.3.loss_cls: 0.3438  rpn_s.3.loss_bbox: 0.0357  rpn_s.3.loss_giou: 0.3627  s0.loss_cls: 0.3805  s0.pos_acc: 53.3333  s0.loss_bbox: 0.6301  s0.loss_iou: 1.2322  s1.loss_cls: 0.3906  s1.pos_acc: 53.3333  s1.loss_bbox: 0.6748  s1.loss_iou: 1.2586
2026/03/27 11:12:00 - mmengine - INFO - Epoch(train)  [9][  400/10002]  lr: 2.5000e-05  eta: 20:11:54  time: 0.3814  data_time: 0.0032  memory: 7329  grad_norm: 70.0500  loss: 8.5007  rpn_s.0.loss_cls: 0.6289  rpn_s.0.loss_bbox: 0.1228  rpn_s.0.loss_giou: 0.8874  rpn_s.1.loss_cls: 0.4367  rpn_s.1.loss_bbox: 0.0497  rpn_s.1.loss_giou: 0.4317  rpn_s.2.loss_cls: 0.3617  rpn_s.2.loss_bbox: 0.0409  rpn_s.2.loss_giou: 0.3678  rpn_s.3.loss_cls: 0.3244  rpn_s.3.loss_bbox: 0.0370  rpn_s.3.loss_giou: 0.3427  s0.loss_cls: 0.3628  s0.pos_acc: 100.0000  s0.loss_bbox: 0.6524  s0.loss_iou: 1.1738  s1.loss_cls: 0.3632  s1.pos_acc: 100.0000  s1.loss_bbox: 0.7204  s1.loss_iou: 1.1965
2026/03/27 11:12:19 - mmengine - INFO - Epoch(train)  [9][  450/10002]  lr: 2.5000e-05  eta: 20:11:33  time: 0.3785  data_time: 0.0032  memory: 7329  grad_norm: 67.5046  loss: 8.0968  rpn_s.0.loss_cls: 0.6336  rpn_s.0.loss_bbox: 0.1115  rpn_s.0.loss_giou: 0.8275  rpn_s.1.loss_cls: 0.4466  rpn_s.1.loss_bbox: 0.0450  rpn_s.1.loss_giou: 0.4013  rpn_s.2.loss_cls: 0.3745  rpn_s.2.loss_bbox: 0.0371  rpn_s.2.loss_giou: 0.3468  rpn_s.3.loss_cls: 0.3310  rpn_s.3.loss_bbox: 0.0348  rpn_s.3.loss_giou: 0.3305  s0.loss_cls: 0.3628  s0.pos_acc: 96.4286  s0.loss_bbox: 0.5605  s0.loss_iou: 1.1150  s1.loss_cls: 0.3694  s1.pos_acc: 100.0000  s1.loss_bbox: 0.6136  s1.loss_iou: 1.1552
2026/03/27 11:12:38 - mmengine - INFO - Epoch(train)  [9][  500/10002]  lr: 2.5000e-05  eta: 20:11:12  time: 0.3801  data_time: 0.0032  memory: 7330  grad_norm: 76.3312  loss: 7.9904  rpn_s.0.loss_cls: 0.6204  rpn_s.0.loss_bbox: 0.1049  rpn_s.0.loss_giou: 0.7496  rpn_s.1.loss_cls: 0.4297  rpn_s.1.loss_bbox: 0.0510  rpn_s.1.loss_giou: 0.3917  rpn_s.2.loss_cls: 0.3546  rpn_s.2.loss_bbox: 0.0432  rpn_s.2.loss_giou: 0.3434  rpn_s.3.loss_cls: 0.3127  rpn_s.3.loss_bbox: 0.0410  rpn_s.3.loss_giou: 0.3229  s0.loss_cls: 0.3408  s0.pos_acc: 94.4444  s0.loss_bbox: 0.6702  s0.loss_iou: 1.0723  s1.loss_cls: 0.3503  s1.pos_acc: 94.4444  s1.loss_bbox: 0.6945  s1.loss_iou: 1.0974
2026/03/27 11:12:57 - mmengine - INFO - Epoch(train)  [9][  550/10002]  lr: 2.5000e-05  eta: 20:10:52  time: 0.3818  data_time: 0.0032  memory: 7329  grad_norm: 81.6911  loss: 8.4077  rpn_s.0.loss_cls: 0.6294  rpn_s.0.loss_bbox: 0.1155  rpn_s.0.loss_giou: 0.8385  rpn_s.1.loss_cls: 0.4368  rpn_s.1.loss_bbox: 0.0547  rpn_s.1.loss_giou: 0.4293  rpn_s.2.loss_cls: 0.3690  rpn_s.2.loss_bbox: 0.0458  rpn_s.2.loss_giou: 0.3669  rpn_s.3.loss_cls: 0.3348  rpn_s.3.loss_bbox: 0.0427  rpn_s.3.loss_giou: 0.3446  s0.loss_cls: 0.3769  s0.pos_acc: 85.7143  s0.loss_bbox: 0.6113  s0.loss_iou: 1.1929  s1.loss_cls: 0.3752  s1.pos_acc: 85.7143  s1.loss_bbox: 0.6407  s1.loss_iou: 1.2027
2026/03/27 11:13:16 - mmengine - INFO - Epoch(train)  [9][  600/10002]  lr: 2.5000e-05  eta: 20:10:33  time: 0.3823  data_time: 0.0033  memory: 7330  grad_norm: 76.6358  loss: 8.2897  rpn_s.0.loss_cls: 0.6157  rpn_s.0.loss_bbox: 0.1120  rpn_s.0.loss_giou: 0.8152  rpn_s.1.loss_cls: 0.4383  rpn_s.1.loss_bbox: 0.0504  rpn_s.1.loss_giou: 0.4083  rpn_s.2.loss_cls: 0.3774  rpn_s.2.loss_bbox: 0.0420  rpn_s.2.loss_giou: 0.3496  rpn_s.3.loss_cls: 0.3379  rpn_s.3.loss_bbox: 0.0385  rpn_s.3.loss_giou: 0.3310  s0.loss_cls: 0.3919  s0.pos_acc: 50.0000  s0.loss_bbox: 0.6524  s0.loss_iou: 1.1251  s1.loss_cls: 0.3895  s1.pos_acc: 50.0000  s1.loss_bbox: 0.6747  s1.loss_iou: 1.1400
2026/03/27 11:13:35 - mmengine - INFO - Epoch(train)  [9][  650/10002]  lr: 2.5000e-05  eta: 20:10:11  time: 0.3777  data_time: 0.0032  memory: 7329  grad_norm: 76.5737  loss: 8.0133  rpn_s.0.loss_cls: 0.5984  rpn_s.0.loss_bbox: 0.1156  rpn_s.0.loss_giou: 0.7749  rpn_s.1.loss_cls: 0.4229  rpn_s.1.loss_bbox: 0.0506  rpn_s.1.loss_giou: 0.3945  rpn_s.2.loss_cls: 0.3479  rpn_s.2.loss_bbox: 0.0441  rpn_s.2.loss_giou: 0.3467  rpn_s.3.loss_cls: 0.3121  rpn_s.3.loss_bbox: 0.0405  rpn_s.3.loss_giou: 0.3291  s0.loss_cls: 0.3586  s0.pos_acc: 72.7273  s0.loss_bbox: 0.6278  s0.loss_iou: 1.1035  s1.loss_cls: 0.3684  s1.pos_acc: 70.4545  s1.loss_bbox: 0.6630  s1.loss_iou: 1.1148
2026/03/27 11:13:54 - mmengine - INFO - Epoch(train)  [9][  700/10002]  lr: 2.5000e-05  eta: 20:09:52  time: 0.3830  data_time: 0.0032  memory: 7330  grad_norm: 69.3828  loss: 8.2254  rpn_s.0.loss_cls: 0.6332  rpn_s.0.loss_bbox: 0.1153  rpn_s.0.loss_giou: 0.7973  rpn_s.1.loss_cls: 0.4598  rpn_s.1.loss_bbox: 0.0504  rpn_s.1.loss_giou: 0.4039  rpn_s.2.loss_cls: 0.3974  rpn_s.2.loss_bbox: 0.0418  rpn_s.2.loss_giou: 0.3470  rpn_s.3.loss_cls: 0.3458  rpn_s.3.loss_bbox: 0.0379  rpn_s.3.loss_giou: 0.3199  s0.loss_cls: 0.3986  s0.pos_acc: 56.2500  s0.loss_bbox: 0.5863  s0.loss_iou: 1.1401  s1.loss_cls: 0.3910  s1.pos_acc: 62.5000  s1.loss_bbox: 0.6100  s1.loss_iou: 1.1498
2026/03/27 11:14:14 - mmengine - INFO - Epoch(train)  [9][  750/10002]  lr: 2.5000e-05  eta: 20:09:35  time: 0.3899  data_time: 0.0032  memory: 7330  grad_norm: 76.5479  loss: 7.9483  rpn_s.0.loss_cls: 0.5726  rpn_s.0.loss_bbox: 0.1202  rpn_s.0.loss_giou: 0.7945  rpn_s.1.loss_cls: 0.4111  rpn_s.1.loss_bbox: 0.0499  rpn_s.1.loss_giou: 0.3951  rpn_s.2.loss_cls: 0.3394  rpn_s.2.loss_bbox: 0.0423  rpn_s.2.loss_giou: 0.3363  rpn_s.3.loss_cls: 0.3033  rpn_s.3.loss_bbox: 0.0394  rpn_s.3.loss_giou: 0.3182  s0.loss_cls: 0.3471  s0.pos_acc: 63.7860  s0.loss_bbox: 0.6297  s0.loss_iou: 1.1190  s1.loss_cls: 0.3423  s1.pos_acc: 62.7572  s1.loss_bbox: 0.6562  s1.loss_iou: 1.1318
2026/03/27 11:14:33 - mmengine - INFO - Epoch(train)  [9][  800/10002]  lr: 2.5000e-05  eta: 20:09:14  time: 0.3792  data_time: 0.0032  memory: 7329  grad_norm: 90.9282  loss: 7.8592  rpn_s.0.loss_cls: 0.5960  rpn_s.0.loss_bbox: 0.1051  rpn_s.0.loss_giou: 0.7289  rpn_s.1.loss_cls: 0.4195  rpn_s.1.loss_bbox: 0.0496  rpn_s.1.loss_giou: 0.3818  rpn_s.2.loss_cls: 0.3450  rpn_s.2.loss_bbox: 0.0416  rpn_s.2.loss_giou: 0.3305  rpn_s.3.loss_cls: 0.3080  rpn_s.3.loss_bbox: 0.0392  rpn_s.3.loss_giou: 0.3147  s0.loss_cls: 0.3525  s0.pos_acc: 75.0000  s0.loss_bbox: 0.6458  s0.loss_iou: 1.0846  s1.loss_cls: 0.3570  s1.pos_acc: 78.6885  s1.loss_bbox: 0.6579  s1.loss_iou: 1.1012
2026/03/27 11:14:52 - mmengine - INFO - Epoch(train)  [9][  850/10002]  lr: 2.5000e-05  eta: 20:08:52  time: 0.3757  data_time: 0.0032  memory: 7329  grad_norm: 81.6449  loss: 8.0705  rpn_s.0.loss_cls: 0.6307  rpn_s.0.loss_bbox: 0.1140  rpn_s.0.loss_giou: 0.7493  rpn_s.1.loss_cls: 0.4516  rpn_s.1.loss_bbox: 0.0538  rpn_s.1.loss_giou: 0.3814  rpn_s.2.loss_cls: 0.3786  rpn_s.2.loss_bbox: 0.0461  rpn_s.2.loss_giou: 0.3375  rpn_s.3.loss_cls: 0.3373  rpn_s.3.loss_bbox: 0.0441  rpn_s.3.loss_giou: 0.3212  s0.loss_cls: 0.3954  s0.pos_acc: 76.6129  s0.loss_bbox: 0.5795  s0.loss_iou: 1.0990  s1.loss_cls: 0.4043  s1.pos_acc: 76.6129  s1.loss_bbox: 0.6193  s1.loss_iou: 1.1272
2026/03/27 11:15:11 - mmengine - INFO - Epoch(train)  [9][  900/10002]  lr: 2.5000e-05  eta: 20:08:31  time: 0.3808  data_time: 0.0032  memory: 7329  grad_norm: 76.6980  loss: 8.4396  rpn_s.0.loss_cls: 0.6325  rpn_s.0.loss_bbox: 0.1125  rpn_s.0.loss_giou: 0.8762  rpn_s.1.loss_cls: 0.4500  rpn_s.1.loss_bbox: 0.0448  rpn_s.1.loss_giou: 0.4265  rpn_s.2.loss_cls: 0.3693  rpn_s.2.loss_bbox: 0.0378  rpn_s.2.loss_giou: 0.3635  rpn_s.3.loss_cls: 0.3287  rpn_s.3.loss_bbox: 0.0354  rpn_s.3.loss_giou: 0.3448  s0.loss_cls: 0.3680  s0.pos_acc: 70.7692  s0.loss_bbox: 0.6202  s0.loss_iou: 1.1717  s1.loss_cls: 0.3737  s1.pos_acc: 66.9231  s1.loss_bbox: 0.6871  s1.loss_iou: 1.1969
2026/03/27 11:15:30 - mmengine - INFO - Epoch(train)  [9][  950/10002]  lr: 2.5000e-05  eta: 20:08:11  time: 0.3811  data_time: 0.0032  memory: 7329  grad_norm: 74.6985  loss: 8.1544  rpn_s.0.loss_cls: 0.6144  rpn_s.0.loss_bbox: 0.1192  rpn_s.0.loss_giou: 0.8485  rpn_s.1.loss_cls: 0.4183  rpn_s.1.loss_bbox: 0.0485  rpn_s.1.loss_giou: 0.4178  rpn_s.2.loss_cls: 0.3438  rpn_s.2.loss_bbox: 0.0409  rpn_s.2.loss_giou: 0.3581  rpn_s.3.loss_cls: 0.3024  rpn_s.3.loss_bbox: 0.0389  rpn_s.3.loss_giou: 0.3401  s0.loss_cls: 0.3472  s0.pos_acc: 70.5882  s0.loss_bbox: 0.6194  s0.loss_iou: 1.1229  s1.loss_cls: 0.3572  s1.pos_acc: 75.2101  s1.loss_bbox: 0.6609  s1.loss_iou: 1.1560
2026/03/27 11:15:45 - mmengine - INFO - Exp name: GSDet_r50_b900_h2h4_h2r1_r2r1_2x_fair1m1.0_20260327_090119
2026/03/27 11:15:49 - mmengine - INFO - Epoch(train)  [9][ 1000/10002]  lr: 2.5000e-05  eta: 20:07:52  time: 0.3846  data_time: 0.0031  memory: 7329  grad_norm: 69.6512  loss: 8.1497  rpn_s.0.loss_cls: 0.6256  rpn_s.0.loss_bbox: 0.1191  rpn_s.0.loss_giou: 0.8399  rpn_s.1.loss_cls: 0.4539  rpn_s.1.loss_bbox: 0.0517  rpn_s.1.loss_giou: 0.4198  rpn_s.2.loss_cls: 0.3848  rpn_s.2.loss_bbox: 0.0426  rpn_s.2.loss_giou: 0.3584  rpn_s.3.loss_cls: 0.3560  rpn_s.3.loss_bbox: 0.0392  rpn_s.3.loss_giou: 0.3364  s0.loss_cls: 0.3972  s0.pos_acc: 68.7500  s0.loss_bbox: 0.5048  s0.loss_iou: 1.1310  s1.loss_cls: 0.3955  s1.pos_acc: 65.0000  s1.loss_bbox: 0.5314  s1.loss_iou: 1.1624
2026/03/27 11:16:08 - mmengine - INFO - Epoch(train)  [9][ 1050/10002]  lr: 2.5000e-05  eta: 20:07:31  time: 0.3777  data_time: 0.0031  memory: 7329  grad_norm: 76.3015  loss: 8.3309  rpn_s.0.loss_cls: 0.6508  rpn_s.0.loss_bbox: 0.1174  rpn_s.0.loss_giou: 0.8235  rpn_s.1.loss_cls: 0.4447  rpn_s.1.loss_bbox: 0.0525  rpn_s.1.loss_giou: 0.4189  rpn_s.2.loss_cls: 0.3752  rpn_s.2.loss_bbox: 0.0436  rpn_s.2.loss_giou: 0.3575  rpn_s.3.loss_cls: 0.3304  rpn_s.3.loss_bbox: 0.0396  rpn_s.3.loss_giou: 0.3352  s0.loss_cls: 0.3709  s0.pos_acc: 58.0645  s0.loss_bbox: 0.6364  s0.loss_iou: 1.1414  s1.loss_cls: 0.3837  s1.pos_acc: 62.9032  s1.loss_bbox: 0.6538  s1.loss_iou: 1.1555
2026/03/27 11:16:27 - mmengine - INFO - Epoch(train)  [9][ 1100/10002]  lr: 2.5000e-05  eta: 20:07:09  time: 0.3771  data_time: 0.0031  memory: 7329  grad_norm: 72.1713  loss: 8.7331  rpn_s.0.loss_cls: 0.6208  rpn_s.0.loss_bbox: 0.1115  rpn_s.0.loss_giou: 0.8216  rpn_s.1.loss_cls: 0.4503  rpn_s.1.loss_bbox: 0.0506  rpn_s.1.loss_giou: 0.4285  rpn_s.2.loss_cls: 0.3771  rpn_s.2.loss_bbox: 0.0425  rpn_s.2.loss_giou: 0.3775  rpn_s.3.loss_cls: 0.3490  rpn_s.3.loss_bbox: 0.0394  rpn_s.3.loss_giou: 0.3567  s0.loss_cls: 0.4211  s0.pos_acc: 47.8261  s0.loss_bbox: 0.6770  s0.loss_iou: 1.1923  s1.loss_cls: 0.4377  s1.pos_acc: 50.0000  s1.loss_bbox: 0.7290  s1.loss_iou: 1.2508
2026/03/27 11:16:46 - mmengine - INFO - Epoch(train)  [9][ 1150/10002]  lr: 2.5000e-05  eta: 20:06:53  time: 0.3920  data_time: 0.0031  memory: 7330  grad_norm: 69.3457  loss: 8.6838  rpn_s.0.loss_cls: 0.6092  rpn_s.0.loss_bbox: 0.1158  rpn_s.0.loss_giou: 0.8789  rpn_s.1.loss_cls: 0.4512  rpn_s.1.loss_bbox: 0.0517  rpn_s.1.loss_giou: 0.4394  rpn_s.2.loss_cls: 0.3686  rpn_s.2.loss_bbox: 0.0456  rpn_s.2.loss_giou: 0.3817  rpn_s.3.loss_cls: 0.3328  rpn_s.3.loss_bbox: 0.0427  rpn_s.3.loss_giou: 0.3605  s0.loss_cls: 0.3770  s0.pos_acc: 100.0000  s0.loss_bbox: 0.6210  s0.loss_iou: 1.2853  s1.loss_cls: 0.3837  s1.pos_acc: 100.0000  s1.loss_bbox: 0.6326  s1.loss_iou: 1.3061
2026/03/27 11:17:05 - mmengine - INFO - Epoch(train)  [9][ 1200/10002]  lr: 2.5000e-05  eta: 20:06:33  time: 0.3802  data_time: 0.0031  memory: 7330  grad_norm: 78.6932  loss: 8.7269  rpn_s.0.loss_cls: 0.6720  rpn_s.0.loss_bbox: 0.1136  rpn_s.0.loss_giou: 0.8868  rpn_s.1.loss_cls: 0.4700  rpn_s.1.loss_bbox: 0.0506  rpn_s.1.loss_giou: 0.4467  rpn_s.2.loss_cls: 0.4011  rpn_s.2.loss_bbox: 0.0426  rpn_s.2.loss_giou: 0.3872  rpn_s.3.loss_cls: 0.3566  rpn_s.3.loss_bbox: 0.0405  rpn_s.3.loss_giou: 0.3729  s0.loss_cls: 0.4019  s0.pos_acc: 62.5000  s0.loss_bbox: 0.5618  s0.loss_iou: 1.2429  s1.loss_cls: 0.4094  s1.pos_acc: 75.0000  s1.loss_bbox: 0.6019  s1.loss_iou: 1.2685
2026/03/27 11:17:24 - mmengine - INFO - Epoch(train)  [9][ 1250/10002]  lr: 2.5000e-05  eta: 20:06:09  time: 0.3732  data_time: 0.0031  memory: 7329  grad_norm: 82.8472  loss: 8.1597  rpn_s.0.loss_cls: 0.6309  rpn_s.0.loss_bbox: 0.1136  rpn_s.0.loss_giou: 0.7930  rpn_s.1.loss_cls: 0.4445  rpn_s.1.loss_bbox: 0.0511  rpn_s.1.loss_giou: 0.4025  rpn_s.2.loss_cls: 0.3747  rpn_s.2.loss_bbox: 0.0439  rpn_s.2.loss_giou: 0.3515  rpn_s.3.loss_cls: 0.3297  rpn_s.3.loss_bbox: 0.0418  rpn_s.3.loss_giou: 0.3376  s0.loss_cls: 0.3699  s0.pos_acc: 100.0000  s0.loss_bbox: 0.6026  s0.loss_iou: 1.1220  s1.loss_cls: 0.3647  s1.pos_acc: 100.0000  s1.loss_bbox: 0.6439  s1.loss_iou: 1.1417
2026/03/27 11:17:43 - mmengine - INFO - Epoch(train)  [9][ 1300/10002]  lr: 2.5000e-05  eta: 20:05:53  time: 0.3907  data_time: 0.0031  memory: 7330  grad_norm: 71.7618  loss: 8.3220  rpn_s.0.loss_cls: 0.6274  rpn_s.0.loss_bbox: 0.1104  rpn_s.0.loss_giou: 0.8370  rpn_s.1.loss_cls: 0.4484  rpn_s.1.loss_bbox: 0.0467  rpn_s.1.loss_giou: 0.4176  rpn_s.2.loss_cls: 0.3784  rpn_s.2.loss_bbox: 0.0379  rpn_s.2.loss_giou: 0.3576  rpn_s.3.loss_cls: 0.3330  rpn_s.3.loss_bbox: 0.0363  rpn_s.3.loss_giou: 0.3414  s0.loss_cls: 0.3653  s0.pos_acc: 72.3301  s0.loss_bbox: 0.6206  s0.loss_iou: 1.1636  s1.loss_cls: 0.3848  s1.pos_acc: 64.5631  s1.loss_bbox: 0.6236  s1.loss_iou: 1.1920
2026/03/27 11:18:03 - mmengine - INFO - Epoch(train)  [9][ 1350/10002]  lr: 2.5000e-05  eta: 20:05:34  time: 0.3834  data_time: 0.0031  memory: 7329  grad_norm: 70.1136  loss: 8.3412  rpn_s.0.loss_cls: 0.6199  rpn_s.0.loss_bbox: 0.1140  rpn_s.0.loss_giou: 0.8622  rpn_s.1.loss_cls: 0.4276  rpn_s.1.loss_bbox: 0.0472  rpn_s.1.loss_giou: 0.4118  rpn_s.2.loss_cls: 0.3634  rpn_s.2.loss_bbox: 0.0400  rpn_s.2.loss_giou: 0.3575  rpn_s.3.loss_cls: 0.3303  rpn_s.3.loss_bbox: 0.0370  rpn_s.3.loss_giou: 0.3363  s0.loss_cls: 0.3740  s0.pos_acc: 89.4737  s0.loss_bbox: 0.6642  s0.loss_iou: 1.1358  s1.loss_cls: 0.3677  s1.pos_acc: 92.1053  s1.loss_bbox: 0.7048  s1.loss_iou: 1.1478
2026/03/27 11:18:21 - mmengine - INFO - Epoch(train)  [9][ 1400/10002]  lr: 2.5000e-05  eta: 20:05:11  time: 0.3747  data_time: 0.0031  memory: 7330  grad_norm: 71.1530  loss: 8.4397  rpn_s.0.loss_cls: 0.6803  rpn_s.0.loss_bbox: 0.1031  rpn_s.0.loss_giou: 0.8058  rpn_s.1.loss_cls: 0.4726  rpn_s.1.loss_bbox: 0.0470  rpn_s.1.loss_giou: 0.4166  rpn_s.2.loss_cls: 0.3968  rpn_s.2.loss_bbox: 0.0410  rpn_s.2.loss_giou: 0.3716  rpn_s.3.loss_cls: 0.3540  rpn_s.3.loss_bbox: 0.0375  rpn_s.3.loss_giou: 0.3494  s0.loss_cls: 0.4065  s0.pos_acc: 52.9412  s0.loss_bbox: 0.5535  s0.loss_iou: 1.1901  s1.loss_cls: 0.4074  s1.pos_acc: 58.8235  s1.loss_bbox: 0.6021  s1.loss_iou: 1.2045
2026/03/27 11:18:40 - mmengine - INFO - Epoch(train)  [9][ 1450/10002]  lr: 2.5000e-05  eta: 20:04:50  time: 0.3791  data_time: 0.0031  memory: 7330  grad_norm: 67.8099  loss: 8.2062  rpn_s.0.loss_cls: 0.6315  rpn_s.0.loss_bbox: 0.1013  rpn_s.0.loss_giou: 0.7699  rpn_s.1.loss_cls: 0.4439  rpn_s.1.loss_bbox: 0.0471  rpn_s.1.loss_giou: 0.3922  rpn_s.2.loss_cls: 0.3801  rpn_s.2.loss_bbox: 0.0400  rpn_s.2.loss_giou: 0.3387  rpn_s.3.loss_cls: 0.3420  rpn_s.3.loss_bbox: 0.0387  rpn_s.3.loss_giou: 0.3250  s0.loss_cls: 0.3755  s0.pos_acc: 40.0000  s0.loss_bbox: 0.6843  s0.loss_iou: 1.0946  s1.loss_cls: 0.3823  s1.pos_acc: 40.0000  s1.loss_bbox: 0.7079  s1.loss_iou: 1.1113
