2026/03/30 21:21:54 - mmengine - INFO - 
------------------------------------------------------------
System environment:
    sys.platform: linux
    Python: 3.10.20 (main, Mar 11 2026, 17:46:40) [GCC 14.3.0]
    CUDA available: True
    MUSA available: False
    numpy_random_seed: 438294635
    GPU 0: NVIDIA GeForce RTX 3080 Ti
    CUDA_HOME: /usr/local/cuda
    NVCC: Cuda compilation tools, release 11.4, V11.4.48
    GCC: gcc (Ubuntu 9.4.0-1ubuntu1~20.04.2) 9.4.0
    PyTorch: 2.4.0+cu121
    PyTorch compiling details: PyTorch built with:
  - GCC 9.3
  - C++ Version: 201703
  - Intel(R) oneAPI Math Kernel Library Version 2022.2-Product Build 20220804 for Intel(R) 64 architecture applications
  - Intel(R) MKL-DNN v3.4.2 (Git Hash 1137e04ec0b5251ca2b4400a4fd3c667ce843d67)
  - OpenMP 201511 (a.k.a. OpenMP 4.5)
  - LAPACK is enabled (usually provided by MKL)
  - NNPACK is enabled
  - CPU capability usage: AVX512
  - CUDA Runtime 12.1
  - NVCC architecture flags: -gencode;arch=compute_50,code=sm_50;-gencode;arch=compute_60,code=sm_60;-gencode;arch=compute_70,code=sm_70;-gencode;arch=compute_75,code=sm_75;-gencode;arch=compute_80,code=sm_80;-gencode;arch=compute_86,code=sm_86;-gencode;arch=compute_90,code=sm_90
  - CuDNN 90.1  (built against CUDA 12.4)
  - Magma 2.6.1
  - Build settings: BLAS_INFO=mkl, BUILD_TYPE=Release, CUDA_VERSION=12.1, CUDNN_VERSION=9.1.0, CXX_COMPILER=/opt/rh/devtoolset-9/root/usr/bin/c++, CXX_FLAGS= -D_GLIBCXX_USE_CXX11_ABI=0 -fabi-version=11 -fvisibility-inlines-hidden -DUSE_PTHREADPOOL -DNDEBUG -DUSE_KINETO -DLIBKINETO_NOROCTRACER -DUSE_FBGEMM -DUSE_PYTORCH_QNNPACK -DUSE_XNNPACK -DSYMBOLICATE_MOBILE_DEBUG_HANDLE -O2 -fPIC -Wall -Wextra -Werror=return-type -Werror=non-virtual-dtor -Werror=bool-operation -Wnarrowing -Wno-missing-field-initializers -Wno-type-limits -Wno-array-bounds -Wno-unknown-pragmas -Wno-unused-parameter -Wno-unused-function -Wno-unused-result -Wno-strict-overflow -Wno-strict-aliasing -Wno-stringop-overflow -Wsuggest-override -Wno-psabi -Wno-error=pedantic -Wno-error=old-style-cast -Wno-missing-braces -fdiagnostics-color=always -faligned-new -Wno-unused-but-set-variable -Wno-maybe-uninitialized -fno-math-errno -fno-trapping-math -Werror=format -Wno-stringop-overflow, LAPACK_INFO=mkl, PERF_WITH_AVX=1, PERF_WITH_AVX2=1, PERF_WITH_AVX512=1, TORCH_VERSION=2.4.0, USE_CUDA=ON, USE_CUDNN=ON, USE_CUSPARSELT=1, USE_EXCEPTION_PTR=1, USE_GFLAGS=OFF, USE_GLOG=OFF, USE_GLOO=ON, USE_MKL=ON, USE_MKLDNN=ON, USE_MPI=OFF, USE_NCCL=1, USE_NNPACK=ON, USE_OPENMP=ON, USE_ROCM=OFF, USE_ROCM_KERNEL_ASSERT=OFF, 

    TorchVision: 0.19.0+cu121
    OpenCV: 4.13.0
    MMEngine: 0.10.7

Runtime environment:
    cudnn_benchmark: False
    mp_cfg: {'mp_start_method': 'fork', 'opencv_num_threads': 0}
    dist_cfg: {'backend': 'nccl'}
    seed: 438294635
    Distributed launcher: none
    Distributed training: False
    GPU number: 1
------------------------------------------------------------

2026/03/30 21:21:55 - mmengine - INFO - Config:
angle_version = 'le90'
auto_scale_lr = dict(base_batch_size=4, enable=False)
backend_args = None
custom_imports = dict(
    allow_failed_imports=False, imports=[
        'projects.GSDet_baseline.gsdet',
    ])
data_root = 'data/split_ss_fair1m1.0/'
dataset_type = 'FAIRDataset'
default_hooks = dict(
    checkpoint=dict(interval=1, type='CheckpointHook'),
    logger=dict(interval=50, type='LoggerHook'),
    param_scheduler=dict(type='ParamSchedulerHook'),
    sampler_seed=dict(type='DistSamplerSeedHook'),
    timer=dict(type='IterTimerHook'),
    visualization=dict(type='mmdet.DetVisualizationHook'))
default_scope = 'mmrotate'
env_cfg = dict(
    cudnn_benchmark=False,
    dist_cfg=dict(backend='nccl'),
    mp_cfg=dict(mp_start_method='fork', opencv_num_threads=0))
hbox2hbox = 4
hbox2rbox = 1
launcher = 'none'
load_from = None
log_level = 'INFO'
log_processor = dict(by_epoch=True, type='LogProcessor', window_size=50)
model = dict(
    backbone=dict(
        depth=50,
        frozen_stages=1,
        norm_cfg=dict(requires_grad=True, type='BN'),
        norm_eval=True,
        num_stages=4,
        out_indices=(
            0,
            1,
            2,
            3,
        ),
        style='pytorch',
        type='mmdet.ResNet'),
    data_preprocessor=dict(
        bgr_to_rgb=True,
        boxtype2tensor=False,
        mean=[
            123.675,
            116.28,
            103.53,
        ],
        pad_size_divisor=32,
        std=[
            58.395,
            57.12,
            57.375,
        ],
        type='mmdet.DetDataPreprocessor'),
    init_cfg=dict(
        checkpoint=
        'https://www.modelscope.cn/models/wokaikaixinxin/ai4rs/resolve/master/GSDet_baseline/pretrain/diffusiondet_r50_fpn_500-proposals_1-step_crop-ms-480-800-450k_coco_new2.pth',
        type='Pretrained'),
    neck=dict(
        in_channels=[
            256,
            512,
            1024,
            2048,
        ],
        num_outs=5,
        out_channels=256,
        type='mmdet.FPN'),
    roi_head=dict(
        angle_version='le90',
        bbox_head=[
            dict(
                act_cfg=dict(inplace=True, type='ReLU'),
                angle_version='le90',
                bbox_coder=dict(
                    angle_version='le90',
                    target_means=[
                        0.0,
                        0.0,
                        0.0,
                        0.0,
                        0.0,
                        0.0,
                    ],
                    target_stds=[
                        0.1,
                        0.1,
                        0.1,
                        0.1,
                        0.1,
                        0.1,
                    ],
                    type='MidpointOffsetCoderv2',
                    use_box_type=False),
                cls_predictor_cfg=dict(type='mmdet.Linear'),
                dim_feedforward=2048,
                dropout=0.0,
                dynamic_conv=dict(dynamic_dim=64, dynamic_num=2),
                feat_channels=256,
                loss_bbox=dict(loss_weight=2.0, type='mmdet.L1Loss'),
                loss_cls=dict(
                    alpha=0.25,
                    gamma=2.0,
                    loss_weight=2.0,
                    type='mmdet.FocalLoss',
                    use_sigmoid=True),
                loss_iou=dict(
                    loss_weight=5.0, mode='linear', type='RotatedIoULoss'),
                num_classes=37,
                num_cls_convs=1,
                num_heads=8,
                num_reg_convs=3,
                pooler_resolution=7,
                reg_predictor_cfg=dict(type='mmdet.Linear'),
                type='Hbox2RboxLayer'),
            dict(
                act_cfg=dict(inplace=True, type='ReLU'),
                angle_version='le90',
                bbox_coder=dict(
                    angle_version='le90',
                    edge_swap=True,
                    norm_factor=None,
                    proj_xy=True,
                    target_means=(
                        0.0,
                        0.0,
                        0.0,
                        0.0,
                        0.0,
                    ),
                    target_stds=(
                        1.0,
                        1.0,
                        1.0,
                        1.0,
                        1.0,
                    ),
                    type='DeltaXYWHTRBBoxCoder',
                    use_box_type=False),
                cls_predictor_cfg=dict(type='mmdet.Linear'),
                dim_feedforward=2048,
                dropout=0.0,
                dynamic_conv=dict(dynamic_dim=64, dynamic_num=2),
                feat_channels=256,
                loss_bbox=dict(loss_weight=2.0, type='mmdet.L1Loss'),
                loss_cls=dict(
                    alpha=0.25,
                    gamma=2.0,
                    loss_weight=2.0,
                    type='mmdet.FocalLoss',
                    use_sigmoid=True),
                loss_iou=dict(
                    loss_weight=5.0, mode='linear', type='RotatedIoULoss'),
                num_classes=37,
                num_cls_convs=1,
                num_heads=8,
                num_reg_convs=3,
                pooler_resolution=7,
                reg_predictor_cfg=dict(type='mmdet.Linear'),
                type='Rbox2RboxLayer'),
        ],
        bbox_roi_extractor=[
            dict(
                featmap_strides=[
                    4,
                    8,
                    16,
                    32,
                ],
                out_channels=256,
                roi_layer=dict(
                    output_size=7, sampling_ratio=0, type='RoIAlign'),
                type='mmdet.SingleRoIExtractor'),
            dict(
                featmap_strides=[
                    4,
                    8,
                    16,
                    32,
                ],
                out_channels=256,
                roi_layer=dict(
                    clockwise=True,
                    out_size=7,
                    sample_num=2,
                    type='RoIAlignRotated'),
                type='RotatedSingleRoIExtractor'),
        ],
        num_proposals=900,
        num_stages=2,
        stage_loss_weights=[
            1,
            1,
        ],
        type='Decoder'),
    rpn_head=dict(
        criterion=dict(
            assigner=dict(
                candidate_topk=5,
                center_radius=2.5,
                match_costs=[
                    dict(
                        alpha=0.25,
                        eps=1e-08,
                        gamma=2.0,
                        type='mmdet.FocalLossCost',
                        weight=2.0),
                    dict(
                        box_format='xyxy', type='mmdet.BBoxL1Cost',
                        weight=5.0),
                    dict(iou_mode='giou', type='mmdet.IoUCost', weight=2.0),
                ],
                type='Hbox2HboxLayerMatcher'),
            loss_bbox=dict(
                loss_weight=5.0, reduction='sum', type='mmdet.L1Loss'),
            loss_cls=dict(
                alpha=0.25,
                gamma=2.0,
                loss_weight=2.0,
                reduction='sum',
                type='mmdet.FocalLoss',
                use_sigmoid=True),
            loss_giou=dict(
                loss_weight=2.0, reduction='sum', type='mmdet.GIoULoss'),
            num_classes=37,
            type='Hbox2HboxLayerCriterion'),
        deep_supervision=True,
        feat_channels=256,
        num_classes=37,
        num_heads=4,
        num_proposals=900,
        prior_prob=0.01,
        roi_extractor=dict(
            featmap_strides=[
                4,
                8,
                16,
                32,
                64,
            ],
            out_channels=256,
            roi_layer=dict(output_size=7, sampling_ratio=2, type='RoIAlign'),
            type='mmdet.SingleRoIExtractor'),
        single_head=dict(
            act_cfg=dict(inplace=True, type='ReLU'),
            dim_feedforward=2048,
            dropout=0.0,
            dynamic_conv=dict(dynamic_dim=64, dynamic_num=2),
            num_cls_convs=1,
            num_heads=8,
            num_reg_convs=3,
            type='SingleHbox2HboxHead'),
        type='Hbox2HboxLayer'),
    test_cfg=dict(
        rcnn=dict(
            max_per_img=900,
            nms=dict(iou_threshold=0.6, type='nms_rotated'),
            use_nms=True),
        rpn=None),
    train_cfg=dict(
        rcnn=[
            dict(
                assigner=dict(
                    cls_cost=dict(type='mmdet.FocalLossCost', weight=2.0),
                    iou_cost=dict(
                        iou_mode='iou', type='RotatedIoUCost', weight=5.0),
                    reg_cost=dict(
                        angle_version='le90',
                        box_format='xywht',
                        type='RBBoxL1Cost',
                        weight=2.0),
                    topk=2,
                    type='TopkHungarianAssigner'),
                pos_weight=1,
                sampler=dict(type='mmdet.PseudoSampler')),
            dict(
                assigner=dict(
                    cls_cost=dict(type='mmdet.FocalLossCost', weight=2.0),
                    iou_cost=dict(
                        iou_mode='iou', type='RotatedIoUCost', weight=5.0),
                    reg_cost=dict(
                        angle_version='le90',
                        box_format='xywht',
                        type='RBBoxL1Cost',
                        weight=2.0),
                    topk=2,
                    type='TopkHungarianAssigner'),
                pos_weight=1,
                sampler=dict(type='mmdet.PseudoSampler')),
        ],
        rpn=None),
    type='GSDet')
num_classes = 37
num_proposals = 900
optim_wrapper = dict(
    clip_grad=dict(max_norm=35, norm_type=2),
    optimizer=dict(lr=5e-06, type='AdamW', weight_decay=0.0001),
    type='OptimWrapper')
param_scheduler = [
    dict(
        begin=0,
        by_epoch=False,
        end=500,
        start_factor=0.3333333333333333,
        type='LinearLR'),
    dict(
        begin=0,
        by_epoch=True,
        end=24,
        gamma=0.1,
        milestones=[
            16,
            22,
        ],
        type='MultiStepLR'),
]
pretrain = 'https://www.modelscope.cn/models/wokaikaixinxin/ai4rs/resolve/master/GSDet_baseline/pretrain/diffusiondet_r50_fpn_500-proposals_1-step_crop-ms-480-800-450k_coco_new2.pth'
rbox2rbox = 1
resume = True
resume_from = 'work_dirs/gsdet_fair1m/epoch_12.pth'
test_cfg = dict(type='TestLoop')
test_dataloader = dict(
    batch_size=4,
    dataset=dict(
        data_prefix=dict(img_path='test/images/'),
        data_root='data/split_ss_fair1m1.0/',
        pipeline=[
            dict(backend_args=None, type='mmdet.LoadImageFromFile'),
            dict(keep_ratio=True, scale=(
                1024,
                1024,
            ), type='mmdet.Resize'),
            dict(
                meta_keys=(
                    'img_id',
                    'img_path',
                    'ori_shape',
                    'img_shape',
                    'scale_factor',
                ),
                type='mmdet.PackDetInputs'),
        ],
        test_mode=True,
        type='FAIRDataset'),
    drop_last=False,
    num_workers=2,
    persistent_workers=True,
    sampler=dict(shuffle=False, type='DefaultSampler'))
test_evaluator = dict(
    format_only=True,
    merge_patches=True,
    outfile_prefix='./work_dirs/fair1m1.0/Task1',
    type='FAIRMetric')
test_pipeline = [
    dict(backend_args=None, type='mmdet.LoadImageFromFile'),
    dict(keep_ratio=True, scale=(
        1024,
        1024,
    ), type='mmdet.Resize'),
    dict(
        meta_keys=(
            'img_id',
            'img_path',
            'ori_shape',
            'img_shape',
            'scale_factor',
        ),
        type='mmdet.PackDetInputs'),
]
train_cfg = dict(max_epochs=24, type='EpochBasedTrainLoop', val_interval=6)
train_dataloader = dict(
    batch_sampler=None,
    batch_size=2,
    dataset=dict(
        ann_file='train/annfiles/',
        data_prefix=dict(img_path='train/images/'),
        data_root='data/split_ss_fair1m1.0/',
        filter_cfg=dict(filter_empty_gt=True),
        pipeline=[
            dict(backend_args=None, type='mmdet.LoadImageFromFile'),
            dict(
                box_type='qbox', type='mmdet.LoadAnnotations', with_bbox=True),
            dict(
                box_type_mapping=dict(gt_bboxes='rbox'),
                type='ConvertBoxType'),
            dict(keep_ratio=True, scale=(
                1024,
                1024,
            ), type='mmdet.Resize'),
            dict(
                direction=[
                    'horizontal',
                    'vertical',
                    'diagonal',
                ],
                prob=0.75,
                type='mmdet.RandomFlip'),
            dict(type='mmdet.PackDetInputs'),
        ],
        type='FAIRDataset'),
    num_workers=2,
    persistent_workers=True,
    sampler=dict(shuffle=True, type='DefaultSampler'))
train_pipeline = [
    dict(backend_args=None, type='mmdet.LoadImageFromFile'),
    dict(box_type='qbox', type='mmdet.LoadAnnotations', with_bbox=True),
    dict(box_type_mapping=dict(gt_bboxes='rbox'), type='ConvertBoxType'),
    dict(keep_ratio=True, scale=(
        1024,
        1024,
    ), type='mmdet.Resize'),
    dict(
        direction=[
            'horizontal',
            'vertical',
            'diagonal',
        ],
        prob=0.75,
        type='mmdet.RandomFlip'),
    dict(type='mmdet.PackDetInputs'),
]
val_cfg = dict(type='ValLoop')
val_dataloader = dict(
    batch_size=4,
    dataset=dict(
        ann_file='train/annfiles/',
        data_prefix=dict(img_path='train/images/'),
        data_root='data/split_ss_fair1m1.0/',
        pipeline=[
            dict(backend_args=None, type='mmdet.LoadImageFromFile'),
            dict(keep_ratio=True, scale=(
                1024,
                1024,
            ), type='mmdet.Resize'),
            dict(
                box_type='qbox', type='mmdet.LoadAnnotations', with_bbox=True),
            dict(
                box_type_mapping=dict(gt_bboxes='rbox'),
                type='ConvertBoxType'),
            dict(
                meta_keys=(
                    'img_id',
                    'img_path',
                    'ori_shape',
                    'img_shape',
                    'scale_factor',
                ),
                type='mmdet.PackDetInputs'),
        ],
        test_mode=True,
        type='FAIRDataset'),
    drop_last=False,
    num_workers=2,
    persistent_workers=True,
    sampler=dict(shuffle=False, type='DefaultSampler'))
val_evaluator = dict(metric='mAP', type='FAIRMetric')
val_pipeline = [
    dict(backend_args=None, type='mmdet.LoadImageFromFile'),
    dict(keep_ratio=True, scale=(
        1024,
        1024,
    ), type='mmdet.Resize'),
    dict(box_type='qbox', type='mmdet.LoadAnnotations', with_bbox=True),
    dict(box_type_mapping=dict(gt_bboxes='rbox'), type='ConvertBoxType'),
    dict(
        meta_keys=(
            'img_id',
            'img_path',
            'ori_shape',
            'img_shape',
            'scale_factor',
        ),
        type='mmdet.PackDetInputs'),
]
vis_backends = [
    dict(type='LocalVisBackend'),
]
visualizer = dict(
    name='visualizer',
    type='RotLocalVisualizer',
    vis_backends=[
        dict(type='LocalVisBackend'),
    ])
work_dir = 'work_dirs/gsdet_fair1m_stable_v2'

2026/03/30 21:21:57 - mmengine - INFO - Distributed training is not used, all SyncBatchNorm (SyncBN) layers in the model will be automatically reverted to BatchNormXd layers if they are used.
2026/03/30 21:21:57 - mmengine - INFO - Hooks will be executed in the following order:
before_run:
(VERY_HIGH   ) RuntimeInfoHook                    
(BELOW_NORMAL) LoggerHook                         
 -------------------- 
before_train:
(VERY_HIGH   ) RuntimeInfoHook                    
(NORMAL      ) IterTimerHook                      
(VERY_LOW    ) CheckpointHook                     
 -------------------- 
before_train_epoch:
(VERY_HIGH   ) RuntimeInfoHook                    
(NORMAL      ) IterTimerHook                      
(NORMAL      ) DistSamplerSeedHook                
 -------------------- 
before_train_iter:
(VERY_HIGH   ) RuntimeInfoHook                    
(NORMAL      ) IterTimerHook                      
 -------------------- 
after_train_iter:
(VERY_HIGH   ) RuntimeInfoHook                    
(NORMAL      ) IterTimerHook                      
(BELOW_NORMAL) LoggerHook                         
(LOW         ) ParamSchedulerHook                 
(VERY_LOW    ) CheckpointHook                     
 -------------------- 
after_train_epoch:
(NORMAL      ) IterTimerHook                      
(LOW         ) ParamSchedulerHook                 
(VERY_LOW    ) CheckpointHook                     
 -------------------- 
before_val:
(VERY_HIGH   ) RuntimeInfoHook                    
 -------------------- 
before_val_epoch:
(NORMAL      ) IterTimerHook                      
 -------------------- 
before_val_iter:
(NORMAL      ) IterTimerHook                      
 -------------------- 
after_val_iter:
(NORMAL      ) IterTimerHook                      
(NORMAL      ) DetVisualizationHook               
(BELOW_NORMAL) LoggerHook                         
 -------------------- 
after_val_epoch:
(VERY_HIGH   ) RuntimeInfoHook                    
(NORMAL      ) IterTimerHook                      
(BELOW_NORMAL) LoggerHook                         
(LOW         ) ParamSchedulerHook                 
(VERY_LOW    ) CheckpointHook                     
 -------------------- 
after_val:
(VERY_HIGH   ) RuntimeInfoHook                    
 -------------------- 
after_train:
(VERY_HIGH   ) RuntimeInfoHook                    
(VERY_LOW    ) CheckpointHook                     
 -------------------- 
before_test:
(VERY_HIGH   ) RuntimeInfoHook                    
 -------------------- 
before_test_epoch:
(NORMAL      ) IterTimerHook                      
 -------------------- 
before_test_iter:
(NORMAL      ) IterTimerHook                      
 -------------------- 
after_test_iter:
(NORMAL      ) IterTimerHook                      
(NORMAL      ) DetVisualizationHook               
(BELOW_NORMAL) LoggerHook                         
 -------------------- 
after_test_epoch:
(VERY_HIGH   ) RuntimeInfoHook                    
(NORMAL      ) IterTimerHook                      
(BELOW_NORMAL) LoggerHook                         
 -------------------- 
after_test:
(VERY_HIGH   ) RuntimeInfoHook                    
 -------------------- 
after_run:
(BELOW_NORMAL) LoggerHook                         
 -------------------- 
2026/03/30 21:22:00 - mmengine - WARNING - Failed to search registry with scope "mmrotate" in the "optim_wrapper" registry tree. As a workaround, the current "optim_wrapper" registry in "mmengine" is used to build instance. This may cause unexpected failure when running the built modules. Please check whether "mmrotate" is a correct scope, or whether the registry is initialized.
2026/03/30 21:22:04 - mmengine - INFO - load model from: https://www.modelscope.cn/models/wokaikaixinxin/ai4rs/resolve/master/GSDet_baseline/pretrain/diffusiondet_r50_fpn_500-proposals_1-step_crop-ms-480-800-450k_coco_new2.pth
2026/03/30 21:22:04 - mmengine - INFO - Loads checkpoint by http backend from path: https://www.modelscope.cn/models/wokaikaixinxin/ai4rs/resolve/master/GSDet_baseline/pretrain/diffusiondet_r50_fpn_500-proposals_1-step_crop-ms-480-800-450k_coco_new2.pth
2026/03/30 21:22:05 - mmengine - WARNING - The model and loaded state dict do not match exactly

size mismatch for rpn_head.head_series.0.class_logits.weight: copying a param with shape torch.Size([80, 256]) from checkpoint, the shape in current model is torch.Size([37, 256]).
size mismatch for rpn_head.head_series.0.class_logits.bias: copying a param with shape torch.Size([80]) from checkpoint, the shape in current model is torch.Size([37]).
size mismatch for rpn_head.head_series.1.class_logits.weight: copying a param with shape torch.Size([80, 256]) from checkpoint, the shape in current model is torch.Size([37, 256]).
size mismatch for rpn_head.head_series.1.class_logits.bias: copying a param with shape torch.Size([80]) from checkpoint, the shape in current model is torch.Size([37]).
size mismatch for rpn_head.head_series.2.class_logits.weight: copying a param with shape torch.Size([80, 256]) from checkpoint, the shape in current model is torch.Size([37, 256]).
size mismatch for rpn_head.head_series.2.class_logits.bias: copying a param with shape torch.Size([80]) from checkpoint, the shape in current model is torch.Size([37]).
size mismatch for rpn_head.head_series.3.class_logits.weight: copying a param with shape torch.Size([80, 256]) from checkpoint, the shape in current model is torch.Size([37, 256]).
size mismatch for rpn_head.head_series.3.class_logits.bias: copying a param with shape torch.Size([80]) from checkpoint, the shape in current model is torch.Size([37]).
unexpected key in source state_dict: bbox_head.betas, bbox_head.alphas_cumprod, bbox_head.alphas_cumprod_prev, bbox_head.sqrt_alphas_cumprod, bbox_head.sqrt_one_minus_alphas_cumprod, bbox_head.log_one_minus_alphas_cumprod, bbox_head.sqrt_recip_alphas_cumprod, bbox_head.sqrt_recipm1_alphas_cumprod, bbox_head.posterior_variance, bbox_head.posterior_log_variance_clipped, bbox_head.posterior_mean_coef1, bbox_head.posterior_mean_coef2, bbox_head.head_series.4.self_attn.in_proj_weight, bbox_head.head_series.4.self_attn.in_proj_bias, bbox_head.head_series.4.self_attn.out_proj.weight, bbox_head.head_series.4.self_attn.out_proj.bias, bbox_head.head_series.4.inst_interact.dynamic_layer.weight, bbox_head.head_series.4.inst_interact.dynamic_layer.bias, bbox_head.head_series.4.inst_interact.norm1.weight, bbox_head.head_series.4.inst_interact.norm1.bias, bbox_head.head_series.4.inst_interact.norm2.weight, bbox_head.head_series.4.inst_interact.norm2.bias, bbox_head.head_series.4.inst_interact.out_layer.weight, bbox_head.head_series.4.inst_interact.out_layer.bias, bbox_head.head_series.4.inst_interact.norm3.weight, bbox_head.head_series.4.inst_interact.norm3.bias, bbox_head.head_series.4.linear1.weight, bbox_head.head_series.4.linear1.bias, bbox_head.head_series.4.linear2.weight, bbox_head.head_series.4.linear2.bias, bbox_head.head_series.4.norm1.weight, bbox_head.head_series.4.norm1.bias, bbox_head.head_series.4.norm2.weight, bbox_head.head_series.4.norm2.bias, bbox_head.head_series.4.norm3.weight, bbox_head.head_series.4.norm3.bias, bbox_head.head_series.4.block_time_mlp.1.weight, bbox_head.head_series.4.block_time_mlp.1.bias, bbox_head.head_series.4.cls_module.0.weight, bbox_head.head_series.4.cls_module.1.weight, bbox_head.head_series.4.cls_module.1.bias, bbox_head.head_series.4.reg_module.0.weight, bbox_head.head_series.4.reg_module.1.weight, bbox_head.head_series.4.reg_module.1.bias, bbox_head.head_series.4.reg_module.3.weight, bbox_head.head_series.4.reg_module.4.weight, bbox_head.head_series.4.reg_module.4.bias, bbox_head.head_series.4.reg_module.6.weight, bbox_head.head_series.4.reg_module.7.weight, bbox_head.head_series.4.reg_module.7.bias, bbox_head.head_series.4.class_logits.weight, bbox_head.head_series.4.class_logits.bias, bbox_head.head_series.4.bboxes_delta.weight, bbox_head.head_series.4.bboxes_delta.bias, bbox_head.head_series.5.self_attn.in_proj_weight, bbox_head.head_series.5.self_attn.in_proj_bias, bbox_head.head_series.5.self_attn.out_proj.weight, bbox_head.head_series.5.self_attn.out_proj.bias, bbox_head.head_series.5.inst_interact.dynamic_layer.weight, bbox_head.head_series.5.inst_interact.dynamic_layer.bias, bbox_head.head_series.5.inst_interact.norm1.weight, bbox_head.head_series.5.inst_interact.norm1.bias, bbox_head.head_series.5.inst_interact.norm2.weight, bbox_head.head_series.5.inst_interact.norm2.bias, bbox_head.head_series.5.inst_interact.out_layer.weight, bbox_head.head_series.5.inst_interact.out_layer.bias, bbox_head.head_series.5.inst_interact.norm3.weight, bbox_head.head_series.5.inst_interact.norm3.bias, bbox_head.head_series.5.linear1.weight, bbox_head.head_series.5.linear1.bias, bbox_head.head_series.5.linear2.weight, bbox_head.head_series.5.linear2.bias, bbox_head.head_series.5.norm1.weight, bbox_head.head_series.5.norm1.bias, bbox_head.head_series.5.norm2.weight, bbox_head.head_series.5.norm2.bias, bbox_head.head_series.5.norm3.weight, bbox_head.head_series.5.norm3.bias, bbox_head.head_series.5.block_time_mlp.1.weight, bbox_head.head_series.5.block_time_mlp.1.bias, bbox_head.head_series.5.cls_module.0.weight, bbox_head.head_series.5.cls_module.1.weight, bbox_head.head_series.5.cls_module.1.bias, bbox_head.head_series.5.reg_module.0.weight, bbox_head.head_series.5.reg_module.1.weight, bbox_head.head_series.5.reg_module.1.bias, bbox_head.head_series.5.reg_module.3.weight, bbox_head.head_series.5.reg_module.4.weight, bbox_head.head_series.5.reg_module.4.bias, bbox_head.head_series.5.reg_module.6.weight, bbox_head.head_series.5.reg_module.7.weight, bbox_head.head_series.5.reg_module.7.bias, bbox_head.head_series.5.class_logits.weight, bbox_head.head_series.5.class_logits.bias, bbox_head.head_series.5.bboxes_delta.weight, bbox_head.head_series.5.bboxes_delta.bias, bbox_head.time_mlp.1.weight, bbox_head.time_mlp.1.bias, bbox_head.time_mlp.3.weight, bbox_head.time_mlp.3.bias, rpn_head.head_series.0.block_time_mlp.1.weight, rpn_head.head_series.0.block_time_mlp.1.bias, rpn_head.head_series.1.block_time_mlp.1.weight, rpn_head.head_series.1.block_time_mlp.1.bias, rpn_head.head_series.2.block_time_mlp.1.weight, rpn_head.head_series.2.block_time_mlp.1.bias, rpn_head.head_series.3.block_time_mlp.1.weight, rpn_head.head_series.3.block_time_mlp.1.bias

missing keys in source state_dict: roi_head.bbox_head.0.fc_cls.weight, roi_head.bbox_head.0.fc_cls.bias, roi_head.bbox_head.0.fc_reg.weight, roi_head.bbox_head.0.fc_reg.bias, roi_head.bbox_head.0.self_attn.in_proj_weight, roi_head.bbox_head.0.self_attn.in_proj_bias, roi_head.bbox_head.0.self_attn.out_proj.weight, roi_head.bbox_head.0.self_attn.out_proj.bias, roi_head.bbox_head.0.inst_interact.dynamic_layer.weight, roi_head.bbox_head.0.inst_interact.dynamic_layer.bias, roi_head.bbox_head.0.inst_interact.norm1.weight, roi_head.bbox_head.0.inst_interact.norm1.bias, roi_head.bbox_head.0.inst_interact.norm2.weight, roi_head.bbox_head.0.inst_interact.norm2.bias, roi_head.bbox_head.0.inst_interact.out_layer.weight, roi_head.bbox_head.0.inst_interact.out_layer.bias, roi_head.bbox_head.0.inst_interact.norm3.weight, roi_head.bbox_head.0.inst_interact.norm3.bias, roi_head.bbox_head.0.linear1.weight, roi_head.bbox_head.0.linear1.bias, roi_head.bbox_head.0.linear2.weight, roi_head.bbox_head.0.linear2.bias, roi_head.bbox_head.0.norm1.weight, roi_head.bbox_head.0.norm1.bias, roi_head.bbox_head.0.norm2.weight, roi_head.bbox_head.0.norm2.bias, roi_head.bbox_head.0.norm3.weight, roi_head.bbox_head.0.norm3.bias, roi_head.bbox_head.0.cls_module.0.weight, roi_head.bbox_head.0.cls_module.1.weight, roi_head.bbox_head.0.cls_module.1.bias, roi_head.bbox_head.0.reg_module.0.weight, roi_head.bbox_head.0.reg_module.1.weight, roi_head.bbox_head.0.reg_module.1.bias, roi_head.bbox_head.0.reg_module.3.weight, roi_head.bbox_head.0.reg_module.4.weight, roi_head.bbox_head.0.reg_module.4.bias, roi_head.bbox_head.0.reg_module.6.weight, roi_head.bbox_head.0.reg_module.7.weight, roi_head.bbox_head.0.reg_module.7.bias, roi_head.bbox_head.1.fc_cls.weight, roi_head.bbox_head.1.fc_cls.bias, roi_head.bbox_head.1.fc_reg.weight, roi_head.bbox_head.1.fc_reg.bias, roi_head.bbox_head.1.self_attn.in_proj_weight, roi_head.bbox_head.1.self_attn.in_proj_bias, roi_head.bbox_head.1.self_attn.out_proj.weight, roi_head.bbox_head.1.self_attn.out_proj.bias, roi_head.bbox_head.1.inst_interact.dynamic_layer.weight, roi_head.bbox_head.1.inst_interact.dynamic_layer.bias, roi_head.bbox_head.1.inst_interact.norm1.weight, roi_head.bbox_head.1.inst_interact.norm1.bias, roi_head.bbox_head.1.inst_interact.norm2.weight, roi_head.bbox_head.1.inst_interact.norm2.bias, roi_head.bbox_head.1.inst_interact.out_layer.weight, roi_head.bbox_head.1.inst_interact.out_layer.bias, roi_head.bbox_head.1.inst_interact.norm3.weight, roi_head.bbox_head.1.inst_interact.norm3.bias, roi_head.bbox_head.1.linear1.weight, roi_head.bbox_head.1.linear1.bias, roi_head.bbox_head.1.linear2.weight, roi_head.bbox_head.1.linear2.bias, roi_head.bbox_head.1.norm1.weight, roi_head.bbox_head.1.norm1.bias, roi_head.bbox_head.1.norm2.weight, roi_head.bbox_head.1.norm2.bias, roi_head.bbox_head.1.norm3.weight, roi_head.bbox_head.1.norm3.bias, roi_head.bbox_head.1.cls_module.0.weight, roi_head.bbox_head.1.cls_module.1.weight, roi_head.bbox_head.1.cls_module.1.bias, roi_head.bbox_head.1.reg_module.0.weight, roi_head.bbox_head.1.reg_module.1.weight, roi_head.bbox_head.1.reg_module.1.bias, roi_head.bbox_head.1.reg_module.3.weight, roi_head.bbox_head.1.reg_module.4.weight, roi_head.bbox_head.1.reg_module.4.bias, roi_head.bbox_head.1.reg_module.6.weight, roi_head.bbox_head.1.reg_module.7.weight, roi_head.bbox_head.1.reg_module.7.bias

Name of parameter - Initialization information

backbone.conv1.weight - torch.Size([64, 3, 7, 7]): 
PretrainedInit: load from https://www.modelscope.cn/models/wokaikaixinxin/ai4rs/resolve/master/GSDet_baseline/pretrain/diffusiondet_r50_fpn_500-proposals_1-step_crop-ms-480-800-450k_coco_new2.pth 

backbone.bn1.weight - torch.Size([64]): 
PretrainedInit: load from https://www.modelscope.cn/models/wokaikaixinxin/ai4rs/resolve/master/GSDet_baseline/pretrain/diffusiondet_r50_fpn_500-proposals_1-step_crop-ms-480-800-450k_coco_new2.pth 

backbone.bn1.bias - torch.Size([64]): 
PretrainedInit: load from https://www.modelscope.cn/models/wokaikaixinxin/ai4rs/resolve/master/GSDet_baseline/pretrain/diffusiondet_r50_fpn_500-proposals_1-step_crop-ms-480-800-450k_coco_new2.pth 

backbone.layer1.0.conv1.weight - torch.Size([64, 64, 1, 1]): 
PretrainedInit: load from https://www.modelscope.cn/models/wokaikaixinxin/ai4rs/resolve/master/GSDet_baseline/pretrain/diffusiondet_r50_fpn_500-proposals_1-step_crop-ms-480-800-450k_coco_new2.pth 

backbone.layer1.0.bn1.weight - torch.Size([64]): 
PretrainedInit: load from https://www.modelscope.cn/models/wokaikaixinxin/ai4rs/resolve/master/GSDet_baseline/pretrain/diffusiondet_r50_fpn_500-proposals_1-step_crop-ms-480-800-450k_coco_new2.pth 

backbone.layer1.0.bn1.bias - torch.Size([64]): 
PretrainedInit: load from https://www.modelscope.cn/models/wokaikaixinxin/ai4rs/resolve/master/GSDet_baseline/pretrain/diffusiondet_r50_fpn_500-proposals_1-step_crop-ms-480-800-450k_coco_new2.pth 

backbone.layer1.0.conv2.weight - torch.Size([64, 64, 3, 3]): 
PretrainedInit: load from https://www.modelscope.cn/models/wokaikaixinxin/ai4rs/resolve/master/GSDet_baseline/pretrain/diffusiondet_r50_fpn_500-proposals_1-step_crop-ms-480-800-450k_coco_new2.pth 

backbone.layer1.0.bn2.weight - torch.Size([64]): 
PretrainedInit: load from https://www.modelscope.cn/models/wokaikaixinxin/ai4rs/resolve/master/GSDet_baseline/pretrain/diffusiondet_r50_fpn_500-proposals_1-step_crop-ms-480-800-450k_coco_new2.pth 

backbone.layer1.0.bn2.bias - torch.Size([64]): 
PretrainedInit: load from https://www.modelscope.cn/models/wokaikaixinxin/ai4rs/resolve/master/GSDet_baseline/pretrain/diffusiondet_r50_fpn_500-proposals_1-step_crop-ms-480-800-450k_coco_new2.pth 

backbone.layer1.0.conv3.weight - torch.Size([256, 64, 1, 1]): 
PretrainedInit: load from https://www.modelscope.cn/models/wokaikaixinxin/ai4rs/resolve/master/GSDet_baseline/pretrain/diffusiondet_r50_fpn_500-proposals_1-step_crop-ms-480-800-450k_coco_new2.pth 

backbone.layer1.0.bn3.weight - torch.Size([256]): 
PretrainedInit: load from https://www.modelscope.cn/models/wokaikaixinxin/ai4rs/resolve/master/GSDet_baseline/pretrain/diffusiondet_r50_fpn_500-proposals_1-step_crop-ms-480-800-450k_coco_new2.pth 

backbone.layer1.0.bn3.bias - torch.Size([256]): 
PretrainedInit: load from https://www.modelscope.cn/models/wokaikaixinxin/ai4rs/resolve/master/GSDet_baseline/pretrain/diffusiondet_r50_fpn_500-proposals_1-step_crop-ms-480-800-450k_coco_new2.pth 

backbone.layer1.0.downsample.0.weight - torch.Size([256, 64, 1, 1]): 
PretrainedInit: load from https://www.modelscope.cn/models/wokaikaixinxin/ai4rs/resolve/master/GSDet_baseline/pretrain/diffusiondet_r50_fpn_500-proposals_1-step_crop-ms-480-800-450k_coco_new2.pth 

backbone.layer1.0.downsample.1.weight - torch.Size([256]): 
PretrainedInit: load from https://www.modelscope.cn/models/wokaikaixinxin/ai4rs/resolve/master/GSDet_baseline/pretrain/diffusiondet_r50_fpn_500-proposals_1-step_crop-ms-480-800-450k_coco_new2.pth 

backbone.layer1.0.downsample.1.bias - torch.Size([256]): 
PretrainedInit: load from https://www.modelscope.cn/models/wokaikaixinxin/ai4rs/resolve/master/GSDet_baseline/pretrain/diffusiondet_r50_fpn_500-proposals_1-step_crop-ms-480-800-450k_coco_new2.pth 

backbone.layer1.1.conv1.weight - torch.Size([64, 256, 1, 1]): 
PretrainedInit: load from https://www.modelscope.cn/models/wokaikaixinxin/ai4rs/resolve/master/GSDet_baseline/pretrain/diffusiondet_r50_fpn_500-proposals_1-step_crop-ms-480-800-450k_coco_new2.pth 

backbone.layer1.1.bn1.weight - torch.Size([64]): 
PretrainedInit: load from https://www.modelscope.cn/models/wokaikaixinxin/ai4rs/resolve/master/GSDet_baseline/pretrain/diffusiondet_r50_fpn_500-proposals_1-step_crop-ms-480-800-450k_coco_new2.pth 

backbone.layer1.1.bn1.bias - torch.Size([64]): 
PretrainedInit: load from https://www.modelscope.cn/models/wokaikaixinxin/ai4rs/resolve/master/GSDet_baseline/pretrain/diffusiondet_r50_fpn_500-proposals_1-step_crop-ms-480-800-450k_coco_new2.pth 

backbone.layer1.1.conv2.weight - torch.Size([64, 64, 3, 3]): 
PretrainedInit: load from https://www.modelscope.cn/models/wokaikaixinxin/ai4rs/resolve/master/GSDet_baseline/pretrain/diffusiondet_r50_fpn_500-proposals_1-step_crop-ms-480-800-450k_coco_new2.pth 

backbone.layer1.1.bn2.weight - torch.Size([64]): 
PretrainedInit: load from https://www.modelscope.cn/models/wokaikaixinxin/ai4rs/resolve/master/GSDet_baseline/pretrain/diffusiondet_r50_fpn_500-proposals_1-step_crop-ms-480-800-450k_coco_new2.pth 

backbone.layer1.1.bn2.bias - torch.Size([64]): 
PretrainedInit: load from https://www.modelscope.cn/models/wokaikaixinxin/ai4rs/resolve/master/GSDet_baseline/pretrain/diffusiondet_r50_fpn_500-proposals_1-step_crop-ms-480-800-450k_coco_new2.pth 

backbone.layer1.1.conv3.weight - torch.Size([256, 64, 1, 1]): 
PretrainedInit: load from https://www.modelscope.cn/models/wokaikaixinxin/ai4rs/resolve/master/GSDet_baseline/pretrain/diffusiondet_r50_fpn_500-proposals_1-step_crop-ms-480-800-450k_coco_new2.pth 

backbone.layer1.1.bn3.weight - torch.Size([256]): 
PretrainedInit: load from https://www.modelscope.cn/models/wokaikaixinxin/ai4rs/resolve/master/GSDet_baseline/pretrain/diffusiondet_r50_fpn_500-proposals_1-step_crop-ms-480-800-450k_coco_new2.pth 

backbone.layer1.1.bn3.bias - torch.Size([256]): 
PretrainedInit: load from https://www.modelscope.cn/models/wokaikaixinxin/ai4rs/resolve/master/GSDet_baseline/pretrain/diffusiondet_r50_fpn_500-proposals_1-step_crop-ms-480-800-450k_coco_new2.pth 

backbone.layer1.2.conv1.weight - torch.Size([64, 256, 1, 1]): 
PretrainedInit: load from https://www.modelscope.cn/models/wokaikaixinxin/ai4rs/resolve/master/GSDet_baseline/pretrain/diffusiondet_r50_fpn_500-proposals_1-step_crop-ms-480-800-450k_coco_new2.pth 

backbone.layer1.2.bn1.weight - torch.Size([64]): 
PretrainedInit: load from https://www.modelscope.cn/models/wokaikaixinxin/ai4rs/resolve/master/GSDet_baseline/pretrain/diffusiondet_r50_fpn_500-proposals_1-step_crop-ms-480-800-450k_coco_new2.pth 

backbone.layer1.2.bn1.bias - torch.Size([64]): 
PretrainedInit: load from https://www.modelscope.cn/models/wokaikaixinxin/ai4rs/resolve/master/GSDet_baseline/pretrain/diffusiondet_r50_fpn_500-proposals_1-step_crop-ms-480-800-450k_coco_new2.pth 

backbone.layer1.2.conv2.weight - torch.Size([64, 64, 3, 3]): 
PretrainedInit: load from https://www.modelscope.cn/models/wokaikaixinxin/ai4rs/resolve/master/GSDet_baseline/pretrain/diffusiondet_r50_fpn_500-proposals_1-step_crop-ms-480-800-450k_coco_new2.pth 

backbone.layer1.2.bn2.weight - torch.Size([64]): 
PretrainedInit: load from https://www.modelscope.cn/models/wokaikaixinxin/ai4rs/resolve/master/GSDet_baseline/pretrain/diffusiondet_r50_fpn_500-proposals_1-step_crop-ms-480-800-450k_coco_new2.pth 

backbone.layer1.2.bn2.bias - torch.Size([64]): 
PretrainedInit: load from https://www.modelscope.cn/models/wokaikaixinxin/ai4rs/resolve/master/GSDet_baseline/pretrain/diffusiondet_r50_fpn_500-proposals_1-step_crop-ms-480-800-450k_coco_new2.pth 

backbone.layer1.2.conv3.weight - torch.Size([256, 64, 1, 1]): 
PretrainedInit: load from https://www.modelscope.cn/models/wokaikaixinxin/ai4rs/resolve/master/GSDet_baseline/pretrain/diffusiondet_r50_fpn_500-proposals_1-step_crop-ms-480-800-450k_coco_new2.pth 

backbone.layer1.2.bn3.weight - torch.Size([256]): 
PretrainedInit: load from https://www.modelscope.cn/models/wokaikaixinxin/ai4rs/resolve/master/GSDet_baseline/pretrain/diffusiondet_r50_fpn_500-proposals_1-step_crop-ms-480-800-450k_coco_new2.pth 

backbone.layer1.2.bn3.bias - torch.Size([256]): 
PretrainedInit: load from https://www.modelscope.cn/models/wokaikaixinxin/ai4rs/resolve/master/GSDet_baseline/pretrain/diffusiondet_r50_fpn_500-proposals_1-step_crop-ms-480-800-450k_coco_new2.pth 

backbone.layer2.0.conv1.weight - torch.Size([128, 256, 1, 1]): 
PretrainedInit: load from https://www.modelscope.cn/models/wokaikaixinxin/ai4rs/resolve/master/GSDet_baseline/pretrain/diffusiondet_r50_fpn_500-proposals_1-step_crop-ms-480-800-450k_coco_new2.pth 

backbone.layer2.0.bn1.weight - torch.Size([128]): 
PretrainedInit: load from https://www.modelscope.cn/models/wokaikaixinxin/ai4rs/resolve/master/GSDet_baseline/pretrain/diffusiondet_r50_fpn_500-proposals_1-step_crop-ms-480-800-450k_coco_new2.pth 

backbone.layer2.0.bn1.bias - torch.Size([128]): 
PretrainedInit: load from https://www.modelscope.cn/models/wokaikaixinxin/ai4rs/resolve/master/GSDet_baseline/pretrain/diffusiondet_r50_fpn_500-proposals_1-step_crop-ms-480-800-450k_coco_new2.pth 

backbone.layer2.0.conv2.weight - torch.Size([128, 128, 3, 3]): 
PretrainedInit: load from https://www.modelscope.cn/models/wokaikaixinxin/ai4rs/resolve/master/GSDet_baseline/pretrain/diffusiondet_r50_fpn_500-proposals_1-step_crop-ms-480-800-450k_coco_new2.pth 

backbone.layer2.0.bn2.weight - torch.Size([128]): 
PretrainedInit: load from https://www.modelscope.cn/models/wokaikaixinxin/ai4rs/resolve/master/GSDet_baseline/pretrain/diffusiondet_r50_fpn_500-proposals_1-step_crop-ms-480-800-450k_coco_new2.pth 

backbone.layer2.0.bn2.bias - torch.Size([128]): 
PretrainedInit: load from https://www.modelscope.cn/models/wokaikaixinxin/ai4rs/resolve/master/GSDet_baseline/pretrain/diffusiondet_r50_fpn_500-proposals_1-step_crop-ms-480-800-450k_coco_new2.pth 

backbone.layer2.0.conv3.weight - torch.Size([512, 128, 1, 1]): 
PretrainedInit: load from https://www.modelscope.cn/models/wokaikaixinxin/ai4rs/resolve/master/GSDet_baseline/pretrain/diffusiondet_r50_fpn_500-proposals_1-step_crop-ms-480-800-450k_coco_new2.pth 

backbone.layer2.0.bn3.weight - torch.Size([512]): 
PretrainedInit: load from https://www.modelscope.cn/models/wokaikaixinxin/ai4rs/resolve/master/GSDet_baseline/pretrain/diffusiondet_r50_fpn_500-proposals_1-step_crop-ms-480-800-450k_coco_new2.pth 

backbone.layer2.0.bn3.bias - torch.Size([512]): 
PretrainedInit: load from https://www.modelscope.cn/models/wokaikaixinxin/ai4rs/resolve/master/GSDet_baseline/pretrain/diffusiondet_r50_fpn_500-proposals_1-step_crop-ms-480-800-450k_coco_new2.pth 

backbone.layer2.0.downsample.0.weight - torch.Size([512, 256, 1, 1]): 
PretrainedInit: load from https://www.modelscope.cn/models/wokaikaixinxin/ai4rs/resolve/master/GSDet_baseline/pretrain/diffusiondet_r50_fpn_500-proposals_1-step_crop-ms-480-800-450k_coco_new2.pth 

backbone.layer2.0.downsample.1.weight - torch.Size([512]): 
PretrainedInit: load from https://www.modelscope.cn/models/wokaikaixinxin/ai4rs/resolve/master/GSDet_baseline/pretrain/diffusiondet_r50_fpn_500-proposals_1-step_crop-ms-480-800-450k_coco_new2.pth 

backbone.layer2.0.downsample.1.bias - torch.Size([512]): 
PretrainedInit: load from https://www.modelscope.cn/models/wokaikaixinxin/ai4rs/resolve/master/GSDet_baseline/pretrain/diffusiondet_r50_fpn_500-proposals_1-step_crop-ms-480-800-450k_coco_new2.pth 

backbone.layer2.1.conv1.weight - torch.Size([128, 512, 1, 1]): 
PretrainedInit: load from https://www.modelscope.cn/models/wokaikaixinxin/ai4rs/resolve/master/GSDet_baseline/pretrain/diffusiondet_r50_fpn_500-proposals_1-step_crop-ms-480-800-450k_coco_new2.pth 

backbone.layer2.1.bn1.weight - torch.Size([128]): 
PretrainedInit: load from https://www.modelscope.cn/models/wokaikaixinxin/ai4rs/resolve/master/GSDet_baseline/pretrain/diffusiondet_r50_fpn_500-proposals_1-step_crop-ms-480-800-450k_coco_new2.pth 

backbone.layer2.1.bn1.bias - torch.Size([128]): 
PretrainedInit: load from https://www.modelscope.cn/models/wokaikaixinxin/ai4rs/resolve/master/GSDet_baseline/pretrain/diffusiondet_r50_fpn_500-proposals_1-step_crop-ms-480-800-450k_coco_new2.pth 

backbone.layer2.1.conv2.weight - torch.Size([128, 128, 3, 3]): 
PretrainedInit: load from https://www.modelscope.cn/models/wokaikaixinxin/ai4rs/resolve/master/GSDet_baseline/pretrain/diffusiondet_r50_fpn_500-proposals_1-step_crop-ms-480-800-450k_coco_new2.pth 

backbone.layer2.1.bn2.weight - torch.Size([128]): 
PretrainedInit: load from https://www.modelscope.cn/models/wokaikaixinxin/ai4rs/resolve/master/GSDet_baseline/pretrain/diffusiondet_r50_fpn_500-proposals_1-step_crop-ms-480-800-450k_coco_new2.pth 

backbone.layer2.1.bn2.bias - torch.Size([128]): 
PretrainedInit: load from https://www.modelscope.cn/models/wokaikaixinxin/ai4rs/resolve/master/GSDet_baseline/pretrain/diffusiondet_r50_fpn_500-proposals_1-step_crop-ms-480-800-450k_coco_new2.pth 

backbone.layer2.1.conv3.weight - torch.Size([512, 128, 1, 1]): 
PretrainedInit: load from https://www.modelscope.cn/models/wokaikaixinxin/ai4rs/resolve/master/GSDet_baseline/pretrain/diffusiondet_r50_fpn_500-proposals_1-step_crop-ms-480-800-450k_coco_new2.pth 

backbone.layer2.1.bn3.weight - torch.Size([512]): 
PretrainedInit: load from https://www.modelscope.cn/models/wokaikaixinxin/ai4rs/resolve/master/GSDet_baseline/pretrain/diffusiondet_r50_fpn_500-proposals_1-step_crop-ms-480-800-450k_coco_new2.pth 

backbone.layer2.1.bn3.bias - torch.Size([512]): 
PretrainedInit: load from https://www.modelscope.cn/models/wokaikaixinxin/ai4rs/resolve/master/GSDet_baseline/pretrain/diffusiondet_r50_fpn_500-proposals_1-step_crop-ms-480-800-450k_coco_new2.pth 

backbone.layer2.2.conv1.weight - torch.Size([128, 512, 1, 1]): 
PretrainedInit: load from https://www.modelscope.cn/models/wokaikaixinxin/ai4rs/resolve/master/GSDet_baseline/pretrain/diffusiondet_r50_fpn_500-proposals_1-step_crop-ms-480-800-450k_coco_new2.pth 

backbone.layer2.2.bn1.weight - torch.Size([128]): 
PretrainedInit: load from https://www.modelscope.cn/models/wokaikaixinxin/ai4rs/resolve/master/GSDet_baseline/pretrain/diffusiondet_r50_fpn_500-proposals_1-step_crop-ms-480-800-450k_coco_new2.pth 

backbone.layer2.2.bn1.bias - torch.Size([128]): 
PretrainedInit: load from https://www.modelscope.cn/models/wokaikaixinxin/ai4rs/resolve/master/GSDet_baseline/pretrain/diffusiondet_r50_fpn_500-proposals_1-step_crop-ms-480-800-450k_coco_new2.pth 

backbone.layer2.2.conv2.weight - torch.Size([128, 128, 3, 3]): 
PretrainedInit: load from https://www.modelscope.cn/models/wokaikaixinxin/ai4rs/resolve/master/GSDet_baseline/pretrain/diffusiondet_r50_fpn_500-proposals_1-step_crop-ms-480-800-450k_coco_new2.pth 

backbone.layer2.2.bn2.weight - torch.Size([128]): 
PretrainedInit: load from https://www.modelscope.cn/models/wokaikaixinxin/ai4rs/resolve/master/GSDet_baseline/pretrain/diffusiondet_r50_fpn_500-proposals_1-step_crop-ms-480-800-450k_coco_new2.pth 

backbone.layer2.2.bn2.bias - torch.Size([128]): 
PretrainedInit: load from https://www.modelscope.cn/models/wokaikaixinxin/ai4rs/resolve/master/GSDet_baseline/pretrain/diffusiondet_r50_fpn_500-proposals_1-step_crop-ms-480-800-450k_coco_new2.pth 

backbone.layer2.2.conv3.weight - torch.Size([512, 128, 1, 1]): 
PretrainedInit: load from https://www.modelscope.cn/models/wokaikaixinxin/ai4rs/resolve/master/GSDet_baseline/pretrain/diffusiondet_r50_fpn_500-proposals_1-step_crop-ms-480-800-450k_coco_new2.pth 

backbone.layer2.2.bn3.weight - torch.Size([512]): 
PretrainedInit: load from https://www.modelscope.cn/models/wokaikaixinxin/ai4rs/resolve/master/GSDet_baseline/pretrain/diffusiondet_r50_fpn_500-proposals_1-step_crop-ms-480-800-450k_coco_new2.pth 

backbone.layer2.2.bn3.bias - torch.Size([512]): 
PretrainedInit: load from https://www.modelscope.cn/models/wokaikaixinxin/ai4rs/resolve/master/GSDet_baseline/pretrain/diffusiondet_r50_fpn_500-proposals_1-step_crop-ms-480-800-450k_coco_new2.pth 

backbone.layer2.3.conv1.weight - torch.Size([128, 512, 1, 1]): 
PretrainedInit: load from https://www.modelscope.cn/models/wokaikaixinxin/ai4rs/resolve/master/GSDet_baseline/pretrain/diffusiondet_r50_fpn_500-proposals_1-step_crop-ms-480-800-450k_coco_new2.pth 

backbone.layer2.3.bn1.weight - torch.Size([128]): 
PretrainedInit: load from https://www.modelscope.cn/models/wokaikaixinxin/ai4rs/resolve/master/GSDet_baseline/pretrain/diffusiondet_r50_fpn_500-proposals_1-step_crop-ms-480-800-450k_coco_new2.pth 

backbone.layer2.3.bn1.bias - torch.Size([128]): 
PretrainedInit: load from https://www.modelscope.cn/models/wokaikaixinxin/ai4rs/resolve/master/GSDet_baseline/pretrain/diffusiondet_r50_fpn_500-proposals_1-step_crop-ms-480-800-450k_coco_new2.pth 

backbone.layer2.3.conv2.weight - torch.Size([128, 128, 3, 3]): 
PretrainedInit: load from https://www.modelscope.cn/models/wokaikaixinxin/ai4rs/resolve/master/GSDet_baseline/pretrain/diffusiondet_r50_fpn_500-proposals_1-step_crop-ms-480-800-450k_coco_new2.pth 

backbone.layer2.3.bn2.weight - torch.Size([128]): 
PretrainedInit: load from https://www.modelscope.cn/models/wokaikaixinxin/ai4rs/resolve/master/GSDet_baseline/pretrain/diffusiondet_r50_fpn_500-proposals_1-step_crop-ms-480-800-450k_coco_new2.pth 

backbone.layer2.3.bn2.bias - torch.Size([128]): 
PretrainedInit: load from https://www.modelscope.cn/models/wokaikaixinxin/ai4rs/resolve/master/GSDet_baseline/pretrain/diffusiondet_r50_fpn_500-proposals_1-step_crop-ms-480-800-450k_coco_new2.pth 

backbone.layer2.3.conv3.weight - torch.Size([512, 128, 1, 1]): 
PretrainedInit: load from https://www.modelscope.cn/models/wokaikaixinxin/ai4rs/resolve/master/GSDet_baseline/pretrain/diffusiondet_r50_fpn_500-proposals_1-step_crop-ms-480-800-450k_coco_new2.pth 

backbone.layer2.3.bn3.weight - torch.Size([512]): 
PretrainedInit: load from https://www.modelscope.cn/models/wokaikaixinxin/ai4rs/resolve/master/GSDet_baseline/pretrain/diffusiondet_r50_fpn_500-proposals_1-step_crop-ms-480-800-450k_coco_new2.pth 

backbone.layer2.3.bn3.bias - torch.Size([512]): 
PretrainedInit: load from https://www.modelscope.cn/models/wokaikaixinxin/ai4rs/resolve/master/GSDet_baseline/pretrain/diffusiondet_r50_fpn_500-proposals_1-step_crop-ms-480-800-450k_coco_new2.pth 

backbone.layer3.0.conv1.weight - torch.Size([256, 512, 1, 1]): 
PretrainedInit: load from https://www.modelscope.cn/models/wokaikaixinxin/ai4rs/resolve/master/GSDet_baseline/pretrain/diffusiondet_r50_fpn_500-proposals_1-step_crop-ms-480-800-450k_coco_new2.pth 

backbone.layer3.0.bn1.weight - torch.Size([256]): 
PretrainedInit: load from https://www.modelscope.cn/models/wokaikaixinxin/ai4rs/resolve/master/GSDet_baseline/pretrain/diffusiondet_r50_fpn_500-proposals_1-step_crop-ms-480-800-450k_coco_new2.pth 

backbone.layer3.0.bn1.bias - torch.Size([256]): 
PretrainedInit: load from https://www.modelscope.cn/models/wokaikaixinxin/ai4rs/resolve/master/GSDet_baseline/pretrain/diffusiondet_r50_fpn_500-proposals_1-step_crop-ms-480-800-450k_coco_new2.pth 

backbone.layer3.0.conv2.weight - torch.Size([256, 256, 3, 3]): 
PretrainedInit: load from https://www.modelscope.cn/models/wokaikaixinxin/ai4rs/resolve/master/GSDet_baseline/pretrain/diffusiondet_r50_fpn_500-proposals_1-step_crop-ms-480-800-450k_coco_new2.pth 

backbone.layer3.0.bn2.weight - torch.Size([256]): 
PretrainedInit: load from https://www.modelscope.cn/models/wokaikaixinxin/ai4rs/resolve/master/GSDet_baseline/pretrain/diffusiondet_r50_fpn_500-proposals_1-step_crop-ms-480-800-450k_coco_new2.pth 

backbone.layer3.0.bn2.bias - torch.Size([256]): 
PretrainedInit: load from https://www.modelscope.cn/models/wokaikaixinxin/ai4rs/resolve/master/GSDet_baseline/pretrain/diffusiondet_r50_fpn_500-proposals_1-step_crop-ms-480-800-450k_coco_new2.pth 

backbone.layer3.0.conv3.weight - torch.Size([1024, 256, 1, 1]): 
PretrainedInit: load from https://www.modelscope.cn/models/wokaikaixinxin/ai4rs/resolve/master/GSDet_baseline/pretrain/diffusiondet_r50_fpn_500-proposals_1-step_crop-ms-480-800-450k_coco_new2.pth 

backbone.layer3.0.bn3.weight - torch.Size([1024]): 
PretrainedInit: load from https://www.modelscope.cn/models/wokaikaixinxin/ai4rs/resolve/master/GSDet_baseline/pretrain/diffusiondet_r50_fpn_500-proposals_1-step_crop-ms-480-800-450k_coco_new2.pth 

backbone.layer3.0.bn3.bias - torch.Size([1024]): 
PretrainedInit: load from https://www.modelscope.cn/models/wokaikaixinxin/ai4rs/resolve/master/GSDet_baseline/pretrain/diffusiondet_r50_fpn_500-proposals_1-step_crop-ms-480-800-450k_coco_new2.pth 

backbone.layer3.0.downsample.0.weight - torch.Size([1024, 512, 1, 1]): 
PretrainedInit: load from https://www.modelscope.cn/models/wokaikaixinxin/ai4rs/resolve/master/GSDet_baseline/pretrain/diffusiondet_r50_fpn_500-proposals_1-step_crop-ms-480-800-450k_coco_new2.pth 

backbone.layer3.0.downsample.1.weight - torch.Size([1024]): 
PretrainedInit: load from https://www.modelscope.cn/models/wokaikaixinxin/ai4rs/resolve/master/GSDet_baseline/pretrain/diffusiondet_r50_fpn_500-proposals_1-step_crop-ms-480-800-450k_coco_new2.pth 

backbone.layer3.0.downsample.1.bias - torch.Size([1024]): 
PretrainedInit: load from https://www.modelscope.cn/models/wokaikaixinxin/ai4rs/resolve/master/GSDet_baseline/pretrain/diffusiondet_r50_fpn_500-proposals_1-step_crop-ms-480-800-450k_coco_new2.pth 

backbone.layer3.1.conv1.weight - torch.Size([256, 1024, 1, 1]): 
PretrainedInit: load from https://www.modelscope.cn/models/wokaikaixinxin/ai4rs/resolve/master/GSDet_baseline/pretrain/diffusiondet_r50_fpn_500-proposals_1-step_crop-ms-480-800-450k_coco_new2.pth 

backbone.layer3.1.bn1.weight - torch.Size([256]): 
PretrainedInit: load from https://www.modelscope.cn/models/wokaikaixinxin/ai4rs/resolve/master/GSDet_baseline/pretrain/diffusiondet_r50_fpn_500-proposals_1-step_crop-ms-480-800-450k_coco_new2.pth 

backbone.layer3.1.bn1.bias - torch.Size([256]): 
PretrainedInit: load from https://www.modelscope.cn/models/wokaikaixinxin/ai4rs/resolve/master/GSDet_baseline/pretrain/diffusiondet_r50_fpn_500-proposals_1-step_crop-ms-480-800-450k_coco_new2.pth 

backbone.layer3.1.conv2.weight - torch.Size([256, 256, 3, 3]): 
PretrainedInit: load from https://www.modelscope.cn/models/wokaikaixinxin/ai4rs/resolve/master/GSDet_baseline/pretrain/diffusiondet_r50_fpn_500-proposals_1-step_crop-ms-480-800-450k_coco_new2.pth 

backbone.layer3.1.bn2.weight - torch.Size([256]): 
PretrainedInit: load from https://www.modelscope.cn/models/wokaikaixinxin/ai4rs/resolve/master/GSDet_baseline/pretrain/diffusiondet_r50_fpn_500-proposals_1-step_crop-ms-480-800-450k_coco_new2.pth 

backbone.layer3.1.bn2.bias - torch.Size([256]): 
PretrainedInit: load from https://www.modelscope.cn/models/wokaikaixinxin/ai4rs/resolve/master/GSDet_baseline/pretrain/diffusiondet_r50_fpn_500-proposals_1-step_crop-ms-480-800-450k_coco_new2.pth 

backbone.layer3.1.conv3.weight - torch.Size([1024, 256, 1, 1]): 
PretrainedInit: load from https://www.modelscope.cn/models/wokaikaixinxin/ai4rs/resolve/master/GSDet_baseline/pretrain/diffusiondet_r50_fpn_500-proposals_1-step_crop-ms-480-800-450k_coco_new2.pth 

backbone.layer3.1.bn3.weight - torch.Size([1024]): 
PretrainedInit: load from https://www.modelscope.cn/models/wokaikaixinxin/ai4rs/resolve/master/GSDet_baseline/pretrain/diffusiondet_r50_fpn_500-proposals_1-step_crop-ms-480-800-450k_coco_new2.pth 

backbone.layer3.1.bn3.bias - torch.Size([1024]): 
PretrainedInit: load from https://www.modelscope.cn/models/wokaikaixinxin/ai4rs/resolve/master/GSDet_baseline/pretrain/diffusiondet_r50_fpn_500-proposals_1-step_crop-ms-480-800-450k_coco_new2.pth 

backbone.layer3.2.conv1.weight - torch.Size([256, 1024, 1, 1]): 
PretrainedInit: load from https://www.modelscope.cn/models/wokaikaixinxin/ai4rs/resolve/master/GSDet_baseline/pretrain/diffusiondet_r50_fpn_500-proposals_1-step_crop-ms-480-800-450k_coco_new2.pth 

backbone.layer3.2.bn1.weight - torch.Size([256]): 
PretrainedInit: load from https://www.modelscope.cn/models/wokaikaixinxin/ai4rs/resolve/master/GSDet_baseline/pretrain/diffusiondet_r50_fpn_500-proposals_1-step_crop-ms-480-800-450k_coco_new2.pth 

backbone.layer3.2.bn1.bias - torch.Size([256]): 
PretrainedInit: load from https://www.modelscope.cn/models/wokaikaixinxin/ai4rs/resolve/master/GSDet_baseline/pretrain/diffusiondet_r50_fpn_500-proposals_1-step_crop-ms-480-800-450k_coco_new2.pth 

backbone.layer3.2.conv2.weight - torch.Size([256, 256, 3, 3]): 
PretrainedInit: load from https://www.modelscope.cn/models/wokaikaixinxin/ai4rs/resolve/master/GSDet_baseline/pretrain/diffusiondet_r50_fpn_500-proposals_1-step_crop-ms-480-800-450k_coco_new2.pth 

backbone.layer3.2.bn2.weight - torch.Size([256]): 
PretrainedInit: load from https://www.modelscope.cn/models/wokaikaixinxin/ai4rs/resolve/master/GSDet_baseline/pretrain/diffusiondet_r50_fpn_500-proposals_1-step_crop-ms-480-800-450k_coco_new2.pth 

backbone.layer3.2.bn2.bias - torch.Size([256]): 
PretrainedInit: load from https://www.modelscope.cn/models/wokaikaixinxin/ai4rs/resolve/master/GSDet_baseline/pretrain/diffusiondet_r50_fpn_500-proposals_1-step_crop-ms-480-800-450k_coco_new2.pth 

backbone.layer3.2.conv3.weight - torch.Size([1024, 256, 1, 1]): 
PretrainedInit: load from https://www.modelscope.cn/models/wokaikaixinxin/ai4rs/resolve/master/GSDet_baseline/pretrain/diffusiondet_r50_fpn_500-proposals_1-step_crop-ms-480-800-450k_coco_new2.pth 

backbone.layer3.2.bn3.weight - torch.Size([1024]): 
PretrainedInit: load from https://www.modelscope.cn/models/wokaikaixinxin/ai4rs/resolve/master/GSDet_baseline/pretrain/diffusiondet_r50_fpn_500-proposals_1-step_crop-ms-480-800-450k_coco_new2.pth 

backbone.layer3.2.bn3.bias - torch.Size([1024]): 
PretrainedInit: load from https://www.modelscope.cn/models/wokaikaixinxin/ai4rs/resolve/master/GSDet_baseline/pretrain/diffusiondet_r50_fpn_500-proposals_1-step_crop-ms-480-800-450k_coco_new2.pth 

backbone.layer3.3.conv1.weight - torch.Size([256, 1024, 1, 1]): 
PretrainedInit: load from https://www.modelscope.cn/models/wokaikaixinxin/ai4rs/resolve/master/GSDet_baseline/pretrain/diffusiondet_r50_fpn_500-proposals_1-step_crop-ms-480-800-450k_coco_new2.pth 

backbone.layer3.3.bn1.weight - torch.Size([256]): 
PretrainedInit: load from https://www.modelscope.cn/models/wokaikaixinxin/ai4rs/resolve/master/GSDet_baseline/pretrain/diffusiondet_r50_fpn_500-proposals_1-step_crop-ms-480-800-450k_coco_new2.pth 

backbone.layer3.3.bn1.bias - torch.Size([256]): 
PretrainedInit: load from https://www.modelscope.cn/models/wokaikaixinxin/ai4rs/resolve/master/GSDet_baseline/pretrain/diffusiondet_r50_fpn_500-proposals_1-step_crop-ms-480-800-450k_coco_new2.pth 

backbone.layer3.3.conv2.weight - torch.Size([256, 256, 3, 3]): 
PretrainedInit: load from https://www.modelscope.cn/models/wokaikaixinxin/ai4rs/resolve/master/GSDet_baseline/pretrain/diffusiondet_r50_fpn_500-proposals_1-step_crop-ms-480-800-450k_coco_new2.pth 

backbone.layer3.3.bn2.weight - torch.Size([256]): 
PretrainedInit: load from https://www.modelscope.cn/models/wokaikaixinxin/ai4rs/resolve/master/GSDet_baseline/pretrain/diffusiondet_r50_fpn_500-proposals_1-step_crop-ms-480-800-450k_coco_new2.pth 

backbone.layer3.3.bn2.bias - torch.Size([256]): 
PretrainedInit: load from https://www.modelscope.cn/models/wokaikaixinxin/ai4rs/resolve/master/GSDet_baseline/pretrain/diffusiondet_r50_fpn_500-proposals_1-step_crop-ms-480-800-450k_coco_new2.pth 

backbone.layer3.3.conv3.weight - torch.Size([1024, 256, 1, 1]): 
PretrainedInit: load from https://www.modelscope.cn/models/wokaikaixinxin/ai4rs/resolve/master/GSDet_baseline/pretrain/diffusiondet_r50_fpn_500-proposals_1-step_crop-ms-480-800-450k_coco_new2.pth 

backbone.layer3.3.bn3.weight - torch.Size([1024]): 
PretrainedInit: load from https://www.modelscope.cn/models/wokaikaixinxin/ai4rs/resolve/master/GSDet_baseline/pretrain/diffusiondet_r50_fpn_500-proposals_1-step_crop-ms-480-800-450k_coco_new2.pth 

backbone.layer3.3.bn3.bias - torch.Size([1024]): 
PretrainedInit: load from https://www.modelscope.cn/models/wokaikaixinxin/ai4rs/resolve/master/GSDet_baseline/pretrain/diffusiondet_r50_fpn_500-proposals_1-step_crop-ms-480-800-450k_coco_new2.pth 

backbone.layer3.4.conv1.weight - torch.Size([256, 1024, 1, 1]): 
PretrainedInit: load from https://www.modelscope.cn/models/wokaikaixinxin/ai4rs/resolve/master/GSDet_baseline/pretrain/diffusiondet_r50_fpn_500-proposals_1-step_crop-ms-480-800-450k_coco_new2.pth 

backbone.layer3.4.bn1.weight - torch.Size([256]): 
PretrainedInit: load from https://www.modelscope.cn/models/wokaikaixinxin/ai4rs/resolve/master/GSDet_baseline/pretrain/diffusiondet_r50_fpn_500-proposals_1-step_crop-ms-480-800-450k_coco_new2.pth 

backbone.layer3.4.bn1.bias - torch.Size([256]): 
PretrainedInit: load from https://www.modelscope.cn/models/wokaikaixinxin/ai4rs/resolve/master/GSDet_baseline/pretrain/diffusiondet_r50_fpn_500-proposals_1-step_crop-ms-480-800-450k_coco_new2.pth 

backbone.layer3.4.conv2.weight - torch.Size([256, 256, 3, 3]): 
PretrainedInit: load from https://www.modelscope.cn/models/wokaikaixinxin/ai4rs/resolve/master/GSDet_baseline/pretrain/diffusiondet_r50_fpn_500-proposals_1-step_crop-ms-480-800-450k_coco_new2.pth 

backbone.layer3.4.bn2.weight - torch.Size([256]): 
PretrainedInit: load from https://www.modelscope.cn/models/wokaikaixinxin/ai4rs/resolve/master/GSDet_baseline/pretrain/diffusiondet_r50_fpn_500-proposals_1-step_crop-ms-480-800-450k_coco_new2.pth 

backbone.layer3.4.bn2.bias - torch.Size([256]): 
PretrainedInit: load from https://www.modelscope.cn/models/wokaikaixinxin/ai4rs/resolve/master/GSDet_baseline/pretrain/diffusiondet_r50_fpn_500-proposals_1-step_crop-ms-480-800-450k_coco_new2.pth 

backbone.layer3.4.conv3.weight - torch.Size([1024, 256, 1, 1]): 
PretrainedInit: load from https://www.modelscope.cn/models/wokaikaixinxin/ai4rs/resolve/master/GSDet_baseline/pretrain/diffusiondet_r50_fpn_500-proposals_1-step_crop-ms-480-800-450k_coco_new2.pth 

backbone.layer3.4.bn3.weight - torch.Size([1024]): 
PretrainedInit: load from https://www.modelscope.cn/models/wokaikaixinxin/ai4rs/resolve/master/GSDet_baseline/pretrain/diffusiondet_r50_fpn_500-proposals_1-step_crop-ms-480-800-450k_coco_new2.pth 

backbone.layer3.4.bn3.bias - torch.Size([1024]): 
PretrainedInit: load from https://www.modelscope.cn/models/wokaikaixinxin/ai4rs/resolve/master/GSDet_baseline/pretrain/diffusiondet_r50_fpn_500-proposals_1-step_crop-ms-480-800-450k_coco_new2.pth 

backbone.layer3.5.conv1.weight - torch.Size([256, 1024, 1, 1]): 
PretrainedInit: load from https://www.modelscope.cn/models/wokaikaixinxin/ai4rs/resolve/master/GSDet_baseline/pretrain/diffusiondet_r50_fpn_500-proposals_1-step_crop-ms-480-800-450k_coco_new2.pth 

backbone.layer3.5.bn1.weight - torch.Size([256]): 
PretrainedInit: load from https://www.modelscope.cn/models/wokaikaixinxin/ai4rs/resolve/master/GSDet_baseline/pretrain/diffusiondet_r50_fpn_500-proposals_1-step_crop-ms-480-800-450k_coco_new2.pth 

backbone.layer3.5.bn1.bias - torch.Size([256]): 
PretrainedInit: load from https://www.modelscope.cn/models/wokaikaixinxin/ai4rs/resolve/master/GSDet_baseline/pretrain/diffusiondet_r50_fpn_500-proposals_1-step_crop-ms-480-800-450k_coco_new2.pth 

backbone.layer3.5.conv2.weight - torch.Size([256, 256, 3, 3]): 
PretrainedInit: load from https://www.modelscope.cn/models/wokaikaixinxin/ai4rs/resolve/master/GSDet_baseline/pretrain/diffusiondet_r50_fpn_500-proposals_1-step_crop-ms-480-800-450k_coco_new2.pth 

backbone.layer3.5.bn2.weight - torch.Size([256]): 
PretrainedInit: load from https://www.modelscope.cn/models/wokaikaixinxin/ai4rs/resolve/master/GSDet_baseline/pretrain/diffusiondet_r50_fpn_500-proposals_1-step_crop-ms-480-800-450k_coco_new2.pth 

backbone.layer3.5.bn2.bias - torch.Size([256]): 
PretrainedInit: load from https://www.modelscope.cn/models/wokaikaixinxin/ai4rs/resolve/master/GSDet_baseline/pretrain/diffusiondet_r50_fpn_500-proposals_1-step_crop-ms-480-800-450k_coco_new2.pth 

backbone.layer3.5.conv3.weight - torch.Size([1024, 256, 1, 1]): 
PretrainedInit: load from https://www.modelscope.cn/models/wokaikaixinxin/ai4rs/resolve/master/GSDet_baseline/pretrain/diffusiondet_r50_fpn_500-proposals_1-step_crop-ms-480-800-450k_coco_new2.pth 

backbone.layer3.5.bn3.weight - torch.Size([1024]): 
PretrainedInit: load from https://www.modelscope.cn/models/wokaikaixinxin/ai4rs/resolve/master/GSDet_baseline/pretrain/diffusiondet_r50_fpn_500-proposals_1-step_crop-ms-480-800-450k_coco_new2.pth 

backbone.layer3.5.bn3.bias - torch.Size([1024]): 
PretrainedInit: load from https://www.modelscope.cn/models/wokaikaixinxin/ai4rs/resolve/master/GSDet_baseline/pretrain/diffusiondet_r50_fpn_500-proposals_1-step_crop-ms-480-800-450k_coco_new2.pth 

backbone.layer4.0.conv1.weight - torch.Size([512, 1024, 1, 1]): 
PretrainedInit: load from https://www.modelscope.cn/models/wokaikaixinxin/ai4rs/resolve/master/GSDet_baseline/pretrain/diffusiondet_r50_fpn_500-proposals_1-step_crop-ms-480-800-450k_coco_new2.pth 

backbone.layer4.0.bn1.weight - torch.Size([512]): 
PretrainedInit: load from https://www.modelscope.cn/models/wokaikaixinxin/ai4rs/resolve/master/GSDet_baseline/pretrain/diffusiondet_r50_fpn_500-proposals_1-step_crop-ms-480-800-450k_coco_new2.pth 

backbone.layer4.0.bn1.bias - torch.Size([512]): 
PretrainedInit: load from https://www.modelscope.cn/models/wokaikaixinxin/ai4rs/resolve/master/GSDet_baseline/pretrain/diffusiondet_r50_fpn_500-proposals_1-step_crop-ms-480-800-450k_coco_new2.pth 

backbone.layer4.0.conv2.weight - torch.Size([512, 512, 3, 3]): 
PretrainedInit: load from https://www.modelscope.cn/models/wokaikaixinxin/ai4rs/resolve/master/GSDet_baseline/pretrain/diffusiondet_r50_fpn_500-proposals_1-step_crop-ms-480-800-450k_coco_new2.pth 

backbone.layer4.0.bn2.weight - torch.Size([512]): 
PretrainedInit: load from https://www.modelscope.cn/models/wokaikaixinxin/ai4rs/resolve/master/GSDet_baseline/pretrain/diffusiondet_r50_fpn_500-proposals_1-step_crop-ms-480-800-450k_coco_new2.pth 

backbone.layer4.0.bn2.bias - torch.Size([512]): 
PretrainedInit: load from https://www.modelscope.cn/models/wokaikaixinxin/ai4rs/resolve/master/GSDet_baseline/pretrain/diffusiondet_r50_fpn_500-proposals_1-step_crop-ms-480-800-450k_coco_new2.pth 

backbone.layer4.0.conv3.weight - torch.Size([2048, 512, 1, 1]): 
PretrainedInit: load from https://www.modelscope.cn/models/wokaikaixinxin/ai4rs/resolve/master/GSDet_baseline/pretrain/diffusiondet_r50_fpn_500-proposals_1-step_crop-ms-480-800-450k_coco_new2.pth 

backbone.layer4.0.bn3.weight - torch.Size([2048]): 
PretrainedInit: load from https://www.modelscope.cn/models/wokaikaixinxin/ai4rs/resolve/master/GSDet_baseline/pretrain/diffusiondet_r50_fpn_500-proposals_1-step_crop-ms-480-800-450k_coco_new2.pth 

backbone.layer4.0.bn3.bias - torch.Size([2048]): 
PretrainedInit: load from https://www.modelscope.cn/models/wokaikaixinxin/ai4rs/resolve/master/GSDet_baseline/pretrain/diffusiondet_r50_fpn_500-proposals_1-step_crop-ms-480-800-450k_coco_new2.pth 

backbone.layer4.0.downsample.0.weight - torch.Size([2048, 1024, 1, 1]): 
PretrainedInit: load from https://www.modelscope.cn/models/wokaikaixinxin/ai4rs/resolve/master/GSDet_baseline/pretrain/diffusiondet_r50_fpn_500-proposals_1-step_crop-ms-480-800-450k_coco_new2.pth 

backbone.layer4.0.downsample.1.weight - torch.Size([2048]): 
PretrainedInit: load from https://www.modelscope.cn/models/wokaikaixinxin/ai4rs/resolve/master/GSDet_baseline/pretrain/diffusiondet_r50_fpn_500-proposals_1-step_crop-ms-480-800-450k_coco_new2.pth 

backbone.layer4.0.downsample.1.bias - torch.Size([2048]): 
PretrainedInit: load from https://www.modelscope.cn/models/wokaikaixinxin/ai4rs/resolve/master/GSDet_baseline/pretrain/diffusiondet_r50_fpn_500-proposals_1-step_crop-ms-480-800-450k_coco_new2.pth 

backbone.layer4.1.conv1.weight - torch.Size([512, 2048, 1, 1]): 
PretrainedInit: load from https://www.modelscope.cn/models/wokaikaixinxin/ai4rs/resolve/master/GSDet_baseline/pretrain/diffusiondet_r50_fpn_500-proposals_1-step_crop-ms-480-800-450k_coco_new2.pth 

backbone.layer4.1.bn1.weight - torch.Size([512]): 
PretrainedInit: load from https://www.modelscope.cn/models/wokaikaixinxin/ai4rs/resolve/master/GSDet_baseline/pretrain/diffusiondet_r50_fpn_500-proposals_1-step_crop-ms-480-800-450k_coco_new2.pth 

backbone.layer4.1.bn1.bias - torch.Size([512]): 
PretrainedInit: load from https://www.modelscope.cn/models/wokaikaixinxin/ai4rs/resolve/master/GSDet_baseline/pretrain/diffusiondet_r50_fpn_500-proposals_1-step_crop-ms-480-800-450k_coco_new2.pth 

backbone.layer4.1.conv2.weight - torch.Size([512, 512, 3, 3]): 
PretrainedInit: load from https://www.modelscope.cn/models/wokaikaixinxin/ai4rs/resolve/master/GSDet_baseline/pretrain/diffusiondet_r50_fpn_500-proposals_1-step_crop-ms-480-800-450k_coco_new2.pth 

backbone.layer4.1.bn2.weight - torch.Size([512]): 
PretrainedInit: load from https://www.modelscope.cn/models/wokaikaixinxin/ai4rs/resolve/master/GSDet_baseline/pretrain/diffusiondet_r50_fpn_500-proposals_1-step_crop-ms-480-800-450k_coco_new2.pth 

backbone.layer4.1.bn2.bias - torch.Size([512]): 
PretrainedInit: load from https://www.modelscope.cn/models/wokaikaixinxin/ai4rs/resolve/master/GSDet_baseline/pretrain/diffusiondet_r50_fpn_500-proposals_1-step_crop-ms-480-800-450k_coco_new2.pth 

backbone.layer4.1.conv3.weight - torch.Size([2048, 512, 1, 1]): 
PretrainedInit: load from https://www.modelscope.cn/models/wokaikaixinxin/ai4rs/resolve/master/GSDet_baseline/pretrain/diffusiondet_r50_fpn_500-proposals_1-step_crop-ms-480-800-450k_coco_new2.pth 

backbone.layer4.1.bn3.weight - torch.Size([2048]): 
PretrainedInit: load from https://www.modelscope.cn/models/wokaikaixinxin/ai4rs/resolve/master/GSDet_baseline/pretrain/diffusiondet_r50_fpn_500-proposals_1-step_crop-ms-480-800-450k_coco_new2.pth 

backbone.layer4.1.bn3.bias - torch.Size([2048]): 
PretrainedInit: load from https://www.modelscope.cn/models/wokaikaixinxin/ai4rs/resolve/master/GSDet_baseline/pretrain/diffusiondet_r50_fpn_500-proposals_1-step_crop-ms-480-800-450k_coco_new2.pth 

backbone.layer4.2.conv1.weight - torch.Size([512, 2048, 1, 1]): 
PretrainedInit: load from https://www.modelscope.cn/models/wokaikaixinxin/ai4rs/resolve/master/GSDet_baseline/pretrain/diffusiondet_r50_fpn_500-proposals_1-step_crop-ms-480-800-450k_coco_new2.pth 

backbone.layer4.2.bn1.weight - torch.Size([512]): 
PretrainedInit: load from https://www.modelscope.cn/models/wokaikaixinxin/ai4rs/resolve/master/GSDet_baseline/pretrain/diffusiondet_r50_fpn_500-proposals_1-step_crop-ms-480-800-450k_coco_new2.pth 

backbone.layer4.2.bn1.bias - torch.Size([512]): 
PretrainedInit: load from https://www.modelscope.cn/models/wokaikaixinxin/ai4rs/resolve/master/GSDet_baseline/pretrain/diffusiondet_r50_fpn_500-proposals_1-step_crop-ms-480-800-450k_coco_new2.pth 

backbone.layer4.2.conv2.weight - torch.Size([512, 512, 3, 3]): 
PretrainedInit: load from https://www.modelscope.cn/models/wokaikaixinxin/ai4rs/resolve/master/GSDet_baseline/pretrain/diffusiondet_r50_fpn_500-proposals_1-step_crop-ms-480-800-450k_coco_new2.pth 

backbone.layer4.2.bn2.weight - torch.Size([512]): 
PretrainedInit: load from https://www.modelscope.cn/models/wokaikaixinxin/ai4rs/resolve/master/GSDet_baseline/pretrain/diffusiondet_r50_fpn_500-proposals_1-step_crop-ms-480-800-450k_coco_new2.pth 

backbone.layer4.2.bn2.bias - torch.Size([512]): 
PretrainedInit: load from https://www.modelscope.cn/models/wokaikaixinxin/ai4rs/resolve/master/GSDet_baseline/pretrain/diffusiondet_r50_fpn_500-proposals_1-step_crop-ms-480-800-450k_coco_new2.pth 

backbone.layer4.2.conv3.weight - torch.Size([2048, 512, 1, 1]): 
PretrainedInit: load from https://www.modelscope.cn/models/wokaikaixinxin/ai4rs/resolve/master/GSDet_baseline/pretrain/diffusiondet_r50_fpn_500-proposals_1-step_crop-ms-480-800-450k_coco_new2.pth 

backbone.layer4.2.bn3.weight - torch.Size([2048]): 
PretrainedInit: load from https://www.modelscope.cn/models/wokaikaixinxin/ai4rs/resolve/master/GSDet_baseline/pretrain/diffusiondet_r50_fpn_500-proposals_1-step_crop-ms-480-800-450k_coco_new2.pth 

backbone.layer4.2.bn3.bias - torch.Size([2048]): 
PretrainedInit: load from https://www.modelscope.cn/models/wokaikaixinxin/ai4rs/resolve/master/GSDet_baseline/pretrain/diffusiondet_r50_fpn_500-proposals_1-step_crop-ms-480-800-450k_coco_new2.pth 

neck.lateral_convs.0.conv.weight - torch.Size([256, 256, 1, 1]): 
PretrainedInit: load from https://www.modelscope.cn/models/wokaikaixinxin/ai4rs/resolve/master/GSDet_baseline/pretrain/diffusiondet_r50_fpn_500-proposals_1-step_crop-ms-480-800-450k_coco_new2.pth 

neck.lateral_convs.0.conv.bias - torch.Size([256]): 
PretrainedInit: load from https://www.modelscope.cn/models/wokaikaixinxin/ai4rs/resolve/master/GSDet_baseline/pretrain/diffusiondet_r50_fpn_500-proposals_1-step_crop-ms-480-800-450k_coco_new2.pth 

neck.lateral_convs.1.conv.weight - torch.Size([256, 512, 1, 1]): 
PretrainedInit: load from https://www.modelscope.cn/models/wokaikaixinxin/ai4rs/resolve/master/GSDet_baseline/pretrain/diffusiondet_r50_fpn_500-proposals_1-step_crop-ms-480-800-450k_coco_new2.pth 

neck.lateral_convs.1.conv.bias - torch.Size([256]): 
PretrainedInit: load from https://www.modelscope.cn/models/wokaikaixinxin/ai4rs/resolve/master/GSDet_baseline/pretrain/diffusiondet_r50_fpn_500-proposals_1-step_crop-ms-480-800-450k_coco_new2.pth 

neck.lateral_convs.2.conv.weight - torch.Size([256, 1024, 1, 1]): 
PretrainedInit: load from https://www.modelscope.cn/models/wokaikaixinxin/ai4rs/resolve/master/GSDet_baseline/pretrain/diffusiondet_r50_fpn_500-proposals_1-step_crop-ms-480-800-450k_coco_new2.pth 

neck.lateral_convs.2.conv.bias - torch.Size([256]): 
PretrainedInit: load from https://www.modelscope.cn/models/wokaikaixinxin/ai4rs/resolve/master/GSDet_baseline/pretrain/diffusiondet_r50_fpn_500-proposals_1-step_crop-ms-480-800-450k_coco_new2.pth 

neck.lateral_convs.3.conv.weight - torch.Size([256, 2048, 1, 1]): 
PretrainedInit: load from https://www.modelscope.cn/models/wokaikaixinxin/ai4rs/resolve/master/GSDet_baseline/pretrain/diffusiondet_r50_fpn_500-proposals_1-step_crop-ms-480-800-450k_coco_new2.pth 

neck.lateral_convs.3.conv.bias - torch.Size([256]): 
PretrainedInit: load from https://www.modelscope.cn/models/wokaikaixinxin/ai4rs/resolve/master/GSDet_baseline/pretrain/diffusiondet_r50_fpn_500-proposals_1-step_crop-ms-480-800-450k_coco_new2.pth 

neck.fpn_convs.0.conv.weight - torch.Size([256, 256, 3, 3]): 
PretrainedInit: load from https://www.modelscope.cn/models/wokaikaixinxin/ai4rs/resolve/master/GSDet_baseline/pretrain/diffusiondet_r50_fpn_500-proposals_1-step_crop-ms-480-800-450k_coco_new2.pth 

neck.fpn_convs.0.conv.bias - torch.Size([256]): 
PretrainedInit: load from https://www.modelscope.cn/models/wokaikaixinxin/ai4rs/resolve/master/GSDet_baseline/pretrain/diffusiondet_r50_fpn_500-proposals_1-step_crop-ms-480-800-450k_coco_new2.pth 

neck.fpn_convs.1.conv.weight - torch.Size([256, 256, 3, 3]): 
PretrainedInit: load from https://www.modelscope.cn/models/wokaikaixinxin/ai4rs/resolve/master/GSDet_baseline/pretrain/diffusiondet_r50_fpn_500-proposals_1-step_crop-ms-480-800-450k_coco_new2.pth 

neck.fpn_convs.1.conv.bias - torch.Size([256]): 
PretrainedInit: load from https://www.modelscope.cn/models/wokaikaixinxin/ai4rs/resolve/master/GSDet_baseline/pretrain/diffusiondet_r50_fpn_500-proposals_1-step_crop-ms-480-800-450k_coco_new2.pth 

neck.fpn_convs.2.conv.weight - torch.Size([256, 256, 3, 3]): 
PretrainedInit: load from https://www.modelscope.cn/models/wokaikaixinxin/ai4rs/resolve/master/GSDet_baseline/pretrain/diffusiondet_r50_fpn_500-proposals_1-step_crop-ms-480-800-450k_coco_new2.pth 

neck.fpn_convs.2.conv.bias - torch.Size([256]): 
PretrainedInit: load from https://www.modelscope.cn/models/wokaikaixinxin/ai4rs/resolve/master/GSDet_baseline/pretrain/diffusiondet_r50_fpn_500-proposals_1-step_crop-ms-480-800-450k_coco_new2.pth 

neck.fpn_convs.3.conv.weight - torch.Size([256, 256, 3, 3]): 
PretrainedInit: load from https://www.modelscope.cn/models/wokaikaixinxin/ai4rs/resolve/master/GSDet_baseline/pretrain/diffusiondet_r50_fpn_500-proposals_1-step_crop-ms-480-800-450k_coco_new2.pth 

neck.fpn_convs.3.conv.bias - torch.Size([256]): 
PretrainedInit: load from https://www.modelscope.cn/models/wokaikaixinxin/ai4rs/resolve/master/GSDet_baseline/pretrain/diffusiondet_r50_fpn_500-proposals_1-step_crop-ms-480-800-450k_coco_new2.pth 

rpn_head.head_series.0.self_attn.in_proj_weight - torch.Size([768, 256]): 
PretrainedInit: load from https://www.modelscope.cn/models/wokaikaixinxin/ai4rs/resolve/master/GSDet_baseline/pretrain/diffusiondet_r50_fpn_500-proposals_1-step_crop-ms-480-800-450k_coco_new2.pth 

rpn_head.head_series.0.self_attn.in_proj_bias - torch.Size([768]): 
PretrainedInit: load from https://www.modelscope.cn/models/wokaikaixinxin/ai4rs/resolve/master/GSDet_baseline/pretrain/diffusiondet_r50_fpn_500-proposals_1-step_crop-ms-480-800-450k_coco_new2.pth 

rpn_head.head_series.0.self_attn.out_proj.weight - torch.Size([256, 256]): 
PretrainedInit: load from https://www.modelscope.cn/models/wokaikaixinxin/ai4rs/resolve/master/GSDet_baseline/pretrain/diffusiondet_r50_fpn_500-proposals_1-step_crop-ms-480-800-450k_coco_new2.pth 

rpn_head.head_series.0.self_attn.out_proj.bias - torch.Size([256]): 
PretrainedInit: load from https://www.modelscope.cn/models/wokaikaixinxin/ai4rs/resolve/master/GSDet_baseline/pretrain/diffusiondet_r50_fpn_500-proposals_1-step_crop-ms-480-800-450k_coco_new2.pth 

rpn_head.head_series.0.inst_interact.dynamic_layer.weight - torch.Size([32768, 256]): 
PretrainedInit: load from https://www.modelscope.cn/models/wokaikaixinxin/ai4rs/resolve/master/GSDet_baseline/pretrain/diffusiondet_r50_fpn_500-proposals_1-step_crop-ms-480-800-450k_coco_new2.pth 

rpn_head.head_series.0.inst_interact.dynamic_layer.bias - torch.Size([32768]): 
PretrainedInit: load from https://www.modelscope.cn/models/wokaikaixinxin/ai4rs/resolve/master/GSDet_baseline/pretrain/diffusiondet_r50_fpn_500-proposals_1-step_crop-ms-480-800-450k_coco_new2.pth 

rpn_head.head_series.0.inst_interact.norm1.weight - torch.Size([64]): 
PretrainedInit: load from https://www.modelscope.cn/models/wokaikaixinxin/ai4rs/resolve/master/GSDet_baseline/pretrain/diffusiondet_r50_fpn_500-proposals_1-step_crop-ms-480-800-450k_coco_new2.pth 

rpn_head.head_series.0.inst_interact.norm1.bias - torch.Size([64]): 
PretrainedInit: load from https://www.modelscope.cn/models/wokaikaixinxin/ai4rs/resolve/master/GSDet_baseline/pretrain/diffusiondet_r50_fpn_500-proposals_1-step_crop-ms-480-800-450k_coco_new2.pth 

rpn_head.head_series.0.inst_interact.norm2.weight - torch.Size([256]): 
PretrainedInit: load from https://www.modelscope.cn/models/wokaikaixinxin/ai4rs/resolve/master/GSDet_baseline/pretrain/diffusiondet_r50_fpn_500-proposals_1-step_crop-ms-480-800-450k_coco_new2.pth 

rpn_head.head_series.0.inst_interact.norm2.bias - torch.Size([256]): 
PretrainedInit: load from https://www.modelscope.cn/models/wokaikaixinxin/ai4rs/resolve/master/GSDet_baseline/pretrain/diffusiondet_r50_fpn_500-proposals_1-step_crop-ms-480-800-450k_coco_new2.pth 

rpn_head.head_series.0.inst_interact.out_layer.weight - torch.Size([256, 12544]): 
PretrainedInit: load from https://www.modelscope.cn/models/wokaikaixinxin/ai4rs/resolve/master/GSDet_baseline/pretrain/diffusiondet_r50_fpn_500-proposals_1-step_crop-ms-480-800-450k_coco_new2.pth 

rpn_head.head_series.0.inst_interact.out_layer.bias - torch.Size([256]): 
PretrainedInit: load from https://www.modelscope.cn/models/wokaikaixinxin/ai4rs/resolve/master/GSDet_baseline/pretrain/diffusiondet_r50_fpn_500-proposals_1-step_crop-ms-480-800-450k_coco_new2.pth 

rpn_head.head_series.0.inst_interact.norm3.weight - torch.Size([256]): 
PretrainedInit: load from https://www.modelscope.cn/models/wokaikaixinxin/ai4rs/resolve/master/GSDet_baseline/pretrain/diffusiondet_r50_fpn_500-proposals_1-step_crop-ms-480-800-450k_coco_new2.pth 

rpn_head.head_series.0.inst_interact.norm3.bias - torch.Size([256]): 
PretrainedInit: load from https://www.modelscope.cn/models/wokaikaixinxin/ai4rs/resolve/master/GSDet_baseline/pretrain/diffusiondet_r50_fpn_500-proposals_1-step_crop-ms-480-800-450k_coco_new2.pth 

rpn_head.head_series.0.linear1.weight - torch.Size([2048, 256]): 
PretrainedInit: load from https://www.modelscope.cn/models/wokaikaixinxin/ai4rs/resolve/master/GSDet_baseline/pretrain/diffusiondet_r50_fpn_500-proposals_1-step_crop-ms-480-800-450k_coco_new2.pth 

rpn_head.head_series.0.linear1.bias - torch.Size([2048]): 
PretrainedInit: load from https://www.modelscope.cn/models/wokaikaixinxin/ai4rs/resolve/master/GSDet_baseline/pretrain/diffusiondet_r50_fpn_500-proposals_1-step_crop-ms-480-800-450k_coco_new2.pth 

rpn_head.head_series.0.linear2.weight - torch.Size([256, 2048]): 
PretrainedInit: load from https://www.modelscope.cn/models/wokaikaixinxin/ai4rs/resolve/master/GSDet_baseline/pretrain/diffusiondet_r50_fpn_500-proposals_1-step_crop-ms-480-800-450k_coco_new2.pth 

rpn_head.head_series.0.linear2.bias - torch.Size([256]): 
PretrainedInit: load from https://www.modelscope.cn/models/wokaikaixinxin/ai4rs/resolve/master/GSDet_baseline/pretrain/diffusiondet_r50_fpn_500-proposals_1-step_crop-ms-480-800-450k_coco_new2.pth 

rpn_head.head_series.0.norm1.weight - torch.Size([256]): 
PretrainedInit: load from https://www.modelscope.cn/models/wokaikaixinxin/ai4rs/resolve/master/GSDet_baseline/pretrain/diffusiondet_r50_fpn_500-proposals_1-step_crop-ms-480-800-450k_coco_new2.pth 

rpn_head.head_series.0.norm1.bias - torch.Size([256]): 
PretrainedInit: load from https://www.modelscope.cn/models/wokaikaixinxin/ai4rs/resolve/master/GSDet_baseline/pretrain/diffusiondet_r50_fpn_500-proposals_1-step_crop-ms-480-800-450k_coco_new2.pth 

rpn_head.head_series.0.norm2.weight - torch.Size([256]): 
PretrainedInit: load from https://www.modelscope.cn/models/wokaikaixinxin/ai4rs/resolve/master/GSDet_baseline/pretrain/diffusiondet_r50_fpn_500-proposals_1-step_crop-ms-480-800-450k_coco_new2.pth 

rpn_head.head_series.0.norm2.bias - torch.Size([256]): 
PretrainedInit: load from https://www.modelscope.cn/models/wokaikaixinxin/ai4rs/resolve/master/GSDet_baseline/pretrain/diffusiondet_r50_fpn_500-proposals_1-step_crop-ms-480-800-450k_coco_new2.pth 

rpn_head.head_series.0.norm3.weight - torch.Size([256]): 
PretrainedInit: load from https://www.modelscope.cn/models/wokaikaixinxin/ai4rs/resolve/master/GSDet_baseline/pretrain/diffusiondet_r50_fpn_500-proposals_1-step_crop-ms-480-800-450k_coco_new2.pth 

rpn_head.head_series.0.norm3.bias - torch.Size([256]): 
PretrainedInit: load from https://www.modelscope.cn/models/wokaikaixinxin/ai4rs/resolve/master/GSDet_baseline/pretrain/diffusiondet_r50_fpn_500-proposals_1-step_crop-ms-480-800-450k_coco_new2.pth 

rpn_head.head_series.0.cls_module.0.weight - torch.Size([256, 256]): 
PretrainedInit: load from https://www.modelscope.cn/models/wokaikaixinxin/ai4rs/resolve/master/GSDet_baseline/pretrain/diffusiondet_r50_fpn_500-proposals_1-step_crop-ms-480-800-450k_coco_new2.pth 

rpn_head.head_series.0.cls_module.1.weight - torch.Size([256]): 
PretrainedInit: load from https://www.modelscope.cn/models/wokaikaixinxin/ai4rs/resolve/master/GSDet_baseline/pretrain/diffusiondet_r50_fpn_500-proposals_1-step_crop-ms-480-800-450k_coco_new2.pth 

rpn_head.head_series.0.cls_module.1.bias - torch.Size([256]): 
PretrainedInit: load from https://www.modelscope.cn/models/wokaikaixinxin/ai4rs/resolve/master/GSDet_baseline/pretrain/diffusiondet_r50_fpn_500-proposals_1-step_crop-ms-480-800-450k_coco_new2.pth 

rpn_head.head_series.0.reg_module.0.weight - torch.Size([256, 256]): 
PretrainedInit: load from https://www.modelscope.cn/models/wokaikaixinxin/ai4rs/resolve/master/GSDet_baseline/pretrain/diffusiondet_r50_fpn_500-proposals_1-step_crop-ms-480-800-450k_coco_new2.pth 

rpn_head.head_series.0.reg_module.1.weight - torch.Size([256]): 
PretrainedInit: load from https://www.modelscope.cn/models/wokaikaixinxin/ai4rs/resolve/master/GSDet_baseline/pretrain/diffusiondet_r50_fpn_500-proposals_1-step_crop-ms-480-800-450k_coco_new2.pth 

rpn_head.head_series.0.reg_module.1.bias - torch.Size([256]): 
PretrainedInit: load from https://www.modelscope.cn/models/wokaikaixinxin/ai4rs/resolve/master/GSDet_baseline/pretrain/diffusiondet_r50_fpn_500-proposals_1-step_crop-ms-480-800-450k_coco_new2.pth 

rpn_head.head_series.0.reg_module.3.weight - torch.Size([256, 256]): 
PretrainedInit: load from https://www.modelscope.cn/models/wokaikaixinxin/ai4rs/resolve/master/GSDet_baseline/pretrain/diffusiondet_r50_fpn_500-proposals_1-step_crop-ms-480-800-450k_coco_new2.pth 

rpn_head.head_series.0.reg_module.4.weight - torch.Size([256]): 
PretrainedInit: load from https://www.modelscope.cn/models/wokaikaixinxin/ai4rs/resolve/master/GSDet_baseline/pretrain/diffusiondet_r50_fpn_500-proposals_1-step_crop-ms-480-800-450k_coco_new2.pth 

rpn_head.head_series.0.reg_module.4.bias - torch.Size([256]): 
PretrainedInit: load from https://www.modelscope.cn/models/wokaikaixinxin/ai4rs/resolve/master/GSDet_baseline/pretrain/diffusiondet_r50_fpn_500-proposals_1-step_crop-ms-480-800-450k_coco_new2.pth 

rpn_head.head_series.0.reg_module.6.weight - torch.Size([256, 256]): 
PretrainedInit: load from https://www.modelscope.cn/models/wokaikaixinxin/ai4rs/resolve/master/GSDet_baseline/pretrain/diffusiondet_r50_fpn_500-proposals_1-step_crop-ms-480-800-450k_coco_new2.pth 

rpn_head.head_series.0.reg_module.7.weight - torch.Size([256]): 
PretrainedInit: load from https://www.modelscope.cn/models/wokaikaixinxin/ai4rs/resolve/master/GSDet_baseline/pretrain/diffusiondet_r50_fpn_500-proposals_1-step_crop-ms-480-800-450k_coco_new2.pth 

rpn_head.head_series.0.reg_module.7.bias - torch.Size([256]): 
PretrainedInit: load from https://www.modelscope.cn/models/wokaikaixinxin/ai4rs/resolve/master/GSDet_baseline/pretrain/diffusiondet_r50_fpn_500-proposals_1-step_crop-ms-480-800-450k_coco_new2.pth 

rpn_head.head_series.0.class_logits.weight - torch.Size([37, 256]): 
The value is the same before and after calling `init_weights` of GSDet  

rpn_head.head_series.0.class_logits.bias - torch.Size([37]): 
The value is the same before and after calling `init_weights` of GSDet  

rpn_head.head_series.0.bboxes_delta.weight - torch.Size([4, 256]): 
PretrainedInit: load from https://www.modelscope.cn/models/wokaikaixinxin/ai4rs/resolve/master/GSDet_baseline/pretrain/diffusiondet_r50_fpn_500-proposals_1-step_crop-ms-480-800-450k_coco_new2.pth 

rpn_head.head_series.0.bboxes_delta.bias - torch.Size([4]): 
PretrainedInit: load from https://www.modelscope.cn/models/wokaikaixinxin/ai4rs/resolve/master/GSDet_baseline/pretrain/diffusiondet_r50_fpn_500-proposals_1-step_crop-ms-480-800-450k_coco_new2.pth 

rpn_head.head_series.1.self_attn.in_proj_weight - torch.Size([768, 256]): 
PretrainedInit: load from https://www.modelscope.cn/models/wokaikaixinxin/ai4rs/resolve/master/GSDet_baseline/pretrain/diffusiondet_r50_fpn_500-proposals_1-step_crop-ms-480-800-450k_coco_new2.pth 

rpn_head.head_series.1.self_attn.in_proj_bias - torch.Size([768]): 
PretrainedInit: load from https://www.modelscope.cn/models/wokaikaixinxin/ai4rs/resolve/master/GSDet_baseline/pretrain/diffusiondet_r50_fpn_500-proposals_1-step_crop-ms-480-800-450k_coco_new2.pth 

rpn_head.head_series.1.self_attn.out_proj.weight - torch.Size([256, 256]): 
PretrainedInit: load from https://www.modelscope.cn/models/wokaikaixinxin/ai4rs/resolve/master/GSDet_baseline/pretrain/diffusiondet_r50_fpn_500-proposals_1-step_crop-ms-480-800-450k_coco_new2.pth 

rpn_head.head_series.1.self_attn.out_proj.bias - torch.Size([256]): 
PretrainedInit: load from https://www.modelscope.cn/models/wokaikaixinxin/ai4rs/resolve/master/GSDet_baseline/pretrain/diffusiondet_r50_fpn_500-proposals_1-step_crop-ms-480-800-450k_coco_new2.pth 

rpn_head.head_series.1.inst_interact.dynamic_layer.weight - torch.Size([32768, 256]): 
PretrainedInit: load from https://www.modelscope.cn/models/wokaikaixinxin/ai4rs/resolve/master/GSDet_baseline/pretrain/diffusiondet_r50_fpn_500-proposals_1-step_crop-ms-480-800-450k_coco_new2.pth 

rpn_head.head_series.1.inst_interact.dynamic_layer.bias - torch.Size([32768]): 
PretrainedInit: load from https://www.modelscope.cn/models/wokaikaixinxin/ai4rs/resolve/master/GSDet_baseline/pretrain/diffusiondet_r50_fpn_500-proposals_1-step_crop-ms-480-800-450k_coco_new2.pth 

rpn_head.head_series.1.inst_interact.norm1.weight - torch.Size([64]): 
PretrainedInit: load from https://www.modelscope.cn/models/wokaikaixinxin/ai4rs/resolve/master/GSDet_baseline/pretrain/diffusiondet_r50_fpn_500-proposals_1-step_crop-ms-480-800-450k_coco_new2.pth 

rpn_head.head_series.1.inst_interact.norm1.bias - torch.Size([64]): 
PretrainedInit: load from https://www.modelscope.cn/models/wokaikaixinxin/ai4rs/resolve/master/GSDet_baseline/pretrain/diffusiondet_r50_fpn_500-proposals_1-step_crop-ms-480-800-450k_coco_new2.pth 

rpn_head.head_series.1.inst_interact.norm2.weight - torch.Size([256]): 
PretrainedInit: load from https://www.modelscope.cn/models/wokaikaixinxin/ai4rs/resolve/master/GSDet_baseline/pretrain/diffusiondet_r50_fpn_500-proposals_1-step_crop-ms-480-800-450k_coco_new2.pth 

rpn_head.head_series.1.inst_interact.norm2.bias - torch.Size([256]): 
PretrainedInit: load from https://www.modelscope.cn/models/wokaikaixinxin/ai4rs/resolve/master/GSDet_baseline/pretrain/diffusiondet_r50_fpn_500-proposals_1-step_crop-ms-480-800-450k_coco_new2.pth 

rpn_head.head_series.1.inst_interact.out_layer.weight - torch.Size([256, 12544]): 
PretrainedInit: load from https://www.modelscope.cn/models/wokaikaixinxin/ai4rs/resolve/master/GSDet_baseline/pretrain/diffusiondet_r50_fpn_500-proposals_1-step_crop-ms-480-800-450k_coco_new2.pth 

rpn_head.head_series.1.inst_interact.out_layer.bias - torch.Size([256]): 
PretrainedInit: load from https://www.modelscope.cn/models/wokaikaixinxin/ai4rs/resolve/master/GSDet_baseline/pretrain/diffusiondet_r50_fpn_500-proposals_1-step_crop-ms-480-800-450k_coco_new2.pth 

rpn_head.head_series.1.inst_interact.norm3.weight - torch.Size([256]): 
PretrainedInit: load from https://www.modelscope.cn/models/wokaikaixinxin/ai4rs/resolve/master/GSDet_baseline/pretrain/diffusiondet_r50_fpn_500-proposals_1-step_crop-ms-480-800-450k_coco_new2.pth 

rpn_head.head_series.1.inst_interact.norm3.bias - torch.Size([256]): 
PretrainedInit: load from https://www.modelscope.cn/models/wokaikaixinxin/ai4rs/resolve/master/GSDet_baseline/pretrain/diffusiondet_r50_fpn_500-proposals_1-step_crop-ms-480-800-450k_coco_new2.pth 

rpn_head.head_series.1.linear1.weight - torch.Size([2048, 256]): 
PretrainedInit: load from https://www.modelscope.cn/models/wokaikaixinxin/ai4rs/resolve/master/GSDet_baseline/pretrain/diffusiondet_r50_fpn_500-proposals_1-step_crop-ms-480-800-450k_coco_new2.pth 

rpn_head.head_series.1.linear1.bias - torch.Size([2048]): 
PretrainedInit: load from https://www.modelscope.cn/models/wokaikaixinxin/ai4rs/resolve/master/GSDet_baseline/pretrain/diffusiondet_r50_fpn_500-proposals_1-step_crop-ms-480-800-450k_coco_new2.pth 

rpn_head.head_series.1.linear2.weight - torch.Size([256, 2048]): 
PretrainedInit: load from https://www.modelscope.cn/models/wokaikaixinxin/ai4rs/resolve/master/GSDet_baseline/pretrain/diffusiondet_r50_fpn_500-proposals_1-step_crop-ms-480-800-450k_coco_new2.pth 

rpn_head.head_series.1.linear2.bias - torch.Size([256]): 
PretrainedInit: load from https://www.modelscope.cn/models/wokaikaixinxin/ai4rs/resolve/master/GSDet_baseline/pretrain/diffusiondet_r50_fpn_500-proposals_1-step_crop-ms-480-800-450k_coco_new2.pth 

rpn_head.head_series.1.norm1.weight - torch.Size([256]): 
PretrainedInit: load from https://www.modelscope.cn/models/wokaikaixinxin/ai4rs/resolve/master/GSDet_baseline/pretrain/diffusiondet_r50_fpn_500-proposals_1-step_crop-ms-480-800-450k_coco_new2.pth 

rpn_head.head_series.1.norm1.bias - torch.Size([256]): 
PretrainedInit: load from https://www.modelscope.cn/models/wokaikaixinxin/ai4rs/resolve/master/GSDet_baseline/pretrain/diffusiondet_r50_fpn_500-proposals_1-step_crop-ms-480-800-450k_coco_new2.pth 

rpn_head.head_series.1.norm2.weight - torch.Size([256]): 
PretrainedInit: load from https://www.modelscope.cn/models/wokaikaixinxin/ai4rs/resolve/master/GSDet_baseline/pretrain/diffusiondet_r50_fpn_500-proposals_1-step_crop-ms-480-800-450k_coco_new2.pth 

rpn_head.head_series.1.norm2.bias - torch.Size([256]): 
PretrainedInit: load from https://www.modelscope.cn/models/wokaikaixinxin/ai4rs/resolve/master/GSDet_baseline/pretrain/diffusiondet_r50_fpn_500-proposals_1-step_crop-ms-480-800-450k_coco_new2.pth 

rpn_head.head_series.1.norm3.weight - torch.Size([256]): 
PretrainedInit: load from https://www.modelscope.cn/models/wokaikaixinxin/ai4rs/resolve/master/GSDet_baseline/pretrain/diffusiondet_r50_fpn_500-proposals_1-step_crop-ms-480-800-450k_coco_new2.pth 

rpn_head.head_series.1.norm3.bias - torch.Size([256]): 
PretrainedInit: load from https://www.modelscope.cn/models/wokaikaixinxin/ai4rs/resolve/master/GSDet_baseline/pretrain/diffusiondet_r50_fpn_500-proposals_1-step_crop-ms-480-800-450k_coco_new2.pth 

rpn_head.head_series.1.cls_module.0.weight - torch.Size([256, 256]): 
PretrainedInit: load from https://www.modelscope.cn/models/wokaikaixinxin/ai4rs/resolve/master/GSDet_baseline/pretrain/diffusiondet_r50_fpn_500-proposals_1-step_crop-ms-480-800-450k_coco_new2.pth 

rpn_head.head_series.1.cls_module.1.weight - torch.Size([256]): 
PretrainedInit: load from https://www.modelscope.cn/models/wokaikaixinxin/ai4rs/resolve/master/GSDet_baseline/pretrain/diffusiondet_r50_fpn_500-proposals_1-step_crop-ms-480-800-450k_coco_new2.pth 

rpn_head.head_series.1.cls_module.1.bias - torch.Size([256]): 
PretrainedInit: load from https://www.modelscope.cn/models/wokaikaixinxin/ai4rs/resolve/master/GSDet_baseline/pretrain/diffusiondet_r50_fpn_500-proposals_1-step_crop-ms-480-800-450k_coco_new2.pth 

rpn_head.head_series.1.reg_module.0.weight - torch.Size([256, 256]): 
PretrainedInit: load from https://www.modelscope.cn/models/wokaikaixinxin/ai4rs/resolve/master/GSDet_baseline/pretrain/diffusiondet_r50_fpn_500-proposals_1-step_crop-ms-480-800-450k_coco_new2.pth 

rpn_head.head_series.1.reg_module.1.weight - torch.Size([256]): 
PretrainedInit: load from https://www.modelscope.cn/models/wokaikaixinxin/ai4rs/resolve/master/GSDet_baseline/pretrain/diffusiondet_r50_fpn_500-proposals_1-step_crop-ms-480-800-450k_coco_new2.pth 

rpn_head.head_series.1.reg_module.1.bias - torch.Size([256]): 
PretrainedInit: load from https://www.modelscope.cn/models/wokaikaixinxin/ai4rs/resolve/master/GSDet_baseline/pretrain/diffusiondet_r50_fpn_500-proposals_1-step_crop-ms-480-800-450k_coco_new2.pth 

rpn_head.head_series.1.reg_module.3.weight - torch.Size([256, 256]): 
PretrainedInit: load from https://www.modelscope.cn/models/wokaikaixinxin/ai4rs/resolve/master/GSDet_baseline/pretrain/diffusiondet_r50_fpn_500-proposals_1-step_crop-ms-480-800-450k_coco_new2.pth 

rpn_head.head_series.1.reg_module.4.weight - torch.Size([256]): 
PretrainedInit: load from https://www.modelscope.cn/models/wokaikaixinxin/ai4rs/resolve/master/GSDet_baseline/pretrain/diffusiondet_r50_fpn_500-proposals_1-step_crop-ms-480-800-450k_coco_new2.pth 

rpn_head.head_series.1.reg_module.4.bias - torch.Size([256]): 
PretrainedInit: load from https://www.modelscope.cn/models/wokaikaixinxin/ai4rs/resolve/master/GSDet_baseline/pretrain/diffusiondet_r50_fpn_500-proposals_1-step_crop-ms-480-800-450k_coco_new2.pth 

rpn_head.head_series.1.reg_module.6.weight - torch.Size([256, 256]): 
PretrainedInit: load from https://www.modelscope.cn/models/wokaikaixinxin/ai4rs/resolve/master/GSDet_baseline/pretrain/diffusiondet_r50_fpn_500-proposals_1-step_crop-ms-480-800-450k_coco_new2.pth 

rpn_head.head_series.1.reg_module.7.weight - torch.Size([256]): 
PretrainedInit: load from https://www.modelscope.cn/models/wokaikaixinxin/ai4rs/resolve/master/GSDet_baseline/pretrain/diffusiondet_r50_fpn_500-proposals_1-step_crop-ms-480-800-450k_coco_new2.pth 

rpn_head.head_series.1.reg_module.7.bias - torch.Size([256]): 
PretrainedInit: load from https://www.modelscope.cn/models/wokaikaixinxin/ai4rs/resolve/master/GSDet_baseline/pretrain/diffusiondet_r50_fpn_500-proposals_1-step_crop-ms-480-800-450k_coco_new2.pth 

rpn_head.head_series.1.class_logits.weight - torch.Size([37, 256]): 
The value is the same before and after calling `init_weights` of GSDet  

rpn_head.head_series.1.class_logits.bias - torch.Size([37]): 
The value is the same before and after calling `init_weights` of GSDet  

rpn_head.head_series.1.bboxes_delta.weight - torch.Size([4, 256]): 
PretrainedInit: load from https://www.modelscope.cn/models/wokaikaixinxin/ai4rs/resolve/master/GSDet_baseline/pretrain/diffusiondet_r50_fpn_500-proposals_1-step_crop-ms-480-800-450k_coco_new2.pth 

rpn_head.head_series.1.bboxes_delta.bias - torch.Size([4]): 
PretrainedInit: load from https://www.modelscope.cn/models/wokaikaixinxin/ai4rs/resolve/master/GSDet_baseline/pretrain/diffusiondet_r50_fpn_500-proposals_1-step_crop-ms-480-800-450k_coco_new2.pth 

rpn_head.head_series.2.self_attn.in_proj_weight - torch.Size([768, 256]): 
PretrainedInit: load from https://www.modelscope.cn/models/wokaikaixinxin/ai4rs/resolve/master/GSDet_baseline/pretrain/diffusiondet_r50_fpn_500-proposals_1-step_crop-ms-480-800-450k_coco_new2.pth 

rpn_head.head_series.2.self_attn.in_proj_bias - torch.Size([768]): 
PretrainedInit: load from https://www.modelscope.cn/models/wokaikaixinxin/ai4rs/resolve/master/GSDet_baseline/pretrain/diffusiondet_r50_fpn_500-proposals_1-step_crop-ms-480-800-450k_coco_new2.pth 

rpn_head.head_series.2.self_attn.out_proj.weight - torch.Size([256, 256]): 
PretrainedInit: load from https://www.modelscope.cn/models/wokaikaixinxin/ai4rs/resolve/master/GSDet_baseline/pretrain/diffusiondet_r50_fpn_500-proposals_1-step_crop-ms-480-800-450k_coco_new2.pth 

rpn_head.head_series.2.self_attn.out_proj.bias - torch.Size([256]): 
PretrainedInit: load from https://www.modelscope.cn/models/wokaikaixinxin/ai4rs/resolve/master/GSDet_baseline/pretrain/diffusiondet_r50_fpn_500-proposals_1-step_crop-ms-480-800-450k_coco_new2.pth 

rpn_head.head_series.2.inst_interact.dynamic_layer.weight - torch.Size([32768, 256]): 
PretrainedInit: load from https://www.modelscope.cn/models/wokaikaixinxin/ai4rs/resolve/master/GSDet_baseline/pretrain/diffusiondet_r50_fpn_500-proposals_1-step_crop-ms-480-800-450k_coco_new2.pth 

rpn_head.head_series.2.inst_interact.dynamic_layer.bias - torch.Size([32768]): 
PretrainedInit: load from https://www.modelscope.cn/models/wokaikaixinxin/ai4rs/resolve/master/GSDet_baseline/pretrain/diffusiondet_r50_fpn_500-proposals_1-step_crop-ms-480-800-450k_coco_new2.pth 

rpn_head.head_series.2.inst_interact.norm1.weight - torch.Size([64]): 
PretrainedInit: load from https://www.modelscope.cn/models/wokaikaixinxin/ai4rs/resolve/master/GSDet_baseline/pretrain/diffusiondet_r50_fpn_500-proposals_1-step_crop-ms-480-800-450k_coco_new2.pth 

rpn_head.head_series.2.inst_interact.norm1.bias - torch.Size([64]): 
PretrainedInit: load from https://www.modelscope.cn/models/wokaikaixinxin/ai4rs/resolve/master/GSDet_baseline/pretrain/diffusiondet_r50_fpn_500-proposals_1-step_crop-ms-480-800-450k_coco_new2.pth 

rpn_head.head_series.2.inst_interact.norm2.weight - torch.Size([256]): 
PretrainedInit: load from https://www.modelscope.cn/models/wokaikaixinxin/ai4rs/resolve/master/GSDet_baseline/pretrain/diffusiondet_r50_fpn_500-proposals_1-step_crop-ms-480-800-450k_coco_new2.pth 

rpn_head.head_series.2.inst_interact.norm2.bias - torch.Size([256]): 
PretrainedInit: load from https://www.modelscope.cn/models/wokaikaixinxin/ai4rs/resolve/master/GSDet_baseline/pretrain/diffusiondet_r50_fpn_500-proposals_1-step_crop-ms-480-800-450k_coco_new2.pth 

rpn_head.head_series.2.inst_interact.out_layer.weight - torch.Size([256, 12544]): 
PretrainedInit: load from https://www.modelscope.cn/models/wokaikaixinxin/ai4rs/resolve/master/GSDet_baseline/pretrain/diffusiondet_r50_fpn_500-proposals_1-step_crop-ms-480-800-450k_coco_new2.pth 

rpn_head.head_series.2.inst_interact.out_layer.bias - torch.Size([256]): 
PretrainedInit: load from https://www.modelscope.cn/models/wokaikaixinxin/ai4rs/resolve/master/GSDet_baseline/pretrain/diffusiondet_r50_fpn_500-proposals_1-step_crop-ms-480-800-450k_coco_new2.pth 

rpn_head.head_series.2.inst_interact.norm3.weight - torch.Size([256]): 
PretrainedInit: load from https://www.modelscope.cn/models/wokaikaixinxin/ai4rs/resolve/master/GSDet_baseline/pretrain/diffusiondet_r50_fpn_500-proposals_1-step_crop-ms-480-800-450k_coco_new2.pth 

rpn_head.head_series.2.inst_interact.norm3.bias - torch.Size([256]): 
PretrainedInit: load from https://www.modelscope.cn/models/wokaikaixinxin/ai4rs/resolve/master/GSDet_baseline/pretrain/diffusiondet_r50_fpn_500-proposals_1-step_crop-ms-480-800-450k_coco_new2.pth 

rpn_head.head_series.2.linear1.weight - torch.Size([2048, 256]): 
PretrainedInit: load from https://www.modelscope.cn/models/wokaikaixinxin/ai4rs/resolve/master/GSDet_baseline/pretrain/diffusiondet_r50_fpn_500-proposals_1-step_crop-ms-480-800-450k_coco_new2.pth 

rpn_head.head_series.2.linear1.bias - torch.Size([2048]): 
PretrainedInit: load from https://www.modelscope.cn/models/wokaikaixinxin/ai4rs/resolve/master/GSDet_baseline/pretrain/diffusiondet_r50_fpn_500-proposals_1-step_crop-ms-480-800-450k_coco_new2.pth 

rpn_head.head_series.2.linear2.weight - torch.Size([256, 2048]): 
PretrainedInit: load from https://www.modelscope.cn/models/wokaikaixinxin/ai4rs/resolve/master/GSDet_baseline/pretrain/diffusiondet_r50_fpn_500-proposals_1-step_crop-ms-480-800-450k_coco_new2.pth 

rpn_head.head_series.2.linear2.bias - torch.Size([256]): 
PretrainedInit: load from https://www.modelscope.cn/models/wokaikaixinxin/ai4rs/resolve/master/GSDet_baseline/pretrain/diffusiondet_r50_fpn_500-proposals_1-step_crop-ms-480-800-450k_coco_new2.pth 

rpn_head.head_series.2.norm1.weight - torch.Size([256]): 
PretrainedInit: load from https://www.modelscope.cn/models/wokaikaixinxin/ai4rs/resolve/master/GSDet_baseline/pretrain/diffusiondet_r50_fpn_500-proposals_1-step_crop-ms-480-800-450k_coco_new2.pth 

rpn_head.head_series.2.norm1.bias - torch.Size([256]): 
PretrainedInit: load from https://www.modelscope.cn/models/wokaikaixinxin/ai4rs/resolve/master/GSDet_baseline/pretrain/diffusiondet_r50_fpn_500-proposals_1-step_crop-ms-480-800-450k_coco_new2.pth 

rpn_head.head_series.2.norm2.weight - torch.Size([256]): 
PretrainedInit: load from https://www.modelscope.cn/models/wokaikaixinxin/ai4rs/resolve/master/GSDet_baseline/pretrain/diffusiondet_r50_fpn_500-proposals_1-step_crop-ms-480-800-450k_coco_new2.pth 

rpn_head.head_series.2.norm2.bias - torch.Size([256]): 
PretrainedInit: load from https://www.modelscope.cn/models/wokaikaixinxin/ai4rs/resolve/master/GSDet_baseline/pretrain/diffusiondet_r50_fpn_500-proposals_1-step_crop-ms-480-800-450k_coco_new2.pth 

rpn_head.head_series.2.norm3.weight - torch.Size([256]): 
PretrainedInit: load from https://www.modelscope.cn/models/wokaikaixinxin/ai4rs/resolve/master/GSDet_baseline/pretrain/diffusiondet_r50_fpn_500-proposals_1-step_crop-ms-480-800-450k_coco_new2.pth 

rpn_head.head_series.2.norm3.bias - torch.Size([256]): 
PretrainedInit: load from https://www.modelscope.cn/models/wokaikaixinxin/ai4rs/resolve/master/GSDet_baseline/pretrain/diffusiondet_r50_fpn_500-proposals_1-step_crop-ms-480-800-450k_coco_new2.pth 

rpn_head.head_series.2.cls_module.0.weight - torch.Size([256, 256]): 
PretrainedInit: load from https://www.modelscope.cn/models/wokaikaixinxin/ai4rs/resolve/master/GSDet_baseline/pretrain/diffusiondet_r50_fpn_500-proposals_1-step_crop-ms-480-800-450k_coco_new2.pth 

rpn_head.head_series.2.cls_module.1.weight - torch.Size([256]): 
PretrainedInit: load from https://www.modelscope.cn/models/wokaikaixinxin/ai4rs/resolve/master/GSDet_baseline/pretrain/diffusiondet_r50_fpn_500-proposals_1-step_crop-ms-480-800-450k_coco_new2.pth 

rpn_head.head_series.2.cls_module.1.bias - torch.Size([256]): 
PretrainedInit: load from https://www.modelscope.cn/models/wokaikaixinxin/ai4rs/resolve/master/GSDet_baseline/pretrain/diffusiondet_r50_fpn_500-proposals_1-step_crop-ms-480-800-450k_coco_new2.pth 

rpn_head.head_series.2.reg_module.0.weight - torch.Size([256, 256]): 
PretrainedInit: load from https://www.modelscope.cn/models/wokaikaixinxin/ai4rs/resolve/master/GSDet_baseline/pretrain/diffusiondet_r50_fpn_500-proposals_1-step_crop-ms-480-800-450k_coco_new2.pth 

rpn_head.head_series.2.reg_module.1.weight - torch.Size([256]): 
PretrainedInit: load from https://www.modelscope.cn/models/wokaikaixinxin/ai4rs/resolve/master/GSDet_baseline/pretrain/diffusiondet_r50_fpn_500-proposals_1-step_crop-ms-480-800-450k_coco_new2.pth 

rpn_head.head_series.2.reg_module.1.bias - torch.Size([256]): 
PretrainedInit: load from https://www.modelscope.cn/models/wokaikaixinxin/ai4rs/resolve/master/GSDet_baseline/pretrain/diffusiondet_r50_fpn_500-proposals_1-step_crop-ms-480-800-450k_coco_new2.pth 

rpn_head.head_series.2.reg_module.3.weight - torch.Size([256, 256]): 
PretrainedInit: load from https://www.modelscope.cn/models/wokaikaixinxin/ai4rs/resolve/master/GSDet_baseline/pretrain/diffusiondet_r50_fpn_500-proposals_1-step_crop-ms-480-800-450k_coco_new2.pth 

rpn_head.head_series.2.reg_module.4.weight - torch.Size([256]): 
PretrainedInit: load from https://www.modelscope.cn/models/wokaikaixinxin/ai4rs/resolve/master/GSDet_baseline/pretrain/diffusiondet_r50_fpn_500-proposals_1-step_crop-ms-480-800-450k_coco_new2.pth 

rpn_head.head_series.2.reg_module.4.bias - torch.Size([256]): 
PretrainedInit: load from https://www.modelscope.cn/models/wokaikaixinxin/ai4rs/resolve/master/GSDet_baseline/pretrain/diffusiondet_r50_fpn_500-proposals_1-step_crop-ms-480-800-450k_coco_new2.pth 

rpn_head.head_series.2.reg_module.6.weight - torch.Size([256, 256]): 
PretrainedInit: load from https://www.modelscope.cn/models/wokaikaixinxin/ai4rs/resolve/master/GSDet_baseline/pretrain/diffusiondet_r50_fpn_500-proposals_1-step_crop-ms-480-800-450k_coco_new2.pth 

rpn_head.head_series.2.reg_module.7.weight - torch.Size([256]): 
PretrainedInit: load from https://www.modelscope.cn/models/wokaikaixinxin/ai4rs/resolve/master/GSDet_baseline/pretrain/diffusiondet_r50_fpn_500-proposals_1-step_crop-ms-480-800-450k_coco_new2.pth 

rpn_head.head_series.2.reg_module.7.bias - torch.Size([256]): 
PretrainedInit: load from https://www.modelscope.cn/models/wokaikaixinxin/ai4rs/resolve/master/GSDet_baseline/pretrain/diffusiondet_r50_fpn_500-proposals_1-step_crop-ms-480-800-450k_coco_new2.pth 

rpn_head.head_series.2.class_logits.weight - torch.Size([37, 256]): 
The value is the same before and after calling `init_weights` of GSDet  

rpn_head.head_series.2.class_logits.bias - torch.Size([37]): 
The value is the same before and after calling `init_weights` of GSDet  

rpn_head.head_series.2.bboxes_delta.weight - torch.Size([4, 256]): 
PretrainedInit: load from https://www.modelscope.cn/models/wokaikaixinxin/ai4rs/resolve/master/GSDet_baseline/pretrain/diffusiondet_r50_fpn_500-proposals_1-step_crop-ms-480-800-450k_coco_new2.pth 

rpn_head.head_series.2.bboxes_delta.bias - torch.Size([4]): 
PretrainedInit: load from https://www.modelscope.cn/models/wokaikaixinxin/ai4rs/resolve/master/GSDet_baseline/pretrain/diffusiondet_r50_fpn_500-proposals_1-step_crop-ms-480-800-450k_coco_new2.pth 

rpn_head.head_series.3.self_attn.in_proj_weight - torch.Size([768, 256]): 
PretrainedInit: load from https://www.modelscope.cn/models/wokaikaixinxin/ai4rs/resolve/master/GSDet_baseline/pretrain/diffusiondet_r50_fpn_500-proposals_1-step_crop-ms-480-800-450k_coco_new2.pth 

rpn_head.head_series.3.self_attn.in_proj_bias - torch.Size([768]): 
PretrainedInit: load from https://www.modelscope.cn/models/wokaikaixinxin/ai4rs/resolve/master/GSDet_baseline/pretrain/diffusiondet_r50_fpn_500-proposals_1-step_crop-ms-480-800-450k_coco_new2.pth 

rpn_head.head_series.3.self_attn.out_proj.weight - torch.Size([256, 256]): 
PretrainedInit: load from https://www.modelscope.cn/models/wokaikaixinxin/ai4rs/resolve/master/GSDet_baseline/pretrain/diffusiondet_r50_fpn_500-proposals_1-step_crop-ms-480-800-450k_coco_new2.pth 

rpn_head.head_series.3.self_attn.out_proj.bias - torch.Size([256]): 
PretrainedInit: load from https://www.modelscope.cn/models/wokaikaixinxin/ai4rs/resolve/master/GSDet_baseline/pretrain/diffusiondet_r50_fpn_500-proposals_1-step_crop-ms-480-800-450k_coco_new2.pth 

rpn_head.head_series.3.inst_interact.dynamic_layer.weight - torch.Size([32768, 256]): 
PretrainedInit: load from https://www.modelscope.cn/models/wokaikaixinxin/ai4rs/resolve/master/GSDet_baseline/pretrain/diffusiondet_r50_fpn_500-proposals_1-step_crop-ms-480-800-450k_coco_new2.pth 

rpn_head.head_series.3.inst_interact.dynamic_layer.bias - torch.Size([32768]): 
PretrainedInit: load from https://www.modelscope.cn/models/wokaikaixinxin/ai4rs/resolve/master/GSDet_baseline/pretrain/diffusiondet_r50_fpn_500-proposals_1-step_crop-ms-480-800-450k_coco_new2.pth 

rpn_head.head_series.3.inst_interact.norm1.weight - torch.Size([64]): 
PretrainedInit: load from https://www.modelscope.cn/models/wokaikaixinxin/ai4rs/resolve/master/GSDet_baseline/pretrain/diffusiondet_r50_fpn_500-proposals_1-step_crop-ms-480-800-450k_coco_new2.pth 

rpn_head.head_series.3.inst_interact.norm1.bias - torch.Size([64]): 
PretrainedInit: load from https://www.modelscope.cn/models/wokaikaixinxin/ai4rs/resolve/master/GSDet_baseline/pretrain/diffusiondet_r50_fpn_500-proposals_1-step_crop-ms-480-800-450k_coco_new2.pth 

rpn_head.head_series.3.inst_interact.norm2.weight - torch.Size([256]): 
PretrainedInit: load from https://www.modelscope.cn/models/wokaikaixinxin/ai4rs/resolve/master/GSDet_baseline/pretrain/diffusiondet_r50_fpn_500-proposals_1-step_crop-ms-480-800-450k_coco_new2.pth 

rpn_head.head_series.3.inst_interact.norm2.bias - torch.Size([256]): 
PretrainedInit: load from https://www.modelscope.cn/models/wokaikaixinxin/ai4rs/resolve/master/GSDet_baseline/pretrain/diffusiondet_r50_fpn_500-proposals_1-step_crop-ms-480-800-450k_coco_new2.pth 

rpn_head.head_series.3.inst_interact.out_layer.weight - torch.Size([256, 12544]): 
PretrainedInit: load from https://www.modelscope.cn/models/wokaikaixinxin/ai4rs/resolve/master/GSDet_baseline/pretrain/diffusiondet_r50_fpn_500-proposals_1-step_crop-ms-480-800-450k_coco_new2.pth 

rpn_head.head_series.3.inst_interact.out_layer.bias - torch.Size([256]): 
PretrainedInit: load from https://www.modelscope.cn/models/wokaikaixinxin/ai4rs/resolve/master/GSDet_baseline/pretrain/diffusiondet_r50_fpn_500-proposals_1-step_crop-ms-480-800-450k_coco_new2.pth 

rpn_head.head_series.3.inst_interact.norm3.weight - torch.Size([256]): 
PretrainedInit: load from https://www.modelscope.cn/models/wokaikaixinxin/ai4rs/resolve/master/GSDet_baseline/pretrain/diffusiondet_r50_fpn_500-proposals_1-step_crop-ms-480-800-450k_coco_new2.pth 

rpn_head.head_series.3.inst_interact.norm3.bias - torch.Size([256]): 
PretrainedInit: load from https://www.modelscope.cn/models/wokaikaixinxin/ai4rs/resolve/master/GSDet_baseline/pretrain/diffusiondet_r50_fpn_500-proposals_1-step_crop-ms-480-800-450k_coco_new2.pth 

rpn_head.head_series.3.linear1.weight - torch.Size([2048, 256]): 
PretrainedInit: load from https://www.modelscope.cn/models/wokaikaixinxin/ai4rs/resolve/master/GSDet_baseline/pretrain/diffusiondet_r50_fpn_500-proposals_1-step_crop-ms-480-800-450k_coco_new2.pth 

rpn_head.head_series.3.linear1.bias - torch.Size([2048]): 
PretrainedInit: load from https://www.modelscope.cn/models/wokaikaixinxin/ai4rs/resolve/master/GSDet_baseline/pretrain/diffusiondet_r50_fpn_500-proposals_1-step_crop-ms-480-800-450k_coco_new2.pth 

rpn_head.head_series.3.linear2.weight - torch.Size([256, 2048]): 
PretrainedInit: load from https://www.modelscope.cn/models/wokaikaixinxin/ai4rs/resolve/master/GSDet_baseline/pretrain/diffusiondet_r50_fpn_500-proposals_1-step_crop-ms-480-800-450k_coco_new2.pth 

rpn_head.head_series.3.linear2.bias - torch.Size([256]): 
PretrainedInit: load from https://www.modelscope.cn/models/wokaikaixinxin/ai4rs/resolve/master/GSDet_baseline/pretrain/diffusiondet_r50_fpn_500-proposals_1-step_crop-ms-480-800-450k_coco_new2.pth 

rpn_head.head_series.3.norm1.weight - torch.Size([256]): 
PretrainedInit: load from https://www.modelscope.cn/models/wokaikaixinxin/ai4rs/resolve/master/GSDet_baseline/pretrain/diffusiondet_r50_fpn_500-proposals_1-step_crop-ms-480-800-450k_coco_new2.pth 

rpn_head.head_series.3.norm1.bias - torch.Size([256]): 
PretrainedInit: load from https://www.modelscope.cn/models/wokaikaixinxin/ai4rs/resolve/master/GSDet_baseline/pretrain/diffusiondet_r50_fpn_500-proposals_1-step_crop-ms-480-800-450k_coco_new2.pth 

rpn_head.head_series.3.norm2.weight - torch.Size([256]): 
PretrainedInit: load from https://www.modelscope.cn/models/wokaikaixinxin/ai4rs/resolve/master/GSDet_baseline/pretrain/diffusiondet_r50_fpn_500-proposals_1-step_crop-ms-480-800-450k_coco_new2.pth 

rpn_head.head_series.3.norm2.bias - torch.Size([256]): 
PretrainedInit: load from https://www.modelscope.cn/models/wokaikaixinxin/ai4rs/resolve/master/GSDet_baseline/pretrain/diffusiondet_r50_fpn_500-proposals_1-step_crop-ms-480-800-450k_coco_new2.pth 

rpn_head.head_series.3.norm3.weight - torch.Size([256]): 
PretrainedInit: load from https://www.modelscope.cn/models/wokaikaixinxin/ai4rs/resolve/master/GSDet_baseline/pretrain/diffusiondet_r50_fpn_500-proposals_1-step_crop-ms-480-800-450k_coco_new2.pth 

rpn_head.head_series.3.norm3.bias - torch.Size([256]): 
PretrainedInit: load from https://www.modelscope.cn/models/wokaikaixinxin/ai4rs/resolve/master/GSDet_baseline/pretrain/diffusiondet_r50_fpn_500-proposals_1-step_crop-ms-480-800-450k_coco_new2.pth 

rpn_head.head_series.3.cls_module.0.weight - torch.Size([256, 256]): 
PretrainedInit: load from https://www.modelscope.cn/models/wokaikaixinxin/ai4rs/resolve/master/GSDet_baseline/pretrain/diffusiondet_r50_fpn_500-proposals_1-step_crop-ms-480-800-450k_coco_new2.pth 

rpn_head.head_series.3.cls_module.1.weight - torch.Size([256]): 
PretrainedInit: load from https://www.modelscope.cn/models/wokaikaixinxin/ai4rs/resolve/master/GSDet_baseline/pretrain/diffusiondet_r50_fpn_500-proposals_1-step_crop-ms-480-800-450k_coco_new2.pth 

rpn_head.head_series.3.cls_module.1.bias - torch.Size([256]): 
PretrainedInit: load from https://www.modelscope.cn/models/wokaikaixinxin/ai4rs/resolve/master/GSDet_baseline/pretrain/diffusiondet_r50_fpn_500-proposals_1-step_crop-ms-480-800-450k_coco_new2.pth 

rpn_head.head_series.3.reg_module.0.weight - torch.Size([256, 256]): 
PretrainedInit: load from https://www.modelscope.cn/models/wokaikaixinxin/ai4rs/resolve/master/GSDet_baseline/pretrain/diffusiondet_r50_fpn_500-proposals_1-step_crop-ms-480-800-450k_coco_new2.pth 

rpn_head.head_series.3.reg_module.1.weight - torch.Size([256]): 
PretrainedInit: load from https://www.modelscope.cn/models/wokaikaixinxin/ai4rs/resolve/master/GSDet_baseline/pretrain/diffusiondet_r50_fpn_500-proposals_1-step_crop-ms-480-800-450k_coco_new2.pth 

rpn_head.head_series.3.reg_module.1.bias - torch.Size([256]): 
PretrainedInit: load from https://www.modelscope.cn/models/wokaikaixinxin/ai4rs/resolve/master/GSDet_baseline/pretrain/diffusiondet_r50_fpn_500-proposals_1-step_crop-ms-480-800-450k_coco_new2.pth 

rpn_head.head_series.3.reg_module.3.weight - torch.Size([256, 256]): 
PretrainedInit: load from https://www.modelscope.cn/models/wokaikaixinxin/ai4rs/resolve/master/GSDet_baseline/pretrain/diffusiondet_r50_fpn_500-proposals_1-step_crop-ms-480-800-450k_coco_new2.pth 

rpn_head.head_series.3.reg_module.4.weight - torch.Size([256]): 
PretrainedInit: load from https://www.modelscope.cn/models/wokaikaixinxin/ai4rs/resolve/master/GSDet_baseline/pretrain/diffusiondet_r50_fpn_500-proposals_1-step_crop-ms-480-800-450k_coco_new2.pth 

rpn_head.head_series.3.reg_module.4.bias - torch.Size([256]): 
PretrainedInit: load from https://www.modelscope.cn/models/wokaikaixinxin/ai4rs/resolve/master/GSDet_baseline/pretrain/diffusiondet_r50_fpn_500-proposals_1-step_crop-ms-480-800-450k_coco_new2.pth 

rpn_head.head_series.3.reg_module.6.weight - torch.Size([256, 256]): 
PretrainedInit: load from https://www.modelscope.cn/models/wokaikaixinxin/ai4rs/resolve/master/GSDet_baseline/pretrain/diffusiondet_r50_fpn_500-proposals_1-step_crop-ms-480-800-450k_coco_new2.pth 

rpn_head.head_series.3.reg_module.7.weight - torch.Size([256]): 
PretrainedInit: load from https://www.modelscope.cn/models/wokaikaixinxin/ai4rs/resolve/master/GSDet_baseline/pretrain/diffusiondet_r50_fpn_500-proposals_1-step_crop-ms-480-800-450k_coco_new2.pth 

rpn_head.head_series.3.reg_module.7.bias - torch.Size([256]): 
PretrainedInit: load from https://www.modelscope.cn/models/wokaikaixinxin/ai4rs/resolve/master/GSDet_baseline/pretrain/diffusiondet_r50_fpn_500-proposals_1-step_crop-ms-480-800-450k_coco_new2.pth 

rpn_head.head_series.3.class_logits.weight - torch.Size([37, 256]): 
The value is the same before and after calling `init_weights` of GSDet  

rpn_head.head_series.3.class_logits.bias - torch.Size([37]): 
The value is the same before and after calling `init_weights` of GSDet  

rpn_head.head_series.3.bboxes_delta.weight - torch.Size([4, 256]): 
PretrainedInit: load from https://www.modelscope.cn/models/wokaikaixinxin/ai4rs/resolve/master/GSDet_baseline/pretrain/diffusiondet_r50_fpn_500-proposals_1-step_crop-ms-480-800-450k_coco_new2.pth 

rpn_head.head_series.3.bboxes_delta.bias - torch.Size([4]): 
PretrainedInit: load from https://www.modelscope.cn/models/wokaikaixinxin/ai4rs/resolve/master/GSDet_baseline/pretrain/diffusiondet_r50_fpn_500-proposals_1-step_crop-ms-480-800-450k_coco_new2.pth 

roi_head.bbox_head.0.fc_cls.weight - torch.Size([37, 256]): 
Initialized by user-defined `init_weights` in Hbox2RboxLayer  

roi_head.bbox_head.0.fc_cls.bias - torch.Size([37]): 
Initialized by user-defined `init_weights` in Hbox2RboxLayer  

roi_head.bbox_head.0.fc_reg.weight - torch.Size([6, 256]): 
Initialized by user-defined `init_weights` in Hbox2RboxLayer  

roi_head.bbox_head.0.fc_reg.bias - torch.Size([6]): 
NormalInit: mean=0, std=0.001, bias=0 

roi_head.bbox_head.0.self_attn.in_proj_weight - torch.Size([768, 256]): 
Initialized by user-defined `init_weights` in Hbox2RboxLayer  

roi_head.bbox_head.0.self_attn.in_proj_bias - torch.Size([768]): 
The value is the same before and after calling `init_weights` of GSDet  

roi_head.bbox_head.0.self_attn.out_proj.weight - torch.Size([256, 256]): 
Initialized by user-defined `init_weights` in Hbox2RboxLayer  

roi_head.bbox_head.0.self_attn.out_proj.bias - torch.Size([256]): 
The value is the same before and after calling `init_weights` of GSDet  

roi_head.bbox_head.0.inst_interact.dynamic_layer.weight - torch.Size([32768, 256]): 
Initialized by user-defined `init_weights` in Hbox2RboxLayer  

roi_head.bbox_head.0.inst_interact.dynamic_layer.bias - torch.Size([32768]): 
The value is the same before and after calling `init_weights` of GSDet  

roi_head.bbox_head.0.inst_interact.norm1.weight - torch.Size([64]): 
The value is the same before and after calling `init_weights` of GSDet  

roi_head.bbox_head.0.inst_interact.norm1.bias - torch.Size([64]): 
The value is the same before and after calling `init_weights` of GSDet  

roi_head.bbox_head.0.inst_interact.norm2.weight - torch.Size([256]): 
The value is the same before and after calling `init_weights` of GSDet  

roi_head.bbox_head.0.inst_interact.norm2.bias - torch.Size([256]): 
The value is the same before and after calling `init_weights` of GSDet  

roi_head.bbox_head.0.inst_interact.out_layer.weight - torch.Size([256, 12544]): 
Initialized by user-defined `init_weights` in Hbox2RboxLayer  

roi_head.bbox_head.0.inst_interact.out_layer.bias - torch.Size([256]): 
The value is the same before and after calling `init_weights` of GSDet  

roi_head.bbox_head.0.inst_interact.norm3.weight - torch.Size([256]): 
The value is the same before and after calling `init_weights` of GSDet  

roi_head.bbox_head.0.inst_interact.norm3.bias - torch.Size([256]): 
The value is the same before and after calling `init_weights` of GSDet  

roi_head.bbox_head.0.linear1.weight - torch.Size([2048, 256]): 
Initialized by user-defined `init_weights` in Hbox2RboxLayer  

roi_head.bbox_head.0.linear1.bias - torch.Size([2048]): 
The value is the same before and after calling `init_weights` of GSDet  

roi_head.bbox_head.0.linear2.weight - torch.Size([256, 2048]): 
Initialized by user-defined `init_weights` in Hbox2RboxLayer  

roi_head.bbox_head.0.linear2.bias - torch.Size([256]): 
The value is the same before and after calling `init_weights` of GSDet  

roi_head.bbox_head.0.norm1.weight - torch.Size([256]): 
The value is the same before and after calling `init_weights` of GSDet  

roi_head.bbox_head.0.norm1.bias - torch.Size([256]): 
The value is the same before and after calling `init_weights` of GSDet  

roi_head.bbox_head.0.norm2.weight - torch.Size([256]): 
The value is the same before and after calling `init_weights` of GSDet  

roi_head.bbox_head.0.norm2.bias - torch.Size([256]): 
The value is the same before and after calling `init_weights` of GSDet  

roi_head.bbox_head.0.norm3.weight - torch.Size([256]): 
The value is the same before and after calling `init_weights` of GSDet  

roi_head.bbox_head.0.norm3.bias - torch.Size([256]): 
The value is the same before and after calling `init_weights` of GSDet  

roi_head.bbox_head.0.cls_module.0.weight - torch.Size([256, 256]): 
Initialized by user-defined `init_weights` in Hbox2RboxLayer  

roi_head.bbox_head.0.cls_module.1.weight - torch.Size([256]): 
The value is the same before and after calling `init_weights` of GSDet  

roi_head.bbox_head.0.cls_module.1.bias - torch.Size([256]): 
The value is the same before and after calling `init_weights` of GSDet  

roi_head.bbox_head.0.reg_module.0.weight - torch.Size([256, 256]): 
Initialized by user-defined `init_weights` in Hbox2RboxLayer  

roi_head.bbox_head.0.reg_module.1.weight - torch.Size([256]): 
The value is the same before and after calling `init_weights` of GSDet  

roi_head.bbox_head.0.reg_module.1.bias - torch.Size([256]): 
The value is the same before and after calling `init_weights` of GSDet  

roi_head.bbox_head.0.reg_module.3.weight - torch.Size([256, 256]): 
Initialized by user-defined `init_weights` in Hbox2RboxLayer  

roi_head.bbox_head.0.reg_module.4.weight - torch.Size([256]): 
The value is the same before and after calling `init_weights` of GSDet  

roi_head.bbox_head.0.reg_module.4.bias - torch.Size([256]): 
The value is the same before and after calling `init_weights` of GSDet  

roi_head.bbox_head.0.reg_module.6.weight - torch.Size([256, 256]): 
Initialized by user-defined `init_weights` in Hbox2RboxLayer  

roi_head.bbox_head.0.reg_module.7.weight - torch.Size([256]): 
The value is the same before and after calling `init_weights` of GSDet  

roi_head.bbox_head.0.reg_module.7.bias - torch.Size([256]): 
The value is the same before and after calling `init_weights` of GSDet  

roi_head.bbox_head.1.fc_cls.weight - torch.Size([37, 256]): 
Initialized by user-defined `init_weights` in Rbox2RboxLayer  

roi_head.bbox_head.1.fc_cls.bias - torch.Size([37]): 
Initialized by user-defined `init_weights` in Rbox2RboxLayer  

roi_head.bbox_head.1.fc_reg.weight - torch.Size([5, 256]): 
Initialized by user-defined `init_weights` in Rbox2RboxLayer  

roi_head.bbox_head.1.fc_reg.bias - torch.Size([5]): 
NormalInit: mean=0, std=0.001, bias=0 

roi_head.bbox_head.1.self_attn.in_proj_weight - torch.Size([768, 256]): 
Initialized by user-defined `init_weights` in Rbox2RboxLayer  

roi_head.bbox_head.1.self_attn.in_proj_bias - torch.Size([768]): 
The value is the same before and after calling `init_weights` of GSDet  

roi_head.bbox_head.1.self_attn.out_proj.weight - torch.Size([256, 256]): 
Initialized by user-defined `init_weights` in Rbox2RboxLayer  

roi_head.bbox_head.1.self_attn.out_proj.bias - torch.Size([256]): 
The value is the same before and after calling `init_weights` of GSDet  

roi_head.bbox_head.1.inst_interact.dynamic_layer.weight - torch.Size([32768, 256]): 
Initialized by user-defined `init_weights` in Rbox2RboxLayer  

roi_head.bbox_head.1.inst_interact.dynamic_layer.bias - torch.Size([32768]): 
The value is the same before and after calling `init_weights` of GSDet  

roi_head.bbox_head.1.inst_interact.norm1.weight - torch.Size([64]): 
The value is the same before and after calling `init_weights` of GSDet  

roi_head.bbox_head.1.inst_interact.norm1.bias - torch.Size([64]): 
The value is the same before and after calling `init_weights` of GSDet  

roi_head.bbox_head.1.inst_interact.norm2.weight - torch.Size([256]): 
The value is the same before and after calling `init_weights` of GSDet  

roi_head.bbox_head.1.inst_interact.norm2.bias - torch.Size([256]): 
The value is the same before and after calling `init_weights` of GSDet  

roi_head.bbox_head.1.inst_interact.out_layer.weight - torch.Size([256, 12544]): 
Initialized by user-defined `init_weights` in Rbox2RboxLayer  

roi_head.bbox_head.1.inst_interact.out_layer.bias - torch.Size([256]): 
The value is the same before and after calling `init_weights` of GSDet  

roi_head.bbox_head.1.inst_interact.norm3.weight - torch.Size([256]): 
The value is the same before and after calling `init_weights` of GSDet  

roi_head.bbox_head.1.inst_interact.norm3.bias - torch.Size([256]): 
The value is the same before and after calling `init_weights` of GSDet  

roi_head.bbox_head.1.linear1.weight - torch.Size([2048, 256]): 
Initialized by user-defined `init_weights` in Rbox2RboxLayer  

roi_head.bbox_head.1.linear1.bias - torch.Size([2048]): 
The value is the same before and after calling `init_weights` of GSDet  

roi_head.bbox_head.1.linear2.weight - torch.Size([256, 2048]): 
Initialized by user-defined `init_weights` in Rbox2RboxLayer  

roi_head.bbox_head.1.linear2.bias - torch.Size([256]): 
The value is the same before and after calling `init_weights` of GSDet  

roi_head.bbox_head.1.norm1.weight - torch.Size([256]): 
The value is the same before and after calling `init_weights` of GSDet  

roi_head.bbox_head.1.norm1.bias - torch.Size([256]): 
The value is the same before and after calling `init_weights` of GSDet  

roi_head.bbox_head.1.norm2.weight - torch.Size([256]): 
The value is the same before and after calling `init_weights` of GSDet  

roi_head.bbox_head.1.norm2.bias - torch.Size([256]): 
The value is the same before and after calling `init_weights` of GSDet  

roi_head.bbox_head.1.norm3.weight - torch.Size([256]): 
The value is the same before and after calling `init_weights` of GSDet  

roi_head.bbox_head.1.norm3.bias - torch.Size([256]): 
The value is the same before and after calling `init_weights` of GSDet  

roi_head.bbox_head.1.cls_module.0.weight - torch.Size([256, 256]): 
Initialized by user-defined `init_weights` in Rbox2RboxLayer  

roi_head.bbox_head.1.cls_module.1.weight - torch.Size([256]): 
The value is the same before and after calling `init_weights` of GSDet  

roi_head.bbox_head.1.cls_module.1.bias - torch.Size([256]): 
The value is the same before and after calling `init_weights` of GSDet  

roi_head.bbox_head.1.reg_module.0.weight - torch.Size([256, 256]): 
Initialized by user-defined `init_weights` in Rbox2RboxLayer  

roi_head.bbox_head.1.reg_module.1.weight - torch.Size([256]): 
The value is the same before and after calling `init_weights` of GSDet  

roi_head.bbox_head.1.reg_module.1.bias - torch.Size([256]): 
The value is the same before and after calling `init_weights` of GSDet  

roi_head.bbox_head.1.reg_module.3.weight - torch.Size([256, 256]): 
Initialized by user-defined `init_weights` in Rbox2RboxLayer  

roi_head.bbox_head.1.reg_module.4.weight - torch.Size([256]): 
The value is the same before and after calling `init_weights` of GSDet  

roi_head.bbox_head.1.reg_module.4.bias - torch.Size([256]): 
The value is the same before and after calling `init_weights` of GSDet  

roi_head.bbox_head.1.reg_module.6.weight - torch.Size([256, 256]): 
Initialized by user-defined `init_weights` in Rbox2RboxLayer  

roi_head.bbox_head.1.reg_module.7.weight - torch.Size([256]): 
The value is the same before and after calling `init_weights` of GSDet  

roi_head.bbox_head.1.reg_module.7.bias - torch.Size([256]): 
The value is the same before and after calling `init_weights` of GSDet  
2026/03/30 21:22:05 - mmengine - INFO - Auto resumed from the latest checkpoint None.
2026/03/30 21:22:05 - mmengine - WARNING - "FileClient" will be deprecated in future. Please use io functions in https://mmengine.readthedocs.io/en/latest/api/fileio.html#file-io
2026/03/30 21:22:05 - mmengine - WARNING - "HardDiskBackend" is the alias of "LocalBackend" and the former will be deprecated in future.
2026/03/30 21:22:05 - mmengine - INFO - Checkpoints will be saved to /media/Harddisk_A/Workers/wsy/ai4rs/work_dirs/gsdet_fair1m_stable_v2.
2026/03/30 21:22:24 - mmengine - INFO - Epoch(train)  [1][   50/10002]  lr: 1.9940e-06  eta: 1 day, 1:56:51  time: 0.3892  data_time: 0.0060  memory: 7329  grad_norm: 463.8525  loss: 28.3449  rpn_s.0.loss_cls: 2.3587  rpn_s.0.loss_bbox: 0.3687  rpn_s.0.loss_giou: 1.4804  rpn_s.1.loss_cls: 2.4510  rpn_s.1.loss_bbox: 0.2763  rpn_s.1.loss_giou: 1.1080  rpn_s.2.loss_cls: 2.3026  rpn_s.2.loss_bbox: 0.2450  rpn_s.2.loss_giou: 0.9923  rpn_s.3.loss_cls: 2.2636  rpn_s.3.loss_bbox: 0.2360  rpn_s.3.loss_giou: 0.9961  s0.loss_cls: 2.1180  s0.pos_acc: 0.0000  s0.loss_bbox: 0.8103  s0.loss_iou: 3.5054  s1.loss_cls: 2.0292  s1.pos_acc: 0.0000  s1.loss_bbox: 0.6227  s1.loss_iou: 4.1807
2026/03/30 21:22:43 - mmengine - INFO - Epoch(train)  [1][  100/10002]  lr: 2.3280e-06  eta: 1 day, 1:28:30  time: 0.3752  data_time: 0.0031  memory: 7329  grad_norm: 447.0581  loss: 27.2415  rpn_s.0.loss_cls: 2.2913  rpn_s.0.loss_bbox: 0.3799  rpn_s.0.loss_giou: 1.5771  rpn_s.1.loss_cls: 2.3593  rpn_s.1.loss_bbox: 0.2457  rpn_s.1.loss_giou: 1.1546  rpn_s.2.loss_cls: 2.2319  rpn_s.2.loss_bbox: 0.2162  rpn_s.2.loss_giou: 1.0209  rpn_s.3.loss_cls: 2.1768  rpn_s.3.loss_bbox: 0.2118  rpn_s.3.loss_giou: 1.0139  s0.loss_cls: 1.8313  s0.pos_acc: 30.0000  s0.loss_bbox: 0.8117  s0.loss_iou: 3.4584  s1.loss_cls: 1.7192  s1.pos_acc: 5.0000  s1.loss_bbox: 0.6078  s1.loss_iou: 3.9335
2026/03/30 21:23:02 - mmengine - INFO - Epoch(train)  [1][  150/10002]  lr: 2.6620e-06  eta: 1 day, 1:26:04  time: 0.3806  data_time: 0.0031  memory: 7329  grad_norm: 286.7124  loss: 26.1367  rpn_s.0.loss_cls: 2.2551  rpn_s.0.loss_bbox: 0.3858  rpn_s.0.loss_giou: 1.5235  rpn_s.1.loss_cls: 2.2053  rpn_s.1.loss_bbox: 0.2690  rpn_s.1.loss_giou: 1.1300  rpn_s.2.loss_cls: 2.1095  rpn_s.2.loss_bbox: 0.2547  rpn_s.2.loss_giou: 1.0292  rpn_s.3.loss_cls: 2.0736  rpn_s.3.loss_bbox: 0.2477  rpn_s.3.loss_giou: 1.0240  s0.loss_cls: 1.6700  s0.pos_acc: 36.5000  s0.loss_bbox: 0.7553  s0.loss_iou: 3.3487  s1.loss_cls: 1.6049  s1.pos_acc: 56.0000  s1.loss_bbox: 0.5634  s1.loss_iou: 3.6869
2026/03/30 21:23:21 - mmengine - INFO - Epoch(train)  [1][  200/10002]  lr: 2.9960e-06  eta: 1 day, 1:18:48  time: 0.3747  data_time: 0.0031  memory: 7329  grad_norm: 336.2909  loss: 24.7418  rpn_s.0.loss_cls: 2.1976  rpn_s.0.loss_bbox: 0.3616  rpn_s.0.loss_giou: 1.3861  rpn_s.1.loss_cls: 2.1645  rpn_s.1.loss_bbox: 0.2327  rpn_s.1.loss_giou: 1.0097  rpn_s.2.loss_cls: 2.0939  rpn_s.2.loss_bbox: 0.2048  rpn_s.2.loss_giou: 0.9027  rpn_s.3.loss_cls: 1.9833  rpn_s.3.loss_bbox: 0.1995  rpn_s.3.loss_giou: 0.8976  s0.loss_cls: 1.6557  s0.pos_acc: 55.7692  s0.loss_bbox: 0.6710  s0.loss_iou: 3.0975  s1.loss_cls: 1.6568  s1.pos_acc: 51.9231  s1.loss_bbox: 0.5937  s1.loss_iou: 3.4331
2026/03/30 21:23:40 - mmengine - INFO - Epoch(train)  [1][  250/10002]  lr: 3.3300e-06  eta: 1 day, 1:16:10  time: 0.3770  data_time: 0.0030  memory: 7329  grad_norm: 188.4210  loss: 24.0792  rpn_s.0.loss_cls: 2.1274  rpn_s.0.loss_bbox: 0.3561  rpn_s.0.loss_giou: 1.3793  rpn_s.1.loss_cls: 2.0680  rpn_s.1.loss_bbox: 0.2242  rpn_s.1.loss_giou: 0.9940  rpn_s.2.loss_cls: 1.9935  rpn_s.2.loss_bbox: 0.1963  rpn_s.2.loss_giou: 0.8887  rpn_s.3.loss_cls: 1.8457  rpn_s.3.loss_bbox: 0.1927  rpn_s.3.loss_giou: 0.8720  s0.loss_cls: 1.4991  s0.pos_acc: 25.0000  s0.loss_bbox: 0.6284  s0.loss_iou: 3.2128  s1.loss_cls: 1.5649  s1.pos_acc: 0.0000  s1.loss_bbox: 0.5402  s1.loss_iou: 3.4959
2026/03/30 21:23:59 - mmengine - INFO - Epoch(train)  [1][  300/10002]  lr: 3.6640e-06  eta: 1 day, 1:17:52  time: 0.3824  data_time: 0.0030  memory: 7329  grad_norm: 178.4578  loss: 24.1309  rpn_s.0.loss_cls: 2.1507  rpn_s.0.loss_bbox: 0.3366  rpn_s.0.loss_giou: 1.3987  rpn_s.1.loss_cls: 2.0408  rpn_s.1.loss_bbox: 0.2137  rpn_s.1.loss_giou: 1.0337  rpn_s.2.loss_cls: 1.8603  rpn_s.2.loss_bbox: 0.1888  rpn_s.2.loss_giou: 0.9310  rpn_s.3.loss_cls: 1.7038  rpn_s.3.loss_bbox: 0.2006  rpn_s.3.loss_giou: 0.9078  s0.loss_cls: 1.5233  s0.pos_acc: 23.8235  s0.loss_bbox: 0.6603  s0.loss_iou: 3.3458  s1.loss_cls: 1.5482  s1.pos_acc: 11.7647  s1.loss_bbox: 0.5879  s1.loss_iou: 3.4989
2026/03/30 21:24:18 - mmengine - INFO - Epoch(train)  [1][  350/10002]  lr: 3.9980e-06  eta: 1 day, 1:15:11  time: 0.3757  data_time: 0.0030  memory: 7329  grad_norm: 139.3716  loss: 22.3861  rpn_s.0.loss_cls: 2.0324  rpn_s.0.loss_bbox: 0.3538  rpn_s.0.loss_giou: 1.2759  rpn_s.1.loss_cls: 1.9166  rpn_s.1.loss_bbox: 0.1854  rpn_s.1.loss_giou: 0.9044  rpn_s.2.loss_cls: 1.8422  rpn_s.2.loss_bbox: 0.1737  rpn_s.2.loss_giou: 0.8358  rpn_s.3.loss_cls: 1.6728  rpn_s.3.loss_bbox: 0.1630  rpn_s.3.loss_giou: 0.8195  s0.loss_cls: 1.4667  s0.pos_acc: 28.5714  s0.loss_bbox: 0.5869  s0.loss_iou: 2.9516  s1.loss_cls: 1.5090  s1.pos_acc: 7.1429  s1.loss_bbox: 0.5178  s1.loss_iou: 3.1787
2026/03/30 21:24:36 - mmengine - INFO - Epoch(train)  [1][  400/10002]  lr: 4.3320e-06  eta: 1 day, 1:12:01  time: 0.3736  data_time: 0.0030  memory: 7329  grad_norm: 149.5568  loss: 22.7814  rpn_s.0.loss_cls: 2.0042  rpn_s.0.loss_bbox: 0.3343  rpn_s.0.loss_giou: 1.3893  rpn_s.1.loss_cls: 1.8514  rpn_s.1.loss_bbox: 0.2131  rpn_s.1.loss_giou: 0.9741  rpn_s.2.loss_cls: 1.7876  rpn_s.2.loss_bbox: 0.1964  rpn_s.2.loss_giou: 0.9103  rpn_s.3.loss_cls: 1.5617  rpn_s.3.loss_bbox: 0.1883  rpn_s.3.loss_giou: 0.8692  s0.loss_cls: 1.4039  s0.pos_acc: 63.6364  s0.loss_bbox: 0.6797  s0.loss_iou: 3.1242  s1.loss_cls: 1.4315  s1.pos_acc: 50.0000  s1.loss_bbox: 0.6011  s1.loss_iou: 3.2611
2026/03/30 21:24:55 - mmengine - INFO - Epoch(train)  [1][  450/10002]  lr: 4.6660e-06  eta: 1 day, 1:11:36  time: 0.3783  data_time: 0.0030  memory: 7329  grad_norm: 132.8796  loss: 21.0169  rpn_s.0.loss_cls: 1.9098  rpn_s.0.loss_bbox: 0.2861  rpn_s.0.loss_giou: 1.2423  rpn_s.1.loss_cls: 1.6959  rpn_s.1.loss_bbox: 0.1754  rpn_s.1.loss_giou: 0.8773  rpn_s.2.loss_cls: 1.5949  rpn_s.2.loss_bbox: 0.1626  rpn_s.2.loss_giou: 0.8031  rpn_s.3.loss_cls: 1.4964  rpn_s.3.loss_bbox: 0.1552  rpn_s.3.loss_giou: 0.7816  s0.loss_cls: 1.3511  s0.pos_acc: 58.5034  s0.loss_bbox: 0.6465  s0.loss_iou: 2.8874  s1.loss_cls: 1.3627  s1.pos_acc: 52.0408  s1.loss_bbox: 0.5810  s1.loss_iou: 3.0074
2026/03/30 21:25:14 - mmengine - INFO - Epoch(train)  [1][  500/10002]  lr: 5.0000e-06  eta: 1 day, 1:11:35  time: 0.3793  data_time: 0.0031  memory: 7329  grad_norm: 130.9133  loss: 21.0154  rpn_s.0.loss_cls: 1.8804  rpn_s.0.loss_bbox: 0.2915  rpn_s.0.loss_giou: 1.2089  rpn_s.1.loss_cls: 1.6803  rpn_s.1.loss_bbox: 0.1790  rpn_s.1.loss_giou: 0.8564  rpn_s.2.loss_cls: 1.6422  rpn_s.2.loss_bbox: 0.1649  rpn_s.2.loss_giou: 0.7896  rpn_s.3.loss_cls: 1.5314  rpn_s.3.loss_bbox: 0.1527  rpn_s.3.loss_giou: 0.7636  s0.loss_cls: 1.4122  s0.pos_acc: 69.0909  s0.loss_bbox: 0.6342  s0.loss_iou: 2.8480  s1.loss_cls: 1.4717  s1.pos_acc: 48.6364  s1.loss_bbox: 0.5525  s1.loss_iou: 2.9560
2026/03/30 21:25:33 - mmengine - INFO - Epoch(train)  [1][  550/10002]  lr: 5.0000e-06  eta: 1 day, 1:12:25  time: 0.3817  data_time: 0.0032  memory: 7329  grad_norm: 125.3244  loss: 19.9820  rpn_s.0.loss_cls: 1.7192  rpn_s.0.loss_bbox: 0.2674  rpn_s.0.loss_giou: 1.2070  rpn_s.1.loss_cls: 1.5608  rpn_s.1.loss_bbox: 0.1575  rpn_s.1.loss_giou: 0.8282  rpn_s.2.loss_cls: 1.5208  rpn_s.2.loss_bbox: 0.1498  rpn_s.2.loss_giou: 0.7636  rpn_s.3.loss_cls: 1.3902  rpn_s.3.loss_bbox: 0.1376  rpn_s.3.loss_giou: 0.7273  s0.loss_cls: 1.3449  s0.pos_acc: 35.7143  s0.loss_bbox: 0.6206  s0.loss_iou: 2.7531  s1.loss_cls: 1.3872  s1.pos_acc: 28.5714  s1.loss_bbox: 0.5699  s1.loss_iou: 2.8768
2026/03/30 21:25:52 - mmengine - INFO - Epoch(train)  [1][  600/10002]  lr: 5.0000e-06  eta: 1 day, 1:10:58  time: 0.3755  data_time: 0.0031  memory: 7329  grad_norm: 123.9276  loss: 19.1813  rpn_s.0.loss_cls: 1.7044  rpn_s.0.loss_bbox: 0.2537  rpn_s.0.loss_giou: 1.1530  rpn_s.1.loss_cls: 1.4678  rpn_s.1.loss_bbox: 0.1441  rpn_s.1.loss_giou: 0.7784  rpn_s.2.loss_cls: 1.4731  rpn_s.2.loss_bbox: 0.1337  rpn_s.2.loss_giou: 0.7134  rpn_s.3.loss_cls: 1.3290  rpn_s.3.loss_bbox: 0.1293  rpn_s.3.loss_giou: 0.6950  s0.loss_cls: 1.2880  s0.pos_acc: 12.5000  s0.loss_bbox: 0.5771  s0.loss_iou: 2.7171  s1.loss_cls: 1.3240  s1.pos_acc: 25.0000  s1.loss_bbox: 0.5337  s1.loss_iou: 2.7664
2026/03/30 21:26:11 - mmengine - INFO - Epoch(train)  [1][  650/10002]  lr: 5.0000e-06  eta: 1 day, 1:09:56  time: 0.3763  data_time: 0.0031  memory: 7329  grad_norm: 109.1769  loss: 19.3384  rpn_s.0.loss_cls: 1.6656  rpn_s.0.loss_bbox: 0.2565  rpn_s.0.loss_giou: 1.2327  rpn_s.1.loss_cls: 1.3704  rpn_s.1.loss_bbox: 0.1554  rpn_s.1.loss_giou: 0.8568  rpn_s.2.loss_cls: 1.3269  rpn_s.2.loss_bbox: 0.1445  rpn_s.2.loss_giou: 0.7652  rpn_s.3.loss_cls: 1.2487  rpn_s.3.loss_bbox: 0.1287  rpn_s.3.loss_giou: 0.7289  s0.loss_cls: 1.2452  s0.pos_acc: 60.0000  s0.loss_bbox: 0.6717  s0.loss_iou: 2.8237  s1.loss_cls: 1.2618  s1.pos_acc: 50.0000  s1.loss_bbox: 0.5964  s1.loss_iou: 2.8592
2026/03/30 21:26:30 - mmengine - INFO - Epoch(train)  [1][  700/10002]  lr: 5.0000e-06  eta: 1 day, 1:10:02  time: 0.3799  data_time: 0.0031  memory: 7329  grad_norm: 135.7691  loss: 19.1593  rpn_s.0.loss_cls: 1.6097  rpn_s.0.loss_bbox: 0.2590  rpn_s.0.loss_giou: 1.2836  rpn_s.1.loss_cls: 1.2592  rpn_s.1.loss_bbox: 0.1507  rpn_s.1.loss_giou: 0.8772  rpn_s.2.loss_cls: 1.2687  rpn_s.2.loss_bbox: 0.1357  rpn_s.2.loss_giou: 0.7906  rpn_s.3.loss_cls: 1.1695  rpn_s.3.loss_bbox: 0.1266  rpn_s.3.loss_giou: 0.7667  s0.loss_cls: 1.1806  s0.pos_acc: 37.5000  s0.loss_bbox: 0.6885  s0.loss_iou: 2.8928  s1.loss_cls: 1.1922  s1.pos_acc: 43.7500  s1.loss_bbox: 0.6321  s1.loss_iou: 2.8759
2026/03/30 21:26:49 - mmengine - INFO - Epoch(train)  [1][  750/10002]  lr: 5.0000e-06  eta: 1 day, 1:10:52  time: 0.3828  data_time: 0.0030  memory: 7329  grad_norm: 118.9971  loss: 18.6436  rpn_s.0.loss_cls: 1.5848  rpn_s.0.loss_bbox: 0.2396  rpn_s.0.loss_giou: 1.2410  rpn_s.1.loss_cls: 1.2871  rpn_s.1.loss_bbox: 0.1518  rpn_s.1.loss_giou: 0.8237  rpn_s.2.loss_cls: 1.2421  rpn_s.2.loss_bbox: 0.1383  rpn_s.2.loss_giou: 0.7421  rpn_s.3.loss_cls: 1.1741  rpn_s.3.loss_bbox: 0.1271  rpn_s.3.loss_giou: 0.7093  s0.loss_cls: 1.1605  s0.pos_acc: 30.0000  s0.loss_bbox: 0.6944  s0.loss_iou: 2.7554  s1.loss_cls: 1.1934  s1.pos_acc: 20.0000  s1.loss_bbox: 0.6088  s1.loss_iou: 2.7699
2026/03/30 21:27:08 - mmengine - INFO - Epoch(train)  [1][  800/10002]  lr: 5.0000e-06  eta: 1 day, 1:10:57  time: 0.3804  data_time: 0.0031  memory: 7329  grad_norm: 127.9828  loss: 18.4401  rpn_s.0.loss_cls: 1.5618  rpn_s.0.loss_bbox: 0.2492  rpn_s.0.loss_giou: 1.2251  rpn_s.1.loss_cls: 1.2651  rpn_s.1.loss_bbox: 0.1557  rpn_s.1.loss_giou: 0.8191  rpn_s.2.loss_cls: 1.2490  rpn_s.2.loss_bbox: 0.1372  rpn_s.2.loss_giou: 0.7492  rpn_s.3.loss_cls: 1.1737  rpn_s.3.loss_bbox: 0.1300  rpn_s.3.loss_giou: 0.7221  s0.loss_cls: 1.1579  s0.pos_acc: 57.5000  s0.loss_bbox: 0.6158  s0.loss_iou: 2.7209  s1.loss_cls: 1.1922  s1.pos_acc: 35.0000  s1.loss_bbox: 0.5921  s1.loss_iou: 2.7240
2026/03/30 21:27:27 - mmengine - INFO - Epoch(train)  [1][  850/10002]  lr: 5.0000e-06  eta: 1 day, 1:10:15  time: 0.3773  data_time: 0.0031  memory: 7329  grad_norm: 144.1650  loss: 18.4501  rpn_s.0.loss_cls: 1.6086  rpn_s.0.loss_bbox: 0.2360  rpn_s.0.loss_giou: 1.1377  rpn_s.1.loss_cls: 1.3105  rpn_s.1.loss_bbox: 0.1612  rpn_s.1.loss_giou: 0.7854  rpn_s.2.loss_cls: 1.3102  rpn_s.2.loss_bbox: 0.1470  rpn_s.2.loss_giou: 0.7241  rpn_s.3.loss_cls: 1.2034  rpn_s.3.loss_bbox: 0.1363  rpn_s.3.loss_giou: 0.6932  s0.loss_cls: 1.2426  s0.pos_acc: 2.9412  s0.loss_bbox: 0.6011  s0.loss_iou: 2.6447  s1.loss_cls: 1.3211  s1.pos_acc: 0.0000  s1.loss_bbox: 0.5320  s1.loss_iou: 2.6551
2026/03/30 21:27:45 - mmengine - INFO - Epoch(train)  [1][  900/10002]  lr: 5.0000e-06  eta: 1 day, 1:08:41  time: 0.3732  data_time: 0.0030  memory: 7329  grad_norm: 131.8269  loss: 18.1558  rpn_s.0.loss_cls: 1.4941  rpn_s.0.loss_bbox: 0.2731  rpn_s.0.loss_giou: 1.2399  rpn_s.1.loss_cls: 1.2654  rpn_s.1.loss_bbox: 0.1657  rpn_s.1.loss_giou: 0.8065  rpn_s.2.loss_cls: 1.2526  rpn_s.2.loss_bbox: 0.1483  rpn_s.2.loss_giou: 0.7205  rpn_s.3.loss_cls: 1.1636  rpn_s.3.loss_bbox: 0.1327  rpn_s.3.loss_giou: 0.6769  s0.loss_cls: 1.1732  s0.pos_acc: 25.0000  s0.loss_bbox: 0.6753  s0.loss_iou: 2.5826  s1.loss_cls: 1.2263  s1.pos_acc: 75.0000  s1.loss_bbox: 0.5893  s1.loss_iou: 2.5697
2026/03/30 21:28:04 - mmengine - INFO - Epoch(train)  [1][  950/10002]  lr: 5.0000e-06  eta: 1 day, 1:08:38  time: 0.3798  data_time: 0.0031  memory: 7329  grad_norm: 123.8046  loss: 17.8552  rpn_s.0.loss_cls: 1.4525  rpn_s.0.loss_bbox: 0.2548  rpn_s.0.loss_giou: 1.2594  rpn_s.1.loss_cls: 1.1857  rpn_s.1.loss_bbox: 0.1590  rpn_s.1.loss_giou: 0.8291  rpn_s.2.loss_cls: 1.1682  rpn_s.2.loss_bbox: 0.1315  rpn_s.2.loss_giou: 0.7321  rpn_s.3.loss_cls: 1.0915  rpn_s.3.loss_bbox: 0.1240  rpn_s.3.loss_giou: 0.7045  s0.loss_cls: 1.1087  s0.pos_acc: 61.1111  s0.loss_bbox: 0.6350  s0.loss_iou: 2.6331  s1.loss_cls: 1.1629  s1.pos_acc: 58.8889  s1.loss_bbox: 0.5918  s1.loss_iou: 2.6316
2026/03/30 21:28:24 - mmengine - INFO - Exp name: GSDet_r50_b900_h2h4_h2r1_r2r1_2x_fair1m1.0_20260330_212154
2026/03/30 21:28:24 - mmengine - INFO - Epoch(train)  [1][ 1000/10002]  lr: 5.0000e-06  eta: 1 day, 1:09:11  time: 0.3829  data_time: 0.0030  memory: 7329  grad_norm: 129.2771  loss: 17.8279  rpn_s.0.loss_cls: 1.4968  rpn_s.0.loss_bbox: 0.2478  rpn_s.0.loss_giou: 1.1732  rpn_s.1.loss_cls: 1.2279  rpn_s.1.loss_bbox: 0.1559  rpn_s.1.loss_giou: 0.7881  rpn_s.2.loss_cls: 1.2206  rpn_s.2.loss_bbox: 0.1348  rpn_s.2.loss_giou: 0.6985  rpn_s.3.loss_cls: 1.1902  rpn_s.3.loss_bbox: 0.1217  rpn_s.3.loss_giou: 0.6717  s0.loss_cls: 1.2058  s0.pos_acc: 20.0000  s0.loss_bbox: 0.5903  s0.loss_iou: 2.5710  s1.loss_cls: 1.2426  s1.pos_acc: 16.6667  s1.loss_bbox: 0.5422  s1.loss_iou: 2.5487
2026/03/30 21:28:43 - mmengine - INFO - Epoch(train)  [1][ 1050/10002]  lr: 5.0000e-06  eta: 1 day, 1:09:06  time: 0.3800  data_time: 0.0030  memory: 7329  grad_norm: 105.2761  loss: 18.1969  rpn_s.0.loss_cls: 1.4844  rpn_s.0.loss_bbox: 0.2503  rpn_s.0.loss_giou: 1.2174  rpn_s.1.loss_cls: 1.2272  rpn_s.1.loss_bbox: 0.1547  rpn_s.1.loss_giou: 0.8343  rpn_s.2.loss_cls: 1.1783  rpn_s.2.loss_bbox: 0.1337  rpn_s.2.loss_giou: 0.7361  rpn_s.3.loss_cls: 1.0894  rpn_s.3.loss_bbox: 0.1245  rpn_s.3.loss_giou: 0.7108  s0.loss_cls: 1.1516  s0.pos_acc: 21.4286  s0.loss_bbox: 0.6216  s0.loss_iou: 2.7617  s1.loss_cls: 1.2053  s1.pos_acc: 21.4286  s1.loss_bbox: 0.5793  s1.loss_iou: 2.7365
2026/03/30 21:29:01 - mmengine - INFO - Epoch(train)  [1][ 1100/10002]  lr: 5.0000e-06  eta: 1 day, 1:08:00  time: 0.3746  data_time: 0.0031  memory: 7329  grad_norm: 149.3314  loss: 17.6290  rpn_s.0.loss_cls: 1.4449  rpn_s.0.loss_bbox: 0.2336  rpn_s.0.loss_giou: 1.0951  rpn_s.1.loss_cls: 1.2033  rpn_s.1.loss_bbox: 0.1481  rpn_s.1.loss_giou: 0.7533  rpn_s.2.loss_cls: 1.1538  rpn_s.2.loss_bbox: 0.1385  rpn_s.2.loss_giou: 0.6808  rpn_s.3.loss_cls: 1.1265  rpn_s.3.loss_bbox: 0.1315  rpn_s.3.loss_giou: 0.6634  s0.loss_cls: 1.1794  s0.pos_acc: 66.6667  s0.loss_bbox: 0.6439  s0.loss_iou: 2.6289  s1.loss_cls: 1.2448  s1.pos_acc: 66.6667  s1.loss_bbox: 0.5672  s1.loss_iou: 2.5920
2026/03/30 21:29:21 - mmengine - INFO - Epoch(train)  [1][ 1150/10002]  lr: 5.0000e-06  eta: 1 day, 1:08:59  time: 0.3861  data_time: 0.0031  memory: 7329  grad_norm: 110.1772  loss: 17.5599  rpn_s.0.loss_cls: 1.3356  rpn_s.0.loss_bbox: 0.2698  rpn_s.0.loss_giou: 1.3205  rpn_s.1.loss_cls: 1.0707  rpn_s.1.loss_bbox: 0.1523  rpn_s.1.loss_giou: 0.8574  rpn_s.2.loss_cls: 1.0596  rpn_s.2.loss_bbox: 0.1259  rpn_s.2.loss_giou: 0.7523  rpn_s.3.loss_cls: 1.0169  rpn_s.3.loss_bbox: 0.1203  rpn_s.3.loss_giou: 0.7317  s0.loss_cls: 1.0605  s0.pos_acc: 50.0000  s0.loss_bbox: 0.6903  s0.loss_iou: 2.6551  s1.loss_cls: 1.0946  s1.pos_acc: 36.1111  s1.loss_bbox: 0.6154  s1.loss_iou: 2.6309
2026/03/30 21:29:40 - mmengine - INFO - Epoch(train)  [1][ 1200/10002]  lr: 5.0000e-06  eta: 1 day, 1:08:42  time: 0.3792  data_time: 0.0030  memory: 7329  grad_norm: 119.2045  loss: 17.7928  rpn_s.0.loss_cls: 1.5191  rpn_s.0.loss_bbox: 0.2426  rpn_s.0.loss_giou: 1.2088  rpn_s.1.loss_cls: 1.2290  rpn_s.1.loss_bbox: 0.1414  rpn_s.1.loss_giou: 0.7776  rpn_s.2.loss_cls: 1.1927  rpn_s.2.loss_bbox: 0.1174  rpn_s.2.loss_giou: 0.6842  rpn_s.3.loss_cls: 1.1196  rpn_s.3.loss_bbox: 0.1100  rpn_s.3.loss_giou: 0.6596  s0.loss_cls: 1.1757  s0.pos_acc: 59.4017  s0.loss_bbox: 0.6412  s0.loss_iou: 2.6364  s1.loss_cls: 1.2047  s1.pos_acc: 66.6667  s1.loss_bbox: 0.5972  s1.loss_iou: 2.5356
2026/03/30 21:29:59 - mmengine - INFO - Epoch(train)  [1][ 1250/10002]  lr: 5.0000e-06  eta: 1 day, 1:09:27  time: 0.3857  data_time: 0.0030  memory: 7329  grad_norm: 109.1609  loss: 17.3423  rpn_s.0.loss_cls: 1.4459  rpn_s.0.loss_bbox: 0.2197  rpn_s.0.loss_giou: 1.1418  rpn_s.1.loss_cls: 1.1612  rpn_s.1.loss_bbox: 0.1423  rpn_s.1.loss_giou: 0.7787  rpn_s.2.loss_cls: 1.1635  rpn_s.2.loss_bbox: 0.1221  rpn_s.2.loss_giou: 0.6944  rpn_s.3.loss_cls: 1.0869  rpn_s.3.loss_bbox: 0.1179  rpn_s.3.loss_giou: 0.6676  s0.loss_cls: 1.1622  s0.pos_acc: 25.0000  s0.loss_bbox: 0.6054  s0.loss_iou: 2.5880  s1.loss_cls: 1.1946  s1.pos_acc: 25.0000  s1.loss_bbox: 0.5214  s1.loss_iou: 2.5286
2026/03/30 21:30:18 - mmengine - INFO - Epoch(train)  [1][ 1300/10002]  lr: 5.0000e-06  eta: 1 day, 1:09:31  time: 0.3818  data_time: 0.0030  memory: 7329  grad_norm: 112.0200  loss: 17.5514  rpn_s.0.loss_cls: 1.4661  rpn_s.0.loss_bbox: 0.2460  rpn_s.0.loss_giou: 1.1778  rpn_s.1.loss_cls: 1.1518  rpn_s.1.loss_bbox: 0.1553  rpn_s.1.loss_giou: 0.7613  rpn_s.2.loss_cls: 1.0981  rpn_s.2.loss_bbox: 0.1343  rpn_s.2.loss_giou: 0.6798  rpn_s.3.loss_cls: 1.0759  rpn_s.3.loss_bbox: 0.1248  rpn_s.3.loss_giou: 0.6526  s0.loss_cls: 1.1266  s0.pos_acc: 5.7416  s0.loss_bbox: 0.6754  s0.loss_iou: 2.6534  s1.loss_cls: 1.1921  s1.pos_acc: 2.1531  s1.loss_bbox: 0.6162  s1.loss_iou: 2.5637
2026/03/30 21:30:37 - mmengine - INFO - Epoch(train)  [1][ 1350/10002]  lr: 5.0000e-06  eta: 1 day, 1:10:06  time: 0.3855  data_time: 0.0029  memory: 7330  grad_norm: 105.2616  loss: 17.2507  rpn_s.0.loss_cls: 1.3281  rpn_s.0.loss_bbox: 0.2526  rpn_s.0.loss_giou: 1.2487  rpn_s.1.loss_cls: 1.1046  rpn_s.1.loss_bbox: 0.1418  rpn_s.1.loss_giou: 0.8009  rpn_s.2.loss_cls: 1.0220  rpn_s.2.loss_bbox: 0.1294  rpn_s.2.loss_giou: 0.7197  rpn_s.3.loss_cls: 1.0116  rpn_s.3.loss_bbox: 0.1185  rpn_s.3.loss_giou: 0.6847  s0.loss_cls: 1.0394  s0.pos_acc: 52.5000  s0.loss_bbox: 0.7246  s0.loss_iou: 2.6288  s1.loss_cls: 1.0871  s1.pos_acc: 47.5000  s1.loss_bbox: 0.6168  s1.loss_iou: 2.5914
2026/03/30 21:30:57 - mmengine - INFO - Epoch(train)  [1][ 1400/10002]  lr: 5.0000e-06  eta: 1 day, 1:10:50  time: 0.3869  data_time: 0.0029  memory: 7329  grad_norm: 100.7228  loss: 16.7068  rpn_s.0.loss_cls: 1.1994  rpn_s.0.loss_bbox: 0.2579  rpn_s.0.loss_giou: 1.3490  rpn_s.1.loss_cls: 0.9444  rpn_s.1.loss_bbox: 0.1450  rpn_s.1.loss_giou: 0.8594  rpn_s.2.loss_cls: 0.9304  rpn_s.2.loss_bbox: 0.1253  rpn_s.2.loss_giou: 0.7458  rpn_s.3.loss_cls: 0.8850  rpn_s.3.loss_bbox: 0.1119  rpn_s.3.loss_giou: 0.7122  s0.loss_cls: 0.9292  s0.pos_acc: 31.8182  s0.loss_bbox: 0.6645  s0.loss_iou: 2.6323  s1.loss_cls: 0.9733  s1.pos_acc: 54.5455  s1.loss_bbox: 0.5984  s1.loss_iou: 2.6431
2026/03/30 21:31:16 - mmengine - INFO - Epoch(train)  [1][ 1450/10002]  lr: 5.0000e-06  eta: 1 day, 1:10:31  time: 0.3799  data_time: 0.0030  memory: 7329  grad_norm: 112.3234  loss: 15.7673  rpn_s.0.loss_cls: 1.2347  rpn_s.0.loss_bbox: 0.2115  rpn_s.0.loss_giou: 1.2058  rpn_s.1.loss_cls: 0.9392  rpn_s.1.loss_bbox: 0.1206  rpn_s.1.loss_giou: 0.7500  rpn_s.2.loss_cls: 0.9455  rpn_s.2.loss_bbox: 0.1032  rpn_s.2.loss_giou: 0.6564  rpn_s.3.loss_cls: 0.8824  rpn_s.3.loss_bbox: 0.0884  rpn_s.3.loss_giou: 0.6254  s0.loss_cls: 0.9728  s0.pos_acc: 26.1905  s0.loss_bbox: 0.6687  s0.loss_iou: 2.4224  s1.loss_cls: 1.0219  s1.pos_acc: 4.7619  s1.loss_bbox: 0.5829  s1.loss_iou: 2.3355
2026/03/30 21:31:35 - mmengine - INFO - Epoch(train)  [1][ 1500/10002]  lr: 5.0000e-06  eta: 1 day, 1:11:29  time: 0.3896  data_time: 0.0029  memory: 7330  grad_norm: 95.3673  loss: 16.9104  rpn_s.0.loss_cls: 1.3541  rpn_s.0.loss_bbox: 0.2329  rpn_s.0.loss_giou: 1.1944  rpn_s.1.loss_cls: 1.1257  rpn_s.1.loss_bbox: 0.1333  rpn_s.1.loss_giou: 0.7610  rpn_s.2.loss_cls: 1.0697  rpn_s.2.loss_bbox: 0.1168  rpn_s.2.loss_giou: 0.6736  rpn_s.3.loss_cls: 1.0101  rpn_s.3.loss_bbox: 0.1083  rpn_s.3.loss_giou: 0.6461  s0.loss_cls: 1.0458  s0.pos_acc: 25.0000  s0.loss_bbox: 0.6579  s0.loss_iou: 2.5706  s1.loss_cls: 1.1159  s1.pos_acc: 20.0000  s1.loss_bbox: 0.5865  s1.loss_iou: 2.5078
2026/03/30 21:31:55 - mmengine - INFO - Epoch(train)  [1][ 1550/10002]  lr: 5.0000e-06  eta: 1 day, 1:13:17  time: 0.3967  data_time: 0.0029  memory: 7329  grad_norm: 117.3446  loss: 16.4800  rpn_s.0.loss_cls: 1.3772  rpn_s.0.loss_bbox: 0.2218  rpn_s.0.loss_giou: 1.0988  rpn_s.1.loss_cls: 1.0692  rpn_s.1.loss_bbox: 0.1352  rpn_s.1.loss_giou: 0.7276  rpn_s.2.loss_cls: 1.0571  rpn_s.2.loss_bbox: 0.1199  rpn_s.2.loss_giou: 0.6588  rpn_s.3.loss_cls: 0.9994  rpn_s.3.loss_bbox: 0.1100  rpn_s.3.loss_giou: 0.6321  s0.loss_cls: 1.1054  s0.pos_acc: 50.0000  s0.loss_bbox: 0.6349  s0.loss_iou: 2.4325  s1.loss_cls: 1.1421  s1.pos_acc: 25.0000  s1.loss_bbox: 0.5835  s1.loss_iou: 2.3747
2026/03/30 21:32:14 - mmengine - INFO - Epoch(train)  [1][ 1600/10002]  lr: 5.0000e-06  eta: 1 day, 1:13:08  time: 0.3820  data_time: 0.0029  memory: 7329  grad_norm: 119.6344  loss: 16.1901  rpn_s.0.loss_cls: 1.3293  rpn_s.0.loss_bbox: 0.2209  rpn_s.0.loss_giou: 1.1301  rpn_s.1.loss_cls: 1.0374  rpn_s.1.loss_bbox: 0.1400  rpn_s.1.loss_giou: 0.7154  rpn_s.2.loss_cls: 0.9845  rpn_s.2.loss_bbox: 0.1230  rpn_s.2.loss_giou: 0.6266  rpn_s.3.loss_cls: 0.9585  rpn_s.3.loss_bbox: 0.1193  rpn_s.3.loss_giou: 0.6028  s0.loss_cls: 1.0646  s0.pos_acc: 21.8750  s0.loss_bbox: 0.6781  s0.loss_iou: 2.4005  s1.loss_cls: 1.1048  s1.pos_acc: 40.6250  s1.loss_bbox: 0.6267  s1.loss_iou: 2.3274
2026/03/30 21:32:33 - mmengine - INFO - Epoch(train)  [1][ 1650/10002]  lr: 5.0000e-06  eta: 1 day, 1:13:15  time: 0.3842  data_time: 0.0030  memory: 7329  grad_norm: 134.9612  loss: 17.1769  rpn_s.0.loss_cls: 1.4036  rpn_s.0.loss_bbox: 0.2339  rpn_s.0.loss_giou: 1.1669  rpn_s.1.loss_cls: 1.1117  rpn_s.1.loss_bbox: 0.1325  rpn_s.1.loss_giou: 0.7355  rpn_s.2.loss_cls: 1.0864  rpn_s.2.loss_bbox: 0.1222  rpn_s.2.loss_giou: 0.6486  rpn_s.3.loss_cls: 1.0294  rpn_s.3.loss_bbox: 0.1126  rpn_s.3.loss_giou: 0.6200  s0.loss_cls: 1.1266  s0.pos_acc: 61.1111  s0.loss_bbox: 0.7228  s0.loss_iou: 2.6095  s1.loss_cls: 1.1490  s1.pos_acc: 50.0000  s1.loss_bbox: 0.6588  s1.loss_iou: 2.5068
2026/03/30 21:32:52 - mmengine - INFO - Epoch(train)  [1][ 1700/10002]  lr: 5.0000e-06  eta: 1 day, 1:12:39  time: 0.3784  data_time: 0.0029  memory: 7329  grad_norm: 108.9516  loss: 15.1629  rpn_s.0.loss_cls: 1.2950  rpn_s.0.loss_bbox: 0.1884  rpn_s.0.loss_giou: 1.0219  rpn_s.1.loss_cls: 1.0154  rpn_s.1.loss_bbox: 0.1077  rpn_s.1.loss_giou: 0.6488  rpn_s.2.loss_cls: 0.9394  rpn_s.2.loss_bbox: 0.0947  rpn_s.2.loss_giou: 0.5689  rpn_s.3.loss_cls: 0.9371  rpn_s.3.loss_bbox: 0.0861  rpn_s.3.loss_giou: 0.5424  s0.loss_cls: 1.0352  s0.pos_acc: 37.5000  s0.loss_bbox: 0.6071  s0.loss_iou: 2.2972  s1.loss_cls: 1.1214  s1.pos_acc: 25.0000  s1.loss_bbox: 0.4887  s1.loss_iou: 2.1676
2026/03/30 21:33:11 - mmengine - INFO - Epoch(train)  [1][ 1750/10002]  lr: 5.0000e-06  eta: 1 day, 1:12:26  time: 0.3817  data_time: 0.0029  memory: 7329  grad_norm: 118.9091  loss: 16.3638  rpn_s.0.loss_cls: 1.3484  rpn_s.0.loss_bbox: 0.2352  rpn_s.0.loss_giou: 1.1683  rpn_s.1.loss_cls: 1.1160  rpn_s.1.loss_bbox: 0.1377  rpn_s.1.loss_giou: 0.7305  rpn_s.2.loss_cls: 1.0891  rpn_s.2.loss_bbox: 0.1183  rpn_s.2.loss_giou: 0.6495  rpn_s.3.loss_cls: 1.0220  rpn_s.3.loss_bbox: 0.1101  rpn_s.3.loss_giou: 0.6222  s0.loss_cls: 1.0648  s0.pos_acc: 33.3333  s0.loss_bbox: 0.5605  s0.loss_iou: 2.4089  s1.loss_cls: 1.1175  s1.pos_acc: 19.4444  s1.loss_bbox: 0.5193  s1.loss_iou: 2.3454
2026/03/30 21:33:30 - mmengine - INFO - Epoch(train)  [1][ 1800/10002]  lr: 5.0000e-06  eta: 1 day, 1:11:56  time: 0.3792  data_time: 0.0030  memory: 7329  grad_norm: 118.4034  loss: 16.0487  rpn_s.0.loss_cls: 1.2822  rpn_s.0.loss_bbox: 0.2174  rpn_s.0.loss_giou: 1.1128  rpn_s.1.loss_cls: 1.0203  rpn_s.1.loss_bbox: 0.1244  rpn_s.1.loss_giou: 0.7055  rpn_s.2.loss_cls: 0.9620  rpn_s.2.loss_bbox: 0.1117  rpn_s.2.loss_giou: 0.6229  rpn_s.3.loss_cls: 0.9551  rpn_s.3.loss_bbox: 0.1056  rpn_s.3.loss_giou: 0.6000  s0.loss_cls: 1.0551  s0.pos_acc: 45.6522  s0.loss_bbox: 0.6879  s0.loss_iou: 2.4270  s1.loss_cls: 1.0866  s1.pos_acc: 60.8696  s1.loss_bbox: 0.6011  s1.loss_iou: 2.3710
2026/03/30 21:33:49 - mmengine - INFO - Epoch(train)  [1][ 1850/10002]  lr: 5.0000e-06  eta: 1 day, 1:11:44  time: 0.3819  data_time: 0.0029  memory: 7329  grad_norm: 104.4094  loss: 15.9483  rpn_s.0.loss_cls: 1.2876  rpn_s.0.loss_bbox: 0.2314  rpn_s.0.loss_giou: 1.0487  rpn_s.1.loss_cls: 1.0587  rpn_s.1.loss_bbox: 0.1388  rpn_s.1.loss_giou: 0.6788  rpn_s.2.loss_cls: 0.9734  rpn_s.2.loss_bbox: 0.1250  rpn_s.2.loss_giou: 0.6062  rpn_s.3.loss_cls: 0.9659  rpn_s.3.loss_bbox: 0.1117  rpn_s.3.loss_giou: 0.5816  s0.loss_cls: 1.0432  s0.pos_acc: 16.6667  s0.loss_bbox: 0.6405  s0.loss_iou: 2.3921  s1.loss_cls: 1.1084  s1.pos_acc: 16.6667  s1.loss_bbox: 0.5997  s1.loss_iou: 2.3567
2026/03/30 21:34:08 - mmengine - INFO - Epoch(train)  [1][ 1900/10002]  lr: 5.0000e-06  eta: 1 day, 1:11:25  time: 0.3808  data_time: 0.0030  memory: 7329  grad_norm: 98.2236  loss: 15.6089  rpn_s.0.loss_cls: 1.2542  rpn_s.0.loss_bbox: 0.2053  rpn_s.0.loss_giou: 1.0391  rpn_s.1.loss_cls: 1.0389  rpn_s.1.loss_bbox: 0.1195  rpn_s.1.loss_giou: 0.6714  rpn_s.2.loss_cls: 0.9439  rpn_s.2.loss_bbox: 0.1048  rpn_s.2.loss_giou: 0.5991  rpn_s.3.loss_cls: 0.9337  rpn_s.3.loss_bbox: 0.0998  rpn_s.3.loss_giou: 0.5791  s0.loss_cls: 1.0063  s0.pos_acc: 30.0000  s0.loss_bbox: 0.6335  s0.loss_iou: 2.4222  s1.loss_cls: 1.0837  s1.pos_acc: 50.0000  s1.loss_bbox: 0.5784  s1.loss_iou: 2.2960
2026/03/30 21:34:28 - mmengine - INFO - Epoch(train)  [1][ 1950/10002]  lr: 5.0000e-06  eta: 1 day, 1:11:57  time: 0.3891  data_time: 0.0029  memory: 7330  grad_norm: 104.8109  loss: 16.8066  rpn_s.0.loss_cls: 1.3099  rpn_s.0.loss_bbox: 0.2423  rpn_s.0.loss_giou: 1.1836  rpn_s.1.loss_cls: 1.0529  rpn_s.1.loss_bbox: 0.1388  rpn_s.1.loss_giou: 0.7716  rpn_s.2.loss_cls: 1.0316  rpn_s.2.loss_bbox: 0.1228  rpn_s.2.loss_giou: 0.6770  rpn_s.3.loss_cls: 0.9867  rpn_s.3.loss_bbox: 0.1118  rpn_s.3.loss_giou: 0.6500  s0.loss_cls: 1.0446  s0.pos_acc: 48.4848  s0.loss_bbox: 0.6867  s0.loss_iou: 2.6097  s1.loss_cls: 1.0899  s1.pos_acc: 56.0606  s1.loss_bbox: 0.6277  s1.loss_iou: 2.4690
2026/03/30 21:34:47 - mmengine - INFO - Exp name: GSDet_r50_b900_h2h4_h2r1_r2r1_2x_fair1m1.0_20260330_212154
2026/03/30 21:34:47 - mmengine - INFO - Epoch(train)  [1][ 2000/10002]  lr: 5.0000e-06  eta: 1 day, 1:11:04  time: 0.3754  data_time: 0.0029  memory: 7329  grad_norm: 106.1607  loss: 15.3962  rpn_s.0.loss_cls: 1.2345  rpn_s.0.loss_bbox: 0.2187  rpn_s.0.loss_giou: 1.1514  rpn_s.1.loss_cls: 0.9395  rpn_s.1.loss_bbox: 0.1296  rpn_s.1.loss_giou: 0.7236  rpn_s.2.loss_cls: 0.8985  rpn_s.2.loss_bbox: 0.1148  rpn_s.2.loss_giou: 0.6453  rpn_s.3.loss_cls: 0.8818  rpn_s.3.loss_bbox: 0.1101  rpn_s.3.loss_giou: 0.6261  s0.loss_cls: 0.9800  s0.pos_acc: 56.4286  s0.loss_bbox: 0.5927  s0.loss_iou: 2.3265  s1.loss_cls: 1.0548  s1.pos_acc: 55.0000  s1.loss_bbox: 0.5432  s1.loss_iou: 2.2250
2026/03/30 21:35:06 - mmengine - INFO - Epoch(train)  [1][ 2050/10002]  lr: 5.0000e-06  eta: 1 day, 1:10:53  time: 0.3823  data_time: 0.0030  memory: 7329  grad_norm: 95.7396  loss: 16.1941  rpn_s.0.loss_cls: 1.2854  rpn_s.0.loss_bbox: 0.2309  rpn_s.0.loss_giou: 1.1570  rpn_s.1.loss_cls: 1.0525  rpn_s.1.loss_bbox: 0.1321  rpn_s.1.loss_giou: 0.7542  rpn_s.2.loss_cls: 0.9974  rpn_s.2.loss_bbox: 0.1119  rpn_s.2.loss_giou: 0.6629  rpn_s.3.loss_cls: 0.9836  rpn_s.3.loss_bbox: 0.1061  rpn_s.3.loss_giou: 0.6408  s0.loss_cls: 1.0314  s0.pos_acc: 25.0000  s0.loss_bbox: 0.6016  s0.loss_iou: 2.4723  s1.loss_cls: 1.0882  s1.pos_acc: 0.0000  s1.loss_bbox: 0.5276  s1.loss_iou: 2.3584
2026/03/30 21:35:25 - mmengine - INFO - Epoch(train)  [1][ 2100/10002]  lr: 5.0000e-06  eta: 1 day, 1:10:16  time: 0.3777  data_time: 0.0029  memory: 7329  grad_norm: 106.9501  loss: 15.4508  rpn_s.0.loss_cls: 1.1727  rpn_s.0.loss_bbox: 0.2061  rpn_s.0.loss_giou: 1.1228  rpn_s.1.loss_cls: 0.9379  rpn_s.1.loss_bbox: 0.1155  rpn_s.1.loss_giou: 0.6989  rpn_s.2.loss_cls: 0.8634  rpn_s.2.loss_bbox: 0.0970  rpn_s.2.loss_giou: 0.6036  rpn_s.3.loss_cls: 0.8760  rpn_s.3.loss_bbox: 0.0904  rpn_s.3.loss_giou: 0.5825  s0.loss_cls: 0.9959  s0.pos_acc: 54.3750  s0.loss_bbox: 0.7204  s0.loss_iou: 2.4437  s1.loss_cls: 1.0238  s1.pos_acc: 62.5000  s1.loss_bbox: 0.6305  s1.loss_iou: 2.2700
2026/03/30 21:35:43 - mmengine - INFO - Epoch(train)  [1][ 2150/10002]  lr: 5.0000e-06  eta: 1 day, 1:09:46  time: 0.3788  data_time: 0.0029  memory: 7329  grad_norm: 107.9711  loss: 15.1885  rpn_s.0.loss_cls: 1.1674  rpn_s.0.loss_bbox: 0.2161  rpn_s.0.loss_giou: 1.1742  rpn_s.1.loss_cls: 0.9089  rpn_s.1.loss_bbox: 0.1191  rpn_s.1.loss_giou: 0.7347  rpn_s.2.loss_cls: 0.8827  rpn_s.2.loss_bbox: 0.1050  rpn_s.2.loss_giou: 0.6501  rpn_s.3.loss_cls: 0.8479  rpn_s.3.loss_bbox: 0.0936  rpn_s.3.loss_giou: 0.6119  s0.loss_cls: 0.9528  s0.pos_acc: 60.7692  s0.loss_bbox: 0.6581  s0.loss_iou: 2.2740  s1.loss_cls: 0.9927  s1.pos_acc: 51.1538  s1.loss_bbox: 0.5940  s1.loss_iou: 2.2054
2026/03/30 21:36:02 - mmengine - INFO - Epoch(train)  [1][ 2200/10002]  lr: 5.0000e-06  eta: 1 day, 1:08:59  time: 0.3756  data_time: 0.0029  memory: 7329  grad_norm: 119.4234  loss: 15.3170  rpn_s.0.loss_cls: 1.2297  rpn_s.0.loss_bbox: 0.2015  rpn_s.0.loss_giou: 1.0356  rpn_s.1.loss_cls: 0.9694  rpn_s.1.loss_bbox: 0.1204  rpn_s.1.loss_giou: 0.6702  rpn_s.2.loss_cls: 0.9685  rpn_s.2.loss_bbox: 0.1055  rpn_s.2.loss_giou: 0.5858  rpn_s.3.loss_cls: 0.9578  rpn_s.3.loss_bbox: 0.1007  rpn_s.3.loss_giou: 0.5584  s0.loss_cls: 1.0521  s0.pos_acc: 83.3333  s0.loss_bbox: 0.6420  s0.loss_iou: 2.2996  s1.loss_cls: 1.0886  s1.pos_acc: 83.3333  s1.loss_bbox: 0.6085  s1.loss_iou: 2.1229
2026/03/30 21:36:21 - mmengine - INFO - Epoch(train)  [1][ 2250/10002]  lr: 5.0000e-06  eta: 1 day, 1:08:46  time: 0.3819  data_time: 0.0029  memory: 7329  grad_norm: 101.4254  loss: 15.5208  rpn_s.0.loss_cls: 1.2089  rpn_s.0.loss_bbox: 0.2119  rpn_s.0.loss_giou: 1.1096  rpn_s.1.loss_cls: 0.9784  rpn_s.1.loss_bbox: 0.1254  rpn_s.1.loss_giou: 0.7203  rpn_s.2.loss_cls: 0.9251  rpn_s.2.loss_bbox: 0.1082  rpn_s.2.loss_giou: 0.6386  rpn_s.3.loss_cls: 0.8967  rpn_s.3.loss_bbox: 0.1053  rpn_s.3.loss_giou: 0.6288  s0.loss_cls: 0.9679  s0.pos_acc: 42.8571  s0.loss_bbox: 0.6612  s0.loss_iou: 2.3664  s1.loss_cls: 1.0307  s1.pos_acc: 14.2857  s1.loss_bbox: 0.5694  s1.loss_iou: 2.2680
2026/03/30 21:36:40 - mmengine - INFO - Epoch(train)  [1][ 2300/10002]  lr: 5.0000e-06  eta: 1 day, 1:08:11  time: 0.3776  data_time: 0.0029  memory: 7329  grad_norm: 98.0445  loss: 15.6338  rpn_s.0.loss_cls: 1.2225  rpn_s.0.loss_bbox: 0.2098  rpn_s.0.loss_giou: 1.1185  rpn_s.1.loss_cls: 1.0130  rpn_s.1.loss_bbox: 0.1251  rpn_s.1.loss_giou: 0.7134  rpn_s.2.loss_cls: 0.9690  rpn_s.2.loss_bbox: 0.1111  rpn_s.2.loss_giou: 0.6423  rpn_s.3.loss_cls: 0.9319  rpn_s.3.loss_bbox: 0.1091  rpn_s.3.loss_giou: 0.6195  s0.loss_cls: 1.0001  s0.pos_acc: 75.0000  s0.loss_bbox: 0.6202  s0.loss_iou: 2.3579  s1.loss_cls: 1.0428  s1.pos_acc: 50.0000  s1.loss_bbox: 0.5663  s1.loss_iou: 2.2612
2026/03/30 21:36:59 - mmengine - INFO - Epoch(train)  [1][ 2350/10002]  lr: 5.0000e-06  eta: 1 day, 1:08:01  time: 0.3823  data_time: 0.0029  memory: 7329  grad_norm: 95.7963  loss: 15.2130  rpn_s.0.loss_cls: 1.2180  rpn_s.0.loss_bbox: 0.2272  rpn_s.0.loss_giou: 1.0586  rpn_s.1.loss_cls: 0.9705  rpn_s.1.loss_bbox: 0.1259  rpn_s.1.loss_giou: 0.6784  rpn_s.2.loss_cls: 0.9353  rpn_s.2.loss_bbox: 0.1101  rpn_s.2.loss_giou: 0.6108  rpn_s.3.loss_cls: 0.8950  rpn_s.3.loss_bbox: 0.1050  rpn_s.3.loss_giou: 0.5848  s0.loss_cls: 0.9967  s0.pos_acc: 60.0000  s0.loss_bbox: 0.6032  s0.loss_iou: 2.3214  s1.loss_cls: 1.0491  s1.pos_acc: 40.0000  s1.loss_bbox: 0.5469  s1.loss_iou: 2.1761
2026/03/30 21:37:19 - mmengine - INFO - Epoch(train)  [1][ 2400/10002]  lr: 5.0000e-06  eta: 1 day, 1:07:59  time: 0.3841  data_time: 0.0030  memory: 7329  grad_norm: 111.9470  loss: 15.6989  rpn_s.0.loss_cls: 1.1878  rpn_s.0.loss_bbox: 0.2338  rpn_s.0.loss_giou: 1.0974  rpn_s.1.loss_cls: 0.9851  rpn_s.1.loss_bbox: 0.1414  rpn_s.1.loss_giou: 0.7134  rpn_s.2.loss_cls: 0.9152  rpn_s.2.loss_bbox: 0.1224  rpn_s.2.loss_giou: 0.6231  rpn_s.3.loss_cls: 0.9105  rpn_s.3.loss_bbox: 0.1136  rpn_s.3.loss_giou: 0.5908  s0.loss_cls: 0.9888  s0.pos_acc: 0.0000  s0.loss_bbox: 0.6981  s0.loss_iou: 2.4128  s1.loss_cls: 1.0360  s1.pos_acc: 7.1429  s1.loss_bbox: 0.6631  s1.loss_iou: 2.2657
2026/03/30 21:37:38 - mmengine - INFO - Epoch(train)  [1][ 2450/10002]  lr: 5.0000e-06  eta: 1 day, 1:07:30  time: 0.3787  data_time: 0.0030  memory: 7329  grad_norm: 112.4295  loss: 15.0838  rpn_s.0.loss_cls: 1.1447  rpn_s.0.loss_bbox: 0.2046  rpn_s.0.loss_giou: 1.1394  rpn_s.1.loss_cls: 0.9288  rpn_s.1.loss_bbox: 0.1118  rpn_s.1.loss_giou: 0.6926  rpn_s.2.loss_cls: 0.8745  rpn_s.2.loss_bbox: 0.0946  rpn_s.2.loss_giou: 0.6068  rpn_s.3.loss_cls: 0.8633  rpn_s.3.loss_bbox: 0.0872  rpn_s.3.loss_giou: 0.5820  s0.loss_cls: 0.9547  s0.pos_acc: 42.3077  s0.loss_bbox: 0.7124  s0.loss_iou: 2.2338  s1.loss_cls: 1.0275  s1.pos_acc: 46.1538  s1.loss_bbox: 0.6493  s1.loss_iou: 2.1757
2026/03/30 21:37:57 - mmengine - INFO - Epoch(train)  [1][ 2500/10002]  lr: 5.0000e-06  eta: 1 day, 1:07:36  time: 0.3858  data_time: 0.0029  memory: 7329  grad_norm: 102.6364  loss: 15.2592  rpn_s.0.loss_cls: 1.2395  rpn_s.0.loss_bbox: 0.1932  rpn_s.0.loss_giou: 1.1394  rpn_s.1.loss_cls: 1.0234  rpn_s.1.loss_bbox: 0.1055  rpn_s.1.loss_giou: 0.7189  rpn_s.2.loss_cls: 0.9488  rpn_s.2.loss_bbox: 0.0911  rpn_s.2.loss_giou: 0.6347  rpn_s.3.loss_cls: 0.9382  rpn_s.3.loss_bbox: 0.0862  rpn_s.3.loss_giou: 0.6149  s0.loss_cls: 0.9690  s0.pos_acc: 60.0000  s0.loss_bbox: 0.6215  s0.loss_iou: 2.2517  s1.loss_cls: 1.0334  s1.pos_acc: 60.0000  s1.loss_bbox: 0.5069  s1.loss_iou: 2.1429
2026/03/30 21:38:16 - mmengine - INFO - Epoch(train)  [1][ 2550/10002]  lr: 5.0000e-06  eta: 1 day, 1:07:35  time: 0.3846  data_time: 0.0029  memory: 7329  grad_norm: 94.3659  loss: 15.0388  rpn_s.0.loss_cls: 1.1320  rpn_s.0.loss_bbox: 0.2113  rpn_s.0.loss_giou: 1.1337  rpn_s.1.loss_cls: 0.8948  rpn_s.1.loss_bbox: 0.1184  rpn_s.1.loss_giou: 0.7221  rpn_s.2.loss_cls: 0.8786  rpn_s.2.loss_bbox: 0.1024  rpn_s.2.loss_giou: 0.6336  rpn_s.3.loss_cls: 0.8351  rpn_s.3.loss_bbox: 0.1001  rpn_s.3.loss_giou: 0.6075  s0.loss_cls: 0.9484  s0.pos_acc: 42.3077  s0.loss_bbox: 0.6557  s0.loss_iou: 2.2862  s1.loss_cls: 0.9895  s1.pos_acc: 42.3077  s1.loss_bbox: 0.5714  s1.loss_iou: 2.2179
2026/03/30 21:38:36 - mmengine - INFO - Epoch(train)  [1][ 2600/10002]  lr: 5.0000e-06  eta: 1 day, 1:08:25  time: 0.3961  data_time: 0.0029  memory: 7330  grad_norm: 89.6158  loss: 14.5453  rpn_s.0.loss_cls: 1.0598  rpn_s.0.loss_bbox: 0.1955  rpn_s.0.loss_giou: 1.1773  rpn_s.1.loss_cls: 0.8265  rpn_s.1.loss_bbox: 0.1102  rpn_s.1.loss_giou: 0.7058  rpn_s.2.loss_cls: 0.7847  rpn_s.2.loss_bbox: 0.0938  rpn_s.2.loss_giou: 0.6169  rpn_s.3.loss_cls: 0.7702  rpn_s.3.loss_bbox: 0.0878  rpn_s.3.loss_giou: 0.5907  s0.loss_cls: 0.8604  s0.pos_acc: 50.0000  s0.loss_bbox: 0.7120  s0.loss_iou: 2.2271  s1.loss_cls: 0.8990  s1.pos_acc: 57.8947  s1.loss_bbox: 0.6446  s1.loss_iou: 2.1830
2026/03/30 21:38:55 - mmengine - INFO - Epoch(train)  [1][ 2650/10002]  lr: 5.0000e-06  eta: 1 day, 1:08:43  time: 0.3894  data_time: 0.0029  memory: 7330  grad_norm: 103.9409  loss: 14.7843  rpn_s.0.loss_cls: 1.1104  rpn_s.0.loss_bbox: 0.2008  rpn_s.0.loss_giou: 1.2084  rpn_s.1.loss_cls: 0.8923  rpn_s.1.loss_bbox: 0.1084  rpn_s.1.loss_giou: 0.7233  rpn_s.2.loss_cls: 0.8359  rpn_s.2.loss_bbox: 0.0899  rpn_s.2.loss_giou: 0.6282  rpn_s.3.loss_cls: 0.8236  rpn_s.3.loss_bbox: 0.0855  rpn_s.3.loss_giou: 0.6088  s0.loss_cls: 0.9095  s0.pos_acc: 45.0000  s0.loss_bbox: 0.6382  s0.loss_iou: 2.2217  s1.loss_cls: 0.9610  s1.pos_acc: 45.0000  s1.loss_bbox: 0.5820  s1.loss_iou: 2.1567
2026/03/30 21:39:14 - mmengine - INFO - Epoch(train)  [1][ 2700/10002]  lr: 5.0000e-06  eta: 1 day, 1:08:22  time: 0.3810  data_time: 0.0029  memory: 7329  grad_norm: 106.4812  loss: 15.1755  rpn_s.0.loss_cls: 1.1732  rpn_s.0.loss_bbox: 0.1989  rpn_s.0.loss_giou: 1.0855  rpn_s.1.loss_cls: 0.9732  rpn_s.1.loss_bbox: 0.1155  rpn_s.1.loss_giou: 0.6864  rpn_s.2.loss_cls: 0.8900  rpn_s.2.loss_bbox: 0.1018  rpn_s.2.loss_giou: 0.6085  rpn_s.3.loss_cls: 0.8951  rpn_s.3.loss_bbox: 0.0952  rpn_s.3.loss_giou: 0.5895  s0.loss_cls: 0.9746  s0.pos_acc: 59.6774  s0.loss_bbox: 0.6630  s0.loss_iou: 2.3164  s1.loss_cls: 1.0359  s1.pos_acc: 45.9677  s1.loss_bbox: 0.5945  s1.loss_iou: 2.1783
2026/03/30 21:39:33 - mmengine - INFO - Epoch(train)  [1][ 2750/10002]  lr: 5.0000e-06  eta: 1 day, 1:07:36  time: 0.3750  data_time: 0.0029  memory: 7329  grad_norm: 109.2061  loss: 14.5008  rpn_s.0.loss_cls: 1.1244  rpn_s.0.loss_bbox: 0.2004  rpn_s.0.loss_giou: 1.0906  rpn_s.1.loss_cls: 0.9271  rpn_s.1.loss_bbox: 0.1082  rpn_s.1.loss_giou: 0.6418  rpn_s.2.loss_cls: 0.8620  rpn_s.2.loss_bbox: 0.0962  rpn_s.2.loss_giou: 0.5697  rpn_s.3.loss_cls: 0.8373  rpn_s.3.loss_bbox: 0.0890  rpn_s.3.loss_giou: 0.5482  s0.loss_cls: 0.9674  s0.pos_acc: 12.5000  s0.loss_bbox: 0.6231  s0.loss_iou: 2.1663  s1.loss_cls: 1.0044  s1.pos_acc: 25.0000  s1.loss_bbox: 0.5789  s1.loss_iou: 2.0659
2026/03/30 21:39:52 - mmengine - INFO - Epoch(train)  [1][ 2800/10002]  lr: 5.0000e-06  eta: 1 day, 1:07:13  time: 0.3802  data_time: 0.0029  memory: 7329  grad_norm: 105.7523  loss: 15.1573  rpn_s.0.loss_cls: 1.1353  rpn_s.0.loss_bbox: 0.2138  rpn_s.0.loss_giou: 1.0458  rpn_s.1.loss_cls: 0.9420  rpn_s.1.loss_bbox: 0.1242  rpn_s.1.loss_giou: 0.6765  rpn_s.2.loss_cls: 0.8825  rpn_s.2.loss_bbox: 0.1090  rpn_s.2.loss_giou: 0.6041  rpn_s.3.loss_cls: 0.8671  rpn_s.3.loss_bbox: 0.0989  rpn_s.3.loss_giou: 0.5805  s0.loss_cls: 0.9841  s0.pos_acc: 60.0000  s0.loss_bbox: 0.7495  s0.loss_iou: 2.2631  s1.loss_cls: 1.0331  s1.pos_acc: 55.0000  s1.loss_bbox: 0.6562  s1.loss_iou: 2.1915
2026/03/30 21:40:11 - mmengine - INFO - Epoch(train)  [1][ 2850/10002]  lr: 5.0000e-06  eta: 1 day, 1:07:02  time: 0.3833  data_time: 0.0029  memory: 7329  grad_norm: 97.9002  loss: 14.2064  rpn_s.0.loss_cls: 1.0239  rpn_s.0.loss_bbox: 0.2141  rpn_s.0.loss_giou: 1.1654  rpn_s.1.loss_cls: 0.8241  rpn_s.1.loss_bbox: 0.1138  rpn_s.1.loss_giou: 0.6834  rpn_s.2.loss_cls: 0.7820  rpn_s.2.loss_bbox: 0.0941  rpn_s.2.loss_giou: 0.5910  rpn_s.3.loss_cls: 0.7623  rpn_s.3.loss_bbox: 0.0889  rpn_s.3.loss_giou: 0.5725  s0.loss_cls: 0.8870  s0.pos_acc: 10.7143  s0.loss_bbox: 0.6836  s0.loss_iou: 2.1544  s1.loss_cls: 0.9169  s1.pos_acc: 25.0000  s1.loss_bbox: 0.5966  s1.loss_iou: 2.0523
2026/03/30 21:40:30 - mmengine - INFO - Epoch(train)  [1][ 2900/10002]  lr: 5.0000e-06  eta: 1 day, 1:06:46  time: 0.3818  data_time: 0.0029  memory: 7329  grad_norm: 90.5840  loss: 14.4670  rpn_s.0.loss_cls: 1.1087  rpn_s.0.loss_bbox: 0.2048  rpn_s.0.loss_giou: 1.1065  rpn_s.1.loss_cls: 0.8982  rpn_s.1.loss_bbox: 0.1144  rpn_s.1.loss_giou: 0.6695  rpn_s.2.loss_cls: 0.8422  rpn_s.2.loss_bbox: 0.0990  rpn_s.2.loss_giou: 0.5964  rpn_s.3.loss_cls: 0.8230  rpn_s.3.loss_bbox: 0.0913  rpn_s.3.loss_giou: 0.5740  s0.loss_cls: 0.9401  s0.pos_acc: 33.3333  s0.loss_bbox: 0.6457  s0.loss_iou: 2.1497  s1.loss_cls: 0.9866  s1.pos_acc: 37.5000  s1.loss_bbox: 0.5634  s1.loss_iou: 2.0535
2026/03/30 21:40:50 - mmengine - INFO - Epoch(train)  [1][ 2950/10002]  lr: 5.0000e-06  eta: 1 day, 1:06:49  time: 0.3868  data_time: 0.0029  memory: 7329  grad_norm: 103.2071  loss: 14.8001  rpn_s.0.loss_cls: 1.1577  rpn_s.0.loss_bbox: 0.1901  rpn_s.0.loss_giou: 1.0272  rpn_s.1.loss_cls: 0.9137  rpn_s.1.loss_bbox: 0.1287  rpn_s.1.loss_giou: 0.6747  rpn_s.2.loss_cls: 0.8584  rpn_s.2.loss_bbox: 0.1154  rpn_s.2.loss_giou: 0.6151  rpn_s.3.loss_cls: 0.8756  rpn_s.3.loss_bbox: 0.1129  rpn_s.3.loss_giou: 0.5975  s0.loss_cls: 0.9844  s0.pos_acc: 62.0192  s0.loss_bbox: 0.6012  s0.loss_iou: 2.2200  s1.loss_cls: 1.0346  s1.pos_acc: 58.8942  s1.loss_bbox: 0.5603  s1.loss_iou: 2.1326
2026/03/30 21:41:09 - mmengine - INFO - Exp name: GSDet_r50_b900_h2h4_h2r1_r2r1_2x_fair1m1.0_20260330_212154
2026/03/30 21:41:09 - mmengine - INFO - Epoch(train)  [1][ 3000/10002]  lr: 5.0000e-06  eta: 1 day, 1:06:33  time: 0.3820  data_time: 0.0029  memory: 7329  grad_norm: 92.0165  loss: 14.8249  rpn_s.0.loss_cls: 1.1903  rpn_s.0.loss_bbox: 0.2107  rpn_s.0.loss_giou: 1.0350  rpn_s.1.loss_cls: 0.9668  rpn_s.1.loss_bbox: 0.1493  rpn_s.1.loss_giou: 0.6863  rpn_s.2.loss_cls: 0.8934  rpn_s.2.loss_bbox: 0.1263  rpn_s.2.loss_giou: 0.6204  rpn_s.3.loss_cls: 0.8734  rpn_s.3.loss_bbox: 0.1292  rpn_s.3.loss_giou: 0.6019  s0.loss_cls: 0.9676  s0.pos_acc: 48.5714  s0.loss_bbox: 0.6323  s0.loss_iou: 2.1117  s1.loss_cls: 1.0380  s1.pos_acc: 47.1429  s1.loss_bbox: 0.5584  s1.loss_iou: 2.0341
2026/03/30 21:41:28 - mmengine - INFO - Epoch(train)  [1][ 3050/10002]  lr: 5.0000e-06  eta: 1 day, 1:06:13  time: 0.3812  data_time: 0.0029  memory: 7329  grad_norm: 108.2294  loss: 14.6111  rpn_s.0.loss_cls: 1.1263  rpn_s.0.loss_bbox: 0.1980  rpn_s.0.loss_giou: 1.0392  rpn_s.1.loss_cls: 0.8898  rpn_s.1.loss_bbox: 0.1246  rpn_s.1.loss_giou: 0.6753  rpn_s.2.loss_cls: 0.8376  rpn_s.2.loss_bbox: 0.1173  rpn_s.2.loss_giou: 0.6138  rpn_s.3.loss_cls: 0.8329  rpn_s.3.loss_bbox: 0.1013  rpn_s.3.loss_giou: 0.5936  s0.loss_cls: 0.9669  s0.pos_acc: 31.2500  s0.loss_bbox: 0.6066  s0.loss_iou: 2.2135  s1.loss_cls: 0.9891  s1.pos_acc: 62.5000  s1.loss_bbox: 0.5605  s1.loss_iou: 2.1249
2026/03/30 21:41:47 - mmengine - INFO - Epoch(train)  [1][ 3100/10002]  lr: 5.0000e-06  eta: 1 day, 1:05:49  time: 0.3800  data_time: 0.0029  memory: 7329  grad_norm: 110.0912  loss: 14.9290  rpn_s.0.loss_cls: 1.1622  rpn_s.0.loss_bbox: 0.2098  rpn_s.0.loss_giou: 1.1014  rpn_s.1.loss_cls: 0.9154  rpn_s.1.loss_bbox: 0.1250  rpn_s.1.loss_giou: 0.6832  rpn_s.2.loss_cls: 0.8745  rpn_s.2.loss_bbox: 0.1021  rpn_s.2.loss_giou: 0.6106  rpn_s.3.loss_cls: 0.8513  rpn_s.3.loss_bbox: 0.0973  rpn_s.3.loss_giou: 0.5941  s0.loss_cls: 0.9605  s0.pos_acc: 16.6667  s0.loss_bbox: 0.6393  s0.loss_iou: 2.2400  s1.loss_cls: 0.9964  s1.pos_acc: 16.6667  s1.loss_bbox: 0.5623  s1.loss_iou: 2.2039
2026/03/30 21:42:06 - mmengine - INFO - Epoch(train)  [1][ 3150/10002]  lr: 5.0000e-06  eta: 1 day, 1:06:06  time: 0.3908  data_time: 0.0031  memory: 7329  grad_norm: 107.9359  loss: 14.9667  rpn_s.0.loss_cls: 1.1721  rpn_s.0.loss_bbox: 0.2005  rpn_s.0.loss_giou: 1.1062  rpn_s.1.loss_cls: 0.9377  rpn_s.1.loss_bbox: 0.1205  rpn_s.1.loss_giou: 0.7112  rpn_s.2.loss_cls: 0.8826  rpn_s.2.loss_bbox: 0.1028  rpn_s.2.loss_giou: 0.6349  rpn_s.3.loss_cls: 0.8460  rpn_s.3.loss_bbox: 0.0955  rpn_s.3.loss_giou: 0.6096  s0.loss_cls: 0.9211  s0.pos_acc: 40.0000  s0.loss_bbox: 0.6594  s0.loss_iou: 2.2486  s1.loss_cls: 0.9996  s1.pos_acc: 30.0000  s1.loss_bbox: 0.5738  s1.loss_iou: 2.1445
2026/03/30 21:42:26 - mmengine - INFO - Epoch(train)  [1][ 3200/10002]  lr: 5.0000e-06  eta: 1 day, 1:05:57  time: 0.3843  data_time: 0.0033  memory: 7329  grad_norm: 93.7239  loss: 14.2760  rpn_s.0.loss_cls: 1.0888  rpn_s.0.loss_bbox: 0.2025  rpn_s.0.loss_giou: 1.0825  rpn_s.1.loss_cls: 0.8411  rpn_s.1.loss_bbox: 0.1161  rpn_s.1.loss_giou: 0.6680  rpn_s.2.loss_cls: 0.8019  rpn_s.2.loss_bbox: 0.1008  rpn_s.2.loss_giou: 0.6003  rpn_s.3.loss_cls: 0.7749  rpn_s.3.loss_bbox: 0.0955  rpn_s.3.loss_giou: 0.5831  s0.loss_cls: 0.8944  s0.pos_acc: 50.0000  s0.loss_bbox: 0.5972  s0.loss_iou: 2.2035  s1.loss_cls: 0.9412  s1.pos_acc: 50.0000  s1.loss_bbox: 0.5730  s1.loss_iou: 2.1114
2026/03/30 21:42:45 - mmengine - INFO - Epoch(train)  [1][ 3250/10002]  lr: 5.0000e-06  eta: 1 day, 1:06:22  time: 0.3936  data_time: 0.0031  memory: 7330  grad_norm: 103.0495  loss: 15.1884  rpn_s.0.loss_cls: 1.0968  rpn_s.0.loss_bbox: 0.2248  rpn_s.0.loss_giou: 1.2317  rpn_s.1.loss_cls: 0.9133  rpn_s.1.loss_bbox: 0.1219  rpn_s.1.loss_giou: 0.7498  rpn_s.2.loss_cls: 0.8762  rpn_s.2.loss_bbox: 0.1057  rpn_s.2.loss_giou: 0.6637  rpn_s.3.loss_cls: 0.8583  rpn_s.3.loss_bbox: 0.0982  rpn_s.3.loss_giou: 0.6362  s0.loss_cls: 0.8960  s0.pos_acc: 50.0000  s0.loss_bbox: 0.6407  s0.loss_iou: 2.3244  s1.loss_cls: 0.9348  s1.pos_acc: 52.9412  s1.loss_bbox: 0.5348  s1.loss_iou: 2.2811
2026/03/30 21:43:05 - mmengine - INFO - Epoch(train)  [1][ 3300/10002]  lr: 5.0000e-06  eta: 1 day, 1:06:26  time: 0.3881  data_time: 0.0033  memory: 7329  grad_norm: 124.5974  loss: 14.1465  rpn_s.0.loss_cls: 1.1008  rpn_s.0.loss_bbox: 0.1807  rpn_s.0.loss_giou: 1.0440  rpn_s.1.loss_cls: 0.8733  rpn_s.1.loss_bbox: 0.1117  rpn_s.1.loss_giou: 0.6555  rpn_s.2.loss_cls: 0.8243  rpn_s.2.loss_bbox: 0.0956  rpn_s.2.loss_giou: 0.5761  rpn_s.3.loss_cls: 0.8057  rpn_s.3.loss_bbox: 0.0903  rpn_s.3.loss_giou: 0.5599  s0.loss_cls: 0.9252  s0.pos_acc: 50.0000  s0.loss_bbox: 0.6517  s0.loss_iou: 2.0868  s1.loss_cls: 0.9605  s1.pos_acc: 28.5714  s1.loss_bbox: 0.6271  s1.loss_iou: 1.9774
2026/03/30 21:43:24 - mmengine - INFO - Epoch(train)  [1][ 3350/10002]  lr: 5.0000e-06  eta: 1 day, 1:06:04  time: 0.3810  data_time: 0.0030  memory: 7329  grad_norm: 114.8977  loss: 14.4052  rpn_s.0.loss_cls: 1.1013  rpn_s.0.loss_bbox: 0.2102  rpn_s.0.loss_giou: 1.0262  rpn_s.1.loss_cls: 0.8778  rpn_s.1.loss_bbox: 0.1270  rpn_s.1.loss_giou: 0.6340  rpn_s.2.loss_cls: 0.8421  rpn_s.2.loss_bbox: 0.1094  rpn_s.2.loss_giou: 0.5638  rpn_s.3.loss_cls: 0.8218  rpn_s.3.loss_bbox: 0.1030  rpn_s.3.loss_giou: 0.5404  s0.loss_cls: 0.9652  s0.pos_acc: 0.0000  s0.loss_bbox: 0.7789  s0.loss_iou: 2.0511  s1.loss_cls: 0.9949  s1.pos_acc: 0.0000  s1.loss_bbox: 0.7000  s1.loss_iou: 1.9584
2026/03/30 21:43:43 - mmengine - INFO - Epoch(train)  [1][ 3400/10002]  lr: 5.0000e-06  eta: 1 day, 1:05:33  time: 0.3782  data_time: 0.0029  memory: 7329  grad_norm: 106.6846  loss: 13.9627  rpn_s.0.loss_cls: 1.1383  rpn_s.0.loss_bbox: 0.1878  rpn_s.0.loss_giou: 1.0635  rpn_s.1.loss_cls: 0.9043  rpn_s.1.loss_bbox: 0.1021  rpn_s.1.loss_giou: 0.6395  rpn_s.2.loss_cls: 0.8558  rpn_s.2.loss_bbox: 0.0860  rpn_s.2.loss_giou: 0.5649  rpn_s.3.loss_cls: 0.8486  rpn_s.3.loss_bbox: 0.0799  rpn_s.3.loss_giou: 0.5428  s0.loss_cls: 0.9405  s0.pos_acc: 50.0000  s0.loss_bbox: 0.5854  s0.loss_iou: 1.9959  s1.loss_cls: 0.9883  s1.pos_acc: 58.3333  s1.loss_bbox: 0.5296  s1.loss_iou: 1.9094
2026/03/30 21:44:02 - mmengine - INFO - Epoch(train)  [1][ 3450/10002]  lr: 5.0000e-06  eta: 1 day, 1:05:22  time: 0.3840  data_time: 0.0029  memory: 7330  grad_norm: 100.1031  loss: 14.2843  rpn_s.0.loss_cls: 1.0653  rpn_s.0.loss_bbox: 0.1868  rpn_s.0.loss_giou: 1.0719  rpn_s.1.loss_cls: 0.8776  rpn_s.1.loss_bbox: 0.1062  rpn_s.1.loss_giou: 0.6730  rpn_s.2.loss_cls: 0.8015  rpn_s.2.loss_bbox: 0.0951  rpn_s.2.loss_giou: 0.6048  rpn_s.3.loss_cls: 0.8094  rpn_s.3.loss_bbox: 0.0894  rpn_s.3.loss_giou: 0.5813  s0.loss_cls: 0.9131  s0.pos_acc: 41.6667  s0.loss_bbox: 0.6149  s0.loss_iou: 2.1836  s1.loss_cls: 0.9483  s1.pos_acc: 42.7083  s1.loss_bbox: 0.5507  s1.loss_iou: 2.1114
2026/03/30 21:44:21 - mmengine - INFO - Epoch(train)  [1][ 3500/10002]  lr: 5.0000e-06  eta: 1 day, 1:05:19  time: 0.3865  data_time: 0.0029  memory: 7330  grad_norm: 102.8232  loss: 13.7835  rpn_s.0.loss_cls: 1.0559  rpn_s.0.loss_bbox: 0.1801  rpn_s.0.loss_giou: 1.0920  rpn_s.1.loss_cls: 0.8093  rpn_s.1.loss_bbox: 0.0954  rpn_s.1.loss_giou: 0.6384  rpn_s.2.loss_cls: 0.7544  rpn_s.2.loss_bbox: 0.0818  rpn_s.2.loss_giou: 0.5617  rpn_s.3.loss_cls: 0.7395  rpn_s.3.loss_bbox: 0.0756  rpn_s.3.loss_giou: 0.5420  s0.loss_cls: 0.8774  s0.pos_acc: 50.0000  s0.loss_bbox: 0.6954  s0.loss_iou: 2.0683  s1.loss_cls: 0.9269  s1.pos_acc: 100.0000  s1.loss_bbox: 0.6051  s1.loss_iou: 1.9843
2026/03/30 21:44:40 - mmengine - INFO - Epoch(train)  [1][ 3550/10002]  lr: 5.0000e-06  eta: 1 day, 1:04:54  time: 0.3801  data_time: 0.0029  memory: 7329  grad_norm: 104.7409  loss: 14.0044  rpn_s.0.loss_cls: 1.0408  rpn_s.0.loss_bbox: 0.1865  rpn_s.0.loss_giou: 1.1167  rpn_s.1.loss_cls: 0.8349  rpn_s.1.loss_bbox: 0.0960  rpn_s.1.loss_giou: 0.6639  rpn_s.2.loss_cls: 0.7925  rpn_s.2.loss_bbox: 0.0825  rpn_s.2.loss_giou: 0.5792  rpn_s.3.loss_cls: 0.7705  rpn_s.3.loss_bbox: 0.0785  rpn_s.3.loss_giou: 0.5534  s0.loss_cls: 0.8790  s0.pos_acc: 26.3158  s0.loss_bbox: 0.6454  s0.loss_iou: 2.1209  s1.loss_cls: 0.9136  s1.pos_acc: 15.7895  s1.loss_bbox: 0.6047  s1.loss_iou: 2.0454
2026/03/30 21:44:59 - mmengine - INFO - Epoch(train)  [1][ 3600/10002]  lr: 5.0000e-06  eta: 1 day, 1:04:37  time: 0.3824  data_time: 0.0029  memory: 7329  grad_norm: 104.9157  loss: 14.0432  rpn_s.0.loss_cls: 1.0644  rpn_s.0.loss_bbox: 0.1912  rpn_s.0.loss_giou: 1.0538  rpn_s.1.loss_cls: 0.8766  rpn_s.1.loss_bbox: 0.1035  rpn_s.1.loss_giou: 0.6418  rpn_s.2.loss_cls: 0.8521  rpn_s.2.loss_bbox: 0.0872  rpn_s.2.loss_giou: 0.5595  rpn_s.3.loss_cls: 0.8135  rpn_s.3.loss_bbox: 0.0831  rpn_s.3.loss_giou: 0.5420  s0.loss_cls: 0.9663  s0.pos_acc: 25.0000  s0.loss_bbox: 0.6200  s0.loss_iou: 2.0071  s1.loss_cls: 1.0103  s1.pos_acc: 12.5000  s1.loss_bbox: 0.6072  s1.loss_iou: 1.9637
2026/03/30 21:45:19 - mmengine - INFO - Epoch(train)  [1][ 3650/10002]  lr: 5.0000e-06  eta: 1 day, 1:04:32  time: 0.3864  data_time: 0.0029  memory: 7329  grad_norm: 102.4035  loss: 13.9439  rpn_s.0.loss_cls: 1.0497  rpn_s.0.loss_bbox: 0.1764  rpn_s.0.loss_giou: 1.0240  rpn_s.1.loss_cls: 0.8568  rpn_s.1.loss_bbox: 0.0985  rpn_s.1.loss_giou: 0.6408  rpn_s.2.loss_cls: 0.7875  rpn_s.2.loss_bbox: 0.0872  rpn_s.2.loss_giou: 0.5703  rpn_s.3.loss_cls: 0.7842  rpn_s.3.loss_bbox: 0.0821  rpn_s.3.loss_giou: 0.5516  s0.loss_cls: 0.9254  s0.pos_acc: 25.0000  s0.loss_bbox: 0.6727  s0.loss_iou: 2.0621  s1.loss_cls: 0.9577  s1.pos_acc: 50.0000  s1.loss_bbox: 0.6162  s1.loss_iou: 2.0007
2026/03/30 21:45:38 - mmengine - INFO - Epoch(train)  [1][ 3700/10002]  lr: 5.0000e-06  eta: 1 day, 1:04:10  time: 0.3807  data_time: 0.0029  memory: 7329  grad_norm: 108.7363  loss: 14.3996  rpn_s.0.loss_cls: 1.0708  rpn_s.0.loss_bbox: 0.1892  rpn_s.0.loss_giou: 1.0038  rpn_s.1.loss_cls: 0.8581  rpn_s.1.loss_bbox: 0.1190  rpn_s.1.loss_giou: 0.6633  rpn_s.2.loss_cls: 0.8192  rpn_s.2.loss_bbox: 0.1051  rpn_s.2.loss_giou: 0.6076  rpn_s.3.loss_cls: 0.8180  rpn_s.3.loss_bbox: 0.0949  rpn_s.3.loss_giou: 0.5875  s0.loss_cls: 0.9374  s0.pos_acc: 59.5238  s0.loss_bbox: 0.7257  s0.loss_iou: 2.1385  s1.loss_cls: 0.9800  s1.pos_acc: 60.7143  s1.loss_bbox: 0.6728  s1.loss_iou: 2.0085
2026/03/30 21:45:57 - mmengine - INFO - Epoch(train)  [1][ 3750/10002]  lr: 5.0000e-06  eta: 1 day, 1:03:48  time: 0.3812  data_time: 0.0029  memory: 7329  grad_norm: 105.7475  loss: 14.4983  rpn_s.0.loss_cls: 1.1266  rpn_s.0.loss_bbox: 0.1908  rpn_s.0.loss_giou: 1.0019  rpn_s.1.loss_cls: 0.8880  rpn_s.1.loss_bbox: 0.1154  rpn_s.1.loss_giou: 0.6442  rpn_s.2.loss_cls: 0.8561  rpn_s.2.loss_bbox: 0.1028  rpn_s.2.loss_giou: 0.5803  rpn_s.3.loss_cls: 0.8272  rpn_s.3.loss_bbox: 0.0997  rpn_s.3.loss_giou: 0.5670  s0.loss_cls: 0.9757  s0.pos_acc: 70.0000  s0.loss_bbox: 0.6882  s0.loss_iou: 2.1370  s1.loss_cls: 0.9983  s1.pos_acc: 90.0000  s1.loss_bbox: 0.6174  s1.loss_iou: 2.0817
2026/03/30 21:46:16 - mmengine - INFO - Epoch(train)  [1][ 3800/10002]  lr: 5.0000e-06  eta: 1 day, 1:03:52  time: 0.3892  data_time: 0.0029  memory: 7329  grad_norm: 87.7811  loss: 14.7395  rpn_s.0.loss_cls: 1.1021  rpn_s.0.loss_bbox: 0.1923  rpn_s.0.loss_giou: 1.1294  rpn_s.1.loss_cls: 0.8960  rpn_s.1.loss_bbox: 0.1090  rpn_s.1.loss_giou: 0.7101  rpn_s.2.loss_cls: 0.8629  rpn_s.2.loss_bbox: 0.0951  rpn_s.2.loss_giou: 0.6406  rpn_s.3.loss_cls: 0.8223  rpn_s.3.loss_bbox: 0.0898  rpn_s.3.loss_giou: 0.6188  s0.loss_cls: 0.8712  s0.pos_acc: 5.0000  s0.loss_bbox: 0.6165  s0.loss_iou: 2.2999  s1.loss_cls: 0.8948  s1.pos_acc: 17.5000  s1.loss_bbox: 0.5541  s1.loss_iou: 2.2348
2026/03/30 21:46:35 - mmengine - INFO - Epoch(train)  [1][ 3850/10002]  lr: 5.0000e-06  eta: 1 day, 1:03:26  time: 0.3798  data_time: 0.0029  memory: 7329  grad_norm: 93.3076  loss: 14.1009  rpn_s.0.loss_cls: 1.0524  rpn_s.0.loss_bbox: 0.2105  rpn_s.0.loss_giou: 1.1832  rpn_s.1.loss_cls: 0.8147  rpn_s.1.loss_bbox: 0.1046  rpn_s.1.loss_giou: 0.6976  rpn_s.2.loss_cls: 0.7794  rpn_s.2.loss_bbox: 0.0902  rpn_s.2.loss_giou: 0.6161  rpn_s.3.loss_cls: 0.7426  rpn_s.3.loss_bbox: 0.0825  rpn_s.3.loss_giou: 0.5963  s0.loss_cls: 0.8567  s0.pos_acc: 78.1250  s0.loss_bbox: 0.6763  s0.loss_iou: 2.1082  s1.loss_cls: 0.8760  s1.pos_acc: 78.1250  s1.loss_bbox: 0.5695  s1.loss_iou: 2.0443
2026/03/30 21:46:54 - mmengine - INFO - Epoch(train)  [1][ 3900/10002]  lr: 5.0000e-06  eta: 1 day, 1:03:14  time: 0.3843  data_time: 0.0029  memory: 7329  grad_norm: 90.4927  loss: 13.5001  rpn_s.0.loss_cls: 1.0091  rpn_s.0.loss_bbox: 0.1956  rpn_s.0.loss_giou: 1.0551  rpn_s.1.loss_cls: 0.8389  rpn_s.1.loss_bbox: 0.1016  rpn_s.1.loss_giou: 0.6253  rpn_s.2.loss_cls: 0.7646  rpn_s.2.loss_bbox: 0.0902  rpn_s.2.loss_giou: 0.5496  rpn_s.3.loss_cls: 0.7405  rpn_s.3.loss_bbox: 0.0830  rpn_s.3.loss_giou: 0.5238  s0.loss_cls: 0.8565  s0.pos_acc: 55.7692  s0.loss_bbox: 0.6467  s0.loss_iou: 1.9938  s1.loss_cls: 0.8961  s1.pos_acc: 55.7692  s1.loss_bbox: 0.5891  s1.loss_iou: 1.9406
2026/03/30 21:47:14 - mmengine - INFO - Epoch(train)  [1][ 3950/10002]  lr: 5.0000e-06  eta: 1 day, 1:03:17  time: 0.3891  data_time: 0.0029  memory: 7330  grad_norm: 113.1977  loss: 13.4217  rpn_s.0.loss_cls: 1.0781  rpn_s.0.loss_bbox: 0.1675  rpn_s.0.loss_giou: 0.9574  rpn_s.1.loss_cls: 0.8659  rpn_s.1.loss_bbox: 0.0950  rpn_s.1.loss_giou: 0.5975  rpn_s.2.loss_cls: 0.8216  rpn_s.2.loss_bbox: 0.0791  rpn_s.2.loss_giou: 0.5244  rpn_s.3.loss_cls: 0.7909  rpn_s.3.loss_bbox: 0.0772  rpn_s.3.loss_giou: 0.5140  s0.loss_cls: 0.9388  s0.pos_acc: 57.6923  s0.loss_bbox: 0.6662  s0.loss_iou: 1.8574  s1.loss_cls: 0.9656  s1.pos_acc: 38.4615  s1.loss_bbox: 0.6384  s1.loss_iou: 1.7867
2026/03/30 21:47:33 - mmengine - INFO - Exp name: GSDet_r50_b900_h2h4_h2r1_r2r1_2x_fair1m1.0_20260330_212154
2026/03/30 21:47:33 - mmengine - INFO - Epoch(train)  [1][ 4000/10002]  lr: 5.0000e-06  eta: 1 day, 1:02:50  time: 0.3795  data_time: 0.0029  memory: 7329  grad_norm: 95.5836  loss: 14.3670  rpn_s.0.loss_cls: 1.0397  rpn_s.0.loss_bbox: 0.2011  rpn_s.0.loss_giou: 1.1456  rpn_s.1.loss_cls: 0.8313  rpn_s.1.loss_bbox: 0.1115  rpn_s.1.loss_giou: 0.6928  rpn_s.2.loss_cls: 0.7829  rpn_s.2.loss_bbox: 0.0981  rpn_s.2.loss_giou: 0.6181  rpn_s.3.loss_cls: 0.7614  rpn_s.3.loss_bbox: 0.0958  rpn_s.3.loss_giou: 0.5976  s0.loss_cls: 0.8429  s0.pos_acc: 50.0000  s0.loss_bbox: 0.7261  s0.loss_iou: 2.2135  s1.loss_cls: 0.8874  s1.pos_acc: 33.3333  s1.loss_bbox: 0.6072  s1.loss_iou: 2.1140
2026/03/30 21:47:52 - mmengine - INFO - Epoch(train)  [1][ 4050/10002]  lr: 5.0000e-06  eta: 1 day, 1:02:35  time: 0.3833  data_time: 0.0029  memory: 7329  grad_norm: 103.8323  loss: 14.3688  rpn_s.0.loss_cls: 1.0708  rpn_s.0.loss_bbox: 0.1950  rpn_s.0.loss_giou: 1.1508  rpn_s.1.loss_cls: 0.8452  rpn_s.1.loss_bbox: 0.1176  rpn_s.1.loss_giou: 0.7177  rpn_s.2.loss_cls: 0.7964  rpn_s.2.loss_bbox: 0.0993  rpn_s.2.loss_giou: 0.6392  rpn_s.3.loss_cls: 0.7786  rpn_s.3.loss_bbox: 0.0965  rpn_s.3.loss_giou: 0.6220  s0.loss_cls: 0.8442  s0.pos_acc: 50.0000  s0.loss_bbox: 0.5714  s0.loss_iou: 2.2271  s1.loss_cls: 0.8905  s1.pos_acc: 57.1429  s1.loss_bbox: 0.5339  s1.loss_iou: 2.1726
2026/03/30 21:48:11 - mmengine - INFO - Epoch(train)  [1][ 4100/10002]  lr: 5.0000e-06  eta: 1 day, 1:02:18  time: 0.3829  data_time: 0.0029  memory: 7329  grad_norm: 95.0131  loss: 13.8157  rpn_s.0.loss_cls: 1.0128  rpn_s.0.loss_bbox: 0.1849  rpn_s.0.loss_giou: 1.0309  rpn_s.1.loss_cls: 0.8143  rpn_s.1.loss_bbox: 0.1152  rpn_s.1.loss_giou: 0.6520  rpn_s.2.loss_cls: 0.7718  rpn_s.2.loss_bbox: 0.0990  rpn_s.2.loss_giou: 0.5907  rpn_s.3.loss_cls: 0.7314  rpn_s.3.loss_bbox: 0.0910  rpn_s.3.loss_giou: 0.5629  s0.loss_cls: 0.8521  s0.pos_acc: 65.9574  s0.loss_bbox: 0.5966  s0.loss_iou: 2.1616  s1.loss_cls: 0.8984  s1.pos_acc: 56.3830  s1.loss_bbox: 0.5754  s1.loss_iou: 2.0749
2026/03/30 21:48:30 - mmengine - INFO - Epoch(train)  [1][ 4150/10002]  lr: 5.0000e-06  eta: 1 day, 1:02:06  time: 0.3843  data_time: 0.0029  memory: 7330  grad_norm: 107.9916  loss: 13.5041  rpn_s.0.loss_cls: 1.0655  rpn_s.0.loss_bbox: 0.1742  rpn_s.0.loss_giou: 0.9710  rpn_s.1.loss_cls: 0.8578  rpn_s.1.loss_bbox: 0.1023  rpn_s.1.loss_giou: 0.6097  rpn_s.2.loss_cls: 0.8310  rpn_s.2.loss_bbox: 0.0916  rpn_s.2.loss_giou: 0.5440  rpn_s.3.loss_cls: 0.7963  rpn_s.3.loss_bbox: 0.0843  rpn_s.3.loss_giou: 0.5176  s0.loss_cls: 0.9050  s0.pos_acc: 68.1586  s0.loss_bbox: 0.5823  s0.loss_iou: 1.9878  s1.loss_cls: 0.9397  s1.pos_acc: 64.1944  s1.loss_bbox: 0.5320  s1.loss_iou: 1.9121
2026/03/30 21:48:49 - mmengine - INFO - Epoch(train)  [1][ 4200/10002]  lr: 5.0000e-06  eta: 1 day, 1:01:40  time: 0.3798  data_time: 0.0029  memory: 7329  grad_norm: 96.2436  loss: 13.3350  rpn_s.0.loss_cls: 0.9975  rpn_s.0.loss_bbox: 0.1777  rpn_s.0.loss_giou: 1.0481  rpn_s.1.loss_cls: 0.8023  rpn_s.1.loss_bbox: 0.0866  rpn_s.1.loss_giou: 0.6205  rpn_s.2.loss_cls: 0.7625  rpn_s.2.loss_bbox: 0.0747  rpn_s.2.loss_giou: 0.5453  rpn_s.3.loss_cls: 0.7243  rpn_s.3.loss_bbox: 0.0708  rpn_s.3.loss_giou: 0.5326  s0.loss_cls: 0.8696  s0.pos_acc: 38.3721  s0.loss_bbox: 0.6848  s0.loss_iou: 1.9774  s1.loss_cls: 0.8916  s1.pos_acc: 33.7209  s1.loss_bbox: 0.5629  s1.loss_iou: 1.9059
2026/03/30 21:49:09 - mmengine - INFO - Epoch(train)  [1][ 4250/10002]  lr: 5.0000e-06  eta: 1 day, 1:01:35  time: 0.3868  data_time: 0.0029  memory: 7329  grad_norm: 104.3920  loss: 13.3897  rpn_s.0.loss_cls: 1.0706  rpn_s.0.loss_bbox: 0.1801  rpn_s.0.loss_giou: 0.9742  rpn_s.1.loss_cls: 0.8647  rpn_s.1.loss_bbox: 0.1070  rpn_s.1.loss_giou: 0.6080  rpn_s.2.loss_cls: 0.7936  rpn_s.2.loss_bbox: 0.0968  rpn_s.2.loss_giou: 0.5366  rpn_s.3.loss_cls: 0.7858  rpn_s.3.loss_bbox: 0.0894  rpn_s.3.loss_giou: 0.5149  s0.loss_cls: 0.9073  s0.pos_acc: 0.0000  s0.loss_bbox: 0.6162  s0.loss_iou: 1.9074  s1.loss_cls: 0.9439  s1.pos_acc: 25.0000  s1.loss_bbox: 0.5607  s1.loss_iou: 1.8324
2026/03/30 21:49:28 - mmengine - INFO - Epoch(train)  [1][ 4300/10002]  lr: 5.0000e-06  eta: 1 day, 1:01:18  time: 0.3831  data_time: 0.0028  memory: 7329  grad_norm: 99.7276  loss: 13.8676  rpn_s.0.loss_cls: 1.0635  rpn_s.0.loss_bbox: 0.1910  rpn_s.0.loss_giou: 1.0947  rpn_s.1.loss_cls: 0.8701  rpn_s.1.loss_bbox: 0.1097  rpn_s.1.loss_giou: 0.6721  rpn_s.2.loss_cls: 0.8254  rpn_s.2.loss_bbox: 0.0936  rpn_s.2.loss_giou: 0.5872  rpn_s.3.loss_cls: 0.7832  rpn_s.3.loss_bbox: 0.0881  rpn_s.3.loss_giou: 0.5627  s0.loss_cls: 0.8489  s0.pos_acc: 58.8235  s0.loss_bbox: 0.6441  s0.loss_iou: 2.0115  s1.loss_cls: 0.8960  s1.pos_acc: 52.9412  s1.loss_bbox: 0.5668  s1.loss_iou: 1.9590
2026/03/30 21:49:47 - mmengine - INFO - Epoch(train)  [1][ 4350/10002]  lr: 5.0000e-06  eta: 1 day, 1:00:50  time: 0.3787  data_time: 0.0028  memory: 7329  grad_norm: 100.1417  loss: 12.9903  rpn_s.0.loss_cls: 0.9701  rpn_s.0.loss_bbox: 0.1831  rpn_s.0.loss_giou: 1.0142  rpn_s.1.loss_cls: 0.7601  rpn_s.1.loss_bbox: 0.1064  rpn_s.1.loss_giou: 0.6111  rpn_s.2.loss_cls: 0.7111  rpn_s.2.loss_bbox: 0.0921  rpn_s.2.loss_giou: 0.5318  rpn_s.3.loss_cls: 0.6882  rpn_s.3.loss_bbox: 0.0884  rpn_s.3.loss_giou: 0.5125  s0.loss_cls: 0.8397  s0.pos_acc: 66.2162  s0.loss_bbox: 0.7206  s0.loss_iou: 1.8745  s1.loss_cls: 0.8730  s1.pos_acc: 72.9730  s1.loss_bbox: 0.6012  s1.loss_iou: 1.8124
2026/03/30 21:50:06 - mmengine - INFO - Epoch(train)  [1][ 4400/10002]  lr: 5.0000e-06  eta: 1 day, 1:00:33  time: 0.3827  data_time: 0.0028  memory: 7329  grad_norm: 89.2094  loss: 13.6231  rpn_s.0.loss_cls: 1.0125  rpn_s.0.loss_bbox: 0.1837  rpn_s.0.loss_giou: 1.0976  rpn_s.1.loss_cls: 0.8131  rpn_s.1.loss_bbox: 0.1001  rpn_s.1.loss_giou: 0.6733  rpn_s.2.loss_cls: 0.7537  rpn_s.2.loss_bbox: 0.0876  rpn_s.2.loss_giou: 0.5915  rpn_s.3.loss_cls: 0.7239  rpn_s.3.loss_bbox: 0.0839  rpn_s.3.loss_giou: 0.5686  s0.loss_cls: 0.8494  s0.pos_acc: 50.0000  s0.loss_bbox: 0.5912  s0.loss_iou: 2.0722  s1.loss_cls: 0.8886  s1.pos_acc: 27.2727  s1.loss_bbox: 0.5428  s1.loss_iou: 1.9895
2026/03/30 21:50:25 - mmengine - INFO - Epoch(train)  [1][ 4450/10002]  lr: 5.0000e-06  eta: 1 day, 1:00:24  time: 0.3862  data_time: 0.0029  memory: 7329  grad_norm: 84.6536  loss: 13.8226  rpn_s.0.loss_cls: 1.0420  rpn_s.0.loss_bbox: 0.1893  rpn_s.0.loss_giou: 1.0651  rpn_s.1.loss_cls: 0.8442  rpn_s.1.loss_bbox: 0.1083  rpn_s.1.loss_giou: 0.6603  rpn_s.2.loss_cls: 0.8050  rpn_s.2.loss_bbox: 0.0930  rpn_s.2.loss_giou: 0.5836  rpn_s.3.loss_cls: 0.8026  rpn_s.3.loss_bbox: 0.0854  rpn_s.3.loss_giou: 0.5411  s0.loss_cls: 0.8643  s0.pos_acc: 27.2727  s0.loss_bbox: 0.6369  s0.loss_iou: 2.0536  s1.loss_cls: 0.9068  s1.pos_acc: 45.4545  s1.loss_bbox: 0.5742  s1.loss_iou: 1.9667
2026/03/30 21:50:45 - mmengine - INFO - Epoch(train)  [1][ 4500/10002]  lr: 5.0000e-06  eta: 1 day, 1:00:24  time: 0.3893  data_time: 0.0029  memory: 7329  grad_norm: 96.5096  loss: 13.8162  rpn_s.0.loss_cls: 1.0154  rpn_s.0.loss_bbox: 0.1843  rpn_s.0.loss_giou: 1.0829  rpn_s.1.loss_cls: 0.8173  rpn_s.1.loss_bbox: 0.1063  rpn_s.1.loss_giou: 0.6541  rpn_s.2.loss_cls: 0.7670  rpn_s.2.loss_bbox: 0.0936  rpn_s.2.loss_giou: 0.5834  rpn_s.3.loss_cls: 0.7249  rpn_s.3.loss_bbox: 0.0840  rpn_s.3.loss_giou: 0.5527  s0.loss_cls: 0.8615  s0.pos_acc: 100.0000  s0.loss_bbox: 0.7154  s0.loss_iou: 2.0548  s1.loss_cls: 0.8954  s1.pos_acc: 25.0000  s1.loss_bbox: 0.6389  s1.loss_iou: 1.9844
2026/03/30 21:51:04 - mmengine - INFO - Epoch(train)  [1][ 4550/10002]  lr: 5.0000e-06  eta: 1 day, 0:59:57  time: 0.3791  data_time: 0.0029  memory: 7329  grad_norm: 112.4694  loss: 13.2232  rpn_s.0.loss_cls: 1.0569  rpn_s.0.loss_bbox: 0.1707  rpn_s.0.loss_giou: 0.8897  rpn_s.1.loss_cls: 0.8828  rpn_s.1.loss_bbox: 0.1103  rpn_s.1.loss_giou: 0.5805  rpn_s.2.loss_cls: 0.7961  rpn_s.2.loss_bbox: 0.0931  rpn_s.2.loss_giou: 0.5164  rpn_s.3.loss_cls: 0.7894  rpn_s.3.loss_bbox: 0.0888  rpn_s.3.loss_giou: 0.4933  s0.loss_cls: 0.9591  s0.pos_acc: 69.2308  s0.loss_bbox: 0.6613  s0.loss_iou: 1.8370  s1.loss_cls: 0.9960  s1.pos_acc: 76.9231  s1.loss_bbox: 0.5769  s1.loss_iou: 1.7248
2026/03/30 21:51:23 - mmengine - INFO - Epoch(train)  [1][ 4600/10002]  lr: 5.0000e-06  eta: 1 day, 0:59:28  time: 0.3783  data_time: 0.0029  memory: 7329  grad_norm: 93.6610  loss: 12.8559  rpn_s.0.loss_cls: 1.0093  rpn_s.0.loss_bbox: 0.1700  rpn_s.0.loss_giou: 0.9917  rpn_s.1.loss_cls: 0.8154  rpn_s.1.loss_bbox: 0.0948  rpn_s.1.loss_giou: 0.5893  rpn_s.2.loss_cls: 0.7565  rpn_s.2.loss_bbox: 0.0815  rpn_s.2.loss_giou: 0.5185  rpn_s.3.loss_cls: 0.7439  rpn_s.3.loss_bbox: 0.0744  rpn_s.3.loss_giou: 0.4942  s0.loss_cls: 0.8685  s0.pos_acc: 39.4737  s0.loss_bbox: 0.5958  s0.loss_iou: 1.8541  s1.loss_cls: 0.9162  s1.pos_acc: 42.1053  s1.loss_bbox: 0.5240  s1.loss_iou: 1.7578
2026/03/30 21:51:42 - mmengine - INFO - Epoch(train)  [1][ 4650/10002]  lr: 5.0000e-06  eta: 1 day, 0:59:04  time: 0.3802  data_time: 0.0029  memory: 7329  grad_norm: 105.2166  loss: 13.8386  rpn_s.0.loss_cls: 1.0727  rpn_s.0.loss_bbox: 0.1882  rpn_s.0.loss_giou: 1.0644  rpn_s.1.loss_cls: 0.8689  rpn_s.1.loss_bbox: 0.1039  rpn_s.1.loss_giou: 0.6343  rpn_s.2.loss_cls: 0.8172  rpn_s.2.loss_bbox: 0.0890  rpn_s.2.loss_giou: 0.5560  rpn_s.3.loss_cls: 0.7772  rpn_s.3.loss_bbox: 0.0850  rpn_s.3.loss_giou: 0.5401  s0.loss_cls: 0.8799  s0.pos_acc: 44.5946  s0.loss_bbox: 0.6917  s0.loss_iou: 1.9998  s1.loss_cls: 0.9251  s1.pos_acc: 41.2162  s1.loss_bbox: 0.6071  s1.loss_iou: 1.9380
2026/03/30 21:52:01 - mmengine - INFO - Epoch(train)  [1][ 4700/10002]  lr: 5.0000e-06  eta: 1 day, 0:59:08  time: 0.3913  data_time: 0.0029  memory: 7330  grad_norm: 91.7112  loss: 13.1291  rpn_s.0.loss_cls: 1.0369  rpn_s.0.loss_bbox: 0.1623  rpn_s.0.loss_giou: 0.9764  rpn_s.1.loss_cls: 0.8175  rpn_s.1.loss_bbox: 0.0910  rpn_s.1.loss_giou: 0.6040  rpn_s.2.loss_cls: 0.7635  rpn_s.2.loss_bbox: 0.0775  rpn_s.2.loss_giou: 0.5314  rpn_s.3.loss_cls: 0.7522  rpn_s.3.loss_bbox: 0.0734  rpn_s.3.loss_giou: 0.5140  s0.loss_cls: 0.8863  s0.pos_acc: 73.5294  s0.loss_bbox: 0.5923  s0.loss_iou: 1.9408  s1.loss_cls: 0.9202  s1.pos_acc: 71.7647  s1.loss_bbox: 0.5561  s1.loss_iou: 1.8332
2026/03/30 21:52:20 - mmengine - INFO - Epoch(train)  [1][ 4750/10002]  lr: 5.0000e-06  eta: 1 day, 0:58:45  time: 0.3805  data_time: 0.0030  memory: 7329  grad_norm: 109.0914  loss: 12.6523  rpn_s.0.loss_cls: 1.0065  rpn_s.0.loss_bbox: 0.1645  rpn_s.0.loss_giou: 0.8845  rpn_s.1.loss_cls: 0.7962  rpn_s.1.loss_bbox: 0.0909  rpn_s.1.loss_giou: 0.5557  rpn_s.2.loss_cls: 0.7572  rpn_s.2.loss_bbox: 0.0782  rpn_s.2.loss_giou: 0.4935  rpn_s.3.loss_cls: 0.7240  rpn_s.3.loss_bbox: 0.0762  rpn_s.3.loss_giou: 0.4814  s0.loss_cls: 0.8909  s0.pos_acc: 100.0000  s0.loss_bbox: 0.5890  s0.loss_iou: 1.8155  s1.loss_cls: 0.9444  s1.pos_acc: 70.0000  s1.loss_bbox: 0.5664  s1.loss_iou: 1.7373
2026/03/30 21:52:39 - mmengine - INFO - Epoch(train)  [1][ 4800/10002]  lr: 5.0000e-06  eta: 1 day, 0:58:07  time: 0.3747  data_time: 0.0029  memory: 7329  grad_norm: 99.2274  loss: 13.3987  rpn_s.0.loss_cls: 1.0452  rpn_s.0.loss_bbox: 0.1811  rpn_s.0.loss_giou: 1.1156  rpn_s.1.loss_cls: 0.8216  rpn_s.1.loss_bbox: 0.0965  rpn_s.1.loss_giou: 0.6322  rpn_s.2.loss_cls: 0.7517  rpn_s.2.loss_bbox: 0.0805  rpn_s.2.loss_giou: 0.5505  rpn_s.3.loss_cls: 0.7303  rpn_s.3.loss_bbox: 0.0762  rpn_s.3.loss_giou: 0.5320  s0.loss_cls: 0.8132  s0.pos_acc: 56.5217  s0.loss_bbox: 0.6785  s0.loss_iou: 1.9490  s1.loss_cls: 0.8648  s1.pos_acc: 58.6957  s1.loss_bbox: 0.6018  s1.loss_iou: 1.8780
2026/03/30 21:52:58 - mmengine - INFO - Epoch(train)  [1][ 4850/10002]  lr: 5.0000e-06  eta: 1 day, 0:57:42  time: 0.3795  data_time: 0.0029  memory: 7329  grad_norm: 99.1687  loss: 13.8924  rpn_s.0.loss_cls: 1.1089  rpn_s.0.loss_bbox: 0.2030  rpn_s.0.loss_giou: 1.0181  rpn_s.1.loss_cls: 0.8568  rpn_s.1.loss_bbox: 0.1143  rpn_s.1.loss_giou: 0.6246  rpn_s.2.loss_cls: 0.8265  rpn_s.2.loss_bbox: 0.0991  rpn_s.2.loss_giou: 0.5562  rpn_s.3.loss_cls: 0.7929  rpn_s.3.loss_bbox: 0.0889  rpn_s.3.loss_giou: 0.5344  s0.loss_cls: 0.8742  s0.pos_acc: 53.7500  s0.loss_bbox: 0.6618  s0.loss_iou: 2.0388  s1.loss_cls: 0.9251  s1.pos_acc: 63.7500  s1.loss_bbox: 0.6187  s1.loss_iou: 1.9500
2026/03/30 21:53:17 - mmengine - INFO - Epoch(train)  [1][ 4900/10002]  lr: 5.0000e-06  eta: 1 day, 0:57:03  time: 0.3740  data_time: 0.0030  memory: 7329  grad_norm: 95.2771  loss: 13.1699  rpn_s.0.loss_cls: 1.0241  rpn_s.0.loss_bbox: 0.1692  rpn_s.0.loss_giou: 1.0256  rpn_s.1.loss_cls: 0.8178  rpn_s.1.loss_bbox: 0.0886  rpn_s.1.loss_giou: 0.6213  rpn_s.2.loss_cls: 0.7551  rpn_s.2.loss_bbox: 0.0753  rpn_s.2.loss_giou: 0.5502  rpn_s.3.loss_cls: 0.7406  rpn_s.3.loss_bbox: 0.0700  rpn_s.3.loss_giou: 0.5310  s0.loss_cls: 0.8617  s0.pos_acc: 48.9130  s0.loss_bbox: 0.6622  s0.loss_iou: 1.8854  s1.loss_cls: 0.9166  s1.pos_acc: 57.6087  s1.loss_bbox: 0.5796  s1.loss_iou: 1.7957
2026/03/30 21:53:36 - mmengine - INFO - Epoch(train)  [1][ 4950/10002]  lr: 5.0000e-06  eta: 1 day, 0:56:42  time: 0.3809  data_time: 0.0030  memory: 7329  grad_norm: 105.0316  loss: 13.1539  rpn_s.0.loss_cls: 0.9902  rpn_s.0.loss_bbox: 0.1709  rpn_s.0.loss_giou: 0.9700  rpn_s.1.loss_cls: 0.8098  rpn_s.1.loss_bbox: 0.1044  rpn_s.1.loss_giou: 0.6253  rpn_s.2.loss_cls: 0.7609  rpn_s.2.loss_bbox: 0.0914  rpn_s.2.loss_giou: 0.5549  rpn_s.3.loss_cls: 0.7474  rpn_s.3.loss_bbox: 0.0859  rpn_s.3.loss_giou: 0.5344  s0.loss_cls: 0.8444  s0.pos_acc: 58.0952  s0.loss_bbox: 0.5857  s0.loss_iou: 1.9706  s1.loss_cls: 0.8811  s1.pos_acc: 53.3333  s1.loss_bbox: 0.5419  s1.loss_iou: 1.8846
2026/03/30 21:53:54 - mmengine - INFO - Exp name: GSDet_r50_b900_h2h4_h2r1_r2r1_2x_fair1m1.0_20260330_212154
2026/03/30 21:53:54 - mmengine - INFO - Epoch(train)  [1][ 5000/10002]  lr: 5.0000e-06  eta: 1 day, 0:56:07  time: 0.3751  data_time: 0.0030  memory: 7329  grad_norm: 91.9582  loss: 13.1738  rpn_s.0.loss_cls: 0.9944  rpn_s.0.loss_bbox: 0.1763  rpn_s.0.loss_giou: 1.0704  rpn_s.1.loss_cls: 0.7823  rpn_s.1.loss_bbox: 0.0944  rpn_s.1.loss_giou: 0.6366  rpn_s.2.loss_cls: 0.7127  rpn_s.2.loss_bbox: 0.0839  rpn_s.2.loss_giou: 0.5582  rpn_s.3.loss_cls: 0.7059  rpn_s.3.loss_bbox: 0.0797  rpn_s.3.loss_giou: 0.5404  s0.loss_cls: 0.8067  s0.pos_acc: 45.8333  s0.loss_bbox: 0.6755  s0.loss_iou: 1.9417  s1.loss_cls: 0.8552  s1.pos_acc: 46.8750  s1.loss_bbox: 0.6044  s1.loss_iou: 1.8551
2026/03/30 21:54:14 - mmengine - INFO - Epoch(train)  [1][ 5050/10002]  lr: 5.0000e-06  eta: 1 day, 0:55:55  time: 0.3851  data_time: 0.0030  memory: 7330  grad_norm: 116.4921  loss: 13.0922  rpn_s.0.loss_cls: 1.0323  rpn_s.0.loss_bbox: 0.1871  rpn_s.0.loss_giou: 0.9409  rpn_s.1.loss_cls: 0.8566  rpn_s.1.loss_bbox: 0.1124  rpn_s.1.loss_giou: 0.5869  rpn_s.2.loss_cls: 0.7686  rpn_s.2.loss_bbox: 0.1022  rpn_s.2.loss_giou: 0.5303  rpn_s.3.loss_cls: 0.7464  rpn_s.3.loss_bbox: 0.0971  rpn_s.3.loss_giou: 0.5079  s0.loss_cls: 0.8567  s0.pos_acc: 33.3333  s0.loss_bbox: 0.6505  s0.loss_iou: 1.8427  s1.loss_cls: 0.9220  s1.pos_acc: 33.3333  s1.loss_bbox: 0.5790  s1.loss_iou: 1.7727
2026/03/30 21:54:33 - mmengine - INFO - Epoch(train)  [1][ 5100/10002]  lr: 5.0000e-06  eta: 1 day, 0:55:27  time: 0.3780  data_time: 0.0029  memory: 7329  grad_norm: 114.4367  loss: 13.9728  rpn_s.0.loss_cls: 1.0485  rpn_s.0.loss_bbox: 0.2169  rpn_s.0.loss_giou: 1.0406  rpn_s.1.loss_cls: 0.8594  rpn_s.1.loss_bbox: 0.1215  rpn_s.1.loss_giou: 0.6261  rpn_s.2.loss_cls: 0.8208  rpn_s.2.loss_bbox: 0.1092  rpn_s.2.loss_giou: 0.5630  rpn_s.3.loss_cls: 0.7919  rpn_s.3.loss_bbox: 0.1018  rpn_s.3.loss_giou: 0.5426  s0.loss_cls: 0.8945  s0.pos_acc: 50.0000  s0.loss_bbox: 0.6916  s0.loss_iou: 2.0345  s1.loss_cls: 0.9308  s1.pos_acc: 61.1111  s1.loss_bbox: 0.6310  s1.loss_iou: 1.9482
2026/03/30 21:54:52 - mmengine - INFO - Epoch(train)  [1][ 5150/10002]  lr: 5.0000e-06  eta: 1 day, 0:55:16  time: 0.3854  data_time: 0.0030  memory: 7329  grad_norm: 91.0255  loss: 12.7965  rpn_s.0.loss_cls: 0.9378  rpn_s.0.loss_bbox: 0.1885  rpn_s.0.loss_giou: 1.0712  rpn_s.1.loss_cls: 0.7460  rpn_s.1.loss_bbox: 0.1081  rpn_s.1.loss_giou: 0.6300  rpn_s.2.loss_cls: 0.6956  rpn_s.2.loss_bbox: 0.0929  rpn_s.2.loss_giou: 0.5476  rpn_s.3.loss_cls: 0.6757  rpn_s.3.loss_bbox: 0.0848  rpn_s.3.loss_giou: 0.5207  s0.loss_cls: 0.8065  s0.pos_acc: 22.2222  s0.loss_bbox: 0.5930  s0.loss_iou: 1.9090  s1.loss_cls: 0.8308  s1.pos_acc: 11.1111  s1.loss_bbox: 0.5268  s1.loss_iou: 1.8315
2026/03/30 21:55:11 - mmengine - INFO - Epoch(train)  [1][ 5200/10002]  lr: 5.0000e-06  eta: 1 day, 0:54:42  time: 0.3754  data_time: 0.0030  memory: 7329  grad_norm: 113.4943  loss: 13.0601  rpn_s.0.loss_cls: 1.0490  rpn_s.0.loss_bbox: 0.1783  rpn_s.0.loss_giou: 0.8938  rpn_s.1.loss_cls: 0.8571  rpn_s.1.loss_bbox: 0.1075  rpn_s.1.loss_giou: 0.5665  rpn_s.2.loss_cls: 0.8128  rpn_s.2.loss_bbox: 0.0943  rpn_s.2.loss_giou: 0.5074  rpn_s.3.loss_cls: 0.7933  rpn_s.3.loss_bbox: 0.0902  rpn_s.3.loss_giou: 0.4909  s0.loss_cls: 0.9208  s0.pos_acc: 37.5000  s0.loss_bbox: 0.6149  s0.loss_iou: 1.8100  s1.loss_cls: 0.9571  s1.pos_acc: 43.7500  s1.loss_bbox: 0.5631  s1.loss_iou: 1.7529
2026/03/30 21:55:30 - mmengine - INFO - Epoch(train)  [1][ 5250/10002]  lr: 5.0000e-06  eta: 1 day, 0:54:16  time: 0.3788  data_time: 0.0030  memory: 7329  grad_norm: 82.7136  loss: 13.8297  rpn_s.0.loss_cls: 1.0248  rpn_s.0.loss_bbox: 0.1981  rpn_s.0.loss_giou: 1.1671  rpn_s.1.loss_cls: 0.8302  rpn_s.1.loss_bbox: 0.1031  rpn_s.1.loss_giou: 0.6844  rpn_s.2.loss_cls: 0.7821  rpn_s.2.loss_bbox: 0.0855  rpn_s.2.loss_giou: 0.5952  rpn_s.3.loss_cls: 0.7476  rpn_s.3.loss_bbox: 0.0787  rpn_s.3.loss_giou: 0.5715  s0.loss_cls: 0.8399  s0.pos_acc: 67.8571  s0.loss_bbox: 0.6506  s0.loss_iou: 2.0399  s1.loss_cls: 0.8707  s1.pos_acc: 72.1429  s1.loss_bbox: 0.6098  s1.loss_iou: 1.9504
2026/03/30 21:55:49 - mmengine - INFO - Epoch(train)  [1][ 5300/10002]  lr: 5.0000e-06  eta: 1 day, 0:53:54  time: 0.3804  data_time: 0.0029  memory: 7329  grad_norm: 100.8441  loss: 13.3833  rpn_s.0.loss_cls: 0.9892  rpn_s.0.loss_bbox: 0.1782  rpn_s.0.loss_giou: 1.0651  rpn_s.1.loss_cls: 0.7800  rpn_s.1.loss_bbox: 0.0987  rpn_s.1.loss_giou: 0.6564  rpn_s.2.loss_cls: 0.7279  rpn_s.2.loss_bbox: 0.0849  rpn_s.2.loss_giou: 0.5739  rpn_s.3.loss_cls: 0.6896  rpn_s.3.loss_bbox: 0.0786  rpn_s.3.loss_giou: 0.5543  s0.loss_cls: 0.8169  s0.pos_acc: 85.7143  s0.loss_bbox: 0.6713  s0.loss_iou: 2.0392  s1.loss_cls: 0.8474  s1.pos_acc: 78.5714  s1.loss_bbox: 0.5930  s1.loss_iou: 1.9386
2026/03/30 21:56:08 - mmengine - INFO - Epoch(train)  [1][ 5350/10002]  lr: 5.0000e-06  eta: 1 day, 0:53:29  time: 0.3793  data_time: 0.0030  memory: 7329  grad_norm: 101.7255  loss: 12.6194  rpn_s.0.loss_cls: 0.9692  rpn_s.0.loss_bbox: 0.1740  rpn_s.0.loss_giou: 0.9916  rpn_s.1.loss_cls: 0.7489  rpn_s.1.loss_bbox: 0.1030  rpn_s.1.loss_giou: 0.6009  rpn_s.2.loss_cls: 0.6956  rpn_s.2.loss_bbox: 0.0894  rpn_s.2.loss_giou: 0.5371  rpn_s.3.loss_cls: 0.6708  rpn_s.3.loss_bbox: 0.0866  rpn_s.3.loss_giou: 0.5256  s0.loss_cls: 0.8157  s0.pos_acc: 33.3333  s0.loss_bbox: 0.5866  s0.loss_iou: 1.8598  s1.loss_cls: 0.8653  s1.pos_acc: 50.0000  s1.loss_bbox: 0.5394  s1.loss_iou: 1.7599
2026/03/30 21:56:27 - mmengine - INFO - Epoch(train)  [1][ 5400/10002]  lr: 5.0000e-06  eta: 1 day, 0:53:08  time: 0.3811  data_time: 0.0030  memory: 7329  grad_norm: 106.7761  loss: 13.1819  rpn_s.0.loss_cls: 1.0552  rpn_s.0.loss_bbox: 0.1988  rpn_s.0.loss_giou: 0.9935  rpn_s.1.loss_cls: 0.8570  rpn_s.1.loss_bbox: 0.1122  rpn_s.1.loss_giou: 0.6055  rpn_s.2.loss_cls: 0.7920  rpn_s.2.loss_bbox: 0.0961  rpn_s.2.loss_giou: 0.5340  rpn_s.3.loss_cls: 0.7437  rpn_s.3.loss_bbox: 0.0913  rpn_s.3.loss_giou: 0.5145  s0.loss_cls: 0.9012  s0.pos_acc: 55.2448  s0.loss_bbox: 0.5513  s0.loss_iou: 1.8344  s1.loss_cls: 0.9290  s1.pos_acc: 53.8462  s1.loss_bbox: 0.5671  s1.loss_iou: 1.8053
2026/03/30 21:56:46 - mmengine - INFO - Epoch(train)  [1][ 5450/10002]  lr: 5.0000e-06  eta: 1 day, 0:52:46  time: 0.3801  data_time: 0.0030  memory: 7329  grad_norm: 92.7122  loss: 12.5219  rpn_s.0.loss_cls: 0.9690  rpn_s.0.loss_bbox: 0.1672  rpn_s.0.loss_giou: 0.9812  rpn_s.1.loss_cls: 0.7774  rpn_s.1.loss_bbox: 0.0895  rpn_s.1.loss_giou: 0.5770  rpn_s.2.loss_cls: 0.7132  rpn_s.2.loss_bbox: 0.0751  rpn_s.2.loss_giou: 0.5074  rpn_s.3.loss_cls: 0.6948  rpn_s.3.loss_bbox: 0.0688  rpn_s.3.loss_giou: 0.4949  s0.loss_cls: 0.8291  s0.pos_acc: 37.5000  s0.loss_bbox: 0.5741  s0.loss_iou: 1.8398  s1.loss_cls: 0.8584  s1.pos_acc: 50.0000  s1.loss_bbox: 0.5656  s1.loss_iou: 1.7394
2026/03/30 21:57:05 - mmengine - INFO - Epoch(train)  [1][ 5500/10002]  lr: 5.0000e-06  eta: 1 day, 0:52:22  time: 0.3795  data_time: 0.0030  memory: 7329  grad_norm: 93.1690  loss: 12.0187  rpn_s.0.loss_cls: 0.9701  rpn_s.0.loss_bbox: 0.1608  rpn_s.0.loss_giou: 0.9404  rpn_s.1.loss_cls: 0.7896  rpn_s.1.loss_bbox: 0.0818  rpn_s.1.loss_giou: 0.5591  rpn_s.2.loss_cls: 0.7190  rpn_s.2.loss_bbox: 0.0706  rpn_s.2.loss_giou: 0.4927  rpn_s.3.loss_cls: 0.6944  rpn_s.3.loss_bbox: 0.0677  rpn_s.3.loss_giou: 0.4759  s0.loss_cls: 0.8456  s0.pos_acc: 69.1919  s0.loss_bbox: 0.5317  s0.loss_iou: 1.6449  s1.loss_cls: 0.8842  s1.pos_acc: 68.6869  s1.loss_bbox: 0.5256  s1.loss_iou: 1.5646
2026/03/30 21:57:24 - mmengine - INFO - Epoch(train)  [1][ 5550/10002]  lr: 5.0000e-06  eta: 1 day, 0:52:20  time: 0.3902  data_time: 0.0030  memory: 7330  grad_norm: 91.6360  loss: 13.4780  rpn_s.0.loss_cls: 1.0055  rpn_s.0.loss_bbox: 0.1611  rpn_s.0.loss_giou: 1.0993  rpn_s.1.loss_cls: 0.8227  rpn_s.1.loss_bbox: 0.0851  rpn_s.1.loss_giou: 0.6415  rpn_s.2.loss_cls: 0.7492  rpn_s.2.loss_bbox: 0.0694  rpn_s.2.loss_giou: 0.5599  rpn_s.3.loss_cls: 0.7544  rpn_s.3.loss_bbox: 0.0649  rpn_s.3.loss_giou: 0.5410  s0.loss_cls: 0.8744  s0.pos_acc: 53.5294  s0.loss_bbox: 0.6089  s0.loss_iou: 2.0315  s1.loss_cls: 0.8814  s1.pos_acc: 57.6471  s1.loss_bbox: 0.5802  s1.loss_iou: 1.9477
2026/03/30 21:57:43 - mmengine - INFO - Epoch(train)  [1][ 5600/10002]  lr: 5.0000e-06  eta: 1 day, 0:52:07  time: 0.3849  data_time: 0.0030  memory: 7329  grad_norm: 96.6243  loss: 13.2769  rpn_s.0.loss_cls: 0.9781  rpn_s.0.loss_bbox: 0.1876  rpn_s.0.loss_giou: 1.0941  rpn_s.1.loss_cls: 0.7667  rpn_s.1.loss_bbox: 0.0984  rpn_s.1.loss_giou: 0.6379  rpn_s.2.loss_cls: 0.7145  rpn_s.2.loss_bbox: 0.0782  rpn_s.2.loss_giou: 0.5550  rpn_s.3.loss_cls: 0.7054  rpn_s.3.loss_bbox: 0.0730  rpn_s.3.loss_giou: 0.5288  s0.loss_cls: 0.8083  s0.pos_acc: 65.7143  s0.loss_bbox: 0.6398  s0.loss_iou: 2.0162  s1.loss_cls: 0.8471  s1.pos_acc: 62.8571  s1.loss_bbox: 0.5902  s1.loss_iou: 1.9576
2026/03/30 21:58:02 - mmengine - INFO - Epoch(train)  [1][ 5650/10002]  lr: 5.0000e-06  eta: 1 day, 0:51:46  time: 0.3805  data_time: 0.0030  memory: 7329  grad_norm: 102.9172  loss: 13.1163  rpn_s.0.loss_cls: 0.9998  rpn_s.0.loss_bbox: 0.1691  rpn_s.0.loss_giou: 0.9751  rpn_s.1.loss_cls: 0.8282  rpn_s.1.loss_bbox: 0.0963  rpn_s.1.loss_giou: 0.6035  rpn_s.2.loss_cls: 0.7419  rpn_s.2.loss_bbox: 0.0824  rpn_s.2.loss_giou: 0.5325  rpn_s.3.loss_cls: 0.7492  rpn_s.3.loss_bbox: 0.0772  rpn_s.3.loss_giou: 0.5059  s0.loss_cls: 0.8582  s0.pos_acc: 50.0000  s0.loss_bbox: 0.7005  s0.loss_iou: 1.8605  s1.loss_cls: 0.8943  s1.pos_acc: 16.6667  s1.loss_bbox: 0.6410  s1.loss_iou: 1.8007
2026/03/30 21:58:22 - mmengine - INFO - Epoch(train)  [1][ 5700/10002]  lr: 5.0000e-06  eta: 1 day, 0:51:36  time: 0.3863  data_time: 0.0030  memory: 7330  grad_norm: 90.4324  loss: 12.5736  rpn_s.0.loss_cls: 0.9449  rpn_s.0.loss_bbox: 0.1599  rpn_s.0.loss_giou: 0.9763  rpn_s.1.loss_cls: 0.7794  rpn_s.1.loss_bbox: 0.0856  rpn_s.1.loss_giou: 0.5916  rpn_s.2.loss_cls: 0.7181  rpn_s.2.loss_bbox: 0.0712  rpn_s.2.loss_giou: 0.5150  rpn_s.3.loss_cls: 0.6983  rpn_s.3.loss_bbox: 0.0670  rpn_s.3.loss_giou: 0.4951  s0.loss_cls: 0.8212  s0.pos_acc: 61.9048  s0.loss_bbox: 0.6313  s0.loss_iou: 1.8094  s1.loss_cls: 0.8538  s1.pos_acc: 66.6667  s1.loss_bbox: 0.5969  s1.loss_iou: 1.7584
2026/03/30 21:58:41 - mmengine - INFO - Epoch(train)  [1][ 5750/10002]  lr: 5.0000e-06  eta: 1 day, 0:51:09  time: 0.3782  data_time: 0.0030  memory: 7329  grad_norm: 112.3602  loss: 13.5705  rpn_s.0.loss_cls: 1.1098  rpn_s.0.loss_bbox: 0.1735  rpn_s.0.loss_giou: 0.9858  rpn_s.1.loss_cls: 0.8958  rpn_s.1.loss_bbox: 0.0994  rpn_s.1.loss_giou: 0.6039  rpn_s.2.loss_cls: 0.8163  rpn_s.2.loss_bbox: 0.0843  rpn_s.2.loss_giou: 0.5370  rpn_s.3.loss_cls: 0.7906  rpn_s.3.loss_bbox: 0.0781  rpn_s.3.loss_giou: 0.5158  s0.loss_cls: 0.9075  s0.pos_acc: 60.0000  s0.loss_bbox: 0.6632  s0.loss_iou: 1.9134  s1.loss_cls: 0.9290  s1.pos_acc: 80.0000  s1.loss_bbox: 0.6373  s1.loss_iou: 1.8298
2026/03/30 21:59:00 - mmengine - INFO - Epoch(train)  [1][ 5800/10002]  lr: 5.0000e-06  eta: 1 day, 0:51:03  time: 0.3883  data_time: 0.0030  memory: 7330  grad_norm: 95.8406  loss: 12.9758  rpn_s.0.loss_cls: 1.0119  rpn_s.0.loss_bbox: 0.1651  rpn_s.0.loss_giou: 1.0504  rpn_s.1.loss_cls: 0.7900  rpn_s.1.loss_bbox: 0.0825  rpn_s.1.loss_giou: 0.6228  rpn_s.2.loss_cls: 0.7457  rpn_s.2.loss_bbox: 0.0701  rpn_s.2.loss_giou: 0.5443  rpn_s.3.loss_cls: 0.7162  rpn_s.3.loss_bbox: 0.0679  rpn_s.3.loss_giou: 0.5323  s0.loss_cls: 0.8369  s0.pos_acc: 85.7143  s0.loss_bbox: 0.6166  s0.loss_iou: 1.8886  s1.loss_cls: 0.8658  s1.pos_acc: 78.5714  s1.loss_bbox: 0.5660  s1.loss_iou: 1.8027
2026/03/30 21:59:19 - mmengine - INFO - Epoch(train)  [1][ 5850/10002]  lr: 5.0000e-06  eta: 1 day, 0:50:40  time: 0.3801  data_time: 0.0030  memory: 7329  grad_norm: 90.2972  loss: 13.1946  rpn_s.0.loss_cls: 1.0184  rpn_s.0.loss_bbox: 0.1823  rpn_s.0.loss_giou: 1.0023  rpn_s.1.loss_cls: 0.8277  rpn_s.1.loss_bbox: 0.0997  rpn_s.1.loss_giou: 0.6040  rpn_s.2.loss_cls: 0.7564  rpn_s.2.loss_bbox: 0.0830  rpn_s.2.loss_giou: 0.5363  rpn_s.3.loss_cls: 0.7504  rpn_s.3.loss_bbox: 0.0780  rpn_s.3.loss_giou: 0.5212  s0.loss_cls: 0.8703  s0.pos_acc: 54.1667  s0.loss_bbox: 0.6352  s0.loss_iou: 1.8966  s1.loss_cls: 0.8979  s1.pos_acc: 70.8333  s1.loss_bbox: 0.5992  s1.loss_iou: 1.8358
2026/03/30 21:59:39 - mmengine - INFO - Epoch(train)  [1][ 5900/10002]  lr: 5.0000e-06  eta: 1 day, 0:50:40  time: 0.3915  data_time: 0.0030  memory: 7330  grad_norm: 88.5196  loss: 11.9688  rpn_s.0.loss_cls: 0.9000  rpn_s.0.loss_bbox: 0.1651  rpn_s.0.loss_giou: 0.9489  rpn_s.1.loss_cls: 0.7093  rpn_s.1.loss_bbox: 0.0814  rpn_s.1.loss_giou: 0.5440  rpn_s.2.loss_cls: 0.6658  rpn_s.2.loss_bbox: 0.0704  rpn_s.2.loss_giou: 0.4800  rpn_s.3.loss_cls: 0.6485  rpn_s.3.loss_bbox: 0.0637  rpn_s.3.loss_giou: 0.4564  s0.loss_cls: 0.7808  s0.pos_acc: 66.1290  s0.loss_bbox: 0.7522  s0.loss_iou: 1.6623  s1.loss_cls: 0.8090  s1.pos_acc: 64.5161  s1.loss_bbox: 0.6398  s1.loss_iou: 1.5914
2026/03/30 21:59:58 - mmengine - INFO - Epoch(train)  [1][ 5950/10002]  lr: 5.0000e-06  eta: 1 day, 0:50:20  time: 0.3814  data_time: 0.0030  memory: 7329  grad_norm: 121.1349  loss: 12.8100  rpn_s.0.loss_cls: 0.9998  rpn_s.0.loss_bbox: 0.1744  rpn_s.0.loss_giou: 1.0193  rpn_s.1.loss_cls: 0.7915  rpn_s.1.loss_bbox: 0.0892  rpn_s.1.loss_giou: 0.6031  rpn_s.2.loss_cls: 0.7421  rpn_s.2.loss_bbox: 0.0759  rpn_s.2.loss_giou: 0.5217  rpn_s.3.loss_cls: 0.6976  rpn_s.3.loss_bbox: 0.0727  rpn_s.3.loss_giou: 0.5022  s0.loss_cls: 0.8131  s0.pos_acc: 30.0000  s0.loss_bbox: 0.6693  s0.loss_iou: 1.8395  s1.loss_cls: 0.8485  s1.pos_acc: 0.0000  s1.loss_bbox: 0.6061  s1.loss_iou: 1.7439
2026/03/30 22:00:17 - mmengine - INFO - Exp name: GSDet_r50_b900_h2h4_h2r1_r2r1_2x_fair1m1.0_20260330_212154
2026/03/30 22:00:17 - mmengine - INFO - Epoch(train)  [1][ 6000/10002]  lr: 5.0000e-06  eta: 1 day, 0:50:05  time: 0.3841  data_time: 0.0030  memory: 7329  grad_norm: 100.2398  loss: 12.5965  rpn_s.0.loss_cls: 0.9379  rpn_s.0.loss_bbox: 0.1668  rpn_s.0.loss_giou: 1.0249  rpn_s.1.loss_cls: 0.7409  rpn_s.1.loss_bbox: 0.0864  rpn_s.1.loss_giou: 0.5985  rpn_s.2.loss_cls: 0.6942  rpn_s.2.loss_bbox: 0.0753  rpn_s.2.loss_giou: 0.5244  rpn_s.3.loss_cls: 0.6725  rpn_s.3.loss_bbox: 0.0725  rpn_s.3.loss_giou: 0.5066  s0.loss_cls: 0.7944  s0.pos_acc: 69.7509  s0.loss_bbox: 0.6368  s0.loss_iou: 1.8546  s1.loss_cls: 0.8334  s1.pos_acc: 58.8968  s1.loss_bbox: 0.5902  s1.loss_iou: 1.7862
2026/03/30 22:00:36 - mmengine - INFO - Epoch(train)  [1][ 6050/10002]  lr: 5.0000e-06  eta: 1 day, 0:49:39  time: 0.3783  data_time: 0.0030  memory: 7329  grad_norm: 109.8752  loss: 12.7418  rpn_s.0.loss_cls: 1.0095  rpn_s.0.loss_bbox: 0.1564  rpn_s.0.loss_giou: 0.9656  rpn_s.1.loss_cls: 0.7755  rpn_s.1.loss_bbox: 0.0891  rpn_s.1.loss_giou: 0.5774  rpn_s.2.loss_cls: 0.7076  rpn_s.2.loss_bbox: 0.0815  rpn_s.2.loss_giou: 0.5103  rpn_s.3.loss_cls: 0.6811  rpn_s.3.loss_bbox: 0.0731  rpn_s.3.loss_giou: 0.4873  s0.loss_cls: 0.8393  s0.pos_acc: 57.7922  s0.loss_bbox: 0.6365  s0.loss_iou: 1.8777  s1.loss_cls: 0.8451  s1.pos_acc: 59.7403  s1.loss_bbox: 0.6188  s1.loss_iou: 1.8101
2026/03/30 22:00:55 - mmengine - INFO - Epoch(train)  [1][ 6100/10002]  lr: 5.0000e-06  eta: 1 day, 0:49:16  time: 0.3800  data_time: 0.0030  memory: 7329  grad_norm: 94.8005  loss: 13.7513  rpn_s.0.loss_cls: 1.0261  rpn_s.0.loss_bbox: 0.2267  rpn_s.0.loss_giou: 1.0391  rpn_s.1.loss_cls: 0.8247  rpn_s.1.loss_bbox: 0.1217  rpn_s.1.loss_giou: 0.6344  rpn_s.2.loss_cls: 0.7571  rpn_s.2.loss_bbox: 0.1309  rpn_s.2.loss_giou: 0.5624  rpn_s.3.loss_cls: 0.7391  rpn_s.3.loss_bbox: 0.1274  rpn_s.3.loss_giou: 0.5395  s0.loss_cls: 0.8436  s0.pos_acc: 56.1151  s0.loss_bbox: 0.6881  s0.loss_iou: 1.9992  s1.loss_cls: 0.9014  s1.pos_acc: 61.8705  s1.loss_bbox: 0.6536  s1.loss_iou: 1.9363
2026/03/30 22:01:14 - mmengine - INFO - Epoch(train)  [1][ 6150/10002]  lr: 5.0000e-06  eta: 1 day, 0:48:53  time: 0.3802  data_time: 0.0030  memory: 7329  grad_norm: 90.8287  loss: 12.7840  rpn_s.0.loss_cls: 0.9711  rpn_s.0.loss_bbox: 0.1702  rpn_s.0.loss_giou: 1.0719  rpn_s.1.loss_cls: 0.7580  rpn_s.1.loss_bbox: 0.0875  rpn_s.1.loss_giou: 0.6125  rpn_s.2.loss_cls: 0.6919  rpn_s.2.loss_bbox: 0.0738  rpn_s.2.loss_giou: 0.5463  rpn_s.3.loss_cls: 0.6757  rpn_s.3.loss_bbox: 0.0692  rpn_s.3.loss_giou: 0.5257  s0.loss_cls: 0.7763  s0.pos_acc: 50.0000  s0.loss_bbox: 0.6561  s0.loss_iou: 1.8679  s1.loss_cls: 0.8277  s1.pos_acc: 65.6250  s1.loss_bbox: 0.5950  s1.loss_iou: 1.8071
2026/03/30 22:01:33 - mmengine - INFO - Epoch(train)  [1][ 6200/10002]  lr: 5.0000e-06  eta: 1 day, 0:48:22  time: 0.3756  data_time: 0.0030  memory: 7329  grad_norm: 91.3151  loss: 12.4266  rpn_s.0.loss_cls: 0.9877  rpn_s.0.loss_bbox: 0.1561  rpn_s.0.loss_giou: 1.0606  rpn_s.1.loss_cls: 0.7669  rpn_s.1.loss_bbox: 0.0757  rpn_s.1.loss_giou: 0.5921  rpn_s.2.loss_cls: 0.6998  rpn_s.2.loss_bbox: 0.0640  rpn_s.2.loss_giou: 0.5191  rpn_s.3.loss_cls: 0.6777  rpn_s.3.loss_bbox: 0.0582  rpn_s.3.loss_giou: 0.4928  s0.loss_cls: 0.7878  s0.pos_acc: 15.3846  s0.loss_bbox: 0.6572  s0.loss_iou: 1.7295  s1.loss_cls: 0.8370  s1.pos_acc: 11.5385  s1.loss_bbox: 0.6048  s1.loss_iou: 1.6597
2026/03/30 22:01:51 - mmengine - INFO - Epoch(train)  [1][ 6250/10002]  lr: 5.0000e-06  eta: 1 day, 0:47:57  time: 0.3786  data_time: 0.0030  memory: 7329  grad_norm: 105.3312  loss: 13.3479  rpn_s.0.loss_cls: 1.0459  rpn_s.0.loss_bbox: 0.1681  rpn_s.0.loss_giou: 1.0052  rpn_s.1.loss_cls: 0.8288  rpn_s.1.loss_bbox: 0.0949  rpn_s.1.loss_giou: 0.6178  rpn_s.2.loss_cls: 0.7864  rpn_s.2.loss_bbox: 0.0856  rpn_s.2.loss_giou: 0.5587  rpn_s.3.loss_cls: 0.7483  rpn_s.3.loss_bbox: 0.0817  rpn_s.3.loss_giou: 0.5362  s0.loss_cls: 0.8736  s0.pos_acc: 84.3750  s0.loss_bbox: 0.6367  s0.loss_iou: 1.9056  s1.loss_cls: 0.9010  s1.pos_acc: 62.5000  s1.loss_bbox: 0.6278  s1.loss_iou: 1.8455
2026/03/30 22:02:10 - mmengine - INFO - Epoch(train)  [1][ 6300/10002]  lr: 5.0000e-06  eta: 1 day, 0:47:33  time: 0.3793  data_time: 0.0030  memory: 7329  grad_norm: 111.4464  loss: 13.4408  rpn_s.0.loss_cls: 1.0038  rpn_s.0.loss_bbox: 0.1956  rpn_s.0.loss_giou: 0.9852  rpn_s.1.loss_cls: 0.8356  rpn_s.1.loss_bbox: 0.1237  rpn_s.1.loss_giou: 0.6027  rpn_s.2.loss_cls: 0.7489  rpn_s.2.loss_bbox: 0.1028  rpn_s.2.loss_giou: 0.5377  rpn_s.3.loss_cls: 0.7520  rpn_s.3.loss_bbox: 0.0965  rpn_s.3.loss_giou: 0.5174  s0.loss_cls: 0.9169  s0.pos_acc: 66.2162  s0.loss_bbox: 0.6389  s0.loss_iou: 1.9464  s1.loss_cls: 0.9148  s1.pos_acc: 55.4054  s1.loss_bbox: 0.6375  s1.loss_iou: 1.8845
2026/03/30 22:02:30 - mmengine - INFO - Epoch(train)  [1][ 6350/10002]  lr: 5.0000e-06  eta: 1 day, 0:47:21  time: 0.3857  data_time: 0.0030  memory: 7329  grad_norm: 91.9700  loss: 13.0809  rpn_s.0.loss_cls: 0.9604  rpn_s.0.loss_bbox: 0.1651  rpn_s.0.loss_giou: 1.0844  rpn_s.1.loss_cls: 0.7758  rpn_s.1.loss_bbox: 0.0897  rpn_s.1.loss_giou: 0.6298  rpn_s.2.loss_cls: 0.6945  rpn_s.2.loss_bbox: 0.0767  rpn_s.2.loss_giou: 0.5529  rpn_s.3.loss_cls: 0.6651  rpn_s.3.loss_bbox: 0.0747  rpn_s.3.loss_giou: 0.5320  s0.loss_cls: 0.7886  s0.pos_acc: 57.6923  s0.loss_bbox: 0.6660  s0.loss_iou: 1.9712  s1.loss_cls: 0.8128  s1.pos_acc: 50.0000  s1.loss_bbox: 0.6241  s1.loss_iou: 1.9172
2026/03/30 22:02:49 - mmengine - INFO - Epoch(train)  [1][ 6400/10002]  lr: 5.0000e-06  eta: 1 day, 0:46:56  time: 0.3786  data_time: 0.0030  memory: 7329  grad_norm: 96.8474  loss: 12.7165  rpn_s.0.loss_cls: 1.0182  rpn_s.0.loss_bbox: 0.1564  rpn_s.0.loss_giou: 0.9198  rpn_s.1.loss_cls: 0.8020  rpn_s.1.loss_bbox: 0.0910  rpn_s.1.loss_giou: 0.5765  rpn_s.2.loss_cls: 0.7192  rpn_s.2.loss_bbox: 0.0811  rpn_s.2.loss_giou: 0.5173  rpn_s.3.loss_cls: 0.7052  rpn_s.3.loss_bbox: 0.0755  rpn_s.3.loss_giou: 0.4984  s0.loss_cls: 0.8421  s0.pos_acc: 33.3333  s0.loss_bbox: 0.6637  s0.loss_iou: 1.8219  s1.loss_cls: 0.8658  s1.pos_acc: 30.0000  s1.loss_bbox: 0.6249  s1.loss_iou: 1.7374
2026/03/30 22:03:08 - mmengine - INFO - Epoch(train)  [1][ 6450/10002]  lr: 5.0000e-06  eta: 1 day, 0:46:47  time: 0.3872  data_time: 0.0030  memory: 7329  grad_norm: 85.6719  loss: 12.4143  rpn_s.0.loss_cls: 0.9026  rpn_s.0.loss_bbox: 0.1747  rpn_s.0.loss_giou: 1.0450  rpn_s.1.loss_cls: 0.7047  rpn_s.1.loss_bbox: 0.0912  rpn_s.1.loss_giou: 0.6049  rpn_s.2.loss_cls: 0.6446  rpn_s.2.loss_bbox: 0.0823  rpn_s.2.loss_giou: 0.5318  rpn_s.3.loss_cls: 0.6299  rpn_s.3.loss_bbox: 0.0771  rpn_s.3.loss_giou: 0.5118  s0.loss_cls: 0.7834  s0.pos_acc: 70.5882  s0.loss_bbox: 0.5967  s0.loss_iou: 1.8629  s1.loss_cls: 0.8117  s1.pos_acc: 55.8824  s1.loss_bbox: 0.5545  s1.loss_iou: 1.8045
2026/03/30 22:03:27 - mmengine - INFO - Epoch(train)  [1][ 6500/10002]  lr: 5.0000e-06  eta: 1 day, 0:46:28  time: 0.3822  data_time: 0.0030  memory: 7329  grad_norm: 91.2058  loss: 12.6380  rpn_s.0.loss_cls: 0.9815  rpn_s.0.loss_bbox: 0.1598  rpn_s.0.loss_giou: 1.0088  rpn_s.1.loss_cls: 0.7772  rpn_s.1.loss_bbox: 0.0857  rpn_s.1.loss_giou: 0.5927  rpn_s.2.loss_cls: 0.7042  rpn_s.2.loss_bbox: 0.0746  rpn_s.2.loss_giou: 0.5227  rpn_s.3.loss_cls: 0.6798  rpn_s.3.loss_bbox: 0.0714  rpn_s.3.loss_giou: 0.4986  s0.loss_cls: 0.8196  s0.pos_acc: 53.8462  s0.loss_bbox: 0.6224  s0.loss_iou: 1.8494  s1.loss_cls: 0.8386  s1.pos_acc: 57.6923  s1.loss_bbox: 0.6067  s1.loss_iou: 1.7444
2026/03/30 22:03:46 - mmengine - INFO - Epoch(train)  [1][ 6550/10002]  lr: 5.0000e-06  eta: 1 day, 0:46:09  time: 0.3820  data_time: 0.0030  memory: 7329  grad_norm: 96.1418  loss: 12.5113  rpn_s.0.loss_cls: 0.9579  rpn_s.0.loss_bbox: 0.1589  rpn_s.0.loss_giou: 1.0392  rpn_s.1.loss_cls: 0.7459  rpn_s.1.loss_bbox: 0.0818  rpn_s.1.loss_giou: 0.6175  rpn_s.2.loss_cls: 0.6980  rpn_s.2.loss_bbox: 0.0709  rpn_s.2.loss_giou: 0.5502  rpn_s.3.loss_cls: 0.6582  rpn_s.3.loss_bbox: 0.0661  rpn_s.3.loss_giou: 0.5318  s0.loss_cls: 0.7729  s0.pos_acc: 66.6667  s0.loss_bbox: 0.6122  s0.loss_iou: 1.8268  s1.loss_cls: 0.8006  s1.pos_acc: 56.0606  s1.loss_bbox: 0.5689  s1.loss_iou: 1.7535
2026/03/30 22:04:05 - mmengine - INFO - Epoch(train)  [1][ 6600/10002]  lr: 5.0000e-06  eta: 1 day, 0:45:50  time: 0.3819  data_time: 0.0030  memory: 7329  grad_norm: 90.6877  loss: 12.8045  rpn_s.0.loss_cls: 0.9616  rpn_s.0.loss_bbox: 0.1661  rpn_s.0.loss_giou: 1.0185  rpn_s.1.loss_cls: 0.7825  rpn_s.1.loss_bbox: 0.0921  rpn_s.1.loss_giou: 0.6169  rpn_s.2.loss_cls: 0.7025  rpn_s.2.loss_bbox: 0.0801  rpn_s.2.loss_giou: 0.5395  rpn_s.3.loss_cls: 0.7090  rpn_s.3.loss_bbox: 0.0739  rpn_s.3.loss_giou: 0.5156  s0.loss_cls: 0.8081  s0.pos_acc: 20.0000  s0.loss_bbox: 0.6159  s0.loss_iou: 1.8853  s1.loss_cls: 0.8346  s1.pos_acc: 30.0000  s1.loss_bbox: 0.5907  s1.loss_iou: 1.8116
2026/03/30 22:04:25 - mmengine - INFO - Epoch(train)  [1][ 6650/10002]  lr: 5.0000e-06  eta: 1 day, 0:45:38  time: 0.3856  data_time: 0.0030  memory: 7329  grad_norm: 80.2816  loss: 12.9060  rpn_s.0.loss_cls: 0.9366  rpn_s.0.loss_bbox: 0.1618  rpn_s.0.loss_giou: 1.1308  rpn_s.1.loss_cls: 0.7330  rpn_s.1.loss_bbox: 0.0825  rpn_s.1.loss_giou: 0.6645  rpn_s.2.loss_cls: 0.6733  rpn_s.2.loss_bbox: 0.0690  rpn_s.2.loss_giou: 0.5792  rpn_s.3.loss_cls: 0.6656  rpn_s.3.loss_bbox: 0.0639  rpn_s.3.loss_giou: 0.5525  s0.loss_cls: 0.7684  s0.pos_acc: 40.9091  s0.loss_bbox: 0.6129  s0.loss_iou: 1.9504  s1.loss_cls: 0.7923  s1.pos_acc: 45.4545  s1.loss_bbox: 0.5738  s1.loss_iou: 1.8956
2026/03/30 22:04:44 - mmengine - INFO - Epoch(train)  [1][ 6700/10002]  lr: 5.0000e-06  eta: 1 day, 0:45:26  time: 0.3864  data_time: 0.0030  memory: 7330  grad_norm: 92.7769  loss: 12.9158  rpn_s.0.loss_cls: 0.9880  rpn_s.0.loss_bbox: 0.1643  rpn_s.0.loss_giou: 1.0742  rpn_s.1.loss_cls: 0.7799  rpn_s.1.loss_bbox: 0.0870  rpn_s.1.loss_giou: 0.6250  rpn_s.2.loss_cls: 0.6957  rpn_s.2.loss_bbox: 0.0715  rpn_s.2.loss_giou: 0.5480  rpn_s.3.loss_cls: 0.6909  rpn_s.3.loss_bbox: 0.0677  rpn_s.3.loss_giou: 0.5198  s0.loss_cls: 0.7935  s0.pos_acc: 66.6667  s0.loss_bbox: 0.6197  s0.loss_iou: 1.9392  s1.loss_cls: 0.8244  s1.pos_acc: 66.6667  s1.loss_bbox: 0.5786  s1.loss_iou: 1.8485
2026/03/30 22:05:03 - mmengine - INFO - Epoch(train)  [1][ 6750/10002]  lr: 5.0000e-06  eta: 1 day, 0:45:06  time: 0.3810  data_time: 0.0030  memory: 7329  grad_norm: 90.4401  loss: 12.8952  rpn_s.0.loss_cls: 1.0029  rpn_s.0.loss_bbox: 0.1781  rpn_s.0.loss_giou: 1.0511  rpn_s.1.loss_cls: 0.7642  rpn_s.1.loss_bbox: 0.0947  rpn_s.1.loss_giou: 0.6066  rpn_s.2.loss_cls: 0.6974  rpn_s.2.loss_bbox: 0.0849  rpn_s.2.loss_giou: 0.5423  rpn_s.3.loss_cls: 0.6738  rpn_s.3.loss_bbox: 0.0790  rpn_s.3.loss_giou: 0.5228  s0.loss_cls: 0.7769  s0.pos_acc: 63.1579  s0.loss_bbox: 0.6741  s0.loss_iou: 1.9029  s1.loss_cls: 0.8117  s1.pos_acc: 60.5263  s1.loss_bbox: 0.6254  s1.loss_iou: 1.8063
2026/03/30 22:05:22 - mmengine - INFO - Epoch(train)  [1][ 6800/10002]  lr: 5.0000e-06  eta: 1 day, 0:44:48  time: 0.3827  data_time: 0.0030  memory: 7329  grad_norm: 92.6657  loss: 12.4497  rpn_s.0.loss_cls: 0.9657  rpn_s.0.loss_bbox: 0.1655  rpn_s.0.loss_giou: 1.0034  rpn_s.1.loss_cls: 0.7423  rpn_s.1.loss_bbox: 0.0872  rpn_s.1.loss_giou: 0.6060  rpn_s.2.loss_cls: 0.6861  rpn_s.2.loss_bbox: 0.0789  rpn_s.2.loss_giou: 0.5306  rpn_s.3.loss_cls: 0.6482  rpn_s.3.loss_bbox: 0.0742  rpn_s.3.loss_giou: 0.5121  s0.loss_cls: 0.7647  s0.pos_acc: 67.8571  s0.loss_bbox: 0.5986  s0.loss_iou: 1.8313  s1.loss_cls: 0.7971  s1.pos_acc: 75.0000  s1.loss_bbox: 0.5854  s1.loss_iou: 1.7723
2026/03/30 22:05:41 - mmengine - INFO - Epoch(train)  [1][ 6850/10002]  lr: 5.0000e-06  eta: 1 day, 0:44:16  time: 0.3746  data_time: 0.0030  memory: 7329  grad_norm: 95.5137  loss: 12.4401  rpn_s.0.loss_cls: 1.0003  rpn_s.0.loss_bbox: 0.1540  rpn_s.0.loss_giou: 0.9449  rpn_s.1.loss_cls: 0.8034  rpn_s.1.loss_bbox: 0.0813  rpn_s.1.loss_giou: 0.5701  rpn_s.2.loss_cls: 0.7463  rpn_s.2.loss_bbox: 0.0709  rpn_s.2.loss_giou: 0.5117  rpn_s.3.loss_cls: 0.6930  rpn_s.3.loss_bbox: 0.0686  rpn_s.3.loss_giou: 0.4923  s0.loss_cls: 0.8551  s0.pos_acc: 44.7368  s0.loss_bbox: 0.5885  s0.loss_iou: 1.7447  s1.loss_cls: 0.8724  s1.pos_acc: 44.7368  s1.loss_bbox: 0.5450  s1.loss_iou: 1.6976
2026/03/30 22:06:00 - mmengine - INFO - Epoch(train)  [1][ 6900/10002]  lr: 5.0000e-06  eta: 1 day, 0:43:57  time: 0.3821  data_time: 0.0030  memory: 7329  grad_norm: 100.1039  loss: 13.7834  rpn_s.0.loss_cls: 0.9974  rpn_s.0.loss_bbox: 0.1835  rpn_s.0.loss_giou: 1.1321  rpn_s.1.loss_cls: 0.7934  rpn_s.1.loss_bbox: 0.1026  rpn_s.1.loss_giou: 0.6945  rpn_s.2.loss_cls: 0.7393  rpn_s.2.loss_bbox: 0.0830  rpn_s.2.loss_giou: 0.6057  rpn_s.3.loss_cls: 0.7375  rpn_s.3.loss_bbox: 0.0783  rpn_s.3.loss_giou: 0.5839  s0.loss_cls: 0.8300  s0.pos_acc: 45.4545  s0.loss_bbox: 0.6886  s0.loss_iou: 2.0503  s1.loss_cls: 0.8627  s1.pos_acc: 54.5455  s1.loss_bbox: 0.6749  s1.loss_iou: 1.9456
2026/03/30 22:06:19 - mmengine - INFO - Epoch(train)  [1][ 6950/10002]  lr: 5.0000e-06  eta: 1 day, 0:43:51  time: 0.3896  data_time: 0.0030  memory: 7330  grad_norm: 98.3928  loss: 12.5806  rpn_s.0.loss_cls: 0.9217  rpn_s.0.loss_bbox: 0.1702  rpn_s.0.loss_giou: 1.0783  rpn_s.1.loss_cls: 0.7447  rpn_s.1.loss_bbox: 0.0867  rpn_s.1.loss_giou: 0.6176  rpn_s.2.loss_cls: 0.6623  rpn_s.2.loss_bbox: 0.0743  rpn_s.2.loss_giou: 0.5403  rpn_s.3.loss_cls: 0.6504  rpn_s.3.loss_bbox: 0.0692  rpn_s.3.loss_giou: 0.5189  s0.loss_cls: 0.7621  s0.pos_acc: 56.1947  s0.loss_bbox: 0.6622  s0.loss_iou: 1.8286  s1.loss_cls: 0.7914  s1.pos_acc: 53.7611  s1.loss_bbox: 0.6367  s1.loss_iou: 1.7650
2026/03/30 22:06:38 - mmengine - INFO - Exp name: GSDet_r50_b900_h2h4_h2r1_r2r1_2x_fair1m1.0_20260330_212154
2026/03/30 22:06:38 - mmengine - INFO - Epoch(train)  [1][ 7000/10002]  lr: 5.0000e-06  eta: 1 day, 0:43:24  time: 0.3771  data_time: 0.0030  memory: 7329  grad_norm: 102.2762  loss: 12.6854  rpn_s.0.loss_cls: 0.9714  rpn_s.0.loss_bbox: 0.1738  rpn_s.0.loss_giou: 0.9654  rpn_s.1.loss_cls: 0.7898  rpn_s.1.loss_bbox: 0.1068  rpn_s.1.loss_giou: 0.5911  rpn_s.2.loss_cls: 0.7247  rpn_s.2.loss_bbox: 0.0986  rpn_s.2.loss_giou: 0.5325  rpn_s.3.loss_cls: 0.7052  rpn_s.3.loss_bbox: 0.0952  rpn_s.3.loss_giou: 0.5123  s0.loss_cls: 0.8258  s0.pos_acc: 42.8571  s0.loss_bbox: 0.5969  s0.loss_iou: 1.8177  s1.loss_cls: 0.8545  s1.pos_acc: 42.8571  s1.loss_bbox: 0.5816  s1.loss_iou: 1.7421
2026/03/30 22:06:57 - mmengine - INFO - Epoch(train)  [1][ 7050/10002]  lr: 5.0000e-06  eta: 1 day, 0:43:04  time: 0.3814  data_time: 0.0029  memory: 7329  grad_norm: 86.9282  loss: 12.0476  rpn_s.0.loss_cls: 0.8994  rpn_s.0.loss_bbox: 0.1564  rpn_s.0.loss_giou: 0.9414  rpn_s.1.loss_cls: 0.7188  rpn_s.1.loss_bbox: 0.0866  rpn_s.1.loss_giou: 0.5738  rpn_s.2.loss_cls: 0.6773  rpn_s.2.loss_bbox: 0.0737  rpn_s.2.loss_giou: 0.5043  rpn_s.3.loss_cls: 0.6441  rpn_s.3.loss_bbox: 0.0700  rpn_s.3.loss_giou: 0.4845  s0.loss_cls: 0.8172  s0.pos_acc: 70.1613  s0.loss_bbox: 0.6432  s0.loss_iou: 1.7118  s1.loss_cls: 0.8395  s1.pos_acc: 62.0968  s1.loss_bbox: 0.5980  s1.loss_iou: 1.6076
2026/03/30 22:07:16 - mmengine - INFO - Epoch(train)  [1][ 7100/10002]  lr: 5.0000e-06  eta: 1 day, 0:42:43  time: 0.3807  data_time: 0.0030  memory: 7329  grad_norm: 94.2366  loss: 12.8558  rpn_s.0.loss_cls: 0.9571  rpn_s.0.loss_bbox: 0.1687  rpn_s.0.loss_giou: 1.0487  rpn_s.1.loss_cls: 0.7481  rpn_s.1.loss_bbox: 0.0971  rpn_s.1.loss_giou: 0.6148  rpn_s.2.loss_cls: 0.7039  rpn_s.2.loss_bbox: 0.0816  rpn_s.2.loss_giou: 0.5413  rpn_s.3.loss_cls: 0.6596  rpn_s.3.loss_bbox: 0.0786  rpn_s.3.loss_giou: 0.5232  s0.loss_cls: 0.7861  s0.pos_acc: 70.0000  s0.loss_bbox: 0.6525  s0.loss_iou: 1.9282  s1.loss_cls: 0.8061  s1.pos_acc: 60.0000  s1.loss_bbox: 0.6035  s1.loss_iou: 1.8566
2026/03/30 22:07:35 - mmengine - INFO - Epoch(train)  [1][ 7150/10002]  lr: 5.0000e-06  eta: 1 day, 0:42:21  time: 0.3800  data_time: 0.0030  memory: 7329  grad_norm: 97.9210  loss: 12.6816  rpn_s.0.loss_cls: 0.9709  rpn_s.0.loss_bbox: 0.1574  rpn_s.0.loss_giou: 1.0231  rpn_s.1.loss_cls: 0.8042  rpn_s.1.loss_bbox: 0.0821  rpn_s.1.loss_giou: 0.6025  rpn_s.2.loss_cls: 0.7328  rpn_s.2.loss_bbox: 0.0714  rpn_s.2.loss_giou: 0.5350  rpn_s.3.loss_cls: 0.7049  rpn_s.3.loss_bbox: 0.0676  rpn_s.3.loss_giou: 0.5167  s0.loss_cls: 0.8006  s0.pos_acc: 77.5000  s0.loss_bbox: 0.6219  s0.loss_iou: 1.8375  s1.loss_cls: 0.8363  s1.pos_acc: 47.5000  s1.loss_bbox: 0.5726  s1.loss_iou: 1.7442
2026/03/30 22:07:54 - mmengine - INFO - Epoch(train)  [1][ 7200/10002]  lr: 5.0000e-06  eta: 1 day, 0:42:01  time: 0.3815  data_time: 0.0029  memory: 7329  grad_norm: 95.8957  loss: 12.7842  rpn_s.0.loss_cls: 0.9785  rpn_s.0.loss_bbox: 0.1733  rpn_s.0.loss_giou: 1.0077  rpn_s.1.loss_cls: 0.7656  rpn_s.1.loss_bbox: 0.0939  rpn_s.1.loss_giou: 0.6188  rpn_s.2.loss_cls: 0.7235  rpn_s.2.loss_bbox: 0.0790  rpn_s.2.loss_giou: 0.5331  rpn_s.3.loss_cls: 0.6701  rpn_s.3.loss_bbox: 0.0740  rpn_s.3.loss_giou: 0.5154  s0.loss_cls: 0.7911  s0.pos_acc: 66.6667  s0.loss_bbox: 0.6021  s0.loss_iou: 1.9159  s1.loss_cls: 0.8267  s1.pos_acc: 58.3333  s1.loss_bbox: 0.5756  s1.loss_iou: 1.8399
2026/03/30 22:08:14 - mmengine - INFO - Epoch(train)  [1][ 7250/10002]  lr: 5.0000e-06  eta: 1 day, 0:41:45  time: 0.3840  data_time: 0.0030  memory: 7329  grad_norm: 94.3430  loss: 12.7458  rpn_s.0.loss_cls: 0.9686  rpn_s.0.loss_bbox: 0.1746  rpn_s.0.loss_giou: 0.9773  rpn_s.1.loss_cls: 0.7813  rpn_s.1.loss_bbox: 0.0954  rpn_s.1.loss_giou: 0.5956  rpn_s.2.loss_cls: 0.7123  rpn_s.2.loss_bbox: 0.0815  rpn_s.2.loss_giou: 0.5223  rpn_s.3.loss_cls: 0.6958  rpn_s.3.loss_bbox: 0.0819  rpn_s.3.loss_giou: 0.5064  s0.loss_cls: 0.8218  s0.pos_acc: 34.3750  s0.loss_bbox: 0.6335  s0.loss_iou: 1.8636  s1.loss_cls: 0.8493  s1.pos_acc: 28.1250  s1.loss_bbox: 0.5559  s1.loss_iou: 1.8287
2026/03/30 22:08:33 - mmengine - INFO - Epoch(train)  [1][ 7300/10002]  lr: 5.0000e-06  eta: 1 day, 0:41:22  time: 0.3791  data_time: 0.0030  memory: 7329  grad_norm: 98.2019  loss: 12.2522  rpn_s.0.loss_cls: 0.9472  rpn_s.0.loss_bbox: 0.1510  rpn_s.0.loss_giou: 1.0164  rpn_s.1.loss_cls: 0.7334  rpn_s.1.loss_bbox: 0.0770  rpn_s.1.loss_giou: 0.5806  rpn_s.2.loss_cls: 0.6591  rpn_s.2.loss_bbox: 0.0639  rpn_s.2.loss_giou: 0.5110  rpn_s.3.loss_cls: 0.6538  rpn_s.3.loss_bbox: 0.0581  rpn_s.3.loss_giou: 0.4910  s0.loss_cls: 0.7674  s0.pos_acc: 57.8947  s0.loss_bbox: 0.6257  s0.loss_iou: 1.7910  s1.loss_cls: 0.8071  s1.pos_acc: 60.5263  s1.loss_bbox: 0.6090  s1.loss_iou: 1.7094
2026/03/30 22:08:52 - mmengine - INFO - Epoch(train)  [1][ 7350/10002]  lr: 5.0000e-06  eta: 1 day, 0:41:00  time: 0.3805  data_time: 0.0030  memory: 7330  grad_norm: 92.8717  loss: 12.2088  rpn_s.0.loss_cls: 0.9286  rpn_s.0.loss_bbox: 0.1733  rpn_s.0.loss_giou: 0.9631  rpn_s.1.loss_cls: 0.7350  rpn_s.1.loss_bbox: 0.0937  rpn_s.1.loss_giou: 0.5810  rpn_s.2.loss_cls: 0.6713  rpn_s.2.loss_bbox: 0.0817  rpn_s.2.loss_giou: 0.5162  rpn_s.3.loss_cls: 0.6627  rpn_s.3.loss_bbox: 0.0807  rpn_s.3.loss_giou: 0.5051  s0.loss_cls: 0.8058  s0.pos_acc: 25.0000  s0.loss_bbox: 0.5896  s0.loss_iou: 1.7675  s1.loss_cls: 0.8348  s1.pos_acc: 0.0000  s1.loss_bbox: 0.5160  s1.loss_iou: 1.7028
2026/03/30 22:09:11 - mmengine - INFO - Epoch(train)  [1][ 7400/10002]  lr: 5.0000e-06  eta: 1 day, 0:40:39  time: 0.3806  data_time: 0.0030  memory: 7329  grad_norm: 99.1328  loss: 12.2568  rpn_s.0.loss_cls: 0.9580  rpn_s.0.loss_bbox: 0.1615  rpn_s.0.loss_giou: 0.9778  rpn_s.1.loss_cls: 0.7351  rpn_s.1.loss_bbox: 0.0877  rpn_s.1.loss_giou: 0.5547  rpn_s.2.loss_cls: 0.6698  rpn_s.2.loss_bbox: 0.0761  rpn_s.2.loss_giou: 0.4927  rpn_s.3.loss_cls: 0.6503  rpn_s.3.loss_bbox: 0.0721  rpn_s.3.loss_giou: 0.4721  s0.loss_cls: 0.7690  s0.pos_acc: 54.5455  s0.loss_bbox: 0.7253  s0.loss_iou: 1.7188  s1.loss_cls: 0.7970  s1.pos_acc: 40.9091  s1.loss_bbox: 0.6896  s1.loss_iou: 1.6492
2026/03/30 22:09:30 - mmengine - INFO - Epoch(train)  [1][ 7450/10002]  lr: 5.0000e-06  eta: 1 day, 0:40:21  time: 0.3824  data_time: 0.0030  memory: 7329  grad_norm: 99.1888  loss: 12.9160  rpn_s.0.loss_cls: 0.9864  rpn_s.0.loss_bbox: 0.1839  rpn_s.0.loss_giou: 0.9666  rpn_s.1.loss_cls: 0.7884  rpn_s.1.loss_bbox: 0.1028  rpn_s.1.loss_giou: 0.5912  rpn_s.2.loss_cls: 0.7147  rpn_s.2.loss_bbox: 0.0913  rpn_s.2.loss_giou: 0.5402  rpn_s.3.loss_cls: 0.6879  rpn_s.3.loss_bbox: 0.0872  rpn_s.3.loss_giou: 0.5157  s0.loss_cls: 0.8187  s0.pos_acc: 60.0000  s0.loss_bbox: 0.5710  s0.loss_iou: 1.9696  s1.loss_cls: 0.8698  s1.pos_acc: 70.0000  s1.loss_bbox: 0.5403  s1.loss_iou: 1.8903
2026/03/30 22:09:49 - mmengine - INFO - Epoch(train)  [1][ 7500/10002]  lr: 5.0000e-06  eta: 1 day, 0:39:54  time: 0.3768  data_time: 0.0029  memory: 7329  grad_norm: 95.0605  loss: 12.7716  rpn_s.0.loss_cls: 0.9706  rpn_s.0.loss_bbox: 0.1782  rpn_s.0.loss_giou: 1.0039  rpn_s.1.loss_cls: 0.7807  rpn_s.1.loss_bbox: 0.0929  rpn_s.1.loss_giou: 0.6036  rpn_s.2.loss_cls: 0.7025  rpn_s.2.loss_bbox: 0.0812  rpn_s.2.loss_giou: 0.5368  rpn_s.3.loss_cls: 0.6767  rpn_s.3.loss_bbox: 0.0788  rpn_s.3.loss_giou: 0.5156  s0.loss_cls: 0.8372  s0.pos_acc: 62.5000  s0.loss_bbox: 0.6926  s0.loss_iou: 1.8087  s1.loss_cls: 0.8547  s1.pos_acc: 70.0000  s1.loss_bbox: 0.6377  s1.loss_iou: 1.7191
2026/03/30 22:10:08 - mmengine - INFO - Epoch(train)  [1][ 7550/10002]  lr: 5.0000e-06  eta: 1 day, 0:39:35  time: 0.3817  data_time: 0.0030  memory: 7329  grad_norm: 87.0553  loss: 11.7335  rpn_s.0.loss_cls: 0.9194  rpn_s.0.loss_bbox: 0.1428  rpn_s.0.loss_giou: 0.9099  rpn_s.1.loss_cls: 0.7482  rpn_s.1.loss_bbox: 0.0759  rpn_s.1.loss_giou: 0.5501  rpn_s.2.loss_cls: 0.6873  rpn_s.2.loss_bbox: 0.0643  rpn_s.2.loss_giou: 0.4758  rpn_s.3.loss_cls: 0.6682  rpn_s.3.loss_bbox: 0.0601  rpn_s.3.loss_giou: 0.4571  s0.loss_cls: 0.7856  s0.pos_acc: 18.1818  s0.loss_bbox: 0.5640  s0.loss_iou: 1.6773  s1.loss_cls: 0.8198  s1.pos_acc: 18.1818  s1.loss_bbox: 0.5414  s1.loss_iou: 1.5864
2026/03/30 22:10:27 - mmengine - INFO - Epoch(train)  [1][ 7600/10002]  lr: 5.0000e-06  eta: 1 day, 0:39:16  time: 0.3819  data_time: 0.0030  memory: 7329  grad_norm: 91.9592  loss: 13.1062  rpn_s.0.loss_cls: 0.9696  rpn_s.0.loss_bbox: 0.1711  rpn_s.0.loss_giou: 1.0755  rpn_s.1.loss_cls: 0.7640  rpn_s.1.loss_bbox: 0.0897  rpn_s.1.loss_giou: 0.6539  rpn_s.2.loss_cls: 0.6988  rpn_s.2.loss_bbox: 0.0759  rpn_s.2.loss_giou: 0.5734  rpn_s.3.loss_cls: 0.6666  rpn_s.3.loss_bbox: 0.0709  rpn_s.3.loss_giou: 0.5543  s0.loss_cls: 0.7991  s0.pos_acc: 60.0000  s0.loss_bbox: 0.6447  s0.loss_iou: 1.9785  s1.loss_cls: 0.8362  s1.pos_acc: 53.3333  s1.loss_bbox: 0.5911  s1.loss_iou: 1.8929
2026/03/30 22:10:46 - mmengine - INFO - Epoch(train)  [1][ 7650/10002]  lr: 5.0000e-06  eta: 1 day, 0:38:58  time: 0.3828  data_time: 0.0029  memory: 7330  grad_norm: 92.4393  loss: 12.3172  rpn_s.0.loss_cls: 0.9556  rpn_s.0.loss_bbox: 0.1733  rpn_s.0.loss_giou: 1.0007  rpn_s.1.loss_cls: 0.7580  rpn_s.1.loss_bbox: 0.0866  rpn_s.1.loss_giou: 0.5947  rpn_s.2.loss_cls: 0.6964  rpn_s.2.loss_bbox: 0.0693  rpn_s.2.loss_giou: 0.5076  rpn_s.3.loss_cls: 0.6692  rpn_s.3.loss_bbox: 0.0666  rpn_s.3.loss_giou: 0.4920  s0.loss_cls: 0.7932  s0.pos_acc: 90.0000  s0.loss_bbox: 0.6505  s0.loss_iou: 1.7340  s1.loss_cls: 0.8171  s1.pos_acc: 90.0000  s1.loss_bbox: 0.5859  s1.loss_iou: 1.6666
2026/03/30 22:11:05 - mmengine - INFO - Epoch(train)  [1][ 7700/10002]  lr: 5.0000e-06  eta: 1 day, 0:38:48  time: 0.3876  data_time: 0.0029  memory: 7330  grad_norm: 96.0738  loss: 12.4241  rpn_s.0.loss_cls: 0.9365  rpn_s.0.loss_bbox: 0.1445  rpn_s.0.loss_giou: 0.9896  rpn_s.1.loss_cls: 0.7531  rpn_s.1.loss_bbox: 0.0753  rpn_s.1.loss_giou: 0.5806  rpn_s.2.loss_cls: 0.6855  rpn_s.2.loss_bbox: 0.0660  rpn_s.2.loss_giou: 0.5121  rpn_s.3.loss_cls: 0.6725  rpn_s.3.loss_bbox: 0.0623  rpn_s.3.loss_giou: 0.4964  s0.loss_cls: 0.7912  s0.pos_acc: 64.2857  s0.loss_bbox: 0.6184  s0.loss_iou: 1.8397  s1.loss_cls: 0.8159  s1.pos_acc: 42.8571  s1.loss_bbox: 0.6024  s1.loss_iou: 1.7821
2026/03/30 22:11:25 - mmengine - INFO - Epoch(train)  [1][ 7750/10002]  lr: 5.0000e-06  eta: 1 day, 0:38:49  time: 0.3958  data_time: 0.0030  memory: 7330  grad_norm: 92.0967  loss: 13.2607  rpn_s.0.loss_cls: 0.9228  rpn_s.0.loss_bbox: 0.1948  rpn_s.0.loss_giou: 1.0331  rpn_s.1.loss_cls: 0.7880  rpn_s.1.loss_bbox: 0.1155  rpn_s.1.loss_giou: 0.6423  rpn_s.2.loss_cls: 0.7314  rpn_s.2.loss_bbox: 0.0981  rpn_s.2.loss_giou: 0.5686  rpn_s.3.loss_cls: 0.7023  rpn_s.3.loss_bbox: 0.0924  rpn_s.3.loss_giou: 0.5426  s0.loss_cls: 0.8003  s0.pos_acc: 38.8889  s0.loss_bbox: 0.6928  s0.loss_iou: 1.9346  s1.loss_cls: 0.8413  s1.pos_acc: 61.1111  s1.loss_bbox: 0.6890  s1.loss_iou: 1.8709
2026/03/30 22:11:44 - mmengine - INFO - Epoch(train)  [1][ 7800/10002]  lr: 5.0000e-06  eta: 1 day, 0:38:17  time: 0.3731  data_time: 0.0030  memory: 7329  grad_norm: 98.1352  loss: 12.1253  rpn_s.0.loss_cls: 0.9732  rpn_s.0.loss_bbox: 0.1589  rpn_s.0.loss_giou: 0.9564  rpn_s.1.loss_cls: 0.7546  rpn_s.1.loss_bbox: 0.0819  rpn_s.1.loss_giou: 0.5628  rpn_s.2.loss_cls: 0.6909  rpn_s.2.loss_bbox: 0.0715  rpn_s.2.loss_giou: 0.5060  rpn_s.3.loss_cls: 0.6596  rpn_s.3.loss_bbox: 0.0655  rpn_s.3.loss_giou: 0.4776  s0.loss_cls: 0.8062  s0.pos_acc: 14.2857  s0.loss_bbox: 0.6057  s0.loss_iou: 1.7109  s1.loss_cls: 0.8480  s1.pos_acc: 28.5714  s1.loss_bbox: 0.5805  s1.loss_iou: 1.6151
2026/03/30 22:12:03 - mmengine - INFO - Epoch(train)  [1][ 7850/10002]  lr: 5.0000e-06  eta: 1 day, 0:37:51  time: 0.3770  data_time: 0.0030  memory: 7329  grad_norm: 101.7695  loss: 13.3548  rpn_s.0.loss_cls: 1.0250  rpn_s.0.loss_bbox: 0.1841  rpn_s.0.loss_giou: 1.0284  rpn_s.1.loss_cls: 0.8558  rpn_s.1.loss_bbox: 0.0998  rpn_s.1.loss_giou: 0.6276  rpn_s.2.loss_cls: 0.7780  rpn_s.2.loss_bbox: 0.0846  rpn_s.2.loss_giou: 0.5543  rpn_s.3.loss_cls: 0.7719  rpn_s.3.loss_bbox: 0.0829  rpn_s.3.loss_giou: 0.5473  s0.loss_cls: 0.8458  s0.pos_acc: 67.2662  s0.loss_bbox: 0.6488  s0.loss_iou: 1.9067  s1.loss_cls: 0.8881  s1.pos_acc: 71.9425  s1.loss_bbox: 0.6113  s1.loss_iou: 1.8144
2026/03/30 22:12:21 - mmengine - INFO - Epoch(train)  [1][ 7900/10002]  lr: 5.0000e-06  eta: 1 day, 0:37:21  time: 0.3744  data_time: 0.0029  memory: 7329  grad_norm: 95.4164  loss: 12.2164  rpn_s.0.loss_cls: 0.9192  rpn_s.0.loss_bbox: 0.1646  rpn_s.0.loss_giou: 1.0169  rpn_s.1.loss_cls: 0.7170  rpn_s.1.loss_bbox: 0.0842  rpn_s.1.loss_giou: 0.5979  rpn_s.2.loss_cls: 0.6620  rpn_s.2.loss_bbox: 0.0721  rpn_s.2.loss_giou: 0.5272  rpn_s.3.loss_cls: 0.6375  rpn_s.3.loss_bbox: 0.0667  rpn_s.3.loss_giou: 0.5035  s0.loss_cls: 0.7517  s0.pos_acc: 40.0000  s0.loss_bbox: 0.6218  s0.loss_iou: 1.7862  s1.loss_cls: 0.7815  s1.pos_acc: 40.0000  s1.loss_bbox: 0.5879  s1.loss_iou: 1.7183
2026/03/30 22:12:41 - mmengine - INFO - Epoch(train)  [1][ 7950/10002]  lr: 5.0000e-06  eta: 1 day, 0:37:26  time: 0.3984  data_time: 0.0030  memory: 7330  grad_norm: 99.9444  loss: 12.5086  rpn_s.0.loss_cls: 0.9568  rpn_s.0.loss_bbox: 0.1678  rpn_s.0.loss_giou: 0.9612  rpn_s.1.loss_cls: 0.7706  rpn_s.1.loss_bbox: 0.0937  rpn_s.1.loss_giou: 0.5896  rpn_s.2.loss_cls: 0.7009  rpn_s.2.loss_bbox: 0.0819  rpn_s.2.loss_giou: 0.5186  rpn_s.3.loss_cls: 0.6912  rpn_s.3.loss_bbox: 0.0762  rpn_s.3.loss_giou: 0.5007  s0.loss_cls: 0.8278  s0.pos_acc: 75.0000  s0.loss_bbox: 0.6491  s0.loss_iou: 1.7932  s1.loss_cls: 0.8315  s1.pos_acc: 100.0000  s1.loss_bbox: 0.5821  s1.loss_iou: 1.7155
2026/03/30 22:13:00 - mmengine - INFO - Exp name: GSDet_r50_b900_h2h4_h2r1_r2r1_2x_fair1m1.0_20260330_212154
2026/03/30 22:13:00 - mmengine - INFO - Epoch(train)  [1][ 8000/10002]  lr: 5.0000e-06  eta: 1 day, 0:36:54  time: 0.3734  data_time: 0.0030  memory: 7329  grad_norm: 97.4872  loss: 11.3934  rpn_s.0.loss_cls: 0.8953  rpn_s.0.loss_bbox: 0.1407  rpn_s.0.loss_giou: 0.8094  rpn_s.1.loss_cls: 0.7407  rpn_s.1.loss_bbox: 0.0868  rpn_s.1.loss_giou: 0.5086  rpn_s.2.loss_cls: 0.6725  rpn_s.2.loss_bbox: 0.0782  rpn_s.2.loss_giou: 0.4660  rpn_s.3.loss_cls: 0.6352  rpn_s.3.loss_bbox: 0.0737  rpn_s.3.loss_giou: 0.4480  s0.loss_cls: 0.8071  s0.pos_acc: 40.0000  s0.loss_bbox: 0.6105  s0.loss_iou: 1.5430  s1.loss_cls: 0.8381  s1.pos_acc: 80.0000  s1.loss_bbox: 0.5583  s1.loss_iou: 1.4813
2026/03/30 22:13:19 - mmengine - INFO - Epoch(train)  [1][ 8050/10002]  lr: 5.0000e-06  eta: 1 day, 0:36:25  time: 0.3745  data_time: 0.0030  memory: 7329  grad_norm: 95.8002  loss: 12.3434  rpn_s.0.loss_cls: 0.9703  rpn_s.0.loss_bbox: 0.1587  rpn_s.0.loss_giou: 0.8784  rpn_s.1.loss_cls: 0.7765  rpn_s.1.loss_bbox: 0.0892  rpn_s.1.loss_giou: 0.5344  rpn_s.2.loss_cls: 0.7041  rpn_s.2.loss_bbox: 0.0779  rpn_s.2.loss_giou: 0.4767  rpn_s.3.loss_cls: 0.6958  rpn_s.3.loss_bbox: 0.0738  rpn_s.3.loss_giou: 0.4584  s0.loss_cls: 0.8352  s0.pos_acc: 32.1429  s0.loss_bbox: 0.6681  s0.loss_iou: 1.7459  s1.loss_cls: 0.8417  s1.pos_acc: 46.4286  s1.loss_bbox: 0.6853  s1.loss_iou: 1.6731
2026/03/30 22:13:38 - mmengine - INFO - Epoch(train)  [1][ 8100/10002]  lr: 5.0000e-06  eta: 1 day, 0:36:04  time: 0.3808  data_time: 0.0030  memory: 7329  grad_norm: 98.5854  loss: 13.0609  rpn_s.0.loss_cls: 0.9701  rpn_s.0.loss_bbox: 0.1904  rpn_s.0.loss_giou: 1.0794  rpn_s.1.loss_cls: 0.7587  rpn_s.1.loss_bbox: 0.1008  rpn_s.1.loss_giou: 0.6351  rpn_s.2.loss_cls: 0.6967  rpn_s.2.loss_bbox: 0.0879  rpn_s.2.loss_giou: 0.5692  rpn_s.3.loss_cls: 0.6808  rpn_s.3.loss_bbox: 0.0829  rpn_s.3.loss_giou: 0.5486  s0.loss_cls: 0.7759  s0.pos_acc: 62.2024  s0.loss_bbox: 0.6259  s0.loss_iou: 1.9687  s1.loss_cls: 0.8084  s1.pos_acc: 65.4762  s1.loss_bbox: 0.5996  s1.loss_iou: 1.8819
2026/03/30 22:13:57 - mmengine - INFO - Epoch(train)  [1][ 8150/10002]  lr: 5.0000e-06  eta: 1 day, 0:35:39  time: 0.3776  data_time: 0.0030  memory: 7329  grad_norm: 104.1633  loss: 12.4770  rpn_s.0.loss_cls: 0.9416  rpn_s.0.loss_bbox: 0.1619  rpn_s.0.loss_giou: 0.9044  rpn_s.1.loss_cls: 0.7783  rpn_s.1.loss_bbox: 0.1046  rpn_s.1.loss_giou: 0.5734  rpn_s.2.loss_cls: 0.7202  rpn_s.2.loss_bbox: 0.0972  rpn_s.2.loss_giou: 0.5208  rpn_s.3.loss_cls: 0.6858  rpn_s.3.loss_bbox: 0.0917  rpn_s.3.loss_giou: 0.5058  s0.loss_cls: 0.7932  s0.pos_acc: 58.3333  s0.loss_bbox: 0.5973  s0.loss_iou: 1.8579  s1.loss_cls: 0.8220  s1.pos_acc: 54.1667  s1.loss_bbox: 0.5580  s1.loss_iou: 1.7628
2026/03/30 22:14:16 - mmengine - INFO - Epoch(train)  [1][ 8200/10002]  lr: 5.0000e-06  eta: 1 day, 0:35:17  time: 0.3800  data_time: 0.0030  memory: 7329  grad_norm: 91.9960  loss: 12.7001  rpn_s.0.loss_cls: 0.9377  rpn_s.0.loss_bbox: 0.1791  rpn_s.0.loss_giou: 1.0260  rpn_s.1.loss_cls: 0.7276  rpn_s.1.loss_bbox: 0.0992  rpn_s.1.loss_giou: 0.6178  rpn_s.2.loss_cls: 0.6731  rpn_s.2.loss_bbox: 0.0913  rpn_s.2.loss_giou: 0.5534  rpn_s.3.loss_cls: 0.6461  rpn_s.3.loss_bbox: 0.0856  rpn_s.3.loss_giou: 0.5347  s0.loss_cls: 0.7340  s0.pos_acc: 79.1667  s0.loss_bbox: 0.7243  s0.loss_iou: 1.8552  s1.loss_cls: 0.7619  s1.pos_acc: 75.0000  s1.loss_bbox: 0.6342  s1.loss_iou: 1.8190
2026/03/30 22:14:35 - mmengine - INFO - Epoch(train)  [1][ 8250/10002]  lr: 5.0000e-06  eta: 1 day, 0:34:59  time: 0.3823  data_time: 0.0029  memory: 7329  grad_norm: 90.8309  loss: 12.5526  rpn_s.0.loss_cls: 0.9217  rpn_s.0.loss_bbox: 0.1658  rpn_s.0.loss_giou: 1.0388  rpn_s.1.loss_cls: 0.7529  rpn_s.1.loss_bbox: 0.0870  rpn_s.1.loss_giou: 0.6171  rpn_s.2.loss_cls: 0.6864  rpn_s.2.loss_bbox: 0.0715  rpn_s.2.loss_giou: 0.5382  rpn_s.3.loss_cls: 0.6601  rpn_s.3.loss_bbox: 0.0678  rpn_s.3.loss_giou: 0.5252  s0.loss_cls: 0.7862  s0.pos_acc: 100.0000  s0.loss_bbox: 0.6683  s0.loss_iou: 1.8063  s1.loss_cls: 0.8048  s1.pos_acc: 50.0000  s1.loss_bbox: 0.6108  s1.loss_iou: 1.7438
2026/03/30 22:14:53 - mmengine - INFO - Epoch(train)  [1][ 8300/10002]  lr: 5.0000e-06  eta: 1 day, 0:34:31  time: 0.3753  data_time: 0.0030  memory: 7329  grad_norm: 80.8698  loss: 13.0124  rpn_s.0.loss_cls: 0.9424  rpn_s.0.loss_bbox: 0.1818  rpn_s.0.loss_giou: 1.0671  rpn_s.1.loss_cls: 0.7481  rpn_s.1.loss_bbox: 0.0988  rpn_s.1.loss_giou: 0.6428  rpn_s.2.loss_cls: 0.6988  rpn_s.2.loss_bbox: 0.0866  rpn_s.2.loss_giou: 0.5690  rpn_s.3.loss_cls: 0.6712  rpn_s.3.loss_bbox: 0.0795  rpn_s.3.loss_giou: 0.5536  s0.loss_cls: 0.7679  s0.pos_acc: 62.5000  s0.loss_bbox: 0.6349  s0.loss_iou: 1.9754  s1.loss_cls: 0.7952  s1.pos_acc: 75.0000  s1.loss_bbox: 0.5920  s1.loss_iou: 1.9073
2026/03/30 22:15:13 - mmengine - INFO - Epoch(train)  [1][ 8350/10002]  lr: 5.0000e-06  eta: 1 day, 0:34:17  time: 0.3857  data_time: 0.0030  memory: 7330  grad_norm: 84.2100  loss: 12.4221  rpn_s.0.loss_cls: 0.9196  rpn_s.0.loss_bbox: 0.1684  rpn_s.0.loss_giou: 1.0344  rpn_s.1.loss_cls: 0.7672  rpn_s.1.loss_bbox: 0.0903  rpn_s.1.loss_giou: 0.6231  rpn_s.2.loss_cls: 0.7039  rpn_s.2.loss_bbox: 0.0776  rpn_s.2.loss_giou: 0.5506  rpn_s.3.loss_cls: 0.6544  rpn_s.3.loss_bbox: 0.0738  rpn_s.3.loss_giou: 0.5349  s0.loss_cls: 0.7702  s0.pos_acc: 75.0000  s0.loss_bbox: 0.5714  s0.loss_iou: 1.8115  s1.loss_cls: 0.7880  s1.pos_acc: 62.5000  s1.loss_bbox: 0.5497  s1.loss_iou: 1.7332
2026/03/30 22:15:32 - mmengine - INFO - Epoch(train)  [1][ 8400/10002]  lr: 5.0000e-06  eta: 1 day, 0:34:08  time: 0.3886  data_time: 0.0030  memory: 7330  grad_norm: 90.8044  loss: 11.8575  rpn_s.0.loss_cls: 0.8796  rpn_s.0.loss_bbox: 0.1624  rpn_s.0.loss_giou: 1.0436  rpn_s.1.loss_cls: 0.6885  rpn_s.1.loss_bbox: 0.0879  rpn_s.1.loss_giou: 0.5882  rpn_s.2.loss_cls: 0.6295  rpn_s.2.loss_bbox: 0.0663  rpn_s.2.loss_giou: 0.5009  rpn_s.3.loss_cls: 0.6038  rpn_s.3.loss_bbox: 0.0631  rpn_s.3.loss_giou: 0.4835  s0.loss_cls: 0.6850  s0.pos_acc: 57.0513  s0.loss_bbox: 0.6692  s0.loss_iou: 1.7164  s1.loss_cls: 0.7025  s1.pos_acc: 66.6667  s1.loss_bbox: 0.6034  s1.loss_iou: 1.6835
2026/03/30 22:15:52 - mmengine - INFO - Epoch(train)  [1][ 8450/10002]  lr: 5.0000e-06  eta: 1 day, 0:34:01  time: 0.3910  data_time: 0.0029  memory: 7330  grad_norm: 87.2194  loss: 12.1590  rpn_s.0.loss_cls: 0.9177  rpn_s.0.loss_bbox: 0.1575  rpn_s.0.loss_giou: 1.0866  rpn_s.1.loss_cls: 0.6976  rpn_s.1.loss_bbox: 0.0729  rpn_s.1.loss_giou: 0.6000  rpn_s.2.loss_cls: 0.6431  rpn_s.2.loss_bbox: 0.0597  rpn_s.2.loss_giou: 0.5268  rpn_s.3.loss_cls: 0.6115  rpn_s.3.loss_bbox: 0.0592  rpn_s.3.loss_giou: 0.5151  s0.loss_cls: 0.7224  s0.pos_acc: 57.8652  s0.loss_bbox: 0.6719  s0.loss_iou: 1.7518  s1.loss_cls: 0.7552  s1.pos_acc: 58.9888  s1.loss_bbox: 0.6325  s1.loss_iou: 1.6774
2026/03/30 22:16:11 - mmengine - INFO - Epoch(train)  [1][ 8500/10002]  lr: 5.0000e-06  eta: 1 day, 0:33:41  time: 0.3809  data_time: 0.0029  memory: 7329  grad_norm: 89.8087  loss: 11.9195  rpn_s.0.loss_cls: 0.9408  rpn_s.0.loss_bbox: 0.1550  rpn_s.0.loss_giou: 1.0414  rpn_s.1.loss_cls: 0.7272  rpn_s.1.loss_bbox: 0.0769  rpn_s.1.loss_giou: 0.5865  rpn_s.2.loss_cls: 0.6606  rpn_s.2.loss_bbox: 0.0647  rpn_s.2.loss_giou: 0.5060  rpn_s.3.loss_cls: 0.6274  rpn_s.3.loss_bbox: 0.0592  rpn_s.3.loss_giou: 0.4853  s0.loss_cls: 0.7305  s0.pos_acc: 50.0000  s0.loss_bbox: 0.6357  s0.loss_iou: 1.6777  s1.loss_cls: 0.7579  s1.pos_acc: 48.3607  s1.loss_bbox: 0.5867  s1.loss_iou: 1.6000
2026/03/30 22:16:30 - mmengine - INFO - Epoch(train)  [1][ 8550/10002]  lr: 5.0000e-06  eta: 1 day, 0:33:23  time: 0.3831  data_time: 0.0029  memory: 7329  grad_norm: 91.5017  loss: 12.7697  rpn_s.0.loss_cls: 0.9595  rpn_s.0.loss_bbox: 0.1789  rpn_s.0.loss_giou: 1.0928  rpn_s.1.loss_cls: 0.7237  rpn_s.1.loss_bbox: 0.0960  rpn_s.1.loss_giou: 0.6309  rpn_s.2.loss_cls: 0.6564  rpn_s.2.loss_bbox: 0.0812  rpn_s.2.loss_giou: 0.5535  rpn_s.3.loss_cls: 0.6460  rpn_s.3.loss_bbox: 0.0731  rpn_s.3.loss_giou: 0.5253  s0.loss_cls: 0.7373  s0.pos_acc: 100.0000  s0.loss_bbox: 0.6573  s0.loss_iou: 1.9329  s1.loss_cls: 0.7430  s1.pos_acc: 100.0000  s1.loss_bbox: 0.6184  s1.loss_iou: 1.8635
2026/03/30 22:16:49 - mmengine - INFO - Epoch(train)  [1][ 8600/10002]  lr: 5.0000e-06  eta: 1 day, 0:32:59  time: 0.3777  data_time: 0.0029  memory: 7329  grad_norm: 93.8016  loss: 12.3814  rpn_s.0.loss_cls: 0.9372  rpn_s.0.loss_bbox: 0.1789  rpn_s.0.loss_giou: 0.9574  rpn_s.1.loss_cls: 0.7497  rpn_s.1.loss_bbox: 0.0958  rpn_s.1.loss_giou: 0.5695  rpn_s.2.loss_cls: 0.7042  rpn_s.2.loss_bbox: 0.0795  rpn_s.2.loss_giou: 0.5029  rpn_s.3.loss_cls: 0.6871  rpn_s.3.loss_bbox: 0.0774  rpn_s.3.loss_giou: 0.4913  s0.loss_cls: 0.7916  s0.pos_acc: 53.8462  s0.loss_bbox: 0.6983  s0.loss_iou: 1.7547  s1.loss_cls: 0.8014  s1.pos_acc: 57.6923  s1.loss_bbox: 0.6217  s1.loss_iou: 1.6828
2026/03/30 22:17:08 - mmengine - INFO - Epoch(train)  [1][ 8650/10002]  lr: 5.0000e-06  eta: 1 day, 0:32:41  time: 0.3830  data_time: 0.0029  memory: 7329  grad_norm: 89.4186  loss: 11.9498  rpn_s.0.loss_cls: 0.8571  rpn_s.0.loss_bbox: 0.1632  rpn_s.0.loss_giou: 1.0071  rpn_s.1.loss_cls: 0.6621  rpn_s.1.loss_bbox: 0.0852  rpn_s.1.loss_giou: 0.5723  rpn_s.2.loss_cls: 0.5965  rpn_s.2.loss_bbox: 0.0690  rpn_s.2.loss_giou: 0.5029  rpn_s.3.loss_cls: 0.5850  rpn_s.3.loss_bbox: 0.0662  rpn_s.3.loss_giou: 0.4846  s0.loss_cls: 0.6846  s0.pos_acc: 46.8750  s0.loss_bbox: 0.7840  s0.loss_iou: 1.7444  s1.loss_cls: 0.7029  s1.pos_acc: 31.2500  s1.loss_bbox: 0.7095  s1.loss_iou: 1.6733
2026/03/30 22:17:27 - mmengine - INFO - Epoch(train)  [1][ 8700/10002]  lr: 5.0000e-06  eta: 1 day, 0:32:15  time: 0.3766  data_time: 0.0029  memory: 7329  grad_norm: 93.5056  loss: 12.4417  rpn_s.0.loss_cls: 0.9361  rpn_s.0.loss_bbox: 0.1705  rpn_s.0.loss_giou: 1.0121  rpn_s.1.loss_cls: 0.7262  rpn_s.1.loss_bbox: 0.0941  rpn_s.1.loss_giou: 0.5997  rpn_s.2.loss_cls: 0.6531  rpn_s.2.loss_bbox: 0.0837  rpn_s.2.loss_giou: 0.5250  rpn_s.3.loss_cls: 0.6331  rpn_s.3.loss_bbox: 0.0774  rpn_s.3.loss_giou: 0.5010  s0.loss_cls: 0.7382  s0.pos_acc: 19.2308  s0.loss_bbox: 0.7087  s0.loss_iou: 1.8280  s1.loss_cls: 0.7494  s1.pos_acc: 15.3846  s1.loss_bbox: 0.6662  s1.loss_iou: 1.7390
2026/03/30 22:17:47 - mmengine - INFO - Epoch(train)  [1][ 8750/10002]  lr: 5.0000e-06  eta: 1 day, 0:32:18  time: 0.3988  data_time: 0.0030  memory: 7330  grad_norm: 89.1910  loss: 12.4487  rpn_s.0.loss_cls: 0.9249  rpn_s.0.loss_bbox: 0.1632  rpn_s.0.loss_giou: 1.0270  rpn_s.1.loss_cls: 0.7172  rpn_s.1.loss_bbox: 0.0889  rpn_s.1.loss_giou: 0.6228  rpn_s.2.loss_cls: 0.6408  rpn_s.2.loss_bbox: 0.0759  rpn_s.2.loss_giou: 0.5406  rpn_s.3.loss_cls: 0.6253  rpn_s.3.loss_bbox: 0.0744  rpn_s.3.loss_giou: 0.5240  s0.loss_cls: 0.7151  s0.pos_acc: 50.0000  s0.loss_bbox: 0.6775  s0.loss_iou: 1.8938  s1.loss_cls: 0.7274  s1.pos_acc: 61.2903  s1.loss_bbox: 0.6031  s1.loss_iou: 1.8068
2026/03/30 22:18:06 - mmengine - INFO - Epoch(train)  [1][ 8800/10002]  lr: 5.0000e-06  eta: 1 day, 0:31:54  time: 0.3779  data_time: 0.0029  memory: 7329  grad_norm: 100.7431  loss: 11.9086  rpn_s.0.loss_cls: 0.8992  rpn_s.0.loss_bbox: 0.1499  rpn_s.0.loss_giou: 0.9214  rpn_s.1.loss_cls: 0.7038  rpn_s.1.loss_bbox: 0.0870  rpn_s.1.loss_giou: 0.5454  rpn_s.2.loss_cls: 0.6528  rpn_s.2.loss_bbox: 0.0751  rpn_s.2.loss_giou: 0.4835  rpn_s.3.loss_cls: 0.6226  rpn_s.3.loss_bbox: 0.0742  rpn_s.3.loss_giou: 0.4755  s0.loss_cls: 0.7451  s0.pos_acc: 52.5424  s0.loss_bbox: 0.7245  s0.loss_iou: 1.6766  s1.loss_cls: 0.7643  s1.pos_acc: 58.4746  s1.loss_bbox: 0.7038  s1.loss_iou: 1.6037
2026/03/30 22:18:25 - mmengine - INFO - Epoch(train)  [1][ 8850/10002]  lr: 5.0000e-06  eta: 1 day, 0:31:29  time: 0.3773  data_time: 0.0029  memory: 7329  grad_norm: 97.8039  loss: 11.8203  rpn_s.0.loss_cls: 0.9245  rpn_s.0.loss_bbox: 0.1612  rpn_s.0.loss_giou: 0.9247  rpn_s.1.loss_cls: 0.7328  rpn_s.1.loss_bbox: 0.0874  rpn_s.1.loss_giou: 0.5569  rpn_s.2.loss_cls: 0.6769  rpn_s.2.loss_bbox: 0.0739  rpn_s.2.loss_giou: 0.4933  rpn_s.3.loss_cls: 0.6618  rpn_s.3.loss_bbox: 0.0706  rpn_s.3.loss_giou: 0.4747  s0.loss_cls: 0.7774  s0.pos_acc: 64.7059  s0.loss_bbox: 0.5732  s0.loss_iou: 1.7006  s1.loss_cls: 0.7945  s1.pos_acc: 58.8235  s1.loss_bbox: 0.5258  s1.loss_iou: 1.6101
2026/03/30 22:18:43 - mmengine - INFO - Epoch(train)  [1][ 8900/10002]  lr: 5.0000e-06  eta: 1 day, 0:31:03  time: 0.3769  data_time: 0.0030  memory: 7329  grad_norm: 87.8383  loss: 12.1517  rpn_s.0.loss_cls: 0.9137  rpn_s.0.loss_bbox: 0.1622  rpn_s.0.loss_giou: 0.9731  rpn_s.1.loss_cls: 0.7304  rpn_s.1.loss_bbox: 0.0849  rpn_s.1.loss_giou: 0.5746  rpn_s.2.loss_cls: 0.6697  rpn_s.2.loss_bbox: 0.0737  rpn_s.2.loss_giou: 0.5062  rpn_s.3.loss_cls: 0.6416  rpn_s.3.loss_bbox: 0.0691  rpn_s.3.loss_giou: 0.4879  s0.loss_cls: 0.7487  s0.pos_acc: 57.4074  s0.loss_bbox: 0.6939  s0.loss_iou: 1.7424  s1.loss_cls: 0.7683  s1.pos_acc: 53.7037  s1.loss_bbox: 0.6383  s1.loss_iou: 1.6729
2026/03/30 22:19:02 - mmengine - INFO - Epoch(train)  [1][ 8950/10002]  lr: 5.0000e-06  eta: 1 day, 0:30:44  time: 0.3818  data_time: 0.0029  memory: 7329  grad_norm: 98.9459  loss: 12.7746  rpn_s.0.loss_cls: 0.9219  rpn_s.0.loss_bbox: 0.1692  rpn_s.0.loss_giou: 1.0760  rpn_s.1.loss_cls: 0.7397  rpn_s.1.loss_bbox: 0.0856  rpn_s.1.loss_giou: 0.6231  rpn_s.2.loss_cls: 0.6767  rpn_s.2.loss_bbox: 0.0732  rpn_s.2.loss_giou: 0.5490  rpn_s.3.loss_cls: 0.6687  rpn_s.3.loss_bbox: 0.0712  rpn_s.3.loss_giou: 0.5276  s0.loss_cls: 0.7581  s0.pos_acc: 50.0000  s0.loss_bbox: 0.6659  s0.loss_iou: 1.9127  s1.loss_cls: 0.7827  s1.pos_acc: 30.0000  s1.loss_bbox: 0.6409  s1.loss_iou: 1.8323
2026/03/30 22:19:21 - mmengine - INFO - Exp name: GSDet_r50_b900_h2h4_h2r1_r2r1_2x_fair1m1.0_20260330_212154
2026/03/30 22:19:21 - mmengine - INFO - Epoch(train)  [1][ 9000/10002]  lr: 5.0000e-06  eta: 1 day, 0:30:23  time: 0.3804  data_time: 0.0029  memory: 7329  grad_norm: 82.5061  loss: 11.8070  rpn_s.0.loss_cls: 0.8761  rpn_s.0.loss_bbox: 0.1521  rpn_s.0.loss_giou: 0.9622  rpn_s.1.loss_cls: 0.6949  rpn_s.1.loss_bbox: 0.0808  rpn_s.1.loss_giou: 0.5807  rpn_s.2.loss_cls: 0.6227  rpn_s.2.loss_bbox: 0.0710  rpn_s.2.loss_giou: 0.5163  rpn_s.3.loss_cls: 0.6164  rpn_s.3.loss_bbox: 0.0662  rpn_s.3.loss_giou: 0.5020  s0.loss_cls: 0.7196  s0.pos_acc: 42.8571  s0.loss_bbox: 0.6307  s0.loss_iou: 1.7305  s1.loss_cls: 0.7406  s1.pos_acc: 42.8571  s1.loss_bbox: 0.5706  s1.loss_iou: 1.6736
2026/03/30 22:19:40 - mmengine - INFO - Epoch(train)  [1][ 9050/10002]  lr: 5.0000e-06  eta: 1 day, 0:30:00  time: 0.3785  data_time: 0.0030  memory: 7329  grad_norm: 94.4184  loss: 12.0564  rpn_s.0.loss_cls: 0.9134  rpn_s.0.loss_bbox: 0.1861  rpn_s.0.loss_giou: 0.9060  rpn_s.1.loss_cls: 0.7294  rpn_s.1.loss_bbox: 0.1068  rpn_s.1.loss_giou: 0.5545  rpn_s.2.loss_cls: 0.6743  rpn_s.2.loss_bbox: 0.0906  rpn_s.2.loss_giou: 0.4997  rpn_s.3.loss_cls: 0.6642  rpn_s.3.loss_bbox: 0.0866  rpn_s.3.loss_giou: 0.4794  s0.loss_cls: 0.7625  s0.pos_acc: 48.5714  s0.loss_bbox: 0.6591  s0.loss_iou: 1.6963  s1.loss_cls: 0.7869  s1.pos_acc: 50.0000  s1.loss_bbox: 0.6236  s1.loss_iou: 1.6373
2026/03/30 22:20:00 - mmengine - INFO - Epoch(train)  [1][ 9100/10002]  lr: 5.0000e-06  eta: 1 day, 0:29:46  time: 0.3861  data_time: 0.0030  memory: 7329  grad_norm: 77.3021  loss: 12.6234  rpn_s.0.loss_cls: 0.8924  rpn_s.0.loss_bbox: 0.1692  rpn_s.0.loss_giou: 1.1046  rpn_s.1.loss_cls: 0.7224  rpn_s.1.loss_bbox: 0.0808  rpn_s.1.loss_giou: 0.6349  rpn_s.2.loss_cls: 0.6563  rpn_s.2.loss_bbox: 0.0702  rpn_s.2.loss_giou: 0.5508  rpn_s.3.loss_cls: 0.6241  rpn_s.3.loss_bbox: 0.0643  rpn_s.3.loss_giou: 0.5222  s0.loss_cls: 0.7118  s0.pos_acc: 72.3214  s0.loss_bbox: 0.6595  s0.loss_iou: 1.9280  s1.loss_cls: 0.7264  s1.pos_acc: 70.5357  s1.loss_bbox: 0.6402  s1.loss_iou: 1.8653
2026/03/30 22:20:19 - mmengine - INFO - Epoch(train)  [1][ 9150/10002]  lr: 5.0000e-06  eta: 1 day, 0:29:28  time: 0.3828  data_time: 0.0030  memory: 7330  grad_norm: 93.9327  loss: 11.8077  rpn_s.0.loss_cls: 0.8656  rpn_s.0.loss_bbox: 0.1542  rpn_s.0.loss_giou: 0.9885  rpn_s.1.loss_cls: 0.6774  rpn_s.1.loss_bbox: 0.0822  rpn_s.1.loss_giou: 0.5590  rpn_s.2.loss_cls: 0.6220  rpn_s.2.loss_bbox: 0.0716  rpn_s.2.loss_giou: 0.4934  rpn_s.3.loss_cls: 0.6014  rpn_s.3.loss_bbox: 0.0665  rpn_s.3.loss_giou: 0.4737  s0.loss_cls: 0.7289  s0.pos_acc: 0.0000  s0.loss_bbox: 0.6546  s0.loss_iou: 1.7275  s1.loss_cls: 0.7506  s1.pos_acc: 100.0000  s1.loss_bbox: 0.6336  s1.loss_iou: 1.6569
2026/03/30 22:20:38 - mmengine - INFO - Epoch(train)  [1][ 9200/10002]  lr: 5.0000e-06  eta: 1 day, 0:29:03  time: 0.3772  data_time: 0.0029  memory: 7329  grad_norm: 103.9291  loss: 12.8543  rpn_s.0.loss_cls: 0.9604  rpn_s.0.loss_bbox: 0.1689  rpn_s.0.loss_giou: 1.0174  rpn_s.1.loss_cls: 0.7558  rpn_s.1.loss_bbox: 0.0975  rpn_s.1.loss_giou: 0.6073  rpn_s.2.loss_cls: 0.6900  rpn_s.2.loss_bbox: 0.0798  rpn_s.2.loss_giou: 0.5399  rpn_s.3.loss_cls: 0.6805  rpn_s.3.loss_bbox: 0.0743  rpn_s.3.loss_giou: 0.5271  s0.loss_cls: 0.7975  s0.pos_acc: 66.3043  s0.loss_bbox: 0.6721  s0.loss_iou: 1.8844  s1.loss_cls: 0.8134  s1.pos_acc: 60.3261  s1.loss_bbox: 0.6417  s1.loss_iou: 1.8464
2026/03/30 22:20:57 - mmengine - INFO - Epoch(train)  [1][ 9250/10002]  lr: 5.0000e-06  eta: 1 day, 0:28:46  time: 0.3834  data_time: 0.0030  memory: 7330  grad_norm: 104.5891  loss: 11.9200  rpn_s.0.loss_cls: 0.8837  rpn_s.0.loss_bbox: 0.1623  rpn_s.0.loss_giou: 0.9040  rpn_s.1.loss_cls: 0.7025  rpn_s.1.loss_bbox: 0.0920  rpn_s.1.loss_giou: 0.5547  rpn_s.2.loss_cls: 0.6438  rpn_s.2.loss_bbox: 0.0795  rpn_s.2.loss_giou: 0.4955  rpn_s.3.loss_cls: 0.6134  rpn_s.3.loss_bbox: 0.0728  rpn_s.3.loss_giou: 0.4712  s0.loss_cls: 0.7515  s0.pos_acc: 70.0000  s0.loss_bbox: 0.7130  s0.loss_iou: 1.7216  s1.loss_cls: 0.7807  s1.pos_acc: 60.0000  s1.loss_bbox: 0.6686  s1.loss_iou: 1.6091
2026/03/30 22:21:16 - mmengine - INFO - Epoch(train)  [1][ 9300/10002]  lr: 5.0000e-06  eta: 1 day, 0:28:27  time: 0.3815  data_time: 0.0029  memory: 7329  grad_norm: 92.4679  loss: 11.7765  rpn_s.0.loss_cls: 0.9058  rpn_s.0.loss_bbox: 0.1504  rpn_s.0.loss_giou: 0.9051  rpn_s.1.loss_cls: 0.7431  rpn_s.1.loss_bbox: 0.0788  rpn_s.1.loss_giou: 0.5396  rpn_s.2.loss_cls: 0.6893  rpn_s.2.loss_bbox: 0.0665  rpn_s.2.loss_giou: 0.4770  rpn_s.3.loss_cls: 0.6527  rpn_s.3.loss_bbox: 0.0632  rpn_s.3.loss_giou: 0.4573  s0.loss_cls: 0.7564  s0.pos_acc: 66.4384  s0.loss_bbox: 0.7303  s0.loss_iou: 1.6071  s1.loss_cls: 0.7800  s1.pos_acc: 63.0137  s1.loss_bbox: 0.6326  s1.loss_iou: 1.5413
2026/03/30 22:21:35 - mmengine - INFO - Epoch(train)  [1][ 9350/10002]  lr: 5.0000e-06  eta: 1 day, 0:28:07  time: 0.3815  data_time: 0.0029  memory: 7329  grad_norm: 100.7248  loss: 12.3303  rpn_s.0.loss_cls: 0.9342  rpn_s.0.loss_bbox: 0.1771  rpn_s.0.loss_giou: 0.9732  rpn_s.1.loss_cls: 0.7532  rpn_s.1.loss_bbox: 0.0978  rpn_s.1.loss_giou: 0.5729  rpn_s.2.loss_cls: 0.6811  rpn_s.2.loss_bbox: 0.0846  rpn_s.2.loss_giou: 0.5088  rpn_s.3.loss_cls: 0.6855  rpn_s.3.loss_bbox: 0.0805  rpn_s.3.loss_giou: 0.4906  s0.loss_cls: 0.7622  s0.pos_acc: 50.0000  s0.loss_bbox: 0.6379  s0.loss_iou: 1.7844  s1.loss_cls: 0.7844  s1.pos_acc: 60.0000  s1.loss_bbox: 0.6230  s1.loss_iou: 1.6987
2026/03/30 22:21:54 - mmengine - INFO - Epoch(train)  [1][ 9400/10002]  lr: 5.0000e-06  eta: 1 day, 0:27:50  time: 0.3831  data_time: 0.0029  memory: 7329  grad_norm: 83.8954  loss: 11.7140  rpn_s.0.loss_cls: 0.8743  rpn_s.0.loss_bbox: 0.1601  rpn_s.0.loss_giou: 1.0745  rpn_s.1.loss_cls: 0.6669  rpn_s.1.loss_bbox: 0.0707  rpn_s.1.loss_giou: 0.5794  rpn_s.2.loss_cls: 0.6030  rpn_s.2.loss_bbox: 0.0597  rpn_s.2.loss_giou: 0.5042  rpn_s.3.loss_cls: 0.5836  rpn_s.3.loss_bbox: 0.0564  rpn_s.3.loss_giou: 0.4814  s0.loss_cls: 0.6811  s0.pos_acc: 65.1899  s0.loss_bbox: 0.6329  s0.loss_iou: 1.7281  s1.loss_cls: 0.6889  s1.pos_acc: 71.5190  s1.loss_bbox: 0.6079  s1.loss_iou: 1.6608
2026/03/30 22:22:13 - mmengine - INFO - Epoch(train)  [1][ 9450/10002]  lr: 5.0000e-06  eta: 1 day, 0:27:30  time: 0.3813  data_time: 0.0029  memory: 7329  grad_norm: 94.6239  loss: 12.2333  rpn_s.0.loss_cls: 0.9459  rpn_s.0.loss_bbox: 0.1683  rpn_s.0.loss_giou: 0.9587  rpn_s.1.loss_cls: 0.7460  rpn_s.1.loss_bbox: 0.0916  rpn_s.1.loss_giou: 0.5712  rpn_s.2.loss_cls: 0.6838  rpn_s.2.loss_bbox: 0.0804  rpn_s.2.loss_giou: 0.5116  rpn_s.3.loss_cls: 0.6672  rpn_s.3.loss_bbox: 0.0760  rpn_s.3.loss_giou: 0.4874  s0.loss_cls: 0.7730  s0.pos_acc: 73.8095  s0.loss_bbox: 0.6392  s0.loss_iou: 1.7503  s1.loss_cls: 0.7962  s1.pos_acc: 70.2381  s1.loss_bbox: 0.6078  s1.loss_iou: 1.6788
2026/03/30 22:22:32 - mmengine - INFO - Epoch(train)  [1][ 9500/10002]  lr: 5.0000e-06  eta: 1 day, 0:27:09  time: 0.3802  data_time: 0.0029  memory: 7329  grad_norm: 88.4233  loss: 11.4638  rpn_s.0.loss_cls: 0.8785  rpn_s.0.loss_bbox: 0.1490  rpn_s.0.loss_giou: 0.8903  rpn_s.1.loss_cls: 0.6862  rpn_s.1.loss_bbox: 0.0765  rpn_s.1.loss_giou: 0.5172  rpn_s.2.loss_cls: 0.6522  rpn_s.2.loss_bbox: 0.0661  rpn_s.2.loss_giou: 0.4601  rpn_s.3.loss_cls: 0.6195  rpn_s.3.loss_bbox: 0.0636  rpn_s.3.loss_giou: 0.4456  s0.loss_cls: 0.7324  s0.pos_acc: 80.0000  s0.loss_bbox: 0.6728  s0.loss_iou: 1.6213  s1.loss_cls: 0.7521  s1.pos_acc: 40.0000  s1.loss_bbox: 0.6330  s1.loss_iou: 1.5476
2026/03/30 22:22:51 - mmengine - INFO - Epoch(train)  [1][ 9550/10002]  lr: 5.0000e-06  eta: 1 day, 0:26:44  time: 0.3774  data_time: 0.0030  memory: 7329  grad_norm: 94.2981  loss: 11.9346  rpn_s.0.loss_cls: 0.9511  rpn_s.0.loss_bbox: 0.1551  rpn_s.0.loss_giou: 0.9242  rpn_s.1.loss_cls: 0.7421  rpn_s.1.loss_bbox: 0.0808  rpn_s.1.loss_giou: 0.5599  rpn_s.2.loss_cls: 0.6776  rpn_s.2.loss_bbox: 0.0677  rpn_s.2.loss_giou: 0.4904  rpn_s.3.loss_cls: 0.6509  rpn_s.3.loss_bbox: 0.0645  rpn_s.3.loss_giou: 0.4700  s0.loss_cls: 0.7624  s0.pos_acc: 93.7500  s0.loss_bbox: 0.6496  s0.loss_iou: 1.6685  s1.loss_cls: 0.7890  s1.pos_acc: 93.7500  s1.loss_bbox: 0.6098  s1.loss_iou: 1.6210
2026/03/30 22:23:10 - mmengine - INFO - Epoch(train)  [1][ 9600/10002]  lr: 5.0000e-06  eta: 1 day, 0:26:23  time: 0.3799  data_time: 0.0030  memory: 7329  grad_norm: 87.8125  loss: 11.9749  rpn_s.0.loss_cls: 0.8820  rpn_s.0.loss_bbox: 0.1571  rpn_s.0.loss_giou: 1.0107  rpn_s.1.loss_cls: 0.6938  rpn_s.1.loss_bbox: 0.0783  rpn_s.1.loss_giou: 0.5783  rpn_s.2.loss_cls: 0.6465  rpn_s.2.loss_bbox: 0.0676  rpn_s.2.loss_giou: 0.5078  rpn_s.3.loss_cls: 0.6229  rpn_s.3.loss_bbox: 0.0642  rpn_s.3.loss_giou: 0.4843  s0.loss_cls: 0.7289  s0.pos_acc: 57.1429  s0.loss_bbox: 0.6763  s0.loss_iou: 1.7481  s1.loss_cls: 0.7463  s1.pos_acc: 78.5714  s1.loss_bbox: 0.6107  s1.loss_iou: 1.6710
2026/03/30 22:23:29 - mmengine - INFO - Epoch(train)  [1][ 9650/10002]  lr: 5.0000e-06  eta: 1 day, 0:26:07  time: 0.3847  data_time: 0.0030  memory: 7329  grad_norm: 102.9550  loss: 11.9395  rpn_s.0.loss_cls: 0.9282  rpn_s.0.loss_bbox: 0.1535  rpn_s.0.loss_giou: 0.9183  rpn_s.1.loss_cls: 0.7515  rpn_s.1.loss_bbox: 0.0823  rpn_s.1.loss_giou: 0.5422  rpn_s.2.loss_cls: 0.6640  rpn_s.2.loss_bbox: 0.0711  rpn_s.2.loss_giou: 0.4773  rpn_s.3.loss_cls: 0.6415  rpn_s.3.loss_bbox: 0.0656  rpn_s.3.loss_giou: 0.4561  s0.loss_cls: 0.7715  s0.pos_acc: 79.7101  s0.loss_bbox: 0.7273  s0.loss_iou: 1.6451  s1.loss_cls: 0.7985  s1.pos_acc: 80.4348  s1.loss_bbox: 0.6535  s1.loss_iou: 1.5921
2026/03/30 22:23:49 - mmengine - INFO - Epoch(train)  [1][ 9700/10002]  lr: 5.0000e-06  eta: 1 day, 0:25:51  time: 0.3840  data_time: 0.0030  memory: 7329  grad_norm: 87.3928  loss: 11.7720  rpn_s.0.loss_cls: 0.9011  rpn_s.0.loss_bbox: 0.1556  rpn_s.0.loss_giou: 0.9163  rpn_s.1.loss_cls: 0.7110  rpn_s.1.loss_bbox: 0.0820  rpn_s.1.loss_giou: 0.5440  rpn_s.2.loss_cls: 0.6516  rpn_s.2.loss_bbox: 0.0735  rpn_s.2.loss_giou: 0.4872  rpn_s.3.loss_cls: 0.6477  rpn_s.3.loss_bbox: 0.0705  rpn_s.3.loss_giou: 0.4688  s0.loss_cls: 0.7755  s0.pos_acc: 25.0000  s0.loss_bbox: 0.6130  s0.loss_iou: 1.6808  s1.loss_cls: 0.7906  s1.pos_acc: 32.1429  s1.loss_bbox: 0.5726  s1.loss_iou: 1.6302
2026/03/30 22:24:08 - mmengine - INFO - Epoch(train)  [1][ 9750/10002]  lr: 5.0000e-06  eta: 1 day, 0:25:33  time: 0.3824  data_time: 0.0030  memory: 7329  grad_norm: 97.2956  loss: 12.0681  rpn_s.0.loss_cls: 0.9195  rpn_s.0.loss_bbox: 0.1656  rpn_s.0.loss_giou: 0.9878  rpn_s.1.loss_cls: 0.7135  rpn_s.1.loss_bbox: 0.0947  rpn_s.1.loss_giou: 0.6028  rpn_s.2.loss_cls: 0.6817  rpn_s.2.loss_bbox: 0.0808  rpn_s.2.loss_giou: 0.5385  rpn_s.3.loss_cls: 0.6627  rpn_s.3.loss_bbox: 0.0744  rpn_s.3.loss_giou: 0.5186  s0.loss_cls: 0.7426  s0.pos_acc: 21.4286  s0.loss_bbox: 0.5809  s0.loss_iou: 1.7211  s1.loss_cls: 0.7632  s1.pos_acc: 28.5714  s1.loss_bbox: 0.5663  s1.loss_iou: 1.6536
2026/03/30 22:24:27 - mmengine - INFO - Epoch(train)  [1][ 9800/10002]  lr: 5.0000e-06  eta: 1 day, 0:25:12  time: 0.3808  data_time: 0.0029  memory: 7329  grad_norm: 84.5259  loss: 11.9892  rpn_s.0.loss_cls: 0.8955  rpn_s.0.loss_bbox: 0.1522  rpn_s.0.loss_giou: 0.9331  rpn_s.1.loss_cls: 0.7084  rpn_s.1.loss_bbox: 0.0801  rpn_s.1.loss_giou: 0.5645  rpn_s.2.loss_cls: 0.6624  rpn_s.2.loss_bbox: 0.0700  rpn_s.2.loss_giou: 0.4950  rpn_s.3.loss_cls: 0.6300  rpn_s.3.loss_bbox: 0.0660  rpn_s.3.loss_giou: 0.4797  s0.loss_cls: 0.7472  s0.pos_acc: 77.5000  s0.loss_bbox: 0.6563  s0.loss_iou: 1.7488  s1.loss_cls: 0.7738  s1.pos_acc: 67.5000  s1.loss_bbox: 0.6202  s1.loss_iou: 1.7060
2026/03/30 22:24:46 - mmengine - INFO - Epoch(train)  [1][ 9850/10002]  lr: 5.0000e-06  eta: 1 day, 0:24:58  time: 0.3855  data_time: 0.0030  memory: 7330  grad_norm: 88.0192  loss: 11.8767  rpn_s.0.loss_cls: 0.8389  rpn_s.0.loss_bbox: 0.1610  rpn_s.0.loss_giou: 1.0186  rpn_s.1.loss_cls: 0.6743  rpn_s.1.loss_bbox: 0.0811  rpn_s.1.loss_giou: 0.5967  rpn_s.2.loss_cls: 0.6142  rpn_s.2.loss_bbox: 0.0685  rpn_s.2.loss_giou: 0.5235  rpn_s.3.loss_cls: 0.5917  rpn_s.3.loss_bbox: 0.0642  rpn_s.3.loss_giou: 0.5051  s0.loss_cls: 0.7008  s0.pos_acc: 62.5000  s0.loss_bbox: 0.6728  s0.loss_iou: 1.7529  s1.loss_cls: 0.7120  s1.pos_acc: 50.0000  s1.loss_bbox: 0.6152  s1.loss_iou: 1.6853
2026/03/30 22:25:05 - mmengine - INFO - Epoch(train)  [1][ 9900/10002]  lr: 5.0000e-06  eta: 1 day, 0:24:37  time: 0.3808  data_time: 0.0030  memory: 7329  grad_norm: 97.5970  loss: 11.0933  rpn_s.0.loss_cls: 0.8457  rpn_s.0.loss_bbox: 0.1365  rpn_s.0.loss_giou: 0.8689  rpn_s.1.loss_cls: 0.6630  rpn_s.1.loss_bbox: 0.0727  rpn_s.1.loss_giou: 0.5258  rpn_s.2.loss_cls: 0.6276  rpn_s.2.loss_bbox: 0.0615  rpn_s.2.loss_giou: 0.4576  rpn_s.3.loss_cls: 0.5991  rpn_s.3.loss_bbox: 0.0564  rpn_s.3.loss_giou: 0.4308  s0.loss_cls: 0.7443  s0.pos_acc: 75.0000  s0.loss_bbox: 0.6530  s0.loss_iou: 1.4958  s1.loss_cls: 0.7525  s1.pos_acc: 87.5000  s1.loss_bbox: 0.6352  s1.loss_iou: 1.4669
2026/03/30 22:25:24 - mmengine - INFO - Epoch(train)  [1][ 9950/10002]  lr: 5.0000e-06  eta: 1 day, 0:24:18  time: 0.3817  data_time: 0.0030  memory: 7329  grad_norm: 84.0286  loss: 11.7878  rpn_s.0.loss_cls: 0.8729  rpn_s.0.loss_bbox: 0.1639  rpn_s.0.loss_giou: 1.0048  rpn_s.1.loss_cls: 0.6660  rpn_s.1.loss_bbox: 0.0802  rpn_s.1.loss_giou: 0.5569  rpn_s.2.loss_cls: 0.6085  rpn_s.2.loss_bbox: 0.0719  rpn_s.2.loss_giou: 0.4958  rpn_s.3.loss_cls: 0.5895  rpn_s.3.loss_bbox: 0.0652  rpn_s.3.loss_giou: 0.4787  s0.loss_cls: 0.6999  s0.pos_acc: 57.4074  s0.loss_bbox: 0.7296  s0.loss_iou: 1.6893  s1.loss_cls: 0.7321  s1.pos_acc: 72.2222  s1.loss_bbox: 0.6628  s1.loss_iou: 1.6198
2026/03/30 22:25:43 - mmengine - INFO - Exp name: GSDet_r50_b900_h2h4_h2r1_r2r1_2x_fair1m1.0_20260330_212154
2026/03/30 22:25:43 - mmengine - INFO - Epoch(train)  [1][10000/10002]  lr: 5.0000e-06  eta: 1 day, 0:24:03  time: 0.3855  data_time: 0.0030  memory: 7330  grad_norm: 81.6349  loss: 11.6899  rpn_s.0.loss_cls: 0.8468  rpn_s.0.loss_bbox: 0.1605  rpn_s.0.loss_giou: 0.9906  rpn_s.1.loss_cls: 0.6770  rpn_s.1.loss_bbox: 0.0837  rpn_s.1.loss_giou: 0.5627  rpn_s.2.loss_cls: 0.6132  rpn_s.2.loss_bbox: 0.0765  rpn_s.2.loss_giou: 0.4970  rpn_s.3.loss_cls: 0.5849  rpn_s.3.loss_bbox: 0.0708  rpn_s.3.loss_giou: 0.4814  s0.loss_cls: 0.6949  s0.pos_acc: 46.4602  s0.loss_bbox: 0.6873  s0.loss_iou: 1.6949  s1.loss_cls: 0.7055  s1.pos_acc: 46.9027  s1.loss_bbox: 0.6522  s1.loss_iou: 1.6101
2026/03/30 22:25:45 - mmengine - INFO - Exp name: GSDet_r50_b900_h2h4_h2r1_r2r1_2x_fair1m1.0_20260330_212154
2026/03/30 22:25:45 - mmengine - INFO - Saving checkpoint at 1 epochs
2026/03/30 22:26:06 - mmengine - INFO - Epoch(train)  [2][   50/10002]  lr: 5.0000e-06  eta: 1 day, 0:23:54  time: 0.3803  data_time: 0.0045  memory: 7329  grad_norm: 97.9193  loss: 11.2978  rpn_s.0.loss_cls: 0.9142  rpn_s.0.loss_bbox: 0.1683  rpn_s.0.loss_giou: 0.9020  rpn_s.1.loss_cls: 0.7055  rpn_s.1.loss_bbox: 0.0908  rpn_s.1.loss_giou: 0.5357  rpn_s.2.loss_cls: 0.6328  rpn_s.2.loss_bbox: 0.0811  rpn_s.2.loss_giou: 0.4740  rpn_s.3.loss_cls: 0.6010  rpn_s.3.loss_bbox: 0.0749  rpn_s.3.loss_giou: 0.4520  s0.loss_cls: 0.7119  s0.pos_acc: 55.0000  s0.loss_bbox: 0.6014  s0.loss_iou: 1.5722  s1.loss_cls: 0.7391  s1.pos_acc: 20.0000  s1.loss_bbox: 0.5284  s1.loss_iou: 1.5126
2026/03/30 22:26:25 - mmengine - INFO - Epoch(train)  [2][  100/10002]  lr: 5.0000e-06  eta: 1 day, 0:23:31  time: 0.3787  data_time: 0.0031  memory: 7329  grad_norm: 90.4115  loss: 11.1831  rpn_s.0.loss_cls: 0.8772  rpn_s.0.loss_bbox: 0.1416  rpn_s.0.loss_giou: 0.9275  rpn_s.1.loss_cls: 0.6749  rpn_s.1.loss_bbox: 0.0773  rpn_s.1.loss_giou: 0.5305  rpn_s.2.loss_cls: 0.6038  rpn_s.2.loss_bbox: 0.0671  rpn_s.2.loss_giou: 0.4615  rpn_s.3.loss_cls: 0.5977  rpn_s.3.loss_bbox: 0.0639  rpn_s.3.loss_giou: 0.4433  s0.loss_cls: 0.7153  s0.pos_acc: 65.4545  s0.loss_bbox: 0.5913  s0.loss_iou: 1.5957  s1.loss_cls: 0.7424  s1.pos_acc: 57.2727  s1.loss_bbox: 0.5442  s1.loss_iou: 1.5279
2026/03/30 22:26:44 - mmengine - INFO - Epoch(train)  [2][  150/10002]  lr: 5.0000e-06  eta: 1 day, 0:23:10  time: 0.3807  data_time: 0.0031  memory: 7329  grad_norm: 95.3870  loss: 12.5361  rpn_s.0.loss_cls: 0.9920  rpn_s.0.loss_bbox: 0.1756  rpn_s.0.loss_giou: 1.0144  rpn_s.1.loss_cls: 0.7941  rpn_s.1.loss_bbox: 0.0882  rpn_s.1.loss_giou: 0.5881  rpn_s.2.loss_cls: 0.7348  rpn_s.2.loss_bbox: 0.0776  rpn_s.2.loss_giou: 0.5209  rpn_s.3.loss_cls: 0.7002  rpn_s.3.loss_bbox: 0.0723  rpn_s.3.loss_giou: 0.5000  s0.loss_cls: 0.8176  s0.pos_acc: 46.8254  s0.loss_bbox: 0.6240  s0.loss_iou: 1.7376  s1.loss_cls: 0.8352  s1.pos_acc: 49.2063  s1.loss_bbox: 0.5972  s1.loss_iou: 1.6666
2026/03/30 22:27:03 - mmengine - INFO - Epoch(train)  [2][  200/10002]  lr: 5.0000e-06  eta: 1 day, 0:22:45  time: 0.3765  data_time: 0.0031  memory: 7329  grad_norm: 99.8247  loss: 11.7540  rpn_s.0.loss_cls: 0.9178  rpn_s.0.loss_bbox: 0.1569  rpn_s.0.loss_giou: 0.9849  rpn_s.1.loss_cls: 0.7021  rpn_s.1.loss_bbox: 0.0784  rpn_s.1.loss_giou: 0.5594  rpn_s.2.loss_cls: 0.6442  rpn_s.2.loss_bbox: 0.0705  rpn_s.2.loss_giou: 0.4949  rpn_s.3.loss_cls: 0.6197  rpn_s.3.loss_bbox: 0.0641  rpn_s.3.loss_giou: 0.4706  s0.loss_cls: 0.7215  s0.pos_acc: 33.3333  s0.loss_bbox: 0.6673  s0.loss_iou: 1.6446  s1.loss_cls: 0.7308  s1.pos_acc: 33.3333  s1.loss_bbox: 0.6486  s1.loss_iou: 1.5777
2026/03/30 22:27:22 - mmengine - INFO - Epoch(train)  [2][  250/10002]  lr: 5.0000e-06  eta: 1 day, 0:22:35  time: 0.3896  data_time: 0.0031  memory: 7330  grad_norm: 93.8788  loss: 12.6297  rpn_s.0.loss_cls: 0.9442  rpn_s.0.loss_bbox: 0.1656  rpn_s.0.loss_giou: 1.0580  rpn_s.1.loss_cls: 0.7120  rpn_s.1.loss_bbox: 0.0861  rpn_s.1.loss_giou: 0.6340  rpn_s.2.loss_cls: 0.6495  rpn_s.2.loss_bbox: 0.0776  rpn_s.2.loss_giou: 0.5707  rpn_s.3.loss_cls: 0.6363  rpn_s.3.loss_bbox: 0.0705  rpn_s.3.loss_giou: 0.5444  s0.loss_cls: 0.7345  s0.pos_acc: 33.3333  s0.loss_bbox: 0.6750  s0.loss_iou: 1.8845  s1.loss_cls: 0.7539  s1.pos_acc: 16.6667  s1.loss_bbox: 0.6121  s1.loss_iou: 1.8207
